dataset,seed,variant,epoch,modality,context_output_weight_frobenius,context_output_bias_l2,gate_weight_frobenius,gate_bias_l2
Grocery,42,prior_delta_gate,0,text,0.0,0.0,0.0,0.0
Grocery,42,prior_delta_gate,0,visual,0.0,0.0,0.0,0.0
Grocery,42,prior_delta_gate,1,text,0.25575968623161316,0.01599874347448349,0.0,0.0
Grocery,42,prior_delta_gate,1,visual,0.25573813915252686,0.015995966270565987,0.0,0.0
Grocery,42,prior_delta_gate,2,text,0.3805699646472931,0.023558175191283226,0.2626986801624298,0.011847487650811672
Grocery,42,prior_delta_gate,2,visual,0.3886650502681732,0.022878145799040794,0.26213765144348145,0.011867443099617958
Grocery,42,prior_delta_gate,3,text,0.46646082401275635,0.027764029800891876,0.41374629735946655,0.017955554649233818
Grocery,42,prior_delta_gate,3,visual,0.48352551460266113,0.026986896991729736,0.41426533460617065,0.01737683266401291
Grocery,42,prior_delta_gate,4,text,0.5420935750007629,0.02996077574789524,0.5499314069747925,0.02310355380177498
Grocery,42,prior_delta_gate,4,visual,0.5752665996551514,0.02919924259185791,0.5354186296463013,0.020229456946253777
Grocery,42,prior_delta_gate,5,text,0.6100313663482666,0.032158199697732925,0.6545231938362122,0.027410438284277916
Grocery,42,prior_delta_gate,5,visual,0.6659641861915588,0.03066898137331009,0.6580179333686829,0.023931384086608887
Grocery,42,prior_delta_gate,6,text,0.6844867467880249,0.0351422056555748,0.752008855342865,0.030631791800260544
Grocery,42,prior_delta_gate,6,visual,0.7675036787986755,0.03283979371190071,0.7660113573074341,0.02879694476723671
Grocery,42,prior_delta_gate,7,text,0.7593351602554321,0.038794077932834625,0.8434067964553833,0.0340903103351593
Grocery,42,prior_delta_gate,7,visual,0.8700773119926453,0.03582460433244705,0.8857908844947815,0.03566059097647667
Grocery,42,prior_delta_gate,8,text,0.8149126768112183,0.04167531803250313,0.9055250287055969,0.03737207502126694
Grocery,42,prior_delta_gate,8,visual,0.972172737121582,0.03842707350850105,1.0209063291549683,0.044404804706573486
Grocery,42,prior_delta_gate,9,text,0.859322190284729,0.043874625116586685,0.9552245140075684,0.040764860808849335
Grocery,42,prior_delta_gate,9,visual,1.0722894668579102,0.04056420177221298,1.1717506647109985,0.054303865879774094
Grocery,42,prior_delta_gate,10,text,0.896450936794281,0.04576913267374039,1.000758171081543,0.04382675886154175
Grocery,42,prior_delta_gate,10,visual,1.1744838953018188,0.04232928156852722,1.337501883506775,0.0653301253914833
Grocery,42,prior_delta_gate,11,text,0.9337547421455383,0.04739892855286598,1.0549288988113403,0.04689102992415428
Grocery,42,prior_delta_gate,11,visual,1.2772637605667114,0.044270142912864685,1.5175228118896484,0.07704304158687592
Grocery,42,prior_delta_gate,12,text,0.9721141457557678,0.049114763736724854,1.1144664287567139,0.04959384724497795
Grocery,42,prior_delta_gate,12,visual,1.3843342065811157,0.04629223793745041,1.7112832069396973,0.08953012526035309
Grocery,42,prior_delta_gate,13,text,1.009653925895691,0.051140040159225464,1.175290584564209,0.05192749947309494
Grocery,42,prior_delta_gate,13,visual,1.4925209283828735,0.04842832311987877,1.9163703918457031,0.1024654433131218
Grocery,42,prior_delta_gate,14,text,1.0482043027877808,0.05338188633322716,1.2351051568984985,0.05381479486823082
Grocery,42,prior_delta_gate,14,visual,1.6032943725585938,0.050785645842552185,2.13090181350708,0.11591264605522156
Grocery,42,prior_delta_gate,15,text,1.0869330167770386,0.055319175124168396,1.2958004474639893,0.05577594041824341
Grocery,42,prior_delta_gate,15,visual,1.7090234756469727,0.05304255709052086,2.341815233230591,0.12863454222679138
Grocery,42,prior_delta_gate,16,text,1.127341389656067,0.057055603712797165,1.3559536933898926,0.05759519711136818
Grocery,42,prior_delta_gate,16,visual,1.8091349601745605,0.0548841655254364,2.5439114570617676,0.1403782218694687
Grocery,42,prior_delta_gate,17,text,1.1680686473846436,0.0586993545293808,1.4150696992874146,0.0593084953725338
Grocery,42,prior_delta_gate,17,visual,1.9022072553634644,0.05635206773877144,2.7343857288360596,0.1509036123752594
Grocery,42,prior_delta_gate,18,text,1.2088993787765503,0.060331977903842926,1.4715694189071655,0.0607382133603096
Grocery,42,prior_delta_gate,18,visual,1.9878883361816406,0.057438142597675323,2.9106945991516113,0.1600281149148941
Grocery,42,prior_delta_gate,19,text,1.2492319345474243,0.06171313673257828,1.5272997617721558,0.0621534064412117
Grocery,42,prior_delta_gate,19,visual,2.0674376487731934,0.05842040106654167,3.0766117572784424,0.16803458333015442
Grocery,42,prior_delta_gate,20,text,1.2860169410705566,0.06283611059188843,1.5816230773925781,0.06379634886980057
Grocery,42,prior_delta_gate,20,visual,2.14121150970459,0.05936864763498306,3.234537124633789,0.17508678138256073
Grocery,42,prior_delta_gate,21,text,1.3205945491790771,0.06394800543785095,1.6341420412063599,0.06555555015802383
Grocery,42,prior_delta_gate,21,visual,2.209895133972168,0.06026940047740936,3.3856332302093506,0.18126147985458374
Grocery,42,prior_delta_gate,22,text,1.35453200340271,0.06504557281732559,1.6839672327041626,0.06697724014520645
Grocery,42,prior_delta_gate,22,visual,2.2733097076416016,0.06102814897894859,3.527135133743286,0.18647874891757965
Grocery,42,prior_delta_gate,23,text,1.3875548839569092,0.06601733714342117,1.7303979396820068,0.06796158105134964
Grocery,42,prior_delta_gate,23,visual,2.331733226776123,0.06153913214802742,3.6597511768341064,0.19077005982398987
Grocery,42,prior_delta_gate,24,text,1.4196076393127441,0.06696270406246185,1.775665521621704,0.0689573884010315
Grocery,42,prior_delta_gate,24,visual,2.385988473892212,0.062004316598176956,3.7854013442993164,0.19459617137908936
Grocery,42,prior_delta_gate,25,text,1.4499719142913818,0.0679313987493515,1.8188745975494385,0.06995125859975815
Grocery,42,prior_delta_gate,25,visual,2.437708616256714,0.06262606382369995,3.909395217895508,0.19806401431560516
Grocery,42,prior_delta_gate,26,text,1.4794806241989136,0.0687650814652443,1.860865831375122,0.0707409605383873
Grocery,42,prior_delta_gate,26,visual,2.485949993133545,0.06315330415964127,4.028177738189697,0.20103034377098083
Grocery,42,prior_delta_gate,27,text,1.5091454982757568,0.06950140744447708,1.902694582939148,0.07136283069849014
Grocery,42,prior_delta_gate,27,visual,2.5313096046447754,0.06357122212648392,4.142217636108398,0.20361630618572235
Grocery,42,prior_delta_gate,28,text,1.538674235343933,0.07024466246366501,1.9451347589492798,0.0720415785908699
Grocery,42,prior_delta_gate,28,visual,2.5742311477661133,0.06400921195745468,4.251750469207764,0.2060553878545761
Grocery,42,prior_delta_gate,29,text,1.5673691034317017,0.07096877694129944,1.986973524093628,0.07261364161968231
Grocery,42,prior_delta_gate,29,visual,2.6147096157073975,0.06447520852088928,4.356710910797119,0.20830033719539642
Grocery,42,prior_delta_gate,30,text,1.5964716672897339,0.07157699018716812,2.0301709175109863,0.07311686128377914
Grocery,42,prior_delta_gate,30,visual,2.6527700424194336,0.06491050124168396,4.457346439361572,0.21019916236400604
Grocery,42,prior_delta_gate,31,text,1.6247843503952026,0.07210411876440048,2.0731148719787598,0.07351488620042801
Grocery,42,prior_delta_gate,31,visual,2.689427614212036,0.06537670642137527,4.556300640106201,0.21207940578460693
Grocery,42,prior_delta_gate,32,text,1.6529102325439453,0.07269056141376495,2.116809368133545,0.07403909415006638
Grocery,42,prior_delta_gate,32,visual,2.723637819290161,0.06573686003684998,4.6509552001953125,0.21382412314414978
Grocery,42,prior_delta_gate,33,text,1.6811679601669312,0.07336178421974182,2.163369655609131,0.07471666485071182
Grocery,42,prior_delta_gate,33,visual,2.7560954093933105,0.0660165399312973,4.742941379547119,0.21524158120155334
Grocery,42,prior_delta_gate,34,text,1.7079334259033203,0.0738774836063385,2.2095792293548584,0.07526762038469315
Grocery,42,prior_delta_gate,34,visual,2.7877583503723145,0.0663437694311142,4.833314895629883,0.2167307734489441
Grocery,42,prior_delta_gate,35,text,1.7351481914520264,0.07428555190563202,2.2579758167266846,0.07583434134721756
Grocery,42,prior_delta_gate,35,visual,2.818197727203369,0.0666951835155487,4.921485424041748,0.21809300780296326
Grocery,42,prior_delta_gate,36,text,1.762750506401062,0.07479045540094376,2.307720184326172,0.07637197524309158
Grocery,42,prior_delta_gate,36,visual,2.846458673477173,0.0669688880443573,5.005894660949707,0.21908965706825256
Grocery,42,prior_delta_gate,37,text,1.7909318208694458,0.07534724473953247,2.359590768814087,0.07711490988731384
Grocery,42,prior_delta_gate,37,visual,2.871943235397339,0.06713972240686417,5.085806846618652,0.21969598531723022
Grocery,42,prior_delta_gate,38,text,1.8179938793182373,0.0758029893040657,2.412787437438965,0.07792362570762634
Grocery,42,prior_delta_gate,38,visual,2.89662504196167,0.06734147667884827,5.163712501525879,0.22030004858970642
Grocery,42,prior_delta_gate,39,text,1.845047116279602,0.076222725212574,2.468618631362915,0.07885326445102692
Grocery,42,prior_delta_gate,39,visual,2.9207346439361572,0.06759440898895264,5.240396499633789,0.22087089717388153
Grocery,42,prior_delta_gate,40,text,1.8728686571121216,0.07672629505395889,2.5274505615234375,0.07988541573286057
Grocery,42,prior_delta_gate,40,visual,2.942979335784912,0.0678081214427948,5.313429832458496,0.22104673087596893
Grocery,42,prior_delta_gate,41,text,1.90060293674469,0.07730531692504883,2.586942434310913,0.08094077557325363
Grocery,42,prior_delta_gate,41,visual,2.964402675628662,0.06791514903306961,5.385246753692627,0.2212195247411728
Grocery,42,prior_delta_gate,42,text,1.9263501167297363,0.07776245474815369,2.645498514175415,0.0818796306848526
Grocery,42,prior_delta_gate,42,visual,2.9859604835510254,0.0680588111281395,5.456843376159668,0.22164440155029297
Grocery,42,prior_delta_gate,43,text,1.9517167806625366,0.07807720452547073,2.704037666320801,0.08299538493156433
Grocery,42,prior_delta_gate,43,visual,3.0063514709472656,0.0681658610701561,5.524940490722656,0.2220497727394104
Grocery,42,prior_delta_gate,44,text,1.9775372743606567,0.07838641107082367,2.7643866539001465,0.08426565676927567
Grocery,42,prior_delta_gate,44,visual,3.0256874561309814,0.06833668053150177,5.5911455154418945,0.2221478819847107
Grocery,42,prior_delta_gate,45,text,2.0038487911224365,0.07864773273468018,2.8261020183563232,0.08566936105489731
Grocery,42,prior_delta_gate,45,visual,3.043616533279419,0.0683317631483078,5.654843807220459,0.222022145986557
Grocery,42,prior_delta_gate,46,text,2.0288174152374268,0.07906049489974976,2.8867974281311035,0.08691763877868652
Grocery,42,prior_delta_gate,46,visual,3.0614840984344482,0.06844782829284668,5.719292163848877,0.22207286953926086
Grocery,42,prior_delta_gate,47,text,2.054489850997925,0.07935170829296112,2.9492368698120117,0.0883551836013794
Grocery,42,prior_delta_gate,47,visual,3.0793559551239014,0.06844505667686462,5.782926559448242,0.2222374528646469
Grocery,42,prior_delta_gate,48,text,2.0785515308380127,0.07972639799118042,3.0109593868255615,0.0897880494594574
Grocery,42,prior_delta_gate,48,visual,3.0963823795318604,0.06852670758962631,5.844359874725342,0.22231930494308472
Grocery,42,prior_delta_gate,49,text,2.100776433944702,0.08000528812408447,3.068885564804077,0.09106818586587906
Grocery,42,prior_delta_gate,49,visual,3.112276315689087,0.06850199401378632,5.902675151824951,0.22235307097434998
Grocery,42,prior_delta_gate,50,text,2.121277332305908,0.08004190027713776,3.1237804889678955,0.09207039326429367
Grocery,42,prior_delta_gate,50,visual,3.1276426315307617,0.06846052408218384,5.958879470825195,0.22241079807281494
Grocery,42,prior_delta_gate,51,text,2.1416523456573486,0.08026392012834549,3.1789391040802,0.09313483536243439
Grocery,42,prior_delta_gate,51,visual,3.1421971321105957,0.06861083954572678,6.014327526092529,0.2223685085773468
Grocery,42,prior_delta_gate,52,text,2.1620731353759766,0.08069902658462524,3.2356622219085693,0.09431788325309753
Grocery,42,prior_delta_gate,52,visual,3.156698703765869,0.06871110200881958,6.0702595710754395,0.22221504151821136
Grocery,42,prior_delta_gate,53,text,2.1821820735931396,0.08099811524152756,3.2923166751861572,0.09550712257623672
Grocery,42,prior_delta_gate,53,visual,3.1701483726501465,0.06872014701366425,6.123242378234863,0.2220764309167862
Grocery,42,prior_delta_gate,54,text,2.2005836963653564,0.08119957894086838,3.3464157581329346,0.09649737179279327
Grocery,42,prior_delta_gate,54,visual,3.183596134185791,0.06874534487724304,6.175841331481934,0.22199508547782898
Grocery,42,prior_delta_gate,55,text,2.2207014560699463,0.08140270411968231,3.402730941772461,0.09786670655012131
Grocery,42,prior_delta_gate,55,visual,3.1958870887756348,0.06873778253793716,6.225752353668213,0.2217603176832199
Grocery,42,prior_delta_gate,56,text,2.2387280464172363,0.08157788962125778,3.4558820724487305,0.09888763725757599
Grocery,42,prior_delta_gate,56,visual,3.2077817916870117,0.06882485747337341,6.273800849914551,0.22156813740730286
Grocery,42,prior_delta_gate,57,text,2.256687641143799,0.08171519637107849,3.5085723400115967,0.09981226176023483
Grocery,42,prior_delta_gate,57,visual,3.2195897102355957,0.06893758475780487,6.3221001625061035,0.22148068249225616
Grocery,42,prior_delta_gate,58,text,2.273470640182495,0.0819401666522026,3.558335065841675,0.1005687266588211
Grocery,42,prior_delta_gate,58,visual,3.2310092449188232,0.06896232068538666,6.368862628936768,0.22138990461826324
Grocery,42,prior_delta_gate,59,text,2.288428544998169,0.08223563432693481,3.606661319732666,0.10110155493021011
Grocery,42,prior_delta_gate,59,visual,3.2419707775115967,0.06907102465629578,6.41383695602417,0.22127960622310638
Grocery,42,prior_delta_gate,60,text,2.3039748668670654,0.08244303613901138,3.655477285385132,0.10192148387432098
Grocery,42,prior_delta_gate,60,visual,3.25229811668396,0.06917934119701385,6.457085609436035,0.22113297879695892
Grocery,42,prior_delta_gate,61,text,2.3186471462249756,0.08258822560310364,3.7025094032287598,0.10266444832086563
Grocery,42,prior_delta_gate,61,visual,3.262281894683838,0.06922245025634766,6.499024391174316,0.2209016978740692
Grocery,42,prior_delta_gate,62,text,2.3338375091552734,0.08270835876464844,3.750088930130005,0.10354786366224289
Grocery,42,prior_delta_gate,62,visual,3.2709662914276123,0.0691155195236206,6.538487434387207,0.22048373520374298
Grocery,42,prior_delta_gate,63,text,2.347933769226074,0.08296096324920654,3.795828104019165,0.10424275696277618
Grocery,42,prior_delta_gate,63,visual,3.279798746109009,0.0692238137125969,6.578616142272949,0.220077246427536
Grocery,42,prior_delta_gate,64,text,2.3624188899993896,0.08306402713060379,3.8419811725616455,0.10500090569257736
Grocery,42,prior_delta_gate,64,visual,3.288912534713745,0.0692519024014473,6.618899345397949,0.21976229548454285
Grocery,42,prior_delta_gate,65,text,2.376281499862671,0.08332674205303192,3.8887124061584473,0.10566332191228867
Grocery,42,prior_delta_gate,65,visual,3.2980496883392334,0.06933125853538513,6.658970355987549,0.2194673866033554
Grocery,42,prior_delta_gate,66,text,2.391035556793213,0.08341042697429657,3.937312126159668,0.10649770498275757
Grocery,42,prior_delta_gate,66,visual,3.3081650733947754,0.069330595433712,6.699339389801025,0.2195432335138321
Grocery,42,prior_delta_gate,67,text,2.4078752994537354,0.08364065736532211,3.99068021774292,0.10765286535024643
Grocery,42,prior_delta_gate,67,visual,3.319221258163452,0.06952467560768127,6.742138385772705,0.21970143914222717
Grocery,42,prior_delta_gate,68,text,2.4248437881469727,0.08383222669363022,4.043877601623535,0.10892776399850845
Grocery,42,prior_delta_gate,68,visual,3.329249858856201,0.06961369514465332,6.7823309898376465,0.2197546362876892
Grocery,42,prior_delta_gate,69,text,2.442164421081543,0.08387807756662369,4.098840713500977,0.11025429517030716
Grocery,42,prior_delta_gate,69,visual,3.3395791053771973,0.0695922002196312,6.823458671569824,0.2197110652923584
Grocery,42,prior_delta_gate,70,text,2.4586117267608643,0.08397404849529266,4.151605606079102,0.1114690825343132
Grocery,42,prior_delta_gate,70,visual,3.3496389389038086,0.06969010829925537,6.864689826965332,0.21955689787864685
Grocery,42,prior_delta_gate,71,text,2.4754340648651123,0.0840759128332138,4.204478740692139,0.11294804513454437
Grocery,42,prior_delta_gate,71,visual,3.3580362796783447,0.06976993381977081,6.9030866622924805,0.2191014587879181
Grocery,42,prior_delta_gate,72,text,2.4907259941101074,0.0842236578464508,4.25390625,0.11420411616563797
Grocery,42,prior_delta_gate,72,visual,3.366421937942505,0.06979797780513763,6.940783500671387,0.21868649125099182
Grocery,42,prior_delta_gate,73,text,2.505599021911621,0.08435743302106857,4.303829669952393,0.11533334851264954
Grocery,42,prior_delta_gate,73,visual,3.3744850158691406,0.06984858214855194,6.977772235870361,0.21822211146354675
Grocery,42,prior_delta_gate,74,text,2.520164728164673,0.0844825729727745,4.3512372970581055,0.11637835204601288
Grocery,42,prior_delta_gate,74,visual,3.3827240467071533,0.06990960985422134,7.014580726623535,0.21794536709785461
Grocery,42,prior_delta_gate,75,text,2.5340983867645264,0.08464360237121582,4.398058891296387,0.11732850223779678
Grocery,42,prior_delta_gate,75,visual,3.3910462856292725,0.06994736194610596,7.051002502441406,0.21761088073253632
Grocery,42,prior_delta_gate,76,text,2.5487098693847656,0.08498255908489227,4.446054458618164,0.11851222813129425
Grocery,42,prior_delta_gate,76,visual,3.3987598419189453,0.0700063705444336,7.086677551269531,0.21714748442173004
Grocery,42,prior_delta_gate,77,text,2.5629477500915527,0.08504535257816315,4.493777275085449,0.11957964301109314
Grocery,42,prior_delta_gate,77,visual,3.4066832065582275,0.06995820254087448,7.121475696563721,0.2168503999710083
Grocery,42,prior_delta_gate,78,text,2.5760886669158936,0.0850447341799736,4.53837776184082,0.12036522477865219
Grocery,42,prior_delta_gate,78,visual,3.4148142337799072,0.06995881348848343,7.156079292297363,0.21655036509037018
Grocery,42,prior_delta_gate,79,text,2.5893945693969727,0.08516231924295425,4.5827131271362305,0.12125559151172638
Grocery,42,prior_delta_gate,79,visual,3.422786235809326,0.07006027549505234,7.190604209899902,0.21625080704689026
Grocery,42,prior_delta_gate,80,text,2.6029531955718994,0.08547313511371613,4.629520893096924,0.12227978557348251
Grocery,42,prior_delta_gate,80,visual,3.431079387664795,0.07016167044639587,7.225793838500977,0.21594835817813873
Grocery,42,prior_delta_gate,81,text,2.6157524585723877,0.08563802391290665,4.673153877258301,0.12312934547662735
Grocery,42,prior_delta_gate,81,visual,3.4397337436676025,0.07017898559570312,7.260854721069336,0.21582727134227753
Grocery,42,prior_delta_gate,82,text,2.62823748588562,0.0855669155716896,4.716711044311523,0.12392840534448624
Grocery,42,prior_delta_gate,82,visual,3.4483251571655273,0.07019820064306259,7.294904708862305,0.21577630937099457
Grocery,42,prior_delta_gate,83,text,2.6403112411499023,0.08561766147613525,4.758913993835449,0.1246507316827774
Grocery,42,prior_delta_gate,83,visual,3.4564552307128906,0.07026494294404984,7.328097343444824,0.21556515991687775
Grocery,42,prior_delta_gate,84,text,2.652329206466675,0.08574417978525162,4.799893856048584,0.12535540759563446
Grocery,42,prior_delta_gate,84,visual,3.46451735496521,0.07031401246786118,7.3611650466918945,0.2154638171195984
Grocery,42,prior_delta_gate,85,text,2.664459466934204,0.08582942187786102,4.842722415924072,0.12603332102298737
Grocery,42,prior_delta_gate,85,visual,3.472890615463257,0.07037152349948883,7.3947248458862305,0.2153528779745102
Grocery,42,prior_delta_gate,86,text,2.6757893562316895,0.08599741756916046,4.883629322052002,0.12652717530727386
Grocery,42,prior_delta_gate,86,visual,3.4809470176696777,0.0704188197851181,7.427877426147461,0.2151358723640442
Grocery,42,prior_delta_gate,87,text,2.6887166500091553,0.08621521294116974,4.927788257598877,0.1274150013923645
Grocery,42,prior_delta_gate,87,visual,3.4887378215789795,0.07035904377698898,7.4604291915893555,0.21483513712882996
Grocery,42,prior_delta_gate,88,text,2.699680805206299,0.0863185003399849,4.9679131507873535,0.1279197782278061
Grocery,42,prior_delta_gate,88,visual,3.4963936805725098,0.07037060707807541,7.491468906402588,0.21460245549678802
Grocery,42,prior_delta_gate,89,text,2.709393262863159,0.08642411231994629,5.00423526763916,0.1282379925251007
Grocery,42,prior_delta_gate,89,visual,3.5042507648468018,0.07050308585166931,7.523015022277832,0.21441705524921417
Grocery,42,prior_delta_gate,90,text,2.718933343887329,0.08662974089384079,5.039198875427246,0.12855570018291473
Grocery,42,prior_delta_gate,90,visual,3.5113017559051514,0.07056096941232681,7.553206920623779,0.21406011283397675
Grocery,42,prior_delta_gate,91,text,2.7296526432037354,0.08681324869394302,5.077398300170898,0.12907876074314117
Grocery,42,prior_delta_gate,91,visual,3.5171828269958496,0.07056979089975357,7.581746578216553,0.21324455738067627
Grocery,42,prior_delta_gate,92,text,2.739793300628662,0.0868329182267189,5.1133575439453125,0.12948402762413025
Grocery,42,prior_delta_gate,92,visual,3.5237364768981934,0.07061544805765152,7.610599994659424,0.2127905935049057
Grocery,42,prior_delta_gate,93,text,2.750284194946289,0.08677935600280762,5.150305271148682,0.13000108301639557
Grocery,42,prior_delta_gate,93,visual,3.5318477153778076,0.07065563648939133,7.641380786895752,0.2128845751285553
Grocery,42,prior_delta_gate,94,text,2.7600440979003906,0.0869293063879013,5.185905456542969,0.13043560087680817
Grocery,42,prior_delta_gate,94,visual,3.5390682220458984,0.07066025584936142,7.670420169830322,0.2127237170934677
Grocery,42,prior_delta_gate,95,text,2.7696640491485596,0.08723988384008408,5.2210774421691895,0.13082456588745117
Grocery,42,prior_delta_gate,95,visual,3.5447487831115723,0.07062841206789017,7.6974310874938965,0.21207506954669952
Grocery,42,prior_delta_gate,96,text,2.779539108276367,0.0873645693063736,5.254866123199463,0.1312018483877182
Grocery,42,prior_delta_gate,96,visual,3.5497565269470215,0.0706692487001419,7.723631381988525,0.21119262278079987
Grocery,42,prior_delta_gate,97,text,2.7878103256225586,0.0872621238231659,5.284956932067871,0.1311679184436798
Grocery,42,prior_delta_gate,97,visual,3.5557916164398193,0.07077361643314362,7.751408576965332,0.21061143279075623
Grocery,42,prior_delta_gate,98,text,2.7936811447143555,0.08717449009418488,5.311296463012695,0.1307476907968521
Grocery,42,prior_delta_gate,98,visual,3.562485456466675,0.07082077115774155,7.779647350311279,0.21029163897037506
Grocery,42,prior_delta_gate,99,text,2.7989518642425537,0.08725898712873459,5.336669921875,0.13033363223075867
Grocery,42,prior_delta_gate,99,visual,3.569453716278076,0.07074910402297974,7.807850360870361,0.21009184420108795
Grocery,42,prior_delta_gate,100,text,2.8064169883728027,0.08751728385686874,5.365964889526367,0.13039496541023254
Grocery,42,prior_delta_gate,100,visual,3.5764412879943848,0.07076304405927658,7.8368072509765625,0.20979231595993042
Grocery,42,prior_delta_gate,101,text,2.8132381439208984,0.08755327761173248,5.394140243530273,0.13023662567138672
Grocery,42,prior_delta_gate,101,visual,3.583195924758911,0.07081781327724457,7.864577293395996,0.2093714475631714
Grocery,42,prior_delta_gate,102,text,2.8206543922424316,0.08739627152681351,5.422659397125244,0.13007070124149323
Grocery,42,prior_delta_gate,102,visual,3.589858293533325,0.07086916267871857,7.892669677734375,0.2087947130203247
Grocery,42,prior_delta_gate,103,text,2.829770565032959,0.08742747455835342,5.454524993896484,0.13035517930984497
Grocery,42,prior_delta_gate,103,visual,3.5953683853149414,0.07090787589550018,7.919780731201172,0.20793664455413818
Grocery,42,prior_delta_gate,104,text,2.8385603427886963,0.08755051344633102,5.48591947555542,0.1306772381067276
Grocery,42,prior_delta_gate,104,visual,3.600902795791626,0.07086199522018433,7.9468674659729,0.20700077712535858
Grocery,42,prior_delta_gate,105,text,2.8477232456207275,0.08776210248470306,5.5194010734558105,0.13115374743938446
Grocery,42,prior_delta_gate,105,visual,3.606841564178467,0.07078777253627777,7.97424840927124,0.20617474615573883
Grocery,42,prior_delta_gate,106,text,2.856876850128174,0.08799801021814346,5.552056312561035,0.13157492876052856
Grocery,42,prior_delta_gate,106,visual,3.6140546798706055,0.07075868546962738,8.003034591674805,0.2057422548532486
Grocery,42,prior_delta_gate,107,text,2.867677688598633,0.08820231258869171,5.588525295257568,0.1322624683380127
Grocery,42,prior_delta_gate,107,visual,3.621951103210449,0.07086779922246933,8.032118797302246,0.20552469789981842
Grocery,42,prior_delta_gate,108,text,2.8782095909118652,0.08840426802635193,5.623280048370361,0.13286244869232178
Grocery,42,prior_delta_gate,108,visual,3.6297435760498047,0.0709177628159523,8.060683250427246,0.20525266230106354
Grocery,42,prior_delta_gate,109,text,2.890183925628662,0.08862526714801788,5.661454677581787,0.13373765349388123
Grocery,42,prior_delta_gate,109,visual,3.637233257293701,0.07105819135904312,8.089290618896484,0.2049248218536377
Grocery,42,prior_delta_gate,110,text,2.9016292095184326,0.08871569484472275,5.698963642120361,0.1344338208436966
Grocery,42,prior_delta_gate,110,visual,3.6452081203460693,0.07104688137769699,8.119789123535156,0.2044982612133026
Grocery,42,prior_delta_gate,111,text,2.9123919010162354,0.08887261897325516,5.737167835235596,0.13491587340831757
Grocery,42,prior_delta_gate,111,visual,3.6527302265167236,0.07103846222162247,8.149948120117188,0.2039061039686203
Grocery,42,prior_delta_gate,112,text,2.9236817359924316,0.08908285945653915,5.77553653717041,0.13540051877498627
Grocery,42,prior_delta_gate,112,visual,3.660815477371216,0.07102414220571518,8.181364059448242,0.20338156819343567
Grocery,42,prior_delta_gate,113,text,2.9337103366851807,0.089220330119133,5.8112077713012695,0.1357366293668747
Grocery,42,prior_delta_gate,113,visual,3.668405055999756,0.07107358425855637,8.211040496826172,0.20294342935085297
Grocery,42,prior_delta_gate,114,text,2.9441912174224854,0.0895109623670578,5.847092628479004,0.13616971671581268
Grocery,42,prior_delta_gate,114,visual,3.675807237625122,0.07117713987827301,8.240772247314453,0.20242127776145935
Grocery,42,prior_delta_gate,115,text,2.9548661708831787,0.089637890458107,5.883954048156738,0.13661985099315643
Grocery,42,prior_delta_gate,115,visual,3.6834187507629395,0.07125362008810043,8.270814895629883,0.2018514722585678
Grocery,42,prior_delta_gate,116,text,2.9639992713928223,0.08961023390293121,5.919042587280273,0.1366853266954422
Grocery,42,prior_delta_gate,116,visual,3.690412759780884,0.07138022035360336,8.298937797546387,0.20134948194026947
Grocery,42,prior_delta_gate,117,text,2.972588300704956,0.08971292525529861,5.952713966369629,0.13656912744045258
Grocery,42,prior_delta_gate,117,visual,3.697650909423828,0.07145979255437851,8.328227043151855,0.2007976621389389
Grocery,42,prior_delta_gate,118,text,2.981326103210449,0.08982550352811813,5.985909938812256,0.13640081882476807
Grocery,42,prior_delta_gate,118,visual,3.7050747871398926,0.07142259180545807,8.358420372009277,0.20004628598690033
Grocery,42,prior_delta_gate,119,text,2.9906423091888428,0.08990346640348434,6.020833969116211,0.13649550080299377
Grocery,42,prior_delta_gate,119,visual,3.710873603820801,0.07137452811002731,8.385506629943848,0.1990876942873001
Grocery,42,prior_delta_gate,120,text,2.999711751937866,0.08998469263315201,6.056459426879883,0.13656580448150635
Grocery,42,prior_delta_gate,120,visual,3.7162163257598877,0.07142128795385361,8.412023544311523,0.19790972769260406
Grocery,42,prior_update_add,0,text,0.0,0.0,0.0,0.0
Grocery,42,prior_update_add,0,visual,0.0,0.0,0.0,0.0
Grocery,42,prior_update_add,1,text,0.2558411657810211,0.015999360010027885,0.0,0.0
Grocery,42,prior_update_add,1,visual,0.25586211681365967,0.01599792018532753,0.0,0.0
Grocery,42,prior_update_add,2,text,0.3838636875152588,0.023651592433452606,0.0,0.0
Grocery,42,prior_update_add,2,visual,0.3864569664001465,0.022789685055613518,0.0,0.0
Grocery,42,prior_update_add,3,text,0.46750539541244507,0.027887247502803802,0.0,0.0
Grocery,42,prior_update_add,3,visual,0.47577083110809326,0.026884589344263077,0.0,0.0
Grocery,42,prior_update_add,4,text,0.5416419506072998,0.02997710555791855,0.0,0.0
Grocery,42,prior_update_add,4,visual,0.5628884434700012,0.028931843116879463,0.0,0.0
Grocery,42,prior_update_add,5,text,0.6051564812660217,0.03209806978702545,0.0,0.0
Grocery,42,prior_update_add,5,visual,0.646541953086853,0.030208827927708626,0.0,0.0
Grocery,42,prior_update_add,6,text,0.6738120317459106,0.03477790579199791,0.0,0.0
Grocery,42,prior_update_add,6,visual,0.7394670844078064,0.03202056512236595,0.0,0.0
Grocery,42,prior_update_add,7,text,0.7390273213386536,0.0380660779774189,0.0,0.0
Grocery,42,prior_update_add,7,visual,0.83302241563797,0.03456610441207886,0.0,0.0
Grocery,42,prior_update_add,8,text,0.7840194702148438,0.04071755334734917,0.0,0.0
Grocery,42,prior_update_add,8,visual,0.9269797205924988,0.0364915132522583,0.0,0.0
Grocery,42,prior_update_add,9,text,0.8225262761116028,0.04268481209874153,0.0,0.0
Grocery,42,prior_update_add,9,visual,1.0192254781723022,0.037959758192300797,0.0,0.0
Grocery,42,prior_update_add,10,text,0.8576297163963318,0.04430469125509262,0.0,0.0
Grocery,42,prior_update_add,10,visual,1.1136224269866943,0.03927202522754669,0.0,0.0
Grocery,42,prior_update_add,11,text,0.8911374807357788,0.04566847160458565,0.0,0.0
Grocery,42,prior_update_add,11,visual,1.2045300006866455,0.04063636064529419,0.0,0.0
Grocery,42,prior_update_add,12,text,0.925043523311615,0.04688279330730438,0.0,0.0
Grocery,42,prior_update_add,12,visual,1.295719027519226,0.041949618607759476,0.0,0.0
Grocery,42,prior_update_add,13,text,0.9580955505371094,0.0482073538005352,0.0,0.0
Grocery,42,prior_update_add,13,visual,1.3838082551956177,0.04318305104970932,0.0,0.0
Grocery,42,prior_update_add,14,text,0.9890667200088501,0.0498742051422596,0.0,0.0
Grocery,42,prior_update_add,14,visual,1.468634843826294,0.04447520524263382,0.0,0.0
Grocery,42,prior_update_add,15,text,1.017816185951233,0.05156705528497696,0.0,0.0
Grocery,42,prior_update_add,15,visual,1.5476421117782593,0.045851726084947586,0.0,0.0
Grocery,42,prior_update_add,16,text,1.0436291694641113,0.05286770313978195,0.0,0.0
Grocery,42,prior_update_add,16,visual,1.6208257675170898,0.04713069275021553,0.0,0.0
Grocery,42,prior_update_add,17,text,1.0689038038253784,0.05382107198238373,0.0,0.0
Grocery,42,prior_update_add,17,visual,1.6884562969207764,0.047961004078388214,0.0,0.0
Grocery,42,prior_update_add,18,text,1.093611717224121,0.05485954135656357,0.0,0.0
Grocery,42,prior_update_add,18,visual,1.7506992816925049,0.04866914078593254,0.0,0.0
Grocery,42,prior_update_add,19,text,1.116816520690918,0.055967796593904495,0.0,0.0
Grocery,42,prior_update_add,19,visual,1.8086438179016113,0.0494537353515625,0.0,0.0
Grocery,42,prior_update_add,20,text,1.1368368864059448,0.05677442625164986,0.0,0.0
Grocery,42,prior_update_add,20,visual,1.8631855249404907,0.0501064695417881,0.0,0.0
Grocery,42,prior_update_add,21,text,1.1544424295425415,0.05736161023378372,0.0,0.0
Grocery,42,prior_update_add,21,visual,1.9146047830581665,0.05064832419157028,0.0,0.0
Grocery,42,prior_update_add,22,text,1.172075867652893,0.05819737911224365,0.0,0.0
Grocery,42,prior_update_add,22,visual,1.9637151956558228,0.05126030370593071,0.0,0.0
Grocery,42,prior_update_add,23,text,1.190958857536316,0.05904291942715645,0.0,0.0
Grocery,42,prior_update_add,23,visual,2.0103530883789062,0.051788680255413055,0.0,0.0
Grocery,42,prior_update_add,24,text,1.2101757526397705,0.059678204357624054,0.0,0.0
Grocery,42,prior_update_add,24,visual,2.0544376373291016,0.05223514884710312,0.0,0.0
Grocery,42,prior_update_add,25,text,1.227826714515686,0.060317590832710266,0.0,0.0
Grocery,42,prior_update_add,25,visual,2.096432685852051,0.05276482552289963,0.0,0.0
Grocery,42,prior_update_add,26,text,1.2443655729293823,0.060927946120500565,0.0,0.0
Grocery,42,prior_update_add,26,visual,2.1362826824188232,0.0532388836145401,0.0,0.0
Grocery,42,prior_update_add,27,text,1.2609856128692627,0.06149670481681824,0.0,0.0
Grocery,42,prior_update_add,27,visual,2.1740803718566895,0.0536329559981823,0.0,0.0
Grocery,42,prior_update_add,28,text,1.2789998054504395,0.061970144510269165,0.0,0.0
Grocery,42,prior_update_add,28,visual,2.2092366218566895,0.053961463272571564,0.0,0.0
Grocery,42,prior_update_add,29,text,1.296633243560791,0.06239498779177666,0.0,0.0
Grocery,42,prior_update_add,29,visual,2.242642402648926,0.05435551330447197,0.0,0.0
Grocery,42,prior_update_add,30,text,1.3137149810791016,0.06287708133459091,0.0,0.0
Grocery,42,prior_update_add,30,visual,2.274841070175171,0.054867811501026154,0.0,0.0
Grocery,42,prior_update_add,31,text,1.331469178199768,0.06326072663068771,0.0,0.0
Grocery,42,prior_update_add,31,visual,2.3048245906829834,0.0552486926317215,0.0,0.0
Grocery,42,prior_update_add,32,text,1.3491501808166504,0.06366539001464844,0.0,0.0
Grocery,42,prior_update_add,32,visual,2.3333518505096436,0.055567849427461624,0.0,0.0
Grocery,42,prior_update_add,33,text,1.3669068813323975,0.0640750527381897,0.0,0.0
Grocery,42,prior_update_add,33,visual,2.3599352836608887,0.05592288821935654,0.0,0.0
Grocery,42,prior_update_add,34,text,1.3842443227767944,0.06445300579071045,0.0,0.0
Grocery,42,prior_update_add,34,visual,2.3860924243927,0.05633518472313881,0.0,0.0
Grocery,42,prior_update_add,35,text,1.4022326469421387,0.06485963612794876,0.0,0.0
Grocery,42,prior_update_add,35,visual,2.4114930629730225,0.056684114038944244,0.0,0.0
Grocery,42,prior_update_add,36,text,1.4204926490783691,0.06518780440092087,0.0,0.0
Grocery,42,prior_update_add,36,visual,2.4355947971343994,0.05699784681200981,0.0,0.0
Grocery,42,prior_update_add,37,text,1.4393740892410278,0.06550469994544983,0.0,0.0
Grocery,42,prior_update_add,37,visual,2.4587302207946777,0.057292256504297256,0.0,0.0
Grocery,42,prior_update_add,38,text,1.4578595161437988,0.06586237251758575,0.0,0.0
Grocery,42,prior_update_add,38,visual,2.4799907207489014,0.057525619864463806,0.0,0.0
Grocery,42,prior_update_add,39,text,1.475302815437317,0.0662074163556099,0.0,0.0
Grocery,42,prior_update_add,39,visual,2.4998786449432373,0.057711366564035416,0.0,0.0
Grocery,42,prior_update_add,40,text,1.4920237064361572,0.06648238748311996,0.0,0.0
Grocery,42,prior_update_add,40,visual,2.518033027648926,0.0579121969640255,0.0,0.0
Grocery,42,prior_update_add,41,text,1.5085148811340332,0.06684979796409607,0.0,0.0
Grocery,42,prior_update_add,41,visual,2.534769296646118,0.0582195520401001,0.0,0.0
Grocery,42,prior_update_add,42,text,1.524633526802063,0.06729868799448013,0.0,0.0
Grocery,42,prior_update_add,42,visual,2.550086498260498,0.058493729680776596,0.0,0.0
Grocery,42,prior_update_add,43,text,1.540497064590454,0.06760914623737335,0.0,0.0
Grocery,42,prior_update_add,43,visual,2.564187526702881,0.05853518843650818,0.0,0.0
Grocery,42,prior_update_add,44,text,1.5555102825164795,0.06780555844306946,0.0,0.0
Grocery,42,prior_update_add,44,visual,2.577475070953369,0.05853990092873573,0.0,0.0
Grocery,42,prior_update_add,45,text,1.5701074600219727,0.06800931692123413,0.0,0.0
Grocery,42,prior_update_add,45,visual,2.589304208755493,0.05870603397488594,0.0,0.0
Grocery,42,prior_update_add,46,text,1.5845872163772583,0.06840221583843231,0.0,0.0
Grocery,42,prior_update_add,46,visual,2.6001648902893066,0.05906527861952782,0.0,0.0
Grocery,42,prior_update_add,47,text,1.5982134342193604,0.06872837990522385,0.0,0.0
Grocery,42,prior_update_add,47,visual,2.6108710765838623,0.05924537405371666,0.0,0.0
Grocery,42,prior_update_add,48,text,1.610792875289917,0.06885795295238495,0.0,0.0
Grocery,42,prior_update_add,48,visual,2.6214585304260254,0.05924012511968613,0.0,0.0
Grocery,42,prior_update_add,49,text,1.62349534034729,0.06905866414308548,0.0,0.0
Grocery,42,prior_update_add,49,visual,2.6316936016082764,0.059283748269081116,0.0,0.0
Grocery,42,prior_update_add,50,text,1.6360366344451904,0.06926216930150986,0.0,0.0
Grocery,42,prior_update_add,50,visual,2.6410391330718994,0.059354472905397415,0.0,0.0
Grocery,42,prior_update_add,51,text,1.6483057737350464,0.06938017159700394,0.0,0.0
Grocery,42,prior_update_add,51,visual,2.648909091949463,0.05942768231034279,0.0,0.0
Grocery,42,prior_update_add,52,text,1.6597031354904175,0.06960955262184143,0.0,0.0
Grocery,42,prior_update_add,52,visual,2.6565990447998047,0.05960414186120033,0.0,0.0
Grocery,42,prior_update_add,53,text,1.6705641746520996,0.06981173902750015,0.0,0.0
Grocery,42,prior_update_add,53,visual,2.664311408996582,0.05963412672281265,0.0,0.0
Grocery,42,prior_update_add,54,text,1.6815061569213867,0.06994977593421936,0.0,0.0
Grocery,42,prior_update_add,54,visual,2.6712334156036377,0.05966314300894737,0.0,0.0
Grocery,42,prior_update_add,55,text,1.6928701400756836,0.07008010149002075,0.0,0.0
Grocery,42,prior_update_add,55,visual,2.678065061569214,0.0598142147064209,0.0,0.0
Grocery,42,prior_update_add,56,text,1.7042866945266724,0.07018295675516129,0.0,0.0
Grocery,42,prior_update_add,56,visual,2.685001850128174,0.0598435178399086,0.0,0.0
Grocery,42,prior_update_add,57,text,1.714003324508667,0.07025323063135147,0.0,0.0
Grocery,42,prior_update_add,57,visual,2.691965103149414,0.05989140272140503,0.0,0.0
Grocery,42,prior_update_add,58,text,1.723479151725769,0.07023285329341888,0.0,0.0
Grocery,42,prior_update_add,58,visual,2.699246644973755,0.059920188039541245,0.0,0.0
Grocery,42,prior_update_add,59,text,1.7325019836425781,0.07033507525920868,0.0,0.0
Grocery,42,prior_update_add,59,visual,2.706320285797119,0.059963930398225784,0.0,0.0
Grocery,42,prior_update_add,60,text,1.7422410249710083,0.07055710256099701,0.0,0.0
Grocery,42,prior_update_add,60,visual,2.7126150131225586,0.0600479319691658,0.0,0.0
Grocery,42,prior_update_add,61,text,1.7509911060333252,0.07063319534063339,0.0,0.0
Grocery,42,prior_update_add,61,visual,2.7182068824768066,0.06012188643217087,0.0,0.0
Grocery,42,prior_update_add,62,text,1.7590153217315674,0.07054838538169861,0.0,0.0
Grocery,42,prior_update_add,62,visual,2.723468780517578,0.06018101051449776,0.0,0.0
Grocery,42,prior_update_add,63,text,1.7662882804870605,0.07060639560222626,0.0,0.0
Grocery,42,prior_update_add,63,visual,2.7286691665649414,0.06025157496333122,0.0,0.0
Grocery,42,prior_update_add,64,text,1.773262858390808,0.07075940817594528,0.0,0.0
Grocery,42,prior_update_add,64,visual,2.7335684299468994,0.06032482162117958,0.0,0.0
Grocery,42,prior_update_add,65,text,1.7796095609664917,0.07092364877462387,0.0,0.0
Grocery,42,prior_update_add,65,visual,2.739267587661743,0.06052785366773605,0.0,0.0
Grocery,42,prior_update_add,66,text,1.7864068746566772,0.07093927264213562,0.0,0.0
Grocery,42,prior_update_add,66,visual,2.7444229125976562,0.06060313805937767,0.0,0.0
Grocery,42,prior_update_add,67,text,1.7940593957901,0.07087394595146179,0.0,0.0
Grocery,42,prior_update_add,67,visual,2.7489426136016846,0.06054626777768135,0.0,0.0
Grocery,42,prior_update_add,68,text,1.802003026008606,0.07096970081329346,0.0,0.0
Grocery,42,prior_update_add,68,visual,2.7529633045196533,0.06058792397379875,0.0,0.0
Grocery,42,prior_update_add,69,text,1.809079647064209,0.07106143981218338,0.0,0.0
Grocery,42,prior_update_add,69,visual,2.756977081298828,0.060665491968393326,0.0,0.0
Grocery,42,prior_update_add,70,text,1.8159953355789185,0.0711868479847908,0.0,0.0
Grocery,42,prior_update_add,70,visual,2.761018753051758,0.06080722436308861,0.0,0.0
Grocery,42,prior_update_add,71,text,1.8229576349258423,0.07131503522396088,0.0,0.0
Grocery,42,prior_update_add,71,visual,2.7646987438201904,0.06096406280994415,0.0,0.0
Grocery,42,prior_update_add,72,text,1.830177903175354,0.07127677649259567,0.0,0.0
Grocery,42,prior_update_add,72,visual,2.7690365314483643,0.06083649396896362,0.0,0.0
Grocery,42,prior_update_add,73,text,1.83736252784729,0.07130508869886398,0.0,0.0
Grocery,42,prior_update_add,73,visual,2.7734968662261963,0.0607793927192688,0.0,0.0
Grocery,42,prior_update_add,74,text,1.8446156978607178,0.07123508304357529,0.0,0.0
Grocery,42,prior_update_add,74,visual,2.777564764022827,0.06072526425123215,0.0,0.0
Grocery,42,prior_update_add,75,text,1.8519878387451172,0.07115788012742996,0.0,0.0
Grocery,42,prior_update_add,75,visual,2.7815864086151123,0.06074107810854912,0.0,0.0
Grocery,42,prior_update_add,76,text,1.8584543466567993,0.07121491432189941,0.0,0.0
Grocery,42,prior_update_add,76,visual,2.785336971282959,0.060856278985738754,0.0,0.0
Grocery,42,prior_update_add,77,text,1.8649624586105347,0.07134733349084854,0.0,0.0
Grocery,42,prior_update_add,77,visual,2.788635015487671,0.060981810092926025,0.0,0.0
Grocery,42,prior_update_add,78,text,1.8713581562042236,0.07142555713653564,0.0,0.0
Grocery,42,prior_update_add,78,visual,2.791560411453247,0.061009228229522705,0.0,0.0
Grocery,42,prior_update_add,79,text,1.8776289224624634,0.07143260538578033,0.0,0.0
Grocery,42,prior_update_add,79,visual,2.794325351715088,0.06091243401169777,0.0,0.0
Grocery,42,prior_update_add,80,text,1.883677363395691,0.07147543132305145,0.0,0.0
Grocery,42,prior_update_add,80,visual,2.796642303466797,0.060897182673215866,0.0,0.0
Grocery,42,prior_update_add,81,text,1.8892055749893188,0.0715722143650055,0.0,0.0
Grocery,42,prior_update_add,81,visual,2.7990355491638184,0.06099800020456314,0.0,0.0
Grocery,42,prior_update_add,82,text,1.89423406124115,0.07148018479347229,0.0,0.0
Grocery,42,prior_update_add,82,visual,2.802550792694092,0.06107265129685402,0.0,0.0
Grocery,42,prior_update_add,83,text,1.8997405767440796,0.07134679704904556,0.0,0.0
Grocery,42,prior_update_add,83,visual,2.8057971000671387,0.06107742711901665,0.0,0.0
Grocery,42,prior_update_add,84,text,1.9057564735412598,0.07133311033248901,0.0,0.0
Grocery,42,prior_update_add,84,visual,2.8088507652282715,0.06102222204208374,0.0,0.0
Grocery,42,prior_update_add,85,text,1.9112499952316284,0.07149066776037216,0.0,0.0
Grocery,42,prior_update_add,85,visual,2.8121063709259033,0.06103731319308281,0.0,0.0
Grocery,42,prior_update_add,86,text,1.9161862134933472,0.07158063352108002,0.0,0.0
Grocery,42,prior_update_add,86,visual,2.814838171005249,0.06105629727244377,0.0,0.0
Grocery,42,prior_update_add,87,text,1.9211782217025757,0.07161585986614227,0.0,0.0
Grocery,42,prior_update_add,87,visual,2.8177266120910645,0.061113372445106506,0.0,0.0
Grocery,42,prior_update_add,88,text,1.9263843297958374,0.07170753926038742,0.0,0.0
Grocery,42,prior_update_add,88,visual,2.820712089538574,0.0612046904861927,0.0,0.0
Grocery,42,prior_update_add,89,text,1.9319820404052734,0.07177318632602692,0.0,0.0
Grocery,42,prior_update_add,89,visual,2.8233373165130615,0.061224646866321564,0.0,0.0
Grocery,42,prior_update_add,90,text,1.9382637739181519,0.07177753746509552,0.0,0.0
Grocery,42,prior_update_add,90,visual,2.8258352279663086,0.061198826879262924,0.0,0.0
Grocery,42,prior_update_add,91,text,1.944130539894104,0.07174652069807053,0.0,0.0
Grocery,42,prior_update_add,91,visual,2.828906297683716,0.06109756603837013,0.0,0.0
Grocery,42,prior_update_add,92,text,1.9504727125167847,0.07179045677185059,0.0,0.0
Grocery,42,prior_update_add,92,visual,2.832716703414917,0.061094313859939575,0.0,0.0
Grocery,42,prior_update_add,93,text,1.9573731422424316,0.07192870229482651,0.0,0.0
Grocery,42,prior_update_add,93,visual,2.836153745651245,0.061159346252679825,0.0,0.0
Grocery,42,prior_update_add,94,text,1.9628816843032837,0.07213201373815536,0.0,0.0
Grocery,42,prior_update_add,94,visual,2.8399224281311035,0.06124388054013252,0.0,0.0
Grocery,42,prior_update_gate,0,text,0.0,0.0,0.0,0.0
Grocery,42,prior_update_gate,0,visual,0.0,0.0,0.0,0.0
Grocery,42,prior_update_gate,1,text,0.2557137906551361,0.01599874347448349,0.0,0.0
Grocery,42,prior_update_gate,1,visual,0.2557511329650879,0.015995966270565987,0.0,0.0
Grocery,42,prior_update_gate,2,text,0.3834012746810913,0.023555545136332512,0.2625168561935425,0.011839829385280609
Grocery,42,prior_update_gate,2,visual,0.3876972794532776,0.022869139909744263,0.26201361417770386,0.011847107671201229
Grocery,42,prior_update_gate,3,text,0.46776410937309265,0.027803584933280945,0.42560499906539917,0.01846206746995449
Grocery,42,prior_update_gate,3,visual,0.48096758127212524,0.02699621394276619,0.42250174283981323,0.01790112815797329
Grocery,42,prior_update_gate,4,text,0.544619083404541,0.03007342293858528,0.5660099983215332,0.023973045870661736
Grocery,42,prior_update_gate,4,visual,0.5736455917358398,0.02928459458053112,0.5533413887023926,0.021410152316093445
Grocery,42,prior_update_gate,5,text,0.6153033375740051,0.0323188453912735,0.6738095283508301,0.02841920778155327
Grocery,42,prior_update_gate,5,visual,0.6657299995422363,0.030815809965133667,0.6682404279708862,0.025553207844495773
Grocery,42,prior_update_gate,6,text,0.692711353302002,0.03525533527135849,0.7822738289833069,0.03218960016965866
Grocery,42,prior_update_gate,6,visual,0.767869770526886,0.032958984375,0.7729878425598145,0.030715353786945343
Grocery,42,prior_update_gate,7,text,0.7693498134613037,0.03880768269300461,0.8771679997444153,0.03616882488131523
Grocery,42,prior_update_gate,7,visual,0.8726280331611633,0.03589846193790436,0.895682692527771,0.037901975214481354
Grocery,42,prior_update_gate,8,text,0.826816201210022,0.0416572168469429,0.9386114478111267,0.03944559395313263
Grocery,42,prior_update_gate,8,visual,0.9789139628410339,0.03835177421569824,1.0327038764953613,0.04695305600762367
Grocery,42,prior_update_gate,9,text,0.8722559809684753,0.043824709951877594,0.9894016981124878,0.04266103357076645
Grocery,42,prior_update_gate,9,visual,1.0858891010284424,0.040317803621292114,1.1855099201202393,0.05736678093671799
Grocery,42,prior_update_gate,10,text,0.9113006591796875,0.045749466866254807,1.039433479309082,0.04538825899362564
Grocery,42,prior_update_gate,10,visual,1.1972585916519165,0.042145196348428726,1.3529833555221558,0.0688886046409607
Grocery,42,prior_update_gate,11,text,0.9495327472686768,0.047457437962293625,1.0977462530136108,0.04818589612841606
Grocery,42,prior_update_gate,11,visual,1.30745267868042,0.04412386566400528,1.5346012115478516,0.08088674396276474
Grocery,42,prior_update_gate,12,text,0.9882058501243591,0.049302294850349426,1.1610467433929443,0.05087682604789734
Grocery,42,prior_update_gate,12,visual,1.4206336736679077,0.04620848223567009,1.7307873964309692,0.09362675249576569
Grocery,42,prior_update_gate,13,text,1.0254663228988647,0.0513228215277195,1.226981282234192,0.053549882024526596
Grocery,42,prior_update_gate,13,visual,1.5323606729507446,0.04827476665377617,1.9352208375930786,0.1065252423286438
Grocery,42,prior_update_gate,14,text,1.0611093044281006,0.05364048853516579,1.2894046306610107,0.05571744590997696
Grocery,42,prior_update_gate,14,visual,1.6437722444534302,0.050517454743385315,2.144279956817627,0.1196737065911293
Grocery,42,prior_update_gate,15,text,1.0957311391830444,0.05567660927772522,1.3490047454833984,0.05775541067123413
Grocery,42,prior_update_gate,15,visual,1.748705267906189,0.05263707786798477,2.3468825817108154,0.13190628588199615
Grocery,42,prior_update_gate,16,text,1.1298058032989502,0.05741284042596817,1.4057611227035522,0.05961674451828003
Grocery,42,prior_update_gate,16,visual,1.8465609550476074,0.05433541163802147,2.536850690841675,0.14285437762737274
Grocery,42,prior_update_gate,17,text,1.1632529497146606,0.05907166376709938,1.4604451656341553,0.061274729669094086
Grocery,42,prior_update_gate,17,visual,1.9368743896484375,0.055492911487817764,2.7146286964416504,0.1525842249393463
Grocery,42,prior_update_gate,18,text,1.19642174243927,0.060755930840969086,1.5120742321014404,0.06266095489263535
Grocery,42,prior_update_gate,18,visual,2.0194170475006104,0.056347865611314774,2.8778605461120605,0.16071459650993347
Grocery,42,prior_update_gate,19,text,1.2267282009124756,0.06211574003100395,1.562636137008667,0.06413961946964264
Grocery,42,prior_update_gate,19,visual,2.095766067504883,0.05723178759217262,3.032041549682617,0.16773560643196106
Grocery,42,prior_update_gate,20,text,1.2526215314865112,0.0631687268614769,1.611659049987793,0.06580109894275665
Grocery,42,prior_update_gate,20,visual,2.1676454544067383,0.05805863067507744,3.1821608543395996,0.1740618795156479
Grocery,42,prior_update_gate,21,text,1.2788195610046387,0.06426534056663513,1.658088207244873,0.06719338148832321
Grocery,42,prior_update_gate,21,visual,2.2353675365448,0.05874960124492645,3.327404499053955,0.1796121895313263
Grocery,42,prior_update_gate,22,text,1.3047553300857544,0.06529655307531357,1.7020457983016968,0.06824412196874619
Grocery,42,prior_update_gate,22,visual,2.2981648445129395,0.059420596808195114,3.465052843093872,0.18435141444206238
Grocery,42,prior_update_gate,23,text,1.3303626775741577,0.06626632809638977,1.744712471961975,0.06908873468637466
Grocery,42,prior_update_gate,23,visual,2.3569509983062744,0.060038283467292786,3.5964877605438232,0.1883581131696701
Grocery,42,prior_update_gate,24,text,1.356170654296875,0.06723029911518097,1.7872041463851929,0.0699162557721138
Grocery,42,prior_update_gate,24,visual,2.4125685691833496,0.06062644347548485,3.7246131896972656,0.1920178383588791
Grocery,42,prior_update_gate,25,text,1.3814542293548584,0.06812715530395508,1.8308649063110352,0.07091031968593597
Grocery,42,prior_update_gate,25,visual,2.4654059410095215,0.061229538172483444,3.8498036861419678,0.19541136920452118
Grocery,42,prior_update_gate,26,text,1.4060842990875244,0.06887299567461014,1.8750900030136108,0.07198594510555267
Grocery,42,prior_update_gate,26,visual,2.514881134033203,0.061736706644296646,3.9698426723480225,0.19838747382164001
Grocery,42,prior_update_gate,27,text,1.4304648637771606,0.06951235979795456,1.9179080724716187,0.07282406091690063
Grocery,42,prior_update_gate,27,visual,2.5617692470550537,0.062181100249290466,4.085094451904297,0.201008141040802
Grocery,42,prior_update_gate,28,text,1.4565865993499756,0.0701727643609047,1.9596539735794067,0.07346925884485245
Grocery,42,prior_update_gate,28,visual,2.60630202293396,0.06258600950241089,4.196064472198486,0.20353254675865173
Grocery,42,prior_update_gate,29,text,1.4829552173614502,0.07079610973596573,2.00209379196167,0.0740041509270668
Grocery,42,prior_update_gate,29,visual,2.6495797634124756,0.06308982521295547,4.3055596351623535,0.2060161679983139
Grocery,42,prior_update_gate,30,text,1.5076273679733276,0.07132714986801147,2.0446722507476807,0.07457795739173889
Grocery,42,prior_update_gate,30,visual,2.689971923828125,0.06351148337125778,4.4109086990356445,0.20823192596435547
Grocery,42,prior_update_gate,31,text,1.5304464101791382,0.07182333618402481,2.086535692214966,0.0750756487250328
Grocery,42,prior_update_gate,31,visual,2.7282872200012207,0.06389869749546051,4.513063907623291,0.21015916764736176
Grocery,42,prior_update_gate,32,text,1.5530896186828613,0.07237294316291809,2.129159927368164,0.07560770213603973
Grocery,42,prior_update_gate,32,visual,2.76430082321167,0.0643206536769867,4.610282897949219,0.2117948830127716
Grocery,42,prior_update_gate,33,text,1.5761300325393677,0.07285594940185547,2.171726703643799,0.0760640949010849
Grocery,42,prior_update_gate,33,visual,2.7970077991485596,0.06461671739816666,4.700970649719238,0.21311940252780914
Grocery,42,prior_update_gate,34,text,1.5997135639190674,0.07324313372373581,2.214675188064575,0.07631947845220566
Grocery,42,prior_update_gate,34,visual,2.8290889263153076,0.0648755356669426,4.790640830993652,0.2144957184791565
Grocery,42,prior_update_gate,35,text,1.6228724718093872,0.07376041263341904,2.2584328651428223,0.07662232965230942
Grocery,42,prior_update_gate,35,visual,2.8603014945983887,0.06522776931524277,4.878496170043945,0.21582433581352234
Grocery,42,prior_update_gate,36,text,1.6458395719528198,0.07431172579526901,2.3033804893493652,0.0770208016037941
Grocery,42,prior_update_gate,36,visual,2.88960862159729,0.0655377060174942,4.96307897567749,0.21696878969669342
Grocery,42,prior_update_gate,37,text,1.6676143407821655,0.07468459010124207,2.348005533218384,0.07742732018232346
Grocery,42,prior_update_gate,37,visual,2.916740894317627,0.06578761339187622,5.042496681213379,0.21784764528274536
Grocery,42,prior_update_gate,38,text,1.6889458894729614,0.0749117061495781,2.392498731613159,0.07776050269603729
Grocery,42,prior_update_gate,38,visual,2.9419057369232178,0.0659661740064621,5.116867542266846,0.2185005396604538
Grocery,42,prior_update_gate,39,text,1.7097855806350708,0.07528609782457352,2.4373464584350586,0.07814093679189682
Grocery,42,prior_update_gate,39,visual,2.9655075073242188,0.06618669629096985,5.187518119812012,0.21906474232673645
Grocery,42,prior_update_gate,40,text,1.7300844192504883,0.07587137818336487,2.4824419021606445,0.07854801416397095
Grocery,42,prior_update_gate,40,visual,2.988351345062256,0.06643185764551163,5.2560834884643555,0.21958604454994202
Grocery,42,prior_update_gate,41,text,1.7498551607131958,0.07648645341396332,2.5270869731903076,0.0789254829287529
Grocery,42,prior_update_gate,41,visual,3.010737657546997,0.0665966346859932,5.323007583618164,0.22012923657894135
Grocery,42,prior_update_gate,42,text,1.7683581113815308,0.07690159976482391,2.5692851543426514,0.07918635755777359
Grocery,42,prior_update_gate,42,visual,3.031085968017578,0.0666060820221901,5.385749816894531,0.22062939405441284
Grocery,42,prior_update_gate,43,text,1.7850539684295654,0.07714293152093887,2.609994411468506,0.07944447547197342
Grocery,42,prior_update_gate,43,visual,3.0500874519348145,0.06663141399621964,5.445148944854736,0.22113001346588135
Grocery,42,prior_update_gate,44,text,1.8002939224243164,0.0773719921708107,2.6498725414276123,0.07979324460029602
Grocery,42,prior_update_gate,44,visual,3.0681283473968506,0.06679681688547134,5.50160026550293,0.2214125096797943
Grocery,42,prior_update_gate,45,text,1.81569504737854,0.07774132490158081,2.691554307937622,0.08032387495040894
Grocery,42,prior_update_gate,45,visual,3.0847861766815186,0.06706396490335464,5.555293083190918,0.22126805782318115
Grocery,42,prior_update_gate,46,text,1.8308169841766357,0.07809678465127945,2.7310733795166016,0.08073685318231583
Grocery,42,prior_update_gate,46,visual,3.0994410514831543,0.06720975041389465,5.6052727699279785,0.22103999555110931
Grocery,42,prior_update_gate,47,text,1.8458274602890015,0.07836154848337173,2.7685375213623047,0.08089632540941238
Grocery,42,prior_update_gate,47,visual,3.112870216369629,0.06710926443338394,5.652775287628174,0.22088594734668732
Grocery,42,prior_update_gate,48,text,1.8607860803604126,0.07860066741704941,2.8062191009521484,0.08105623722076416
Grocery,42,prior_update_gate,48,visual,3.1262502670288086,0.06702502071857452,5.699233055114746,0.22077496349811554
Grocery,42,prior_update_gate,49,text,1.876379132270813,0.07899006456136703,2.8473896980285645,0.08144424110651016
Grocery,42,prior_update_gate,49,visual,3.139907121658325,0.06717894226312637,5.746117115020752,0.22065289318561554
Grocery,42,prior_update_gate,50,text,1.891824722290039,0.07936923950910568,2.8883888721466064,0.08187326043844223
Grocery,42,prior_update_gate,50,visual,3.152052640914917,0.06736528128385544,5.790012836456299,0.2204006016254425
Grocery,42,prior_update_gate,51,text,1.9060947895050049,0.0795394703745842,2.9263498783111572,0.08209846913814545
Grocery,42,prior_update_gate,51,visual,3.162742853164673,0.06738162040710449,5.830923080444336,0.22006940841674805
Grocery,42,prior_update_gate,52,text,1.9189064502716064,0.07962477207183838,2.962428569793701,0.08226040005683899
Grocery,42,prior_update_gate,52,visual,3.1729445457458496,0.06733265519142151,5.870039463043213,0.21967920660972595
Grocery,42,prior_update_gate,53,text,1.9313280582427979,0.07976353913545609,2.9995577335357666,0.08245780318975449
Grocery,42,prior_update_gate,53,visual,3.1838111877441406,0.06736438721418381,5.910329818725586,0.2194381058216095
Grocery,42,prior_update_gate,54,text,1.943102478981018,0.07995997369289398,3.035902500152588,0.08266215771436691
Grocery,42,prior_update_gate,54,visual,3.1944639682769775,0.06745702028274536,5.9502177238464355,0.2193225622177124
Grocery,42,prior_update_gate,55,text,1.9548025131225586,0.08020593225955963,3.072258234024048,0.08289522677659988
Grocery,42,prior_update_gate,55,visual,3.2045202255249023,0.06752509623765945,5.988664627075195,0.2192334085702896
Grocery,42,prior_update_gate,56,text,1.9662683010101318,0.08037253469228745,3.109469413757324,0.08312008529901505
Grocery,42,prior_update_gate,56,visual,3.214468240737915,0.06750097870826721,6.02606725692749,0.21911630034446716
Grocery,42,prior_update_gate,57,text,1.9761728048324585,0.08032331615686417,3.144009590148926,0.08310330659151077
Grocery,42,prior_update_gate,57,visual,3.224966526031494,0.0674697682261467,6.064579963684082,0.2192661613225937
Grocery,42,prior_update_gate,58,text,1.9857090711593628,0.08027487248182297,3.1777138710021973,0.08309159427881241
Grocery,42,prior_update_gate,58,visual,3.235489845275879,0.06753960251808167,6.103752136230469,0.2195347100496292
Grocery,42,prior_update_gate,59,text,1.9958937168121338,0.0803435742855072,3.2148959636688232,0.08319161832332611
Grocery,42,prior_update_gate,59,visual,3.2452986240386963,0.06770823150873184,6.142238616943359,0.2194375991821289
Grocery,42,prior_update_gate,60,text,2.006087303161621,0.08049219846725464,3.2528128623962402,0.08341233432292938
Grocery,42,prior_update_gate,60,visual,3.253807783126831,0.06775682419538498,6.177277565002441,0.21911410987377167
Grocery,42,prior_update_gate,61,text,2.015146017074585,0.0805918276309967,3.2896480560302734,0.08347127586603165
Grocery,42,prior_update_gate,61,visual,3.261996269226074,0.06769540160894394,6.211050033569336,0.21864302456378937
Grocery,42,prior_update_gate,62,text,2.023587942123413,0.08061663061380386,3.3244166374206543,0.08328298479318619
Grocery,42,prior_update_gate,62,visual,3.2705893516540527,0.06762741506099701,6.2462592124938965,0.21837083995342255
Grocery,42,prior_update_gate,63,text,2.0322322845458984,0.0807291641831398,3.3586714267730713,0.08313661068677902
Grocery,42,prior_update_gate,63,visual,3.278940200805664,0.06762468814849854,6.2815117835998535,0.21813252568244934
Grocery,42,prior_update_gate,64,text,2.041891574859619,0.08098094165325165,3.39542293548584,0.08320936560630798
Grocery,42,prior_update_gate,64,visual,3.286865711212158,0.0676891878247261,6.316911697387695,0.21776896715164185
Grocery,42,prior_update_gate,65,text,2.0504090785980225,0.08119302988052368,3.431725025177002,0.08328355103731155
Grocery,42,prior_update_gate,65,visual,3.294222116470337,0.06777963042259216,6.350279331207275,0.2172127217054367
Grocery,42,prior_update_gate,66,text,2.0576961040496826,0.08121221512556076,3.4655227661132812,0.08317485451698303
Grocery,42,prior_update_gate,66,visual,3.301286458969116,0.0678199976682663,6.382298946380615,0.21662366390228271
Grocery,42,prior_update_gate,67,text,2.0634067058563232,0.08109480887651443,3.495434045791626,0.0828653872013092
Grocery,42,prior_update_gate,67,visual,3.3086884021759033,0.06778949499130249,6.4141645431518555,0.21635159850120544
Grocery,42,prior_update_gate,68,text,2.069304943084717,0.0810462161898613,3.525512218475342,0.08250855654478073
Grocery,42,prior_update_gate,68,visual,3.316617250442505,0.06775983422994614,6.447144508361816,0.21630480885505676
Grocery,42,prior_update_gate,69,text,2.076500177383423,0.08121321350336075,3.5584096908569336,0.0822548121213913
Grocery,42,prior_update_gate,69,visual,3.324775457382202,0.06776686757802963,6.480947494506836,0.216179758310318
Grocery,42,prior_update_gate,70,text,2.084789514541626,0.08146708458662033,3.5927770137786865,0.08218342065811157
Grocery,42,prior_update_gate,70,visual,3.332228660583496,0.06773261725902557,6.5138421058654785,0.21585404872894287
Grocery,42,prior_update_gate,71,text,2.094062566757202,0.08165927976369858,3.6297216415405273,0.08215373754501343
Grocery,42,prior_update_gate,71,visual,3.3395450115203857,0.0677596852183342,6.546602725982666,0.2154282182455063
Grocery,42,prior_update_gate,72,text,2.1024367809295654,0.08174052834510803,3.666034460067749,0.08198191970586777
Grocery,42,prior_update_gate,72,visual,3.347529649734497,0.06787026673555374,6.5807414054870605,0.21518422663211823
Grocery,42,prior_update_gate,73,text,2.110153913497925,0.08173225820064545,3.7008683681488037,0.08160865306854248
Grocery,42,prior_update_gate,73,visual,3.3564260005950928,0.06790530681610107,6.617218494415283,0.21528367698192596
Grocery,42,prior_update_gate,74,text,2.120076894760132,0.08172225207090378,3.738361120223999,0.08134464174509048
Grocery,42,prior_update_gate,74,visual,3.364769697189331,0.06784328818321228,6.653653144836426,0.2153676450252533
Grocery,42,prior_update_gate,75,text,2.130458354949951,0.08178718388080597,3.778015613555908,0.08130735903978348
Grocery,42,prior_update_gate,75,visual,3.3723843097686768,0.06787607818841934,6.688498020172119,0.21497604250907898
Grocery,42,prior_update_gate,76,text,2.1416075229644775,0.08196673542261124,3.820971965789795,0.08143547922372818
Grocery,42,prior_update_gate,76,visual,3.379932403564453,0.0680471882224083,6.723383903503418,0.21427425742149353
Grocery,42,prior_update_gate,77,text,2.153289318084717,0.0821041688323021,3.8623015880584717,0.08152559399604797
Grocery,42,prior_update_gate,77,visual,3.386643886566162,0.06810794025659561,6.75717306137085,0.21364331245422363
Grocery,42,prior_update_gate,78,text,2.164228677749634,0.08215107768774033,3.901662826538086,0.08140573650598526
Grocery,42,prior_update_gate,78,visual,3.3931612968444824,0.06806157529354095,6.791303634643555,0.21308374404907227
Grocery,42,prior_update_gate,79,text,2.17409348487854,0.08218617737293243,3.9413506984710693,0.08124994486570358
Grocery,42,prior_update_gate,79,visual,3.400029420852661,0.0680570974946022,6.826666831970215,0.2124231457710266
Grocery,42,prior_update_gate,80,text,2.1846511363983154,0.08225621283054352,3.9829518795013428,0.0812356173992157
Grocery,42,prior_update_gate,80,visual,3.406508207321167,0.06811096519231796,6.861337184906006,0.21157675981521606
Grocery,42,prior_update_gate,81,text,2.1951847076416016,0.08227282017469406,4.024344444274902,0.08130775392055511
Grocery,42,prior_update_gate,81,visual,3.4137229919433594,0.06815843284130096,6.896597862243652,0.21091149747371674
Grocery,42,prior_update_gate,82,text,2.20636248588562,0.08232849836349487,4.066409587860107,0.08151964843273163
Grocery,42,prior_update_gate,82,visual,3.421607732772827,0.06820098310709,6.933218002319336,0.2104283720254898
Grocery,42,prior_update_gate,83,text,2.2172176837921143,0.08244317770004272,4.108789443969727,0.08168359845876694
Grocery,42,prior_update_gate,83,visual,3.429212808609009,0.06831889599561691,6.970059394836426,0.20987549424171448
Grocery,42,prior_update_gate,84,text,2.226133108139038,0.08254878222942352,4.148436069488525,0.08158089220523834
Grocery,42,prior_update_gate,84,visual,3.437248468399048,0.06836488097906113,7.007322788238525,0.20941612124443054
Grocery,42,prior_update_gate,85,text,2.2351245880126953,0.08250539749860764,4.187521934509277,0.0813218206167221
Grocery,42,prior_update_gate,85,visual,3.4456446170806885,0.06836206465959549,7.044797420501709,0.2090938538312912
Grocery,42,prior_update_gate,86,text,2.244753122329712,0.08252108097076416,4.229269504547119,0.08122414350509644
Grocery,42,prior_update_gate,86,visual,3.454411745071411,0.06841506063938141,7.083695411682129,0.20860779285430908
Grocery,42,prior_update_gate,87,text,2.255405902862549,0.0826529860496521,4.272209644317627,0.08128058910369873
Grocery,42,prior_update_gate,87,visual,3.462412118911743,0.0684509351849556,7.121539115905762,0.20792709290981293
Grocery,42,prior_update_gate,88,text,2.2668750286102295,0.08279486745595932,4.317296504974365,0.08141260594129562
Grocery,42,prior_update_gate,88,visual,3.4708962440490723,0.06856665015220642,7.16090726852417,0.20718048512935638
Grocery,42,prior_update_gate,89,text,2.277566432952881,0.08288735151290894,4.359166145324707,0.08150152862071991
Grocery,42,prior_update_gate,89,visual,3.47934889793396,0.06865803152322769,7.199752330780029,0.20661699771881104
Grocery,42,prior_update_gate,90,text,2.287243366241455,0.08292386680841446,4.399230003356934,0.08138591796159744
Grocery,42,prior_update_gate,90,visual,3.487441062927246,0.06870179623365402,7.236748695373535,0.20632633566856384
Grocery,42,prior_update_gate,91,text,2.29589581489563,0.08296868950128555,4.439716339111328,0.08120501041412354
Grocery,42,prior_update_gate,91,visual,3.4954845905303955,0.0686967745423317,7.272887229919434,0.20593716204166412
Grocery,42,prior_update_gate,92,text,2.304518461227417,0.0830475389957428,4.479360580444336,0.08110294491052628
Grocery,42,prior_update_gate,92,visual,3.5035572052001953,0.068718820810318,7.309941291809082,0.20541410148143768
Grocery,42,prior_update_gate,93,text,2.3143157958984375,0.08316165953874588,4.51975679397583,0.0811677798628807
Grocery,42,prior_update_gate,93,visual,3.5112617015838623,0.0687834769487381,7.346818923950195,0.20475447177886963
Grocery,42,prior_update_gate,94,text,2.3238589763641357,0.08333197236061096,4.559778690338135,0.08126914501190186
Grocery,42,prior_update_gate,94,visual,3.5189969539642334,0.06880437582731247,7.383383750915527,0.20401631295681
Grocery,42,prior_update_gate,95,text,2.33267879486084,0.08359885960817337,4.599822521209717,0.08131113648414612
Grocery,42,prior_update_gate,95,visual,3.5266356468200684,0.06878848373889923,7.419357776641846,0.20331507921218872
Grocery,42,prior_update_gate,96,text,2.3420636653900146,0.08379051089286804,4.640007972717285,0.08137140423059464
Grocery,42,prior_update_gate,96,visual,3.5335192680358887,0.06882115453481674,7.452898979187012,0.20261824131011963
Grocery,42,prior_update_gate,97,text,2.350386619567871,0.08382096886634827,4.678414344787598,0.08130630850791931
Grocery,42,prior_update_gate,97,visual,3.540834665298462,0.06894809007644653,7.487771511077881,0.20190420746803284
Grocery,42,prior_update_gate,98,text,2.3581554889678955,0.0839289054274559,4.717933654785156,0.08127928525209427
Grocery,42,prior_update_gate,98,visual,3.548426628112793,0.06899581849575043,7.52332067489624,0.2011677324771881
Grocery,42,prior_update_gate,99,text,2.3663063049316406,0.08409330993890762,4.757810115814209,0.08134587109088898
Grocery,42,prior_update_gate,99,visual,3.555669069290161,0.06904206424951553,7.558655261993408,0.20043843984603882
Grocery,42,prior_update_gate,100,text,2.374711513519287,0.08432028442621231,4.797636032104492,0.08150836080312729
Grocery,42,prior_update_gate,100,visual,3.564136505126953,0.06910791248083115,7.596311092376709,0.1998175084590912
Grocery,42,prior_update_gate,101,text,2.384157419204712,0.08444403856992722,4.839925765991211,0.08167492598295212
Grocery,42,prior_update_gate,101,visual,3.5731301307678223,0.06917119771242142,7.633968830108643,0.19944201409816742
Grocery,42,prior_update_gate,102,text,2.3930013179779053,0.08460871130228043,4.880348205566406,0.08178973942995071
Grocery,42,prior_update_gate,102,visual,3.5821475982666016,0.06917310506105423,7.671736717224121,0.19907745718955994
Grocery,42,prior_update_gate,103,text,2.402228355407715,0.0847882479429245,4.922089576721191,0.08188275992870331
Grocery,42,prior_update_gate,103,visual,3.591562032699585,0.069321408867836,7.710837364196777,0.19863957166671753
Grocery,42,prior_update_gate,104,text,2.412484884262085,0.08487028628587723,4.9637980461120605,0.08207648247480392
Grocery,42,prior_update_gate,104,visual,3.6001627445220947,0.06932508200407028,7.748342514038086,0.1979847103357315
Grocery,42,prior_update_gate,105,text,2.42250919342041,0.08494165539741516,5.006371021270752,0.08225060254335403
Grocery,42,prior_update_gate,105,visual,3.6090221405029297,0.06931327283382416,7.786951065063477,0.19733810424804688
Grocery,42,prior_update_gate,106,text,2.43053936958313,0.08510887622833252,5.0463457107543945,0.08229148387908936
Grocery,42,prior_update_gate,106,visual,3.6177420616149902,0.06938325613737106,7.825747013092041,0.19662782549858093
Grocery,42,prior_update_gate,107,text,2.437821388244629,0.08527954667806625,5.08622407913208,0.08209148794412613
Grocery,42,prior_update_gate,107,visual,3.6263179779052734,0.06954646110534668,7.865227699279785,0.19561035931110382
Grocery,42,prior_update_gate,108,text,2.4460439682006836,0.08537221699953079,5.1261138916015625,0.08197801560163498
Grocery,42,prior_update_gate,108,visual,3.634092330932617,0.0695992112159729,7.902095317840576,0.19456833600997925
Grocery,42,terminal,0,text,0.0,0.0,0.0,0.0
Grocery,42,terminal,0,visual,0.0,0.0,0.0,0.0
Grocery,42,terminal,1,text,0.0,0.0,0.0,0.0
Grocery,42,terminal,1,visual,0.0,0.0,0.0,0.0
Grocery,42,terminal,2,text,0.0,0.0,0.0,0.0
Grocery,42,terminal,2,visual,0.0,0.0,0.0,0.0
Grocery,42,terminal,3,text,0.0,0.0,0.0,0.0
Grocery,42,terminal,3,visual,0.0,0.0,0.0,0.0
Grocery,42,terminal,4,text,0.0,0.0,0.0,0.0
Grocery,42,terminal,4,visual,0.0,0.0,0.0,0.0
Grocery,42,terminal,5,text,0.0,0.0,0.0,0.0
Grocery,42,terminal,5,visual,0.0,0.0,0.0,0.0
Grocery,42,terminal,6,text,0.0,0.0,0.0,0.0
Grocery,42,terminal,6,visual,0.0,0.0,0.0,0.0
Grocery,42,terminal,7,text,0.0,0.0,0.0,0.0
Grocery,42,terminal,7,visual,0.0,0.0,0.0,0.0
Grocery,42,terminal,8,text,0.0,0.0,0.0,0.0
Grocery,42,terminal,8,visual,0.0,0.0,0.0,0.0
Grocery,42,terminal,9,text,0.0,0.0,0.0,0.0
Grocery,42,terminal,9,visual,0.0,0.0,0.0,0.0
Grocery,42,terminal,10,text,0.0,0.0,0.0,0.0
Grocery,42,terminal,10,visual,0.0,0.0,0.0,0.0
Grocery,42,terminal,11,text,0.0,0.0,0.0,0.0
Grocery,42,terminal,11,visual,0.0,0.0,0.0,0.0
Grocery,42,terminal,12,text,0.0,0.0,0.0,0.0
Grocery,42,terminal,12,visual,0.0,0.0,0.0,0.0
Grocery,42,terminal,13,text,0.0,0.0,0.0,0.0
Grocery,42,terminal,13,visual,0.0,0.0,0.0,0.0
Grocery,42,terminal,14,text,0.0,0.0,0.0,0.0
Grocery,42,terminal,14,visual,0.0,0.0,0.0,0.0
Grocery,42,terminal,15,text,0.0,0.0,0.0,0.0
Grocery,42,terminal,15,visual,0.0,0.0,0.0,0.0
Grocery,42,terminal,16,text,0.0,0.0,0.0,0.0
Grocery,42,terminal,16,visual,0.0,0.0,0.0,0.0
Grocery,42,terminal,17,text,0.0,0.0,0.0,0.0
Grocery,42,terminal,17,visual,0.0,0.0,0.0,0.0
Grocery,42,terminal,18,text,0.0,0.0,0.0,0.0
Grocery,42,terminal,18,visual,0.0,0.0,0.0,0.0
Grocery,42,terminal,19,text,0.0,0.0,0.0,0.0
Grocery,42,terminal,19,visual,0.0,0.0,0.0,0.0
Grocery,42,terminal,20,text,0.0,0.0,0.0,0.0
Grocery,42,terminal,20,visual,0.0,0.0,0.0,0.0
Grocery,42,terminal,21,text,0.0,0.0,0.0,0.0
Grocery,42,terminal,21,visual,0.0,0.0,0.0,0.0
Grocery,42,terminal,22,text,0.0,0.0,0.0,0.0
Grocery,42,terminal,22,visual,0.0,0.0,0.0,0.0
Grocery,42,terminal,23,text,0.0,0.0,0.0,0.0
Grocery,42,terminal,23,visual,0.0,0.0,0.0,0.0
Grocery,42,terminal,24,text,0.0,0.0,0.0,0.0
Grocery,42,terminal,24,visual,0.0,0.0,0.0,0.0
Grocery,42,terminal,25,text,0.0,0.0,0.0,0.0
Grocery,42,terminal,25,visual,0.0,0.0,0.0,0.0
Grocery,42,terminal,26,text,0.0,0.0,0.0,0.0
Grocery,42,terminal,26,visual,0.0,0.0,0.0,0.0
Grocery,42,terminal,27,text,0.0,0.0,0.0,0.0
Grocery,42,terminal,27,visual,0.0,0.0,0.0,0.0
Grocery,42,terminal,28,text,0.0,0.0,0.0,0.0
Grocery,42,terminal,28,visual,0.0,0.0,0.0,0.0
Grocery,42,terminal,29,text,0.0,0.0,0.0,0.0
Grocery,42,terminal,29,visual,0.0,0.0,0.0,0.0
Grocery,42,terminal,30,text,0.0,0.0,0.0,0.0
Grocery,42,terminal,30,visual,0.0,0.0,0.0,0.0
Grocery,42,terminal,31,text,0.0,0.0,0.0,0.0
Grocery,42,terminal,31,visual,0.0,0.0,0.0,0.0
Grocery,42,terminal,32,text,0.0,0.0,0.0,0.0
Grocery,42,terminal,32,visual,0.0,0.0,0.0,0.0
Grocery,42,terminal,33,text,0.0,0.0,0.0,0.0
Grocery,42,terminal,33,visual,0.0,0.0,0.0,0.0
Grocery,42,terminal,34,text,0.0,0.0,0.0,0.0
Grocery,42,terminal,34,visual,0.0,0.0,0.0,0.0
Grocery,42,terminal,35,text,0.0,0.0,0.0,0.0
Grocery,42,terminal,35,visual,0.0,0.0,0.0,0.0
Grocery,42,terminal,36,text,0.0,0.0,0.0,0.0
Grocery,42,terminal,36,visual,0.0,0.0,0.0,0.0
Grocery,42,terminal,37,text,0.0,0.0,0.0,0.0
Grocery,42,terminal,37,visual,0.0,0.0,0.0,0.0
Grocery,42,terminal,38,text,0.0,0.0,0.0,0.0
Grocery,42,terminal,38,visual,0.0,0.0,0.0,0.0
Grocery,42,terminal,39,text,0.0,0.0,0.0,0.0
Grocery,42,terminal,39,visual,0.0,0.0,0.0,0.0
Grocery,42,terminal,40,text,0.0,0.0,0.0,0.0
Grocery,42,terminal,40,visual,0.0,0.0,0.0,0.0
Grocery,42,terminal,41,text,0.0,0.0,0.0,0.0
Grocery,42,terminal,41,visual,0.0,0.0,0.0,0.0
Grocery,42,terminal,42,text,0.0,0.0,0.0,0.0
Grocery,42,terminal,42,visual,0.0,0.0,0.0,0.0
Grocery,42,terminal,43,text,0.0,0.0,0.0,0.0
Grocery,42,terminal,43,visual,0.0,0.0,0.0,0.0
Grocery,42,terminal,44,text,0.0,0.0,0.0,0.0
Grocery,42,terminal,44,visual,0.0,0.0,0.0,0.0
Grocery,42,terminal,45,text,0.0,0.0,0.0,0.0
Grocery,42,terminal,45,visual,0.0,0.0,0.0,0.0
Grocery,42,terminal,46,text,0.0,0.0,0.0,0.0
Grocery,42,terminal,46,visual,0.0,0.0,0.0,0.0
Grocery,42,terminal,47,text,0.0,0.0,0.0,0.0
Grocery,42,terminal,47,visual,0.0,0.0,0.0,0.0
Grocery,42,terminal,48,text,0.0,0.0,0.0,0.0
Grocery,42,terminal,48,visual,0.0,0.0,0.0,0.0
Grocery,42,terminal,49,text,0.0,0.0,0.0,0.0
Grocery,42,terminal,49,visual,0.0,0.0,0.0,0.0
Grocery,42,terminal,50,text,0.0,0.0,0.0,0.0
Grocery,42,terminal,50,visual,0.0,0.0,0.0,0.0
Grocery,42,terminal,51,text,0.0,0.0,0.0,0.0
Grocery,42,terminal,51,visual,0.0,0.0,0.0,0.0
Grocery,42,terminal,52,text,0.0,0.0,0.0,0.0
Grocery,42,terminal,52,visual,0.0,0.0,0.0,0.0
Grocery,42,terminal,53,text,0.0,0.0,0.0,0.0
Grocery,42,terminal,53,visual,0.0,0.0,0.0,0.0
Grocery,42,terminal,54,text,0.0,0.0,0.0,0.0
Grocery,42,terminal,54,visual,0.0,0.0,0.0,0.0
Grocery,42,terminal,55,text,0.0,0.0,0.0,0.0
Grocery,42,terminal,55,visual,0.0,0.0,0.0,0.0
Grocery,42,terminal,56,text,0.0,0.0,0.0,0.0
Grocery,42,terminal,56,visual,0.0,0.0,0.0,0.0
Grocery,42,terminal,57,text,0.0,0.0,0.0,0.0
Grocery,42,terminal,57,visual,0.0,0.0,0.0,0.0
Grocery,42,terminal,58,text,0.0,0.0,0.0,0.0
Grocery,42,terminal,58,visual,0.0,0.0,0.0,0.0
Grocery,42,terminal,59,text,0.0,0.0,0.0,0.0
Grocery,42,terminal,59,visual,0.0,0.0,0.0,0.0
Grocery,42,terminal,60,text,0.0,0.0,0.0,0.0
Grocery,42,terminal,60,visual,0.0,0.0,0.0,0.0
Grocery,42,terminal,61,text,0.0,0.0,0.0,0.0
Grocery,42,terminal,61,visual,0.0,0.0,0.0,0.0
Grocery,42,terminal,62,text,0.0,0.0,0.0,0.0
Grocery,42,terminal,62,visual,0.0,0.0,0.0,0.0
Grocery,42,terminal,63,text,0.0,0.0,0.0,0.0
Grocery,42,terminal,63,visual,0.0,0.0,0.0,0.0
Grocery,42,terminal,64,text,0.0,0.0,0.0,0.0
Grocery,42,terminal,64,visual,0.0,0.0,0.0,0.0
Grocery,42,terminal,65,text,0.0,0.0,0.0,0.0
Grocery,42,terminal,65,visual,0.0,0.0,0.0,0.0
Grocery,42,terminal,66,text,0.0,0.0,0.0,0.0
Grocery,42,terminal,66,visual,0.0,0.0,0.0,0.0
Grocery,42,terminal,67,text,0.0,0.0,0.0,0.0
Grocery,42,terminal,67,visual,0.0,0.0,0.0,0.0
Grocery,42,terminal,68,text,0.0,0.0,0.0,0.0
Grocery,42,terminal,68,visual,0.0,0.0,0.0,0.0
Grocery,42,terminal,69,text,0.0,0.0,0.0,0.0
Grocery,42,terminal,69,visual,0.0,0.0,0.0,0.0
Grocery,42,terminal,70,text,0.0,0.0,0.0,0.0
Grocery,42,terminal,70,visual,0.0,0.0,0.0,0.0
Grocery,42,terminal,71,text,0.0,0.0,0.0,0.0
Grocery,42,terminal,71,visual,0.0,0.0,0.0,0.0
Grocery,42,terminal,72,text,0.0,0.0,0.0,0.0
Grocery,42,terminal,72,visual,0.0,0.0,0.0,0.0
Grocery,42,terminal,73,text,0.0,0.0,0.0,0.0
Grocery,42,terminal,73,visual,0.0,0.0,0.0,0.0
Grocery,42,terminal,74,text,0.0,0.0,0.0,0.0
Grocery,42,terminal,74,visual,0.0,0.0,0.0,0.0
Grocery,42,terminal,75,text,0.0,0.0,0.0,0.0
Grocery,42,terminal,75,visual,0.0,0.0,0.0,0.0
Grocery,42,terminal,76,text,0.0,0.0,0.0,0.0
Grocery,42,terminal,76,visual,0.0,0.0,0.0,0.0
Grocery,42,terminal,77,text,0.0,0.0,0.0,0.0
Grocery,42,terminal,77,visual,0.0,0.0,0.0,0.0
Grocery,42,terminal,78,text,0.0,0.0,0.0,0.0
Grocery,42,terminal,78,visual,0.0,0.0,0.0,0.0
Grocery,42,terminal,79,text,0.0,0.0,0.0,0.0
Grocery,42,terminal,79,visual,0.0,0.0,0.0,0.0
Grocery,42,terminal,80,text,0.0,0.0,0.0,0.0
Grocery,42,terminal,80,visual,0.0,0.0,0.0,0.0
Grocery,42,terminal,81,text,0.0,0.0,0.0,0.0
Grocery,42,terminal,81,visual,0.0,0.0,0.0,0.0
Grocery,42,terminal,82,text,0.0,0.0,0.0,0.0
Grocery,42,terminal,82,visual,0.0,0.0,0.0,0.0
Grocery,42,terminal,83,text,0.0,0.0,0.0,0.0
Grocery,42,terminal,83,visual,0.0,0.0,0.0,0.0
Grocery,42,terminal,84,text,0.0,0.0,0.0,0.0
Grocery,42,terminal,84,visual,0.0,0.0,0.0,0.0
Grocery,42,terminal,85,text,0.0,0.0,0.0,0.0
Grocery,42,terminal,85,visual,0.0,0.0,0.0,0.0
Grocery,42,terminal,86,text,0.0,0.0,0.0,0.0
Grocery,42,terminal,86,visual,0.0,0.0,0.0,0.0
Grocery,42,terminal,87,text,0.0,0.0,0.0,0.0
Grocery,42,terminal,87,visual,0.0,0.0,0.0,0.0
Grocery,42,terminal,88,text,0.0,0.0,0.0,0.0
Grocery,42,terminal,88,visual,0.0,0.0,0.0,0.0
Grocery,42,terminal,89,text,0.0,0.0,0.0,0.0
Grocery,42,terminal,89,visual,0.0,0.0,0.0,0.0
Grocery,42,terminal,90,text,0.0,0.0,0.0,0.0
Grocery,42,terminal,90,visual,0.0,0.0,0.0,0.0
Grocery,43,prior_delta_gate,0,text,0.0,0.0,0.0,0.0
Grocery,43,prior_delta_gate,0,visual,0.0,0.0,0.0,0.0
Grocery,43,prior_delta_gate,1,text,0.2557442784309387,0.01599784381687641,0.0,0.0
Grocery,43,prior_delta_gate,1,visual,0.2557622492313385,0.01599775068461895,0.0,0.0
Grocery,43,prior_delta_gate,2,text,0.3773530125617981,0.02278798818588257,0.26279890537261963,0.011864119209349155
Grocery,43,prior_delta_gate,2,visual,0.39550310373306274,0.02414967119693756,0.2623975872993469,0.011865969747304916
Grocery,43,prior_delta_gate,3,text,0.45977041125297546,0.025880256667733192,0.4100990295410156,0.01751750335097313
Grocery,43,prior_delta_gate,3,visual,0.5035067796707153,0.028185497969388962,0.41329675912857056,0.01702108047902584
Grocery,43,prior_delta_gate,4,text,0.5370292663574219,0.02709726244211197,0.5395055413246155,0.02216951921582222
Grocery,43,prior_delta_gate,4,visual,0.6099399328231812,0.03078462928533554,0.5626626014709473,0.02199576608836651
Grocery,43,prior_delta_gate,5,text,0.6141014695167542,0.028465764597058296,0.6388648748397827,0.024652628228068352
Grocery,43,prior_delta_gate,5,visual,0.7217769026756287,0.033571936190128326,0.6933689117431641,0.02834087237715721
Grocery,43,prior_delta_gate,6,text,0.6949408650398254,0.030942143872380257,0.7416752576828003,0.02695215679705143
Grocery,43,prior_delta_gate,6,visual,0.838068962097168,0.0366264246404171,0.829389214515686,0.03667474910616875
Grocery,43,prior_delta_gate,7,text,0.7633988857269287,0.03362935781478882,0.8137416243553162,0.030219022184610367
Grocery,43,prior_delta_gate,7,visual,0.9539687633514404,0.03897731751203537,0.9823495745658875,0.04670178145170212
Grocery,43,prior_delta_gate,8,text,0.8113418817520142,0.035816919058561325,0.8568185567855835,0.03302960470318794
Grocery,43,prior_delta_gate,8,visual,1.0694799423217773,0.040930286049842834,1.1526622772216797,0.057929765433073044
Grocery,43,prior_delta_gate,9,text,0.8542233109474182,0.03772469609975815,0.9038810133934021,0.03573114052414894
Grocery,43,prior_delta_gate,9,visual,1.185760259628296,0.04277831315994263,1.3356786966323853,0.07001515477895737
Grocery,43,prior_delta_gate,10,text,0.8956942558288574,0.03961052745580673,0.9593980312347412,0.03812957555055618
Grocery,43,prior_delta_gate,10,visual,1.2966855764389038,0.044712234288454056,1.5199013948440552,0.08175928145647049
Grocery,43,prior_delta_gate,11,text,0.9366698265075684,0.041582945734262466,1.0201045274734497,0.04026248678565025
Grocery,43,prior_delta_gate,11,visual,1.4083939790725708,0.04674321413040161,1.707314372062683,0.094001404941082
Grocery,43,prior_delta_gate,12,text,0.9753355979919434,0.04352705553174019,1.0830637216567993,0.042554184794425964
Grocery,43,prior_delta_gate,12,visual,1.5163432359695435,0.048555221408605576,1.8971952199935913,0.10606814920902252
Grocery,43,prior_delta_gate,13,text,1.013545036315918,0.045195527374744415,1.1453965902328491,0.044555772095918655
Grocery,43,prior_delta_gate,13,visual,1.6199747323989868,0.050303857773542404,2.0860188007354736,0.11764630675315857
Grocery,43,prior_delta_gate,14,text,1.0498465299606323,0.04638775438070297,1.204962134361267,0.046339765191078186
Grocery,43,prior_delta_gate,14,visual,1.7219129800796509,0.051697276532649994,2.2773842811584473,0.12929876148700714
Grocery,43,prior_delta_gate,15,text,1.0855557918548584,0.04750582575798035,1.26401948928833,0.04809235781431198
Grocery,43,prior_delta_gate,15,visual,1.8179084062576294,0.05287425220012665,2.4631831645965576,0.14025908708572388
Grocery,43,prior_delta_gate,16,text,1.1208232641220093,0.04831226170063019,1.3200379610061646,0.04947840794920921
Grocery,43,prior_delta_gate,16,visual,1.9079581499099731,0.054111383855342865,2.639212131500244,0.15021324157714844
Grocery,43,prior_delta_gate,17,text,1.1563512086868286,0.049102962017059326,1.3742473125457764,0.0507216602563858
Grocery,43,prior_delta_gate,17,visual,1.992600917816162,0.055224575102329254,2.807136058807373,0.1591748744249344
Grocery,43,prior_delta_gate,18,text,1.1923952102661133,0.04981713742017746,1.4279711246490479,0.05197358876466751
Grocery,43,prior_delta_gate,18,visual,2.071863889694214,0.056231360882520676,2.968783378601074,0.1672724187374115
Grocery,43,prior_delta_gate,19,text,1.228792428970337,0.050390589982271194,1.4816546440124512,0.05325691029429436
Grocery,43,prior_delta_gate,19,visual,2.1458911895751953,0.05720723792910576,3.123507499694824,0.1742735356092453
Grocery,43,prior_delta_gate,20,text,1.2657268047332764,0.05116653069853783,1.5347644090652466,0.05439593642950058
Grocery,43,prior_delta_gate,20,visual,2.215580940246582,0.0579218752682209,3.2733895778656006,0.18034377694129944
Grocery,43,prior_delta_gate,21,text,1.3038060665130615,0.05195828154683113,1.5893796682357788,0.05557035654783249
Grocery,43,prior_delta_gate,21,visual,2.2814202308654785,0.05856773629784584,3.418280839920044,0.1858603060245514
Grocery,43,prior_delta_gate,22,text,1.3419760465621948,0.05282024294137955,1.6468815803527832,0.056875016540288925
Grocery,43,prior_delta_gate,22,visual,2.3436896800994873,0.05925729498267174,3.559088706970215,0.19068968296051025
Grocery,43,prior_delta_gate,23,text,1.3806339502334595,0.05371102690696716,1.7080830335617065,0.05840020999312401
Grocery,43,prior_delta_gate,23,visual,2.403275489807129,0.05995101109147072,3.6974036693573,0.19509345293045044
Grocery,43,prior_delta_gate,24,text,1.4187328815460205,0.05450335517525673,1.7703344821929932,0.06004008650779724
Grocery,43,prior_delta_gate,24,visual,2.4599368572235107,0.06056705862283707,3.8324811458587646,0.1990460306406021
Grocery,43,prior_delta_gate,25,text,1.457673192024231,0.05527162179350853,1.8358491659164429,0.061864983290433884
Grocery,43,prior_delta_gate,25,visual,2.5141334533691406,0.06106789410114288,3.963855504989624,0.20250077545642853
Grocery,43,prior_delta_gate,26,text,1.4952821731567383,0.055984977632761,1.902756690979004,0.06365641206502914
Grocery,43,prior_delta_gate,26,visual,2.565417766571045,0.06155478209257126,4.090640544891357,0.20569822192192078
Grocery,43,prior_delta_gate,27,text,1.5305827856063843,0.05658968165516853,1.967607855796814,0.06529183685779572
Grocery,43,prior_delta_gate,27,visual,2.6143078804016113,0.0620507188141346,4.214399337768555,0.20868748426437378
Grocery,43,prior_delta_gate,28,text,1.565675139427185,0.05719546973705292,2.032485246658325,0.06692709773778915
Grocery,43,prior_delta_gate,28,visual,2.6606063842773438,0.06250644475221634,4.333859920501709,0.21130825579166412
Grocery,43,prior_delta_gate,29,text,1.600338339805603,0.05776285380125046,2.097608804702759,0.06866081804037094
Grocery,43,prior_delta_gate,29,visual,2.703587055206299,0.06287577003240585,4.4468607902526855,0.21362890303134918
Grocery,43,prior_delta_gate,30,text,1.6341054439544678,0.05817759409546852,2.1633670330047607,0.07052285969257355
Grocery,43,prior_delta_gate,30,visual,2.7439637184143066,0.06321632117033005,4.555751323699951,0.21562401950359344
Grocery,43,prior_delta_gate,31,text,1.6670559644699097,0.0585668683052063,2.2315831184387207,0.0723605826497078
Grocery,43,prior_delta_gate,31,visual,2.7824108600616455,0.0635555312037468,4.661485195159912,0.21722595393657684
Grocery,43,prior_delta_gate,32,text,1.6983336210250854,0.05902789160609245,2.2972488403320312,0.0739588513970375
Grocery,43,prior_delta_gate,32,visual,2.8182950019836426,0.06376545131206512,4.762650966644287,0.21862934529781342
Grocery,43,prior_delta_gate,33,text,1.7289119958877563,0.059506673365831375,2.361776113510132,0.07540934532880783
Grocery,43,prior_delta_gate,33,visual,2.852522134780884,0.06386124342679977,4.861315727233887,0.21984755992889404
Grocery,43,prior_delta_gate,34,text,1.7581517696380615,0.059882402420043945,2.4252853393554688,0.07683930546045303
Grocery,43,prior_delta_gate,34,visual,2.884981155395508,0.06405054032802582,4.955989837646484,0.2209625393152237
Grocery,43,prior_delta_gate,35,text,1.7865186929702759,0.06024443730711937,2.489421844482422,0.07831133157014847
Grocery,43,prior_delta_gate,35,visual,2.9150350093841553,0.06432197988033295,5.045711040496826,0.22186648845672607
Grocery,43,prior_delta_gate,36,text,1.813415288925171,0.06065036728978157,2.550793409347534,0.07961682230234146
Grocery,43,prior_delta_gate,36,visual,2.942075490951538,0.06455651670694351,5.129570007324219,0.2224545031785965
Grocery,43,prior_delta_gate,37,text,1.8404582738876343,0.06102823466062546,2.6121091842651367,0.08092574775218964
Grocery,43,prior_delta_gate,37,visual,2.9667956829071045,0.06473653763532639,5.208916187286377,0.22266191244125366
Grocery,43,prior_delta_gate,38,text,1.867238163948059,0.06137737259268761,2.675246238708496,0.08244656026363373
Grocery,43,prior_delta_gate,38,visual,2.9909496307373047,0.06481947004795074,5.287329196929932,0.22282107174396515
Grocery,43,prior_delta_gate,39,text,1.8931384086608887,0.061684440821409225,2.7373955249786377,0.08393094688653946
Grocery,43,prior_delta_gate,39,visual,3.0142440795898438,0.06482435017824173,5.363572597503662,0.22298870980739594
Grocery,43,prior_delta_gate,40,text,1.9190421104431152,0.06202484667301178,2.7999823093414307,0.08544839173555374
Grocery,43,prior_delta_gate,40,visual,3.036344051361084,0.0648060217499733,5.437474727630615,0.2231176644563675
Grocery,43,prior_delta_gate,41,text,1.9443180561065674,0.062319740653038025,2.861276388168335,0.08694347739219666
Grocery,43,prior_delta_gate,41,visual,3.056839942932129,0.0649588331580162,5.507853984832764,0.22315724194049835
Grocery,43,prior_delta_gate,42,text,1.9691033363342285,0.06269358843564987,2.923828363418579,0.08845922350883484
Grocery,43,prior_delta_gate,42,visual,3.0753607749938965,0.06512077897787094,5.574839115142822,0.22275972366333008
Grocery,43,prior_delta_gate,43,text,1.9929372072219849,0.0630120038986206,2.985013008117676,0.08997628837823868
Grocery,43,prior_delta_gate,43,visual,3.093160629272461,0.0651513859629631,5.639523029327393,0.2223825305700302
Grocery,43,prior_delta_gate,44,text,2.0166337490081787,0.06331518292427063,3.047396659851074,0.0915958434343338
Grocery,43,prior_delta_gate,44,visual,3.111440658569336,0.06514053791761398,5.704562187194824,0.22237755358219147
Grocery,43,prior_delta_gate,45,text,2.0402188301086426,0.06362086534500122,3.109156608581543,0.0932173952460289
Grocery,43,prior_delta_gate,45,visual,3.1295225620269775,0.0652799904346466,5.769423007965088,0.2224263846874237
Grocery,43,prior_delta_gate,46,text,2.0625860691070557,0.06396283954381943,3.167769193649292,0.09456051886081696
Grocery,43,prior_delta_gate,46,visual,3.1469740867614746,0.06548342853784561,5.832685470581055,0.222429558634758
Grocery,43,prior_delta_gate,47,text,2.0848608016967773,0.06434410810470581,3.227170705795288,0.0961645320057869
Grocery,43,prior_delta_gate,47,visual,3.163182020187378,0.06560171395540237,5.892631530761719,0.22241930663585663
Grocery,43,prior_delta_gate,48,text,2.1059160232543945,0.06459002196788788,3.285233974456787,0.09779752790927887
Grocery,43,prior_delta_gate,48,visual,3.1791000366210938,0.06572316586971283,5.950246810913086,0.22255192697048187
Grocery,43,prior_delta_gate,49,text,2.1273317337036133,0.06486444175243378,3.344959259033203,0.09954814612865448
Grocery,43,prior_delta_gate,49,visual,3.19496750831604,0.06576456129550934,6.00835657119751,0.22244209051132202
Grocery,43,prior_delta_gate,50,text,2.147732734680176,0.06513261795043945,3.4007537364959717,0.10112221539020538
Grocery,43,prior_delta_gate,50,visual,3.2100908756256104,0.06584720313549042,6.064799785614014,0.22243985533714294
Grocery,43,prior_delta_gate,51,text,2.167287588119507,0.0653635635972023,3.454559326171875,0.1025424525141716
Grocery,43,prior_delta_gate,51,visual,3.225144386291504,0.06601663678884506,6.121344566345215,0.22249937057495117
Grocery,43,prior_delta_gate,52,text,2.1869356632232666,0.06558478623628616,3.5097713470458984,0.10413677990436554
Grocery,43,prior_delta_gate,52,visual,3.239374876022339,0.0661863312125206,6.176136493682861,0.22239454090595245
Grocery,43,prior_delta_gate,53,text,2.207324981689453,0.06570947915315628,3.5667054653167725,0.10593399405479431
Grocery,43,prior_delta_gate,53,visual,3.253045082092285,0.06627395004034042,6.22908878326416,0.22227972745895386
Grocery,43,prior_delta_gate,54,text,2.226133108139038,0.06588443368673325,3.6208457946777344,0.10755985975265503
Grocery,43,prior_delta_gate,54,visual,3.265982151031494,0.06630676984786987,6.279857635498047,0.22204799950122833
Grocery,43,prior_delta_gate,55,text,2.2438042163848877,0.06615231186151505,3.6732757091522217,0.10904431343078613
Grocery,43,prior_delta_gate,55,visual,3.279055595397949,0.0663672611117363,6.330483436584473,0.2218267172574997
Grocery,43,prior_delta_gate,56,text,2.2602484226226807,0.06633439660072327,3.7216100692749023,0.11026327311992645
Grocery,43,prior_delta_gate,56,visual,3.290886163711548,0.0664348229765892,6.377580165863037,0.2215861976146698
Grocery,43,prior_delta_gate,57,text,2.2763195037841797,0.06639205664396286,3.7694106101989746,0.11141849309206009
Grocery,43,prior_delta_gate,57,visual,3.3012044429779053,0.06644397228956223,6.421318531036377,0.2211179882287979
Grocery,43,prior_delta_gate,58,text,2.291825771331787,0.06646712124347687,3.816796064376831,0.112677663564682
Grocery,43,prior_delta_gate,58,visual,3.310532569885254,0.06641896814107895,6.463152885437012,0.2204647958278656
Grocery,43,prior_delta_gate,59,text,2.3061482906341553,0.06663099676370621,3.862128734588623,0.11388885974884033
Grocery,43,prior_delta_gate,59,visual,3.319308042526245,0.06652379781007767,6.504279136657715,0.21977661550045013
Grocery,43,prior_delta_gate,60,text,2.3190643787384033,0.06676284223794937,3.9029417037963867,0.11478947103023529
Grocery,43,prior_delta_gate,60,visual,3.327939510345459,0.06667327135801315,6.543760299682617,0.2192329615354538
Grocery,43,prior_delta_gate,61,text,2.3315389156341553,0.06688704341650009,3.9421494007110596,0.11551768332719803
Grocery,43,prior_delta_gate,61,visual,3.3360097408294678,0.06667742133140564,6.580937385559082,0.2185562402009964
Grocery,43,prior_delta_gate,62,text,2.344399929046631,0.06706276535987854,3.9830355644226074,0.116416797041893
Grocery,43,prior_delta_gate,62,visual,3.3436503410339355,0.06659945100545883,6.617201328277588,0.21772299706935883
Grocery,43,prior_delta_gate,63,text,2.356860876083374,0.06714712828397751,4.023606300354004,0.11751401424407959
Grocery,43,prior_delta_gate,63,visual,3.351726770401001,0.06660253554582596,6.654331207275391,0.2171076238155365
Grocery,43,prior_delta_gate,64,text,2.370717763900757,0.06723188608884811,4.066789627075195,0.11888948082923889
Grocery,43,prior_delta_gate,64,visual,3.3597893714904785,0.06659016758203506,6.692604064941406,0.21642518043518066
Grocery,43,prior_delta_gate,65,text,2.3854305744171143,0.0673440545797348,4.111521244049072,0.12033341825008392
Grocery,43,prior_delta_gate,65,visual,3.367213487625122,0.06668533384799957,6.7300705909729,0.21563605964183807
Grocery,43,prior_delta_gate,66,text,2.400207757949829,0.06750773638486862,4.157399654388428,0.12186676263809204
Grocery,43,prior_delta_gate,66,visual,3.3744595050811768,0.0667533129453659,6.766759395599365,0.2146918773651123
Grocery,43,prior_delta_gate,67,text,2.4155261516571045,0.06779490411281586,4.204625606536865,0.12353643774986267
Grocery,43,prior_delta_gate,67,visual,3.3815131187438965,0.06677241623401642,6.803397178649902,0.213714599609375
Grocery,43,prior_delta_gate,68,text,2.429553270339966,0.06793370842933655,4.248901844024658,0.1250162422657013
Grocery,43,prior_delta_gate,68,visual,3.3890395164489746,0.06676554679870605,6.839874267578125,0.21292594075202942
Grocery,43,prior_delta_gate,69,text,2.4424421787261963,0.06795702129602432,4.2913103103637695,0.12634874880313873
Grocery,43,prior_delta_gate,69,visual,3.397260904312134,0.0667891800403595,6.876827716827393,0.21246559917926788
Grocery,43,prior_delta_gate,70,text,2.457106113433838,0.06801249086856842,4.3381547927856445,0.12810859084129333
Grocery,43,prior_delta_gate,70,visual,3.405038595199585,0.06683185696601868,6.913844585418701,0.21193471550941467
Grocery,43,prior_delta_gate,71,text,2.4729340076446533,0.068091481924057,4.387973785400391,0.12995605170726776
Grocery,43,prior_delta_gate,71,visual,3.414016008377075,0.06700793653726578,6.953054904937744,0.21152754127979279
Grocery,43,prior_delta_gate,72,text,2.4883265495300293,0.06830334663391113,4.435944080352783,0.13154640793800354
Grocery,43,prior_delta_gate,72,visual,3.4230782985687256,0.06723729521036148,6.991696834564209,0.21118676662445068
Grocery,43,prior_delta_gate,73,text,2.5023036003112793,0.06847498565912247,4.481779098510742,0.13296383619308472
Grocery,43,prior_delta_gate,73,visual,3.432511568069458,0.06732569634914398,7.029761791229248,0.210914745926857
Grocery,43,prior_delta_gate,74,text,2.5160951614379883,0.06857658922672272,4.526940822601318,0.1344456523656845
Grocery,43,prior_delta_gate,74,visual,3.441878080368042,0.06738508492708206,7.06728982925415,0.21088354289531708
Grocery,43,prior_delta_gate,75,text,2.5302560329437256,0.06862469762563705,4.573169708251953,0.1359146386384964
Grocery,43,prior_delta_gate,75,visual,3.4509117603302,0.06733449548482895,7.104170799255371,0.2106511890888214
Grocery,43,prior_delta_gate,76,text,2.544611930847168,0.06869549304246902,4.61943244934082,0.13734012842178345
Grocery,43,prior_delta_gate,76,visual,3.460029125213623,0.0674920454621315,7.141425609588623,0.21051880717277527
Grocery,43,prior_delta_gate,77,text,2.5599281787872314,0.0689416453242302,4.668129920959473,0.1388942450284958
Grocery,43,prior_delta_gate,77,visual,3.4691102504730225,0.06763866543769836,7.180499076843262,0.21013516187667847
Grocery,43,prior_delta_gate,78,text,2.5763609409332275,0.06910232454538345,4.719421863555908,0.14071208238601685
Grocery,43,prior_delta_gate,78,visual,3.4780359268188477,0.06773387640714645,7.219970703125,0.20974521338939667
Grocery,43,prior_delta_gate,79,text,2.591193437576294,0.06935876607894897,4.768290996551514,0.14232119917869568
Grocery,43,prior_delta_gate,79,visual,3.4876251220703125,0.06783350557088852,7.25986909866333,0.20943182706832886
Grocery,43,prior_delta_gate,80,text,2.6072256565093994,0.06949994713068008,4.8192524909973145,0.14406037330627441
Grocery,43,prior_delta_gate,80,visual,3.4973316192626953,0.06777024269104004,7.29968786239624,0.2091848999261856
Grocery,43,prior_delta_gate,81,text,2.622313976287842,0.06966275721788406,4.868150234222412,0.14564910531044006
Grocery,43,prior_delta_gate,81,visual,3.5078277587890625,0.06787773221731186,7.339980125427246,0.20923621952533722
Grocery,43,prior_delta_gate,82,text,2.6391401290893555,0.06995395570993423,4.919719219207764,0.1475018858909607
Grocery,43,prior_delta_gate,82,visual,3.5174622535705566,0.06810149550437927,7.380512237548828,0.2091115266084671
Grocery,43,prior_delta_gate,83,text,2.656846046447754,0.07020702213048935,4.974137783050537,0.1495411992073059
Grocery,43,prior_delta_gate,83,visual,3.5271494388580322,0.06814989447593689,7.42162561416626,0.20867855846881866
Grocery,43,prior_delta_gate,84,text,2.6728994846343994,0.07045242935419083,5.024316787719727,0.15135128796100616
Grocery,43,prior_delta_gate,84,visual,3.53603196144104,0.06825719773769379,7.460635662078857,0.2082713097333908
Grocery,43,prior_delta_gate,85,text,2.6891262531280518,0.07059147953987122,5.075585842132568,0.15322254598140717
Grocery,43,prior_delta_gate,85,visual,3.5450756549835205,0.06828933954238892,7.500426292419434,0.20785003900527954
Grocery,43,prior_delta_gate,86,text,2.703308343887329,0.07072420418262482,5.121960163116455,0.15464048087596893
Grocery,43,prior_delta_gate,86,visual,3.553690195083618,0.06823206692934036,7.5378098487854,0.2073095589876175
Grocery,43,prior_delta_gate,87,text,2.7168383598327637,0.07083725184202194,5.166111946105957,0.15583012998104095
Grocery,43,prior_delta_gate,87,visual,3.561619997024536,0.06815502047538757,7.572742462158203,0.2066972702741623
Grocery,43,prior_delta_gate,88,text,2.728588581085205,0.07098507881164551,5.205002784729004,0.15658609569072723
Grocery,43,prior_delta_gate,88,visual,3.5692856311798096,0.06822483241558075,7.606594085693359,0.20636069774627686
Grocery,43,prior_delta_gate,89,text,2.738762617111206,0.07113442569971085,5.239185810089111,0.1569969654083252
Grocery,43,prior_delta_gate,89,visual,3.577228307723999,0.06835605949163437,7.640573978424072,0.20625807344913483
Grocery,43,prior_delta_gate,90,text,2.7486703395843506,0.07126139104366302,5.27268123626709,0.15743020176887512
Grocery,43,prior_delta_gate,90,visual,3.585094928741455,0.06837831437587738,7.673687934875488,0.20600739121437073
Grocery,43,prior_delta_gate,91,text,2.7595255374908447,0.0713636502623558,5.308345317840576,0.1580873429775238
Grocery,43,prior_delta_gate,91,visual,3.5925521850585938,0.06836587935686111,7.705111980438232,0.2056461125612259
Grocery,43,prior_delta_gate,92,text,2.7696380615234375,0.0715290978550911,5.342202186584473,0.1586650013923645
Grocery,43,prior_delta_gate,92,visual,3.599147081375122,0.0684724673628807,7.734725475311279,0.2052973359823227
Grocery,43,prior_delta_gate,93,text,2.7797703742980957,0.07169679552316666,5.376856803894043,0.15930674970149994
Grocery,43,prior_delta_gate,93,visual,3.6056411266326904,0.06856749951839447,7.766050815582275,0.20476046204566956
Grocery,43,prior_delta_gate,94,text,2.7896854877471924,0.07181918621063232,5.410727024078369,0.1597755253314972
Grocery,43,prior_delta_gate,94,visual,3.613034248352051,0.06851684302091599,7.798645973205566,0.2042047083377838
Grocery,43,prior_delta_gate,95,text,2.7996039390563965,0.07185380160808563,5.44387149810791,0.16013066470623016
Grocery,43,prior_delta_gate,95,visual,3.620112657546997,0.06852898001670837,7.829475402832031,0.20374387502670288
Grocery,43,prior_delta_gate,96,text,2.811324119567871,0.07197283953428268,5.4812469482421875,0.16086295247077942
Grocery,43,prior_delta_gate,96,visual,3.6268627643585205,0.06868820637464523,7.859867572784424,0.2034211903810501
Grocery,43,prior_delta_gate,97,text,2.8224995136260986,0.07222562283277512,5.517607688903809,0.16156218945980072
Grocery,43,prior_delta_gate,97,visual,3.6336169242858887,0.06881476193666458,7.890815258026123,0.20296098291873932
Grocery,43,prior_delta_gate,98,text,2.833904981613159,0.07227819412946701,5.554094314575195,0.16234830021858215
Grocery,43,prior_delta_gate,98,visual,3.640371799468994,0.06885826587677002,7.922055721282959,0.20254038274288177
Grocery,43,prior_delta_gate,99,text,2.844663381576538,0.07233721017837524,5.589392185211182,0.162760391831398
Grocery,43,prior_delta_gate,99,visual,3.6474568843841553,0.06881822645664215,7.954086780548096,0.20200206339359283
Grocery,43,prior_update_add,0,text,0.0,0.0,0.0,0.0
Grocery,43,prior_update_add,0,visual,0.0,0.0,0.0,0.0
Grocery,43,prior_update_add,1,text,0.2558586895465851,0.015998896211385727,0.0,0.0
Grocery,43,prior_update_add,1,visual,0.2558808922767639,0.015998849645256996,0.0,0.0
Grocery,43,prior_update_add,2,text,0.3756912052631378,0.022642087191343307,0.0,0.0
Grocery,43,prior_update_add,2,visual,0.39476120471954346,0.024004139006137848,0.0,0.0
Grocery,43,prior_update_add,3,text,0.4604739546775818,0.02584165334701538,0.0,0.0
Grocery,43,prior_update_add,3,visual,0.5037663578987122,0.027899963781237602,0.0,0.0
Grocery,43,prior_update_add,4,text,0.5374652147293091,0.02701721526682377,0.0,0.0
Grocery,43,prior_update_add,4,visual,0.6086787581443787,0.03004235401749611,0.0,0.0
Grocery,43,prior_update_add,5,text,0.6104646325111389,0.028625741600990295,0.0,0.0
Grocery,43,prior_update_add,5,visual,0.7174226641654968,0.0323401540517807,0.0,0.0
Grocery,43,prior_update_add,6,text,0.6859352588653564,0.031119009479880333,0.0,0.0
Grocery,43,prior_update_add,6,visual,0.831673264503479,0.034841205924749374,0.0,0.0
Grocery,43,prior_update_add,7,text,0.7418991923332214,0.03399559110403061,0.0,0.0
Grocery,43,prior_update_add,7,visual,0.9424842000007629,0.03699332848191261,0.0,0.0
Grocery,43,prior_update_add,8,text,0.7869347929954529,0.036303505301475525,0.0,0.0
Grocery,43,prior_update_add,8,visual,1.05060613155365,0.038275618106126785,0.0,0.0
Grocery,43,prior_update_add,9,text,0.82703697681427,0.03789704665541649,0.0,0.0
Grocery,43,prior_update_add,9,visual,1.1581149101257324,0.03945909067988396,0.0,0.0
Grocery,43,prior_update_add,10,text,0.8664039373397827,0.03938845172524452,0.0,0.0
Grocery,43,prior_update_add,10,visual,1.2641531229019165,0.040333494544029236,0.0,0.0
Grocery,43,prior_update_add,11,text,0.9038470387458801,0.04101955145597458,0.0,0.0
Grocery,43,prior_update_add,11,visual,1.3666595220565796,0.04154876247048378,0.0,0.0
Grocery,43,prior_update_add,12,text,0.9381291270256042,0.04248534515500069,0.0,0.0
Grocery,43,prior_update_add,12,visual,1.4658002853393555,0.04281209036707878,0.0,0.0
Grocery,43,prior_update_add,13,text,0.9713925123214722,0.043889667838811874,0.0,0.0
Grocery,43,prior_update_add,13,visual,1.5592122077941895,0.043781958520412445,0.0,0.0
Grocery,43,prior_update_add,14,text,1.0011523962020874,0.04502546414732933,0.0,0.0
Grocery,43,prior_update_add,14,visual,1.6457477807998657,0.04487984627485275,0.0,0.0
Grocery,43,prior_update_add,15,text,1.0293126106262207,0.04585433006286621,0.0,0.0
Grocery,43,prior_update_add,15,visual,1.725658655166626,0.04591573774814606,0.0,0.0
Grocery,43,prior_update_add,16,text,1.0550750494003296,0.04673449322581291,0.0,0.0
Grocery,43,prior_update_add,16,visual,1.7998805046081543,0.04684995487332344,0.0,0.0
Grocery,43,prior_update_add,17,text,1.0797417163848877,0.04756760224699974,0.0,0.0
Grocery,43,prior_update_add,17,visual,1.8677622079849243,0.04769349843263626,0.0,0.0
Grocery,43,prior_update_add,18,text,1.1032488346099854,0.04833183065056801,0.0,0.0
Grocery,43,prior_update_add,18,visual,1.930947184562683,0.04844731464982033,0.0,0.0
Grocery,43,prior_update_add,19,text,1.1243606805801392,0.04906735569238663,0.0,0.0
Grocery,43,prior_update_add,19,visual,1.9900219440460205,0.04917949065566063,0.0,0.0
Grocery,43,prior_update_add,20,text,1.1441898345947266,0.04994514584541321,0.0,0.0
Grocery,43,prior_update_add,20,visual,2.0457217693328857,0.04974653944373131,0.0,0.0
Grocery,43,prior_update_add,21,text,1.1629287004470825,0.05085788667201996,0.0,0.0
Grocery,43,prior_update_add,21,visual,2.097393035888672,0.050345249474048615,0.0,0.0
Grocery,43,prior_update_add,22,text,1.1814007759094238,0.051590267568826675,0.0,0.0
Grocery,43,prior_update_add,22,visual,2.145381212234497,0.05091145262122154,0.0,0.0
Grocery,43,prior_update_add,23,text,1.1988768577575684,0.052316781133413315,0.0,0.0
Grocery,43,prior_update_add,23,visual,2.1899325847625732,0.05146145820617676,0.0,0.0
Grocery,43,prior_update_add,24,text,1.2147454023361206,0.05304355546832085,0.0,0.0
Grocery,43,prior_update_add,24,visual,2.2313392162323,0.05210715904831886,0.0,0.0
Grocery,43,prior_update_add,25,text,1.2303663492202759,0.05365728959441185,0.0,0.0
Grocery,43,prior_update_add,25,visual,2.269711971282959,0.05258694291114807,0.0,0.0
Grocery,43,prior_update_add,26,text,1.246151328086853,0.054102346301078796,0.0,0.0
Grocery,43,prior_update_add,26,visual,2.3052210807800293,0.05309746414422989,0.0,0.0
Grocery,43,prior_update_add,27,text,1.262534737586975,0.0545678548514843,0.0,0.0
Grocery,43,prior_update_add,27,visual,2.339308977127075,0.05349276587367058,0.0,0.0
Grocery,43,prior_update_add,28,text,1.2782518863677979,0.05505131185054779,0.0,0.0
Grocery,43,prior_update_add,28,visual,2.3713479042053223,0.05387246236205101,0.0,0.0
Grocery,43,prior_update_add,29,text,1.2936186790466309,0.05547582730650902,0.0,0.0
Grocery,43,prior_update_add,29,visual,2.4012012481689453,0.05429413914680481,0.0,0.0
Grocery,43,prior_update_add,30,text,1.309290885925293,0.055887773633003235,0.0,0.0
Grocery,43,prior_update_add,30,visual,2.429168939590454,0.054614827036857605,0.0,0.0
Grocery,43,prior_update_add,31,text,1.3253347873687744,0.05625094845890999,0.0,0.0
Grocery,43,prior_update_add,31,visual,2.4549660682678223,0.05480850487947464,0.0,0.0
Grocery,43,prior_update_add,32,text,1.341215968132019,0.05656794458627701,0.0,0.0
Grocery,43,prior_update_add,32,visual,2.4793176651000977,0.05505390465259552,0.0,0.0
Grocery,43,prior_update_add,33,text,1.3573567867279053,0.05688930302858353,0.0,0.0
Grocery,43,prior_update_add,33,visual,2.5034894943237305,0.05530855059623718,0.0,0.0
Grocery,43,prior_update_add,34,text,1.3728253841400146,0.05722809210419655,0.0,0.0
Grocery,43,prior_update_add,34,visual,2.526127815246582,0.055537350475788116,0.0,0.0
Grocery,43,prior_update_add,35,text,1.3882180452346802,0.057566773146390915,0.0,0.0
Grocery,43,prior_update_add,35,visual,2.547746419906616,0.055698003619909286,0.0,0.0
Grocery,43,prior_update_add,36,text,1.4043766260147095,0.05785124748945236,0.0,0.0
Grocery,43,prior_update_add,36,visual,2.567776918411255,0.05584442988038063,0.0,0.0
Grocery,43,prior_update_add,37,text,1.4202229976654053,0.058115437626838684,0.0,0.0
Grocery,43,prior_update_add,37,visual,2.5867743492126465,0.05612151697278023,0.0,0.0
Grocery,43,prior_update_add,38,text,1.4369802474975586,0.05837714299559593,0.0,0.0
Grocery,43,prior_update_add,38,visual,2.605595111846924,0.05633765086531639,0.0,0.0
Grocery,43,prior_update_add,39,text,1.4530093669891357,0.05858643352985382,0.0,0.0
Grocery,43,prior_update_add,39,visual,2.6232945919036865,0.05642937123775482,0.0,0.0
Grocery,43,prior_update_add,40,text,1.4677728414535522,0.05874642729759216,0.0,0.0
Grocery,43,prior_update_add,40,visual,2.6398136615753174,0.05656103417277336,0.0,0.0
Grocery,43,prior_update_add,41,text,1.481644630432129,0.05900849774479866,0.0,0.0
Grocery,43,prior_update_add,41,visual,2.655261516571045,0.05671292915940285,0.0,0.0
Grocery,43,prior_update_add,42,text,1.4951262474060059,0.059370819479227066,0.0,0.0
Grocery,43,prior_update_add,42,visual,2.668973445892334,0.05700266733765602,0.0,0.0
Grocery,43,prior_update_add,43,text,1.509145975112915,0.05959191173315048,0.0,0.0
Grocery,43,prior_update_add,43,visual,2.6816604137420654,0.057113900780677795,0.0,0.0
Grocery,43,prior_update_add,44,text,1.5227124691009521,0.05967103689908981,0.0,0.0
Grocery,43,prior_update_add,44,visual,2.693909168243408,0.05721454322338104,0.0,0.0
Grocery,43,prior_update_add,45,text,1.5358070135116577,0.059820905327796936,0.0,0.0
Grocery,43,prior_update_add,45,visual,2.705700635910034,0.05738586187362671,0.0,0.0
Grocery,43,prior_update_add,46,text,1.5485892295837402,0.06010674312710762,0.0,0.0
Grocery,43,prior_update_add,46,visual,2.716921329498291,0.05753764882683754,0.0,0.0
Grocery,43,prior_update_add,47,text,1.5606026649475098,0.060286667197942734,0.0,0.0
Grocery,43,prior_update_add,47,visual,2.728020668029785,0.057682331651449203,0.0,0.0
Grocery,43,prior_update_add,48,text,1.5731769800186157,0.060382016003131866,0.0,0.0
Grocery,43,prior_update_add,48,visual,2.7381677627563477,0.05778798460960388,0.0,0.0
Grocery,43,prior_update_add,49,text,1.5858913660049438,0.06053975969552994,0.0,0.0
Grocery,43,prior_update_add,49,visual,2.7483572959899902,0.057850319892168045,0.0,0.0
Grocery,43,prior_update_add,50,text,1.598334789276123,0.06069233641028404,0.0,0.0
Grocery,43,prior_update_add,50,visual,2.7584331035614014,0.05800355598330498,0.0,0.0
Grocery,43,prior_update_add,51,text,1.610336422920227,0.06081946939229965,0.0,0.0
Grocery,43,prior_update_add,51,visual,2.768611192703247,0.05814569443464279,0.0,0.0
Grocery,43,prior_update_add,52,text,1.6221970319747925,0.06094873696565628,0.0,0.0
Grocery,43,prior_update_add,52,visual,2.7776100635528564,0.05826197564601898,0.0,0.0
Grocery,43,prior_update_add,53,text,1.6339291334152222,0.06104515492916107,0.0,0.0
Grocery,43,prior_update_add,53,visual,2.7862606048583984,0.05839036777615547,0.0,0.0
Grocery,43,prior_update_add,54,text,1.6464505195617676,0.06114227697253227,0.0,0.0
Grocery,43,prior_update_add,54,visual,2.794748306274414,0.05841054767370224,0.0,0.0
Grocery,43,prior_update_add,55,text,1.6588624715805054,0.06123149394989014,0.0,0.0
Grocery,43,prior_update_add,55,visual,2.802391529083252,0.05847543850541115,0.0,0.0
Grocery,43,prior_update_add,56,text,1.67087984085083,0.06131347268819809,0.0,0.0
Grocery,43,prior_update_add,56,visual,2.8096604347229004,0.058632951229810715,0.0,0.0
Grocery,43,prior_update_add,57,text,1.68299400806427,0.06140540912747383,0.0,0.0
Grocery,43,prior_update_add,57,visual,2.816640615463257,0.05873135104775429,0.0,0.0
Grocery,43,prior_update_add,58,text,1.6939815282821655,0.06145013868808746,0.0,0.0
Grocery,43,prior_update_add,58,visual,2.823356866836548,0.05883878841996193,0.0,0.0
Grocery,43,prior_update_add,59,text,1.7049949169158936,0.06148255243897438,0.0,0.0
Grocery,43,prior_update_add,59,visual,2.830026626586914,0.058863941580057144,0.0,0.0
Grocery,43,prior_update_add,60,text,1.7158726453781128,0.061565008014440536,0.0,0.0
Grocery,43,prior_update_add,60,visual,2.835866928100586,0.05881066247820854,0.0,0.0
Grocery,43,prior_update_add,61,text,1.7267310619354248,0.06167641654610634,0.0,0.0
Grocery,43,prior_update_add,61,visual,2.8417062759399414,0.05884567275643349,0.0,0.0
Grocery,43,prior_update_add,62,text,1.7358492612838745,0.06170555576682091,0.0,0.0
Grocery,43,prior_update_add,62,visual,2.848102569580078,0.05896889418363571,0.0,0.0
Grocery,43,prior_update_add,63,text,1.7451772689819336,0.06171269714832306,0.0,0.0
Grocery,43,prior_update_add,63,visual,2.854332447052002,0.058995530009269714,0.0,0.0
Grocery,43,prior_update_add,64,text,1.7553671598434448,0.06175478175282478,0.0,0.0
Grocery,43,prior_update_add,64,visual,2.8600621223449707,0.058945201337337494,0.0,0.0
Grocery,43,prior_update_add,65,text,1.7657116651535034,0.061829179525375366,0.0,0.0
Grocery,43,prior_update_add,65,visual,2.864621162414551,0.059108760207891464,0.0,0.0
Grocery,43,prior_update_add,66,text,1.7760992050170898,0.06186816096305847,0.0,0.0
Grocery,43,prior_update_add,66,visual,2.8696720600128174,0.059157904237508774,0.0,0.0
Grocery,43,prior_update_add,67,text,1.7866963148117065,0.06188321113586426,0.0,0.0
Grocery,43,prior_update_add,67,visual,2.8756604194641113,0.05904543772339821,0.0,0.0
Grocery,43,prior_update_add,68,text,1.7973062992095947,0.0619223415851593,0.0,0.0
Grocery,43,prior_update_add,68,visual,2.8814027309417725,0.0589817576110363,0.0,0.0
Grocery,43,prior_update_add,69,text,1.8078762292861938,0.06201587989926338,0.0,0.0
Grocery,43,prior_update_add,69,visual,2.8861920833587646,0.05910889431834221,0.0,0.0
Grocery,43,prior_update_add,70,text,1.8192583322525024,0.06210719048976898,0.0,0.0
Grocery,43,prior_update_add,70,visual,2.8911209106445312,0.05919843167066574,0.0,0.0
Grocery,43,prior_update_add,71,text,1.8285496234893799,0.06210491806268692,0.0,0.0
Grocery,43,prior_update_add,71,visual,2.89675235748291,0.05927392467856407,0.0,0.0
Grocery,43,prior_update_add,72,text,1.8359594345092773,0.062015824019908905,0.0,0.0
Grocery,43,prior_update_add,72,visual,2.902907133102417,0.05922991782426834,0.0,0.0
Grocery,43,prior_update_add,73,text,1.8433350324630737,0.062016043812036514,0.0,0.0
Grocery,43,prior_update_add,73,visual,2.908079147338867,0.05913598835468292,0.0,0.0
Grocery,43,prior_update_add,74,text,1.8511202335357666,0.062134090811014175,0.0,0.0
Grocery,43,prior_update_add,74,visual,2.9125263690948486,0.05908363685011864,0.0,0.0
Grocery,43,prior_update_add,75,text,1.8581957817077637,0.062250103801488876,0.0,0.0
Grocery,43,prior_update_add,75,visual,2.9166362285614014,0.05918469280004501,0.0,0.0
Grocery,43,prior_update_add,76,text,1.8642005920410156,0.062287330627441406,0.0,0.0
Grocery,43,prior_update_add,76,visual,2.9208743572235107,0.05938804894685745,0.0,0.0
Grocery,43,prior_update_add,77,text,1.8705347776412964,0.06231200695037842,0.0,0.0
Grocery,43,prior_update_add,77,visual,2.9250593185424805,0.05941437929868698,0.0,0.0
Grocery,43,prior_update_add,78,text,1.8769811391830444,0.062327731400728226,0.0,0.0
Grocery,43,prior_update_add,78,visual,2.92935848236084,0.059238120913505554,0.0,0.0
Grocery,43,prior_update_add,79,text,1.8829559087753296,0.06236965209245682,0.0,0.0
Grocery,43,prior_update_add,79,visual,2.933525323867798,0.059204209595918655,0.0,0.0
Grocery,43,prior_update_add,80,text,1.889042615890503,0.062441982328891754,0.0,0.0
Grocery,43,prior_update_add,80,visual,2.9376697540283203,0.059313349425792694,0.0,0.0
Grocery,43,prior_update_add,81,text,1.8962115049362183,0.06248540058732033,0.0,0.0
Grocery,43,prior_update_add,81,visual,2.94114351272583,0.05929179489612579,0.0,0.0
Grocery,43,prior_update_add,82,text,1.9043852090835571,0.06257307529449463,0.0,0.0
Grocery,43,prior_update_add,82,visual,2.944943428039551,0.05925712734460831,0.0,0.0
Grocery,43,prior_update_add,83,text,1.911643147468567,0.06261126697063446,0.0,0.0
Grocery,43,prior_update_add,83,visual,2.9487833976745605,0.05930076539516449,0.0,0.0
Grocery,43,prior_update_add,84,text,1.9182661771774292,0.06268791109323502,0.0,0.0
Grocery,43,prior_update_add,84,visual,2.9526798725128174,0.059365224093198776,0.0,0.0
Grocery,43,prior_update_add,85,text,1.925085425376892,0.06273608654737473,0.0,0.0
Grocery,43,prior_update_add,85,visual,2.956599712371826,0.059445202350616455,0.0,0.0
Grocery,43,prior_update_add,86,text,1.9325584173202515,0.06276778876781464,0.0,0.0
Grocery,43,prior_update_add,86,visual,2.9610555171966553,0.05930791422724724,0.0,0.0
Grocery,43,prior_update_add,87,text,1.9388127326965332,0.0627530887722969,0.0,0.0
Grocery,43,prior_update_add,87,visual,2.965883731842041,0.059278614819049835,0.0,0.0
Grocery,43,prior_update_add,88,text,1.9456394910812378,0.06275969743728638,0.0,0.0
Grocery,43,prior_update_add,88,visual,2.9707794189453125,0.05932158976793289,0.0,0.0
Grocery,43,prior_update_add,89,text,1.9527077674865723,0.06282448768615723,0.0,0.0
Grocery,43,prior_update_add,89,visual,2.9748668670654297,0.05934443697333336,0.0,0.0
Grocery,43,prior_update_add,90,text,1.9610097408294678,0.06293098628520966,0.0,0.0
Grocery,43,prior_update_add,90,visual,2.9793617725372314,0.059311144053936005,0.0,0.0
Grocery,43,prior_update_add,91,text,1.968335509300232,0.06296958774328232,0.0,0.0
Grocery,43,prior_update_add,91,visual,2.983957529067993,0.05933872610330582,0.0,0.0
Grocery,43,prior_update_add,92,text,1.975001335144043,0.06301601976156235,0.0,0.0
Grocery,43,prior_update_add,92,visual,2.988356590270996,0.0593443289399147,0.0,0.0
Grocery,43,prior_update_add,93,text,1.9811643362045288,0.06307128816843033,0.0,0.0
Grocery,43,prior_update_add,93,visual,2.992889881134033,0.05938294529914856,0.0,0.0
Grocery,43,prior_update_add,94,text,1.9885287284851074,0.06307459622621536,0.0,0.0
Grocery,43,prior_update_add,94,visual,2.9969141483306885,0.059408508241176605,0.0,0.0
Grocery,43,prior_update_add,95,text,1.995327115058899,0.0631430447101593,0.0,0.0
Grocery,43,prior_update_add,95,visual,3.0012624263763428,0.05946492776274681,0.0,0.0
Grocery,43,prior_update_add,96,text,2.001567840576172,0.06317523866891861,0.0,0.0
Grocery,43,prior_update_add,96,visual,3.005901336669922,0.059558529406785965,0.0,0.0
Grocery,43,prior_update_add,97,text,2.007906436920166,0.06317904591560364,0.0,0.0
Grocery,43,prior_update_add,97,visual,3.0105226039886475,0.05952439457178116,0.0,0.0
Grocery,43,prior_update_add,98,text,2.014150381088257,0.06321683526039124,0.0,0.0
Grocery,43,prior_update_add,98,visual,3.0156679153442383,0.05947648733854294,0.0,0.0
Grocery,43,prior_update_add,99,text,2.0196373462677,0.06325331330299377,0.0,0.0
Grocery,43,prior_update_add,99,visual,3.020334243774414,0.059552013874053955,0.0,0.0
Grocery,43,prior_update_add,100,text,2.0263352394104004,0.06330130249261856,0.0,0.0
Grocery,43,prior_update_add,100,visual,3.0242881774902344,0.05953274667263031,0.0,0.0
Grocery,43,prior_update_add,101,text,2.0335006713867188,0.06336072087287903,0.0,0.0
Grocery,43,prior_update_add,101,visual,3.028226613998413,0.05956704914569855,0.0,0.0
Grocery,43,prior_update_add,102,text,2.0402944087982178,0.06339620053768158,0.0,0.0
Grocery,43,prior_update_add,102,visual,3.031865119934082,0.05955451726913452,0.0,0.0
Grocery,43,prior_update_add,103,text,2.0467798709869385,0.0633871927857399,0.0,0.0
Grocery,43,prior_update_add,103,visual,3.036364793777466,0.05951534956693649,0.0,0.0
Grocery,43,prior_update_add,104,text,2.0517473220825195,0.06341912597417831,0.0,0.0
Grocery,43,prior_update_add,104,visual,3.040870428085327,0.05952999368309975,0.0,0.0
Grocery,43,prior_update_add,105,text,2.0577266216278076,0.06347602605819702,0.0,0.0
Grocery,43,prior_update_add,105,visual,3.0444447994232178,0.059534016996622086,0.0,0.0
Grocery,43,prior_update_add,106,text,2.0648932456970215,0.06349265575408936,0.0,0.0
Grocery,43,prior_update_add,106,visual,3.048224687576294,0.05942069739103317,0.0,0.0
Grocery,43,prior_update_add,107,text,2.0704360008239746,0.06352182477712631,0.0,0.0
Grocery,43,prior_update_add,107,visual,3.0523571968078613,0.05941015109419823,0.0,0.0
Grocery,43,prior_update_add,108,text,2.075293779373169,0.06358925998210907,0.0,0.0
Grocery,43,prior_update_add,108,visual,3.057011365890503,0.059499066323041916,0.0,0.0
Grocery,43,prior_update_add,109,text,2.0802500247955322,0.06358864158391953,0.0,0.0
Grocery,43,prior_update_add,109,visual,3.0614824295043945,0.05951044708490372,0.0,0.0
Grocery,43,prior_update_add,110,text,2.0861167907714844,0.06358123570680618,0.0,0.0
Grocery,43,prior_update_add,110,visual,3.065380096435547,0.05948037654161453,0.0,0.0
Grocery,43,prior_update_add,111,text,2.0916695594787598,0.0636531189084053,0.0,0.0
Grocery,43,prior_update_add,111,visual,3.0688316822052,0.059518106281757355,0.0,0.0
Grocery,43,prior_update_add,112,text,2.0961906909942627,0.06375529617071152,0.0,0.0
Grocery,43,prior_update_add,112,visual,3.071946859359741,0.0596633180975914,0.0,0.0
Grocery,43,prior_update_add,113,text,2.100726842880249,0.06380505114793777,0.0,0.0
Grocery,43,prior_update_add,113,visual,3.074968099594116,0.05976896360516548,0.0,0.0
Grocery,43,prior_update_add,114,text,2.1056087017059326,0.06376780569553375,0.0,0.0
Grocery,43,prior_update_add,114,visual,3.078087568283081,0.05967042222619057,0.0,0.0
Grocery,43,prior_update_add,115,text,2.110281229019165,0.06376432627439499,0.0,0.0
Grocery,43,prior_update_add,115,visual,3.081173896789551,0.05951450392603874,0.0,0.0
Grocery,43,prior_update_add,116,text,2.1146624088287354,0.06383160501718521,0.0,0.0
Grocery,43,prior_update_add,116,visual,3.0841872692108154,0.059586696326732635,0.0,0.0
Grocery,43,prior_update_add,117,text,2.1193020343780518,0.06396481394767761,0.0,0.0
Grocery,43,prior_update_add,117,visual,3.086784839630127,0.059842683374881744,0.0,0.0
Grocery,43,prior_update_add,118,text,2.124178647994995,0.06402824074029922,0.0,0.0
Grocery,43,prior_update_add,118,visual,3.0888354778289795,0.05987228453159332,0.0,0.0
Grocery,43,prior_update_add,119,text,2.1272120475769043,0.0640256330370903,0.0,0.0
Grocery,43,prior_update_add,119,visual,3.0918469429016113,0.05975287780165672,0.0,0.0
Grocery,43,prior_update_add,120,text,2.1302037239074707,0.06407618522644043,0.0,0.0
Grocery,43,prior_update_add,120,visual,3.095612049102783,0.05979384109377861,0.0,0.0
Grocery,43,prior_update_add,121,text,2.1345365047454834,0.06407247483730316,0.0,0.0
Grocery,43,prior_update_add,121,visual,3.098724126815796,0.05973733961582184,0.0,0.0
Grocery,43,prior_update_add,122,text,2.1395955085754395,0.06407252699136734,0.0,0.0
Grocery,43,prior_update_add,122,visual,3.100861072540283,0.05974099785089493,0.0,0.0
Grocery,43,prior_update_add,123,text,2.143601417541504,0.06418934464454651,0.0,0.0
Grocery,43,prior_update_add,123,visual,3.103280782699585,0.05990060418844223,0.0,0.0
Grocery,43,prior_update_add,124,text,2.1472959518432617,0.06428704410791397,0.0,0.0
Grocery,43,prior_update_add,124,visual,3.1058528423309326,0.05988398939371109,0.0,0.0
Grocery,43,prior_update_add,125,text,2.151460886001587,0.06425586342811584,0.0,0.0
Grocery,43,prior_update_add,125,visual,3.1087422370910645,0.05975620448589325,0.0,0.0
Grocery,43,prior_update_add,126,text,2.156100273132324,0.06430673599243164,0.0,0.0
Grocery,43,prior_update_add,126,visual,3.1110072135925293,0.05982878804206848,0.0,0.0
Grocery,43,prior_update_add,127,text,2.160301685333252,0.06439294666051865,0.0,0.0
Grocery,43,prior_update_add,127,visual,3.113471269607544,0.0599774606525898,0.0,0.0
Grocery,43,prior_update_add,128,text,2.1640353202819824,0.06441348791122437,0.0,0.0
Grocery,43,prior_update_add,128,visual,3.1162331104278564,0.059927526861429214,0.0,0.0
Grocery,43,prior_update_add,129,text,2.1685333251953125,0.06436892598867416,0.0,0.0
Grocery,43,prior_update_add,129,visual,3.1193485260009766,0.05977041274309158,0.0,0.0
Grocery,43,prior_update_add,130,text,2.172586441040039,0.06437907367944717,0.0,0.0
Grocery,43,prior_update_add,130,visual,3.123142719268799,0.05971318110823631,0.0,0.0
Grocery,43,prior_update_add,131,text,2.1757633686065674,0.06444331258535385,0.0,0.0
Grocery,43,prior_update_add,131,visual,3.127166748046875,0.05976167693734169,0.0,0.0
Grocery,43,prior_update_add,132,text,2.1799182891845703,0.06451335549354553,0.0,0.0
Grocery,43,prior_update_add,132,visual,3.1307342052459717,0.05988577753305435,0.0,0.0
Grocery,43,prior_update_add,133,text,2.1847474575042725,0.06452257931232452,0.0,0.0
Grocery,43,prior_update_add,133,visual,3.1341211795806885,0.05998256057500839,0.0,0.0
Grocery,43,prior_update_add,134,text,2.190289258956909,0.06452382355928421,0.0,0.0
Grocery,43,prior_update_add,134,visual,3.137690782546997,0.059967901557683945,0.0,0.0
Grocery,43,prior_update_add,135,text,2.1953320503234863,0.06453324109315872,0.0,0.0
Grocery,43,prior_update_add,135,visual,3.141615152359009,0.059907443821430206,0.0,0.0
Grocery,43,prior_update_add,136,text,2.19954514503479,0.06451896578073502,0.0,0.0
Grocery,43,prior_update_add,136,visual,3.145819664001465,0.059889912605285645,0.0,0.0
Grocery,43,prior_update_add,137,text,2.2039995193481445,0.06448674947023392,0.0,0.0
Grocery,43,prior_update_add,137,visual,3.149754285812378,0.05985120311379433,0.0,0.0
Grocery,43,prior_update_add,138,text,2.2089102268218994,0.06446154415607452,0.0,0.0
Grocery,43,prior_update_add,138,visual,3.153144121170044,0.05985938012599945,0.0,0.0
Grocery,43,prior_update_add,139,text,2.213474750518799,0.06443656980991364,0.0,0.0
Grocery,43,prior_update_add,139,visual,3.156135082244873,0.05989280343055725,0.0,0.0
Grocery,43,prior_update_add,140,text,2.2175698280334473,0.06448284536600113,0.0,0.0
Grocery,43,prior_update_add,140,visual,3.158996343612671,0.05995627120137215,0.0,0.0
Grocery,43,prior_update_add,141,text,2.221674680709839,0.06451789289712906,0.0,0.0
Grocery,43,prior_update_add,141,visual,3.161649703979492,0.060059577226638794,0.0,0.0
Grocery,43,prior_update_add,142,text,2.2250804901123047,0.06448094546794891,0.0,0.0
Grocery,43,prior_update_add,142,visual,3.1644747257232666,0.06004670634865761,0.0,0.0
Grocery,43,prior_update_add,143,text,2.228818893432617,0.06443727016448975,0.0,0.0
Grocery,43,prior_update_add,143,visual,3.1668550968170166,0.06000940874218941,0.0,0.0
Grocery,43,prior_update_add,144,text,2.232651710510254,0.06446409970521927,0.0,0.0
Grocery,43,prior_update_add,144,visual,3.1687724590301514,0.06007721647620201,0.0,0.0
Grocery,43,prior_update_add,145,text,2.2359542846679688,0.06450999528169632,0.0,0.0
Grocery,43,prior_update_add,145,visual,3.1712605953216553,0.06018407270312309,0.0,0.0
Grocery,43,prior_update_add,146,text,2.2384073734283447,0.06443614512681961,0.0,0.0
Grocery,43,prior_update_add,146,visual,3.1743743419647217,0.06017536669969559,0.0,0.0
Grocery,43,prior_update_add,147,text,2.241673469543457,0.06441505998373032,0.0,0.0
Grocery,43,prior_update_add,147,visual,3.1773502826690674,0.0601736381649971,0.0,0.0
Grocery,43,prior_update_add,148,text,2.2456398010253906,0.06440035253763199,0.0,0.0
Grocery,43,prior_update_add,148,visual,3.1796457767486572,0.060158804059028625,0.0,0.0
Grocery,43,prior_update_add,149,text,2.2493512630462646,0.06439977139234543,0.0,0.0
Grocery,43,prior_update_add,149,visual,3.1821134090423584,0.06017238274216652,0.0,0.0
Grocery,43,prior_update_gate,0,text,0.0,0.0,0.0,0.0
Grocery,43,prior_update_gate,0,visual,0.0,0.0,0.0,0.0
Grocery,43,prior_update_gate,1,text,0.2557411789894104,0.015997841954231262,0.0,0.0
Grocery,43,prior_update_gate,1,visual,0.2557838559150696,0.01599775068461895,0.0,0.0
Grocery,43,prior_update_gate,2,text,0.37712031602859497,0.0227698665112257,0.2624744772911072,0.011828173883259296
Grocery,43,prior_update_gate,2,visual,0.39621132612228394,0.02415287494659424,0.2626982629299164,0.011870168149471283
Grocery,43,prior_update_gate,3,text,0.46272391080856323,0.025880595669150352,0.4159892499446869,0.017658350989222527
Grocery,43,prior_update_gate,3,visual,0.5075975060462952,0.02823820896446705,0.4241771697998047,0.017327122390270233
Grocery,43,prior_update_gate,4,text,0.543789803981781,0.027131790295243263,0.5448729991912842,0.02261674404144287
Grocery,43,prior_update_gate,4,visual,0.61644446849823,0.03083302080631256,0.5711941123008728,0.022812824696302414
Grocery,43,prior_update_gate,5,text,0.6248500347137451,0.02857108972966671,0.6486728191375732,0.025561347603797913
Grocery,43,prior_update_gate,5,visual,0.7305949926376343,0.03357648849487305,0.7081043720245361,0.029959319159388542
Grocery,43,prior_update_gate,6,text,0.7093535661697388,0.031026627868413925,0.7584952712059021,0.028339510783553123
Grocery,43,prior_update_gate,6,visual,0.8514226675033569,0.036595411598682404,0.861605703830719,0.03912989795207977
Grocery,43,prior_update_gate,7,text,0.78177809715271,0.03378136083483696,0.8357887268066406,0.031634069979190826
Grocery,43,prior_update_gate,7,visual,0.9754133224487305,0.03893037885427475,1.033919095993042,0.05002651363611221
Grocery,43,prior_update_gate,8,text,0.8334715366363525,0.03608941286802292,0.8809488415718079,0.034355051815509796
Grocery,43,prior_update_gate,8,visual,1.1007614135742188,0.04074281081557274,1.2229670286178589,0.06207745149731636
Grocery,43,prior_update_gate,9,text,0.8781816959381104,0.03811018913984299,0.9254322648048401,0.036869097501039505
Grocery,43,prior_update_gate,9,visual,1.2298096418380737,0.04270566254854202,1.423904538154602,0.0749860480427742
Grocery,43,prior_update_gate,10,text,0.921342134475708,0.040228504687547684,0.9801085591316223,0.039082977920770645
Grocery,43,prior_update_gate,10,visual,1.3549643754959106,0.04477864131331444,1.6305062770843506,0.08781149238348007
Grocery,43,prior_update_gate,11,text,0.9619699120521545,0.042444393038749695,1.0418368577957153,0.04147742688655853
Grocery,43,prior_update_gate,11,visual,1.476455569267273,0.04672236368060112,1.8397655487060547,0.10070144385099411
Grocery,43,prior_update_gate,12,text,1.00084388256073,0.044489070773124695,1.1050622463226318,0.04365469887852669
Grocery,43,prior_update_gate,12,visual,1.5950071811676025,0.04885540157556534,2.0492165088653564,0.11357812583446503
Grocery,43,prior_update_gate,13,text,1.0387628078460693,0.04624858498573303,1.1676840782165527,0.04572631046175957
Grocery,43,prior_update_gate,13,visual,1.7106435298919678,0.05081598833203316,2.2574286460876465,0.12646964192390442
Grocery,43,prior_update_gate,14,text,1.0760753154754639,0.047537047415971756,1.2286744117736816,0.04747513309121132
Grocery,43,prior_update_gate,14,visual,1.820846438407898,0.05266590043902397,2.45849609375,0.13868749141693115
Grocery,43,prior_update_gate,15,text,1.1130324602127075,0.04878984019160271,1.2891069650650024,0.04924846068024635
Grocery,43,prior_update_gate,15,visual,1.923510193824768,0.054192766547203064,2.6500344276428223,0.1499025970697403
Grocery,43,prior_update_gate,16,text,1.1487680673599243,0.04971446096897125,1.3472014665603638,0.050929613411426544
Grocery,43,prior_update_gate,16,visual,2.019158124923706,0.05560208112001419,2.832406520843506,0.1600252389907837
Grocery,43,prior_update_gate,17,text,1.1823445558547974,0.05054657906293869,1.4032132625579834,0.05268349498510361
Grocery,43,prior_update_gate,17,visual,2.1056036949157715,0.05683830752968788,2.998563766479492,0.1685284674167633
Grocery,43,prior_update_gate,18,text,1.2157621383666992,0.05133655667304993,1.4576910734176636,0.05445115268230438
Grocery,43,prior_update_gate,18,visual,2.1858677864074707,0.05786782130599022,3.15637469291687,0.17616480588912964
Grocery,43,prior_update_gate,19,text,1.2464100122451782,0.052148088812828064,1.509353756904602,0.05594857782125473
Grocery,43,prior_update_gate,19,visual,2.2606303691864014,0.05889086797833443,3.3064489364624023,0.18283414840698242
Grocery,43,prior_update_gate,20,text,1.2765579223632812,0.053088828921318054,1.5598336458206177,0.057351063936948776
Grocery,43,prior_update_gate,20,visual,2.3293159008026123,0.05986925959587097,3.446639060974121,0.18857014179229736
Grocery,43,prior_update_gate,21,text,1.3073140382766724,0.054011452943086624,1.6094894409179688,0.05861831456422806
Grocery,43,prior_update_gate,21,visual,2.394521474838257,0.060767851769924164,3.5826056003570557,0.19388706982135773
Grocery,43,prior_update_gate,22,text,1.3366975784301758,0.05504750832915306,1.6599936485290527,0.059990640729665756
Grocery,43,prior_update_gate,22,visual,2.455866575241089,0.06155878305435181,3.714529037475586,0.19867371022701263
Grocery,43,prior_update_gate,23,text,1.3664597272872925,0.056025099009275436,1.7121474742889404,0.06157742068171501
Grocery,43,prior_update_gate,23,visual,2.5132908821105957,0.0622069388628006,3.8405709266662598,0.20277784764766693
Grocery,43,prior_update_gate,24,text,1.3942688703536987,0.05681795999407768,1.7606626749038696,0.06296190619468689
Grocery,43,prior_update_gate,24,visual,2.566649913787842,0.06287120282649994,3.96020770072937,0.20640327036380768
Grocery,43,prior_update_gate,25,text,1.4212100505828857,0.05761893838644028,1.807409405708313,0.06401236355304718
Grocery,43,prior_update_gate,25,visual,2.6155693531036377,0.06358589231967926,4.073362350463867,0.20942138135433197
Grocery,43,prior_update_gate,26,text,1.4472790956497192,0.058420032262802124,1.8550477027893066,0.06520117819309235
Grocery,43,prior_update_gate,26,visual,2.661176919937134,0.06420595943927765,4.180405616760254,0.21199914813041687
Grocery,43,prior_update_gate,27,text,1.472285270690918,0.059085387736558914,1.9038523435592651,0.0665527954697609
Grocery,43,prior_update_gate,27,visual,2.703944683074951,0.06469295918941498,4.282599925994873,0.21410731971263885
Grocery,43,prior_update_gate,28,text,1.4974220991134644,0.05958136171102524,1.9521251916885376,0.0679003894329071
Grocery,43,prior_update_gate,28,visual,2.744013786315918,0.06504573673009872,4.379766464233398,0.2158248871564865
Grocery,43,prior_update_gate,29,text,1.5219169855117798,0.06011423096060753,1.9983845949172974,0.06902822107076645
Grocery,43,prior_update_gate,29,visual,2.781430244445801,0.06534358114004135,4.472204685211182,0.21747897565364838
Grocery,43,prior_update_gate,30,text,1.5449191331863403,0.060746099799871445,2.0425775051116943,0.06984959542751312
Grocery,43,prior_update_gate,30,visual,2.816690444946289,0.06572527438402176,4.561724662780762,0.2190852016210556
Grocery,43,prior_update_gate,31,text,1.5670164823532104,0.06131618469953537,2.087474822998047,0.07061141729354858
Grocery,43,prior_update_gate,31,visual,2.8497958183288574,0.06619130074977875,4.647570610046387,0.22028130292892456
Grocery,43,prior_update_gate,32,text,1.588171362876892,0.06174773722887039,2.131714344024658,0.07143720239400864
Grocery,43,prior_update_gate,32,visual,2.8802499771118164,0.06656406819820404,4.7275390625,0.221184641122818
Grocery,43,prior_update_gate,33,text,1.6094905138015747,0.06206778064370155,2.177617073059082,0.07241778820753098
Grocery,43,prior_update_gate,33,visual,2.9093503952026367,0.06669668853282928,4.8050312995910645,0.2218969613313675
Grocery,43,prior_update_gate,34,text,1.630462408065796,0.06243008375167847,2.2245748043060303,0.07337785512208939
Grocery,43,prior_update_gate,34,visual,2.9376590251922607,0.06678248941898346,4.881697654724121,0.22260674834251404
Grocery,43,prior_update_gate,35,text,1.6506927013397217,0.0628553181886673,2.2703912258148193,0.07414360344409943
Grocery,43,prior_update_gate,35,visual,2.964698314666748,0.06696464121341705,4.956532001495361,0.22349606454372406
Grocery,43,prior_update_gate,36,text,1.6702312231063843,0.06325973570346832,2.314356803894043,0.07473710924386978
Grocery,43,prior_update_gate,36,visual,2.989891767501831,0.06734462827444077,5.0284600257873535,0.22434678673744202
Grocery,43,prior_update_gate,37,text,1.688819408416748,0.06363952904939651,2.3585915565490723,0.07533261179924011
Grocery,43,prior_update_gate,37,visual,3.014080762863159,0.0676848515868187,5.098469257354736,0.22504347562789917
Grocery,43,prior_update_gate,38,text,1.7077528238296509,0.06395024061203003,2.405395030975342,0.07612696290016174
Grocery,43,prior_update_gate,38,visual,3.0371670722961426,0.06781265139579773,5.166488170623779,0.22550757229328156
Grocery,43,prior_update_gate,39,text,1.7263364791870117,0.06422389298677444,2.4515655040740967,0.0769074335694313
Grocery,43,prior_update_gate,39,visual,3.0587778091430664,0.06785745173692703,5.230986595153809,0.22588129341602325
Grocery,43,prior_update_gate,40,text,1.7453845739364624,0.06441681832075119,2.4985649585723877,0.07763424515724182
Grocery,43,prior_update_gate,40,visual,3.080289840698242,0.06792225688695908,5.295812606811523,0.22643175721168518
Grocery,43,prior_update_gate,41,text,1.7641481161117554,0.06468826532363892,2.5460383892059326,0.07831939309835434
Grocery,43,prior_update_gate,41,visual,3.1011297702789307,0.067970409989357,5.360047340393066,0.22696538269519806
Grocery,43,prior_update_gate,42,text,1.7815258502960205,0.0650545284152031,2.591850996017456,0.0788857489824295
Grocery,43,prior_update_gate,42,visual,3.1197378635406494,0.06809119135141373,5.4207658767700195,0.22720064222812653
Grocery,43,prior_update_gate,43,text,1.797561526298523,0.06534155458211899,2.6356446743011475,0.07940685749053955
Grocery,43,prior_update_gate,43,visual,3.13723087310791,0.06831488758325577,5.47901725769043,0.22728140652179718
Grocery,43,prior_update_gate,44,text,1.8144057989120483,0.06556452810764313,2.6817359924316406,0.07994657009840012
Grocery,43,prior_update_gate,44,visual,3.155045747756958,0.06857257336378098,5.538881778717041,0.2273261845111847
Grocery,43,prior_update_gate,45,text,1.8319491147994995,0.06583444029092789,2.7292392253875732,0.08061762899160385
Grocery,43,prior_update_gate,45,visual,3.17181396484375,0.06868427246809006,5.597114086151123,0.22733654081821442
Grocery,43,prior_update_gate,46,text,1.8497967720031738,0.06612472236156464,2.7789039611816406,0.08135975897312164
Grocery,43,prior_update_gate,46,visual,3.189692735671997,0.06864584237337112,5.657008171081543,0.22761785984039307
Grocery,43,prior_update_gate,47,text,1.865604281425476,0.06635715067386627,2.824976682662964,0.08186470717191696
Grocery,43,prior_update_gate,47,visual,3.2064566612243652,0.06872891634702682,5.714754104614258,0.22780758142471313
Grocery,43,prior_update_gate,48,text,1.8809295892715454,0.06663999706506729,2.8713841438293457,0.08225265890359879
Grocery,43,prior_update_gate,48,visual,3.222658395767212,0.06896522641181946,5.773169040679932,0.22778727114200592
Grocery,43,prior_update_gate,49,text,1.8972079753875732,0.06693392246961594,2.9204349517822266,0.08295192569494247
Grocery,43,prior_update_gate,49,visual,3.2384743690490723,0.06915231049060822,5.830578327178955,0.2279270589351654
Grocery,43,prior_update_gate,50,text,1.9145251512527466,0.06719934195280075,2.9705662727355957,0.08388028293848038
Grocery,43,prior_update_gate,50,visual,3.2529494762420654,0.06925679743289948,5.8852152824401855,0.22798199951648712
Grocery,43,prior_update_gate,51,text,1.9311546087265015,0.06734498590230942,3.020920991897583,0.0848030149936676
Grocery,43,prior_update_gate,51,visual,3.2677230834960938,0.06928718090057373,5.940077781677246,0.22796691954135895
Grocery,43,prior_update_gate,52,text,1.946150302886963,0.06751667708158493,3.0695688724517822,0.08549360185861588
Grocery,43,prior_update_gate,52,visual,3.282376289367676,0.06933804601430893,5.994405746459961,0.2279418259859085
Grocery,43,prior_update_gate,53,text,1.9608659744262695,0.06772749125957489,3.119037389755249,0.08617014437913895
Grocery,43,prior_update_gate,53,visual,3.2971348762512207,0.06956375390291214,6.04935359954834,0.22817359864711761
Grocery,43,prior_update_gate,54,text,1.9757310152053833,0.06799151003360748,3.1675827503204346,0.08689326792955399
Grocery,43,prior_update_gate,54,visual,3.3107762336730957,0.06971199810504913,6.102765083312988,0.22827614843845367
Grocery,43,prior_update_gate,55,text,1.990901231765747,0.06820514053106308,3.2177231311798096,0.08774389326572418
Grocery,43,prior_update_gate,55,visual,3.324026346206665,0.06982366740703583,6.155706882476807,0.22829991579055786
Grocery,43,prior_update_gate,56,text,2.005059242248535,0.0684024840593338,3.2659473419189453,0.08849287033081055
Grocery,43,prior_update_gate,56,visual,3.3369245529174805,0.0698518380522728,6.207240104675293,0.22834031283855438
Grocery,43,prior_update_gate,57,text,2.0177690982818604,0.06853735446929932,3.3125128746032715,0.08905868977308273
Grocery,43,prior_update_gate,57,visual,3.3505136966705322,0.06990612298250198,6.259203910827637,0.2285294532775879
Grocery,43,prior_update_gate,58,text,2.0307345390319824,0.06874066591262817,3.359147548675537,0.08966615051031113
Grocery,43,prior_update_gate,58,visual,3.362316370010376,0.07009733468294144,6.3089165687561035,0.22846002876758575
Grocery,43,prior_update_gate,59,text,2.0446903705596924,0.06904873996973038,3.4084911346435547,0.0904432088136673
Grocery,43,prior_update_gate,59,visual,3.3725287914276123,0.0701671615242958,6.356148719787598,0.22799892723560333
Grocery,43,prior_update_gate,60,text,2.058359384536743,0.06928440183401108,3.4578661918640137,0.09121737629175186
Grocery,43,prior_update_gate,60,visual,3.382986545562744,0.07012756913900375,6.402523517608643,0.22759418189525604
Grocery,43,prior_update_gate,61,text,2.0715317726135254,0.06946375221014023,3.5078766345977783,0.0918499007821083
Grocery,43,prior_update_gate,61,visual,3.394197702407837,0.07016853243112564,6.450314044952393,0.22728951275348663
Grocery,43,prior_update_gate,62,text,2.0847325325012207,0.06964098662137985,3.556022882461548,0.09236407279968262
Grocery,43,prior_update_gate,62,visual,3.404665470123291,0.07019123435020447,6.497276306152344,0.22686906158924103
Grocery,43,prior_update_gate,63,text,2.0972447395324707,0.0697438046336174,3.6035265922546387,0.09283886104822159
Grocery,43,prior_update_gate,63,visual,3.4145915508270264,0.07029164582490921,6.542173385620117,0.22647623717784882
Grocery,43,prior_update_gate,64,text,2.111546754837036,0.06987462192773819,3.6549673080444336,0.09361794590950012
Grocery,43,prior_update_gate,64,visual,3.4239959716796875,0.07042446732521057,6.587121486663818,0.22598162293434143
Grocery,43,prior_update_gate,65,text,2.1248669624328613,0.07007656991481781,3.703521251678467,0.09424669295549393
Grocery,43,prior_update_gate,65,visual,3.4330780506134033,0.07041175663471222,6.6313300132751465,0.2252582460641861
Grocery,43,prior_update_gate,66,text,2.1357102394104004,0.07022073119878769,3.748084306716919,0.09464683383703232
Grocery,43,prior_update_gate,66,visual,3.4426186084747314,0.07047447562217712,6.674765586853027,0.22475403547286987
Grocery,43,prior_update_gate,67,text,2.1457128524780273,0.07031502574682236,3.7909724712371826,0.09486337006092072
Grocery,43,prior_update_gate,67,visual,3.451700210571289,0.07056136429309845,6.716376781463623,0.22427618503570557
Grocery,43,prior_update_gate,68,text,2.1559252738952637,0.07038644701242447,3.83331298828125,0.09507939219474792
Grocery,43,prior_update_gate,68,visual,3.4607865810394287,0.07049389183521271,6.7576704025268555,0.22372333705425262
Grocery,43,prior_update_gate,69,text,2.1671221256256104,0.070475272834301,3.8773796558380127,0.09552514553070068
Grocery,43,prior_update_gate,69,visual,3.469252586364746,0.07048478722572327,6.798224449157715,0.22320887446403503
Grocery,43,prior_update_gate,70,text,2.1782329082489014,0.07065465301275253,3.9219586849212646,0.09596344083547592
Grocery,43,prior_update_gate,70,visual,3.476832389831543,0.0706830769777298,6.836968421936035,0.22276560962200165
Grocery,43,prior_update_gate,71,text,2.1881649494171143,0.07083253562450409,3.963709831237793,0.09628137946128845
Grocery,43,prior_update_gate,71,visual,3.484687566757202,0.07076314091682434,6.875302314758301,0.22223864495754242
Grocery,43,prior_update_gate,72,text,2.197766065597534,0.07094939798116684,4.00362491607666,0.0965457633137703
Grocery,43,prior_update_gate,72,visual,3.493072509765625,0.07074442505836487,6.914548873901367,0.22169631719589233
Grocery,43,prior_update_gate,73,text,2.2063589096069336,0.07107507437467575,4.0419816970825195,0.09664229303598404
Grocery,43,prior_update_gate,73,visual,3.501157283782959,0.07078501582145691,6.952136993408203,0.22129066288471222
Grocery,43,prior_update_gate,74,text,2.2155227661132812,0.07120221108198166,4.081964492797852,0.09676899015903473
Grocery,43,prior_update_gate,74,visual,3.5091938972473145,0.0707981213927269,6.989434719085693,0.22091393172740936
Grocery,43,prior_update_gate,75,text,2.2243056297302246,0.07126927375793457,4.11965274810791,0.09684234857559204
Grocery,43,prior_update_gate,75,visual,3.516674757003784,0.07081405073404312,7.025724411010742,0.22054731845855713
Grocery,43,prior_update_gate,76,text,2.23193359375,0.07128729671239853,4.1547369956970215,0.09683685004711151
Grocery,43,prior_update_gate,76,visual,3.523784637451172,0.07084959745407104,7.061032295227051,0.22017070651054382
Grocery,43,prior_update_gate,77,text,2.238926649093628,0.07144013047218323,4.189199924468994,0.09678199142217636
Grocery,43,prior_update_gate,77,visual,3.5300099849700928,0.07095512002706528,7.093842029571533,0.21960897743701935
Grocery,43,prior_update_gate,78,text,2.2452375888824463,0.07164520025253296,4.222118854522705,0.09659913182258606
Grocery,43,prior_update_gate,78,visual,3.5349981784820557,0.0711807832121849,7.124035358428955,0.21896688640117645
Grocery,43,prior_update_gate,79,text,2.2518622875213623,0.07171754539012909,4.2558417320251465,0.09639540314674377
Grocery,43,prior_update_gate,79,visual,3.540712594985962,0.07129564881324768,7.155712604522705,0.21835553646087646
Grocery,43,prior_update_gate,80,text,2.258227825164795,0.07176324725151062,4.288740158081055,0.09619840234518051
Grocery,43,prior_update_gate,80,visual,3.546765089035034,0.07116115838289261,7.187379837036133,0.2175847440958023
Grocery,43,prior_update_gate,81,text,2.2660160064697266,0.07178647816181183,4.3230180740356445,0.09623775631189346
Grocery,43,prior_update_gate,81,visual,3.553192138671875,0.07085622847080231,7.220030307769775,0.21676580607891083
Grocery,43,prior_update_gate,82,text,2.2727081775665283,0.07178127020597458,4.355037689208984,0.0961468294262886
Grocery,43,prior_update_gate,82,visual,3.559074878692627,0.0708426907658577,7.251156806945801,0.21617057919502258
Grocery,43,prior_update_gate,83,text,2.279500722885132,0.07183966785669327,4.386800765991211,0.09608692675828934
Grocery,43,prior_update_gate,83,visual,3.563882827758789,0.07115630805492401,7.280426502227783,0.21556580066680908
Grocery,43,prior_update_gate,84,text,2.285835027694702,0.0719652846455574,4.417279243469238,0.09592869877815247
Grocery,43,prior_update_gate,84,visual,3.5685372352600098,0.07135556638240814,7.308460235595703,0.2148282378911972
Grocery,43,prior_update_gate,85,text,2.2930734157562256,0.07211168110370636,4.44852352142334,0.0958583876490593
Grocery,43,prior_update_gate,85,visual,3.573174476623535,0.07125309109687805,7.336357593536377,0.21384689211845398
Grocery,43,prior_update_gate,86,text,2.29866099357605,0.07216080278158188,4.476409435272217,0.0955471619963646
Grocery,43,prior_update_gate,86,visual,3.5785410404205322,0.07111742347478867,7.364610195159912,0.21321552991867065
Grocery,43,prior_update_gate,87,text,2.3019464015960693,0.07210888713598251,4.501092910766602,0.09487433731555939
Grocery,43,prior_update_gate,87,visual,3.584766387939453,0.07110268622636795,7.393331050872803,0.21304836869239807
Grocery,43,prior_update_gate,88,text,2.3071086406707764,0.07214616239070892,4.529487609863281,0.09442507475614548
Grocery,43,prior_update_gate,88,visual,3.5907928943634033,0.07114404439926147,7.422704219818115,0.21258516609668732
Grocery,43,prior_update_gate,89,text,2.3150839805603027,0.0722597986459732,4.561676979064941,0.094270259141922
Grocery,43,prior_update_gate,89,visual,3.5969772338867188,0.0710584968328476,7.453514099121094,0.21184788644313812
Grocery,43,prior_update_gate,90,text,2.32393741607666,0.07236091047525406,4.596156120300293,0.09428616613149643
Grocery,43,prior_update_gate,90,visual,3.6033730506896973,0.07101701200008392,7.484435558319092,0.21123342216014862
Grocery,43,prior_update_gate,91,text,2.3332736492156982,0.07254831492900848,4.63047456741333,0.09455090016126633
Grocery,43,prior_update_gate,91,visual,3.6095027923583984,0.07107464969158173,7.515603065490723,0.2107146680355072
Grocery,43,prior_update_gate,92,text,2.342388868331909,0.07279987633228302,4.665268421173096,0.09479226171970367
Grocery,43,prior_update_gate,92,visual,3.616116762161255,0.07109088450670242,7.5473103523254395,0.210227370262146
Grocery,43,prior_update_gate,93,text,2.3531594276428223,0.07302523404359818,4.703895092010498,0.09512361139059067
Grocery,43,prior_update_gate,93,visual,3.623466730117798,0.07101309299468994,7.581442356109619,0.20953044295310974
Grocery,43,prior_update_gate,94,text,2.363513231277466,0.0731203630566597,4.740473747253418,0.0954066663980484
Grocery,43,prior_update_gate,94,visual,3.630922555923462,0.0709964781999588,7.615179061889648,0.2090437263250351
Grocery,43,prior_update_gate,95,text,2.3743364810943604,0.07322791963815689,4.778099060058594,0.09581498056650162
Grocery,43,prior_update_gate,95,visual,3.637497663497925,0.07109276950359344,7.648186683654785,0.20849764347076416
Grocery,43,prior_update_gate,96,text,2.383683443069458,0.07337823510169983,4.814191818237305,0.09601415693759918
Grocery,43,prior_update_gate,96,visual,3.643528699874878,0.07109542191028595,7.680736064910889,0.20776395499706268
Grocery,43,prior_update_gate,97,text,2.3912699222564697,0.07356581091880798,4.8481669425964355,0.09595151990652084
Grocery,43,prior_update_gate,97,visual,3.6501572132110596,0.07098321616649628,7.714199542999268,0.20694385468959808
Grocery,43,prior_update_gate,98,text,2.3981668949127197,0.07367949932813644,4.8812761306762695,0.09567470848560333
Grocery,43,prior_update_gate,98,visual,3.657146453857422,0.0709996372461319,7.747807502746582,0.2063535451889038
Grocery,43,prior_update_gate,99,text,2.4050490856170654,0.07379411906003952,4.913191795349121,0.09538407623767853
Grocery,43,prior_update_gate,99,visual,3.663630485534668,0.07118397206068039,7.781260967254639,0.20575514435768127
Grocery,43,prior_update_gate,100,text,2.413724184036255,0.07394563406705856,4.9479217529296875,0.09537351876497269
Grocery,43,prior_update_gate,100,visual,3.6693146228790283,0.07127287983894348,7.8137922286987305,0.20494504272937775
Grocery,43,prior_update_gate,101,text,2.4247782230377197,0.0740596354007721,4.986510753631592,0.09572156518697739
Grocery,43,prior_update_gate,101,visual,3.675384283065796,0.07113895565271378,7.8482794761657715,0.203884094953537
Grocery,43,prior_update_gate,102,text,2.4332082271575928,0.07411400228738785,5.021340370178223,0.09574674069881439
Grocery,43,prior_update_gate,102,visual,3.6819610595703125,0.07110077887773514,7.882358551025391,0.20303130149841309
Grocery,43,prior_update_gate,103,text,2.4403457641601562,0.07415847480297089,5.054309844970703,0.09557679295539856
Grocery,43,prior_update_gate,103,visual,3.688697576522827,0.07123828679323196,7.916578769683838,0.2023572474718094
Grocery,43,prior_update_gate,104,text,2.447902202606201,0.07429801672697067,5.086732864379883,0.09544840455055237
Grocery,43,prior_update_gate,104,visual,3.694286584854126,0.07130870968103409,7.948242664337158,0.20153236389160156
Grocery,43,prior_update_gate,105,text,2.455871105194092,0.07445802539587021,5.1199212074279785,0.09540832787752151
Grocery,43,prior_update_gate,105,visual,3.699436664581299,0.07122301310300827,7.978574752807617,0.20050950348377228
Grocery,43,prior_update_gate,106,text,2.464416027069092,0.07460243254899979,5.154532432556152,0.09536024183034897
Grocery,43,prior_update_gate,106,visual,3.7046308517456055,0.0711231678724289,8.009520530700684,0.19949820637702942
Grocery,43,prior_update_gate,107,text,2.4722652435302734,0.07474684715270996,5.18832540512085,0.09518195688724518
Grocery,43,prior_update_gate,107,visual,3.7103400230407715,0.0712258517742157,8.041548728942871,0.19859768450260162
Grocery,43,prior_update_gate,108,text,2.479238986968994,0.07489904016256332,5.221017360687256,0.09478959441184998
Grocery,43,prior_update_gate,108,visual,3.7170324325561523,0.07128924876451492,8.07435417175293,0.1978418380022049
Grocery,43,prior_update_gate,109,text,2.4861948490142822,0.07497036457061768,5.254411220550537,0.09440629184246063
Grocery,43,prior_update_gate,109,visual,3.7241458892822266,0.07122322171926498,8.106965065002441,0.19710718095302582
Grocery,43,prior_update_gate,110,text,2.4947216510772705,0.07510322332382202,5.291121482849121,0.09428559988737106
Grocery,43,prior_update_gate,110,visual,3.7304415702819824,0.07114802300930023,8.138324737548828,0.1963643878698349
Grocery,43,prior_update_gate,111,text,2.503657579421997,0.0753113329410553,5.327499866485596,0.09437869489192963
Grocery,43,prior_update_gate,111,visual,3.736243724822998,0.07117102295160294,8.169520378112793,0.19546645879745483
Grocery,43,prior_update_gate,112,text,2.5124714374542236,0.07549286633729935,5.363305568695068,0.09429780393838882
Grocery,43,prior_update_gate,112,visual,3.743196725845337,0.07134133577346802,8.202991485595703,0.1947954148054123
Grocery,43,prior_update_gate,113,text,2.5205256938934326,0.0756036564707756,5.399199962615967,0.09387287497520447
Grocery,43,prior_update_gate,113,visual,3.7514166831970215,0.07135079801082611,8.23818588256836,0.19426164031028748
Grocery,43,prior_update_gate,114,text,2.528688430786133,0.07573773711919785,5.434452056884766,0.09361445903778076
Grocery,43,prior_update_gate,114,visual,3.7595019340515137,0.07119904458522797,8.272698402404785,0.19354844093322754
Grocery,43,prior_update_gate,115,text,2.5389912128448486,0.0759502574801445,5.473491191864014,0.09377405047416687
Grocery,43,prior_update_gate,115,visual,3.765984058380127,0.07121190428733826,8.30589771270752,0.19263537228107452
Grocery,43,prior_update_gate,116,text,2.5492794513702393,0.07611291110515594,5.512543201446533,0.09385712444782257
Grocery,43,prior_update_gate,116,visual,3.7729909420013428,0.0712999477982521,8.339609146118164,0.19187919795513153
Grocery,43,prior_update_gate,117,text,2.5588700771331787,0.0761941522359848,5.5511016845703125,0.0937066376209259
Grocery,43,prior_update_gate,117,visual,3.7808237075805664,0.07141634821891785,8.374321937561035,0.19116415083408356
Grocery,43,terminal,0,text,0.0,0.0,0.0,0.0
Grocery,43,terminal,0,visual,0.0,0.0,0.0,0.0
Grocery,43,terminal,1,text,0.0,0.0,0.0,0.0
Grocery,43,terminal,1,visual,0.0,0.0,0.0,0.0
Grocery,43,terminal,2,text,0.0,0.0,0.0,0.0
Grocery,43,terminal,2,visual,0.0,0.0,0.0,0.0
Grocery,43,terminal,3,text,0.0,0.0,0.0,0.0
Grocery,43,terminal,3,visual,0.0,0.0,0.0,0.0
Grocery,43,terminal,4,text,0.0,0.0,0.0,0.0
Grocery,43,terminal,4,visual,0.0,0.0,0.0,0.0
Grocery,43,terminal,5,text,0.0,0.0,0.0,0.0
Grocery,43,terminal,5,visual,0.0,0.0,0.0,0.0
Grocery,43,terminal,6,text,0.0,0.0,0.0,0.0
Grocery,43,terminal,6,visual,0.0,0.0,0.0,0.0
Grocery,43,terminal,7,text,0.0,0.0,0.0,0.0
Grocery,43,terminal,7,visual,0.0,0.0,0.0,0.0
Grocery,43,terminal,8,text,0.0,0.0,0.0,0.0
Grocery,43,terminal,8,visual,0.0,0.0,0.0,0.0
Grocery,43,terminal,9,text,0.0,0.0,0.0,0.0
Grocery,43,terminal,9,visual,0.0,0.0,0.0,0.0
Grocery,43,terminal,10,text,0.0,0.0,0.0,0.0
Grocery,43,terminal,10,visual,0.0,0.0,0.0,0.0
Grocery,43,terminal,11,text,0.0,0.0,0.0,0.0
Grocery,43,terminal,11,visual,0.0,0.0,0.0,0.0
Grocery,43,terminal,12,text,0.0,0.0,0.0,0.0
Grocery,43,terminal,12,visual,0.0,0.0,0.0,0.0
Grocery,43,terminal,13,text,0.0,0.0,0.0,0.0
Grocery,43,terminal,13,visual,0.0,0.0,0.0,0.0
Grocery,43,terminal,14,text,0.0,0.0,0.0,0.0
Grocery,43,terminal,14,visual,0.0,0.0,0.0,0.0
Grocery,43,terminal,15,text,0.0,0.0,0.0,0.0
Grocery,43,terminal,15,visual,0.0,0.0,0.0,0.0
Grocery,43,terminal,16,text,0.0,0.0,0.0,0.0
Grocery,43,terminal,16,visual,0.0,0.0,0.0,0.0
Grocery,43,terminal,17,text,0.0,0.0,0.0,0.0
Grocery,43,terminal,17,visual,0.0,0.0,0.0,0.0
Grocery,43,terminal,18,text,0.0,0.0,0.0,0.0
Grocery,43,terminal,18,visual,0.0,0.0,0.0,0.0
Grocery,43,terminal,19,text,0.0,0.0,0.0,0.0
Grocery,43,terminal,19,visual,0.0,0.0,0.0,0.0
Grocery,43,terminal,20,text,0.0,0.0,0.0,0.0
Grocery,43,terminal,20,visual,0.0,0.0,0.0,0.0
Grocery,43,terminal,21,text,0.0,0.0,0.0,0.0
Grocery,43,terminal,21,visual,0.0,0.0,0.0,0.0
Grocery,43,terminal,22,text,0.0,0.0,0.0,0.0
Grocery,43,terminal,22,visual,0.0,0.0,0.0,0.0
Grocery,43,terminal,23,text,0.0,0.0,0.0,0.0
Grocery,43,terminal,23,visual,0.0,0.0,0.0,0.0
Grocery,43,terminal,24,text,0.0,0.0,0.0,0.0
Grocery,43,terminal,24,visual,0.0,0.0,0.0,0.0
Grocery,43,terminal,25,text,0.0,0.0,0.0,0.0
Grocery,43,terminal,25,visual,0.0,0.0,0.0,0.0
Grocery,43,terminal,26,text,0.0,0.0,0.0,0.0
Grocery,43,terminal,26,visual,0.0,0.0,0.0,0.0
Grocery,43,terminal,27,text,0.0,0.0,0.0,0.0
Grocery,43,terminal,27,visual,0.0,0.0,0.0,0.0
Grocery,43,terminal,28,text,0.0,0.0,0.0,0.0
Grocery,43,terminal,28,visual,0.0,0.0,0.0,0.0
Grocery,43,terminal,29,text,0.0,0.0,0.0,0.0
Grocery,43,terminal,29,visual,0.0,0.0,0.0,0.0
Grocery,43,terminal,30,text,0.0,0.0,0.0,0.0
Grocery,43,terminal,30,visual,0.0,0.0,0.0,0.0
Grocery,43,terminal,31,text,0.0,0.0,0.0,0.0
Grocery,43,terminal,31,visual,0.0,0.0,0.0,0.0
Grocery,43,terminal,32,text,0.0,0.0,0.0,0.0
Grocery,43,terminal,32,visual,0.0,0.0,0.0,0.0
Grocery,43,terminal,33,text,0.0,0.0,0.0,0.0
Grocery,43,terminal,33,visual,0.0,0.0,0.0,0.0
Grocery,43,terminal,34,text,0.0,0.0,0.0,0.0
Grocery,43,terminal,34,visual,0.0,0.0,0.0,0.0
Grocery,43,terminal,35,text,0.0,0.0,0.0,0.0
Grocery,43,terminal,35,visual,0.0,0.0,0.0,0.0
Grocery,43,terminal,36,text,0.0,0.0,0.0,0.0
Grocery,43,terminal,36,visual,0.0,0.0,0.0,0.0
Grocery,43,terminal,37,text,0.0,0.0,0.0,0.0
Grocery,43,terminal,37,visual,0.0,0.0,0.0,0.0
Grocery,43,terminal,38,text,0.0,0.0,0.0,0.0
Grocery,43,terminal,38,visual,0.0,0.0,0.0,0.0
Grocery,43,terminal,39,text,0.0,0.0,0.0,0.0
Grocery,43,terminal,39,visual,0.0,0.0,0.0,0.0
Grocery,43,terminal,40,text,0.0,0.0,0.0,0.0
Grocery,43,terminal,40,visual,0.0,0.0,0.0,0.0
Grocery,43,terminal,41,text,0.0,0.0,0.0,0.0
Grocery,43,terminal,41,visual,0.0,0.0,0.0,0.0
Grocery,43,terminal,42,text,0.0,0.0,0.0,0.0
Grocery,43,terminal,42,visual,0.0,0.0,0.0,0.0
Grocery,43,terminal,43,text,0.0,0.0,0.0,0.0
Grocery,43,terminal,43,visual,0.0,0.0,0.0,0.0
Grocery,43,terminal,44,text,0.0,0.0,0.0,0.0
Grocery,43,terminal,44,visual,0.0,0.0,0.0,0.0
Grocery,43,terminal,45,text,0.0,0.0,0.0,0.0
Grocery,43,terminal,45,visual,0.0,0.0,0.0,0.0
Grocery,43,terminal,46,text,0.0,0.0,0.0,0.0
Grocery,43,terminal,46,visual,0.0,0.0,0.0,0.0
Grocery,43,terminal,47,text,0.0,0.0,0.0,0.0
Grocery,43,terminal,47,visual,0.0,0.0,0.0,0.0
Grocery,43,terminal,48,text,0.0,0.0,0.0,0.0
Grocery,43,terminal,48,visual,0.0,0.0,0.0,0.0
Grocery,43,terminal,49,text,0.0,0.0,0.0,0.0
Grocery,43,terminal,49,visual,0.0,0.0,0.0,0.0
Grocery,43,terminal,50,text,0.0,0.0,0.0,0.0
Grocery,43,terminal,50,visual,0.0,0.0,0.0,0.0
Grocery,43,terminal,51,text,0.0,0.0,0.0,0.0
Grocery,43,terminal,51,visual,0.0,0.0,0.0,0.0
Grocery,43,terminal,52,text,0.0,0.0,0.0,0.0
Grocery,43,terminal,52,visual,0.0,0.0,0.0,0.0
Grocery,43,terminal,53,text,0.0,0.0,0.0,0.0
Grocery,43,terminal,53,visual,0.0,0.0,0.0,0.0
Grocery,43,terminal,54,text,0.0,0.0,0.0,0.0
Grocery,43,terminal,54,visual,0.0,0.0,0.0,0.0
Grocery,43,terminal,55,text,0.0,0.0,0.0,0.0
Grocery,43,terminal,55,visual,0.0,0.0,0.0,0.0
Grocery,43,terminal,56,text,0.0,0.0,0.0,0.0
Grocery,43,terminal,56,visual,0.0,0.0,0.0,0.0
Grocery,43,terminal,57,text,0.0,0.0,0.0,0.0
Grocery,43,terminal,57,visual,0.0,0.0,0.0,0.0
Grocery,43,terminal,58,text,0.0,0.0,0.0,0.0
Grocery,43,terminal,58,visual,0.0,0.0,0.0,0.0
Grocery,43,terminal,59,text,0.0,0.0,0.0,0.0
Grocery,43,terminal,59,visual,0.0,0.0,0.0,0.0
Grocery,43,terminal,60,text,0.0,0.0,0.0,0.0
Grocery,43,terminal,60,visual,0.0,0.0,0.0,0.0
Grocery,43,terminal,61,text,0.0,0.0,0.0,0.0
Grocery,43,terminal,61,visual,0.0,0.0,0.0,0.0
Grocery,43,terminal,62,text,0.0,0.0,0.0,0.0
Grocery,43,terminal,62,visual,0.0,0.0,0.0,0.0
Grocery,43,terminal,63,text,0.0,0.0,0.0,0.0
Grocery,43,terminal,63,visual,0.0,0.0,0.0,0.0
Grocery,43,terminal,64,text,0.0,0.0,0.0,0.0
Grocery,43,terminal,64,visual,0.0,0.0,0.0,0.0
Grocery,43,terminal,65,text,0.0,0.0,0.0,0.0
Grocery,43,terminal,65,visual,0.0,0.0,0.0,0.0
Grocery,43,terminal,66,text,0.0,0.0,0.0,0.0
Grocery,43,terminal,66,visual,0.0,0.0,0.0,0.0
Grocery,43,terminal,67,text,0.0,0.0,0.0,0.0
Grocery,43,terminal,67,visual,0.0,0.0,0.0,0.0
Grocery,43,terminal,68,text,0.0,0.0,0.0,0.0
Grocery,43,terminal,68,visual,0.0,0.0,0.0,0.0
Grocery,43,terminal,69,text,0.0,0.0,0.0,0.0
Grocery,43,terminal,69,visual,0.0,0.0,0.0,0.0
Grocery,43,terminal,70,text,0.0,0.0,0.0,0.0
Grocery,43,terminal,70,visual,0.0,0.0,0.0,0.0
Grocery,43,terminal,71,text,0.0,0.0,0.0,0.0
Grocery,43,terminal,71,visual,0.0,0.0,0.0,0.0
Grocery,43,terminal,72,text,0.0,0.0,0.0,0.0
Grocery,43,terminal,72,visual,0.0,0.0,0.0,0.0
Grocery,43,terminal,73,text,0.0,0.0,0.0,0.0
Grocery,43,terminal,73,visual,0.0,0.0,0.0,0.0
Grocery,43,terminal,74,text,0.0,0.0,0.0,0.0
Grocery,43,terminal,74,visual,0.0,0.0,0.0,0.0
Grocery,43,terminal,75,text,0.0,0.0,0.0,0.0
Grocery,43,terminal,75,visual,0.0,0.0,0.0,0.0
Grocery,43,terminal,76,text,0.0,0.0,0.0,0.0
Grocery,43,terminal,76,visual,0.0,0.0,0.0,0.0
Grocery,43,terminal,77,text,0.0,0.0,0.0,0.0
Grocery,43,terminal,77,visual,0.0,0.0,0.0,0.0
Grocery,43,terminal,78,text,0.0,0.0,0.0,0.0
Grocery,43,terminal,78,visual,0.0,0.0,0.0,0.0
Grocery,43,terminal,79,text,0.0,0.0,0.0,0.0
Grocery,43,terminal,79,visual,0.0,0.0,0.0,0.0
Grocery,43,terminal,80,text,0.0,0.0,0.0,0.0
Grocery,43,terminal,80,visual,0.0,0.0,0.0,0.0
Grocery,43,terminal,81,text,0.0,0.0,0.0,0.0
Grocery,43,terminal,81,visual,0.0,0.0,0.0,0.0
Grocery,43,terminal,82,text,0.0,0.0,0.0,0.0
Grocery,43,terminal,82,visual,0.0,0.0,0.0,0.0
Grocery,43,terminal,83,text,0.0,0.0,0.0,0.0
Grocery,43,terminal,83,visual,0.0,0.0,0.0,0.0
Grocery,43,terminal,84,text,0.0,0.0,0.0,0.0
Grocery,43,terminal,84,visual,0.0,0.0,0.0,0.0
Grocery,43,terminal,85,text,0.0,0.0,0.0,0.0
Grocery,43,terminal,85,visual,0.0,0.0,0.0,0.0
Grocery,43,terminal,86,text,0.0,0.0,0.0,0.0
Grocery,43,terminal,86,visual,0.0,0.0,0.0,0.0
Grocery,43,terminal,87,text,0.0,0.0,0.0,0.0
Grocery,43,terminal,87,visual,0.0,0.0,0.0,0.0
Grocery,43,terminal,88,text,0.0,0.0,0.0,0.0
Grocery,43,terminal,88,visual,0.0,0.0,0.0,0.0
Grocery,43,terminal,89,text,0.0,0.0,0.0,0.0
Grocery,43,terminal,89,visual,0.0,0.0,0.0,0.0
Grocery,43,terminal,90,text,0.0,0.0,0.0,0.0
Grocery,43,terminal,90,visual,0.0,0.0,0.0,0.0
Grocery,43,terminal,91,text,0.0,0.0,0.0,0.0
Grocery,43,terminal,91,visual,0.0,0.0,0.0,0.0
Grocery,43,terminal,92,text,0.0,0.0,0.0,0.0
Grocery,43,terminal,92,visual,0.0,0.0,0.0,0.0
Grocery,43,terminal,93,text,0.0,0.0,0.0,0.0
Grocery,43,terminal,93,visual,0.0,0.0,0.0,0.0
Grocery,43,terminal,94,text,0.0,0.0,0.0,0.0
Grocery,43,terminal,94,visual,0.0,0.0,0.0,0.0
Grocery,43,terminal,95,text,0.0,0.0,0.0,0.0
Grocery,43,terminal,95,visual,0.0,0.0,0.0,0.0
Grocery,43,terminal,96,text,0.0,0.0,0.0,0.0
Grocery,43,terminal,96,visual,0.0,0.0,0.0,0.0
Grocery,43,terminal,97,text,0.0,0.0,0.0,0.0
Grocery,43,terminal,97,visual,0.0,0.0,0.0,0.0
Grocery,43,terminal,98,text,0.0,0.0,0.0,0.0
Grocery,43,terminal,98,visual,0.0,0.0,0.0,0.0
Grocery,43,terminal,99,text,0.0,0.0,0.0,0.0
Grocery,43,terminal,99,visual,0.0,0.0,0.0,0.0
Grocery,43,terminal,100,text,0.0,0.0,0.0,0.0
Grocery,43,terminal,100,visual,0.0,0.0,0.0,0.0
Grocery,43,terminal,101,text,0.0,0.0,0.0,0.0
Grocery,43,terminal,101,visual,0.0,0.0,0.0,0.0
Grocery,43,terminal,102,text,0.0,0.0,0.0,0.0
Grocery,43,terminal,102,visual,0.0,0.0,0.0,0.0
Grocery,43,terminal,103,text,0.0,0.0,0.0,0.0
Grocery,43,terminal,103,visual,0.0,0.0,0.0,0.0
Grocery,43,terminal,104,text,0.0,0.0,0.0,0.0
Grocery,43,terminal,104,visual,0.0,0.0,0.0,0.0
Grocery,43,terminal,105,text,0.0,0.0,0.0,0.0
Grocery,43,terminal,105,visual,0.0,0.0,0.0,0.0
Grocery,44,prior_delta_gate,0,text,0.0,0.0,0.0,0.0
Grocery,44,prior_delta_gate,0,visual,0.0,0.0,0.0,0.0
Grocery,44,prior_delta_gate,1,text,0.2557430863380432,0.015997780486941338,0.0,0.0
Grocery,44,prior_delta_gate,1,visual,0.25576546788215637,0.01599673368036747,0.0,0.0
Grocery,44,prior_delta_gate,2,text,0.3826308846473694,0.02350054867565632,0.26240482926368713,0.011855602264404297
Grocery,44,prior_delta_gate,2,visual,0.39140093326568604,0.02365918830037117,0.2630655765533447,0.011870531365275383
Grocery,44,prior_delta_gate,3,text,0.4763617217540741,0.028061393648386,0.42695221304893494,0.0184341873973608
Grocery,44,prior_delta_gate,3,visual,0.4952842891216278,0.027247296646237373,0.41957005858421326,0.017301244661211967
Grocery,44,prior_delta_gate,4,text,0.5542827248573303,0.030658923089504242,0.5701896548271179,0.023983530700206757
Grocery,44,prior_delta_gate,4,visual,0.5930028557777405,0.02935025654733181,0.5710874199867249,0.022311773151159286
Grocery,44,prior_delta_gate,5,text,0.6339583396911621,0.03294183313846588,0.680191695690155,0.02787492424249649
Grocery,44,prior_delta_gate,5,visual,0.6958629488945007,0.03139152750372887,0.7036511898040771,0.0271773599088192
Grocery,44,prior_delta_gate,6,text,0.7057565450668335,0.03577004745602608,0.7720051407814026,0.03083154372870922
Grocery,44,prior_delta_gate,6,visual,0.7990750670433044,0.03323424980044365,0.8326663374900818,0.033619072288274765
Grocery,44,prior_delta_gate,7,text,0.7738243341445923,0.039076246321201324,0.8601218461990356,0.03316648304462433
Grocery,44,prior_delta_gate,7,visual,0.9052948951721191,0.03531460091471672,0.9641517400741577,0.04148700833320618
Grocery,44,prior_delta_gate,8,text,0.8271220922470093,0.042233243584632874,0.9198706150054932,0.035290513187646866
Grocery,44,prior_delta_gate,8,visual,1.0129095315933228,0.037759505212306976,1.1130069494247437,0.05091896653175354
Grocery,44,prior_delta_gate,9,text,0.8711715340614319,0.04463730379939079,0.9726467728614807,0.0377579890191555
Grocery,44,prior_delta_gate,9,visual,1.1197372674942017,0.03946948051452637,1.2762340307235718,0.06138577312231064
Grocery,44,prior_delta_gate,10,text,0.9114872813224792,0.0464576818048954,1.025184988975525,0.04013070836663246
Grocery,44,prior_delta_gate,10,visual,1.2308614253997803,0.04129372164607048,1.4530526399612427,0.0727895125746727
Grocery,44,prior_delta_gate,11,text,0.9527981877326965,0.04830868914723396,1.0839805603027344,0.042173534631729126
Grocery,44,prior_delta_gate,11,visual,1.3459446430206299,0.0430462546646595,1.642030954360962,0.08492296934127808
Grocery,44,prior_delta_gate,12,text,0.9937463998794556,0.050161056220531464,1.1469833850860596,0.04402250796556473
Grocery,44,prior_delta_gate,12,visual,1.4623969793319702,0.044565510004758835,1.843466877937317,0.0975000336766243
Grocery,44,prior_delta_gate,13,text,1.0354948043823242,0.052182357758283615,1.212846279144287,0.045998718589544296
Grocery,44,prior_delta_gate,13,visual,1.5759937763214111,0.04646908491849899,2.0486466884613037,0.10990101844072342
Grocery,44,prior_delta_gate,14,text,1.0786975622177124,0.05423694849014282,1.279649257659912,0.04797566682100296
Grocery,44,prior_delta_gate,14,visual,1.6862431764602661,0.04817092791199684,2.2541708946228027,0.12195998430252075
Grocery,44,prior_delta_gate,15,text,1.1225041151046753,0.056001387536525726,1.346650242805481,0.04997774213552475
Grocery,44,prior_delta_gate,15,visual,1.7913682460784912,0.05008075386285782,2.455674648284912,0.13349170982837677
Grocery,44,prior_delta_gate,16,text,1.1674765348434448,0.057644400745630264,1.415834665298462,0.05224042385816574
Grocery,44,prior_delta_gate,16,visual,1.8905054330825806,0.05176982656121254,2.6488070487976074,0.14422409236431122
Grocery,44,prior_delta_gate,17,text,1.2126736640930176,0.05908577889204025,1.4860576391220093,0.054497864097356796
Grocery,44,prior_delta_gate,17,visual,1.9834100008010864,0.05296945199370384,2.8339874744415283,0.1538926213979721
Grocery,44,prior_delta_gate,18,text,1.257353663444519,0.060347381979227066,1.5567314624786377,0.05686641484498978
Grocery,44,prior_delta_gate,18,visual,2.0709097385406494,0.05437600985169411,3.011215925216675,0.16286437213420868
Grocery,44,prior_delta_gate,19,text,1.302785038948059,0.061668701469898224,1.6278752088546753,0.059181880205869675
Grocery,44,prior_delta_gate,19,visual,2.1537513732910156,0.05580809712409973,3.181570529937744,0.17109331488609314
Grocery,44,prior_delta_gate,20,text,1.345726728439331,0.06288537383079529,1.6983146667480469,0.06152213737368584
Grocery,44,prior_delta_gate,20,visual,2.229046106338501,0.05668684467673302,3.339506149291992,0.17803892493247986
Grocery,44,prior_delta_gate,21,text,1.3873385190963745,0.06407013535499573,1.7698668241500854,0.06394714117050171
Grocery,44,prior_delta_gate,21,visual,2.2968904972076416,0.05713389068841934,3.4844229221343994,0.1836184859275818
Grocery,44,prior_delta_gate,22,text,1.4271663427352905,0.06522835791110992,1.840337872505188,0.06635396182537079
Grocery,44,prior_delta_gate,22,visual,2.360675811767578,0.05782805010676384,3.6227147579193115,0.18879202008247375
Grocery,44,prior_delta_gate,23,text,1.4660125970840454,0.06628704816102982,1.9079285860061646,0.06844821572303772
Grocery,44,prior_delta_gate,23,visual,2.4203624725341797,0.05864820256829262,3.754793643951416,0.1935279667377472
Grocery,44,prior_delta_gate,24,text,1.5014894008636475,0.06714779138565063,1.9677417278289795,0.06989260762929916
Grocery,44,prior_delta_gate,24,visual,2.4765114784240723,0.059257861226797104,3.881948232650757,0.1978326290845871
Grocery,44,prior_delta_gate,25,text,1.5345770120620728,0.06790939718484879,2.0258567333221436,0.07119305431842804
Grocery,44,prior_delta_gate,25,visual,2.528407573699951,0.05960462987422943,4.002959251403809,0.2014860063791275
Grocery,44,prior_delta_gate,26,text,1.5655087232589722,0.06869765371084213,2.082400321960449,0.07245104759931564
Grocery,44,prior_delta_gate,26,visual,2.5761961936950684,0.060026612132787704,4.115845203399658,0.20471739768981934
Grocery,44,prior_delta_gate,27,text,1.5956754684448242,0.06954274326562881,2.139805555343628,0.07376932352781296
Grocery,44,prior_delta_gate,27,visual,2.619943857192993,0.060493841767311096,4.220617294311523,0.20738422870635986
Grocery,44,prior_delta_gate,28,text,1.6253865957260132,0.07028571516275406,2.197638750076294,0.07499074935913086
Grocery,44,prior_delta_gate,28,visual,2.660222291946411,0.060735248029232025,4.319240093231201,0.2093942016363144
Grocery,44,prior_delta_gate,29,text,1.653566837310791,0.07086747139692307,2.253730535507202,0.07608821243047714
Grocery,44,prior_delta_gate,29,visual,2.697951316833496,0.060912054032087326,4.414258003234863,0.21116940677165985
Grocery,44,prior_delta_gate,30,text,1.680981993675232,0.07148051261901855,2.310356855392456,0.07734348624944687
Grocery,44,prior_delta_gate,30,visual,2.733374834060669,0.06126939877867699,4.506008148193359,0.21287931501865387
Grocery,44,prior_delta_gate,31,text,1.7082284688949585,0.0721467137336731,2.3687522411346436,0.07868865877389908
Grocery,44,prior_delta_gate,31,visual,2.766968250274658,0.06167569011449814,4.594639778137207,0.21433869004249573
Grocery,44,prior_delta_gate,32,text,1.734069585800171,0.07261078804731369,2.42596697807312,0.0798487737774849
Grocery,44,prior_delta_gate,32,visual,2.798039436340332,0.0619218647480011,4.677611827850342,0.21538813412189484
Grocery,44,prior_delta_gate,33,text,1.7595891952514648,0.07289732247591019,2.48529052734375,0.08114252984523773
Grocery,44,prior_delta_gate,33,visual,2.826425790786743,0.06203756853938103,4.755922794342041,0.2159663587808609
Grocery,44,prior_delta_gate,34,text,1.7837826013565063,0.0733247622847557,2.5411109924316406,0.08232855051755905
Grocery,44,prior_delta_gate,34,visual,2.853609800338745,0.06217651441693306,4.831870079040527,0.21657206118106842
Grocery,44,prior_delta_gate,35,text,1.8073853254318237,0.0738980770111084,2.596510648727417,0.08349825441837311
Grocery,44,prior_delta_gate,35,visual,2.879743814468384,0.06242144852876663,4.905879497528076,0.2172781080007553
Grocery,44,prior_delta_gate,36,text,1.8303369283676147,0.07431568205356598,2.652021884918213,0.08451327681541443
Grocery,44,prior_delta_gate,36,visual,2.9050793647766113,0.06269621849060059,4.978944778442383,0.21813035011291504
Grocery,44,prior_delta_gate,37,text,1.8526480197906494,0.07460382580757141,2.7070424556732178,0.08534020185470581
Grocery,44,prior_delta_gate,37,visual,2.9293625354766846,0.06287559121847153,5.050058841705322,0.21883222460746765
Grocery,44,prior_delta_gate,38,text,1.874457597732544,0.07495958358049393,2.762570381164551,0.08629489690065384
Grocery,44,prior_delta_gate,38,visual,2.951040744781494,0.06299377232789993,5.116199970245361,0.21903713047504425
Grocery,44,prior_delta_gate,39,text,1.8961058855056763,0.07536692917346954,2.820472478866577,0.08742358535528183
Grocery,44,prior_delta_gate,39,visual,2.9715967178344727,0.06302057206630707,5.179476737976074,0.21913187205791473
Grocery,44,prior_delta_gate,40,text,1.9183382987976074,0.07565964758396149,2.881357431411743,0.08861886709928513
Grocery,44,prior_delta_gate,40,visual,2.9922780990600586,0.06316331028938293,5.24336051940918,0.21951499581336975
Grocery,44,prior_delta_gate,41,text,1.94041907787323,0.07593107968568802,2.9408156871795654,0.08969074487686157
Grocery,44,prior_delta_gate,41,visual,3.0123836994171143,0.06328072398900986,5.306582450866699,0.2198990136384964
Grocery,44,prior_delta_gate,42,text,1.9625506401062012,0.07621161639690399,3.0004680156707764,0.09087087959051132
Grocery,44,prior_delta_gate,42,visual,3.030402898788452,0.06351437419652939,5.366323471069336,0.22000624239444733
Grocery,44,prior_delta_gate,43,text,1.9842102527618408,0.07656429708003998,3.060936450958252,0.09217546135187149
Grocery,44,prior_delta_gate,43,visual,3.0477516651153564,0.06360887736082077,5.424472808837891,0.22005289793014526
Grocery,44,prior_delta_gate,44,text,2.0052452087402344,0.07695089280605316,3.12485408782959,0.09370366483926773
Grocery,44,prior_delta_gate,44,visual,3.06536602973938,0.0636172965168953,5.483199596405029,0.22027727961540222
Grocery,44,prior_delta_gate,45,text,2.0248796939849854,0.07726377993822098,3.184375762939453,0.09507587552070618
Grocery,44,prior_delta_gate,45,visual,3.0811572074890137,0.06372585892677307,5.537657260894775,0.2203904092311859
Grocery,44,prior_delta_gate,46,text,2.043590784072876,0.07750344276428223,3.238929033279419,0.09620223939418793
Grocery,44,prior_delta_gate,46,visual,3.0953874588012695,0.06389569491147995,5.588575839996338,0.22021305561065674
Grocery,44,prior_delta_gate,47,text,2.061641216278076,0.07773391902446747,3.291494846343994,0.09725040197372437
Grocery,44,prior_delta_gate,47,visual,3.109405040740967,0.06397156417369843,5.6385087966918945,0.22006236016750336
Grocery,44,prior_delta_gate,48,text,2.0800297260284424,0.07796868681907654,3.3461570739746094,0.0985531285405159
Grocery,44,prior_delta_gate,48,visual,3.1232495307922363,0.06396054476499557,5.688877582550049,0.22008948028087616
Grocery,44,prior_delta_gate,49,text,2.097409248352051,0.07819271087646484,3.3990657329559326,0.09982536733150482
Grocery,44,prior_delta_gate,49,visual,3.136329174041748,0.06403672695159912,5.737804412841797,0.22020626068115234
Grocery,44,prior_delta_gate,50,text,2.1145684719085693,0.07849534600973129,3.4524776935577393,0.10112648457288742
Grocery,44,prior_delta_gate,50,visual,3.1487557888031006,0.06414787471294403,5.785364627838135,0.2200995832681656
Grocery,44,prior_delta_gate,51,text,2.1307365894317627,0.07879085838794708,3.5033087730407715,0.10222918540239334
Grocery,44,prior_delta_gate,51,visual,3.160877227783203,0.06419569253921509,5.831470489501953,0.21989692747592926
Grocery,44,prior_delta_gate,52,text,2.145901679992676,0.07896701991558075,3.5508670806884766,0.1031702384352684
Grocery,44,prior_delta_gate,52,visual,3.1725826263427734,0.06425140798091888,5.876633644104004,0.21976163983345032
Grocery,44,prior_delta_gate,53,text,2.1604888439178467,0.07913067191839218,3.596282720565796,0.10403814166784286
Grocery,44,prior_delta_gate,53,visual,3.183558464050293,0.06433779001235962,5.920740604400635,0.2195950150489807
Grocery,44,prior_delta_gate,54,text,2.1743321418762207,0.07939068973064423,3.639934539794922,0.10472697019577026
Grocery,44,prior_delta_gate,54,visual,3.1952743530273438,0.06443185359239578,5.9659013748168945,0.2196589708328247
Grocery,44,prior_delta_gate,55,text,2.188904047012329,0.0796661451458931,3.6863043308258057,0.1055411621928215
Grocery,44,prior_delta_gate,55,visual,3.2076196670532227,0.0645635724067688,6.01314640045166,0.2198541909456253
Grocery,44,prior_delta_gate,56,text,2.2031309604644775,0.07983141392469406,3.7321057319641113,0.10642760992050171
Grocery,44,prior_delta_gate,56,visual,3.2188520431518555,0.06462305784225464,6.058193206787109,0.21982787549495697
Grocery,44,prior_delta_gate,57,text,2.2175519466400146,0.0799214094877243,3.778392791748047,0.10741642117500305
Grocery,44,prior_delta_gate,57,visual,3.2294111251831055,0.06457125395536423,6.101968288421631,0.2195887416601181
Grocery,44,prior_delta_gate,58,text,2.231968879699707,0.0800430178642273,3.824336290359497,0.10834655910730362
Grocery,44,prior_delta_gate,58,visual,3.2401838302612305,0.06462687999010086,6.146145343780518,0.21947558224201202
Grocery,44,prior_delta_gate,59,text,2.246180295944214,0.08026348054409027,3.869988441467285,0.10922648012638092
Grocery,44,prior_delta_gate,59,visual,3.2509238719940186,0.06471729278564453,6.190399169921875,0.21932880580425262
Grocery,44,prior_delta_gate,60,text,2.261037826538086,0.08050660043954849,3.916809320449829,0.11025624722242355
Grocery,44,prior_delta_gate,60,visual,3.262540817260742,0.06483513116836548,6.2361345291137695,0.21940557658672333
Grocery,44,prior_delta_gate,61,text,2.2764763832092285,0.08068427443504333,3.9645931720733643,0.11147454380989075
Grocery,44,prior_delta_gate,61,visual,3.2736551761627197,0.06494836509227753,6.280694484710693,0.21943850815296173
Grocery,44,prior_delta_gate,62,text,2.2926032543182373,0.08081337064504623,4.014070510864258,0.11291112750768661
Grocery,44,prior_delta_gate,62,visual,3.2840635776519775,0.06489228457212448,6.323777198791504,0.21916647255420685
Grocery,44,prior_delta_gate,63,text,2.307147264480591,0.08087199926376343,4.058854579925537,0.11405452340841293
Grocery,44,prior_delta_gate,63,visual,3.2936322689056396,0.06493296474218369,6.364668846130371,0.2189255654811859
Grocery,44,prior_delta_gate,64,text,2.322106122970581,0.08110906928777695,4.1051788330078125,0.11520356684923172
Grocery,44,prior_delta_gate,64,visual,3.3035895824432373,0.06497042626142502,6.4070634841918945,0.21878169476985931
Grocery,44,prior_delta_gate,65,text,2.336744785308838,0.0813869833946228,4.152068614959717,0.11630896478891373
Grocery,44,prior_delta_gate,65,visual,3.3139472007751465,0.06505018472671509,6.450442314147949,0.218779519200325
Grocery,44,prior_delta_gate,66,text,2.3512494564056396,0.08154966682195663,4.198507785797119,0.11752709001302719
Grocery,44,prior_delta_gate,66,visual,3.3228790760040283,0.0651511549949646,6.491407871246338,0.2183898240327835
Grocery,44,prior_delta_gate,67,text,2.365020751953125,0.08172532171010971,4.242810249328613,0.11861400306224823
Grocery,44,prior_delta_gate,67,visual,3.3317439556121826,0.06511029601097107,6.531074047088623,0.21793067455291748
Grocery,44,prior_delta_gate,68,text,2.3800904750823975,0.08190107345581055,4.289149284362793,0.1199188232421875
Grocery,44,prior_delta_gate,68,visual,3.3407387733459473,0.06517651677131653,6.571847915649414,0.2175413966178894
Grocery,44,prior_delta_gate,69,text,2.394637107849121,0.0820557251572609,4.334856986999512,0.12113629281520844
Grocery,44,prior_delta_gate,69,visual,3.349517822265625,0.06525053083896637,6.613016605377197,0.21704436838626862
Grocery,44,prior_delta_gate,70,text,2.409712314605713,0.08227482438087463,4.383267879486084,0.1224864274263382
Grocery,44,prior_delta_gate,70,visual,3.3589513301849365,0.06534145027399063,6.656254291534424,0.21664170920848846
Grocery,44,prior_delta_gate,71,text,2.425550699234009,0.0825304165482521,4.433284759521484,0.12405417114496231
Grocery,44,prior_delta_gate,71,visual,3.3685412406921387,0.06552029401063919,6.699534893035889,0.21636232733726501
Grocery,44,prior_delta_gate,72,text,2.440944194793701,0.08279211819171906,4.4818034172058105,0.12545818090438843
Grocery,44,prior_delta_gate,72,visual,3.3785696029663086,0.06552153825759888,6.7424540519714355,0.21616032719612122
Grocery,44,prior_delta_gate,73,text,2.456387519836426,0.08289200067520142,4.529969692230225,0.1268765926361084
Grocery,44,prior_delta_gate,73,visual,3.388155460357666,0.06553208827972412,6.784929275512695,0.2158908247947693
Grocery,44,prior_delta_gate,74,text,2.471501350402832,0.08301542699337006,4.577922344207764,0.12822963297367096
Grocery,44,prior_delta_gate,74,visual,3.3982768058776855,0.06561741232872009,6.827972412109375,0.215818852186203
Grocery,44,prior_delta_gate,75,text,2.4863345623016357,0.08311641216278076,4.625908851623535,0.12956176698207855
Grocery,44,prior_delta_gate,75,visual,3.408414602279663,0.06585939973592758,6.871461868286133,0.21581050753593445
Grocery,44,prior_delta_gate,76,text,2.501091241836548,0.08334013819694519,4.673230171203613,0.13089290261268616
Grocery,44,prior_delta_gate,76,visual,3.4186439514160156,0.06591842323541641,6.9142022132873535,0.2157028764486313
Grocery,44,prior_delta_gate,77,text,2.516348361968994,0.08368751406669617,4.721381187438965,0.13229894638061523
Grocery,44,prior_delta_gate,77,visual,3.428919553756714,0.06593617051839828,6.957616329193115,0.21551841497421265
Grocery,44,prior_delta_gate,78,text,2.5318117141723633,0.08401384204626083,4.7703142166137695,0.13383623957633972
Grocery,44,prior_delta_gate,78,visual,3.4382972717285156,0.06605000048875809,6.999509334564209,0.21523863077163696
Grocery,44,prior_delta_gate,79,text,2.5472307205200195,0.08420492708683014,4.819402694702148,0.13542625308036804
Grocery,44,prior_delta_gate,79,visual,3.4474308490753174,0.06613514572381973,7.04059362411499,0.21483421325683594
Grocery,44,prior_delta_gate,80,text,2.5620827674865723,0.08431502431631088,4.8662333488464355,0.13695107400417328
Grocery,44,prior_delta_gate,80,visual,3.455583095550537,0.06627268344163895,7.0799055099487305,0.21424295008182526
Grocery,44,prior_delta_gate,81,text,2.576401710510254,0.08451281487941742,4.910947322845459,0.13832403719425201
Grocery,44,prior_delta_gate,81,visual,3.463820457458496,0.06631994992494583,7.119589805603027,0.21367976069450378
Grocery,44,prior_delta_gate,82,text,2.591078519821167,0.08486403524875641,4.956945896148682,0.13962222635746002
Grocery,44,prior_delta_gate,82,visual,3.4731593132019043,0.0663798600435257,7.16067361831665,0.2133069634437561
Grocery,44,prior_delta_gate,83,text,2.6041975021362305,0.08508944511413574,4.999948978424072,0.14071311056613922
Grocery,44,prior_delta_gate,83,visual,3.4819350242614746,0.06654719263315201,7.200135231018066,0.21297712624073029
Grocery,44,prior_delta_gate,84,text,2.6168787479400635,0.08512663096189499,5.043036937713623,0.1418105661869049
Grocery,44,prior_delta_gate,84,visual,3.490398645401001,0.06663969904184341,7.238694190979004,0.21257150173187256
Grocery,44,prior_delta_gate,85,text,2.6304967403411865,0.08511608093976974,5.087038993835449,0.14304476976394653
Grocery,44,prior_delta_gate,85,visual,3.498417377471924,0.06669594347476959,7.275927543640137,0.21203862130641937
Grocery,44,prior_delta_gate,86,text,2.644012451171875,0.08522665500640869,5.130669593811035,0.1442570686340332
Grocery,44,prior_delta_gate,86,visual,3.5063791275024414,0.06672174483537674,7.313374996185303,0.21148180961608887
Grocery,44,prior_delta_gate,87,text,2.657438039779663,0.08553311228752136,5.173574447631836,0.14535364508628845
Grocery,44,prior_delta_gate,87,visual,3.515521764755249,0.06679516285657883,7.353663921356201,0.21115034818649292
Grocery,44,prior_delta_gate,88,text,2.6690354347229004,0.08571553230285645,5.2129364013671875,0.14615505933761597
Grocery,44,prior_delta_gate,88,visual,3.524089813232422,0.06686509400606155,7.391770839691162,0.2107025533914566
Grocery,44,prior_delta_gate,89,text,2.6804702281951904,0.08578398823738098,5.253011226654053,0.14705385267734528
Grocery,44,prior_delta_gate,89,visual,3.532280683517456,0.06689217686653137,7.428526878356934,0.21004366874694824
Grocery,44,prior_delta_gate,90,text,2.6912758350372314,0.08583510667085648,5.291584014892578,0.14784741401672363
Grocery,44,prior_delta_gate,90,visual,3.540144443511963,0.06701074540615082,7.464511394500732,0.20952239632606506
Grocery,44,prior_delta_gate,91,text,2.7031357288360596,0.08603749424219131,5.331587791442871,0.14863672852516174
Grocery,44,prior_delta_gate,91,visual,3.548182249069214,0.06710607558488846,7.501392841339111,0.20904415845870972
Grocery,44,prior_delta_gate,92,text,2.714958906173706,0.08617077767848969,5.370826244354248,0.14939725399017334
Grocery,44,prior_delta_gate,92,visual,3.5565128326416016,0.06704916059970856,7.538544654846191,0.2083563208580017
Grocery,44,prior_delta_gate,93,text,2.7262392044067383,0.08630646765232086,5.408781051635742,0.1501721441745758
Grocery,44,prior_delta_gate,93,visual,3.564817190170288,0.06713435798883438,7.575293064117432,0.2078126221895218
Grocery,44,prior_delta_gate,94,text,2.7380003929138184,0.08645597845315933,5.449106693267822,0.15113432705402374
Grocery,44,prior_delta_gate,94,visual,3.573622465133667,0.06731397658586502,7.613187789916992,0.20742084085941315
Grocery,44,prior_delta_gate,95,text,2.749591112136841,0.08656938374042511,5.487793445587158,0.1519940048456192
Grocery,44,prior_delta_gate,95,visual,3.5823276042938232,0.06739850342273712,7.649814128875732,0.20693619549274445
Grocery,44,prior_delta_gate,96,text,2.7619142532348633,0.086713507771492,5.527406215667725,0.1528753638267517
Grocery,44,prior_delta_gate,96,visual,3.5912444591522217,0.06741122156381607,7.686429023742676,0.20647531747817993
Grocery,44,prior_delta_gate,97,text,2.774559736251831,0.08690880239009857,5.5685505867004395,0.15396510064601898
Grocery,44,prior_delta_gate,97,visual,3.5996603965759277,0.0673694834113121,7.722577095031738,0.20596596598625183
Grocery,44,prior_delta_gate,98,text,2.7861225605010986,0.0869881883263588,5.6076812744140625,0.1549266278743744
Grocery,44,prior_delta_gate,98,visual,3.6074399948120117,0.0674615353345871,7.7566752433776855,0.20549362897872925
Grocery,44,prior_delta_gate,99,text,2.797205686569214,0.0870390236377716,5.645608901977539,0.15575700998306274
Grocery,44,prior_delta_gate,99,visual,3.615237236022949,0.06749937683343887,7.789882183074951,0.20484204590320587
Grocery,44,prior_delta_gate,100,text,2.8076796531677246,0.0871959775686264,5.681334972381592,0.15632368624210358
Grocery,44,prior_delta_gate,100,visual,3.62362003326416,0.06754469871520996,7.824193954467773,0.2043277472257614
Grocery,44,prior_delta_gate,101,text,2.8172836303710938,0.08730177581310272,5.7150044441223145,0.15675334632396698
Grocery,44,prior_delta_gate,101,visual,3.6312994956970215,0.06758482754230499,7.857229232788086,0.20384657382965088
Grocery,44,prior_delta_gate,102,text,2.8282933235168457,0.08737604320049286,5.751652717590332,0.15736696124076843
Grocery,44,prior_delta_gate,102,visual,3.6386849880218506,0.06763947755098343,7.88994836807251,0.2032923698425293
Grocery,44,prior_delta_gate,103,text,2.838676929473877,0.08753406256437302,5.787167072296143,0.15779589116573334
Grocery,44,prior_delta_gate,103,visual,3.646481990814209,0.06760639697313309,7.9224090576171875,0.2027578204870224
Grocery,44,prior_delta_gate,104,text,2.848018169403076,0.08767633885145187,5.820723533630371,0.15811656415462494
Grocery,44,prior_delta_gate,104,visual,3.6540188789367676,0.06765192747116089,7.953586101531982,0.2022807002067566
Grocery,44,prior_delta_gate,105,text,2.856595993041992,0.08769707381725311,5.852875709533691,0.15837106108665466
Grocery,44,prior_delta_gate,105,visual,3.6613943576812744,0.06780964881181717,7.984193325042725,0.20187416672706604
Grocery,44,prior_delta_gate,106,text,2.8643624782562256,0.08766060322523117,5.8835835456848145,0.15841928124427795
Grocery,44,prior_delta_gate,106,visual,3.6689958572387695,0.06783507019281387,8.015069007873535,0.20144671201705933
Grocery,44,prior_delta_gate,107,text,2.873344659805298,0.08768545836210251,5.915381908416748,0.15861396491527557
Grocery,44,prior_delta_gate,107,visual,3.6759049892425537,0.0678495392203331,8.04533863067627,0.2008942812681198
Grocery,44,prior_delta_gate,108,text,2.8827507495880127,0.08780845254659653,5.947581768035889,0.15894128382205963
Grocery,44,prior_delta_gate,108,visual,3.683203935623169,0.06775859743356705,8.07653522491455,0.20033514499664307
Grocery,44,prior_delta_gate,109,text,2.893052101135254,0.08809983730316162,5.982456207275391,0.15953683853149414
Grocery,44,prior_delta_gate,109,visual,3.6906731128692627,0.06785128265619278,8.108386039733887,0.1998538076877594
Grocery,44,prior_delta_gate,110,text,2.903751850128174,0.08820377290248871,6.0199174880981445,0.16029101610183716
Grocery,44,prior_delta_gate,110,visual,3.6983585357666016,0.06796687096357346,8.140327453613281,0.19942504167556763
Grocery,44,prior_delta_gate,111,text,2.9140467643737793,0.08818936347961426,6.056493759155273,0.16101223230361938
Grocery,44,prior_delta_gate,111,visual,3.7062270641326904,0.06801795959472656,8.171610832214355,0.19892999529838562
Grocery,44,prior_delta_gate,112,text,2.9255576133728027,0.08832746744155884,6.095948696136475,0.16176006197929382
Grocery,44,prior_delta_gate,112,visual,3.7146432399749756,0.06808150559663773,8.20447063446045,0.19852089881896973
Grocery,44,prior_delta_gate,113,text,2.9371259212493896,0.08856239914894104,6.135043621063232,0.16243904829025269
Grocery,44,prior_delta_gate,113,visual,3.723013162612915,0.06800094246864319,8.237981796264648,0.1980859339237213
Grocery,44,prior_delta_gate,114,text,2.9488377571105957,0.08881191909313202,6.1736345291137695,0.1631719172000885
Grocery,44,prior_delta_gate,114,visual,3.730973720550537,0.06807641685009003,8.270306587219238,0.19760142266750336
Grocery,44,prior_delta_gate,115,text,2.961179733276367,0.08902479708194733,6.213334083557129,0.16404853761196136
Grocery,44,prior_delta_gate,115,visual,3.739250659942627,0.06818600744009018,8.303135871887207,0.19715523719787598
Grocery,44,prior_delta_gate,116,text,2.972630262374878,0.08921802043914795,6.251375675201416,0.16481947898864746
Grocery,44,prior_delta_gate,116,visual,3.746642827987671,0.06819917261600494,8.33460807800293,0.19667255878448486
Grocery,44,prior_delta_gate,117,text,2.9835216999053955,0.08936896175146103,6.288843154907227,0.1653609573841095
Grocery,44,prior_delta_gate,117,visual,3.7545065879821777,0.06817692518234253,8.366710662841797,0.19607950747013092
Grocery,44,prior_delta_gate,118,text,2.9957447052001953,0.0894947424530983,6.329808712005615,0.16612763702869415
Grocery,44,prior_delta_gate,118,visual,3.76206374168396,0.06823956966400146,8.398643493652344,0.19537051022052765
Grocery,44,prior_delta_gate,119,text,3.00805926322937,0.0896819680929184,6.371122360229492,0.16689682006835938
Grocery,44,prior_delta_gate,119,visual,3.7694618701934814,0.06825435161590576,8.431139945983887,0.19455499947071075
Grocery,44,prior_delta_gate,120,text,3.0195393562316895,0.08989672362804413,6.410545349121094,0.16742482781410217
Grocery,44,prior_delta_gate,120,visual,3.777473211288452,0.06823334842920303,8.464375495910645,0.1939329206943512
Grocery,44,prior_delta_gate,121,text,3.0305395126342773,0.09003555774688721,6.448791027069092,0.16779515147209167
Grocery,44,prior_delta_gate,121,visual,3.7860097885131836,0.0683765560388565,8.497583389282227,0.19343291223049164
Grocery,44,prior_delta_gate,122,text,3.0417332649230957,0.09012909233570099,6.487746715545654,0.1682969480752945
Grocery,44,prior_delta_gate,122,visual,3.7938196659088135,0.06838878989219666,8.530356407165527,0.19270013272762299
Grocery,44,prior_delta_gate,123,text,3.0537397861480713,0.09030085057020187,6.527472972869873,0.1689070612192154
Grocery,44,prior_delta_gate,123,visual,3.8014495372772217,0.06841196864843369,8.563005447387695,0.19191929697990417
Grocery,44,prior_delta_gate,124,text,3.0663654804229736,0.09050583094358444,6.5682244300842285,0.16972529888153076
Grocery,44,prior_delta_gate,124,visual,3.80903697013855,0.06845059990882874,8.595573425292969,0.1910589337348938
Grocery,44,prior_delta_gate,125,text,3.0783674716949463,0.09068845957517624,6.607581615447998,0.17053654789924622
Grocery,44,prior_delta_gate,125,visual,3.816218376159668,0.06851250678300858,8.627370834350586,0.19026874005794525
Grocery,44,prior_delta_gate,126,text,3.089634418487549,0.09092964977025986,6.6458740234375,0.17115172743797302
Grocery,44,prior_delta_gate,126,visual,3.8237287998199463,0.06856140494346619,8.658873558044434,0.18945102393627167
Grocery,44,prior_delta_gate,127,text,3.1006691455841064,0.09111057221889496,6.683265209197998,0.17183195054531097
Grocery,44,prior_delta_gate,127,visual,3.8306703567504883,0.06869356334209442,8.68874740600586,0.18872171640396118
Grocery,44,prior_delta_gate,128,text,3.1110048294067383,0.09122613817453384,6.7184247970581055,0.17230555415153503
Grocery,44,prior_delta_gate,128,visual,3.838000774383545,0.0687272772192955,8.718929290771484,0.1880023181438446
Grocery,44,prior_delta_gate,129,text,3.1218435764312744,0.0913204774260521,6.754678726196289,0.1728433519601822
Grocery,44,prior_delta_gate,129,visual,3.8452086448669434,0.06872890889644623,8.749042510986328,0.18725214898586273
Grocery,44,prior_delta_gate,130,text,3.1328940391540527,0.0913541316986084,6.791257381439209,0.17344127595424652
Grocery,44,prior_delta_gate,130,visual,3.8518223762512207,0.06877392530441284,8.778029441833496,0.18639419972896576
Grocery,44,prior_delta_gate,131,text,3.144482374191284,0.09148275852203369,6.828830242156982,0.1742510199546814
Grocery,44,prior_delta_gate,131,visual,3.858152151107788,0.0687979906797409,8.806471824645996,0.18552403151988983
Grocery,44,prior_delta_gate,132,text,3.155747890472412,0.09171339124441147,6.865743637084961,0.17501895129680634
Grocery,44,prior_delta_gate,132,visual,3.8652238845825195,0.06884605437517166,8.835138320922852,0.18492288887500763
Grocery,44,prior_delta_gate,133,text,3.166273355484009,0.09188510477542877,6.900936126708984,0.17564383149147034
Grocery,44,prior_delta_gate,133,visual,3.8728702068328857,0.06890355050563812,8.86345386505127,0.1845829039812088
Grocery,44,prior_delta_gate,134,text,3.1757752895355225,0.09201132506132126,6.933688163757324,0.17598482966423035
Grocery,44,prior_delta_gate,134,visual,3.880756378173828,0.06888574361801147,8.891923904418945,0.18420512974262238
Grocery,44,prior_delta_gate,135,text,3.1848502159118652,0.09196238964796066,6.964927673339844,0.17625513672828674
Grocery,44,prior_delta_gate,135,visual,3.888061285018921,0.06888405978679657,8.919066429138184,0.18388043344020844
Grocery,44,prior_delta_gate,136,text,3.1940865516662598,0.09190000593662262,6.995911121368408,0.1765473634004593
Grocery,44,prior_delta_gate,136,visual,3.8951492309570312,0.06891530752182007,8.945262908935547,0.18357239663600922
Grocery,44,prior_delta_gate,137,text,3.203172206878662,0.09196802228689194,7.026806831359863,0.17679071426391602
Grocery,44,prior_delta_gate,137,visual,3.9022769927978516,0.06897368282079697,8.971467971801758,0.18324559926986694
Grocery,44,prior_delta_gate,138,text,3.2117648124694824,0.09201674163341522,7.057197093963623,0.17707021534442902
Grocery,44,prior_delta_gate,138,visual,3.908978223800659,0.06902238726615906,8.996869087219238,0.18297961354255676
Grocery,44,prior_delta_gate,139,text,3.2200677394866943,0.09210360795259476,7.086785793304443,0.17728136479854584
Grocery,44,prior_delta_gate,139,visual,3.9156229496002197,0.06908170878887177,9.021801948547363,0.18270090222358704
Grocery,44,prior_delta_gate,140,text,3.228734254837036,0.09226115792989731,7.116300582885742,0.17748619616031647
Grocery,44,prior_delta_gate,140,visual,3.922234296798706,0.06921126693487167,9.046010971069336,0.18242643773555756
Grocery,44,prior_delta_gate,141,text,3.2371280193328857,0.09231284260749817,7.145025253295898,0.17778685688972473
Grocery,44,prior_delta_gate,141,visual,3.9282326698303223,0.06933121383190155,9.069259643554688,0.1821325272321701
Grocery,44,prior_delta_gate,142,text,3.245274782180786,0.09239407628774643,7.173127174377441,0.17809878289699554
Grocery,44,prior_delta_gate,142,visual,3.9342620372772217,0.06934833526611328,9.092570304870605,0.18174958229064941
Grocery,44,prior_delta_gate,143,text,3.2522330284118652,0.09244271367788315,7.198114395141602,0.17811979353427887
Grocery,44,prior_delta_gate,143,visual,3.940609931945801,0.06943927705287933,9.115561485290527,0.18150745332241058
Grocery,44,prior_delta_gate,144,text,3.2582814693450928,0.09246249496936798,7.221220016479492,0.17788250744342804
Grocery,44,prior_delta_gate,144,visual,3.9473013877868652,0.06955236196517944,9.138391494750977,0.18142782151699066
Grocery,44,prior_delta_gate,145,text,3.2647433280944824,0.09252956509590149,7.2451653480529785,0.17777270078659058
Grocery,44,prior_delta_gate,145,visual,3.953373432159424,0.06963334232568741,9.160513877868652,0.18124312162399292
Grocery,44,prior_delta_gate,146,text,3.271132707595825,0.09259574115276337,7.269028186798096,0.17770546674728394
Grocery,44,prior_delta_gate,146,visual,3.959146738052368,0.06964889168739319,9.181868553161621,0.18098026514053345
Grocery,44,prior_delta_gate,147,text,3.2771127223968506,0.09262663871049881,7.291917324066162,0.17758390307426453
Grocery,44,prior_delta_gate,147,visual,3.965287208557129,0.0697096735239029,9.20271110534668,0.18087232112884521
Grocery,44,prior_update_add,0,text,0.0,0.0,0.0,0.0
Grocery,44,prior_update_add,0,visual,0.0,0.0,0.0,0.0
Grocery,44,prior_update_add,1,text,0.25584760308265686,0.015998870134353638,0.0,0.0
Grocery,44,prior_update_add,1,visual,0.25587430596351624,0.01599832996726036,0.0,0.0
Grocery,44,prior_update_add,2,text,0.38132962584495544,0.02330128476023674,0.0,0.0
Grocery,44,prior_update_add,2,visual,0.39199119806289673,0.023510530591011047,0.0,0.0
Grocery,44,prior_update_add,3,text,0.47089964151382446,0.027890104800462723,0.0,0.0
Grocery,44,prior_update_add,3,visual,0.49729251861572266,0.02698223665356636,0.0,0.0
Grocery,44,prior_update_add,4,text,0.5463494062423706,0.030229689553380013,0.0,0.0
Grocery,44,prior_update_add,4,visual,0.5959392189979553,0.02894236519932747,0.0,0.0
Grocery,44,prior_update_add,5,text,0.6209216713905334,0.03222336620092392,0.0,0.0
Grocery,44,prior_update_add,5,visual,0.6982802152633667,0.030544821172952652,0.0,0.0
Grocery,44,prior_update_add,6,text,0.684859037399292,0.03486774489283562,0.0,0.0
Grocery,44,prior_update_add,6,visual,0.7983623743057251,0.032018277794122696,0.0,0.0
Grocery,44,prior_update_add,7,text,0.7444097995758057,0.03815288469195366,0.0,0.0
Grocery,44,prior_update_add,7,visual,0.9005215764045715,0.034040190279483795,0.0,0.0
Grocery,44,prior_update_add,8,text,0.7909263372421265,0.04103493317961693,0.0,0.0
Grocery,44,prior_update_add,8,visual,1.0020601749420166,0.0355975367128849,0.0,0.0
Grocery,44,prior_update_add,9,text,0.8319091200828552,0.042975690215826035,0.0,0.0
Grocery,44,prior_update_add,9,visual,1.1024423837661743,0.03662119060754776,0.0,0.0
Grocery,44,prior_update_add,10,text,0.8714723587036133,0.044370513409376144,0.0,0.0
Grocery,44,prior_update_add,10,visual,1.20502507686615,0.037720948457717896,0.0,0.0
Grocery,44,prior_update_add,11,text,0.9085380434989929,0.04578796401619911,0.0,0.0
Grocery,44,prior_update_add,11,visual,1.30393385887146,0.03858703747391701,0.0,0.0
Grocery,44,prior_update_add,12,text,0.9446194171905518,0.04759063571691513,0.0,0.0
Grocery,44,prior_update_add,12,visual,1.4023637771606445,0.03960384801030159,0.0,0.0
Grocery,44,prior_update_add,13,text,0.9805426001548767,0.049439068883657455,0.0,0.0
Grocery,44,prior_update_add,13,visual,1.497880220413208,0.040841616690158844,0.0,0.0
Grocery,44,prior_update_add,14,text,1.0157620906829834,0.05123127996921539,0.0,0.0
Grocery,44,prior_update_add,14,visual,1.5880773067474365,0.041934069246053696,0.0,0.0
Grocery,44,prior_update_add,15,text,1.0481743812561035,0.05239216238260269,0.0,0.0
Grocery,44,prior_update_add,15,visual,1.6728217601776123,0.04309035465121269,0.0,0.0
Grocery,44,prior_update_add,16,text,1.0789217948913574,0.05327934771776199,0.0,0.0
Grocery,44,prior_update_add,16,visual,1.7515202760696411,0.04424625635147095,0.0,0.0
Grocery,44,prior_update_add,17,text,1.1053690910339355,0.05409882962703705,0.0,0.0
Grocery,44,prior_update_add,17,visual,1.8237857818603516,0.045025862753391266,0.0,0.0
Grocery,44,prior_update_add,18,text,1.1305397748947144,0.0549817755818367,0.0,0.0
Grocery,44,prior_update_add,18,visual,1.8909183740615845,0.04588522017002106,0.0,0.0
Grocery,44,prior_update_add,19,text,1.1544668674468994,0.05585519224405289,0.0,0.0
Grocery,44,prior_update_add,19,visual,1.9524341821670532,0.04663988947868347,0.0,0.0
Grocery,44,prior_update_add,20,text,1.1776823997497559,0.056650832295417786,0.0,0.0
Grocery,44,prior_update_add,20,visual,2.0073654651641846,0.04725909233093262,0.0,0.0
Grocery,44,prior_update_add,21,text,1.2008106708526611,0.05752851441502571,0.0,0.0
Grocery,44,prior_update_add,21,visual,2.0582010746002197,0.04786306247115135,0.0,0.0
Grocery,44,prior_update_add,22,text,1.2246527671813965,0.05839186906814575,0.0,0.0
Grocery,44,prior_update_add,22,visual,2.106654167175293,0.04846767708659172,0.0,0.0
Grocery,44,prior_update_add,23,text,1.2473626136779785,0.05909395217895508,0.0,0.0
Grocery,44,prior_update_add,23,visual,2.1514170169830322,0.04885286092758179,0.0,0.0
Grocery,44,prior_update_add,24,text,1.2703275680541992,0.05968043953180313,0.0,0.0
Grocery,44,prior_update_add,24,visual,2.1920692920684814,0.0494069941341877,0.0,0.0
Grocery,44,prior_update_add,25,text,1.2931560277938843,0.06026821956038475,0.0,0.0
Grocery,44,prior_update_add,25,visual,2.230360269546509,0.04990578070282936,0.0,0.0
Grocery,44,prior_update_add,26,text,1.3160866498947144,0.06088918447494507,0.0,0.0
Grocery,44,prior_update_add,26,visual,2.266474723815918,0.05037965625524521,0.0,0.0
Grocery,44,prior_update_add,27,text,1.338147759437561,0.0614471398293972,0.0,0.0
Grocery,44,prior_update_add,27,visual,2.3001492023468018,0.0507543683052063,0.0,0.0
Grocery,44,prior_update_add,28,text,1.3602439165115356,0.06188243255019188,0.0,0.0
Grocery,44,prior_update_add,28,visual,2.3319177627563477,0.05107557028532028,0.0,0.0
Grocery,44,prior_update_add,29,text,1.382213830947876,0.062312498688697815,0.0,0.0
Grocery,44,prior_update_add,29,visual,2.362215280532837,0.05144597217440605,0.0,0.0
Grocery,44,prior_update_add,30,text,1.4036306142807007,0.06272771209478378,0.0,0.0
Grocery,44,prior_update_add,30,visual,2.3912506103515625,0.051779817789793015,0.0,0.0
Grocery,44,prior_update_add,31,text,1.424078106880188,0.06310397386550903,0.0,0.0
Grocery,44,prior_update_add,31,visual,2.418527841567993,0.05215849354863167,0.0,0.0
Grocery,44,prior_update_add,32,text,1.4437626600265503,0.06345730274915695,0.0,0.0
Grocery,44,prior_update_add,32,visual,2.4444384574890137,0.052424006164073944,0.0,0.0
Grocery,44,prior_update_add,33,text,1.4642488956451416,0.06377866864204407,0.0,0.0
Grocery,44,prior_update_add,33,visual,2.4687583446502686,0.05265393480658531,0.0,0.0
Grocery,44,prior_update_add,34,text,1.4850471019744873,0.06406620144844055,0.0,0.0
Grocery,44,prior_update_add,34,visual,2.4923462867736816,0.052947331219911575,0.0,0.0
Grocery,44,prior_update_add,35,text,1.505128026008606,0.06440802663564682,0.0,0.0
Grocery,44,prior_update_add,35,visual,2.5146572589874268,0.053219474852085114,0.0,0.0
Grocery,44,prior_update_add,36,text,1.5242031812667847,0.06474030017852783,0.0,0.0
Grocery,44,prior_update_add,36,visual,2.5349152088165283,0.05345360189676285,0.0,0.0
Grocery,44,prior_update_add,37,text,1.5418124198913574,0.0650116503238678,0.0,0.0
Grocery,44,prior_update_add,37,visual,2.554192066192627,0.05356287583708763,0.0,0.0
Grocery,44,prior_update_add,38,text,1.5596513748168945,0.06524567306041718,0.0,0.0
Grocery,44,prior_update_add,38,visual,2.5714058876037598,0.053770069032907486,0.0,0.0
Grocery,44,prior_update_add,39,text,1.5772587060928345,0.06557842344045639,0.0,0.0
Grocery,44,prior_update_add,39,visual,2.588237762451172,0.05395732447504997,0.0,0.0
Grocery,44,prior_update_add,40,text,1.5953129529953003,0.06599581986665726,0.0,0.0
Grocery,44,prior_update_add,40,visual,2.6048460006713867,0.054022520780563354,0.0,0.0
Grocery,44,prior_update_add,41,text,1.6119076013565063,0.06634939461946487,0.0,0.0
Grocery,44,prior_update_add,41,visual,2.6198136806488037,0.05418509989976883,0.0,0.0
Grocery,44,prior_update_add,42,text,1.6269978284835815,0.06660304218530655,0.0,0.0
Grocery,44,prior_update_add,42,visual,2.633866548538208,0.054277513176202774,0.0,0.0
Grocery,44,prior_update_add,43,text,1.6418591737747192,0.06681382656097412,0.0,0.0
Grocery,44,prior_update_add,43,visual,2.647240400314331,0.05429649353027344,0.0,0.0
Grocery,44,prior_update_add,44,text,1.6560935974121094,0.0670682042837143,0.0,0.0
Grocery,44,prior_update_add,44,visual,2.6598939895629883,0.054427169263362885,0.0,0.0
Grocery,44,prior_update_add,45,text,1.6705058813095093,0.06742379069328308,0.0,0.0
Grocery,44,prior_update_add,45,visual,2.6720449924468994,0.054572686553001404,0.0,0.0
Grocery,44,prior_update_add,46,text,1.6842169761657715,0.06781523674726486,0.0,0.0
Grocery,44,prior_update_add,46,visual,2.6840732097625732,0.054610420018434525,0.0,0.0
Grocery,44,prior_update_add,47,text,1.6969091892242432,0.0680859163403511,0.0,0.0
Grocery,44,prior_update_add,47,visual,2.694303035736084,0.05472012236714363,0.0,0.0
Grocery,44,prior_update_add,48,text,1.7085323333740234,0.06827949732542038,0.0,0.0
Grocery,44,prior_update_add,48,visual,2.703617572784424,0.05479447543621063,0.0,0.0
Grocery,44,prior_update_add,49,text,1.7197935581207275,0.06841147691011429,0.0,0.0
Grocery,44,prior_update_add,49,visual,2.7124083042144775,0.05481128767132759,0.0,0.0
Grocery,44,prior_update_add,50,text,1.7301794290542603,0.06851937621831894,0.0,0.0
Grocery,44,prior_update_add,50,visual,2.7204182147979736,0.054865624755620956,0.0,0.0
Grocery,44,prior_update_add,51,text,1.73967707157135,0.06865387409925461,0.0,0.0
Grocery,44,prior_update_add,51,visual,2.7284090518951416,0.05490216985344887,0.0,0.0
Grocery,44,prior_update_add,52,text,1.7493845224380493,0.06888656318187714,0.0,0.0
Grocery,44,prior_update_add,52,visual,2.7366139888763428,0.054866522550582886,0.0,0.0
Grocery,44,prior_update_add,53,text,1.759255051612854,0.06918352097272873,0.0,0.0
Grocery,44,prior_update_add,53,visual,2.7445566654205322,0.05489568039774895,0.0,0.0
Grocery,44,prior_update_add,54,text,1.7682280540466309,0.06941347569227219,0.0,0.0
Grocery,44,prior_update_add,54,visual,2.7517054080963135,0.055056553333997726,0.0,0.0
Grocery,44,prior_update_add,55,text,1.776390552520752,0.06951692700386047,0.0,0.0
Grocery,44,prior_update_add,55,visual,2.758328914642334,0.055057067424058914,0.0,0.0
Grocery,44,prior_update_add,56,text,1.7843897342681885,0.06950752437114716,0.0,0.0
Grocery,44,prior_update_add,56,visual,2.7643368244171143,0.054929886013269424,0.0,0.0
Grocery,44,prior_update_add,57,text,1.7923846244812012,0.06950277835130692,0.0,0.0
Grocery,44,prior_update_add,57,visual,2.769667387008667,0.05492059513926506,0.0,0.0
Grocery,44,prior_update_add,58,text,1.800764799118042,0.06957878172397614,0.0,0.0
Grocery,44,prior_update_add,58,visual,2.774890184402466,0.05502954125404358,0.0,0.0
Grocery,44,prior_update_add,59,text,1.8091646432876587,0.06973882019519806,0.0,0.0
Grocery,44,prior_update_add,59,visual,2.780470848083496,0.05505678802728653,0.0,0.0
Grocery,44,prior_update_add,60,text,1.8169664144515991,0.0699094906449318,0.0,0.0
Grocery,44,prior_update_add,60,visual,2.7865490913391113,0.05504027381539345,0.0,0.0
Grocery,44,prior_update_add,61,text,1.824170708656311,0.07001083344221115,0.0,0.0
Grocery,44,prior_update_add,61,visual,2.7924187183380127,0.05508166179060936,0.0,0.0
Grocery,44,prior_update_add,62,text,1.8311846256256104,0.0700794979929924,0.0,0.0
Grocery,44,prior_update_add,62,visual,2.798156499862671,0.0550868920981884,0.0,0.0
Grocery,44,prior_update_add,63,text,1.838127851486206,0.0700811818242073,0.0,0.0
Grocery,44,prior_update_add,63,visual,2.8040213584899902,0.05510256439447403,0.0,0.0
Grocery,44,prior_update_add,64,text,1.8447428941726685,0.07004012912511826,0.0,0.0
Grocery,44,prior_update_add,64,visual,2.809183359146118,0.055193983018398285,0.0,0.0
Grocery,44,prior_update_add,65,text,1.8511338233947754,0.07001958787441254,0.0,0.0
Grocery,44,prior_update_add,65,visual,2.814260244369507,0.05520779266953468,0.0,0.0
Grocery,44,prior_update_add,66,text,1.8577756881713867,0.0701124519109726,0.0,0.0
Grocery,44,prior_update_add,66,visual,2.8195579051971436,0.05518312379717827,0.0,0.0
Grocery,44,prior_update_add,67,text,1.8640365600585938,0.07022538036108017,0.0,0.0
Grocery,44,prior_update_add,67,visual,2.8245935440063477,0.055308740586042404,0.0,0.0
Grocery,44,prior_update_add,68,text,1.8709561824798584,0.07027743011713028,0.0,0.0
Grocery,44,prior_update_add,68,visual,2.8296191692352295,0.05539143085479736,0.0,0.0
Grocery,44,prior_update_add,69,text,1.8772801160812378,0.07030955702066422,0.0,0.0
Grocery,44,prior_update_add,69,visual,2.835005283355713,0.05548882111907005,0.0,0.0
Grocery,44,prior_update_add,70,text,1.8837260007858276,0.07029280811548233,0.0,0.0
Grocery,44,prior_update_add,70,visual,2.8403995037078857,0.05550859868526459,0.0,0.0
Grocery,44,prior_update_add,71,text,1.8917880058288574,0.07035146653652191,0.0,0.0
Grocery,44,prior_update_add,71,visual,2.8461642265319824,0.05547536909580231,0.0,0.0
Grocery,44,prior_update_add,72,text,1.8992828130722046,0.07040011882781982,0.0,0.0
Grocery,44,prior_update_add,72,visual,2.8513190746307373,0.05559084936976433,0.0,0.0
Grocery,44,prior_update_add,73,text,1.9069236516952515,0.07044453173875809,0.0,0.0
Grocery,44,prior_update_add,73,visual,2.8566811084747314,0.05581384152173996,0.0,0.0
Grocery,44,prior_update_add,74,text,1.9149088859558105,0.07046271860599518,0.0,0.0
Grocery,44,prior_update_add,74,visual,2.861992120742798,0.0558256097137928,0.0,0.0
Grocery,44,prior_update_add,75,text,1.922196388244629,0.07047925144433975,0.0,0.0
Grocery,44,prior_update_add,75,visual,2.867509365081787,0.05571218207478523,0.0,0.0
Grocery,44,prior_update_add,76,text,1.9284965991973877,0.07051439583301544,0.0,0.0
Grocery,44,prior_update_add,76,visual,2.8731114864349365,0.055772919207811356,0.0,0.0
Grocery,44,prior_update_add,77,text,1.9341107606887817,0.07061479985713959,0.0,0.0
Grocery,44,prior_update_add,77,visual,2.878873586654663,0.05596539378166199,0.0,0.0
Grocery,44,prior_update_add,78,text,1.9407671689987183,0.07075431197881699,0.0,0.0
Grocery,44,prior_update_add,78,visual,2.883826494216919,0.05604974925518036,0.0,0.0
Grocery,44,prior_update_add,79,text,1.9477365016937256,0.07083664834499359,0.0,0.0
Grocery,44,prior_update_add,79,visual,2.888037919998169,0.05602719262242317,0.0,0.0
Grocery,44,prior_update_add,80,text,1.9541356563568115,0.07089546322822571,0.0,0.0
Grocery,44,prior_update_add,80,visual,2.8928043842315674,0.056026753038167953,0.0,0.0
Grocery,44,prior_update_add,81,text,1.9608721733093262,0.07095174491405487,0.0,0.0
Grocery,44,prior_update_add,81,visual,2.8984169960021973,0.056058719754219055,0.0,0.0
Grocery,44,prior_update_add,82,text,1.9673916101455688,0.07096845656633377,0.0,0.0
Grocery,44,prior_update_add,82,visual,2.9034674167633057,0.05612638592720032,0.0,0.0
Grocery,44,prior_update_add,83,text,1.974535584449768,0.07102596759796143,0.0,0.0
Grocery,44,prior_update_add,83,visual,2.90767502784729,0.056170571595430374,0.0,0.0
Grocery,44,prior_update_add,84,text,1.9814856052398682,0.07111760973930359,0.0,0.0
Grocery,44,prior_update_add,84,visual,2.9117324352264404,0.05623779818415642,0.0,0.0
Grocery,44,prior_update_add,85,text,1.9880893230438232,0.0711650475859642,0.0,0.0
Grocery,44,prior_update_add,85,visual,2.91606068611145,0.05631556361913681,0.0,0.0
Grocery,44,prior_update_add,86,text,1.994966745376587,0.07115676254034042,0.0,0.0
Grocery,44,prior_update_add,86,visual,2.92057728767395,0.056358687579631805,0.0,0.0
Grocery,44,prior_update_add,87,text,2.001999855041504,0.07120975852012634,0.0,0.0
Grocery,44,prior_update_add,87,visual,2.9254837036132812,0.05630222707986832,0.0,0.0
Grocery,44,prior_update_add,88,text,2.0080795288085938,0.07132411003112793,0.0,0.0
Grocery,44,prior_update_add,88,visual,2.9304068088531494,0.05635416880249977,0.0,0.0
Grocery,44,prior_update_add,89,text,2.013885498046875,0.07142912596464157,0.0,0.0
Grocery,44,prior_update_add,89,visual,2.9353840351104736,0.056499917060136795,0.0,0.0
Grocery,44,prior_update_add,90,text,2.0194740295410156,0.0714494064450264,0.0,0.0
Grocery,44,prior_update_add,90,visual,2.9399075508117676,0.0565170980989933,0.0,0.0
Grocery,44,prior_update_add,91,text,2.0254340171813965,0.07145427912473679,0.0,0.0
Grocery,44,prior_update_add,91,visual,2.9445226192474365,0.05646282434463501,0.0,0.0
Grocery,44,prior_update_add,92,text,2.0322325229644775,0.07150467485189438,0.0,0.0
Grocery,44,prior_update_add,92,visual,2.9496219158172607,0.05648741498589516,0.0,0.0
Grocery,44,prior_update_add,93,text,2.040346145629883,0.0716065913438797,0.0,0.0
Grocery,44,prior_update_add,93,visual,2.954026937484741,0.05652264878153801,0.0,0.0
Grocery,44,prior_update_add,94,text,2.047783851623535,0.07168547064065933,0.0,0.0
Grocery,44,prior_update_add,94,visual,2.9577174186706543,0.056585073471069336,0.0,0.0
Grocery,44,prior_update_add,95,text,2.0535309314727783,0.07167566567659378,0.0,0.0
Grocery,44,prior_update_add,95,visual,2.961773157119751,0.056625477969646454,0.0,0.0
Grocery,44,prior_update_add,96,text,2.0599281787872314,0.07164023816585541,0.0,0.0
Grocery,44,prior_update_add,96,visual,2.965568780899048,0.05661676451563835,0.0,0.0
Grocery,44,prior_update_add,97,text,2.0668365955352783,0.07161922007799149,0.0,0.0
Grocery,44,prior_update_add,97,visual,2.969771385192871,0.056610431522130966,0.0,0.0
Grocery,44,prior_update_add,98,text,2.073369026184082,0.07161882519721985,0.0,0.0
Grocery,44,prior_update_add,98,visual,2.973527669906616,0.05666733533143997,0.0,0.0
Grocery,44,prior_update_add,99,text,2.0802736282348633,0.07169204950332642,0.0,0.0
Grocery,44,prior_update_add,99,visual,2.977085590362549,0.056713495403528214,0.0,0.0
Grocery,44,prior_update_add,100,text,2.0863733291625977,0.07178550958633423,0.0,0.0
Grocery,44,prior_update_add,100,visual,2.980743646621704,0.05670001357793808,0.0,0.0
Grocery,44,prior_update_gate,0,text,0.0,0.0,0.0,0.0
Grocery,44,prior_update_gate,0,visual,0.0,0.0,0.0,0.0
Grocery,44,prior_update_gate,1,text,0.25572317838668823,0.015997780486941338,0.0,0.0
Grocery,44,prior_update_gate,1,visual,0.25577133893966675,0.01599673368036747,0.0,0.0
Grocery,44,prior_update_gate,2,text,0.38344094157218933,0.023479944095015526,0.2619161605834961,0.01185788307338953
Grocery,44,prior_update_gate,2,visual,0.3934582471847534,0.023670928552746773,0.26316583156585693,0.011870183981955051
Grocery,44,prior_update_gate,3,text,0.4753130078315735,0.02809940092265606,0.43468204140663147,0.018868565559387207
Grocery,44,prior_update_gate,3,visual,0.502363920211792,0.027278292924165726,0.4229259788990021,0.017474159598350525
Grocery,44,prior_update_gate,4,text,0.5543340444564819,0.030708525329828262,0.5843572616577148,0.02487342618405819
Grocery,44,prior_update_gate,4,visual,0.6064486503601074,0.029425518587231636,0.5739365220069885,0.022695746272802353
Grocery,44,prior_update_gate,5,text,0.6343252658843994,0.03298157453536987,0.6973907947540283,0.02901543490588665
Grocery,44,prior_update_gate,5,visual,0.715414822101593,0.03144773095846176,0.7042443156242371,0.02842438779771328
Grocery,44,prior_update_gate,6,text,0.7051709890365601,0.0358000174164772,0.7894582152366638,0.032077856361866
Grocery,44,prior_update_gate,6,visual,0.8246934413909912,0.03328212723135948,0.843342125415802,0.036009691655635834
Grocery,44,prior_update_gate,7,text,0.7749086618423462,0.03907918557524681,0.8806030750274658,0.034345708787441254
Grocery,44,prior_update_gate,7,visual,0.938687264919281,0.03536870703101158,0.99275141954422,0.044939473271369934
Grocery,44,prior_update_gate,8,text,0.8300294280052185,0.04211274906992912,0.9409481287002563,0.03635020926594734
Grocery,44,prior_update_gate,8,visual,1.0565166473388672,0.03746602684259415,1.1581878662109375,0.05538901686668396
Grocery,44,prior_update_gate,9,text,0.8764873743057251,0.04437718540430069,0.9949476718902588,0.0387972816824913
Grocery,44,prior_update_gate,9,visual,1.1761125326156616,0.039208341389894485,1.3391499519348145,0.06694190204143524
Grocery,44,prior_update_gate,10,text,0.9212302565574646,0.04635617509484291,1.053327202796936,0.04126178100705147
Grocery,44,prior_update_gate,10,visual,1.298816204071045,0.04140937328338623,1.5352725982666016,0.07931267470121384
Grocery,44,prior_update_gate,11,text,0.963157594203949,0.04820984974503517,1.1162060499191284,0.04363119974732399
Grocery,44,prior_update_gate,11,visual,1.4192066192626953,0.04318615421652794,1.7395617961883545,0.09179263561964035
Grocery,44,prior_update_gate,12,text,1.004729151725769,0.05024712160229683,1.1801633834838867,0.04568076133728027
Grocery,44,prior_update_gate,12,visual,1.5411221981048584,0.045051101595163345,1.94933021068573,0.10479448735713959
Grocery,44,prior_update_gate,13,text,1.0463674068450928,0.05241062119603157,1.2451391220092773,0.04778775945305824
Grocery,44,prior_update_gate,13,visual,1.6592479944229126,0.047052934765815735,2.160209894180298,0.11766909062862396
Grocery,44,prior_update_gate,14,text,1.08788001537323,0.05444096028804779,1.3091578483581543,0.04976638779044151
Grocery,44,prior_update_gate,14,visual,1.7701342105865479,0.04873564839363098,2.3646240234375,0.1295822560787201
Grocery,44,prior_update_gate,15,text,1.1294381618499756,0.05621989816427231,1.3713034391403198,0.0516318641602993
Grocery,44,prior_update_gate,15,visual,1.8757785558700562,0.05062856152653694,2.561257839202881,0.14085029065608978
Grocery,44,prior_update_gate,16,text,1.1683595180511475,0.05771462246775627,1.4311480522155762,0.05368831381201744
Grocery,44,prior_update_gate,16,visual,1.9733117818832397,0.05242712050676346,2.745448589324951,0.15109267830848694
Grocery,44,prior_update_gate,17,text,1.2030023336410522,0.05896550044417381,1.4888558387756348,0.05581383407115936
Grocery,44,prior_update_gate,17,visual,2.062431573867798,0.05362826585769653,2.916611909866333,0.16014297306537628
Grocery,44,prior_update_gate,18,text,1.2370325326919556,0.060236476361751556,1.5436089038848877,0.05765896290540695
Grocery,44,prior_update_gate,18,visual,2.144880533218384,0.05473431944847107,3.07741379737854,0.16818560659885406
Grocery,44,prior_update_gate,19,text,1.2720491886138916,0.06142031401395798,1.5955196619033813,0.05908534675836563
Grocery,44,prior_update_gate,19,visual,2.2210965156555176,0.055932559072971344,3.2295591831207275,0.1753036230802536
Grocery,44,prior_update_gate,20,text,1.3050600290298462,0.06247978284955025,1.6485613584518433,0.06048324331641197
Grocery,44,prior_update_gate,20,visual,2.2894506454467773,0.056650418788194656,3.3696506023406982,0.1810442954301834
Grocery,44,prior_update_gate,21,text,1.3374297618865967,0.06360669434070587,1.7030855417251587,0.062140561640262604
Grocery,44,prior_update_gate,21,visual,2.3517956733703613,0.05723201483488083,3.500702381134033,0.18585918843746185
Grocery,44,prior_update_gate,22,text,1.3682492971420288,0.0646372064948082,1.754601001739502,0.0631425753235817
Grocery,44,prior_update_gate,22,visual,2.410292148590088,0.05775652453303337,3.6286065578460693,0.1899699568748474
Grocery,44,prior_update_gate,23,text,1.398734211921692,0.06559457629919052,1.8057761192321777,0.06392177194356918
Grocery,44,prior_update_gate,23,visual,2.4665019512176514,0.05834574997425079,3.7550384998321533,0.1939384937286377
Grocery,44,prior_update_gate,24,text,1.4287360906600952,0.06656067073345184,1.8587840795516968,0.06464357674121857
Grocery,44,prior_update_gate,24,visual,2.5187385082244873,0.05865590274333954,3.8764004707336426,0.1972532868385315
Grocery,44,prior_update_gate,25,text,1.4587310552597046,0.06745564192533493,1.9128851890563965,0.06550989300012589
Grocery,44,prior_update_gate,25,visual,2.567514657974243,0.05910424515604973,3.992628812789917,0.2001427263021469
Grocery,44,prior_update_gate,26,text,1.4886411428451538,0.06834610551595688,1.968724012374878,0.0664278194308281
Grocery,44,prior_update_gate,26,visual,2.6131277084350586,0.05952054634690285,4.104386806488037,0.2024429887533188
Grocery,44,prior_update_gate,27,text,1.5178143978118896,0.06903450191020966,2.0255544185638428,0.06717295944690704
Grocery,44,prior_update_gate,27,visual,2.6572091579437256,0.05980109050869942,4.214227676391602,0.20459645986557007
Grocery,44,prior_update_gate,28,text,1.5475351810455322,0.0696682557463646,2.085620880126953,0.06797544658184052
Grocery,44,prior_update_gate,28,visual,2.6991169452667236,0.060175660997629166,4.321394443511963,0.20656248927116394
Grocery,44,prior_update_gate,29,text,1.5765860080718994,0.07034216821193695,2.1463468074798584,0.06888491660356522
Grocery,44,prior_update_gate,29,visual,2.7381794452667236,0.0604531466960907,4.423981189727783,0.2080833911895752
Grocery,44,prior_update_gate,30,text,1.604471206665039,0.07092520594596863,2.206300973892212,0.06990505754947662
Grocery,44,prior_update_gate,30,visual,2.774637222290039,0.060805805027484894,4.521256446838379,0.2093658298254013
Grocery,44,prior_update_gate,31,text,1.6306589841842651,0.07140761613845825,2.264014959335327,0.07077988237142563
Grocery,44,prior_update_gate,31,visual,2.808974504470825,0.06105254590511322,4.614638328552246,0.21037349104881287
Grocery,44,prior_update_gate,32,text,1.6568082571029663,0.0718638002872467,2.323296070098877,0.0716276466846466
Grocery,44,prior_update_gate,32,visual,2.842285633087158,0.06131181865930557,4.706277370452881,0.21129612624645233
Grocery,44,prior_update_gate,33,text,1.6814630031585693,0.07230637222528458,2.3808202743530273,0.0725298672914505
Grocery,44,prior_update_gate,33,visual,2.8736953735351562,0.06165042147040367,4.7930989265441895,0.21224211156368256
Grocery,44,prior_update_gate,34,text,1.7045501470565796,0.07272356748580933,2.436448574066162,0.07333528995513916
Grocery,44,prior_update_gate,34,visual,2.9034647941589355,0.06190354749560356,4.8758111000061035,0.21314337849617004
Grocery,44,prior_update_gate,35,text,1.7274342775344849,0.07320913672447205,2.4915428161621094,0.07418675720691681
Grocery,44,prior_update_gate,35,visual,2.9313137531280518,0.06212673708796501,4.9549384117126465,0.213853657245636
Grocery,44,prior_update_gate,36,text,1.749690055847168,0.07360531389713287,2.5461485385894775,0.07503031939268112
Grocery,44,prior_update_gate,36,visual,2.957098960876465,0.062418773770332336,5.030238151550293,0.2144812047481537
Grocery,44,prior_update_gate,37,text,1.769707202911377,0.07383526861667633,2.5969133377075195,0.0754619613289833
Grocery,44,prior_update_gate,37,visual,2.9820194244384766,0.06266837567090988,5.10317325592041,0.21505723893642426
Grocery,44,prior_update_gate,38,text,1.7891688346862793,0.0741836354136467,2.648484468460083,0.07588924467563629
Grocery,44,prior_update_gate,38,visual,3.005863666534424,0.06288615614175797,5.174106121063232,0.21547310054302216
Grocery,44,prior_update_gate,39,text,1.8081246614456177,0.07456071674823761,2.7009224891662598,0.07653232663869858
Grocery,44,prior_update_gate,39,visual,3.027867555618286,0.06317467987537384,5.2414140701293945,0.21589159965515137
Grocery,44,prior_update_gate,40,text,1.8269068002700806,0.07493382692337036,2.752828598022461,0.07718715071678162
Grocery,44,prior_update_gate,40,visual,3.0481059551239014,0.06337923556566238,5.305638313293457,0.21619799733161926
Grocery,44,prior_update_gate,41,text,1.8447840213775635,0.07536711543798447,2.8030707836151123,0.07763597369194031
Grocery,44,prior_update_gate,41,visual,3.067028522491455,0.06348087638616562,5.366596698760986,0.21619738638401031
Grocery,44,prior_update_gate,42,text,1.86168372631073,0.07570235431194305,2.8527586460113525,0.07801029831171036
Grocery,44,prior_update_gate,42,visual,3.0851409435272217,0.06366497278213501,5.4259443283081055,0.21622993052005768
Grocery,44,prior_update_gate,43,text,1.8796017169952393,0.07595961540937424,2.9066710472106934,0.07839194685220718
Grocery,44,prior_update_gate,43,visual,3.104393482208252,0.06378311663866043,5.487989902496338,0.21650145947933197
Grocery,44,prior_update_gate,44,text,1.8965340852737427,0.07626942545175552,2.958287000656128,0.07871891558170319
Grocery,44,prior_update_gate,44,visual,3.1229372024536133,0.0638132318854332,5.5479936599731445,0.2168116569519043
Grocery,44,prior_update_gate,45,text,1.9133769273757935,0.07663004845380783,3.009382724761963,0.07915204018354416
Grocery,44,prior_update_gate,45,visual,3.139699697494507,0.06394042074680328,5.60462760925293,0.21702904999256134
Grocery,44,prior_update_gate,46,text,1.9318211078643799,0.07704950869083405,3.065561056137085,0.07976334542036057
Grocery,44,prior_update_gate,46,visual,3.156287670135498,0.06415731459856033,5.6619367599487305,0.21719789505004883
Grocery,44,prior_update_gate,47,text,1.949144721031189,0.07740551233291626,3.119363307952881,0.0803627073764801
Grocery,44,prior_update_gate,47,visual,3.1721417903900146,0.06435175985097885,5.71688985824585,0.2173425853252411
Grocery,44,prior_update_gate,48,text,1.9659790992736816,0.0776725634932518,3.172036647796631,0.08090213686227798
Grocery,44,prior_update_gate,48,visual,3.1877002716064453,0.06435617804527283,5.770170211791992,0.21740925312042236
Grocery,44,prior_update_gate,49,text,1.9833598136901855,0.07788664102554321,3.225670576095581,0.0815289169549942
Grocery,44,prior_update_gate,49,visual,3.202876329421997,0.06429512053728104,5.82230281829834,0.2173968404531479
Grocery,44,prior_update_gate,50,text,1.9992398023605347,0.07811141759157181,3.2766382694244385,0.08208580315113068
Grocery,44,prior_update_gate,50,visual,3.2163915634155273,0.06441792845726013,5.870968341827393,0.21727873384952545
Grocery,44,prior_update_gate,51,text,2.013503313064575,0.07839122414588928,3.3249149322509766,0.0825866311788559
Grocery,44,prior_update_gate,51,visual,3.228243589401245,0.06460727006196976,5.916818618774414,0.21699844300746918
Grocery,44,prior_update_gate,52,text,2.025972843170166,0.0786522626876831,3.369502067565918,0.08287770301103592
Grocery,44,prior_update_gate,52,visual,3.239525556564331,0.06466614454984665,5.96060848236084,0.21674296259880066
Grocery,44,prior_update_gate,53,text,2.037320852279663,0.07885874807834625,3.4119386672973633,0.0830712541937828
Grocery,44,prior_update_gate,53,visual,3.25030517578125,0.06469602137804031,6.003340721130371,0.21649008989334106
Grocery,44,prior_update_gate,54,text,2.048567533493042,0.07908298820257187,3.453287363052368,0.08327361196279526
Grocery,44,prior_update_gate,54,visual,3.2614529132843018,0.06485461443662643,6.04703950881958,0.21635131537914276
Grocery,44,prior_update_gate,55,text,2.059690475463867,0.0793326124548912,3.494110345840454,0.08345052599906921
Grocery,44,prior_update_gate,55,visual,3.2725207805633545,0.06490222364664078,6.089381217956543,0.21617931127548218
Grocery,44,prior_update_gate,56,text,2.0711402893066406,0.07956109195947647,3.535802125930786,0.08354799449443817
Grocery,44,prior_update_gate,56,visual,3.2833971977233887,0.0649043619632721,6.130885601043701,0.2158420979976654
Grocery,44,prior_update_gate,57,text,2.0822246074676514,0.0797399953007698,3.576138973236084,0.0836525559425354
Grocery,44,prior_update_gate,57,visual,3.2931787967681885,0.06498947739601135,6.17017126083374,0.21549244225025177
Grocery,44,prior_update_gate,58,text,2.0929198265075684,0.07990294694900513,3.615572690963745,0.08388352394104004
Grocery,44,prior_update_gate,58,visual,3.302842140197754,0.06497819721698761,6.209261894226074,0.21533168852329254
Grocery,44,prior_update_gate,59,text,2.1033525466918945,0.08004865050315857,3.654158353805542,0.08406107872724533
Grocery,44,prior_update_gate,59,visual,3.312317371368408,0.06489591300487518,6.247834205627441,0.21520359814167023
Grocery,44,prior_update_gate,60,text,2.1131668090820312,0.08017076551914215,3.6905055046081543,0.0842117965221405
Grocery,44,prior_update_gate,60,visual,3.320557117462158,0.06501264125108719,6.283954620361328,0.21494044363498688
Grocery,44,prior_update_gate,61,text,2.122281551361084,0.08037155121564865,3.7253875732421875,0.08425682783126831
Grocery,44,prior_update_gate,61,visual,3.3290584087371826,0.0652092844247818,6.320477485656738,0.21475674211978912
Grocery,44,prior_update_gate,62,text,2.1319005489349365,0.0805966854095459,3.7618625164031982,0.08441978693008423
Grocery,44,prior_update_gate,62,visual,3.3379933834075928,0.06528352200984955,6.357999801635742,0.21450175344944
Grocery,44,prior_update_gate,63,text,2.1404080390930176,0.08073760569095612,3.7957923412323,0.08448883891105652
Grocery,44,prior_update_gate,63,visual,3.3465147018432617,0.06538759917020798,6.394266605377197,0.21436169743537903
Grocery,44,prior_update_gate,64,text,2.1487205028533936,0.08083842694759369,3.8293802738189697,0.08456098288297653
Grocery,44,prior_update_gate,64,visual,3.3552913665771484,0.06543176621198654,6.430910110473633,0.2143281102180481
Grocery,44,prior_update_gate,65,text,2.157022714614868,0.08096466958522797,3.8631339073181152,0.08465107530355453
Grocery,44,prior_update_gate,65,visual,3.364027738571167,0.06537122279405594,6.466753959655762,0.21422703564167023
Grocery,44,prior_update_gate,66,text,2.165680408477783,0.08109235763549805,3.897449254989624,0.08480722457170486
Grocery,44,prior_update_gate,66,visual,3.3722047805786133,0.06535564363002777,6.5019659996032715,0.21395820379257202
Grocery,44,prior_update_gate,67,text,2.1744067668914795,0.08119422942399979,3.931180238723755,0.08502165973186493
Grocery,44,prior_update_gate,67,visual,3.378978967666626,0.06551496684551239,6.534553050994873,0.2135513573884964
Grocery,44,prior_update_gate,68,text,2.1829333305358887,0.08130105584859848,3.964270830154419,0.08519463986158371
Grocery,44,prior_update_gate,68,visual,3.38507342338562,0.06572654098272324,6.566307067871094,0.2130487561225891
Grocery,44,prior_update_gate,69,text,2.191408634185791,0.08147764950990677,3.9974400997161865,0.08541228622198105
Grocery,44,prior_update_gate,69,visual,3.3913631439208984,0.06576365977525711,6.598170280456543,0.2124680131673813
Grocery,44,prior_update_gate,70,text,2.1996946334838867,0.08166398108005524,4.030226230621338,0.08576034009456635
Grocery,44,prior_update_gate,70,visual,3.397268772125244,0.06576348096132278,6.629654884338379,0.21173077821731567
Grocery,44,prior_update_gate,71,text,2.2079734802246094,0.08185099065303802,4.063049793243408,0.08606284856796265
Grocery,44,prior_update_gate,71,visual,3.4036388397216797,0.06576035171747208,6.661774635314941,0.2112022489309311
Grocery,44,prior_update_gate,72,text,2.216366767883301,0.08192933350801468,4.095218181610107,0.08628697693347931
Grocery,44,prior_update_gate,72,visual,3.4096145629882812,0.06578078120946884,6.692842483520508,0.21058090031147003
Grocery,44,prior_update_gate,73,text,2.2259743213653564,0.08207008242607117,4.129210472106934,0.08651406317949295
Grocery,44,prior_update_gate,73,visual,3.4182541370391846,0.06591879576444626,6.729076862335205,0.21045449376106262
Grocery,44,prior_update_gate,74,text,2.2358131408691406,0.08225637674331665,4.163859844207764,0.08690005540847778
Grocery,44,prior_update_gate,74,visual,3.4262330532073975,0.06603476405143738,6.764625072479248,0.21023721992969513
Grocery,44,prior_update_gate,75,text,2.2452569007873535,0.08240753412246704,4.199111461639404,0.08738095313310623
Grocery,44,prior_update_gate,75,visual,3.433070182800293,0.06613140553236008,6.798998832702637,0.20982909202575684
Grocery,44,prior_update_gate,76,text,2.2545382976531982,0.08254753053188324,4.234388828277588,0.08781517297029495
Grocery,44,prior_update_gate,76,visual,3.4394025802612305,0.06617965549230576,6.832127571105957,0.20927435159683228
Grocery,44,prior_update_gate,77,text,2.2631373405456543,0.08280237019062042,4.267736434936523,0.0881255567073822
Grocery,44,prior_update_gate,77,visual,3.4465465545654297,0.06620615720748901,6.865904331207275,0.20888620615005493
Grocery,44,prior_update_gate,78,text,2.2722465991973877,0.08304479718208313,4.3012847900390625,0.0885079875588417
Grocery,44,prior_update_gate,78,visual,3.4552090167999268,0.06643804162740707,6.901618003845215,0.20900695025920868
Grocery,44,prior_update_gate,79,text,2.281094551086426,0.08311279863119125,4.335007667541504,0.08865288645029068
Grocery,44,prior_update_gate,79,visual,3.4637811183929443,0.06662465631961823,6.9380035400390625,0.2090725600719452
Grocery,44,prior_update_gate,80,text,2.2911136150360107,0.08313916623592377,4.3721723556518555,0.08891130983829498
Grocery,44,prior_update_gate,80,visual,3.4716477394104004,0.0666641891002655,6.9742960929870605,0.20869621634483337
Grocery,44,prior_update_gate,81,text,2.3011629581451416,0.08332227170467377,4.408997058868408,0.08939405530691147
Grocery,44,prior_update_gate,81,visual,3.479537010192871,0.06679987907409668,7.010415554046631,0.20845824480056763
Grocery,44,prior_update_gate,82,text,2.3117387294769287,0.08366712182760239,4.446759223937988,0.09005100280046463
Grocery,44,prior_update_gate,82,visual,3.4880363941192627,0.06696727126836777,7.0472941398620605,0.20839112997055054
Grocery,44,prior_update_gate,83,text,2.322572708129883,0.08387663215398788,4.484244346618652,0.09064973145723343
Grocery,44,prior_update_gate,83,visual,3.4959793090820312,0.06711945682764053,7.083704948425293,0.20815669000148773
Grocery,44,terminal,0,text,0.0,0.0,0.0,0.0
Grocery,44,terminal,0,visual,0.0,0.0,0.0,0.0
Grocery,44,terminal,1,text,0.0,0.0,0.0,0.0
Grocery,44,terminal,1,visual,0.0,0.0,0.0,0.0
Grocery,44,terminal,2,text,0.0,0.0,0.0,0.0
Grocery,44,terminal,2,visual,0.0,0.0,0.0,0.0
Grocery,44,terminal,3,text,0.0,0.0,0.0,0.0
Grocery,44,terminal,3,visual,0.0,0.0,0.0,0.0
Grocery,44,terminal,4,text,0.0,0.0,0.0,0.0
Grocery,44,terminal,4,visual,0.0,0.0,0.0,0.0
Grocery,44,terminal,5,text,0.0,0.0,0.0,0.0
Grocery,44,terminal,5,visual,0.0,0.0,0.0,0.0
Grocery,44,terminal,6,text,0.0,0.0,0.0,0.0
Grocery,44,terminal,6,visual,0.0,0.0,0.0,0.0
Grocery,44,terminal,7,text,0.0,0.0,0.0,0.0
Grocery,44,terminal,7,visual,0.0,0.0,0.0,0.0
Grocery,44,terminal,8,text,0.0,0.0,0.0,0.0
Grocery,44,terminal,8,visual,0.0,0.0,0.0,0.0
Grocery,44,terminal,9,text,0.0,0.0,0.0,0.0
Grocery,44,terminal,9,visual,0.0,0.0,0.0,0.0
Grocery,44,terminal,10,text,0.0,0.0,0.0,0.0
Grocery,44,terminal,10,visual,0.0,0.0,0.0,0.0
Grocery,44,terminal,11,text,0.0,0.0,0.0,0.0
Grocery,44,terminal,11,visual,0.0,0.0,0.0,0.0
Grocery,44,terminal,12,text,0.0,0.0,0.0,0.0
Grocery,44,terminal,12,visual,0.0,0.0,0.0,0.0
Grocery,44,terminal,13,text,0.0,0.0,0.0,0.0
Grocery,44,terminal,13,visual,0.0,0.0,0.0,0.0
Grocery,44,terminal,14,text,0.0,0.0,0.0,0.0
Grocery,44,terminal,14,visual,0.0,0.0,0.0,0.0
Grocery,44,terminal,15,text,0.0,0.0,0.0,0.0
Grocery,44,terminal,15,visual,0.0,0.0,0.0,0.0
Grocery,44,terminal,16,text,0.0,0.0,0.0,0.0
Grocery,44,terminal,16,visual,0.0,0.0,0.0,0.0
Grocery,44,terminal,17,text,0.0,0.0,0.0,0.0
Grocery,44,terminal,17,visual,0.0,0.0,0.0,0.0
Grocery,44,terminal,18,text,0.0,0.0,0.0,0.0
Grocery,44,terminal,18,visual,0.0,0.0,0.0,0.0
Grocery,44,terminal,19,text,0.0,0.0,0.0,0.0
Grocery,44,terminal,19,visual,0.0,0.0,0.0,0.0
Grocery,44,terminal,20,text,0.0,0.0,0.0,0.0
Grocery,44,terminal,20,visual,0.0,0.0,0.0,0.0
Grocery,44,terminal,21,text,0.0,0.0,0.0,0.0
Grocery,44,terminal,21,visual,0.0,0.0,0.0,0.0
Grocery,44,terminal,22,text,0.0,0.0,0.0,0.0
Grocery,44,terminal,22,visual,0.0,0.0,0.0,0.0
Grocery,44,terminal,23,text,0.0,0.0,0.0,0.0
Grocery,44,terminal,23,visual,0.0,0.0,0.0,0.0
Grocery,44,terminal,24,text,0.0,0.0,0.0,0.0
Grocery,44,terminal,24,visual,0.0,0.0,0.0,0.0
Grocery,44,terminal,25,text,0.0,0.0,0.0,0.0
Grocery,44,terminal,25,visual,0.0,0.0,0.0,0.0
Grocery,44,terminal,26,text,0.0,0.0,0.0,0.0
Grocery,44,terminal,26,visual,0.0,0.0,0.0,0.0
Grocery,44,terminal,27,text,0.0,0.0,0.0,0.0
Grocery,44,terminal,27,visual,0.0,0.0,0.0,0.0
Grocery,44,terminal,28,text,0.0,0.0,0.0,0.0
Grocery,44,terminal,28,visual,0.0,0.0,0.0,0.0
Grocery,44,terminal,29,text,0.0,0.0,0.0,0.0
Grocery,44,terminal,29,visual,0.0,0.0,0.0,0.0
Grocery,44,terminal,30,text,0.0,0.0,0.0,0.0
Grocery,44,terminal,30,visual,0.0,0.0,0.0,0.0
Grocery,44,terminal,31,text,0.0,0.0,0.0,0.0
Grocery,44,terminal,31,visual,0.0,0.0,0.0,0.0
Grocery,44,terminal,32,text,0.0,0.0,0.0,0.0
Grocery,44,terminal,32,visual,0.0,0.0,0.0,0.0
Grocery,44,terminal,33,text,0.0,0.0,0.0,0.0
Grocery,44,terminal,33,visual,0.0,0.0,0.0,0.0
Grocery,44,terminal,34,text,0.0,0.0,0.0,0.0
Grocery,44,terminal,34,visual,0.0,0.0,0.0,0.0
Grocery,44,terminal,35,text,0.0,0.0,0.0,0.0
Grocery,44,terminal,35,visual,0.0,0.0,0.0,0.0
Grocery,44,terminal,36,text,0.0,0.0,0.0,0.0
Grocery,44,terminal,36,visual,0.0,0.0,0.0,0.0
Grocery,44,terminal,37,text,0.0,0.0,0.0,0.0
Grocery,44,terminal,37,visual,0.0,0.0,0.0,0.0
Grocery,44,terminal,38,text,0.0,0.0,0.0,0.0
Grocery,44,terminal,38,visual,0.0,0.0,0.0,0.0
Grocery,44,terminal,39,text,0.0,0.0,0.0,0.0
Grocery,44,terminal,39,visual,0.0,0.0,0.0,0.0
Grocery,44,terminal,40,text,0.0,0.0,0.0,0.0
Grocery,44,terminal,40,visual,0.0,0.0,0.0,0.0
Grocery,44,terminal,41,text,0.0,0.0,0.0,0.0
Grocery,44,terminal,41,visual,0.0,0.0,0.0,0.0
Grocery,44,terminal,42,text,0.0,0.0,0.0,0.0
Grocery,44,terminal,42,visual,0.0,0.0,0.0,0.0
Grocery,44,terminal,43,text,0.0,0.0,0.0,0.0
Grocery,44,terminal,43,visual,0.0,0.0,0.0,0.0
Grocery,44,terminal,44,text,0.0,0.0,0.0,0.0
Grocery,44,terminal,44,visual,0.0,0.0,0.0,0.0
Grocery,44,terminal,45,text,0.0,0.0,0.0,0.0
Grocery,44,terminal,45,visual,0.0,0.0,0.0,0.0
Grocery,44,terminal,46,text,0.0,0.0,0.0,0.0
Grocery,44,terminal,46,visual,0.0,0.0,0.0,0.0
Grocery,44,terminal,47,text,0.0,0.0,0.0,0.0
Grocery,44,terminal,47,visual,0.0,0.0,0.0,0.0
Grocery,44,terminal,48,text,0.0,0.0,0.0,0.0
Grocery,44,terminal,48,visual,0.0,0.0,0.0,0.0
Grocery,44,terminal,49,text,0.0,0.0,0.0,0.0
Grocery,44,terminal,49,visual,0.0,0.0,0.0,0.0
Grocery,44,terminal,50,text,0.0,0.0,0.0,0.0
Grocery,44,terminal,50,visual,0.0,0.0,0.0,0.0
Grocery,44,terminal,51,text,0.0,0.0,0.0,0.0
Grocery,44,terminal,51,visual,0.0,0.0,0.0,0.0
Grocery,44,terminal,52,text,0.0,0.0,0.0,0.0
Grocery,44,terminal,52,visual,0.0,0.0,0.0,0.0
Grocery,44,terminal,53,text,0.0,0.0,0.0,0.0
Grocery,44,terminal,53,visual,0.0,0.0,0.0,0.0
Grocery,44,terminal,54,text,0.0,0.0,0.0,0.0
Grocery,44,terminal,54,visual,0.0,0.0,0.0,0.0
Grocery,44,terminal,55,text,0.0,0.0,0.0,0.0
Grocery,44,terminal,55,visual,0.0,0.0,0.0,0.0
Grocery,44,terminal,56,text,0.0,0.0,0.0,0.0
Grocery,44,terminal,56,visual,0.0,0.0,0.0,0.0
Grocery,44,terminal,57,text,0.0,0.0,0.0,0.0
Grocery,44,terminal,57,visual,0.0,0.0,0.0,0.0
Grocery,44,terminal,58,text,0.0,0.0,0.0,0.0
Grocery,44,terminal,58,visual,0.0,0.0,0.0,0.0
Grocery,44,terminal,59,text,0.0,0.0,0.0,0.0
Grocery,44,terminal,59,visual,0.0,0.0,0.0,0.0
Grocery,44,terminal,60,text,0.0,0.0,0.0,0.0
Grocery,44,terminal,60,visual,0.0,0.0,0.0,0.0
Grocery,44,terminal,61,text,0.0,0.0,0.0,0.0
Grocery,44,terminal,61,visual,0.0,0.0,0.0,0.0
Grocery,44,terminal,62,text,0.0,0.0,0.0,0.0
Grocery,44,terminal,62,visual,0.0,0.0,0.0,0.0
Grocery,44,terminal,63,text,0.0,0.0,0.0,0.0
Grocery,44,terminal,63,visual,0.0,0.0,0.0,0.0
Grocery,44,terminal,64,text,0.0,0.0,0.0,0.0
Grocery,44,terminal,64,visual,0.0,0.0,0.0,0.0
Grocery,44,terminal,65,text,0.0,0.0,0.0,0.0
Grocery,44,terminal,65,visual,0.0,0.0,0.0,0.0
Grocery,44,terminal,66,text,0.0,0.0,0.0,0.0
Grocery,44,terminal,66,visual,0.0,0.0,0.0,0.0
Grocery,44,terminal,67,text,0.0,0.0,0.0,0.0
Grocery,44,terminal,67,visual,0.0,0.0,0.0,0.0
Grocery,44,terminal,68,text,0.0,0.0,0.0,0.0
Grocery,44,terminal,68,visual,0.0,0.0,0.0,0.0
Grocery,44,terminal,69,text,0.0,0.0,0.0,0.0
Grocery,44,terminal,69,visual,0.0,0.0,0.0,0.0
Grocery,44,terminal,70,text,0.0,0.0,0.0,0.0
Grocery,44,terminal,70,visual,0.0,0.0,0.0,0.0
Grocery,44,terminal,71,text,0.0,0.0,0.0,0.0
Grocery,44,terminal,71,visual,0.0,0.0,0.0,0.0
Grocery,44,terminal,72,text,0.0,0.0,0.0,0.0
Grocery,44,terminal,72,visual,0.0,0.0,0.0,0.0
Grocery,44,terminal,73,text,0.0,0.0,0.0,0.0
Grocery,44,terminal,73,visual,0.0,0.0,0.0,0.0
Grocery,44,terminal,74,text,0.0,0.0,0.0,0.0
Grocery,44,terminal,74,visual,0.0,0.0,0.0,0.0
Grocery,44,terminal,75,text,0.0,0.0,0.0,0.0
Grocery,44,terminal,75,visual,0.0,0.0,0.0,0.0
Grocery,44,terminal,76,text,0.0,0.0,0.0,0.0
Grocery,44,terminal,76,visual,0.0,0.0,0.0,0.0
Grocery,44,terminal,77,text,0.0,0.0,0.0,0.0
Grocery,44,terminal,77,visual,0.0,0.0,0.0,0.0
Grocery,44,terminal,78,text,0.0,0.0,0.0,0.0
Grocery,44,terminal,78,visual,0.0,0.0,0.0,0.0
Grocery,44,terminal,79,text,0.0,0.0,0.0,0.0
Grocery,44,terminal,79,visual,0.0,0.0,0.0,0.0
Grocery,44,terminal,80,text,0.0,0.0,0.0,0.0
Grocery,44,terminal,80,visual,0.0,0.0,0.0,0.0
Grocery,44,terminal,81,text,0.0,0.0,0.0,0.0
Grocery,44,terminal,81,visual,0.0,0.0,0.0,0.0
Grocery,44,terminal,82,text,0.0,0.0,0.0,0.0
Grocery,44,terminal,82,visual,0.0,0.0,0.0,0.0
Grocery,44,terminal,83,text,0.0,0.0,0.0,0.0
Grocery,44,terminal,83,visual,0.0,0.0,0.0,0.0
Grocery,44,terminal,84,text,0.0,0.0,0.0,0.0
Grocery,44,terminal,84,visual,0.0,0.0,0.0,0.0
Grocery,44,terminal,85,text,0.0,0.0,0.0,0.0
Grocery,44,terminal,85,visual,0.0,0.0,0.0,0.0
Grocery,44,terminal,86,text,0.0,0.0,0.0,0.0
Grocery,44,terminal,86,visual,0.0,0.0,0.0,0.0
Grocery,44,terminal,87,text,0.0,0.0,0.0,0.0
Grocery,44,terminal,87,visual,0.0,0.0,0.0,0.0
Grocery,44,terminal,88,text,0.0,0.0,0.0,0.0
Grocery,44,terminal,88,visual,0.0,0.0,0.0,0.0
Grocery,44,terminal,89,text,0.0,0.0,0.0,0.0
Grocery,44,terminal,89,visual,0.0,0.0,0.0,0.0
Grocery,44,terminal,90,text,0.0,0.0,0.0,0.0
Grocery,44,terminal,90,visual,0.0,0.0,0.0,0.0
Grocery,44,terminal,91,text,0.0,0.0,0.0,0.0
Grocery,44,terminal,91,visual,0.0,0.0,0.0,0.0
Grocery,44,terminal,92,text,0.0,0.0,0.0,0.0
Grocery,44,terminal,92,visual,0.0,0.0,0.0,0.0
Grocery,44,terminal,93,text,0.0,0.0,0.0,0.0
Grocery,44,terminal,93,visual,0.0,0.0,0.0,0.0
Grocery,44,terminal,94,text,0.0,0.0,0.0,0.0
Grocery,44,terminal,94,visual,0.0,0.0,0.0,0.0
Grocery,44,terminal,95,text,0.0,0.0,0.0,0.0
Grocery,44,terminal,95,visual,0.0,0.0,0.0,0.0
Grocery,44,terminal,96,text,0.0,0.0,0.0,0.0
Grocery,44,terminal,96,visual,0.0,0.0,0.0,0.0
Grocery,44,terminal,97,text,0.0,0.0,0.0,0.0
Grocery,44,terminal,97,visual,0.0,0.0,0.0,0.0
Grocery,44,terminal,98,text,0.0,0.0,0.0,0.0
Grocery,44,terminal,98,visual,0.0,0.0,0.0,0.0
Grocery,44,terminal,99,text,0.0,0.0,0.0,0.0
Grocery,44,terminal,99,visual,0.0,0.0,0.0,0.0
Grocery,44,terminal,100,text,0.0,0.0,0.0,0.0
Grocery,44,terminal,100,visual,0.0,0.0,0.0,0.0
Grocery,44,terminal,101,text,0.0,0.0,0.0,0.0
Grocery,44,terminal,101,visual,0.0,0.0,0.0,0.0
Grocery,44,terminal,102,text,0.0,0.0,0.0,0.0
Grocery,44,terminal,102,visual,0.0,0.0,0.0,0.0
Grocery,44,terminal,103,text,0.0,0.0,0.0,0.0
Grocery,44,terminal,103,visual,0.0,0.0,0.0,0.0
Grocery,44,terminal,104,text,0.0,0.0,0.0,0.0
Grocery,44,terminal,104,visual,0.0,0.0,0.0,0.0
Grocery,44,terminal,105,text,0.0,0.0,0.0,0.0
Grocery,44,terminal,105,visual,0.0,0.0,0.0,0.0
Grocery,44,terminal,106,text,0.0,0.0,0.0,0.0
Grocery,44,terminal,106,visual,0.0,0.0,0.0,0.0
Grocery,44,terminal,107,text,0.0,0.0,0.0,0.0
Grocery,44,terminal,107,visual,0.0,0.0,0.0,0.0
Grocery,44,terminal,108,text,0.0,0.0,0.0,0.0
Grocery,44,terminal,108,visual,0.0,0.0,0.0,0.0
Grocery,44,terminal,109,text,0.0,0.0,0.0,0.0
Grocery,44,terminal,109,visual,0.0,0.0,0.0,0.0
Grocery,44,terminal,110,text,0.0,0.0,0.0,0.0
Grocery,44,terminal,110,visual,0.0,0.0,0.0,0.0
Grocery,44,terminal,111,text,0.0,0.0,0.0,0.0
Grocery,44,terminal,111,visual,0.0,0.0,0.0,0.0
Grocery,44,terminal,112,text,0.0,0.0,0.0,0.0
Grocery,44,terminal,112,visual,0.0,0.0,0.0,0.0
Grocery,44,terminal,113,text,0.0,0.0,0.0,0.0
Grocery,44,terminal,113,visual,0.0,0.0,0.0,0.0
Grocery,44,terminal,114,text,0.0,0.0,0.0,0.0
Grocery,44,terminal,114,visual,0.0,0.0,0.0,0.0
Grocery,44,terminal,115,text,0.0,0.0,0.0,0.0
Grocery,44,terminal,115,visual,0.0,0.0,0.0,0.0
Grocery,44,terminal,116,text,0.0,0.0,0.0,0.0
Grocery,44,terminal,116,visual,0.0,0.0,0.0,0.0
Grocery,44,terminal,117,text,0.0,0.0,0.0,0.0
Grocery,44,terminal,117,visual,0.0,0.0,0.0,0.0
Grocery,44,terminal,118,text,0.0,0.0,0.0,0.0
Grocery,44,terminal,118,visual,0.0,0.0,0.0,0.0
Grocery,44,terminal,119,text,0.0,0.0,0.0,0.0
Grocery,44,terminal,119,visual,0.0,0.0,0.0,0.0
Grocery,44,terminal,120,text,0.0,0.0,0.0,0.0
Grocery,44,terminal,120,visual,0.0,0.0,0.0,0.0
Grocery,44,terminal,121,text,0.0,0.0,0.0,0.0
Grocery,44,terminal,121,visual,0.0,0.0,0.0,0.0
Grocery,44,terminal,122,text,0.0,0.0,0.0,0.0
Grocery,44,terminal,122,visual,0.0,0.0,0.0,0.0
Grocery,44,terminal,123,text,0.0,0.0,0.0,0.0
Grocery,44,terminal,123,visual,0.0,0.0,0.0,0.0
Grocery,44,terminal,124,text,0.0,0.0,0.0,0.0
Grocery,44,terminal,124,visual,0.0,0.0,0.0,0.0
Grocery,44,terminal,125,text,0.0,0.0,0.0,0.0
Grocery,44,terminal,125,visual,0.0,0.0,0.0,0.0
Grocery,44,terminal,126,text,0.0,0.0,0.0,0.0
Grocery,44,terminal,126,visual,0.0,0.0,0.0,0.0
Grocery,44,terminal,127,text,0.0,0.0,0.0,0.0
Grocery,44,terminal,127,visual,0.0,0.0,0.0,0.0
Grocery,44,terminal,128,text,0.0,0.0,0.0,0.0
Grocery,44,terminal,128,visual,0.0,0.0,0.0,0.0
Grocery,44,terminal,129,text,0.0,0.0,0.0,0.0
Grocery,44,terminal,129,visual,0.0,0.0,0.0,0.0
Grocery,44,terminal,130,text,0.0,0.0,0.0,0.0
Grocery,44,terminal,130,visual,0.0,0.0,0.0,0.0
Grocery,44,terminal,131,text,0.0,0.0,0.0,0.0
Grocery,44,terminal,131,visual,0.0,0.0,0.0,0.0
Grocery,44,terminal,132,text,0.0,0.0,0.0,0.0
Grocery,44,terminal,132,visual,0.0,0.0,0.0,0.0
Grocery,44,terminal,133,text,0.0,0.0,0.0,0.0
Grocery,44,terminal,133,visual,0.0,0.0,0.0,0.0
Grocery,44,terminal,134,text,0.0,0.0,0.0,0.0
Grocery,44,terminal,134,visual,0.0,0.0,0.0,0.0
Movies,42,prior_delta_gate,0,text,0.0,0.0,0.0,0.0
Movies,42,prior_delta_gate,0,visual,0.0,0.0,0.0,0.0
Movies,42,prior_delta_gate,1,text,0.25575751066207886,0.015999017283320427,0.0,0.0
Movies,42,prior_delta_gate,1,visual,0.25573721528053284,0.015998825430870056,0.0,0.0
Movies,42,prior_delta_gate,2,text,0.3848622441291809,0.023809198290109634,0.26237180829048157,0.011848562397062778
Movies,42,prior_delta_gate,2,visual,0.38984954357147217,0.023918386548757553,0.2626075744628906,0.011867043562233448
Movies,42,prior_delta_gate,3,text,0.4918268918991089,0.030741248279809952,0.4538559913635254,0.02024031989276409
Movies,42,prior_delta_gate,3,visual,0.5050705671310425,0.03103027679026127,0.4248828887939453,0.018769195303320885
Movies,42,prior_delta_gate,4,text,0.5753043293952942,0.03543782979249954,0.5744515061378479,0.02483539842069149
Movies,42,prior_delta_gate,4,visual,0.6052728891372681,0.03578917682170868,0.5387122631072998,0.022374628111720085
Movies,42,prior_delta_gate,5,text,0.6460024118423462,0.03874916210770607,0.6889501214027405,0.029054084792733192
Movies,42,prior_delta_gate,5,visual,0.6951970458030701,0.03882767632603645,0.6519735455513,0.02579977922141552
Movies,42,prior_delta_gate,6,text,0.7134714126586914,0.04110521823167801,0.793533444404602,0.032560527324676514
Movies,42,prior_delta_gate,6,visual,0.7901220321655273,0.04102353751659393,0.7706095576286316,0.029990551993250847
Movies,42,prior_delta_gate,7,text,0.7802525162696838,0.04299855977296829,0.8811287879943848,0.036241475492715836
Movies,42,prior_delta_gate,7,visual,0.8867641687393188,0.04266534745693207,0.8928812742233276,0.03537684679031372
Movies,42,prior_delta_gate,8,text,0.8468740582466125,0.04493558034300804,0.9593122005462646,0.040182460099458694
Movies,42,prior_delta_gate,8,visual,0.9801520109176636,0.04408852383494377,1.0158309936523438,0.04114919900894165
Movies,42,prior_delta_gate,9,text,0.908047616481781,0.04684964939951897,1.0327800512313843,0.04431050270795822
Movies,42,prior_delta_gate,9,visual,1.0673152208328247,0.04533088207244873,1.137335181236267,0.046797432005405426
Movies,42,prior_delta_gate,10,text,0.957969069480896,0.04856721684336662,1.0890543460845947,0.048455625772476196
Movies,42,prior_delta_gate,10,visual,1.1449801921844482,0.04677577316761017,1.2533621788024902,0.05195746198296547
Movies,42,prior_delta_gate,11,text,1.0009621381759644,0.050487104803323746,1.1475471258163452,0.0518258772790432
Movies,42,prior_delta_gate,11,visual,1.2145521640777588,0.048266176134347916,1.3662738800048828,0.056680817157030106
Movies,42,prior_delta_gate,12,text,1.0403438806533813,0.052093688398599625,1.2026920318603516,0.05490952730178833
Movies,42,prior_delta_gate,12,visual,1.2827732563018799,0.04955447465181351,1.4849601984024048,0.061515528708696365
Movies,42,prior_delta_gate,13,text,1.0787256956100464,0.05372673273086548,1.2638217210769653,0.057740721851587296
Movies,42,prior_delta_gate,13,visual,1.3508366346359253,0.05092313513159752,1.6096590757369995,0.06657177954912186
Movies,42,prior_delta_gate,14,text,1.1135516166687012,0.05570277199149132,1.328900933265686,0.06002867594361305
Movies,42,prior_delta_gate,14,visual,1.415360927581787,0.05225427821278572,1.7321429252624512,0.07132019102573395
Movies,42,prior_delta_gate,15,text,1.1460250616073608,0.057265378534793854,1.3887887001037598,0.062365125864744186
Movies,42,prior_delta_gate,15,visual,1.4774075746536255,0.0533943697810173,1.8537260293960571,0.07584283500909805
Movies,42,prior_delta_gate,16,text,1.177213430404663,0.058501534163951874,1.4476842880249023,0.06471552699804306
Movies,42,prior_delta_gate,16,visual,1.5386418104171753,0.05438554286956787,1.974806308746338,0.08027268201112747
Movies,42,prior_delta_gate,17,text,1.2063660621643066,0.05984719470143318,1.506835699081421,0.06664308905601501
Movies,42,prior_delta_gate,17,visual,1.5978449583053589,0.05544572323560715,2.0964601039886475,0.08445262908935547
Movies,42,prior_delta_gate,18,text,1.234708547592163,0.06097637861967087,1.5631766319274902,0.06851333379745483
Movies,42,prior_delta_gate,18,visual,1.6534367799758911,0.05638865381479263,2.2156379222869873,0.08829144388437271
Movies,42,prior_delta_gate,19,text,1.2613195180892944,0.061998095363378525,1.615691900253296,0.0702594742178917
Movies,42,prior_delta_gate,19,visual,1.7076313495635986,0.057248037308454514,2.3329362869262695,0.09200483560562134
Movies,42,prior_delta_gate,20,text,1.2860949039459229,0.06303972750902176,1.666446566581726,0.07180984318256378
Movies,42,prior_delta_gate,20,visual,1.7588860988616943,0.05818323791027069,2.4498777389526367,0.09509642422199249
Movies,42,prior_delta_gate,21,text,1.308783769607544,0.06361961364746094,1.715552806854248,0.07340922206640244
Movies,42,prior_delta_gate,21,visual,1.808072805404663,0.05894540995359421,2.563585042953491,0.09821756929159164
Movies,42,prior_delta_gate,22,text,1.3310399055480957,0.0641772598028183,1.7630292177200317,0.07495135813951492
Movies,42,prior_delta_gate,22,visual,1.8579775094985962,0.059757299721241,2.677863121032715,0.10176631063222885
Movies,42,prior_delta_gate,23,text,1.3524069786071777,0.06497745960950851,1.8080347776412964,0.07633200287818909
Movies,42,prior_delta_gate,23,visual,1.9049240350723267,0.06063004583120346,2.7893755435943604,0.10484745353460312
Movies,42,prior_delta_gate,24,text,1.3736881017684937,0.06574015319347382,1.8508275747299194,0.07759303599596024
Movies,42,prior_delta_gate,24,visual,1.9499144554138184,0.061241067945957184,2.898542642593384,0.10811617970466614
Movies,42,prior_delta_gate,25,text,1.3937104940414429,0.06624795496463776,1.8918124437332153,0.07873564958572388
Movies,42,prior_delta_gate,25,visual,1.994358777999878,0.06180184334516525,3.0087599754333496,0.11126115173101425
Movies,42,prior_delta_gate,26,text,1.4142489433288574,0.06665120273828506,1.9316414594650269,0.07986163347959518
Movies,42,prior_delta_gate,26,visual,2.038144826889038,0.06240466609597206,3.1174347400665283,0.11450262367725372
Movies,42,prior_delta_gate,27,text,1.4354177713394165,0.06748752295970917,1.9685969352722168,0.08061298727989197
Movies,42,prior_delta_gate,27,visual,2.080082654953003,0.06306253373622894,3.225245952606201,0.11763990670442581
Movies,42,prior_delta_gate,28,text,1.4566670656204224,0.0681043341755867,2.0041277408599854,0.08134467154741287
Movies,42,prior_delta_gate,28,visual,2.1197190284729004,0.06345177441835403,3.329319953918457,0.12061547487974167
Movies,42,prior_delta_gate,29,text,1.4776352643966675,0.06859487295150757,2.038574457168579,0.08191901445388794
Movies,42,prior_delta_gate,29,visual,2.159756660461426,0.06387217342853546,3.4365274906158447,0.1236576959490776
Movies,42,prior_delta_gate,30,text,1.496583342552185,0.06935913115739822,2.0717902183532715,0.08243654668331146
Movies,42,prior_delta_gate,30,visual,2.196125030517578,0.06442916393280029,3.539358139038086,0.12599873542785645
Movies,42,prior_delta_gate,31,text,1.5169250965118408,0.07005869597196579,2.103926181793213,0.08288000524044037
Movies,42,prior_delta_gate,31,visual,2.2309165000915527,0.06493475288152695,3.638855457305908,0.12804585695266724
Movies,42,prior_delta_gate,32,text,1.5368924140930176,0.07071753591299057,2.1349971294403076,0.08321763575077057
Movies,42,prior_delta_gate,32,visual,2.2645504474639893,0.06545011699199677,3.737630844116211,0.1300273835659027
Movies,42,prior_delta_gate,33,text,1.5545117855072021,0.07106702029705048,2.165311098098755,0.08345866203308105
Movies,42,prior_delta_gate,33,visual,2.297891616821289,0.06555511802434921,3.836733818054199,0.1321372240781784
Movies,42,prior_delta_gate,34,text,1.5724931955337524,0.07135527580976486,2.195096731185913,0.08377693593502045
Movies,42,prior_delta_gate,34,visual,2.328566551208496,0.06573887169361115,3.9296443462371826,0.13383124768733978
Movies,42,prior_delta_gate,35,text,1.5908477306365967,0.07197322696447372,2.2238781452178955,0.08418582379817963
Movies,42,prior_delta_gate,35,visual,2.355740547180176,0.06638022512197495,4.018813610076904,0.13500727713108063
Movies,42,prior_delta_gate,36,text,1.607683777809143,0.07280922681093216,2.2524237632751465,0.08440449833869934
Movies,42,prior_delta_gate,36,visual,2.381669282913208,0.06713250279426575,4.107046127319336,0.13587947189807892
Movies,42,prior_delta_gate,37,text,1.6234580278396606,0.07325892895460129,2.2799863815307617,0.08466494083404541
Movies,42,prior_delta_gate,37,visual,2.4056406021118164,0.06740915775299072,4.1887664794921875,0.13647638261318207
Movies,42,prior_delta_gate,38,text,1.6381146907806396,0.07328127324581146,2.307162284851074,0.0850328877568245
Movies,42,prior_delta_gate,38,visual,2.428819179534912,0.06722406297922134,4.265789031982422,0.13711659610271454
Movies,42,prior_delta_gate,39,text,1.6530158519744873,0.07349424064159393,2.334055185317993,0.0853327140212059
Movies,42,prior_delta_gate,39,visual,2.450226068496704,0.06720910221338272,4.340381145477295,0.1375758796930313
Movies,42,prior_delta_gate,40,text,1.6679086685180664,0.07395661622285843,2.360731601715088,0.08563046157360077
Movies,42,prior_delta_gate,40,visual,2.4697229862213135,0.06746432930231094,4.412680149078369,0.13780461251735687
Movies,42,prior_delta_gate,41,text,1.6824651956558228,0.07438111305236816,2.3867275714874268,0.08602196723222733
Movies,42,prior_delta_gate,41,visual,2.486830711364746,0.06779119372367859,4.47969388961792,0.13761726021766663
Movies,42,prior_delta_gate,42,text,1.6962742805480957,0.07469610869884491,2.411465883255005,0.08646644651889801
Movies,42,prior_delta_gate,42,visual,2.502657890319824,0.06803106516599655,4.542599678039551,0.13711345195770264
Movies,42,prior_delta_gate,43,text,1.7093210220336914,0.07513869553804398,2.4358558654785156,0.08675730973482132
Movies,42,prior_delta_gate,43,visual,2.5188515186309814,0.06827640533447266,4.605213642120361,0.13684377074241638
Movies,42,prior_delta_gate,44,text,1.7210185527801514,0.07565321028232574,2.460115909576416,0.0869259312748909
Movies,42,prior_delta_gate,44,visual,2.534564971923828,0.0686027780175209,4.666895389556885,0.13676704466342926
Movies,42,prior_delta_gate,45,text,1.7320892810821533,0.0759844109416008,2.4845399856567383,0.087190181016922
Movies,42,prior_delta_gate,45,visual,2.5487799644470215,0.06885108351707458,4.724400520324707,0.13671724498271942
Movies,42,prior_delta_gate,46,text,1.7440083026885986,0.07617352902889252,2.508059501647949,0.0874936655163765
Movies,42,prior_delta_gate,46,visual,2.5631790161132812,0.06895161420106888,4.780308246612549,0.13683675229549408
Movies,42,prior_delta_gate,47,text,1.756638765335083,0.07658860832452774,2.530911684036255,0.08758381009101868
Movies,42,prior_delta_gate,47,visual,2.5788333415985107,0.06906148046255112,4.83857536315918,0.1372392773628235
Movies,42,prior_delta_gate,48,text,1.7666963338851929,0.07695408910512924,2.552478075027466,0.08761250972747803
Movies,42,prior_delta_gate,48,visual,2.593909502029419,0.06927497684955597,4.894566535949707,0.13739262521266937
Movies,42,prior_delta_gate,49,text,1.776026725769043,0.07712481170892715,2.5727853775024414,0.08761808276176453
Movies,42,prior_delta_gate,49,visual,2.608891248703003,0.06961529701948166,4.950911521911621,0.13746961951255798
Movies,42,prior_delta_gate,50,text,1.7882647514343262,0.07774625718593597,2.594637870788574,0.08751937747001648
Movies,42,prior_delta_gate,50,visual,2.623772382736206,0.06991977989673615,5.008500099182129,0.13785581290721893
Movies,42,prior_delta_gate,51,text,1.800379991531372,0.078153595328331,2.6170942783355713,0.08734622597694397
Movies,42,prior_delta_gate,51,visual,2.638176918029785,0.07015439122915268,5.064377784729004,0.13810332119464874
Movies,42,prior_delta_gate,52,text,1.8115967512130737,0.07800322026014328,2.63788104057312,0.08713993430137634
Movies,42,prior_delta_gate,52,visual,2.652981996536255,0.07035090774297714,5.119949817657471,0.13830281794071198
Movies,42,prior_delta_gate,53,text,1.824267029762268,0.07821063697338104,2.660017490386963,0.08680266886949539
Movies,42,prior_delta_gate,53,visual,2.6696479320526123,0.07052110135555267,5.181099891662598,0.13888727128505707
Movies,42,prior_delta_gate,54,text,1.8367747068405151,0.0785178616642952,2.6829752922058105,0.08653128147125244
Movies,42,prior_delta_gate,54,visual,2.6851792335510254,0.07074958086013794,5.239564418792725,0.1392887383699417
Movies,42,prior_delta_gate,55,text,1.8503588438034058,0.07879196852445602,2.7065882682800293,0.08624626696109772
Movies,42,prior_delta_gate,55,visual,2.7004189491271973,0.0712001621723175,5.297174453735352,0.1398148387670517
Movies,42,prior_delta_gate,56,text,1.8647451400756836,0.078786201775074,2.731712818145752,0.08588249236345291
Movies,42,prior_delta_gate,56,visual,2.7170183658599854,0.07154054194688797,5.355994701385498,0.1403399258852005
Movies,42,prior_delta_gate,57,text,1.8781911134719849,0.07905573397874832,2.7570769786834717,0.08558346331119537
Movies,42,prior_delta_gate,57,visual,2.731795072555542,0.07191988825798035,5.412710666656494,0.140568345785141
Movies,42,prior_delta_gate,58,text,1.8921973705291748,0.07965046167373657,2.783184766769409,0.0854446142911911
Movies,42,prior_delta_gate,58,visual,2.7452332973480225,0.0722452774643898,5.469319820404053,0.1405191570520401
Movies,42,prior_delta_gate,59,text,1.905921459197998,0.07997514307498932,2.807762622833252,0.08540163934230804
Movies,42,prior_delta_gate,59,visual,2.758650779724121,0.07243666052818298,5.524598598480225,0.1402353048324585
Movies,42,prior_delta_gate,60,text,1.9193216562271118,0.07985737919807434,2.831973075866699,0.08529861271381378
Movies,42,prior_delta_gate,60,visual,2.7729392051696777,0.07265152782201767,5.579355239868164,0.1401221752166748
Movies,42,prior_delta_gate,61,text,1.9316043853759766,0.07981614768505096,2.8558225631713867,0.08529672026634216
Movies,42,prior_delta_gate,61,visual,2.7856016159057617,0.07291975617408752,5.63192892074585,0.13989190757274628
Movies,42,prior_delta_gate,62,text,1.9447402954101562,0.08020691573619843,2.881197690963745,0.08534561842679977
Movies,42,prior_delta_gate,62,visual,2.7976794242858887,0.0732555240392685,5.684711933135986,0.1398901343345642
Movies,42,prior_delta_gate,63,text,1.9575109481811523,0.08041054010391235,2.9058029651641846,0.08536640554666519
Movies,42,prior_delta_gate,63,visual,2.810166597366333,0.07336489111185074,5.736832618713379,0.13965651392936707
Movies,42,prior_delta_gate,64,text,1.969577670097351,0.08047110587358475,2.9291069507598877,0.08525552600622177
Movies,42,prior_delta_gate,64,visual,2.822723388671875,0.07362587004899979,5.788999080657959,0.1393958181142807
Movies,42,prior_delta_gate,65,text,1.9811466932296753,0.08060619980096817,2.9526145458221436,0.08512864261865616
Movies,42,prior_delta_gate,65,visual,2.8351378440856934,0.0739760473370552,5.84108304977417,0.13908036053180695
Movies,42,prior_delta_gate,66,text,1.9941641092300415,0.08089445531368256,2.9765255451202393,0.08508696407079697
Movies,42,prior_delta_gate,66,visual,2.847257137298584,0.07430083304643631,5.892063140869141,0.1388942152261734
Movies,42,prior_delta_gate,67,text,2.006967067718506,0.0811532661318779,3.001431465148926,0.0850825160741806
Movies,42,prior_delta_gate,67,visual,2.859442710876465,0.07438604533672333,5.942052841186523,0.1387992650270462
Movies,42,prior_delta_gate,68,text,2.0190656185150146,0.08146730810403824,3.0263512134552,0.08502188324928284
Movies,42,prior_delta_gate,68,visual,2.8708460330963135,0.0746813490986824,5.990277290344238,0.13869783282279968
Movies,42,prior_delta_gate,69,text,2.0306365489959717,0.08170250803232193,3.051445484161377,0.08498886972665787
Movies,42,prior_delta_gate,69,visual,2.882424831390381,0.07509081065654755,6.038113594055176,0.13855604827404022
Movies,42,prior_delta_gate,70,text,2.042010545730591,0.08180014044046402,3.0752310752868652,0.08513076603412628
Movies,42,prior_delta_gate,70,visual,2.893481731414795,0.07535305619239807,6.083968639373779,0.13814479112625122
Movies,42,prior_delta_gate,71,text,2.0540049076080322,0.0819249153137207,3.098996162414551,0.08531631529331207
Movies,42,prior_delta_gate,71,visual,2.9043993949890137,0.0755229964852333,6.12933874130249,0.137660413980484
Movies,42,prior_delta_gate,72,text,2.064817428588867,0.08213239163160324,3.1219305992126465,0.08543279021978378
Movies,42,prior_delta_gate,72,visual,2.9146039485931396,0.07566511631011963,6.173722267150879,0.13712677359580994
Movies,42,prior_delta_gate,73,text,2.074890613555908,0.08239336311817169,3.1452672481536865,0.0854911282658577
Movies,42,prior_delta_gate,73,visual,2.924478054046631,0.07580697536468506,6.217289924621582,0.13668155670166016
Movies,42,prior_delta_gate,74,text,2.0852205753326416,0.08245465904474258,3.1681463718414307,0.0856371819972992
Movies,42,prior_delta_gate,74,visual,2.9348275661468506,0.07597938179969788,6.260673999786377,0.1363353580236435
Movies,42,prior_delta_gate,75,text,2.095426321029663,0.08234217762947083,3.190711498260498,0.08594945073127747
Movies,42,prior_delta_gate,75,visual,2.944463014602661,0.0760340467095375,6.3014936447143555,0.13573874533176422
Movies,42,prior_delta_gate,76,text,2.1074705123901367,0.08263666182756424,3.2165136337280273,0.08636192977428436
Movies,42,prior_delta_gate,76,visual,2.954841136932373,0.07640068233013153,6.343815803527832,0.13562266528606415
Movies,42,prior_delta_gate,77,text,2.1176998615264893,0.08281855285167694,3.2404286861419678,0.08677341789007187
Movies,42,prior_delta_gate,77,visual,2.964493989944458,0.07662176340818405,6.383808135986328,0.13529549539089203
Movies,42,prior_delta_gate,78,text,2.127689838409424,0.08299287408590317,3.2639994621276855,0.08711059391498566
Movies,42,prior_delta_gate,78,visual,2.9753854274749756,0.07685481011867523,6.426645755767822,0.13526558876037598
Movies,42,prior_delta_gate,79,text,2.1397364139556885,0.08343274146318436,3.2895801067352295,0.0875600054860115
Movies,42,prior_delta_gate,79,visual,2.986340045928955,0.07702699303627014,6.469974517822266,0.13536337018013
Movies,42,prior_delta_gate,80,text,2.150777816772461,0.08340596407651901,3.313279628753662,0.08802805840969086
Movies,42,prior_delta_gate,80,visual,2.9962003231048584,0.07723629474639893,6.510218143463135,0.13515350222587585
Movies,42,prior_delta_gate,81,text,2.1618034839630127,0.08335480839014053,3.3385086059570312,0.08839515596628189
Movies,42,prior_delta_gate,81,visual,3.0064353942871094,0.07740776985883713,6.551382541656494,0.13499407470226288
Movies,42,prior_delta_gate,82,text,2.172508478164673,0.08342425525188446,3.3647546768188477,0.08884280174970627
Movies,42,prior_delta_gate,82,visual,3.0173120498657227,0.07749617099761963,6.5939741134643555,0.13472425937652588
Movies,42,prior_delta_gate,83,text,2.1834795475006104,0.08362776041030884,3.39064884185791,0.0893271267414093
Movies,42,prior_delta_gate,83,visual,3.0273141860961914,0.07776590436697006,6.634728908538818,0.13454174995422363
Movies,42,prior_delta_gate,84,text,2.1959068775177,0.0838843509554863,3.4177019596099854,0.08991940319538116
Movies,42,prior_delta_gate,84,visual,3.0372092723846436,0.07813582569360733,6.675623416900635,0.13447853922843933
Movies,42,prior_delta_gate,85,text,2.206817626953125,0.08394718915224075,3.441957473754883,0.09053172171115875
Movies,42,prior_delta_gate,85,visual,3.0455543994903564,0.07822135835886002,6.712286949157715,0.13397008180618286
Movies,42,prior_update_add,0,text,0.0,0.0,0.0,0.0
Movies,42,prior_update_add,0,visual,0.0,0.0,0.0,0.0
Movies,42,prior_update_add,1,text,0.2558477222919464,0.015999499708414078,0.0,0.0
Movies,42,prior_update_add,1,visual,0.25584378838539124,0.01599939912557602,0.0,0.0
Movies,42,prior_update_add,2,text,0.3806987404823303,0.023715803399682045,0.0,0.0
Movies,42,prior_update_add,2,visual,0.3833538293838501,0.023661354556679726,0.0,0.0
Movies,42,prior_update_add,3,text,0.4796397089958191,0.029873332008719444,0.0,0.0
Movies,42,prior_update_add,3,visual,0.49077916145324707,0.029981011524796486,0.0,0.0
Movies,42,prior_update_add,4,text,0.5663216710090637,0.03420637175440788,0.0,0.0
Movies,42,prior_update_add,4,visual,0.5883677005767822,0.03403465449810028,0.0,0.0
Movies,42,prior_update_add,5,text,0.6381731033325195,0.037927668541669846,0.0,0.0
Movies,42,prior_update_add,5,visual,0.6763028502464294,0.03720575198531151,0.0,0.0
Movies,42,prior_update_add,6,text,0.7067446112632751,0.040053192526102066,0.0,0.0
Movies,42,prior_update_add,6,visual,0.7678180932998657,0.03916668891906738,0.0,0.0
Movies,42,prior_update_add,7,text,0.7747365832328796,0.0418071374297142,0.0,0.0
Movies,42,prior_update_add,7,visual,0.8602957725524902,0.04030294343829155,0.0,0.0
Movies,42,prior_update_add,8,text,0.8319792747497559,0.04377840459346771,0.0,0.0
Movies,42,prior_update_add,8,visual,0.9426719546318054,0.04132026061415672,0.0,0.0
Movies,42,prior_update_add,9,text,0.879300594329834,0.04535744711756706,0.0,0.0
Movies,42,prior_update_add,9,visual,1.016685128211975,0.04214678332209587,0.0,0.0
Movies,42,prior_update_add,10,text,0.9193597435951233,0.047233015298843384,0.0,0.0
Movies,42,prior_update_add,10,visual,1.0841346979141235,0.0435405932366848,0.0,0.0
Movies,42,prior_update_add,11,text,0.9562526345252991,0.04938235133886337,0.0,0.0
Movies,42,prior_update_add,11,visual,1.1450588703155518,0.045046236366033554,0.0,0.0
Movies,42,prior_update_add,12,text,0.9897499084472656,0.051004569977521896,0.0,0.0
Movies,42,prior_update_add,12,visual,1.20441472530365,0.04598124697804451,0.0,0.0
Movies,42,prior_update_add,13,text,1.0221710205078125,0.052252259105443954,0.0,0.0
Movies,42,prior_update_add,13,visual,1.2627133131027222,0.046763915568590164,0.0,0.0
Movies,42,prior_update_add,14,text,1.0517643690109253,0.05361511558294296,0.0,0.0
Movies,42,prior_update_add,14,visual,1.3188403844833374,0.047737400978803635,0.0,0.0
Movies,42,prior_update_add,15,text,1.0764796733856201,0.054634060710668564,0.0,0.0
Movies,42,prior_update_add,15,visual,1.3735358715057373,0.04851452633738518,0.0,0.0
Movies,42,prior_update_add,16,text,1.0989915132522583,0.055619016289711,0.0,0.0
Movies,42,prior_update_add,16,visual,1.426349401473999,0.04907861724495888,0.0,0.0
Movies,42,prior_update_add,17,text,1.1204555034637451,0.056804507970809937,0.0,0.0
Movies,42,prior_update_add,17,visual,1.4781278371810913,0.04971926659345627,0.0,0.0
Movies,42,prior_update_add,18,text,1.1411434412002563,0.05788392201066017,0.0,0.0
Movies,42,prior_update_add,18,visual,1.5272226333618164,0.05033485218882561,0.0,0.0
Movies,42,prior_update_add,19,text,1.1599318981170654,0.0589597262442112,0.0,0.0
Movies,42,prior_update_add,19,visual,1.573075532913208,0.05104606971144676,0.0,0.0
Movies,42,prior_update_add,20,text,1.176262617111206,0.059811610728502274,0.0,0.0
Movies,42,prior_update_add,20,visual,1.6187385320663452,0.051694151014089584,0.0,0.0
Movies,42,prior_update_add,21,text,1.1918357610702515,0.06056995317339897,0.0,0.0
Movies,42,prior_update_add,21,visual,1.6640236377716064,0.05236085504293442,0.0,0.0
Movies,42,prior_update_add,22,text,1.2065784931182861,0.06117519363760948,0.0,0.0
Movies,42,prior_update_add,22,visual,1.7084765434265137,0.052962396293878555,0.0,0.0
Movies,42,prior_update_add,23,text,1.2213635444641113,0.06187570095062256,0.0,0.0
Movies,42,prior_update_add,23,visual,1.7522975206375122,0.05370945855975151,0.0,0.0
Movies,42,prior_update_add,24,text,1.2353595495224,0.06230799853801727,0.0,0.0
Movies,42,prior_update_add,24,visual,1.796601414680481,0.05409926176071167,0.0,0.0
Movies,42,prior_update_add,25,text,1.2484794855117798,0.06275420635938644,0.0,0.0
Movies,42,prior_update_add,25,visual,1.8362354040145874,0.05459585040807724,0.0,0.0
Movies,42,prior_update_add,26,text,1.2608604431152344,0.06330350041389465,0.0,0.0
Movies,42,prior_update_add,26,visual,1.871824860572815,0.05532648041844368,0.0,0.0
Movies,42,prior_update_add,27,text,1.272087574005127,0.06394354999065399,0.0,0.0
Movies,42,prior_update_add,27,visual,1.9078128337860107,0.055831391364336014,0.0,0.0
Movies,42,prior_update_add,28,text,1.2824902534484863,0.06450574845075607,0.0,0.0
Movies,42,prior_update_add,28,visual,1.9417486190795898,0.05584864318370819,0.0,0.0
Movies,42,prior_update_add,29,text,1.2915380001068115,0.06492123007774353,0.0,0.0
Movies,42,prior_update_add,29,visual,1.9718283414840698,0.05592106282711029,0.0,0.0
Movies,42,prior_update_add,30,text,1.3008354902267456,0.0654478594660759,0.0,0.0
Movies,42,prior_update_add,30,visual,1.9992045164108276,0.056440867483615875,0.0,0.0
Movies,42,prior_update_add,31,text,1.3092865943908691,0.0657770186662674,0.0,0.0
Movies,42,prior_update_add,31,visual,2.0250539779663086,0.05665461719036102,0.0,0.0
Movies,42,prior_update_add,32,text,1.3173788785934448,0.06605024635791779,0.0,0.0
Movies,42,prior_update_add,32,visual,2.048511505126953,0.056925661861896515,0.0,0.0
Movies,42,prior_update_add,33,text,1.3252699375152588,0.06619548052549362,0.0,0.0
Movies,42,prior_update_add,33,visual,2.0702476501464844,0.05689770728349686,0.0,0.0
Movies,42,prior_update_add,34,text,1.3332825899124146,0.06658048927783966,0.0,0.0
Movies,42,prior_update_add,34,visual,2.0920701026916504,0.05703936144709587,0.0,0.0
Movies,42,prior_update_add,35,text,1.3401243686676025,0.0671987384557724,0.0,0.0
Movies,42,prior_update_add,35,visual,2.1132915019989014,0.05720578134059906,0.0,0.0
Movies,42,prior_update_add,36,text,1.3465924263000488,0.06757014244794846,0.0,0.0
Movies,42,prior_update_add,36,visual,2.131587028503418,0.05743881314992905,0.0,0.0
Movies,42,prior_update_add,37,text,1.3530399799346924,0.06757950782775879,0.0,0.0
Movies,42,prior_update_add,37,visual,2.149200201034546,0.05750713124871254,0.0,0.0
Movies,42,prior_update_add,38,text,1.3604198694229126,0.06787707656621933,0.0,0.0
Movies,42,prior_update_add,38,visual,2.165930986404419,0.05768587812781334,0.0,0.0
Movies,42,prior_update_add,39,text,1.3677189350128174,0.06828650087118149,0.0,0.0
Movies,42,prior_update_add,39,visual,2.180955648422241,0.0576515756547451,0.0,0.0
Movies,42,prior_update_add,40,text,1.3742495775222778,0.06877343356609344,0.0,0.0
Movies,42,prior_update_add,40,visual,2.193981647491455,0.05793290212750435,0.0,0.0
Movies,42,prior_update_add,41,text,1.3811792135238647,0.06914657354354858,0.0,0.0
Movies,42,prior_update_add,41,visual,2.207720994949341,0.0581156387925148,0.0,0.0
Movies,42,prior_update_add,42,text,1.388285517692566,0.0693906769156456,0.0,0.0
Movies,42,prior_update_add,42,visual,2.2203431129455566,0.05794841796159744,0.0,0.0
Movies,42,prior_update_add,43,text,1.3955625295639038,0.06967804580926895,0.0,0.0
Movies,42,prior_update_add,43,visual,2.2314400672912598,0.058152489364147186,0.0,0.0
Movies,42,prior_update_add,44,text,1.4020531177520752,0.06983061879873276,0.0,0.0
Movies,42,prior_update_add,44,visual,2.242774724960327,0.0582338348031044,0.0,0.0
Movies,42,prior_update_add,45,text,1.408757209777832,0.07014946639537811,0.0,0.0
Movies,42,prior_update_add,45,visual,2.2536473274230957,0.05842215195298195,0.0,0.0
Movies,42,prior_update_add,46,text,1.415206789970398,0.07033457607030869,0.0,0.0
Movies,42,prior_update_add,46,visual,2.2648770809173584,0.058629587292671204,0.0,0.0
Movies,42,prior_update_add,47,text,1.4218456745147705,0.07067166268825531,0.0,0.0
Movies,42,prior_update_add,47,visual,2.2745161056518555,0.05874688923358917,0.0,0.0
Movies,42,prior_update_add,48,text,1.4281795024871826,0.07083761692047119,0.0,0.0
Movies,42,prior_update_add,48,visual,2.28291392326355,0.05879388749599457,0.0,0.0
Movies,42,prior_update_add,49,text,1.434672474861145,0.07087668776512146,0.0,0.0
Movies,42,prior_update_add,49,visual,2.291065216064453,0.058818794786930084,0.0,0.0
Movies,42,prior_update_add,50,text,1.441582202911377,0.0710175558924675,0.0,0.0
Movies,42,prior_update_add,50,visual,2.299553871154785,0.05901039391756058,0.0,0.0
Movies,42,prior_update_add,51,text,1.4479049444198608,0.07126611471176147,0.0,0.0
Movies,42,prior_update_add,51,visual,2.306658983230591,0.058972593396902084,0.0,0.0
Movies,42,prior_update_add,52,text,1.4539780616760254,0.07165219634771347,0.0,0.0
Movies,42,prior_update_add,52,visual,2.313206911087036,0.059226006269454956,0.0,0.0
Movies,42,prior_update_add,53,text,1.459945797920227,0.0718623623251915,0.0,0.0
Movies,42,prior_update_add,53,visual,2.3203814029693604,0.059466175734996796,0.0,0.0
Movies,42,prior_update_add,54,text,1.4661999940872192,0.07186851650476456,0.0,0.0
Movies,42,prior_update_add,54,visual,2.3281171321868896,0.05946134030818939,0.0,0.0
Movies,42,prior_update_add,55,text,1.4721722602844238,0.07190890610218048,0.0,0.0
Movies,42,prior_update_add,55,visual,2.3337535858154297,0.059662751853466034,0.0,0.0
Movies,42,prior_update_add,56,text,1.477675437927246,0.07202568650245667,0.0,0.0
Movies,42,prior_update_add,56,visual,2.337541103363037,0.05991668626666069,0.0,0.0
Movies,42,prior_update_add,57,text,1.4824445247650146,0.07218760997056961,0.0,0.0
Movies,42,prior_update_add,57,visual,2.3411056995391846,0.059806544333696365,0.0,0.0
Movies,42,prior_update_add,58,text,1.4868838787078857,0.07230649143457413,0.0,0.0
Movies,42,prior_update_add,58,visual,2.3448948860168457,0.0597500205039978,0.0,0.0
Movies,42,prior_update_add,59,text,1.4921272993087769,0.07236733287572861,0.0,0.0
Movies,42,prior_update_add,59,visual,2.3503565788269043,0.05986310541629791,0.0,0.0
Movies,42,prior_update_add,60,text,1.496799349784851,0.07248245179653168,0.0,0.0
Movies,42,prior_update_add,60,visual,2.3546173572540283,0.05979175120592117,0.0,0.0
Movies,42,prior_update_add,61,text,1.5009084939956665,0.07265238463878632,0.0,0.0
Movies,42,prior_update_add,61,visual,2.3576836585998535,0.05969993770122528,0.0,0.0
Movies,42,prior_update_add,62,text,1.5050421953201294,0.0728585347533226,0.0,0.0
Movies,42,prior_update_add,62,visual,2.3605926036834717,0.05991363897919655,0.0,0.0
Movies,42,prior_update_add,63,text,1.508832335472107,0.07288267463445663,0.0,0.0
Movies,42,prior_update_add,63,visual,2.363588333129883,0.06009072810411453,0.0,0.0
Movies,42,prior_update_add,64,text,1.5126615762710571,0.07281417399644852,0.0,0.0
Movies,42,prior_update_add,64,visual,2.367079496383667,0.05992776155471802,0.0,0.0
Movies,42,prior_update_add,65,text,1.5169137716293335,0.07285474985837936,0.0,0.0
Movies,42,prior_update_add,65,visual,2.3710293769836426,0.059997521340847015,0.0,0.0
Movies,42,prior_update_add,66,text,1.5209574699401855,0.07286849617958069,0.0,0.0
Movies,42,prior_update_add,66,visual,2.3744332790374756,0.060245491564273834,0.0,0.0
Movies,42,prior_update_add,67,text,1.5250815153121948,0.07307805866003036,0.0,0.0
Movies,42,prior_update_add,67,visual,2.3773891925811768,0.0601576566696167,0.0,0.0
Movies,42,prior_update_add,68,text,1.5289362668991089,0.07332655787467957,0.0,0.0
Movies,42,prior_update_add,68,visual,2.3807480335235596,0.06025009602308273,0.0,0.0
Movies,42,prior_update_add,69,text,1.532173991203308,0.07329101115465164,0.0,0.0
Movies,42,prior_update_add,69,visual,2.3843491077423096,0.06029120460152626,0.0,0.0
Movies,42,prior_update_add,70,text,1.5360230207443237,0.07339611649513245,0.0,0.0
Movies,42,prior_update_add,70,visual,2.388397693634033,0.060111720114946365,0.0,0.0
Movies,42,prior_update_add,71,text,1.539857268333435,0.07347714900970459,0.0,0.0
Movies,42,prior_update_add,71,visual,2.3922667503356934,0.060319650918245316,0.0,0.0
Movies,42,prior_update_add,72,text,1.5432249307632446,0.07351440191268921,0.0,0.0
Movies,42,prior_update_add,72,visual,2.3959672451019287,0.060437850654125214,0.0,0.0
Movies,42,prior_update_gate,0,text,0.0,0.0,0.0,0.0
Movies,42,prior_update_gate,0,visual,0.0,0.0,0.0,0.0
Movies,42,prior_update_gate,1,text,0.2557220757007599,0.015999015420675278,0.0,0.0
Movies,42,prior_update_gate,1,visual,0.2557150721549988,0.015998825430870056,0.0,0.0
Movies,42,prior_update_gate,2,text,0.38269197940826416,0.023807307705283165,0.2630075216293335,0.011851135641336441
Movies,42,prior_update_gate,2,visual,0.3866783380508423,0.02391318418085575,0.262783408164978,0.01186868455260992
Movies,42,prior_update_gate,3,text,0.4885116517543793,0.030734874308109283,0.4531483054161072,0.020197898149490356
Movies,42,prior_update_gate,3,visual,0.5012116432189941,0.031015420332551003,0.4267819821834564,0.018827706575393677
Movies,42,prior_update_gate,4,text,0.5703262686729431,0.035404499620199203,0.5686500668525696,0.024586617946624756
Movies,42,prior_update_gate,4,visual,0.6022329330444336,0.03574072942137718,0.5392376184463501,0.022462932392954826
Movies,42,prior_update_gate,5,text,0.6402014493942261,0.03870007023215294,0.6805902719497681,0.0287619661539793
Movies,42,prior_update_gate,5,visual,0.692500650882721,0.038792308419942856,0.6547607183456421,0.026337144896388054
Movies,42,prior_update_gate,6,text,0.7076280117034912,0.04096544161438942,0.7838162183761597,0.03219988942146301
Movies,42,prior_update_gate,6,visual,0.7902995347976685,0.040979914367198944,0.7752009630203247,0.030833620578050613
Movies,42,prior_update_gate,7,text,0.7758789658546448,0.042778871953487396,0.8740420341491699,0.03567684441804886
Movies,42,prior_update_gate,7,visual,0.893606424331665,0.04261133074760437,0.9006522297859192,0.03643796592950821
Movies,42,prior_update_gate,8,text,0.8422784805297852,0.04468335583806038,0.9520106315612793,0.03924247995018959
Movies,42,prior_update_gate,8,visual,0.9933458566665649,0.04397808760404587,1.0260168313980103,0.042389288544654846
Movies,42,prior_update_gate,9,text,0.9050012826919556,0.04653964191675186,1.0263112783432007,0.04322138801217079
Movies,42,prior_update_gate,9,visual,1.0880740880966187,0.045137468725442886,1.1513053178787231,0.048375453799963
Movies,42,prior_update_gate,10,text,0.9591432809829712,0.048340167850255966,1.0885893106460571,0.04723530635237694
Movies,42,prior_update_gate,10,visual,1.1757737398147583,0.046552591025829315,1.2746669054031372,0.05432514846324921
Movies,42,prior_update_gate,11,text,1.0064308643341064,0.050376955419778824,1.1521146297454834,0.05062263831496239
Movies,42,prior_update_gate,11,visual,1.2522814273834229,0.04808039218187332,1.3909865617752075,0.059390973299741745
Movies,42,prior_update_gate,12,text,1.0487414598464966,0.05190422385931015,1.2052335739135742,0.05378325283527374
Movies,42,prior_update_gate,12,visual,1.3256487846374512,0.04922226443886757,1.5086321830749512,0.06429310142993927
Movies,42,prior_update_gate,13,text,1.0888835191726685,0.05352742597460747,1.265479326248169,0.056698936969041824
Movies,42,prior_update_gate,13,visual,1.3962504863739014,0.05034070089459419,1.628544807434082,0.0690511018037796
Movies,42,prior_update_gate,14,text,1.1252567768096924,0.0555264987051487,1.3293434381484985,0.05908886343240738
Movies,42,prior_update_gate,14,visual,1.4651750326156616,0.0516093447804451,1.7514281272888184,0.07390528172254562
Movies,42,prior_update_gate,15,text,1.1591877937316895,0.05716119706630707,1.3877174854278564,0.0612911656498909
Movies,42,prior_update_gate,15,visual,1.531556248664856,0.052666228264570236,1.873765468597412,0.07862719148397446
Movies,42,prior_update_gate,16,text,1.1907364130020142,0.05849744752049446,1.4436930418014526,0.06352697312831879
Movies,42,prior_update_gate,16,visual,1.5974315404891968,0.05361223220825195,1.996140480041504,0.08342734724283218
Movies,42,prior_update_gate,17,text,1.2196459770202637,0.05991649627685547,1.500123381614685,0.06548136472702026
Movies,42,prior_update_gate,17,visual,1.6601449251174927,0.05467689037322998,2.120133876800537,0.08812912553548813
Movies,42,prior_update_gate,18,text,1.2479864358901978,0.061017222702503204,1.553944706916809,0.06729213893413544
Movies,42,prior_update_gate,18,visual,1.7197412252426147,0.05547701194882393,2.242091178894043,0.09254338592290878
Movies,42,prior_update_gate,19,text,1.2741225957870483,0.06201314553618431,1.6039328575134277,0.06899543106555939
Movies,42,prior_update_gate,19,visual,1.7781212329864502,0.05615285411477089,2.3615801334381104,0.09679905325174332
Movies,42,prior_update_gate,20,text,1.2972066402435303,0.06320145726203918,1.6526936292648315,0.07067028433084488
Movies,42,prior_update_gate,20,visual,1.832444667816162,0.05704633891582489,2.4801621437072754,0.10045776516199112
Movies,42,prior_update_gate,21,text,1.3183152675628662,0.06398452818393707,1.6993985176086426,0.0722208097577095
Movies,42,prior_update_gate,21,visual,1.883021354675293,0.0578191764652729,2.5949361324310303,0.10381661355495453
Movies,42,prior_update_gate,22,text,1.3381201028823853,0.06443104147911072,1.7438561916351318,0.07380800694227219
Movies,42,prior_update_gate,22,visual,1.9338085651397705,0.058461785316467285,2.7082276344299316,0.10719947516918182
Movies,42,prior_update_gate,23,text,1.3562812805175781,0.06516482681035995,1.7864649295806885,0.07536535710096359
Movies,42,prior_update_gate,23,visual,1.9816880226135254,0.05920066684484482,2.8190860748291016,0.11019895225763321
Movies,42,prior_update_gate,24,text,1.3730477094650269,0.06616473942995071,1.8271989822387695,0.07684508711099625
Movies,42,prior_update_gate,24,visual,2.0278024673461914,0.05988470837473869,2.9304492473602295,0.1132141575217247
Movies,42,prior_update_gate,25,text,1.3897625207901,0.0666540265083313,1.8664263486862183,0.07827704399824142
Movies,42,prior_update_gate,25,visual,2.0721588134765625,0.060297541320323944,3.039093494415283,0.1160987913608551
Movies,42,prior_update_gate,26,text,1.4060291051864624,0.0670398399233818,1.9043731689453125,0.07970881462097168
Movies,42,prior_update_gate,26,visual,2.1141746044158936,0.06084882840514183,3.1460986137390137,0.1185932382941246
Movies,42,prior_update_gate,27,text,1.4219086170196533,0.06778429448604584,1.940673589706421,0.08090010285377502
Movies,42,prior_update_gate,27,visual,2.155827760696411,0.06154543533921242,3.253418207168579,0.12138243019580841
Movies,42,prior_update_gate,28,text,1.4376648664474487,0.06858845055103302,1.9754424095153809,0.08189214020967484
Movies,42,prior_update_gate,28,visual,2.1957526206970215,0.061987441033124924,3.358903408050537,0.12406333535909653
Movies,42,prior_update_gate,29,text,1.4523497819900513,0.0694323256611824,2.0094077587127686,0.08284010738134384
Movies,42,prior_update_gate,29,visual,2.23396372795105,0.06250648200511932,3.4635696411132812,0.1265796571969986
Movies,42,prior_update_gate,30,text,1.46514892578125,0.07000493258237839,2.04226016998291,0.08363839238882065
Movies,42,prior_update_gate,30,visual,2.2714974880218506,0.06304681301116943,3.568962335586548,0.12893779575824738
Movies,42,prior_update_gate,31,text,1.477396845817566,0.07045891135931015,2.0742762088775635,0.08438798785209656
Movies,42,prior_update_gate,31,visual,2.3053815364837646,0.0633961409330368,3.6675124168395996,0.13073886930942535
Movies,42,prior_update_gate,32,text,1.489041805267334,0.07099508494138718,2.1053786277770996,0.08505193144083023
Movies,42,prior_update_gate,32,visual,2.3363256454467773,0.0637083500623703,3.761178731918335,0.13210022449493408
Movies,42,prior_update_gate,33,text,1.5005409717559814,0.07167650014162064,2.136044979095459,0.08577509969472885
Movies,42,prior_update_gate,33,visual,2.365065336227417,0.06414476037025452,3.851557493209839,0.13324661552906036
Movies,42,prior_update_gate,34,text,1.5114573240280151,0.0723155066370964,2.1666839122772217,0.08660924434661865
Movies,42,prior_update_gate,34,visual,2.3935317993164062,0.06456044316291809,3.93990159034729,0.13451041281223297
Movies,42,prior_update_gate,35,text,1.5207722187042236,0.07245232164859772,2.1968986988067627,0.08754590898752213
Movies,42,prior_update_gate,35,visual,2.4213662147521973,0.06458210200071335,4.024196147918701,0.13560472428798676
Movies,42,prior_update_gate,36,text,1.5283030271530151,0.07263755798339844,2.225818634033203,0.08837903290987015
Movies,42,prior_update_gate,36,visual,2.4436047077178955,0.06473278999328613,4.101379871368408,0.13576911389827728
Movies,42,prior_update_gate,37,text,1.5357428789138794,0.07326194643974304,2.254136085510254,0.08912207186222076
Movies,42,prior_update_gate,37,visual,2.4626851081848145,0.06529705971479416,4.1765007972717285,0.1354360729455948
Movies,42,prior_update_gate,38,text,1.543943166732788,0.07384685426950455,2.2815122604370117,0.08999050408601761
Movies,42,prior_update_gate,38,visual,2.482600212097168,0.06553185731172562,4.249176502227783,0.1351432204246521
Movies,42,prior_update_gate,39,text,1.5521060228347778,0.07425567507743835,2.308682441711426,0.09093346446752548
Movies,42,prior_update_gate,39,visual,2.5031983852386475,0.06543809175491333,4.319581985473633,0.13493596017360687
Movies,42,prior_update_gate,40,text,1.5592098236083984,0.0745575949549675,2.335772752761841,0.09176409244537354
Movies,42,prior_update_gate,40,visual,2.5214264392852783,0.06552089750766754,4.3873677253723145,0.1344459354877472
Movies,42,prior_update_gate,41,text,1.5653610229492188,0.07465749233961105,2.3619678020477295,0.09255993366241455
Movies,42,prior_update_gate,41,visual,2.5356407165527344,0.06574814021587372,4.450632095336914,0.13333049416542053
Movies,42,prior_update_gate,42,text,1.5721027851104736,0.0748833492398262,2.387860059738159,0.09345079213380814
Movies,42,prior_update_gate,42,visual,2.5490729808807373,0.06599843502044678,4.513365745544434,0.13209134340286255
Movies,42,prior_update_gate,43,text,1.5796273946762085,0.07558056712150574,2.4136643409729004,0.09427400678396225
Movies,42,prior_update_gate,43,visual,2.563286542892456,0.0662204921245575,4.578033447265625,0.13116414844989777
Movies,42,prior_update_gate,44,text,1.587339162826538,0.07639086991548538,2.4397435188293457,0.0949748083949089
Movies,42,prior_update_gate,44,visual,2.5786962509155273,0.06622524559497833,4.6437554359436035,0.13044962286949158
Movies,42,prior_update_gate,45,text,1.5941866636276245,0.07656138390302658,2.465813159942627,0.09587931632995605
Movies,42,prior_update_gate,45,visual,2.593074321746826,0.06629329174757004,4.704264163970947,0.12968362867832184
Movies,42,prior_update_gate,46,text,1.600435495376587,0.07657148689031601,2.491874933242798,0.09677299857139587
Movies,42,prior_update_gate,46,visual,2.6053991317749023,0.06670719385147095,4.7635273933410645,0.12861205637454987
Movies,42,prior_update_gate,47,text,1.606831431388855,0.07698030769824982,2.5185132026672363,0.09749750792980194
Movies,42,prior_update_gate,47,visual,2.617292881011963,0.06691208481788635,4.82401180267334,0.12751063704490662
Movies,42,prior_update_gate,48,text,1.6155024766921997,0.07765647023916245,2.544203758239746,0.09803059697151184
Movies,42,prior_update_gate,48,visual,2.6307172775268555,0.0670481026172638,4.886453151702881,0.12657228112220764
Movies,42,prior_update_gate,49,text,1.6253187656402588,0.07821555435657501,2.5700674057006836,0.09836871922016144
Movies,42,prior_update_gate,49,visual,2.6465981006622314,0.06733033061027527,4.954288005828857,0.12580198049545288
Movies,42,prior_update_gate,50,text,1.6333588361740112,0.07851991057395935,2.5967910289764404,0.09883403778076172
Movies,42,prior_update_gate,50,visual,2.660041570663452,0.06762569397687912,5.019635200500488,0.12467417120933533
Movies,42,prior_update_gate,51,text,1.6404311656951904,0.07860242575407028,2.623094320297241,0.09937352687120438
Movies,42,prior_update_gate,51,visual,2.67130446434021,0.06801164150238037,5.082959175109863,0.12316452711820602
Movies,42,prior_update_gate,52,text,1.648465871810913,0.07868760079145432,2.651118755340576,0.09988511353731155
Movies,42,prior_update_gate,52,visual,2.6838343143463135,0.06815099716186523,5.147426128387451,0.12180695682764053
Movies,42,prior_update_gate,53,text,1.6566877365112305,0.07898671180009842,2.6784093379974365,0.10027924180030823
Movies,42,prior_update_gate,53,visual,2.6958954334259033,0.0684484988451004,5.211300373077393,0.1205950677394867
Movies,42,prior_update_gate,54,text,1.6648359298706055,0.07942458987236023,2.705648183822632,0.10068178921937943
Movies,42,prior_update_gate,54,visual,2.7092795372009277,0.06892193853855133,5.277866363525391,0.11967000365257263
Movies,42,prior_update_gate,55,text,1.6730884313583374,0.0797276645898819,2.7330219745635986,0.10119886696338654
Movies,42,prior_update_gate,55,visual,2.721900701522827,0.06922260671854019,5.340797424316406,0.11864712089300156
Movies,42,prior_update_gate,56,text,1.6815091371536255,0.07990878075361252,2.7603306770324707,0.10175704956054688
Movies,42,prior_update_gate,56,visual,2.7336997985839844,0.0693662241101265,5.401142597198486,0.11750666052103043
Movies,42,prior_update_gate,57,text,1.6896302700042725,0.08014170825481415,2.7857086658477783,0.10210756957530975
Movies,42,prior_update_gate,57,visual,2.743443727493286,0.06959488242864609,5.458560466766357,0.11615050584077835
Movies,42,prior_update_gate,58,text,1.6975281238555908,0.08039989322423935,2.809781312942505,0.1022871807217598
Movies,42,prior_update_gate,58,visual,2.7519781589508057,0.06992543488740921,5.513950824737549,0.11484427750110626
Movies,42,prior_update_gate,59,text,1.7048653364181519,0.08033262193202972,2.833683490753174,0.10263468325138092
Movies,42,prior_update_gate,59,visual,2.760065793991089,0.07001042366027832,5.565084934234619,0.11346504837274551
Movies,42,prior_update_gate,60,text,1.7121834754943848,0.08015913516283035,2.8576924800872803,0.10316771268844604
Movies,42,prior_update_gate,60,visual,2.7686209678649902,0.06992515176534653,5.614560127258301,0.11209292709827423
Movies,42,prior_update_gate,61,text,1.7193076610565186,0.0804290622472763,2.880986213684082,0.10352927446365356
Movies,42,prior_update_gate,61,visual,2.7775158882141113,0.07006481289863586,5.665813446044922,0.11098451167345047
Movies,42,prior_update_gate,62,text,1.725742220878601,0.08110915869474411,2.903697967529297,0.10371672362089157
Movies,42,prior_update_gate,62,visual,2.7858238220214844,0.07038504630327225,5.717293739318848,0.10994739085435867
Movies,42,prior_update_gate,63,text,1.7326927185058594,0.08145393431186676,2.925788164138794,0.10403674840927124
Movies,42,prior_update_gate,63,visual,2.794661521911621,0.07070070505142212,5.76731538772583,0.10882726311683655
Movies,42,prior_update_gate,64,text,1.7395590543746948,0.08159322291612625,2.9487407207489014,0.10435197502374649
Movies,42,prior_update_gate,64,visual,2.8033359050750732,0.07074762880802155,5.8144001960754395,0.10754352807998657
Movies,42,prior_update_gate,65,text,1.7461680173873901,0.08171109110116959,2.9706709384918213,0.10449876636266708
Movies,42,prior_update_gate,65,visual,2.8125460147857666,0.07097724825143814,5.862560749053955,0.10672410577535629
Movies,42,prior_update_gate,66,text,1.7518717050552368,0.08199303597211838,2.992267608642578,0.10455913841724396
Movies,42,prior_update_gate,66,visual,2.820862054824829,0.07138396054506302,5.9109206199646,0.10607344657182693
Movies,42,prior_update_gate,67,text,1.7578377723693848,0.08219945430755615,3.0139553546905518,0.10470353066921234
Movies,42,prior_update_gate,67,visual,2.829829692840576,0.07154397666454315,5.957955837249756,0.10543272644281387
Movies,42,prior_update_gate,68,text,1.7643362283706665,0.08219044655561447,3.0347557067871094,0.10485826432704926
Movies,42,prior_update_gate,68,visual,2.839876413345337,0.07166288793087006,6.0039544105529785,0.10486958920955658
Movies,42,prior_update_gate,69,text,1.770386815071106,0.08239036798477173,3.0561277866363525,0.10488160699605942
Movies,42,prior_update_gate,69,visual,2.849363088607788,0.07183818519115448,6.049032688140869,0.10427822917699814
Movies,42,prior_update_gate,70,text,1.7765065431594849,0.08271883428096771,3.076442003250122,0.10470935702323914
Movies,42,prior_update_gate,70,visual,2.859818696975708,0.07230953127145767,6.097140789031982,0.1040734276175499
Movies,42,prior_update_gate,71,text,1.7826703786849976,0.08299493044614792,3.0969364643096924,0.10466034710407257
Movies,42,prior_update_gate,71,visual,2.869694948196411,0.07258198410272598,6.143487453460693,0.10361302644014359
Movies,42,prior_update_gate,72,text,1.7890565395355225,0.08305706083774567,3.1177334785461426,0.104728102684021
Movies,42,prior_update_gate,72,visual,2.880000591278076,0.07267197966575623,6.18985652923584,0.10294010490179062
Movies,42,prior_update_gate,73,text,1.7950760126113892,0.08318732678890228,3.13844633102417,0.104677714407444
Movies,42,prior_update_gate,73,visual,2.890177011489868,0.07295995950698853,6.236775875091553,0.10254145413637161
Movies,42,prior_update_gate,74,text,1.8009998798370361,0.0834001824259758,3.15933895111084,0.10452979058027267
Movies,42,prior_update_gate,74,visual,2.899322032928467,0.0733860582113266,6.282207012176514,0.10215730220079422
Movies,42,prior_update_gate,75,text,1.808729887008667,0.08346545696258545,3.1802473068237305,0.10433567315340042
Movies,42,prior_update_gate,75,visual,2.910062789916992,0.07369781285524368,6.328474521636963,0.10183358937501907
Movies,42,prior_update_gate,76,text,1.81691312789917,0.08368181437253952,3.2025601863861084,0.10417213290929794
Movies,42,prior_update_gate,76,visual,2.921311378479004,0.07380297034978867,6.3760504722595215,0.10148253291845322
Movies,42,prior_update_gate,77,text,1.8244258165359497,0.0838339775800705,3.223759651184082,0.10394755750894547
Movies,42,prior_update_gate,77,visual,2.9316494464874268,0.07413582503795624,6.423877239227295,0.101133331656456
Movies,42,prior_update_gate,78,text,1.8310564756393433,0.08395405858755112,3.245792865753174,0.10373646020889282
Movies,42,prior_update_gate,78,visual,2.94057035446167,0.07450828701257706,6.4698357582092285,0.10063745826482773
Movies,42,prior_update_gate,79,text,1.8378331661224365,0.08408093452453613,3.2683045864105225,0.10347039997577667
Movies,42,prior_update_gate,79,visual,2.950467348098755,0.0747966319322586,6.515633583068848,0.10022193938493729
Movies,42,prior_update_gate,80,text,1.8445994853973389,0.0840996578335762,3.2909915447235107,0.10337778925895691
Movies,42,prior_update_gate,80,visual,2.960174322128296,0.074985072016716,6.560669898986816,0.09959301352500916
Movies,42,prior_update_gate,81,text,1.8512017726898193,0.08444362133741379,3.3143765926361084,0.10318852961063385
Movies,42,prior_update_gate,81,visual,2.9699809551239014,0.07527375221252441,6.609158992767334,0.09906449913978577
Movies,42,terminal,0,text,0.0,0.0,0.0,0.0
Movies,42,terminal,0,visual,0.0,0.0,0.0,0.0
Movies,42,terminal,1,text,0.0,0.0,0.0,0.0
Movies,42,terminal,1,visual,0.0,0.0,0.0,0.0
Movies,42,terminal,2,text,0.0,0.0,0.0,0.0
Movies,42,terminal,2,visual,0.0,0.0,0.0,0.0
Movies,42,terminal,3,text,0.0,0.0,0.0,0.0
Movies,42,terminal,3,visual,0.0,0.0,0.0,0.0
Movies,42,terminal,4,text,0.0,0.0,0.0,0.0
Movies,42,terminal,4,visual,0.0,0.0,0.0,0.0
Movies,42,terminal,5,text,0.0,0.0,0.0,0.0
Movies,42,terminal,5,visual,0.0,0.0,0.0,0.0
Movies,42,terminal,6,text,0.0,0.0,0.0,0.0
Movies,42,terminal,6,visual,0.0,0.0,0.0,0.0
Movies,42,terminal,7,text,0.0,0.0,0.0,0.0
Movies,42,terminal,7,visual,0.0,0.0,0.0,0.0
Movies,42,terminal,8,text,0.0,0.0,0.0,0.0
Movies,42,terminal,8,visual,0.0,0.0,0.0,0.0
Movies,42,terminal,9,text,0.0,0.0,0.0,0.0
Movies,42,terminal,9,visual,0.0,0.0,0.0,0.0
Movies,42,terminal,10,text,0.0,0.0,0.0,0.0
Movies,42,terminal,10,visual,0.0,0.0,0.0,0.0
Movies,42,terminal,11,text,0.0,0.0,0.0,0.0
Movies,42,terminal,11,visual,0.0,0.0,0.0,0.0
Movies,42,terminal,12,text,0.0,0.0,0.0,0.0
Movies,42,terminal,12,visual,0.0,0.0,0.0,0.0
Movies,42,terminal,13,text,0.0,0.0,0.0,0.0
Movies,42,terminal,13,visual,0.0,0.0,0.0,0.0
Movies,42,terminal,14,text,0.0,0.0,0.0,0.0
Movies,42,terminal,14,visual,0.0,0.0,0.0,0.0
Movies,42,terminal,15,text,0.0,0.0,0.0,0.0
Movies,42,terminal,15,visual,0.0,0.0,0.0,0.0
Movies,42,terminal,16,text,0.0,0.0,0.0,0.0
Movies,42,terminal,16,visual,0.0,0.0,0.0,0.0
Movies,42,terminal,17,text,0.0,0.0,0.0,0.0
Movies,42,terminal,17,visual,0.0,0.0,0.0,0.0
Movies,42,terminal,18,text,0.0,0.0,0.0,0.0
Movies,42,terminal,18,visual,0.0,0.0,0.0,0.0
Movies,42,terminal,19,text,0.0,0.0,0.0,0.0
Movies,42,terminal,19,visual,0.0,0.0,0.0,0.0
Movies,42,terminal,20,text,0.0,0.0,0.0,0.0
Movies,42,terminal,20,visual,0.0,0.0,0.0,0.0
Movies,42,terminal,21,text,0.0,0.0,0.0,0.0
Movies,42,terminal,21,visual,0.0,0.0,0.0,0.0
Movies,42,terminal,22,text,0.0,0.0,0.0,0.0
Movies,42,terminal,22,visual,0.0,0.0,0.0,0.0
Movies,42,terminal,23,text,0.0,0.0,0.0,0.0
Movies,42,terminal,23,visual,0.0,0.0,0.0,0.0
Movies,42,terminal,24,text,0.0,0.0,0.0,0.0
Movies,42,terminal,24,visual,0.0,0.0,0.0,0.0
Movies,42,terminal,25,text,0.0,0.0,0.0,0.0
Movies,42,terminal,25,visual,0.0,0.0,0.0,0.0
Movies,42,terminal,26,text,0.0,0.0,0.0,0.0
Movies,42,terminal,26,visual,0.0,0.0,0.0,0.0
Movies,42,terminal,27,text,0.0,0.0,0.0,0.0
Movies,42,terminal,27,visual,0.0,0.0,0.0,0.0
Movies,42,terminal,28,text,0.0,0.0,0.0,0.0
Movies,42,terminal,28,visual,0.0,0.0,0.0,0.0
Movies,42,terminal,29,text,0.0,0.0,0.0,0.0
Movies,42,terminal,29,visual,0.0,0.0,0.0,0.0
Movies,42,terminal,30,text,0.0,0.0,0.0,0.0
Movies,42,terminal,30,visual,0.0,0.0,0.0,0.0
Movies,42,terminal,31,text,0.0,0.0,0.0,0.0
Movies,42,terminal,31,visual,0.0,0.0,0.0,0.0
Movies,42,terminal,32,text,0.0,0.0,0.0,0.0
Movies,42,terminal,32,visual,0.0,0.0,0.0,0.0
Movies,42,terminal,33,text,0.0,0.0,0.0,0.0
Movies,42,terminal,33,visual,0.0,0.0,0.0,0.0
Movies,42,terminal,34,text,0.0,0.0,0.0,0.0
Movies,42,terminal,34,visual,0.0,0.0,0.0,0.0
Movies,42,terminal,35,text,0.0,0.0,0.0,0.0
Movies,42,terminal,35,visual,0.0,0.0,0.0,0.0
Movies,42,terminal,36,text,0.0,0.0,0.0,0.0
Movies,42,terminal,36,visual,0.0,0.0,0.0,0.0
Movies,42,terminal,37,text,0.0,0.0,0.0,0.0
Movies,42,terminal,37,visual,0.0,0.0,0.0,0.0
Movies,42,terminal,38,text,0.0,0.0,0.0,0.0
Movies,42,terminal,38,visual,0.0,0.0,0.0,0.0
Movies,42,terminal,39,text,0.0,0.0,0.0,0.0
Movies,42,terminal,39,visual,0.0,0.0,0.0,0.0
Movies,42,terminal,40,text,0.0,0.0,0.0,0.0
Movies,42,terminal,40,visual,0.0,0.0,0.0,0.0
Movies,42,terminal,41,text,0.0,0.0,0.0,0.0
Movies,42,terminal,41,visual,0.0,0.0,0.0,0.0
Movies,42,terminal,42,text,0.0,0.0,0.0,0.0
Movies,42,terminal,42,visual,0.0,0.0,0.0,0.0
Movies,42,terminal,43,text,0.0,0.0,0.0,0.0
Movies,42,terminal,43,visual,0.0,0.0,0.0,0.0
Movies,42,terminal,44,text,0.0,0.0,0.0,0.0
Movies,42,terminal,44,visual,0.0,0.0,0.0,0.0
Movies,42,terminal,45,text,0.0,0.0,0.0,0.0
Movies,42,terminal,45,visual,0.0,0.0,0.0,0.0
Movies,42,terminal,46,text,0.0,0.0,0.0,0.0
Movies,42,terminal,46,visual,0.0,0.0,0.0,0.0
Movies,42,terminal,47,text,0.0,0.0,0.0,0.0
Movies,42,terminal,47,visual,0.0,0.0,0.0,0.0
Movies,42,terminal,48,text,0.0,0.0,0.0,0.0
Movies,42,terminal,48,visual,0.0,0.0,0.0,0.0
Movies,42,terminal,49,text,0.0,0.0,0.0,0.0
Movies,42,terminal,49,visual,0.0,0.0,0.0,0.0
Movies,42,terminal,50,text,0.0,0.0,0.0,0.0
Movies,42,terminal,50,visual,0.0,0.0,0.0,0.0
Movies,42,terminal,51,text,0.0,0.0,0.0,0.0
Movies,42,terminal,51,visual,0.0,0.0,0.0,0.0
Movies,42,terminal,52,text,0.0,0.0,0.0,0.0
Movies,42,terminal,52,visual,0.0,0.0,0.0,0.0
Movies,42,terminal,53,text,0.0,0.0,0.0,0.0
Movies,42,terminal,53,visual,0.0,0.0,0.0,0.0
Movies,42,terminal,54,text,0.0,0.0,0.0,0.0
Movies,42,terminal,54,visual,0.0,0.0,0.0,0.0
Movies,42,terminal,55,text,0.0,0.0,0.0,0.0
Movies,42,terminal,55,visual,0.0,0.0,0.0,0.0
Movies,42,terminal,56,text,0.0,0.0,0.0,0.0
Movies,42,terminal,56,visual,0.0,0.0,0.0,0.0
Movies,42,terminal,57,text,0.0,0.0,0.0,0.0
Movies,42,terminal,57,visual,0.0,0.0,0.0,0.0
Movies,42,terminal,58,text,0.0,0.0,0.0,0.0
Movies,42,terminal,58,visual,0.0,0.0,0.0,0.0
Movies,42,terminal,59,text,0.0,0.0,0.0,0.0
Movies,42,terminal,59,visual,0.0,0.0,0.0,0.0
Movies,42,terminal,60,text,0.0,0.0,0.0,0.0
Movies,42,terminal,60,visual,0.0,0.0,0.0,0.0
Movies,42,terminal,61,text,0.0,0.0,0.0,0.0
Movies,42,terminal,61,visual,0.0,0.0,0.0,0.0
Movies,42,terminal,62,text,0.0,0.0,0.0,0.0
Movies,42,terminal,62,visual,0.0,0.0,0.0,0.0
Movies,42,terminal,63,text,0.0,0.0,0.0,0.0
Movies,42,terminal,63,visual,0.0,0.0,0.0,0.0
Movies,42,terminal,64,text,0.0,0.0,0.0,0.0
Movies,42,terminal,64,visual,0.0,0.0,0.0,0.0
Movies,42,terminal,65,text,0.0,0.0,0.0,0.0
Movies,42,terminal,65,visual,0.0,0.0,0.0,0.0
Movies,42,terminal,66,text,0.0,0.0,0.0,0.0
Movies,42,terminal,66,visual,0.0,0.0,0.0,0.0
Movies,42,terminal,67,text,0.0,0.0,0.0,0.0
Movies,42,terminal,67,visual,0.0,0.0,0.0,0.0
Movies,42,terminal,68,text,0.0,0.0,0.0,0.0
Movies,42,terminal,68,visual,0.0,0.0,0.0,0.0
Movies,42,terminal,69,text,0.0,0.0,0.0,0.0
Movies,42,terminal,69,visual,0.0,0.0,0.0,0.0
Movies,42,terminal,70,text,0.0,0.0,0.0,0.0
Movies,42,terminal,70,visual,0.0,0.0,0.0,0.0
Movies,42,terminal,71,text,0.0,0.0,0.0,0.0
Movies,42,terminal,71,visual,0.0,0.0,0.0,0.0
Movies,42,terminal,72,text,0.0,0.0,0.0,0.0
Movies,42,terminal,72,visual,0.0,0.0,0.0,0.0
Movies,42,terminal,73,text,0.0,0.0,0.0,0.0
Movies,42,terminal,73,visual,0.0,0.0,0.0,0.0
Movies,42,terminal,74,text,0.0,0.0,0.0,0.0
Movies,42,terminal,74,visual,0.0,0.0,0.0,0.0
Movies,42,terminal,75,text,0.0,0.0,0.0,0.0
Movies,42,terminal,75,visual,0.0,0.0,0.0,0.0
Movies,42,terminal,76,text,0.0,0.0,0.0,0.0
Movies,42,terminal,76,visual,0.0,0.0,0.0,0.0
Movies,42,terminal,77,text,0.0,0.0,0.0,0.0
Movies,42,terminal,77,visual,0.0,0.0,0.0,0.0
Movies,42,terminal,78,text,0.0,0.0,0.0,0.0
Movies,42,terminal,78,visual,0.0,0.0,0.0,0.0
Movies,42,terminal,79,text,0.0,0.0,0.0,0.0
Movies,42,terminal,79,visual,0.0,0.0,0.0,0.0
Movies,42,terminal,80,text,0.0,0.0,0.0,0.0
Movies,42,terminal,80,visual,0.0,0.0,0.0,0.0
Movies,42,terminal,81,text,0.0,0.0,0.0,0.0
Movies,42,terminal,81,visual,0.0,0.0,0.0,0.0
Movies,42,terminal,82,text,0.0,0.0,0.0,0.0
Movies,42,terminal,82,visual,0.0,0.0,0.0,0.0
Movies,42,terminal,83,text,0.0,0.0,0.0,0.0
Movies,42,terminal,83,visual,0.0,0.0,0.0,0.0
Movies,42,terminal,84,text,0.0,0.0,0.0,0.0
Movies,42,terminal,84,visual,0.0,0.0,0.0,0.0
Movies,42,terminal,85,text,0.0,0.0,0.0,0.0
Movies,42,terminal,85,visual,0.0,0.0,0.0,0.0
Movies,42,terminal,86,text,0.0,0.0,0.0,0.0
Movies,42,terminal,86,visual,0.0,0.0,0.0,0.0
Movies,42,terminal,87,text,0.0,0.0,0.0,0.0
Movies,42,terminal,87,visual,0.0,0.0,0.0,0.0
Movies,42,terminal,88,text,0.0,0.0,0.0,0.0
Movies,42,terminal,88,visual,0.0,0.0,0.0,0.0
Movies,42,terminal,89,text,0.0,0.0,0.0,0.0
Movies,42,terminal,89,visual,0.0,0.0,0.0,0.0
Movies,43,prior_delta_gate,0,text,0.0,0.0,0.0,0.0
Movies,43,prior_delta_gate,0,visual,0.0,0.0,0.0,0.0
Movies,43,prior_delta_gate,1,text,0.2556992471218109,0.015998296439647675,0.0,0.0
Movies,43,prior_delta_gate,1,visual,0.2557162046432495,0.01599806174635887,0.0,0.0
Movies,43,prior_delta_gate,2,text,0.39557820558547974,0.024616604670882225,0.2638796865940094,0.011873594485223293
Movies,43,prior_delta_gate,2,visual,0.3970707654953003,0.024406153708696365,0.26257941126823425,0.011839117854833603
Movies,43,prior_delta_gate,3,text,0.49071937799453735,0.03007705695927143,0.400743305683136,0.017700936645269394
Movies,43,prior_delta_gate,3,visual,0.515510618686676,0.03029734455049038,0.4194403290748596,0.017576126381754875
Movies,43,prior_delta_gate,4,text,0.5646299719810486,0.03310418128967285,0.5175498723983765,0.021967435255646706
Movies,43,prior_delta_gate,4,visual,0.6267752647399902,0.03409315645694733,0.5653560161590576,0.022382523864507675
Movies,43,prior_delta_gate,5,text,0.6363210678100586,0.03495552018284798,0.6282777190208435,0.02559010311961174
Movies,43,prior_delta_gate,5,visual,0.7394841909408569,0.036807551980018616,0.7093342542648315,0.028096074238419533
Movies,43,prior_delta_gate,6,text,0.7110051512718201,0.03685783967375755,0.7253819108009338,0.028829101473093033
Movies,43,prior_delta_gate,6,visual,0.8555644750595093,0.039344388991594315,0.8564426898956299,0.035314928740262985
Movies,43,prior_delta_gate,7,text,0.7851836681365967,0.03897910565137863,0.8130428194999695,0.03263917937874794
Movies,43,prior_delta_gate,7,visual,0.9669266939163208,0.04215409234166145,1.0032991170883179,0.043188631534576416
Movies,43,prior_delta_gate,8,text,0.8535946607589722,0.04145955294370651,0.8903982043266296,0.03625120222568512
Movies,43,prior_delta_gate,8,visual,1.0664613246917725,0.044814109802246094,1.1386604309082031,0.049874287098646164
Movies,43,prior_delta_gate,9,text,0.8978332877159119,0.0430273599922657,0.9305329322814941,0.04011581093072891
Movies,43,prior_delta_gate,9,visual,1.1554886102676392,0.04666585102677345,1.2647120952606201,0.056032124906778336
Movies,43,prior_delta_gate,10,text,0.9375782012939453,0.04480922594666481,0.9788493514060974,0.043404608964920044
Movies,43,prior_delta_gate,10,visual,1.2304736375808716,0.04816986620426178,1.3770841360092163,0.06039874628186226
Movies,43,prior_delta_gate,11,text,0.9736993908882141,0.04652164876461029,1.0338730812072754,0.04668089374899864
Movies,43,prior_delta_gate,11,visual,1.3023731708526611,0.049457721412181854,1.4925709962844849,0.06472659111022949
Movies,43,prior_delta_gate,12,text,1.0065864324569702,0.0476364828646183,1.0854415893554688,0.05002083629369736
Movies,43,prior_delta_gate,12,visual,1.3695168495178223,0.050351906567811966,1.6025054454803467,0.0685650184750557
Movies,43,prior_delta_gate,13,text,1.037124514579773,0.04851675033569336,1.1368955373764038,0.05295268073678017
Movies,43,prior_delta_gate,13,visual,1.4347712993621826,0.05114460736513138,1.7115905284881592,0.0727832019329071
Movies,43,prior_delta_gate,14,text,1.0621201992034912,0.04988517984747887,1.190064549446106,0.0554947592318058
Movies,43,prior_delta_gate,14,visual,1.4918450117111206,0.05204937607049942,1.815301775932312,0.07569947093725204
Movies,43,prior_delta_gate,15,text,1.0843929052352905,0.051571886986494064,1.2440152168273926,0.05784046649932861
Movies,43,prior_delta_gate,15,visual,1.5437363386154175,0.05303430184721947,1.9184995889663696,0.07788608223199844
Movies,43,prior_delta_gate,16,text,1.1054303646087646,0.053001925349235535,1.2954127788543701,0.060177236795425415
Movies,43,prior_delta_gate,16,visual,1.5949764251708984,0.053835414350032806,2.019883632659912,0.08087732642889023
Movies,43,prior_delta_gate,17,text,1.1254698038101196,0.054008934646844864,1.346017837524414,0.06259948015213013
Movies,43,prior_delta_gate,17,visual,1.6448811292648315,0.054437242448329926,2.11946702003479,0.08395066857337952
Movies,43,prior_delta_gate,18,text,1.1437013149261475,0.05475679039955139,1.395560622215271,0.0650014877319336
Movies,43,prior_delta_gate,18,visual,1.6935431957244873,0.0548347607254982,2.2183008193969727,0.08715300261974335
Movies,43,prior_delta_gate,19,text,1.1606777906417847,0.05586036667227745,1.4436211585998535,0.0671546533703804
Movies,43,prior_delta_gate,19,visual,1.7399269342422485,0.05530060827732086,2.319164991378784,0.09033400565385818
Movies,43,prior_delta_gate,20,text,1.1764156818389893,0.057233892381191254,1.4902427196502686,0.06910327076911926
Movies,43,prior_delta_gate,20,visual,1.7853124141693115,0.05598914623260498,2.4242756366729736,0.0936744213104248
Movies,43,prior_delta_gate,21,text,1.190565586090088,0.058151356875896454,1.537239909172058,0.07123871892690659
Movies,43,prior_delta_gate,21,visual,1.8297182321548462,0.05648621916770935,2.5263476371765137,0.09707105159759521
Movies,43,prior_delta_gate,22,text,1.2040860652923584,0.05867758020758629,1.5844939947128296,0.0735081136226654
Movies,43,prior_delta_gate,22,visual,1.872928261756897,0.05684158205986023,2.626465082168579,0.10051195323467255
Movies,43,prior_delta_gate,23,text,1.2171735763549805,0.0593973845243454,1.6282070875167847,0.07553312927484512
Movies,43,prior_delta_gate,23,visual,1.9152204990386963,0.05719387158751488,2.728870153427124,0.10402403771877289
Movies,43,prior_delta_gate,24,text,1.2302677631378174,0.06024009734392166,1.6684653759002686,0.07734297960996628
Movies,43,prior_delta_gate,24,visual,1.9568699598312378,0.057490378618240356,2.833523988723755,0.10760047286748886
Movies,43,prior_delta_gate,25,text,1.2428933382034302,0.060589537024497986,1.7078914642333984,0.0791923850774765
Movies,43,prior_delta_gate,25,visual,1.998003602027893,0.05772734433412552,2.9376487731933594,0.11121029406785965
Movies,43,prior_delta_gate,26,text,1.2548487186431885,0.06091608852148056,1.7467485666275024,0.08104497939348221
Movies,43,prior_delta_gate,26,visual,2.038947343826294,0.05795401707291603,3.0406956672668457,0.11494188010692596
Movies,43,prior_delta_gate,27,text,1.2656323909759521,0.06153480336070061,1.782828688621521,0.08268103003501892
Movies,43,prior_delta_gate,27,visual,2.078930616378784,0.05850525572896004,3.1470577716827393,0.11882146447896957
Movies,43,prior_delta_gate,28,text,1.2774488925933838,0.062043264508247375,1.815853476524353,0.08414921909570694
Movies,43,prior_delta_gate,28,visual,2.118246078491211,0.05884530022740364,3.2513952255249023,0.12250825762748718
Movies,43,prior_delta_gate,29,text,1.2897090911865234,0.06234341114759445,1.846064567565918,0.08536405861377716
Movies,43,prior_delta_gate,29,visual,2.156083106994629,0.059288594871759415,3.354754686355591,0.12606357038021088
Movies,43,prior_delta_gate,30,text,1.302242398262024,0.06293536722660065,1.8738713264465332,0.08638818562030792
Movies,43,prior_delta_gate,30,visual,2.192626476287842,0.059689998626708984,3.456768274307251,0.1293632537126541
Movies,43,prior_delta_gate,31,text,1.3141050338745117,0.06356314569711685,1.9001847505569458,0.08723332732915878
Movies,43,prior_delta_gate,31,visual,2.228200912475586,0.060230858623981476,3.5582754611968994,0.13256283104419708
Movies,43,prior_delta_gate,32,text,1.326172947883606,0.06386122852563858,1.9254392385482788,0.08806430548429489
Movies,43,prior_delta_gate,32,visual,2.2623391151428223,0.06065479665994644,3.6564574241638184,0.13545937836170197
Movies,43,prior_delta_gate,33,text,1.3388522863388062,0.0641973614692688,1.9474126100540161,0.08867663890123367
Movies,43,prior_delta_gate,33,visual,2.294862985610962,0.06104952096939087,3.7527060508728027,0.1379346400499344
Movies,43,prior_delta_gate,34,text,1.3490517139434814,0.06473303586244583,1.9681580066680908,0.08925746381282806
Movies,43,prior_delta_gate,34,visual,2.32568097114563,0.06166982278227806,3.8500545024871826,0.14012496173381805
Movies,43,prior_delta_gate,35,text,1.359199047088623,0.06518535315990448,1.9889200925827026,0.08994118869304657
Movies,43,prior_delta_gate,35,visual,2.355266809463501,0.061957962810993195,3.9418132305145264,0.1418333202600479
Movies,43,prior_delta_gate,36,text,1.3686226606369019,0.06537308543920517,2.010403871536255,0.09074350446462631
Movies,43,prior_delta_gate,36,visual,2.382884979248047,0.06217536702752113,4.028743743896484,0.14330103993415833
Movies,43,prior_delta_gate,37,text,1.3775352239608765,0.06569773703813553,2.0304832458496094,0.09143609553575516
Movies,43,prior_delta_gate,37,visual,2.4086151123046875,0.06265408545732498,4.114943981170654,0.1446491777896881
Movies,43,prior_delta_gate,38,text,1.3871500492095947,0.06620638817548752,2.0482842922210693,0.09195328503847122
Movies,43,prior_delta_gate,38,visual,2.4330313205718994,0.06295879930257797,4.198179721832275,0.14558283984661102
Movies,43,prior_delta_gate,39,text,1.3964112997055054,0.0665183812379837,2.0647311210632324,0.09236560016870499
Movies,43,prior_delta_gate,39,visual,2.4556500911712646,0.06315930187702179,4.276901721954346,0.14596909284591675
Movies,43,prior_delta_gate,40,text,1.4048441648483276,0.06671323627233505,2.0800423622131348,0.09267722815275192
Movies,43,prior_delta_gate,40,visual,2.476759672164917,0.06359665840864182,4.3549909591674805,0.1463460922241211
Movies,43,prior_delta_gate,41,text,1.4133884906768799,0.0670883059501648,2.0953574180603027,0.09308402985334396
Movies,43,prior_delta_gate,41,visual,2.4969232082366943,0.06381227821111679,4.4291229248046875,0.1465427577495575
Movies,43,prior_delta_gate,42,text,1.4224070310592651,0.06762824207544327,2.110630512237549,0.09351047873497009
Movies,43,prior_delta_gate,42,visual,2.5168251991271973,0.0639110654592514,4.501309394836426,0.14675095677375793
Movies,43,prior_delta_gate,43,text,1.4301939010620117,0.06794088333845139,2.125697135925293,0.09389287233352661
Movies,43,prior_delta_gate,43,visual,2.534925699234009,0.06413622945547104,4.5704345703125,0.1467152088880539
Movies,43,prior_delta_gate,44,text,1.4376524686813354,0.06804376095533371,2.140106201171875,0.09416790306568146
Movies,43,prior_delta_gate,44,visual,2.5521647930145264,0.06439875066280365,4.636826992034912,0.14658521115779877
Movies,43,prior_delta_gate,45,text,1.446234107017517,0.06833916157484055,2.1527411937713623,0.09429580718278885
Movies,43,prior_delta_gate,45,visual,2.56902813911438,0.06455890834331512,4.701461315155029,0.14640018343925476
Movies,43,prior_delta_gate,46,text,1.4552046060562134,0.06891676783561707,2.164127826690674,0.09428248554468155
Movies,43,prior_delta_gate,46,visual,2.5859901905059814,0.06481476873159409,4.766232490539551,0.14637833833694458
Movies,43,prior_delta_gate,47,text,1.4623900651931763,0.06918857246637344,2.176449775695801,0.09444798529148102
Movies,43,prior_delta_gate,47,visual,2.6021103858947754,0.06512823700904846,4.827890872955322,0.14639858901500702
Movies,43,prior_delta_gate,48,text,1.46927809715271,0.06919604539871216,2.189695358276367,0.09474742412567139
Movies,43,prior_delta_gate,48,visual,2.6179447174072266,0.06534916907548904,4.887138843536377,0.14644445478916168
Movies,43,prior_delta_gate,49,text,1.4773938655853271,0.069525346159935,2.2015841007232666,0.09484724700450897
Movies,43,prior_delta_gate,49,visual,2.633416175842285,0.06563923507928848,4.946804523468018,0.14656047523021698
Movies,43,prior_delta_gate,50,text,1.486830711364746,0.06998413801193237,2.2124016284942627,0.09482382237911224
Movies,43,prior_delta_gate,50,visual,2.6498658657073975,0.06576845049858093,5.007450580596924,0.1468391865491867
Movies,43,prior_delta_gate,51,text,1.4945917129516602,0.07018771022558212,2.223602294921875,0.09482628107070923
Movies,43,prior_delta_gate,51,visual,2.665562391281128,0.06608329713344574,5.067591190338135,0.14703553915023804
Movies,43,prior_delta_gate,52,text,1.5020850896835327,0.07018537819385529,2.2352046966552734,0.09482631832361221
Movies,43,prior_delta_gate,52,visual,2.681057929992676,0.06634306162595749,5.126041889190674,0.1471816599369049
Movies,43,prior_delta_gate,53,text,1.5105394124984741,0.07043298333883286,2.246136426925659,0.09470178186893463
Movies,43,prior_delta_gate,53,visual,2.696260929107666,0.06682047992944717,5.184640407562256,0.1477067619562149
Movies,43,prior_delta_gate,54,text,1.520415186882019,0.07075954228639603,2.2569046020507812,0.09456001222133636
Movies,43,prior_delta_gate,54,visual,2.711740732192993,0.0670236274600029,5.2417826652526855,0.1481129229068756
Movies,43,prior_delta_gate,55,text,1.5301191806793213,0.0710289403796196,2.2681398391723633,0.09438528120517731
Movies,43,prior_delta_gate,55,visual,2.7271318435668945,0.06742647290229797,5.3008928298950195,0.1484491527080536
Movies,43,prior_delta_gate,56,text,1.5391484498977661,0.07113976776599884,2.2795324325561523,0.09424764662981033
Movies,43,prior_delta_gate,56,visual,2.742205858230591,0.06763474643230438,5.3571906089782715,0.1485747992992401
Movies,43,prior_delta_gate,57,text,1.547526478767395,0.07124418020248413,2.2906601428985596,0.09406401962041855
Movies,43,prior_delta_gate,57,visual,2.7559170722961426,0.0680968388915062,5.4131059646606445,0.1488334983587265
Movies,43,prior_delta_gate,58,text,1.5567131042480469,0.07131398469209671,2.301480293273926,0.09387559443712234
Movies,43,prior_delta_gate,58,visual,2.770456314086914,0.06831510365009308,5.468364238739014,0.1491185426712036
Movies,43,prior_delta_gate,59,text,1.5655817985534668,0.0715472549200058,2.3128230571746826,0.09363288432359695
Movies,43,prior_delta_gate,59,visual,2.7847800254821777,0.0687832459807396,5.524590969085693,0.14945438504219055
Movies,43,prior_delta_gate,60,text,1.574937105178833,0.07166018337011337,2.3240320682525635,0.0934402197599411
Movies,43,prior_delta_gate,60,visual,2.7995364665985107,0.0689963847398758,5.579882621765137,0.1495330035686493
Movies,43,prior_delta_gate,61,text,1.584755539894104,0.0718260109424591,2.335470199584961,0.0932113379240036
Movies,43,prior_delta_gate,61,visual,2.815260171890259,0.06943565607070923,5.63897705078125,0.1502155214548111
Movies,43,prior_delta_gate,62,text,1.5947444438934326,0.07194177061319351,2.3469512462615967,0.09296926856040955
Movies,43,prior_delta_gate,62,visual,2.8302769660949707,0.06957892328500748,5.69400691986084,0.1504545658826828
Movies,43,prior_delta_gate,63,text,1.6030808687210083,0.07194754481315613,2.3590219020843506,0.09278308600187302
Movies,43,prior_delta_gate,63,visual,2.8443288803100586,0.06983353197574615,5.748144626617432,0.15063829720020294
Movies,43,prior_delta_gate,64,text,1.6124398708343506,0.07195615023374557,2.3703420162200928,0.09243664145469666
Movies,43,prior_delta_gate,64,visual,2.857693672180176,0.07024271041154861,5.802535057067871,0.1509028971195221
Movies,43,prior_delta_gate,65,text,1.621925950050354,0.07206007838249207,2.3817408084869385,0.0920877680182457
Movies,43,prior_delta_gate,65,visual,2.8704874515533447,0.07044258713722229,5.8538618087768555,0.15071727335453033
Movies,43,prior_delta_gate,66,text,1.631178617477417,0.0723017156124115,2.3938348293304443,0.09178367257118225
Movies,43,prior_delta_gate,66,visual,2.8827569484710693,0.07072510570287704,5.904845714569092,0.1502237617969513
Movies,43,prior_delta_gate,67,text,1.6403754949569702,0.07243018597364426,2.4053244590759277,0.09162135422229767
Movies,43,prior_delta_gate,67,visual,2.8954079151153564,0.07095765322446823,5.956056118011475,0.14993004500865936
Movies,43,prior_delta_gate,68,text,1.6510006189346313,0.0726608857512474,2.4175920486450195,0.09122472256422043
Movies,43,prior_delta_gate,68,visual,2.9086990356445312,0.07115571200847626,6.008405685424805,0.14965856075286865
Movies,43,prior_delta_gate,69,text,1.6605881452560425,0.07270672917366028,2.4297232627868652,0.09082020819187164
Movies,43,prior_delta_gate,69,visual,2.920443058013916,0.07144664973020554,6.057967185974121,0.14931325614452362
Movies,43,prior_delta_gate,70,text,1.6710431575775146,0.07266342639923096,2.4423601627349854,0.09021221101284027
Movies,43,prior_delta_gate,70,visual,2.9325177669525146,0.07183791697025299,6.109084606170654,0.1492273509502411
Movies,43,prior_delta_gate,71,text,1.6822906732559204,0.0727987214922905,2.455493450164795,0.0896081030368805
Movies,43,prior_delta_gate,71,visual,2.944188117980957,0.07215887308120728,6.1587114334106445,0.1490630805492401
Movies,43,prior_delta_gate,72,text,1.694016933441162,0.07305468618869781,2.4691550731658936,0.08903917670249939
Movies,43,prior_delta_gate,72,visual,2.9554877281188965,0.07235759496688843,6.20802640914917,0.14869485795497894
Movies,43,prior_delta_gate,73,text,1.704177975654602,0.07319682091474533,2.482942581176758,0.08860901743173599
Movies,43,prior_delta_gate,73,visual,2.9662652015686035,0.07252169400453568,6.255239009857178,0.14808328449726105
Movies,43,prior_delta_gate,74,text,1.71394944190979,0.07326626032590866,2.4965856075286865,0.08815617114305496
Movies,43,prior_delta_gate,74,visual,2.976773738861084,0.0727454125881195,6.3015456199646,0.14740794897079468
Movies,43,prior_delta_gate,75,text,1.7243708372116089,0.07342356443405151,2.509877920150757,0.08769574016332626
Movies,43,prior_delta_gate,75,visual,2.986863374710083,0.07287482917308807,6.345531940460205,0.14677608013153076
Movies,43,prior_delta_gate,76,text,1.7352275848388672,0.07363003492355347,2.5233235359191895,0.08722338080406189
Movies,43,prior_delta_gate,76,visual,2.9971766471862793,0.07309552282094955,6.389439582824707,0.14650703966617584
Movies,43,prior_delta_gate,77,text,1.7440146207809448,0.0736958235502243,2.5363645553588867,0.08687271177768707
Movies,43,prior_delta_gate,77,visual,3.006667375564575,0.07335666567087173,6.430697441101074,0.1461646854877472
Movies,43,prior_delta_gate,78,text,1.7523218393325806,0.07360382378101349,2.549316644668579,0.08651299774646759
Movies,43,prior_delta_gate,78,visual,3.016068458557129,0.07356342673301697,6.471151828765869,0.14557522535324097
Movies,43,prior_delta_gate,79,text,1.7610851526260376,0.07366401702165604,2.562480926513672,0.08620931953191757
Movies,43,prior_delta_gate,79,visual,3.024603843688965,0.07384859025478363,6.510923862457275,0.14501845836639404
Movies,43,prior_update_add,0,text,0.0,0.0,0.0,0.0
Movies,43,prior_update_add,0,visual,0.0,0.0,0.0,0.0
Movies,43,prior_update_add,1,text,0.25584861636161804,0.01599912904202938,0.0,0.0
Movies,43,prior_update_add,1,visual,0.25584378838539124,0.01599900983273983,0.0,0.0
Movies,43,prior_update_add,2,text,0.3848467171192169,0.02395644038915634,0.0,0.0
Movies,43,prior_update_add,2,visual,0.3898414373397827,0.023848820477724075,0.0,0.0
Movies,43,prior_update_add,3,text,0.48044636845588684,0.029297752305865288,0.0,0.0
Movies,43,prior_update_add,3,visual,0.49963584542274475,0.02937360666692257,0.0,0.0
Movies,43,prior_update_add,4,text,0.5592489838600159,0.031984247267246246,0.0,0.0
Movies,43,prior_update_add,4,visual,0.6013538241386414,0.03275121748447418,0.0,0.0
Movies,43,prior_update_add,5,text,0.6356375813484192,0.03366938605904579,0.0,0.0
Movies,43,prior_update_add,5,visual,0.7069874405860901,0.0350353941321373,0.0,0.0
Movies,43,prior_update_add,6,text,0.7084611654281616,0.0355147160589695,0.0,0.0
Movies,43,prior_update_add,6,visual,0.80922931432724,0.03712092339992523,0.0,0.0
Movies,43,prior_update_add,7,text,0.7701899409294128,0.03770904242992401,0.0,0.0
Movies,43,prior_update_add,7,visual,0.8992438912391663,0.03944447636604309,0.0,0.0
Movies,43,prior_update_add,8,text,0.8166280388832092,0.039867378771305084,0.0,0.0
Movies,43,prior_update_add,8,visual,0.9787214398384094,0.04126443341374397,0.0,0.0
Movies,43,prior_update_add,9,text,0.8573195338249207,0.04223962873220444,0.0,0.0
Movies,43,prior_update_add,9,visual,1.046474814414978,0.042722586542367935,0.0,0.0
Movies,43,prior_update_add,10,text,0.893835723400116,0.043737106025218964,0.0,0.0
Movies,43,prior_update_add,10,visual,1.108865737915039,0.043770819902420044,0.0,0.0
Movies,43,prior_update_add,11,text,0.9292395114898682,0.044815678149461746,0.0,0.0
Movies,43,prior_update_add,11,visual,1.1690990924835205,0.0444948785007,0.0,0.0
Movies,43,prior_update_add,12,text,0.9638946056365967,0.04578752443194389,0.0,0.0
Movies,43,prior_update_add,12,visual,1.2284098863601685,0.04506596177816391,0.0,0.0
Movies,43,prior_update_add,13,text,0.9955983757972717,0.046919580549001694,0.0,0.0
Movies,43,prior_update_add,13,visual,1.286647081375122,0.04581661894917488,0.0,0.0
Movies,43,prior_update_add,14,text,1.0226935148239136,0.04789381101727486,0.0,0.0
Movies,43,prior_update_add,14,visual,1.3443530797958374,0.046616192907094955,0.0,0.0
Movies,43,prior_update_add,15,text,1.0483980178833008,0.049070075154304504,0.0,0.0
Movies,43,prior_update_add,15,visual,1.4019114971160889,0.047213684767484665,0.0,0.0
Movies,43,prior_update_add,16,text,1.0740917921066284,0.05004466697573662,0.0,0.0
Movies,43,prior_update_add,16,visual,1.459639310836792,0.04761955514550209,0.0,0.0
Movies,43,prior_update_add,17,text,1.0950651168823242,0.05112318694591522,0.0,0.0
Movies,43,prior_update_add,17,visual,1.513872504234314,0.0483223982155323,0.0,0.0
Movies,43,prior_update_add,18,text,1.1129916906356812,0.05176188051700592,0.0,0.0
Movies,43,prior_update_add,18,visual,1.565970778465271,0.04888211935758591,0.0,0.0
Movies,43,prior_update_add,19,text,1.1297670602798462,0.05267513543367386,0.0,0.0
Movies,43,prior_update_add,19,visual,1.616397738456726,0.04937082156538963,0.0,0.0
Movies,43,prior_update_add,20,text,1.1443787813186646,0.0535690002143383,0.0,0.0
Movies,43,prior_update_add,20,visual,1.6640218496322632,0.049767546355724335,0.0,0.0
Movies,43,prior_update_add,21,text,1.1587423086166382,0.05415801331400871,0.0,0.0
Movies,43,prior_update_add,21,visual,1.711442470550537,0.04996654391288757,0.0,0.0
Movies,43,prior_update_add,22,text,1.172242522239685,0.05480945482850075,0.0,0.0
Movies,43,prior_update_add,22,visual,1.7551816701889038,0.050398070365190506,0.0,0.0
Movies,43,prior_update_add,23,text,1.18522310256958,0.055079057812690735,0.0,0.0
Movies,43,prior_update_add,23,visual,1.7968014478683472,0.0507645308971405,0.0,0.0
Movies,43,prior_update_add,24,text,1.198024868965149,0.0556180365383625,0.0,0.0
Movies,43,prior_update_add,24,visual,1.8357172012329102,0.05103261023759842,0.0,0.0
Movies,43,prior_update_add,25,text,1.2112177610397339,0.05601144954562187,0.0,0.0
Movies,43,prior_update_add,25,visual,1.8736040592193604,0.05117034167051315,0.0,0.0
Movies,43,prior_update_add,26,text,1.223081350326538,0.05653480440378189,0.0,0.0
Movies,43,prior_update_add,26,visual,1.90797758102417,0.05161217972636223,0.0,0.0
Movies,43,prior_update_add,27,text,1.2331806421279907,0.05679185688495636,0.0,0.0
Movies,43,prior_update_add,27,visual,1.9407026767730713,0.052068158984184265,0.0,0.0
Movies,43,prior_update_add,28,text,1.2432185411453247,0.057146936655044556,0.0,0.0
Movies,43,prior_update_add,28,visual,1.9725090265274048,0.05231210216879845,0.0,0.0
Movies,43,prior_update_add,29,text,1.2527365684509277,0.057857874780893326,0.0,0.0
Movies,43,prior_update_add,29,visual,2.00260329246521,0.05252979323267937,0.0,0.0
Movies,43,prior_update_add,30,text,1.2617377042770386,0.05824251472949982,0.0,0.0
Movies,43,prior_update_add,30,visual,2.030778646469116,0.05268266424536705,0.0,0.0
Movies,43,prior_update_add,31,text,1.269264817237854,0.05838911607861519,0.0,0.0
Movies,43,prior_update_add,31,visual,2.056361436843872,0.0530724860727787,0.0,0.0
Movies,43,prior_update_add,32,text,1.2765626907348633,0.058756954967975616,0.0,0.0
Movies,43,prior_update_add,32,visual,2.0799880027770996,0.05347394570708275,0.0,0.0
Movies,43,prior_update_add,33,text,1.2839255332946777,0.05917668342590332,0.0,0.0
Movies,43,prior_update_add,33,visual,2.102155923843384,0.05354610085487366,0.0,0.0
Movies,43,prior_update_add,34,text,1.2905514240264893,0.05937386676669121,0.0,0.0
Movies,43,prior_update_add,34,visual,2.1219701766967773,0.05357367917895317,0.0,0.0
Movies,43,prior_update_add,35,text,1.2960985898971558,0.059580571949481964,0.0,0.0
Movies,43,prior_update_add,35,visual,2.1384103298187256,0.053805772215127945,0.0,0.0
Movies,43,prior_update_add,36,text,1.3019919395446777,0.060003139078617096,0.0,0.0
Movies,43,prior_update_add,36,visual,2.153925657272339,0.0539940670132637,0.0,0.0
Movies,43,prior_update_add,37,text,1.3078316450119019,0.06041381135582924,0.0,0.0
Movies,43,prior_update_add,37,visual,2.169341802597046,0.05421735346317291,0.0,0.0
Movies,43,prior_update_add,38,text,1.3130202293395996,0.06069154664874077,0.0,0.0
Movies,43,prior_update_add,38,visual,2.183629274368286,0.05457887798547745,0.0,0.0
Movies,43,prior_update_add,39,text,1.3178040981292725,0.060941439121961594,0.0,0.0
Movies,43,prior_update_add,39,visual,2.1964807510375977,0.05480519309639931,0.0,0.0
Movies,43,prior_update_add,40,text,1.3226619958877563,0.061183471232652664,0.0,0.0
Movies,43,prior_update_add,40,visual,2.208162546157837,0.05495006591081619,0.0,0.0
Movies,43,prior_update_add,41,text,1.3283343315124512,0.06139516830444336,0.0,0.0
Movies,43,prior_update_add,41,visual,2.2197017669677734,0.0549498125910759,0.0,0.0
Movies,43,prior_update_add,42,text,1.3331154584884644,0.06176721304655075,0.0,0.0
Movies,43,prior_update_add,42,visual,2.229832887649536,0.05504162982106209,0.0,0.0
Movies,43,prior_update_add,43,text,1.3364932537078857,0.062095142900943756,0.0,0.0
Movies,43,prior_update_add,43,visual,2.2387750148773193,0.055288802832365036,0.0,0.0
Movies,43,prior_update_add,44,text,1.3393335342407227,0.06222013011574745,0.0,0.0
Movies,43,prior_update_add,44,visual,2.2481796741485596,0.05555038899183273,0.0,0.0
Movies,43,prior_update_add,45,text,1.3423632383346558,0.06232544779777527,0.0,0.0
Movies,43,prior_update_add,45,visual,2.257960796356201,0.05561868101358414,0.0,0.0
Movies,43,prior_update_add,46,text,1.3463410139083862,0.06259212642908096,0.0,0.0
Movies,43,prior_update_add,46,visual,2.2659783363342285,0.05579715967178345,0.0,0.0
Movies,43,prior_update_add,47,text,1.3505882024765015,0.06274142861366272,0.0,0.0
Movies,43,prior_update_add,47,visual,2.273923873901367,0.055833589285612106,0.0,0.0
Movies,43,prior_update_add,48,text,1.3550689220428467,0.06304435431957245,0.0,0.0
Movies,43,prior_update_add,48,visual,2.2818973064422607,0.05608582869172096,0.0,0.0
Movies,43,prior_update_add,49,text,1.358866572380066,0.06312506645917892,0.0,0.0
Movies,43,prior_update_add,49,visual,2.2899088859558105,0.05599344149231911,0.0,0.0
Movies,43,prior_update_add,50,text,1.3618777990341187,0.06311741471290588,0.0,0.0
Movies,43,prior_update_add,50,visual,2.297206163406372,0.056200120598077774,0.0,0.0
Movies,43,prior_update_add,51,text,1.3651372194290161,0.0631817877292633,0.0,0.0
Movies,43,prior_update_add,51,visual,2.3056983947753906,0.056520551443099976,0.0,0.0
Movies,43,prior_update_add,52,text,1.3689022064208984,0.06318092346191406,0.0,0.0
Movies,43,prior_update_add,52,visual,2.3138813972473145,0.05647551640868187,0.0,0.0
Movies,43,prior_update_add,53,text,1.3725459575653076,0.06332136690616608,0.0,0.0
Movies,43,prior_update_add,53,visual,2.320753335952759,0.05659583583474159,0.0,0.0
Movies,43,prior_update_add,54,text,1.3762645721435547,0.06337765604257584,0.0,0.0
Movies,43,prior_update_add,54,visual,2.3277289867401123,0.05674654617905617,0.0,0.0
Movies,43,prior_update_add,55,text,1.380653738975525,0.06365154683589935,0.0,0.0
Movies,43,prior_update_add,55,visual,2.334939479827881,0.056882839649915695,0.0,0.0
Movies,43,prior_update_add,56,text,1.3846731185913086,0.06391488015651703,0.0,0.0
Movies,43,prior_update_add,56,visual,2.3418946266174316,0.057245884090662,0.0,0.0
Movies,43,prior_update_add,57,text,1.3880083560943604,0.06388454884290695,0.0,0.0
Movies,43,prior_update_add,57,visual,2.3489341735839844,0.05723508819937706,0.0,0.0
Movies,43,prior_update_add,58,text,1.3915481567382812,0.06403455138206482,0.0,0.0
Movies,43,prior_update_add,58,visual,2.355074167251587,0.05749155208468437,0.0,0.0
Movies,43,prior_update_add,59,text,1.3953509330749512,0.06396077573299408,0.0,0.0
Movies,43,prior_update_add,59,visual,2.3625659942626953,0.05739523842930794,0.0,0.0
Movies,43,prior_update_add,60,text,1.3993431329727173,0.06411382555961609,0.0,0.0
Movies,43,prior_update_add,60,visual,2.3690576553344727,0.057645052671432495,0.0,0.0
Movies,43,prior_update_add,61,text,1.4032686948776245,0.06410621851682663,0.0,0.0
Movies,43,prior_update_add,61,visual,2.375701904296875,0.057573944330215454,0.0,0.0
Movies,43,prior_update_add,62,text,1.4083296060562134,0.0642957016825676,0.0,0.0
Movies,43,prior_update_add,62,visual,2.3825271129608154,0.05764833465218544,0.0,0.0
Movies,43,prior_update_add,63,text,1.411461353302002,0.06427442282438278,0.0,0.0
Movies,43,prior_update_add,63,visual,2.3896377086639404,0.05765184015035629,0.0,0.0
Movies,43,prior_update_add,64,text,1.414801836013794,0.06426283717155457,0.0,0.0
Movies,43,prior_update_add,64,visual,2.396629810333252,0.057864878326654434,0.0,0.0
Movies,43,prior_update_add,65,text,1.4185454845428467,0.06422905623912811,0.0,0.0
Movies,43,prior_update_add,65,visual,2.403251886367798,0.05780601501464844,0.0,0.0
Movies,43,prior_update_add,66,text,1.4218662977218628,0.06442587822675705,0.0,0.0
Movies,43,prior_update_add,66,visual,2.408827543258667,0.0580226369202137,0.0,0.0
Movies,43,prior_update_add,67,text,1.4250041246414185,0.06434621661901474,0.0,0.0
Movies,43,prior_update_add,67,visual,2.4142496585845947,0.057916052639484406,0.0,0.0
Movies,43,prior_update_add,68,text,1.428884506225586,0.06444232165813446,0.0,0.0
Movies,43,prior_update_add,68,visual,2.41972017288208,0.057983819395303726,0.0,0.0
Movies,43,prior_update_add,69,text,1.432134985923767,0.06430774927139282,0.0,0.0
Movies,43,prior_update_add,69,visual,2.425584077835083,0.0579703152179718,0.0,0.0
Movies,43,prior_update_add,70,text,1.4360535144805908,0.06444182246923447,0.0,0.0
Movies,43,prior_update_add,70,visual,2.4310054779052734,0.05813828483223915,0.0,0.0
Movies,43,prior_update_add,71,text,1.4401967525482178,0.06446442008018494,0.0,0.0
Movies,43,prior_update_add,71,visual,2.4370064735412598,0.0580381415784359,0.0,0.0
Movies,43,prior_update_add,72,text,1.4428750276565552,0.06446299701929092,0.0,0.0
Movies,43,prior_update_add,72,visual,2.4418227672576904,0.05814627930521965,0.0,0.0
Movies,43,prior_update_add,73,text,1.4460182189941406,0.06443583965301514,0.0,0.0
Movies,43,prior_update_add,73,visual,2.4476122856140137,0.05817630514502525,0.0,0.0
Movies,43,prior_update_add,74,text,1.4497179985046387,0.06436768174171448,0.0,0.0
Movies,43,prior_update_add,74,visual,2.453671932220459,0.05805559828877449,0.0,0.0
Movies,43,prior_update_add,75,text,1.4535107612609863,0.06453538686037064,0.0,0.0
Movies,43,prior_update_add,75,visual,2.4587182998657227,0.05823647975921631,0.0,0.0
Movies,43,prior_update_add,76,text,1.4571492671966553,0.06462841480970383,0.0,0.0
Movies,43,prior_update_add,76,visual,2.4633750915527344,0.058340419083833694,0.0,0.0
Movies,43,prior_update_add,77,text,1.4613174200057983,0.06475652754306793,0.0,0.0
Movies,43,prior_update_add,77,visual,2.4688303470611572,0.058378707617521286,0.0,0.0
Movies,43,prior_update_add,78,text,1.4643737077713013,0.06478817015886307,0.0,0.0
Movies,43,prior_update_add,78,visual,2.4732537269592285,0.058567244559526443,0.0,0.0
Movies,43,prior_update_add,79,text,1.4684566259384155,0.06473208963871002,0.0,0.0
Movies,43,prior_update_add,79,visual,2.4779210090637207,0.05857287347316742,0.0,0.0
Movies,43,prior_update_add,80,text,1.4726264476776123,0.06479951739311218,0.0,0.0
Movies,43,prior_update_add,80,visual,2.481996774673462,0.058663833886384964,0.0,0.0
Movies,43,prior_update_add,81,text,1.4768427610397339,0.06471486389636993,0.0,0.0
Movies,43,prior_update_add,81,visual,2.486823558807373,0.05857662856578827,0.0,0.0
Movies,43,prior_update_add,82,text,1.481608271598816,0.06487587094306946,0.0,0.0
Movies,43,prior_update_add,82,visual,2.4910953044891357,0.05870183929800987,0.0,0.0
Movies,43,prior_update_add,83,text,1.486217975616455,0.06496585160493851,0.0,0.0
Movies,43,prior_update_add,83,visual,2.4952127933502197,0.058745454996824265,0.0,0.0
Movies,43,prior_update_add,84,text,1.4901180267333984,0.06493844836950302,0.0,0.0
Movies,43,prior_update_add,84,visual,2.499325752258301,0.05889037996530533,0.0,0.0
Movies,43,prior_update_add,85,text,1.494757890701294,0.06503759324550629,0.0,0.0
Movies,43,prior_update_add,85,visual,2.50392484664917,0.05891696363687515,0.0,0.0
Movies,43,prior_update_add,86,text,1.498643398284912,0.0649702250957489,0.0,0.0
Movies,43,prior_update_add,86,visual,2.5076637268066406,0.058902233839035034,0.0,0.0
Movies,43,prior_update_add,87,text,1.5033600330352783,0.06511565297842026,0.0,0.0
Movies,43,prior_update_add,87,visual,2.511338710784912,0.059042297303676605,0.0,0.0
Movies,43,prior_update_add,88,text,1.5075526237487793,0.065068818628788,0.0,0.0
Movies,43,prior_update_add,88,visual,2.5153377056121826,0.058964721858501434,0.0,0.0
Movies,43,prior_update_add,89,text,1.5108799934387207,0.0650484710931778,0.0,0.0
Movies,43,prior_update_add,89,visual,2.5189661979675293,0.05916738882660866,0.0,0.0
Movies,43,prior_update_add,90,text,1.5150861740112305,0.06509970873594284,0.0,0.0
Movies,43,prior_update_add,90,visual,2.5230984687805176,0.05914482846856117,0.0,0.0
Movies,43,prior_update_add,91,text,1.5189776420593262,0.06507080048322678,0.0,0.0
Movies,43,prior_update_add,91,visual,2.526580572128296,0.05917119234800339,0.0,0.0
Movies,43,prior_update_add,92,text,1.5236356258392334,0.0652465745806694,0.0,0.0
Movies,43,prior_update_add,92,visual,2.5299949645996094,0.05933467298746109,0.0,0.0
Movies,43,prior_update_add,93,text,1.5281703472137451,0.06526217609643936,0.0,0.0
Movies,43,prior_update_add,93,visual,2.5341243743896484,0.059312306344509125,0.0,0.0
Movies,43,prior_update_gate,0,text,0.0,0.0,0.0,0.0
Movies,43,prior_update_gate,0,visual,0.0,0.0,0.0,0.0
Movies,43,prior_update_gate,1,text,0.25572866201400757,0.015998296439647675,0.0,0.0
Movies,43,prior_update_gate,1,visual,0.2557193338871002,0.01599806174635887,0.0,0.0
Movies,43,prior_update_gate,2,text,0.3936072885990143,0.02462342381477356,0.2634961009025574,0.011862804181873798
Movies,43,prior_update_gate,2,visual,0.39744672179222107,0.024421067908406258,0.2618448734283447,0.011832177639007568
Movies,43,prior_update_gate,3,text,0.4903867244720459,0.03007468581199646,0.4033900499343872,0.017740458250045776
Movies,43,prior_update_gate,3,visual,0.5158209204673767,0.030327383428812027,0.41771218180656433,0.01734449528157711
Movies,43,prior_update_gate,4,text,0.5693194270133972,0.03310924395918846,0.5233410000801086,0.0221050176769495
Movies,43,prior_update_gate,4,visual,0.6293378472328186,0.034184135496616364,0.5651321411132812,0.022723501548171043
Movies,43,prior_update_gate,5,text,0.646460771560669,0.035058408975601196,0.6318221092224121,0.02573651820421219
Movies,43,prior_update_gate,5,visual,0.744753897190094,0.03705471009016037,0.71425861120224,0.02972669154405594
Movies,43,prior_update_gate,6,text,0.7249313592910767,0.03702206537127495,0.7266050577163696,0.029405254870653152
Movies,43,prior_update_gate,6,visual,0.8620150685310364,0.03974824398756027,0.8704959154129028,0.03815990686416626
Movies,43,prior_update_gate,7,text,0.8044151663780212,0.03926411271095276,0.8200719356536865,0.03364194184541702
Movies,43,prior_update_gate,7,visual,0.9740609526634216,0.04271890968084335,1.0268255472183228,0.04662984982132912
Movies,43,prior_update_gate,8,text,0.8760116100311279,0.041740212589502335,0.9021109938621521,0.03796776384115219
Movies,43,prior_update_gate,8,visual,1.0750013589859009,0.04540430009365082,1.172293782234192,0.053926654160022736
Movies,43,prior_update_gate,9,text,0.9264618158340454,0.04349954426288605,0.9531144499778748,0.04187782481312752
Movies,43,prior_update_gate,9,visual,1.1666496992111206,0.04747023805975914,1.3074136972427368,0.060590118169784546
Movies,43,prior_update_gate,10,text,0.9726980328559875,0.04552806168794632,1.0136020183563232,0.04504232108592987
Movies,43,prior_update_gate,10,visual,1.244828224182129,0.04917372763156891,1.427674651145935,0.06546418368816376
Movies,43,prior_update_gate,11,text,1.0118263959884644,0.04682045057415962,1.0630711317062378,0.048186980187892914
Movies,43,prior_update_gate,11,visual,1.3202601671218872,0.050189267843961716,1.5426362752914429,0.07016556710004807
Movies,43,prior_update_gate,12,text,1.0486985445022583,0.0482182577252388,1.117638111114502,0.05092097818851471
Movies,43,prior_update_gate,12,visual,1.3936958312988281,0.051286134868860245,1.6587227582931519,0.07507462054491043
Movies,43,prior_update_gate,13,text,1.0823177099227905,0.05003778263926506,1.1748684644699097,0.05323578789830208
Movies,43,prior_update_gate,13,visual,1.464597463607788,0.052572667598724365,1.776828408241272,0.08001292496919632
Movies,43,prior_update_gate,14,text,1.1120001077651978,0.051365431398153305,1.2265186309814453,0.055407337844371796
Movies,43,prior_update_gate,14,visual,1.5346496105194092,0.05359054356813431,1.8967558145523071,0.08530872315168381
Movies,43,prior_update_gate,15,text,1.1402150392532349,0.052739594131708145,1.2789326906204224,0.05744483321905136
Movies,43,prior_update_gate,15,visual,1.6033834218978882,0.054396435618400574,2.018721342086792,0.09077748656272888
Movies,43,prior_update_gate,16,text,1.165254831314087,0.05419395864009857,1.3309745788574219,0.05941873788833618
Movies,43,prior_update_gate,16,visual,1.6694151163101196,0.05530202388763428,2.142639398574829,0.09621452540159225
Movies,43,prior_update_gate,17,text,1.1888667345046997,0.055149927735328674,1.3807084560394287,0.061463870108127594
Movies,43,prior_update_gate,17,visual,1.7331678867340088,0.05601755529642105,2.2663779258728027,0.10157317668199539
Movies,43,prior_update_gate,18,text,1.212337851524353,0.05616823211312294,1.4300835132598877,0.06346891075372696
Movies,43,prior_update_gate,18,visual,1.7960259914398193,0.056605998426675797,2.388843059539795,0.10690487176179886
Movies,43,prior_update_gate,19,text,1.2312192916870117,0.057442035526037216,1.4777876138687134,0.06529956310987473
Movies,43,prior_update_gate,19,visual,1.8564952611923218,0.05754627659916878,2.5127458572387695,0.11216318607330322
Movies,43,prior_update_gate,20,text,1.2490251064300537,0.058280859142541885,1.5238280296325684,0.06714390218257904
Movies,43,prior_update_gate,20,visual,1.9134461879730225,0.05829085409641266,2.631950855255127,0.11693306267261505
Movies,43,prior_update_gate,21,text,1.2671006917953491,0.05903211981058121,1.5675708055496216,0.06889840960502625
Movies,43,prior_update_gate,21,visual,1.9697232246398926,0.05878933146595955,2.749783515930176,0.12174513190984726
Movies,43,prior_update_gate,22,text,1.2838599681854248,0.06001781299710274,1.609072208404541,0.07047607749700546
Movies,43,prior_update_gate,22,visual,2.0220158100128174,0.059367768466472626,2.8638863563537598,0.12609796226024628
Movies,43,prior_update_gate,23,text,1.298849105834961,0.060336869210004807,1.649278163909912,0.07211187481880188
Movies,43,prior_update_gate,23,visual,2.072746515274048,0.059725940227508545,2.976046562194824,0.13063497841358185
Movies,43,prior_update_gate,24,text,1.3137956857681274,0.06075255572795868,1.6865192651748657,0.07352026551961899
Movies,43,prior_update_gate,24,visual,2.122478723526001,0.06001114100217819,3.088444232940674,0.13508787751197815
Movies,43,prior_update_gate,25,text,1.3284552097320557,0.06136774644255638,1.721143364906311,0.07470132410526276
Movies,43,prior_update_gate,25,visual,2.169034004211426,0.060607798397541046,3.2003066539764404,0.13892246782779694
Movies,43,prior_update_gate,26,text,1.3427776098251343,0.06177952140569687,1.7548342943191528,0.0760333463549614
Movies,43,prior_update_gate,26,visual,2.214388132095337,0.06093427166342735,3.3083441257476807,0.14245517551898956
Movies,43,prior_update_gate,27,text,1.3560519218444824,0.062448710203170776,1.7870391607284546,0.07725968211889267
Movies,43,prior_update_gate,27,visual,2.2567310333251953,0.06147328019142151,3.415761709213257,0.14554770290851593
Movies,43,prior_update_gate,28,text,1.3688966035842896,0.06277311593294144,1.8167600631713867,0.07836190611124039
Movies,43,prior_update_gate,28,visual,2.2972569465637207,0.061908237636089325,3.5219178199768066,0.14820991456508636
Movies,43,prior_update_gate,29,text,1.3810937404632568,0.06346358358860016,1.8441228866577148,0.07924327999353409
Movies,43,prior_update_gate,29,visual,2.335453748703003,0.06238085404038429,3.62617826461792,0.1504736840724945
Movies,43,prior_update_gate,30,text,1.3919531106948853,0.06377097219228745,1.871527075767517,0.0801863744854927
Movies,43,prior_update_gate,30,visual,2.371490001678467,0.0628376230597496,3.7278571128845215,0.15239118039608002
Movies,43,prior_update_gate,31,text,1.4033347368240356,0.06428898870944977,1.8973383903503418,0.08103765547275543
Movies,43,prior_update_gate,31,visual,2.4067869186401367,0.06324268132448196,3.8280367851257324,0.15421514213085175
Movies,43,prior_update_gate,32,text,1.411789059638977,0.06466164439916611,1.9221282005310059,0.08181457221508026
Movies,43,prior_update_gate,32,visual,2.43872332572937,0.06383604556322098,3.926917314529419,0.1554442197084427
Movies,43,prior_update_gate,33,text,1.4214129447937012,0.06500180810689926,1.945911169052124,0.08256364613771439
Movies,43,prior_update_gate,33,visual,2.4698171615600586,0.06398453563451767,4.020938873291016,0.15634563565254211
Movies,43,prior_update_gate,34,text,1.4311809539794922,0.06547081470489502,1.9682127237319946,0.08314495533704758
Movies,43,prior_update_gate,34,visual,2.498427391052246,0.06438079476356506,4.113711833953857,0.157082661986351
Movies,43,prior_update_gate,35,text,1.44013249874115,0.0656777173280716,1.9909820556640625,0.08377973735332489
Movies,43,prior_update_gate,35,visual,2.525348424911499,0.06468665599822998,4.203906536102295,0.157540962100029
Movies,43,prior_update_gate,36,text,1.4501433372497559,0.06624186038970947,2.012247085571289,0.08416138589382172
Movies,43,prior_update_gate,36,visual,2.5508222579956055,0.06500086933374405,4.291897773742676,0.15749205648899078
Movies,43,prior_update_gate,37,text,1.460052251815796,0.06656953692436218,2.032662868499756,0.0845375657081604
Movies,43,prior_update_gate,37,visual,2.5750129222869873,0.06529821455478668,4.377638339996338,0.15731586515903473
Movies,43,prior_update_gate,38,text,1.468807339668274,0.06691678613424301,2.0530946254730225,0.0848940759897232
Movies,43,prior_update_gate,38,visual,2.596644401550293,0.06586389988660812,4.461660861968994,0.15686742961406708
Movies,43,prior_update_gate,39,text,1.4779205322265625,0.06714530289173126,2.073279857635498,0.0853547677397728
Movies,43,prior_update_gate,39,visual,2.617602825164795,0.0659799873828888,4.540287494659424,0.1561131775379181
Movies,43,prior_update_gate,40,text,1.4877833127975464,0.06744913756847382,2.092273473739624,0.08576536923646927
Movies,43,prior_update_gate,40,visual,2.639064073562622,0.06584035605192184,4.616786479949951,0.15541015565395355
Movies,43,prior_update_gate,41,text,1.4960304498672485,0.0678662583231926,2.1106228828430176,0.0861382856965065
Movies,43,prior_update_gate,41,visual,2.657322645187378,0.06604292243719101,4.689761638641357,0.15439866483211517
Movies,43,prior_update_gate,42,text,1.5026459693908691,0.06817499548196793,2.128770589828491,0.08648892492055893
Movies,43,prior_update_gate,42,visual,2.672515869140625,0.06646393984556198,4.759040832519531,0.15305769443511963
Movies,43,prior_update_gate,43,text,1.5092291831970215,0.06824473291635513,2.1475887298583984,0.08686796575784683
Movies,43,prior_update_gate,43,visual,2.6877875328063965,0.06676027178764343,4.826958179473877,0.15174224972724915
Movies,43,prior_update_gate,44,text,1.5164965391159058,0.06855244189500809,2.1652095317840576,0.08714352548122406
Movies,43,prior_update_gate,44,visual,2.701941967010498,0.06693777441978455,4.890425682067871,0.1501590460538864
Movies,43,prior_update_gate,45,text,1.5244234800338745,0.06904773414134979,2.1813788414001465,0.08733420073986053
Movies,43,prior_update_gate,45,visual,2.7152698040008545,0.06698355078697205,4.950408458709717,0.14835336804389954
Movies,43,prior_update_gate,46,text,1.5319533348083496,0.06931271404027939,2.1969244480133057,0.08760378509759903
Movies,43,prior_update_gate,46,visual,2.728180408477783,0.06690225005149841,5.007625579833984,0.14680902659893036
Movies,43,prior_update_gate,47,text,1.5377017259597778,0.06946807354688644,2.212923765182495,0.08798187971115112
Movies,43,prior_update_gate,47,visual,2.739854335784912,0.06715478003025055,5.063863754272461,0.14534732699394226
Movies,43,prior_update_gate,48,text,1.5424717664718628,0.06968618929386139,2.229984998703003,0.08829368650913239
Movies,43,prior_update_gate,48,visual,2.750545024871826,0.06764131784439087,5.119884014129639,0.14384330809116364
Movies,43,prior_update_gate,49,text,1.547210693359375,0.06972717493772507,2.2475099563598633,0.08883335441350937
Movies,43,prior_update_gate,49,visual,2.762096405029297,0.06772267818450928,5.174365043640137,0.14244112372398376
Movies,43,prior_update_gate,50,text,1.553357481956482,0.06994221359491348,2.2642292976379395,0.08934473246335983
Movies,43,prior_update_gate,50,visual,2.774527072906494,0.06766486912965775,5.2278900146484375,0.14130671322345734
Movies,43,prior_update_gate,51,text,1.5593472719192505,0.07032947242259979,2.280409812927246,0.08973880857229233
Movies,43,prior_update_gate,51,visual,2.7861673831939697,0.06783551722764969,5.279987812042236,0.14031381905078888
Movies,43,prior_update_gate,52,text,1.5652360916137695,0.07046584784984589,2.296215057373047,0.09002219140529633
Movies,43,prior_update_gate,52,visual,2.7970407009124756,0.06804701685905457,5.330690860748291,0.13929574191570282
Movies,43,prior_update_gate,53,text,1.5714040994644165,0.07071170955896378,2.3121747970581055,0.09014272689819336
Movies,43,prior_update_gate,53,visual,2.807908535003662,0.06854899227619171,5.382599353790283,0.1383267194032669
Movies,43,prior_update_gate,54,text,1.5770949125289917,0.07083983719348907,2.3280131816864014,0.09035683423280716
Movies,43,prior_update_gate,54,visual,2.8186519145965576,0.06884989142417908,5.432497501373291,0.13735328614711761
Movies,43,prior_update_gate,55,text,1.5837994813919067,0.07104097306728363,2.344122886657715,0.09065914154052734
Movies,43,prior_update_gate,55,visual,2.8314008712768555,0.06893257051706314,5.483776569366455,0.13673503696918488
Movies,43,prior_update_gate,56,text,1.590864658355713,0.07126225531101227,2.360522747039795,0.0909343734383583
Movies,43,prior_update_gate,56,visual,2.8443562984466553,0.06914124637842178,5.535552501678467,0.1363082081079483
Movies,43,prior_update_gate,57,text,1.596760630607605,0.07122848182916641,2.3771231174468994,0.0912097841501236
Movies,43,prior_update_gate,57,visual,2.8551182746887207,0.06934468448162079,5.5839080810546875,0.1357029527425766
Movies,43,prior_update_gate,58,text,1.6023157835006714,0.07132255285978317,2.3934645652770996,0.09127411246299744
Movies,43,prior_update_gate,58,visual,2.863982915878296,0.06978192180395126,5.631253242492676,0.13469302654266357
Movies,43,prior_update_gate,59,text,1.608527660369873,0.07153081893920898,2.4090590476989746,0.09135511517524719
Movies,43,prior_update_gate,59,visual,2.8733086585998535,0.07018131762742996,5.678347587585449,0.1338101327419281
Movies,43,prior_update_gate,60,text,1.615031361579895,0.07159166038036346,2.424609422683716,0.09162794053554535
Movies,43,prior_update_gate,60,visual,2.882983684539795,0.07028979063034058,5.725116729736328,0.1328478306531906
Movies,43,prior_update_gate,61,text,1.6207109689712524,0.07177741080522537,2.4404540061950684,0.09196067601442337
Movies,43,prior_update_gate,61,visual,2.8916993141174316,0.07047735899686813,5.770754337310791,0.13174228370189667
Movies,43,prior_update_gate,62,text,1.6254090070724487,0.07197396457195282,2.45707368850708,0.09218524396419525
Movies,43,prior_update_gate,62,visual,2.900968551635742,0.0708061009645462,5.818204879760742,0.1308344602584839
Movies,43,prior_update_gate,63,text,1.6305311918258667,0.07191716134548187,2.473435878753662,0.09237013012170792
Movies,43,prior_update_gate,63,visual,2.910875082015991,0.0709431916475296,5.865442276000977,0.1300898790359497
Movies,43,prior_update_gate,64,text,1.6367648839950562,0.07198559492826462,2.4882898330688477,0.09239057451486588
Movies,43,prior_update_gate,64,visual,2.9206602573394775,0.07109858840703964,5.912537097930908,0.1292947679758072
Movies,43,prior_update_gate,65,text,1.6429493427276611,0.07202043384313583,2.5027077198028564,0.09237600117921829
Movies,43,prior_update_gate,65,visual,2.9291930198669434,0.07124476134777069,5.957065105438232,0.12825638055801392
Movies,43,prior_update_gate,66,text,1.6491910219192505,0.0723004937171936,2.517857074737549,0.09222187101840973
Movies,43,prior_update_gate,66,visual,2.938258171081543,0.07166345417499542,6.004007339477539,0.12726770341396332
Movies,43,prior_update_gate,67,text,1.6553466320037842,0.07241058349609375,2.5334880352020264,0.09218958765268326
Movies,43,prior_update_gate,67,visual,2.947046995162964,0.07194751501083374,6.050445079803467,0.126142218708992
Movies,43,prior_update_gate,68,text,1.6618139743804932,0.07244238257408142,2.5492794513702393,0.09222967177629471
Movies,43,prior_update_gate,68,visual,2.955749034881592,0.07212019711732864,6.096950054168701,0.124968983232975
Movies,43,prior_update_gate,69,text,1.6679357290267944,0.07241445779800415,2.56453013420105,0.09228532016277313
Movies,43,prior_update_gate,69,visual,2.9638638496398926,0.07216222584247589,6.142123222351074,0.12359746545553207
Movies,43,prior_update_gate,70,text,1.674006462097168,0.0725664272904396,2.5794677734375,0.09228307753801346
Movies,43,prior_update_gate,70,visual,2.9705750942230225,0.07236910611391068,6.185305595397949,0.12211901694536209
Movies,43,prior_update_gate,71,text,1.6813349723815918,0.07269742339849472,2.5948915481567383,0.09211093932390213
Movies,43,prior_update_gate,71,visual,2.978991746902466,0.07270684093236923,6.231335163116455,0.12105435132980347
Movies,43,prior_update_gate,72,text,1.6889485120773315,0.07276343554258347,2.61086368560791,0.09196164458990097
Movies,43,prior_update_gate,72,visual,2.9900453090667725,0.07294350117444992,6.280093669891357,0.1205940991640091
Movies,43,prior_update_gate,73,text,1.6956199407577515,0.07280706614255905,2.6273791790008545,0.09187962114810944
Movies,43,prior_update_gate,73,visual,3.0007200241088867,0.07325349003076553,6.3276896476745605,0.12030161917209625
Movies,43,prior_update_gate,74,text,1.7025105953216553,0.07308211177587509,2.6434221267700195,0.09173835068941116
Movies,43,prior_update_gate,74,visual,3.0111234188079834,0.0736188292503357,6.375214099884033,0.11980998516082764
Movies,43,prior_update_gate,75,text,1.7088724374771118,0.07304023951292038,2.659677743911743,0.09172267466783524
Movies,43,prior_update_gate,75,visual,3.021529197692871,0.07373297959566116,6.420583248138428,0.11934046447277069
Movies,43,prior_update_gate,76,text,1.7152012586593628,0.07297585159540176,2.676088333129883,0.09164497256278992
Movies,43,prior_update_gate,76,visual,3.032466173171997,0.07393951714038849,6.4674072265625,0.11906721442937851
Movies,43,prior_update_gate,77,text,1.7213926315307617,0.07322284579277039,2.6923742294311523,0.09150665253400803
Movies,43,prior_update_gate,77,visual,3.0424604415893555,0.0744418129324913,6.513537883758545,0.1187627986073494
Movies,43,prior_update_gate,78,text,1.7272429466247559,0.07325726747512817,2.7077958583831787,0.09138370305299759
Movies,43,prior_update_gate,78,visual,3.0510685443878174,0.07470721751451492,6.5558600425720215,0.1181311309337616
Movies,43,prior_update_gate,79,text,1.7331887483596802,0.07313145697116852,2.7225496768951416,0.09126464277505875
Movies,43,prior_update_gate,79,visual,3.059000015258789,0.07476776093244553,6.595337867736816,0.11723284423351288
Movies,43,prior_update_gate,80,text,1.7387785911560059,0.0732743963599205,2.7367446422576904,0.09120999276638031
Movies,43,prior_update_gate,80,visual,3.0657994747161865,0.07498546689748764,6.6326775550842285,0.11633608490228653
Movies,43,prior_update_gate,81,text,1.7442160844802856,0.07361330091953278,2.7504427433013916,0.09118680655956268
Movies,43,prior_update_gate,81,visual,3.07208514213562,0.07531828433275223,6.669156074523926,0.11555880308151245
Movies,43,prior_update_gate,82,text,1.7487008571624756,0.07357030361890793,2.7642955780029297,0.09132011979818344
Movies,43,prior_update_gate,82,visual,3.0784549713134766,0.07537510991096497,6.7039642333984375,0.11481138318777084
Movies,43,prior_update_gate,83,text,1.7528026103973389,0.0732828676700592,2.7784063816070557,0.09148398041725159
Movies,43,prior_update_gate,83,visual,3.0851082801818848,0.07522957026958466,6.737425327301025,0.11403188109397888
Movies,43,prior_update_gate,84,text,1.757088303565979,0.07337715476751328,2.7919509410858154,0.0915849581360817
Movies,43,prior_update_gate,84,visual,3.091365337371826,0.07536341995000839,6.770709991455078,0.113338902592659
Movies,43,prior_update_gate,85,text,1.7618645429611206,0.07380390167236328,2.8050930500030518,0.09162276238203049
Movies,43,prior_update_gate,85,visual,3.096859931945801,0.0758279412984848,6.803889751434326,0.11275459825992584
Movies,43,prior_update_gate,86,text,1.7663832902908325,0.07391998916864395,2.8180267810821533,0.09167580306529999
Movies,43,prior_update_gate,86,visual,3.1018357276916504,0.07608999311923981,6.834861755371094,0.11198902875185013
Movies,43,prior_update_gate,87,text,1.7710822820663452,0.07371925562620163,2.830935001373291,0.09166178852319717
Movies,43,prior_update_gate,87,visual,3.1077463626861572,0.0760255828499794,6.865389823913574,0.1111607551574707
Movies,43,prior_update_gate,88,text,1.7757117748260498,0.07372178137302399,2.843705415725708,0.0916057825088501
Movies,43,prior_update_gate,88,visual,3.1136810779571533,0.0761299803853035,6.896759510040283,0.1105562075972557
Movies,43,prior_update_gate,89,text,1.780280590057373,0.07386002689599991,2.856443405151367,0.09157305955886841
Movies,43,prior_update_gate,89,visual,3.1196489334106445,0.07641641795635223,6.929308891296387,0.11017061024904251
Movies,43,prior_update_gate,90,text,1.78459894657135,0.07378112524747849,2.869576930999756,0.09160469472408295
Movies,43,prior_update_gate,90,visual,3.1252310276031494,0.07650582492351532,6.9596171379089355,0.10961710661649704
Movies,43,prior_update_gate,91,text,1.7895368337631226,0.0736796036362648,2.881990671157837,0.09155721962451935
Movies,43,prior_update_gate,91,visual,3.1314501762390137,0.07640465348958969,6.988827705383301,0.10892031341791153
Movies,43,prior_update_gate,92,text,1.7949656248092651,0.07389097660779953,2.893664598464966,0.09150276333093643
Movies,43,prior_update_gate,92,visual,3.137779474258423,0.07655257731676102,7.019167900085449,0.10845544189214706
Movies,43,prior_update_gate,93,text,1.8003798723220825,0.07415798306465149,2.90535306930542,0.09137959033250809
Movies,43,prior_update_gate,93,visual,3.143332004547119,0.07693111151456833,7.050016403198242,0.10807859897613525
Movies,43,prior_update_gate,94,text,1.80557119846344,0.07409965991973877,2.91801118850708,0.09122531861066818
Movies,43,prior_update_gate,94,visual,3.149773597717285,0.07706359028816223,7.080828666687012,0.1077200248837471
Movies,43,prior_update_gate,95,text,1.8098622560501099,0.07406526058912277,2.9306397438049316,0.09108883887529373
Movies,43,prior_update_gate,95,visual,3.157792806625366,0.07711219042539597,7.113883972167969,0.10751117020845413
Movies,43,prior_update_gate,96,text,1.8142344951629639,0.07412797957658768,2.9440128803253174,0.09104634076356888
Movies,43,prior_update_gate,96,visual,3.165534734725952,0.07738903164863586,7.148311614990234,0.10741899907588959
Movies,43,prior_update_gate,97,text,1.818825602531433,0.07419128715991974,2.9589529037475586,0.09095888584852219
Movies,43,prior_update_gate,97,visual,3.1730313301086426,0.07769408822059631,7.183562278747559,0.10716286301612854
Movies,43,prior_update_gate,98,text,1.8243769407272339,0.07435142248868942,2.973266363143921,0.09078545868396759
Movies,43,prior_update_gate,98,visual,3.1812000274658203,0.07789413630962372,7.219095230102539,0.10690708458423615
Movies,43,prior_update_gate,99,text,1.831143856048584,0.07446715980768204,2.9874932765960693,0.09051480889320374
Movies,43,prior_update_gate,99,visual,3.1902222633361816,0.07795398682355881,7.255616188049316,0.10666969418525696
Movies,43,prior_update_gate,100,text,1.8368085622787476,0.07439570873975754,3.0022621154785156,0.09040222316980362
Movies,43,prior_update_gate,100,visual,3.197507858276367,0.07798931002616882,7.289333820343018,0.10622203350067139
Movies,43,terminal,0,text,0.0,0.0,0.0,0.0
Movies,43,terminal,0,visual,0.0,0.0,0.0,0.0
Movies,43,terminal,1,text,0.0,0.0,0.0,0.0
Movies,43,terminal,1,visual,0.0,0.0,0.0,0.0
Movies,43,terminal,2,text,0.0,0.0,0.0,0.0
Movies,43,terminal,2,visual,0.0,0.0,0.0,0.0
Movies,43,terminal,3,text,0.0,0.0,0.0,0.0
Movies,43,terminal,3,visual,0.0,0.0,0.0,0.0
Movies,43,terminal,4,text,0.0,0.0,0.0,0.0
Movies,43,terminal,4,visual,0.0,0.0,0.0,0.0
Movies,43,terminal,5,text,0.0,0.0,0.0,0.0
Movies,43,terminal,5,visual,0.0,0.0,0.0,0.0
Movies,43,terminal,6,text,0.0,0.0,0.0,0.0
Movies,43,terminal,6,visual,0.0,0.0,0.0,0.0
Movies,43,terminal,7,text,0.0,0.0,0.0,0.0
Movies,43,terminal,7,visual,0.0,0.0,0.0,0.0
Movies,43,terminal,8,text,0.0,0.0,0.0,0.0
Movies,43,terminal,8,visual,0.0,0.0,0.0,0.0
Movies,43,terminal,9,text,0.0,0.0,0.0,0.0
Movies,43,terminal,9,visual,0.0,0.0,0.0,0.0
Movies,43,terminal,10,text,0.0,0.0,0.0,0.0
Movies,43,terminal,10,visual,0.0,0.0,0.0,0.0
Movies,43,terminal,11,text,0.0,0.0,0.0,0.0
Movies,43,terminal,11,visual,0.0,0.0,0.0,0.0
Movies,43,terminal,12,text,0.0,0.0,0.0,0.0
Movies,43,terminal,12,visual,0.0,0.0,0.0,0.0
Movies,43,terminal,13,text,0.0,0.0,0.0,0.0
Movies,43,terminal,13,visual,0.0,0.0,0.0,0.0
Movies,43,terminal,14,text,0.0,0.0,0.0,0.0
Movies,43,terminal,14,visual,0.0,0.0,0.0,0.0
Movies,43,terminal,15,text,0.0,0.0,0.0,0.0
Movies,43,terminal,15,visual,0.0,0.0,0.0,0.0
Movies,43,terminal,16,text,0.0,0.0,0.0,0.0
Movies,43,terminal,16,visual,0.0,0.0,0.0,0.0
Movies,43,terminal,17,text,0.0,0.0,0.0,0.0
Movies,43,terminal,17,visual,0.0,0.0,0.0,0.0
Movies,43,terminal,18,text,0.0,0.0,0.0,0.0
Movies,43,terminal,18,visual,0.0,0.0,0.0,0.0
Movies,43,terminal,19,text,0.0,0.0,0.0,0.0
Movies,43,terminal,19,visual,0.0,0.0,0.0,0.0
Movies,43,terminal,20,text,0.0,0.0,0.0,0.0
Movies,43,terminal,20,visual,0.0,0.0,0.0,0.0
Movies,43,terminal,21,text,0.0,0.0,0.0,0.0
Movies,43,terminal,21,visual,0.0,0.0,0.0,0.0
Movies,43,terminal,22,text,0.0,0.0,0.0,0.0
Movies,43,terminal,22,visual,0.0,0.0,0.0,0.0
Movies,43,terminal,23,text,0.0,0.0,0.0,0.0
Movies,43,terminal,23,visual,0.0,0.0,0.0,0.0
Movies,43,terminal,24,text,0.0,0.0,0.0,0.0
Movies,43,terminal,24,visual,0.0,0.0,0.0,0.0
Movies,43,terminal,25,text,0.0,0.0,0.0,0.0
Movies,43,terminal,25,visual,0.0,0.0,0.0,0.0
Movies,43,terminal,26,text,0.0,0.0,0.0,0.0
Movies,43,terminal,26,visual,0.0,0.0,0.0,0.0
Movies,43,terminal,27,text,0.0,0.0,0.0,0.0
Movies,43,terminal,27,visual,0.0,0.0,0.0,0.0
Movies,43,terminal,28,text,0.0,0.0,0.0,0.0
Movies,43,terminal,28,visual,0.0,0.0,0.0,0.0
Movies,43,terminal,29,text,0.0,0.0,0.0,0.0
Movies,43,terminal,29,visual,0.0,0.0,0.0,0.0
Movies,43,terminal,30,text,0.0,0.0,0.0,0.0
Movies,43,terminal,30,visual,0.0,0.0,0.0,0.0
Movies,43,terminal,31,text,0.0,0.0,0.0,0.0
Movies,43,terminal,31,visual,0.0,0.0,0.0,0.0
Movies,43,terminal,32,text,0.0,0.0,0.0,0.0
Movies,43,terminal,32,visual,0.0,0.0,0.0,0.0
Movies,43,terminal,33,text,0.0,0.0,0.0,0.0
Movies,43,terminal,33,visual,0.0,0.0,0.0,0.0
Movies,43,terminal,34,text,0.0,0.0,0.0,0.0
Movies,43,terminal,34,visual,0.0,0.0,0.0,0.0
Movies,43,terminal,35,text,0.0,0.0,0.0,0.0
Movies,43,terminal,35,visual,0.0,0.0,0.0,0.0
Movies,43,terminal,36,text,0.0,0.0,0.0,0.0
Movies,43,terminal,36,visual,0.0,0.0,0.0,0.0
Movies,43,terminal,37,text,0.0,0.0,0.0,0.0
Movies,43,terminal,37,visual,0.0,0.0,0.0,0.0
Movies,43,terminal,38,text,0.0,0.0,0.0,0.0
Movies,43,terminal,38,visual,0.0,0.0,0.0,0.0
Movies,43,terminal,39,text,0.0,0.0,0.0,0.0
Movies,43,terminal,39,visual,0.0,0.0,0.0,0.0
Movies,43,terminal,40,text,0.0,0.0,0.0,0.0
Movies,43,terminal,40,visual,0.0,0.0,0.0,0.0
Movies,43,terminal,41,text,0.0,0.0,0.0,0.0
Movies,43,terminal,41,visual,0.0,0.0,0.0,0.0
Movies,43,terminal,42,text,0.0,0.0,0.0,0.0
Movies,43,terminal,42,visual,0.0,0.0,0.0,0.0
Movies,43,terminal,43,text,0.0,0.0,0.0,0.0
Movies,43,terminal,43,visual,0.0,0.0,0.0,0.0
Movies,43,terminal,44,text,0.0,0.0,0.0,0.0
Movies,43,terminal,44,visual,0.0,0.0,0.0,0.0
Movies,43,terminal,45,text,0.0,0.0,0.0,0.0
Movies,43,terminal,45,visual,0.0,0.0,0.0,0.0
Movies,43,terminal,46,text,0.0,0.0,0.0,0.0
Movies,43,terminal,46,visual,0.0,0.0,0.0,0.0
Movies,43,terminal,47,text,0.0,0.0,0.0,0.0
Movies,43,terminal,47,visual,0.0,0.0,0.0,0.0
Movies,43,terminal,48,text,0.0,0.0,0.0,0.0
Movies,43,terminal,48,visual,0.0,0.0,0.0,0.0
Movies,43,terminal,49,text,0.0,0.0,0.0,0.0
Movies,43,terminal,49,visual,0.0,0.0,0.0,0.0
Movies,43,terminal,50,text,0.0,0.0,0.0,0.0
Movies,43,terminal,50,visual,0.0,0.0,0.0,0.0
Movies,43,terminal,51,text,0.0,0.0,0.0,0.0
Movies,43,terminal,51,visual,0.0,0.0,0.0,0.0
Movies,43,terminal,52,text,0.0,0.0,0.0,0.0
Movies,43,terminal,52,visual,0.0,0.0,0.0,0.0
Movies,43,terminal,53,text,0.0,0.0,0.0,0.0
Movies,43,terminal,53,visual,0.0,0.0,0.0,0.0
Movies,43,terminal,54,text,0.0,0.0,0.0,0.0
Movies,43,terminal,54,visual,0.0,0.0,0.0,0.0
Movies,43,terminal,55,text,0.0,0.0,0.0,0.0
Movies,43,terminal,55,visual,0.0,0.0,0.0,0.0
Movies,43,terminal,56,text,0.0,0.0,0.0,0.0
Movies,43,terminal,56,visual,0.0,0.0,0.0,0.0
Movies,43,terminal,57,text,0.0,0.0,0.0,0.0
Movies,43,terminal,57,visual,0.0,0.0,0.0,0.0
Movies,43,terminal,58,text,0.0,0.0,0.0,0.0
Movies,43,terminal,58,visual,0.0,0.0,0.0,0.0
Movies,43,terminal,59,text,0.0,0.0,0.0,0.0
Movies,43,terminal,59,visual,0.0,0.0,0.0,0.0
Movies,43,terminal,60,text,0.0,0.0,0.0,0.0
Movies,43,terminal,60,visual,0.0,0.0,0.0,0.0
Movies,43,terminal,61,text,0.0,0.0,0.0,0.0
Movies,43,terminal,61,visual,0.0,0.0,0.0,0.0
Movies,43,terminal,62,text,0.0,0.0,0.0,0.0
Movies,43,terminal,62,visual,0.0,0.0,0.0,0.0
Movies,43,terminal,63,text,0.0,0.0,0.0,0.0
Movies,43,terminal,63,visual,0.0,0.0,0.0,0.0
Movies,43,terminal,64,text,0.0,0.0,0.0,0.0
Movies,43,terminal,64,visual,0.0,0.0,0.0,0.0
Movies,43,terminal,65,text,0.0,0.0,0.0,0.0
Movies,43,terminal,65,visual,0.0,0.0,0.0,0.0
Movies,43,terminal,66,text,0.0,0.0,0.0,0.0
Movies,43,terminal,66,visual,0.0,0.0,0.0,0.0
Movies,43,terminal,67,text,0.0,0.0,0.0,0.0
Movies,43,terminal,67,visual,0.0,0.0,0.0,0.0
Movies,43,terminal,68,text,0.0,0.0,0.0,0.0
Movies,43,terminal,68,visual,0.0,0.0,0.0,0.0
Movies,43,terminal,69,text,0.0,0.0,0.0,0.0
Movies,43,terminal,69,visual,0.0,0.0,0.0,0.0
Movies,43,terminal,70,text,0.0,0.0,0.0,0.0
Movies,43,terminal,70,visual,0.0,0.0,0.0,0.0
Movies,43,terminal,71,text,0.0,0.0,0.0,0.0
Movies,43,terminal,71,visual,0.0,0.0,0.0,0.0
Movies,43,terminal,72,text,0.0,0.0,0.0,0.0
Movies,43,terminal,72,visual,0.0,0.0,0.0,0.0
Movies,43,terminal,73,text,0.0,0.0,0.0,0.0
Movies,43,terminal,73,visual,0.0,0.0,0.0,0.0
Movies,43,terminal,74,text,0.0,0.0,0.0,0.0
Movies,43,terminal,74,visual,0.0,0.0,0.0,0.0
Movies,43,terminal,75,text,0.0,0.0,0.0,0.0
Movies,43,terminal,75,visual,0.0,0.0,0.0,0.0
Movies,43,terminal,76,text,0.0,0.0,0.0,0.0
Movies,43,terminal,76,visual,0.0,0.0,0.0,0.0
Movies,44,prior_delta_gate,0,text,0.0,0.0,0.0,0.0
Movies,44,prior_delta_gate,0,visual,0.0,0.0,0.0,0.0
Movies,44,prior_delta_gate,1,text,0.2557412385940552,0.01599877141416073,0.0,0.0
Movies,44,prior_delta_gate,1,visual,0.2556803822517395,0.01599312014877796,0.0,0.0
Movies,44,prior_delta_gate,2,text,0.39942604303359985,0.025067748501896858,0.2647750973701477,0.011883567087352276
Movies,44,prior_delta_gate,2,visual,0.40172243118286133,0.024938270449638367,0.26266416907310486,0.011858422309160233
Movies,44,prior_delta_gate,3,text,0.5282137989997864,0.033420126885175705,0.49992313981056213,0.022630004212260246
Movies,44,prior_delta_gate,3,visual,0.5340709090232849,0.033157072961330414,0.48029661178588867,0.021711960434913635
Movies,44,prior_delta_gate,4,text,0.609316349029541,0.03895634412765503,0.6229057312011719,0.027516787871718407
Movies,44,prior_delta_gate,4,visual,0.6396398544311523,0.03913964703679085,0.6175951957702637,0.026814082637429237
Movies,44,prior_delta_gate,5,text,0.6689348816871643,0.042459286749362946,0.7305300831794739,0.03126319870352745
Movies,44,prior_delta_gate,5,visual,0.732155442237854,0.043307770043611526,0.7402300834655762,0.030837520956993103
Movies,44,prior_delta_gate,6,text,0.7201685905456543,0.044548310339450836,0.8349480628967285,0.034846216440200806
Movies,44,prior_delta_gate,6,visual,0.8219208717346191,0.04615242779254913,0.870415210723877,0.03505196422338486
Movies,44,prior_delta_gate,7,text,0.7689163684844971,0.04612231254577637,0.9409874677658081,0.0385669507086277
Movies,44,prior_delta_gate,7,visual,0.9145803451538086,0.048409875482320786,1.0107991695404053,0.0402909480035305
Movies,44,prior_delta_gate,8,text,0.8224238753318787,0.047815077006816864,1.039628505706787,0.041865430772304535
Movies,44,prior_delta_gate,8,visual,1.0109758377075195,0.05060305818915367,1.1566241979599,0.04671972244977951
Movies,44,prior_delta_gate,9,text,0.8784008026123047,0.049857743084430695,1.1285203695297241,0.04401913657784462
Movies,44,prior_delta_gate,9,visual,1.0985393524169922,0.0524902269244194,1.291588306427002,0.05278963968157768
Movies,44,prior_delta_gate,10,text,0.9197019338607788,0.05181104317307472,1.1891542673110962,0.047493476420640945
Movies,44,prior_delta_gate,10,visual,1.1766564846038818,0.05422671139240265,1.413993239402771,0.0582711324095726
Movies,44,prior_delta_gate,11,text,0.9569213390350342,0.05361244082450867,1.2426210641860962,0.050874460488557816
Movies,44,prior_delta_gate,11,visual,1.2450239658355713,0.05508708581328392,1.5226547718048096,0.06271030753850937
Movies,44,prior_delta_gate,12,text,0.9880461096763611,0.0549091212451458,1.293411135673523,0.055165570229291916
Movies,44,prior_delta_gate,12,visual,1.310341477394104,0.05562438815832138,1.6311757564544678,0.06682693958282471
Movies,44,prior_delta_gate,13,text,1.017627477645874,0.05614044889807701,1.3468215465545654,0.059795305132865906
Movies,44,prior_delta_gate,13,visual,1.3748613595962524,0.05629722401499748,1.7422183752059937,0.07079470902681351
Movies,44,prior_delta_gate,14,text,1.0455005168914795,0.05790913477540016,1.4027924537658691,0.06326667219400406
Movies,44,prior_delta_gate,14,visual,1.4367810487747192,0.05720915272831917,1.8536312580108643,0.0747544914484024
Movies,44,prior_delta_gate,15,text,1.0680923461914062,0.05983804166316986,1.4542694091796875,0.06638806313276291
Movies,44,prior_delta_gate,15,visual,1.4969143867492676,0.058369480073451996,1.9627279043197632,0.07846460491418839
Movies,44,prior_delta_gate,16,text,1.089036226272583,0.06181822717189789,1.5059088468551636,0.06907053291797638
Movies,44,prior_delta_gate,16,visual,1.5544790029525757,0.05941414460539818,2.0702922344207764,0.0819835439324379
Movies,44,prior_delta_gate,17,text,1.109231948852539,0.06340108811855316,1.5559539794921875,0.07170391827821732
Movies,44,prior_delta_gate,17,visual,1.613067865371704,0.06031523272395134,2.179015636444092,0.08581800758838654
Movies,44,prior_delta_gate,18,text,1.128731369972229,0.06469503045082092,1.6054842472076416,0.07432705909013748
Movies,44,prior_delta_gate,18,visual,1.6721773147583008,0.061099857091903687,2.288274049758911,0.08985470235347748
Movies,44,prior_delta_gate,19,text,1.1469810009002686,0.06614718586206436,1.6558630466461182,0.07668521255254745
Movies,44,prior_delta_gate,19,visual,1.7277721166610718,0.06189264729619026,2.3971049785614014,0.0934542641043663
Movies,44,prior_delta_gate,20,text,1.1626607179641724,0.06717690825462341,1.7040470838546753,0.07932060211896896
Movies,44,prior_delta_gate,20,visual,1.7804726362228394,0.062441740185022354,2.5022599697113037,0.09710730612277985
Movies,44,prior_delta_gate,21,text,1.1776760816574097,0.06832808256149292,1.7515116930007935,0.08172568678855896
Movies,44,prior_delta_gate,21,visual,1.8307251930236816,0.06305163353681564,2.607347011566162,0.10053302347660065
Movies,44,prior_delta_gate,22,text,1.191947102546692,0.06954042613506317,1.7973390817642212,0.0839066281914711
Movies,44,prior_delta_gate,22,visual,1.8791308403015137,0.06365115940570831,2.7120845317840576,0.10375522822141647
Movies,44,prior_delta_gate,23,text,1.2052597999572754,0.07038349658250809,1.8421669006347656,0.08618970215320587
Movies,44,prior_delta_gate,23,visual,1.9243487119674683,0.06388971209526062,2.812872886657715,0.10671859234571457
Movies,44,prior_delta_gate,24,text,1.2171169519424438,0.07140408456325531,1.8849345445632935,0.08828455209732056
Movies,44,prior_delta_gate,24,visual,1.9658567905426025,0.06428162753582001,2.9124927520751953,0.10908331722021103
Movies,44,prior_delta_gate,25,text,1.2288827896118164,0.07213645428419113,1.925734519958496,0.09025515615940094
Movies,44,prior_delta_gate,25,visual,2.007153272628784,0.06456609815359116,3.0122647285461426,0.1115809828042984
Movies,44,prior_delta_gate,26,text,1.2401127815246582,0.07271844148635864,1.964987874031067,0.09217718243598938
Movies,44,prior_delta_gate,26,visual,2.0457499027252197,0.06462793052196503,3.1058647632598877,0.11376162618398666
Movies,44,prior_delta_gate,27,text,1.2494391202926636,0.07385608553886414,2.000908136367798,0.09381377696990967
Movies,44,prior_delta_gate,27,visual,2.0820224285125732,0.06510452926158905,3.1992857456207275,0.11562316864728928
Movies,44,prior_delta_gate,28,text,1.2589852809906006,0.07458493113517761,2.035370111465454,0.0953887328505516
Movies,44,prior_delta_gate,28,visual,2.118769645690918,0.06540565192699432,3.2925031185150146,0.11765848100185394
Movies,44,prior_delta_gate,29,text,1.2681347131729126,0.0751914232969284,2.06854510307312,0.0969633013010025
Movies,44,prior_delta_gate,29,visual,2.1547746658325195,0.06555423885583878,3.384702444076538,0.11979611217975616
Movies,44,prior_delta_gate,30,text,1.2772139310836792,0.0762423500418663,2.0981271266937256,0.09827958047389984
Movies,44,prior_delta_gate,30,visual,2.1894166469573975,0.066047303378582,3.4788341522216797,0.1218702495098114
Movies,44,prior_delta_gate,31,text,1.2863346338272095,0.07684525847434998,2.12738037109375,0.09963610023260117
Movies,44,prior_delta_gate,31,visual,2.222583055496216,0.066253162920475,3.5691049098968506,0.12364819645881653
Movies,44,prior_delta_gate,32,text,1.2954628467559814,0.07724221795797348,2.1555533409118652,0.10096912831068039
Movies,44,prior_delta_gate,32,visual,2.2569692134857178,0.06641005724668503,3.6614625453948975,0.12577077746391296
Movies,44,prior_delta_gate,33,text,1.3039343357086182,0.07802052795886993,2.1808996200561523,0.10212753713130951
Movies,44,prior_delta_gate,33,visual,2.2890985012054443,0.06687314063310623,3.754143714904785,0.12768158316612244
Movies,44,prior_delta_gate,34,text,1.3126391172409058,0.07861205190420151,2.20505690574646,0.10321317613124847
Movies,44,prior_delta_gate,34,visual,2.319742441177368,0.0671466812491417,3.842923641204834,0.1294969618320465
Movies,44,prior_delta_gate,35,text,1.3213176727294922,0.07904984056949615,2.2271499633789062,0.10412432998418808
Movies,44,prior_delta_gate,35,visual,2.3507142066955566,0.06732423603534698,3.931033134460449,0.13143333792686462
Movies,44,prior_delta_gate,36,text,1.3296101093292236,0.07953356951475143,2.248206615447998,0.10501878708600998
Movies,44,prior_delta_gate,36,visual,2.3792216777801514,0.06759880483150482,4.018439769744873,0.13305224478244781
Movies,44,prior_delta_gate,37,text,1.3380872011184692,0.07976394146680832,2.2687973976135254,0.10589183866977692
Movies,44,prior_delta_gate,37,visual,2.4076075553894043,0.06773438304662704,4.103507041931152,0.1345885843038559
Movies,44,prior_delta_gate,38,text,1.3461315631866455,0.08038150519132614,2.287182092666626,0.10654889047145844
Movies,44,prior_delta_gate,38,visual,2.434558153152466,0.06819231808185577,4.187134265899658,0.13600757718086243
Movies,44,prior_delta_gate,39,text,1.3547366857528687,0.08124272525310516,2.304041624069214,0.10700808465480804
Movies,44,prior_delta_gate,39,visual,2.4624862670898438,0.06898052990436554,4.272532939910889,0.13779990375041962
Movies,44,prior_delta_gate,40,text,1.362227439880371,0.08166048675775528,2.3216490745544434,0.10768643766641617
Movies,44,prior_delta_gate,40,visual,2.4873194694519043,0.0694129467010498,4.350542068481445,0.13905367255210876
Movies,44,prior_delta_gate,41,text,1.3683606386184692,0.08166339993476868,2.340019464492798,0.10858587920665741
Movies,44,prior_delta_gate,41,visual,2.5090036392211914,0.06948557496070862,4.421287536621094,0.13979031145572662
Movies,44,prior_delta_gate,42,text,1.374266266822815,0.08141525089740753,2.3596720695495605,0.10966521501541138
Movies,44,prior_delta_gate,42,visual,2.5294535160064697,0.06934964656829834,4.489266395568848,0.14036522805690765
Movies,44,prior_delta_gate,43,text,1.380542278289795,0.08158984780311584,2.3771395683288574,0.11051688343286514
Movies,44,prior_delta_gate,43,visual,2.5484530925750732,0.06953853368759155,4.555233001708984,0.14080910384655
Movies,44,prior_delta_gate,44,text,1.3868902921676636,0.08195533603429794,2.3919312953948975,0.11116114258766174
Movies,44,prior_delta_gate,44,visual,2.565168619155884,0.06984981894493103,4.616769790649414,0.14085595309734344
Movies,44,prior_delta_gate,45,text,1.392575740814209,0.08215737342834473,2.405343770980835,0.1117473617196083
Movies,44,prior_delta_gate,45,visual,2.5803120136260986,0.07007871568202972,4.672957420349121,0.1404632329940796
Movies,44,prior_delta_gate,46,text,1.3976608514785767,0.0824141576886177,2.419820547103882,0.1123809963464737
Movies,44,prior_delta_gate,46,visual,2.5949971675872803,0.07036463916301727,4.728250026702881,0.1399802416563034
Movies,44,prior_delta_gate,47,text,1.4028337001800537,0.08307430893182755,2.434187173843384,0.1129741445183754
Movies,44,prior_delta_gate,47,visual,2.608898878097534,0.07084827125072479,4.783937454223633,0.139664888381958
Movies,44,prior_delta_gate,48,text,1.4076482057571411,0.0836099237203598,2.4487717151641846,0.11371991783380508
Movies,44,prior_delta_gate,48,visual,2.6203198432922363,0.07093678414821625,4.8346147537231445,0.1391618698835373
Movies,44,prior_delta_gate,49,text,1.4111696481704712,0.08363703638315201,2.4631311893463135,0.11471161246299744
Movies,44,prior_delta_gate,49,visual,2.6305432319641113,0.07067300379276276,4.880853652954102,0.13838163018226624
Movies,44,prior_delta_gate,50,text,1.4150090217590332,0.0838518813252449,2.4761595726013184,0.11550208181142807
Movies,44,prior_delta_gate,50,visual,2.6405298709869385,0.07070226222276688,4.927854061126709,0.13772059977054596
Movies,44,prior_delta_gate,51,text,1.4187140464782715,0.08423172682523727,2.487563133239746,0.11599481105804443
Movies,44,prior_delta_gate,51,visual,2.6496315002441406,0.07088445872068405,4.973923206329346,0.1369001269340515
Movies,44,prior_delta_gate,52,text,1.422974705696106,0.08437921106815338,2.499399423599243,0.11649305373430252
Movies,44,prior_delta_gate,52,visual,2.6580193042755127,0.07100410014390945,5.0179643630981445,0.13550135493278503
Movies,44,prior_delta_gate,53,text,1.4283192157745361,0.0846465677022934,2.511073112487793,0.11693747341632843
Movies,44,prior_delta_gate,53,visual,2.6677091121673584,0.07135149836540222,5.066000938415527,0.13425086438655853
Movies,44,prior_delta_gate,54,text,1.4330077171325684,0.08484973013401031,2.522728443145752,0.11741024255752563
Movies,44,prior_delta_gate,54,visual,2.67698335647583,0.07153496891260147,5.113837242126465,0.13299575448036194
Movies,44,prior_delta_gate,55,text,1.4365919828414917,0.08461666852235794,2.536088228225708,0.11816379427909851
Movies,44,prior_delta_gate,55,visual,2.6865458488464355,0.07139217853546143,5.161034107208252,0.13196125626564026
Movies,44,prior_delta_gate,56,text,1.4411673545837402,0.08475090563297272,2.5494096279144287,0.11890843510627747
Movies,44,prior_delta_gate,56,visual,2.695956230163574,0.07147666066884995,5.207813262939453,0.130876362323761
Movies,44,prior_delta_gate,57,text,1.4468597173690796,0.08523783087730408,2.5619232654571533,0.11955658346414566
Movies,44,prior_delta_gate,57,visual,2.70581316947937,0.07175841927528381,5.253974914550781,0.12984134256839752
Movies,44,prior_delta_gate,58,text,1.451741337776184,0.08538135886192322,2.573026180267334,0.12011319398880005
Movies,44,prior_delta_gate,58,visual,2.715132474899292,0.07183674722909927,5.295858383178711,0.12889085710048676
Movies,44,prior_delta_gate,59,text,1.4569053649902344,0.08547269552946091,2.5820839405059814,0.12040822952985764
Movies,44,prior_delta_gate,59,visual,2.7236433029174805,0.07195346802473068,5.335898399353027,0.12802977859973907
Movies,44,prior_delta_gate,60,text,1.462827444076538,0.08619402348995209,2.5896427631378174,0.12037999927997589
Movies,44,prior_delta_gate,60,visual,2.734084367752075,0.07242827862501144,5.380904197692871,0.12773923575878143
Movies,44,prior_delta_gate,61,text,1.4674508571624756,0.08645171672105789,2.5996057987213135,0.12073046714067459
Movies,44,prior_delta_gate,61,visual,2.7438063621520996,0.07263308763504028,5.423044204711914,0.12701073288917542
Movies,44,prior_delta_gate,62,text,1.471435785293579,0.08641411364078522,2.6113078594207764,0.12135569006204605
Movies,44,prior_delta_gate,62,visual,2.7528975009918213,0.07261768728494644,5.462986946105957,0.12592536211013794
Movies,44,prior_delta_gate,63,text,1.4751023054122925,0.08688808232545853,2.622586727142334,0.12189777940511703
Movies,44,prior_delta_gate,63,visual,2.762223958969116,0.07281383126974106,5.504021167755127,0.12509186565876007
Movies,44,prior_delta_gate,64,text,1.4796215295791626,0.08753059804439545,2.6334228515625,0.12236802279949188
Movies,44,prior_delta_gate,64,visual,2.771866798400879,0.07314015179872513,5.54662561416626,0.12467630207538605
Movies,44,prior_delta_gate,65,text,1.4818062782287598,0.08737193048000336,2.6443159580230713,0.1230345368385315
Movies,44,prior_delta_gate,65,visual,2.7804391384124756,0.07312211394309998,5.585464954376221,0.12422775477170944
Movies,44,prior_delta_gate,66,text,1.4833338260650635,0.08671839535236359,2.6558523178100586,0.12377370893955231
Movies,44,prior_delta_gate,66,visual,2.7883167266845703,0.07288195937871933,5.621242523193359,0.12368272244930267
Movies,44,prior_delta_gate,67,text,1.486594796180725,0.08676347881555557,2.6650173664093018,0.1241370290517807
Movies,44,prior_delta_gate,67,visual,2.7970972061157227,0.07310788333415985,5.6598005294799805,0.12345056980848312
Movies,44,prior_delta_gate,68,text,1.491336464881897,0.08727104216814041,2.6726179122924805,0.12425830215215683
Movies,44,prior_delta_gate,68,visual,2.8065426349639893,0.073666512966156,5.700708389282227,0.12337303161621094
Movies,44,prior_delta_gate,69,text,1.496672511100769,0.08754421770572662,2.6819276809692383,0.12446964532136917
Movies,44,prior_delta_gate,69,visual,2.8162930011749268,0.0739971473813057,5.740331172943115,0.12296599894762039
Movies,44,prior_delta_gate,70,text,1.5024149417877197,0.08751455694437027,2.692392110824585,0.12482094019651413
Movies,44,prior_delta_gate,70,visual,2.8269526958465576,0.07397712022066116,5.780041694641113,0.12266745418310165
Movies,44,prior_delta_gate,71,text,1.5089337825775146,0.08773839473724365,2.7009999752044678,0.12501096725463867
Movies,44,prior_delta_gate,71,visual,2.837249279022217,0.0741669237613678,5.820383071899414,0.12258893251419067
Movies,44,prior_delta_gate,72,text,1.516310214996338,0.08829470723867416,2.7076103687286377,0.12498536705970764
Movies,44,prior_delta_gate,72,visual,2.847724676132202,0.07458021491765976,5.8616414070129395,0.12283115833997726
Movies,44,prior_delta_gate,73,text,1.5232714414596558,0.08858394622802734,2.714681386947632,0.1249835193157196
Movies,44,prior_delta_gate,73,visual,2.8574321269989014,0.07472264766693115,5.900052547454834,0.12290498614311218
Movies,44,prior_delta_gate,74,text,1.5282471179962158,0.08811093866825104,2.7231085300445557,0.1252746433019638
Movies,44,prior_delta_gate,74,visual,2.8663711547851562,0.07459060847759247,5.935506820678711,0.12273519486188889
Movies,44,prior_delta_gate,75,text,1.5348879098892212,0.08791529387235641,2.7315104007720947,0.1253935694694519
Movies,44,prior_delta_gate,75,visual,2.876709461212158,0.07478940486907959,5.974687576293945,0.12270916253328323
Movies,44,prior_delta_gate,76,text,1.5391789674758911,0.08840411901473999,2.7385571002960205,0.12539270520210266
Movies,44,prior_delta_gate,76,visual,2.8870737552642822,0.07511811703443527,6.01305627822876,0.12275109440088272
Movies,44,prior_delta_gate,77,text,1.543923020362854,0.08919019252061844,2.744288921356201,0.12527015805244446
Movies,44,prior_delta_gate,77,visual,2.8975229263305664,0.07553695887327194,6.051985740661621,0.12288110703229904
Movies,44,prior_delta_gate,78,text,1.5471593141555786,0.08929690718650818,2.751445770263672,0.12545070052146912
Movies,44,prior_delta_gate,78,visual,2.906599521636963,0.07577788084745407,6.088351249694824,0.12267200648784637
Movies,44,prior_delta_gate,79,text,1.55003821849823,0.08893198519945145,2.7606027126312256,0.12581156194210052
Movies,44,prior_delta_gate,79,visual,2.914879322052002,0.07579538971185684,6.122552394866943,0.12214498966932297
Movies,44,prior_delta_gate,80,text,1.5534026622772217,0.08905723690986633,2.7681632041931152,0.12591710686683655
Movies,44,prior_delta_gate,80,visual,2.9229416847229004,0.07578757405281067,6.155523300170898,0.12160263955593109
Movies,44,prior_delta_gate,81,text,1.5580635070800781,0.08971688151359558,2.77347731590271,0.12575170397758484
Movies,44,prior_delta_gate,81,visual,2.931533098220825,0.07602338492870331,6.189982891082764,0.12138660997152328
Movies,44,prior_delta_gate,82,text,1.563246250152588,0.08990942686796188,2.778613328933716,0.125709667801857
Movies,44,prior_delta_gate,82,visual,2.939770460128784,0.07630301266908646,6.224495887756348,0.12117379158735275
Movies,44,prior_delta_gate,83,text,1.5688138008117676,0.08955918997526169,2.7851603031158447,0.12582845985889435
Movies,44,prior_delta_gate,83,visual,2.9474117755889893,0.07635822892189026,6.25744104385376,0.12080704420804977
Movies,44,prior_delta_gate,84,text,1.5749402046203613,0.08959250152111053,2.791020154953003,0.1257007122039795
Movies,44,prior_delta_gate,84,visual,2.955369710922241,0.07637440413236618,6.2913665771484375,0.12036561965942383
Movies,44,prior_delta_gate,85,text,1.5818198919296265,0.08994160592556,2.795801877975464,0.12541194260120392
Movies,44,prior_delta_gate,85,visual,2.963122606277466,0.07663606852293015,6.326074600219727,0.12000181525945663
Movies,44,prior_delta_gate,86,text,1.5896192789077759,0.09039928019046783,2.8000309467315674,0.12503932416439056
Movies,44,prior_delta_gate,86,visual,2.97111439704895,0.07705851644277573,6.3617424964904785,0.11969782412052155
Movies,44,prior_delta_gate,87,text,1.5968637466430664,0.09053139388561249,2.8053081035614014,0.12481461465358734
Movies,44,prior_delta_gate,87,visual,2.9789416790008545,0.07715992629528046,6.394829273223877,0.11938422918319702
Movies,44,prior_delta_gate,88,text,1.6034412384033203,0.09040849655866623,2.8111777305603027,0.12468219548463821
Movies,44,prior_delta_gate,88,visual,2.9862678050994873,0.07704717665910721,6.425589561462402,0.11907247453927994
Movies,44,prior_delta_gate,89,text,1.609824299812317,0.09047755599021912,2.8169167041778564,0.1245628371834755
Movies,44,prior_delta_gate,89,visual,2.9934499263763428,0.07720068842172623,6.457283973693848,0.1188993752002716
Movies,44,prior_delta_gate,90,text,1.6158899068832397,0.09085451811552048,2.8223319053649902,0.1244024708867073
Movies,44,prior_delta_gate,90,visual,3.0012831687927246,0.07756391167640686,6.49143648147583,0.11889858543872833
Movies,44,prior_delta_gate,91,text,1.6219850778579712,0.09109622985124588,2.8279924392700195,0.12426742166280746
Movies,44,prior_delta_gate,91,visual,3.0087432861328125,0.07772082090377808,6.524324417114258,0.1186007708311081
Movies,44,prior_delta_gate,92,text,1.6286492347717285,0.09097158163785934,2.834616184234619,0.12416167557239532
Movies,44,prior_delta_gate,92,visual,3.016533613204956,0.07759367674589157,6.556697845458984,0.11818572878837585
Movies,44,prior_delta_gate,93,text,1.635343313217163,0.09101571887731552,2.8412671089172363,0.1240389347076416
Movies,44,prior_delta_gate,93,visual,3.023646354675293,0.0777258574962616,6.588613986968994,0.11788415163755417
Movies,44,prior_delta_gate,94,text,1.6423465013504028,0.0912882536649704,2.847594976425171,0.12386785447597504
Movies,44,prior_delta_gate,94,visual,3.0307440757751465,0.07810734212398529,6.620913028717041,0.11789580434560776
Movies,44,prior_delta_gate,95,text,1.6503736972808838,0.09157196432352066,2.8531908988952637,0.1235383003950119
Movies,44,prior_delta_gate,95,visual,3.0396995544433594,0.07837885618209839,6.654600620269775,0.11825331300497055
Movies,44,prior_delta_gate,96,text,1.6583820581436157,0.09142594784498215,2.859760284423828,0.12333347648382187
Movies,44,prior_delta_gate,96,visual,3.0482325553894043,0.07837127149105072,6.686212062835693,0.11823362112045288
Movies,44,prior_delta_gate,97,text,1.6664737462997437,0.09126961976289749,2.8676860332489014,0.12317643314599991
Movies,44,prior_delta_gate,97,visual,3.0567805767059326,0.07831668853759766,6.7181243896484375,0.1178734302520752
Movies,44,prior_update_add,0,text,0.0,0.0,0.0,0.0
Movies,44,prior_update_add,0,visual,0.0,0.0,0.0,0.0
Movies,44,prior_update_add,1,text,0.255859911441803,0.01599937491118908,0.0,0.0
Movies,44,prior_update_add,1,visual,0.25581565499305725,0.01599634438753128,0.0,0.0
Movies,44,prior_update_add,2,text,0.39291679859161377,0.024471744894981384,0.0,0.0
Movies,44,prior_update_add,2,visual,0.39328765869140625,0.024452535435557365,0.0,0.0
Movies,44,prior_update_add,3,text,0.5063902735710144,0.03199253976345062,0.0,0.0
Movies,44,prior_update_add,3,visual,0.5071329474449158,0.03138955682516098,0.0,0.0
Movies,44,prior_update_add,4,text,0.589469313621521,0.037108104676008224,0.0,0.0
Movies,44,prior_update_add,4,visual,0.6048097014427185,0.03627742826938629,0.0,0.0
Movies,44,prior_update_add,5,text,0.6544693112373352,0.04033097252249718,0.0,0.0
Movies,44,prior_update_add,5,visual,0.700685977935791,0.039705805480480194,0.0,0.0
Movies,44,prior_update_add,6,text,0.7129780054092407,0.04232189431786537,0.0,0.0
Movies,44,prior_update_add,6,visual,0.8022308349609375,0.04212871566414833,0.0,0.0
Movies,44,prior_update_add,7,text,0.7737434506416321,0.044106557965278625,0.0,0.0
Movies,44,prior_update_add,7,visual,0.9064092636108398,0.04421887919306755,0.0,0.0
Movies,44,prior_update_add,8,text,0.8326178789138794,0.046105749905109406,0.0,0.0
Movies,44,prior_update_add,8,visual,1.003749966621399,0.04646700248122215,0.0,0.0
Movies,44,prior_update_add,9,text,0.8827548623085022,0.04858723282814026,0.0,0.0
Movies,44,prior_update_add,9,visual,1.0877660512924194,0.04830818623304367,0.0,0.0
Movies,44,prior_update_add,10,text,0.9235280752182007,0.05051342025399208,0.0,0.0
Movies,44,prior_update_add,10,visual,1.1610649824142456,0.050065718591213226,0.0,0.0
Movies,44,prior_update_add,11,text,0.9597116708755493,0.05180096626281738,0.0,0.0
Movies,44,prior_update_add,11,visual,1.2267929315567017,0.05159856379032135,0.0,0.0
Movies,44,prior_update_add,12,text,0.9925997257232666,0.0532664880156517,0.0,0.0
Movies,44,prior_update_add,12,visual,1.2853304147720337,0.05271763354539871,0.0,0.0
Movies,44,prior_update_add,13,text,1.0236740112304688,0.05500442162156105,0.0,0.0
Movies,44,prior_update_add,13,visual,1.340209722518921,0.05371152609586716,0.0,0.0
Movies,44,prior_update_add,14,text,1.051769495010376,0.05653759092092514,0.0,0.0
Movies,44,prior_update_add,14,visual,1.3910902738571167,0.05470322445034981,0.0,0.0
Movies,44,prior_update_add,15,text,1.0761065483093262,0.057697564363479614,0.0,0.0
Movies,44,prior_update_add,15,visual,1.43747878074646,0.055537428706884384,0.0,0.0
Movies,44,prior_update_add,16,text,1.0958877801895142,0.058640215545892715,0.0,0.0
Movies,44,prior_update_add,16,visual,1.4810022115707397,0.056218478828668594,0.0,0.0
Movies,44,prior_update_add,17,text,1.1158709526062012,0.0597066767513752,0.0,0.0
Movies,44,prior_update_add,17,visual,1.5228722095489502,0.05692608281970024,0.0,0.0
Movies,44,prior_update_add,18,text,1.1369081735610962,0.06081016734242439,0.0,0.0
Movies,44,prior_update_add,18,visual,1.5645581483840942,0.05777670070528984,0.0,0.0
Movies,44,prior_update_add,19,text,1.1561458110809326,0.0613885298371315,0.0,0.0
Movies,44,prior_update_add,19,visual,1.6032085418701172,0.05828811228275299,0.0,0.0
Movies,44,prior_update_add,20,text,1.1717402935028076,0.06170971319079399,0.0,0.0
Movies,44,prior_update_add,20,visual,1.6379972696304321,0.05859505385160446,0.0,0.0
Movies,44,prior_update_add,21,text,1.1849123239517212,0.06253886222839355,0.0,0.0
Movies,44,prior_update_add,21,visual,1.670243740081787,0.059212975203990936,0.0,0.0
Movies,44,prior_update_add,22,text,1.1992124319076538,0.06335306167602539,0.0,0.0
Movies,44,prior_update_add,22,visual,1.7022383213043213,0.060036152601242065,0.0,0.0
Movies,44,prior_update_add,23,text,1.213610291481018,0.06388456374406815,0.0,0.0
Movies,44,prior_update_add,23,visual,1.734168291091919,0.06051143631339073,0.0,0.0
Movies,44,prior_update_add,24,text,1.2250287532806396,0.06419303268194199,0.0,0.0
Movies,44,prior_update_add,24,visual,1.763745665550232,0.060433972626924515,0.0,0.0
Movies,44,prior_update_add,25,text,1.2348902225494385,0.06466981768608093,0.0,0.0
Movies,44,prior_update_add,25,visual,1.793403148651123,0.060448456555604935,0.0,0.0
Movies,44,prior_update_add,26,text,1.2451468706130981,0.06544314324855804,0.0,0.0
Movies,44,prior_update_add,26,visual,1.8237318992614746,0.06084274500608444,0.0,0.0
Movies,44,prior_update_add,27,text,1.2554658651351929,0.06601395457983017,0.0,0.0
Movies,44,prior_update_add,27,visual,1.854797124862671,0.06114857271313667,0.0,0.0
Movies,44,prior_update_add,28,text,1.2641857862472534,0.06625254452228546,0.0,0.0
Movies,44,prior_update_add,28,visual,1.8836249113082886,0.06096498668193817,0.0,0.0
Movies,44,prior_update_add,29,text,1.2723503112792969,0.0668814480304718,0.0,0.0
Movies,44,prior_update_add,29,visual,1.9118633270263672,0.06099182739853859,0.0,0.0
Movies,44,prior_update_add,30,text,1.280781626701355,0.06719394773244858,0.0,0.0
Movies,44,prior_update_add,30,visual,1.9401353597640991,0.061323560774326324,0.0,0.0
Movies,44,prior_update_add,31,text,1.2872380018234253,0.06760499626398087,0.0,0.0
Movies,44,prior_update_add,31,visual,1.9662939310073853,0.06161191314458847,0.0,0.0
Movies,44,prior_update_add,32,text,1.2942087650299072,0.06762345135211945,0.0,0.0
Movies,44,prior_update_add,32,visual,1.9917293787002563,0.06157052144408226,0.0,0.0
Movies,44,prior_update_add,33,text,1.3020044565200806,0.06817411631345749,0.0,0.0
Movies,44,prior_update_add,33,visual,2.015822172164917,0.06146230176091194,0.0,0.0
Movies,44,prior_update_add,34,text,1.308427333831787,0.06890653073787689,0.0,0.0
Movies,44,prior_update_add,34,visual,2.0379040241241455,0.06167451664805412,0.0,0.0
Movies,44,prior_update_add,35,text,1.3140525817871094,0.06897620856761932,0.0,0.0
Movies,44,prior_update_add,35,visual,2.0593976974487305,0.0618152841925621,0.0,0.0
Movies,44,prior_update_add,36,text,1.31956148147583,0.06941556930541992,0.0,0.0
Movies,44,prior_update_add,36,visual,2.0800607204437256,0.06214556097984314,0.0,0.0
Movies,44,prior_update_add,37,text,1.3251930475234985,0.07007027417421341,0.0,0.0
Movies,44,prior_update_add,37,visual,2.098395824432373,0.06253174692392349,0.0,0.0
Movies,44,prior_update_add,38,text,1.3302061557769775,0.07012811303138733,0.0,0.0
Movies,44,prior_update_add,38,visual,2.115945816040039,0.06254911422729492,0.0,0.0
Movies,44,prior_update_add,39,text,1.3358370065689087,0.07041329145431519,0.0,0.0
Movies,44,prior_update_add,39,visual,2.133881092071533,0.06230393797159195,0.0,0.0
Movies,44,prior_update_add,40,text,1.3402397632598877,0.07079734653234482,0.0,0.0
Movies,44,prior_update_add,40,visual,2.149566173553467,0.062351640313863754,0.0,0.0
Movies,44,prior_update_add,41,text,1.343812346458435,0.07085467129945755,0.0,0.0
Movies,44,prior_update_add,41,visual,2.1640987396240234,0.06260642409324646,0.0,0.0
Movies,44,prior_update_add,42,text,1.348087191581726,0.07110389322042465,0.0,0.0
Movies,44,prior_update_add,42,visual,2.1789565086364746,0.06290105730295181,0.0,0.0
Movies,44,prior_update_add,43,text,1.3531091213226318,0.07175150513648987,0.0,0.0
Movies,44,prior_update_add,43,visual,2.192668914794922,0.06342195719480515,0.0,0.0
Movies,44,prior_update_add,44,text,1.355830430984497,0.07163368910551071,0.0,0.0
Movies,44,prior_update_add,44,visual,2.2047653198242188,0.06366584450006485,0.0,0.0
Movies,44,prior_update_add,45,text,1.3591639995574951,0.07168164849281311,0.0,0.0
Movies,44,prior_update_add,45,visual,2.214939832687378,0.06370644271373749,0.0,0.0
Movies,44,prior_update_add,46,text,1.363521695137024,0.07244866341352463,0.0,0.0
Movies,44,prior_update_add,46,visual,2.2251858711242676,0.06378132849931717,0.0,0.0
Movies,44,prior_update_add,47,text,1.3669286966323853,0.07259278744459152,0.0,0.0
Movies,44,prior_update_add,47,visual,2.2357473373413086,0.06370449811220169,0.0,0.0
Movies,44,prior_update_add,48,text,1.3694305419921875,0.07282727211713791,0.0,0.0
Movies,44,prior_update_add,48,visual,2.24493408203125,0.06384418159723282,0.0,0.0
Movies,44,prior_update_add,49,text,1.3726003170013428,0.07348848879337311,0.0,0.0
Movies,44,prior_update_add,49,visual,2.2541379928588867,0.06418758630752563,0.0,0.0
Movies,44,prior_update_add,50,text,1.3745830059051514,0.07339243590831757,0.0,0.0
Movies,44,prior_update_add,50,visual,2.2636489868164062,0.0642295777797699,0.0,0.0
Movies,44,prior_update_add,51,text,1.3767629861831665,0.07352796941995621,0.0,0.0
Movies,44,prior_update_add,51,visual,2.272203207015991,0.0644381195306778,0.0,0.0
Movies,44,prior_update_add,52,text,1.3794139623641968,0.07380711287260056,0.0,0.0
Movies,44,prior_update_add,52,visual,2.2804040908813477,0.0646997019648552,0.0,0.0
Movies,44,prior_update_add,53,text,1.3825292587280273,0.07373819500207901,0.0,0.0
Movies,44,prior_update_add,53,visual,2.2886908054351807,0.06476055085659027,0.0,0.0
Movies,44,prior_update_add,54,text,1.3867368698120117,0.0738871842622757,0.0,0.0
Movies,44,prior_update_add,54,visual,2.2965362071990967,0.06486540287733078,0.0,0.0
Movies,44,prior_update_add,55,text,1.3898597955703735,0.07409259676933289,0.0,0.0
Movies,44,prior_update_add,55,visual,2.302870750427246,0.06485282629728317,0.0,0.0
Movies,44,prior_update_add,56,text,1.3915374279022217,0.07403884828090668,0.0,0.0
Movies,44,prior_update_add,56,visual,2.30950665473938,0.06496983021497726,0.0,0.0
Movies,44,prior_update_add,57,text,1.3931078910827637,0.0744493380188942,0.0,0.0
Movies,44,prior_update_add,57,visual,2.316126823425293,0.06506333500146866,0.0,0.0
Movies,44,prior_update_add,58,text,1.3946856260299683,0.07465659081935883,0.0,0.0
Movies,44,prior_update_add,58,visual,2.3221960067749023,0.06531021744012833,0.0,0.0
Movies,44,prior_update_add,59,text,1.3956979513168335,0.07464228570461273,0.0,0.0
Movies,44,prior_update_add,59,visual,2.3274168968200684,0.06526807695627213,0.0,0.0
Movies,44,prior_update_add,60,text,1.3982106447219849,0.07504427433013916,0.0,0.0
Movies,44,prior_update_add,60,visual,2.3330461978912354,0.06552179902791977,0.0,0.0
Movies,44,prior_update_add,61,text,1.4004942178726196,0.07504922896623611,0.0,0.0
Movies,44,prior_update_add,61,visual,2.338712692260742,0.06550869345664978,0.0,0.0
Movies,44,prior_update_add,62,text,1.403741478919983,0.07526891678571701,0.0,0.0
Movies,44,prior_update_add,62,visual,2.344273328781128,0.06578400731086731,0.0,0.0
Movies,44,prior_update_add,63,text,1.4071683883666992,0.07538089156150818,0.0,0.0
Movies,44,prior_update_add,63,visual,2.3504936695098877,0.0658215805888176,0.0,0.0
Movies,44,prior_update_add,64,text,1.4091051816940308,0.07505886256694794,0.0,0.0
Movies,44,prior_update_add,64,visual,2.358049154281616,0.06587644666433334,0.0,0.0
Movies,44,prior_update_add,65,text,1.41018545627594,0.07518044114112854,0.0,0.0
Movies,44,prior_update_add,65,visual,2.3640835285186768,0.06592370569705963,0.0,0.0
Movies,44,prior_update_add,66,text,1.4121241569519043,0.07576976716518402,0.0,0.0
Movies,44,prior_update_add,66,visual,2.3684732913970947,0.06610136479139328,0.0,0.0
Movies,44,prior_update_add,67,text,1.4140070676803589,0.07580820471048355,0.0,0.0
Movies,44,prior_update_add,67,visual,2.373223066329956,0.0662376806139946,0.0,0.0
Movies,44,prior_update_add,68,text,1.4161149263381958,0.07565955817699432,0.0,0.0
Movies,44,prior_update_add,68,visual,2.378399133682251,0.06628149747848511,0.0,0.0
Movies,44,prior_update_add,69,text,1.418080449104309,0.075806625187397,0.0,0.0
Movies,44,prior_update_add,69,visual,2.3826816082000732,0.06625215709209442,0.0,0.0
Movies,44,prior_update_add,70,text,1.4197124242782593,0.07587932795286179,0.0,0.0
Movies,44,prior_update_add,70,visual,2.386033296585083,0.0663990005850792,0.0,0.0
Movies,44,prior_update_add,71,text,1.4221781492233276,0.07605116814374924,0.0,0.0
Movies,44,prior_update_add,71,visual,2.389528751373291,0.06666665524244308,0.0,0.0
Movies,44,prior_update_add,72,text,1.4247591495513916,0.07611370831727982,0.0,0.0
Movies,44,prior_update_add,72,visual,2.392399787902832,0.06664340943098068,0.0,0.0
Movies,44,prior_update_add,73,text,1.427032470703125,0.07606197893619537,0.0,0.0
Movies,44,prior_update_add,73,visual,2.394707441329956,0.06662487983703613,0.0,0.0
Movies,44,prior_update_add,74,text,1.4303786754608154,0.07629582285881042,0.0,0.0
Movies,44,prior_update_add,74,visual,2.397146224975586,0.06685616821050644,0.0,0.0
Movies,44,prior_update_add,75,text,1.432913899421692,0.07615768164396286,0.0,0.0
Movies,44,prior_update_add,75,visual,2.399468421936035,0.06680036336183548,0.0,0.0
Movies,44,prior_update_add,76,text,1.4345293045043945,0.07604148983955383,0.0,0.0
Movies,44,prior_update_add,76,visual,2.4026875495910645,0.0666067972779274,0.0,0.0
Movies,44,prior_update_add,77,text,1.4364502429962158,0.07629751414060593,0.0,0.0
Movies,44,prior_update_add,77,visual,2.4051334857940674,0.06672750413417816,0.0,0.0
Movies,44,prior_update_add,78,text,1.4382820129394531,0.07657679170370102,0.0,0.0
Movies,44,prior_update_add,78,visual,2.406674385070801,0.06706279516220093,0.0,0.0
Movies,44,prior_update_add,79,text,1.4393800497055054,0.07625170797109604,0.0,0.0
Movies,44,prior_update_add,79,visual,2.408139705657959,0.06707930564880371,0.0,0.0
Movies,44,prior_update_add,80,text,1.440290093421936,0.0763096883893013,0.0,0.0
Movies,44,prior_update_add,80,visual,2.409735679626465,0.06699599325656891,0.0,0.0
Movies,44,prior_update_add,81,text,1.4421535730361938,0.07681892812252045,0.0,0.0
Movies,44,prior_update_add,81,visual,2.4122657775878906,0.06709926575422287,0.0,0.0
Movies,44,prior_update_add,82,text,1.442800521850586,0.07673812657594681,0.0,0.0
Movies,44,prior_update_add,82,visual,2.4141364097595215,0.06711471825838089,0.0,0.0
Movies,44,prior_update_add,83,text,1.442939281463623,0.07638555020093918,0.0,0.0
Movies,44,prior_update_add,83,visual,2.4152493476867676,0.06711608171463013,0.0,0.0
Movies,44,prior_update_add,84,text,1.4437453746795654,0.07670886069536209,0.0,0.0
Movies,44,prior_update_add,84,visual,2.4167134761810303,0.06731835007667542,0.0,0.0
Movies,44,prior_update_add,85,text,1.445618987083435,0.07740870118141174,0.0,0.0
Movies,44,prior_update_add,85,visual,2.418524742126465,0.0674884170293808,0.0,0.0
Movies,44,prior_update_add,86,text,1.4454529285430908,0.07732655107975006,0.0,0.0
Movies,44,prior_update_add,86,visual,2.42063307762146,0.06738846004009247,0.0,0.0
Movies,44,prior_update_add,87,text,1.4448878765106201,0.07669747620820999,0.0,0.0
Movies,44,prior_update_add,87,visual,2.422786235809326,0.06719143688678741,0.0,0.0
Movies,44,prior_update_add,88,text,1.445182204246521,0.07674489915370941,0.0,0.0
Movies,44,prior_update_add,88,visual,2.4245307445526123,0.0673539936542511,0.0,0.0
Movies,44,prior_update_add,89,text,1.445858359336853,0.0775069072842598,0.0,0.0
Movies,44,prior_update_add,89,visual,2.4263343811035156,0.067662812769413,0.0,0.0
Movies,44,prior_update_gate,0,text,0.0,0.0,0.0,0.0
Movies,44,prior_update_gate,0,visual,0.0,0.0,0.0,0.0
Movies,44,prior_update_gate,1,text,0.25574737787246704,0.015998773276805878,0.0,0.0
Movies,44,prior_update_gate,1,visual,0.2556725740432739,0.01599312201142311,0.0,0.0
Movies,44,prior_update_gate,2,text,0.4014046788215637,0.02510138228535652,0.26341262459754944,0.01187082752585411
Movies,44,prior_update_gate,2,visual,0.40077662467956543,0.024974433705210686,0.2619898021221161,0.011847926303744316
Movies,44,prior_update_gate,3,text,0.5296683311462402,0.03346370905637741,0.49956512451171875,0.022558948025107384
Movies,44,prior_update_gate,3,visual,0.5316012501716614,0.03323319926857948,0.4804982841014862,0.02173938788473606
Movies,44,prior_update_gate,4,text,0.6175373196601868,0.03904217109084129,0.6251795887947083,0.027546271681785583
Movies,44,prior_update_gate,4,visual,0.6373712420463562,0.03923238068819046,0.6193282008171082,0.02687108889222145
Movies,44,prior_update_gate,5,text,0.6860204339027405,0.04258076474070549,0.7352923154830933,0.031347472220659256
Movies,44,prior_update_gate,5,visual,0.7321377396583557,0.04342435672879219,0.744158148765564,0.03100414015352726
Movies,44,prior_update_gate,6,text,0.7478739619255066,0.04470435157418251,0.8398565053939819,0.034612033516168594
Movies,44,prior_update_gate,6,visual,0.8277163505554199,0.046320267021656036,0.8791245222091675,0.03590921685099602
Movies,44,prior_update_gate,7,text,0.8055399656295776,0.0464838407933712,0.9363513588905334,0.03811271861195564
Movies,44,prior_update_gate,7,visual,0.9273374676704407,0.048751071095466614,1.0203907489776611,0.04224381223320961
Movies,44,prior_update_gate,8,text,0.8660784363746643,0.04838409274816513,1.023679256439209,0.04103689640760422
Movies,44,prior_update_gate,8,visual,1.0304592847824097,0.051038142293691635,1.163631558418274,0.04975887015461922
Movies,44,prior_update_gate,9,text,0.927410364151001,0.05059314891695976,1.1022454500198364,0.04300430789589882
Movies,44,prior_update_gate,9,visual,1.1247248649597168,0.05295870825648308,1.296932578086853,0.056833527982234955
Movies,44,prior_update_gate,10,text,0.9705308675765991,0.052675310522317886,1.1501715183258057,0.0460960827767849
Movies,44,prior_update_gate,10,visual,1.2083475589752197,0.054736390709877014,1.4159905910491943,0.06278929859399796
Movies,44,prior_update_gate,11,text,1.006506085395813,0.054458294063806534,1.1911699771881104,0.049208689481019974
Movies,44,prior_update_gate,11,visual,1.2837423086166382,0.05568033456802368,1.524266242980957,0.06778594106435776
Movies,44,prior_update_gate,12,text,1.040824055671692,0.05614588409662247,1.2401049137115479,0.05212869495153427
Movies,44,prior_update_gate,12,visual,1.3513208627700806,0.05615224689245224,1.6261224746704102,0.07173167169094086
Movies,44,prior_update_gate,13,text,1.0702674388885498,0.05753011256456375,1.286869764328003,0.05563860014081001
Movies,44,prior_update_gate,13,visual,1.4156806468963623,0.05674294754862785,1.7284188270568848,0.07534857839345932
Movies,44,prior_update_gate,14,text,1.0976866483688354,0.05916136875748634,1.3358972072601318,0.05864560976624489
Movies,44,prior_update_gate,14,visual,1.4806479215621948,0.057593896985054016,1.8345873355865479,0.07937989383935928
Movies,44,prior_update_gate,15,text,1.122552514076233,0.06116436794400215,1.3879165649414062,0.06114665046334267
Movies,44,prior_update_gate,15,visual,1.5424836874008179,0.058467764407396317,1.9413219690322876,0.08342551440000534
Movies,44,prior_update_gate,16,text,1.1427615880966187,0.06304774433374405,1.4370722770690918,0.06358054280281067
Movies,44,prior_update_gate,16,visual,1.6028002500534058,0.05931547284126282,2.045825958251953,0.0874810665845871
Movies,44,prior_update_gate,17,text,1.1624633073806763,0.06455159932374954,1.4852123260498047,0.06604628264904022
Movies,44,prior_update_gate,17,visual,1.6638718843460083,0.060058433562517166,2.1523330211639404,0.09193751215934753
Movies,44,prior_update_gate,18,text,1.1834691762924194,0.06602749228477478,1.5350433588027954,0.06832251697778702
Movies,44,prior_update_gate,18,visual,1.7228137254714966,0.06081993877887726,2.259744882583618,0.09624825417995453
Movies,44,prior_update_gate,19,text,1.201981544494629,0.0672517716884613,1.58332359790802,0.07057908922433853
Movies,44,prior_update_gate,19,visual,1.7806181907653809,0.061512552201747894,2.3669002056121826,0.10058321803808212
Movies,44,prior_update_gate,20,text,1.2174152135849,0.06841307133436203,1.6307644844055176,0.07278770953416824
Movies,44,prior_update_gate,20,visual,1.8358099460601807,0.062087852507829666,2.473341941833496,0.10473086684942245
Movies,44,prior_update_gate,21,text,1.2318987846374512,0.06987205147743225,1.6779035329818726,0.0747746154665947
Movies,44,prior_update_gate,21,visual,1.8871663808822632,0.06277534365653992,2.5783064365386963,0.10838279873132706
Movies,44,prior_update_gate,22,text,1.2459686994552612,0.07096124440431595,1.7221273183822632,0.0767880380153656
Movies,44,prior_update_gate,22,visual,1.9382811784744263,0.06311991810798645,2.682817220687866,0.11217998713254929
Movies,44,prior_update_gate,23,text,1.2584680318832397,0.07194957137107849,1.7652194499969482,0.07874469459056854
Movies,44,prior_update_gate,23,visual,1.9869532585144043,0.06329208612442017,2.7871758937835693,0.1157134547829628
Movies,44,prior_update_gate,24,text,1.269824504852295,0.07307523488998413,1.8071421384811401,0.08059263229370117
Movies,44,prior_update_gate,24,visual,2.0339763164520264,0.06366663426160812,2.8937268257141113,0.1190657690167427
Movies,44,prior_update_gate,25,text,1.2810981273651123,0.07369958609342575,1.8472422361373901,0.08237892389297485
Movies,44,prior_update_gate,25,visual,2.080857992172241,0.06378430873155594,2.997976303100586,0.12247352302074432
Movies,44,prior_update_gate,26,text,1.2913126945495605,0.07450441271066666,1.8849700689315796,0.0840122178196907
Movies,44,prior_update_gate,26,visual,2.1273632049560547,0.06391312181949615,3.103658437728882,0.12612955272197723
Movies,44,prior_update_gate,27,text,1.3003077507019043,0.07555752992630005,1.9207818508148193,0.08554369956254959
Movies,44,prior_update_gate,27,visual,2.1712961196899414,0.06423227488994598,3.2091636657714844,0.12947045266628265
Movies,44,prior_update_gate,28,text,1.3094476461410522,0.07613666355609894,1.9559718370437622,0.08711113035678864
Movies,44,prior_update_gate,28,visual,2.213277816772461,0.06430286914110184,3.3099637031555176,0.13230520486831665
Movies,44,prior_update_gate,29,text,1.318522334098816,0.0767345279455185,1.9882285594940186,0.08851264417171478
Movies,44,prior_update_gate,29,visual,2.2547504901885986,0.0644906759262085,3.411466360092163,0.1351260542869568
Movies,44,prior_update_gate,30,text,1.3262804746627808,0.077536441385746,2.0182392597198486,0.08979292213916779
Movies,44,prior_update_gate,30,visual,2.291067123413086,0.06463752686977386,3.509711503982544,0.13732534646987915
Movies,44,prior_update_gate,31,text,1.3337767124176025,0.07858668267726898,2.045931339263916,0.09095099568367004
Movies,44,prior_update_gate,31,visual,2.326784372329712,0.06496862322092056,3.6096770763397217,0.13944317400455475
Movies,44,prior_update_gate,32,text,1.340837001800537,0.079260915517807,2.0726687908172607,0.09215512126684189
Movies,44,prior_update_gate,32,visual,2.362154006958008,0.06525127589702606,3.7067511081695557,0.1415102481842041
Movies,44,prior_update_gate,33,text,1.3472298383712769,0.0793999433517456,2.0995543003082275,0.09350155293941498
Movies,44,prior_update_gate,33,visual,2.3975982666015625,0.06529459357261658,3.8033885955810547,0.14383314549922943
Movies,44,prior_update_gate,34,text,1.352837324142456,0.07983468472957611,2.124704360961914,0.09472792595624924
Movies,44,prior_update_gate,34,visual,2.428783893585205,0.06544700264930725,3.8959317207336426,0.1454460471868515
Movies,44,prior_update_gate,35,text,1.3582967519760132,0.08080335706472397,2.1470916271209717,0.09571101516485214
Movies,44,prior_update_gate,35,visual,2.4568910598754883,0.065850630402565,3.985246419906616,0.1463969647884369
Movies,44,prior_update_gate,36,text,1.3637501001358032,0.08149471133947372,2.1681180000305176,0.09661874175071716
Movies,44,prior_update_gate,36,visual,2.484619379043579,0.06616959720849991,4.070680618286133,0.14721016585826874
Movies,44,prior_update_gate,37,text,1.3679701089859009,0.08161216974258423,2.1891722679138184,0.0976330041885376
Movies,44,prior_update_gate,37,visual,2.5113556385040283,0.06633366644382477,4.152139186859131,0.14790767431259155
Movies,44,prior_update_gate,38,text,1.371646523475647,0.0817091092467308,2.20950984954834,0.09864252805709839
Movies,44,prior_update_gate,38,visual,2.5354084968566895,0.06656403094530106,4.233058452606201,0.14830972254276276
Movies,44,prior_update_gate,39,text,1.3758256435394287,0.08187765628099442,2.2285802364349365,0.0995403602719307
Movies,44,prior_update_gate,39,visual,2.5578582286834717,0.06674091517925262,4.311034202575684,0.14840257167816162
Movies,44,prior_update_gate,40,text,1.380179524421692,0.08270247280597687,2.2438793182373047,0.10008947551250458
Movies,44,prior_update_gate,40,visual,2.5799782276153564,0.0671875849366188,4.387955665588379,0.14849598705768585
Movies,44,prior_update_gate,41,text,1.3843342065811157,0.08319807052612305,2.2590200901031494,0.10066623985767365
Movies,44,prior_update_gate,41,visual,2.6012561321258545,0.06745090335607529,4.462050914764404,0.14873656630516052
Movies,44,prior_update_gate,42,text,1.3881771564483643,0.08333826810121536,2.275146484375,0.10139257460832596
Movies,44,prior_update_gate,42,visual,2.622612476348877,0.06778253614902496,4.535865306854248,0.14902524650096893
Movies,44,prior_update_gate,43,text,1.3924652338027954,0.08365226536989212,2.290280818939209,0.10209567099809647
Movies,44,prior_update_gate,43,visual,2.6426913738250732,0.0679716020822525,4.6072869300842285,0.14913997054100037
Movies,44,prior_update_gate,44,text,1.3968873023986816,0.0843002051115036,2.3034660816192627,0.10262958705425262
Movies,44,prior_update_gate,44,visual,2.661677360534668,0.06830760836601257,4.6789631843566895,0.1490987241268158
Movies,44,prior_update_gate,45,text,1.4011120796203613,0.08451121300458908,2.3174197673797607,0.10326555371284485
Movies,44,prior_update_gate,45,visual,2.6795432567596436,0.06843148916959763,4.74755859375,0.14894123375415802
Movies,44,prior_update_gate,46,text,1.4049177169799805,0.08482249826192856,2.3302767276763916,0.10372798144817352
Movies,44,prior_update_gate,46,visual,2.6963276863098145,0.06872236728668213,4.814222812652588,0.14876192808151245
Movies,44,prior_update_gate,47,text,1.4085763692855835,0.08534932881593704,2.3427867889404297,0.10408391803503036
Movies,44,prior_update_gate,47,visual,2.714946746826172,0.06920734792947769,4.881699085235596,0.14877371490001678
Movies,44,prior_update_gate,48,text,1.4124352931976318,0.0856940746307373,2.3553030490875244,0.10452792048454285
Movies,44,prior_update_gate,48,visual,2.7313690185546875,0.06942948698997498,4.945063591003418,0.14848922193050385
Movies,44,prior_update_gate,49,text,1.4159373044967651,0.08596913516521454,2.3667073249816895,0.10501334071159363
Movies,44,prior_update_gate,49,visual,2.744556188583374,0.06953892111778259,5.004996299743652,0.1477433741092682
Movies,44,prior_update_gate,50,text,1.4192606210708618,0.0863572508096695,2.3768389225006104,0.10542278736829758
Movies,44,prior_update_gate,50,visual,2.7567782402038574,0.06978930532932281,5.063103199005127,0.147039994597435
Movies,44,prior_update_gate,51,text,1.4221240282058716,0.08642663061618805,2.388864040374756,0.10608530789613724
Movies,44,prior_update_gate,51,visual,2.7689762115478516,0.06974479556083679,5.118412017822266,0.1461765170097351
Movies,44,prior_update_gate,52,text,1.4249191284179688,0.0862676352262497,2.402453899383545,0.10682468861341476
Movies,44,prior_update_gate,52,visual,2.7818753719329834,0.06968118250370026,5.173506259918213,0.14519277215003967
Movies,44,prior_update_gate,53,text,1.4275010824203491,0.08638717979192734,2.414567470550537,0.10742178559303284
Movies,44,prior_update_gate,53,visual,2.7931923866271973,0.06991000473499298,5.226987361907959,0.14423716068267822
Movies,44,prior_update_gate,54,text,1.4299970865249634,0.08689671009778976,2.424832820892334,0.10789824277162552
Movies,44,prior_update_gate,54,visual,2.803183078765869,0.07036984711885452,5.280331611633301,0.1432691365480423
Movies,44,prior_update_gate,55,text,1.4329754114151,0.08731372654438019,2.435296058654785,0.10840826481580734
Movies,44,prior_update_gate,55,visual,2.8119661808013916,0.07057685405015945,5.330206871032715,0.14202646911144257
Movies,44,prior_update_gate,56,text,1.4359774589538574,0.08747971057891846,2.4467780590057373,0.10907644778490067
Movies,44,prior_update_gate,56,visual,2.8205678462982178,0.07053962349891663,5.377023220062256,0.14053185284137726
Movies,44,prior_update_gate,57,text,1.4384244680404663,0.08760344982147217,2.4579885005950928,0.10974829643964767
Movies,44,prior_update_gate,57,visual,2.8295440673828125,0.07062426954507828,5.4218668937683105,0.1391637772321701
Movies,44,prior_update_gate,58,text,1.4399142265319824,0.0875166654586792,2.468653678894043,0.1103907972574234
Movies,44,prior_update_gate,58,visual,2.8378164768218994,0.07073438912630081,5.466209411621094,0.13793131709098816
Movies,44,prior_update_gate,59,text,1.4409940242767334,0.08735230565071106,2.4783642292022705,0.11095516383647919
Movies,44,prior_update_gate,59,visual,2.845285654067993,0.07067286223173141,5.509311676025391,0.1367955505847931
Movies,44,prior_update_gate,60,text,1.4431068897247314,0.08773333579301834,2.485736846923828,0.11110100895166397
Movies,44,prior_update_gate,60,visual,2.854114532470703,0.07080002129077911,5.55527400970459,0.13582555949687958
Movies,44,prior_update_gate,61,text,1.4456498622894287,0.08830235153436661,2.492449998855591,0.11118336021900177
Movies,44,prior_update_gate,61,visual,2.8626792430877686,0.07112246751785278,5.599607944488525,0.13492116332054138
Movies,44,prior_update_gate,62,text,1.448183298110962,0.08869899064302444,2.500290632247925,0.11151686310768127
Movies,44,prior_update_gate,62,visual,2.870922565460205,0.07147461175918579,5.642063617706299,0.13395965099334717
Movies,44,prior_update_gate,63,text,1.4500954151153564,0.08874049037694931,2.510254144668579,0.11215095221996307
Movies,44,prior_update_gate,63,visual,2.878035306930542,0.07147826254367828,5.682102203369141,0.13281002640724182
Movies,44,prior_update_gate,64,text,1.4515347480773926,0.08867021650075912,2.520550489425659,0.1127985343337059
Movies,44,prior_update_gate,64,visual,2.884533643722534,0.07128654420375824,5.721492290496826,0.131684809923172
Movies,44,prior_update_gate,65,text,1.4529236555099487,0.08895758539438248,2.5287485122680664,0.1131664514541626
Movies,44,prior_update_gate,65,visual,2.890507936477661,0.07146066427230835,5.761187553405762,0.13067694008350372
Movies,44,prior_update_gate,66,text,1.4544817209243774,0.08950361609458923,2.5352954864501953,0.11331171542406082
Movies,44,prior_update_gate,66,visual,2.896634340286255,0.0719454437494278,5.801461219787598,0.1298224925994873
Movies,44,prior_update_gate,67,text,1.4560147523880005,0.08961848169565201,2.5437099933624268,0.11364756524562836
Movies,44,prior_update_gate,67,visual,2.9032907485961914,0.07215148955583572,5.8392791748046875,0.12885083258152008
Movies,44,prior_update_gate,68,text,1.4581855535507202,0.0897175669670105,2.5526933670043945,0.11400141566991806
Movies,44,prior_update_gate,68,visual,2.910139560699463,0.07213641703128815,5.876290321350098,0.12776337563991547
Movies,44,prior_update_gate,69,text,1.4605733156204224,0.09001779556274414,2.560368061065674,0.11430592089891434
Movies,44,prior_update_gate,69,visual,2.9176039695739746,0.07234108448028564,5.914857864379883,0.12695495784282684
Movies,44,prior_update_gate,70,text,1.4621410369873047,0.08991073071956635,2.56898832321167,0.11487706750631332
Movies,44,prior_update_gate,70,visual,2.9251179695129395,0.07249303162097931,5.952871799468994,0.12596465647220612
Movies,44,prior_update_gate,71,text,1.4635722637176514,0.09010545164346695,2.576993227005005,0.11520674079656601
Movies,44,prior_update_gate,71,visual,2.934372663497925,0.07259160280227661,5.9956278800964355,0.12509144842624664
Movies,44,prior_update_gate,72,text,1.4656341075897217,0.09051157534122467,2.584061622619629,0.11536106467247009
Movies,44,prior_update_gate,72,visual,2.943380355834961,0.07279710471630096,6.0385661125183105,0.12436411529779434
Movies,44,prior_update_gate,73,text,1.4674559831619263,0.09036693722009659,2.5937182903289795,0.11577218025922775
Movies,44,prior_update_gate,73,visual,2.951608896255493,0.0728672593832016,6.079244613647461,0.12340244650840759
Movies,44,prior_update_gate,74,text,1.4711915254592896,0.09057792276144028,2.6024861335754395,0.11587103456258774
Movies,44,prior_update_gate,74,visual,2.9610488414764404,0.07326461374759674,6.1212053298950195,0.12258162349462509
Movies,44,prior_update_gate,75,text,1.4752492904663086,0.0909985601902008,2.6089887619018555,0.1157180666923523
Movies,44,prior_update_gate,75,visual,2.969536542892456,0.07364968955516815,6.164948463439941,0.12174567580223083
Movies,44,prior_update_gate,76,text,1.4770177602767944,0.09080838412046432,2.617485284805298,0.11600697040557861
Movies,44,prior_update_gate,76,visual,2.9792025089263916,0.07376997917890549,6.211559772491455,0.1210707351565361
Movies,44,prior_update_gate,77,text,1.4792221784591675,0.09090812504291534,2.626054048538208,0.11622768640518188
Movies,44,prior_update_gate,77,visual,2.990468978881836,0.0739855244755745,6.258326530456543,0.12061692774295807
Movies,44,prior_update_gate,78,text,1.4820457696914673,0.09081157296895981,2.637007474899292,0.11657062917947769
Movies,44,prior_update_gate,78,visual,3.0026166439056396,0.07409992069005966,6.305415630340576,0.12012447416782379
Movies,44,prior_update_gate,79,text,1.4851315021514893,0.09097876399755478,2.6461925506591797,0.11673583835363388
Movies,44,prior_update_gate,79,visual,3.012397289276123,0.07444019615650177,6.351132869720459,0.11957715451717377
Movies,44,prior_update_gate,80,text,1.4889694452285767,0.09156424552202225,2.6528682708740234,0.11658023297786713
Movies,44,prior_update_gate,80,visual,3.0204646587371826,0.07501983642578125,6.396878242492676,0.11904852092266083
Movies,44,prior_update_gate,81,text,1.4925365447998047,0.09183380007743835,2.6613030433654785,0.1166076585650444
Movies,44,prior_update_gate,81,visual,3.028395891189575,0.07535272091627121,6.441072940826416,0.11831609904766083
Movies,44,prior_update_gate,82,text,1.4952257871627808,0.0917469933629036,2.6718289852142334,0.11700129508972168
Movies,44,prior_update_gate,82,visual,3.0371720790863037,0.0755922719836235,6.483842372894287,0.11745429039001465
Movies,44,prior_update_gate,83,text,1.4981143474578857,0.09169767796993256,2.6818580627441406,0.11737137287855148
Movies,44,prior_update_gate,83,visual,3.046832323074341,0.07586635649204254,6.526695728302002,0.11690002679824829
Movies,44,prior_update_gate,84,text,1.500373125076294,0.09143884479999542,2.692150354385376,0.11786443740129471
Movies,44,prior_update_gate,84,visual,3.0552361011505127,0.075904481112957,6.568063259124756,0.11624738574028015
Movies,44,prior_update_gate,85,text,1.503310203552246,0.09156694263219833,2.700956344604492,0.11810199171304703
Movies,44,prior_update_gate,85,visual,3.062873601913452,0.07598911225795746,6.610358238220215,0.11561814695596695
Movies,44,prior_update_gate,86,text,1.5068283081054688,0.0921507477760315,2.708167791366577,0.11805786192417145
Movies,44,prior_update_gate,86,visual,3.0705275535583496,0.0763346403837204,6.651644706726074,0.11511295288801193
Movies,44,prior_update_gate,87,text,1.5105582475662231,0.09247244894504547,2.717423677444458,0.11816725879907608
Movies,44,prior_update_gate,87,visual,3.078040361404419,0.07662620395421982,6.692218780517578,0.11429941654205322
Movies,44,prior_update_gate,88,text,1.5133943557739258,0.09229836612939835,2.728621244430542,0.11855626851320267
Movies,44,prior_update_gate,88,visual,3.0851056575775146,0.07670539617538452,6.7321367263793945,0.11352232098579407
Movies,44,prior_update_gate,89,text,1.5166529417037964,0.09242721647024155,2.7376604080200195,0.11877400428056717
Movies,44,prior_update_gate,89,visual,3.091867446899414,0.07703138142824173,6.771455764770508,0.11297772079706192
Movies,44,prior_update_gate,90,text,1.5210292339324951,0.09283215552568436,2.7447569370269775,0.11879894137382507
Movies,44,prior_update_gate,90,visual,3.0987842082977295,0.07750765979290009,6.811938762664795,0.1125236377120018
Movies,44,prior_update_gate,91,text,1.5254042148590088,0.09289994835853577,2.753014326095581,0.1189497858285904
Movies,44,prior_update_gate,91,visual,3.105511426925659,0.07766241580247879,6.850768089294434,0.11183324456214905
Movies,44,prior_update_gate,92,text,1.5299732685089111,0.09267107397317886,2.7629756927490234,0.11917617172002792
Movies,44,prior_update_gate,92,visual,3.1128251552581787,0.07760588079690933,6.888957977294922,0.11093045026063919
Movies,44,prior_update_gate,93,text,1.5343036651611328,0.09275449812412262,2.7721991539001465,0.11928140372037888
Movies,44,prior_update_gate,93,visual,3.119893789291382,0.07778295129537582,6.92601203918457,0.11032822728157043
Movies,44,prior_update_gate,94,text,1.5391663312911987,0.09323534369468689,2.780519485473633,0.1191769689321518
Movies,44,prior_update_gate,94,visual,3.1269404888153076,0.0782126933336258,6.963902950286865,0.11014111340045929
Movies,44,prior_update_gate,95,text,1.5432868003845215,0.09334998577833176,2.789639949798584,0.11926348507404327
Movies,44,prior_update_gate,95,visual,3.1329245567321777,0.07840295135974884,6.999649524688721,0.10971302539110184
Movies,44,prior_update_gate,96,text,1.5467942953109741,0.09310019761323929,2.799624443054199,0.11953551322221756
Movies,44,prior_update_gate,96,visual,3.1381077766418457,0.07838120311498642,7.033326148986816,0.1090247854590416
Movies,44,prior_update_gate,97,text,1.5508884191513062,0.09319770336151123,2.808723211288452,0.11957711726427078
Movies,44,prior_update_gate,97,visual,3.1451313495635986,0.07858943939208984,7.069487571716309,0.1083129495382309
Movies,44,prior_update_gate,98,text,1.554966688156128,0.09352655708789825,2.8163299560546875,0.11953180283308029
Movies,44,prior_update_gate,98,visual,3.151907205581665,0.07896846532821655,7.104924201965332,0.1078854352235794
Movies,44,prior_update_gate,99,text,1.5580021142959595,0.09357691556215286,2.824162244796753,0.11968514323234558
Movies,44,prior_update_gate,99,visual,3.1573739051818848,0.07919491082429886,7.139243125915527,0.10737378895282745
Movies,44,prior_update_gate,100,text,1.5607589483261108,0.09326978027820587,2.834528684616089,0.12007126957178116
Movies,44,prior_update_gate,100,visual,3.163022994995117,0.07909046113491058,7.174278259277344,0.10654429346323013
Movies,44,prior_update_gate,101,text,1.5644111633300781,0.09339921921491623,2.8435823917388916,0.12018592655658722
Movies,44,prior_update_gate,101,visual,3.1696207523345947,0.07924016565084457,7.209556579589844,0.10582300275564194
Movies,44,prior_update_gate,102,text,1.5688796043395996,0.09410042315721512,2.8511719703674316,0.11992968618869781
Movies,44,prior_update_gate,102,visual,3.1764824390411377,0.07967333495616913,7.245572090148926,0.1050824522972107
Movies,44,prior_update_gate,103,text,1.5727378129959106,0.09439760446548462,2.8593289852142334,0.1198473647236824
Movies,44,prior_update_gate,103,visual,3.1824824810028076,0.07995282113552094,7.27994966506958,0.10436414927244186
Movies,44,prior_update_gate,104,text,1.5752034187316895,0.09420055150985718,2.8681790828704834,0.12009051442146301
Movies,44,prior_update_gate,104,visual,3.1888129711151123,0.0800396278500557,7.313719749450684,0.1038535013794899
Movies,44,prior_update_gate,105,text,1.5781528949737549,0.09426760673522949,2.8762710094451904,0.1202487051486969
Movies,44,prior_update_gate,105,visual,3.1958014965057373,0.08027178794145584,7.347154140472412,0.10362023860216141
Movies,44,prior_update_gate,106,text,1.5810736417770386,0.09423355013132095,2.884979248046875,0.120509572327137
Movies,44,prior_update_gate,106,visual,3.204339027404785,0.08054757118225098,7.381076335906982,0.10341260582208633
Movies,44,prior_update_gate,107,text,1.5836181640625,0.09411875158548355,2.8940224647521973,0.12078455090522766
Movies,44,prior_update_gate,107,visual,3.2119572162628174,0.08058524876832962,7.4136786460876465,0.10296804457902908
Movies,44,prior_update_gate,108,text,1.5865998268127441,0.09418600052595139,2.902496576309204,0.12088232487440109
Movies,44,prior_update_gate,108,visual,3.2186179161071777,0.08055641502141953,7.4462971687316895,0.1025046855211258
Movies,44,prior_update_gate,109,text,1.590693473815918,0.0945371687412262,2.909554958343506,0.12078233063220978
Movies,44,prior_update_gate,109,visual,3.225128650665283,0.08077118545770645,7.478118419647217,0.10235493630170822
Movies,44,prior_update_gate,110,text,1.5953081846237183,0.09490976482629776,2.91618275642395,0.12065812200307846
Movies,44,prior_update_gate,110,visual,3.2322616577148438,0.08116856962442398,7.509619235992432,0.10236024856567383
Movies,44,prior_update_gate,111,text,1.5996237993240356,0.09490974992513657,2.924140691757202,0.12069760262966156
Movies,44,prior_update_gate,111,visual,3.2387733459472656,0.08132270723581314,7.539628028869629,0.10213229805231094
Movies,44,prior_update_gate,112,text,1.603318452835083,0.0946354791522026,2.9326748847961426,0.12084823101758957
Movies,44,prior_update_gate,112,visual,3.244051933288574,0.0812506228685379,7.5685248374938965,0.10164173692464828
Movies,44,prior_update_gate,113,text,1.6073200702667236,0.09464345127344131,2.9405109882354736,0.12082960456609726
Movies,44,prior_update_gate,113,visual,3.2493038177490234,0.08144981414079666,7.598276615142822,0.10133834183216095
Movies,44,prior_update_gate,114,text,1.612066626548767,0.0950455591082573,2.94742751121521,0.12058445811271667
Movies,44,prior_update_gate,114,visual,3.2556028366088867,0.08186167478561401,7.629092216491699,0.10130895674228668
Movies,44,prior_update_gate,115,text,1.616878867149353,0.0952642560005188,2.9549357891082764,0.12044458091259003
Movies,44,prior_update_gate,115,visual,3.2619643211364746,0.08198583126068115,7.659567832946777,0.1010025218129158
Movies,44,prior_update_gate,116,text,1.6199283599853516,0.09492984414100647,2.96494722366333,0.1207571029663086
Movies,44,prior_update_gate,116,visual,3.2689270973205566,0.08187905699014664,7.689759254455566,0.10055810213088989
Movies,44,prior_update_gate,117,text,1.6241735219955444,0.09508398175239563,2.973440170288086,0.12077322602272034
Movies,44,prior_update_gate,117,visual,3.2761104106903076,0.08203735947608948,7.720019817352295,0.10043913125991821
Movies,44,prior_update_gate,118,text,1.629721760749817,0.09563314914703369,2.9807567596435547,0.12046758830547333
Movies,44,prior_update_gate,118,visual,3.2836906909942627,0.08248443901538849,7.751779556274414,0.10056816786527634
Movies,44,prior_update_gate,119,text,1.6348811388015747,0.09569014608860016,2.9889731407165527,0.12033788114786148
Movies,44,prior_update_gate,119,visual,3.290219783782959,0.08268874138593674,7.781803131103516,0.10032127052545547
Movies,44,prior_update_gate,120,text,1.640197515487671,0.09545950591564178,2.997459650039673,0.12027666717767715
Movies,44,prior_update_gate,120,visual,3.295637369155884,0.08262421190738678,7.810683727264404,0.09973012655973434
Movies,44,prior_update_gate,121,text,1.6461677551269531,0.09566077589988708,3.0053181648254395,0.11998885124921799
Movies,44,prior_update_gate,121,visual,3.3024446964263916,0.08275415748357773,7.842117786407471,0.09944886714220047
Movies,44,prior_update_gate,122,text,1.6506532430648804,0.09561603516340256,3.0134449005126953,0.11994080990552902
Movies,44,prior_update_gate,122,visual,3.3100905418395996,0.08302487432956696,7.872678279876709,0.09946337342262268
Movies,44,prior_update_gate,123,text,1.6556203365325928,0.09557098895311356,3.0219035148620605,0.11976005136966705
Movies,44,prior_update_gate,123,visual,3.3191518783569336,0.08325359225273132,7.905494689941406,0.09962716698646545
Movies,44,terminal,0,text,0.0,0.0,0.0,0.0
Movies,44,terminal,0,visual,0.0,0.0,0.0,0.0
Movies,44,terminal,1,text,0.0,0.0,0.0,0.0
Movies,44,terminal,1,visual,0.0,0.0,0.0,0.0
Movies,44,terminal,2,text,0.0,0.0,0.0,0.0
Movies,44,terminal,2,visual,0.0,0.0,0.0,0.0
Movies,44,terminal,3,text,0.0,0.0,0.0,0.0
Movies,44,terminal,3,visual,0.0,0.0,0.0,0.0
Movies,44,terminal,4,text,0.0,0.0,0.0,0.0
Movies,44,terminal,4,visual,0.0,0.0,0.0,0.0
Movies,44,terminal,5,text,0.0,0.0,0.0,0.0
Movies,44,terminal,5,visual,0.0,0.0,0.0,0.0
Movies,44,terminal,6,text,0.0,0.0,0.0,0.0
Movies,44,terminal,6,visual,0.0,0.0,0.0,0.0
Movies,44,terminal,7,text,0.0,0.0,0.0,0.0
Movies,44,terminal,7,visual,0.0,0.0,0.0,0.0
Movies,44,terminal,8,text,0.0,0.0,0.0,0.0
Movies,44,terminal,8,visual,0.0,0.0,0.0,0.0
Movies,44,terminal,9,text,0.0,0.0,0.0,0.0
Movies,44,terminal,9,visual,0.0,0.0,0.0,0.0
Movies,44,terminal,10,text,0.0,0.0,0.0,0.0
Movies,44,terminal,10,visual,0.0,0.0,0.0,0.0
Movies,44,terminal,11,text,0.0,0.0,0.0,0.0
Movies,44,terminal,11,visual,0.0,0.0,0.0,0.0
Movies,44,terminal,12,text,0.0,0.0,0.0,0.0
Movies,44,terminal,12,visual,0.0,0.0,0.0,0.0
Movies,44,terminal,13,text,0.0,0.0,0.0,0.0
Movies,44,terminal,13,visual,0.0,0.0,0.0,0.0
Movies,44,terminal,14,text,0.0,0.0,0.0,0.0
Movies,44,terminal,14,visual,0.0,0.0,0.0,0.0
Movies,44,terminal,15,text,0.0,0.0,0.0,0.0
Movies,44,terminal,15,visual,0.0,0.0,0.0,0.0
Movies,44,terminal,16,text,0.0,0.0,0.0,0.0
Movies,44,terminal,16,visual,0.0,0.0,0.0,0.0
Movies,44,terminal,17,text,0.0,0.0,0.0,0.0
Movies,44,terminal,17,visual,0.0,0.0,0.0,0.0
Movies,44,terminal,18,text,0.0,0.0,0.0,0.0
Movies,44,terminal,18,visual,0.0,0.0,0.0,0.0
Movies,44,terminal,19,text,0.0,0.0,0.0,0.0
Movies,44,terminal,19,visual,0.0,0.0,0.0,0.0
Movies,44,terminal,20,text,0.0,0.0,0.0,0.0
Movies,44,terminal,20,visual,0.0,0.0,0.0,0.0
Movies,44,terminal,21,text,0.0,0.0,0.0,0.0
Movies,44,terminal,21,visual,0.0,0.0,0.0,0.0
Movies,44,terminal,22,text,0.0,0.0,0.0,0.0
Movies,44,terminal,22,visual,0.0,0.0,0.0,0.0
Movies,44,terminal,23,text,0.0,0.0,0.0,0.0
Movies,44,terminal,23,visual,0.0,0.0,0.0,0.0
Movies,44,terminal,24,text,0.0,0.0,0.0,0.0
Movies,44,terminal,24,visual,0.0,0.0,0.0,0.0
Movies,44,terminal,25,text,0.0,0.0,0.0,0.0
Movies,44,terminal,25,visual,0.0,0.0,0.0,0.0
Movies,44,terminal,26,text,0.0,0.0,0.0,0.0
Movies,44,terminal,26,visual,0.0,0.0,0.0,0.0
Movies,44,terminal,27,text,0.0,0.0,0.0,0.0
Movies,44,terminal,27,visual,0.0,0.0,0.0,0.0
Movies,44,terminal,28,text,0.0,0.0,0.0,0.0
Movies,44,terminal,28,visual,0.0,0.0,0.0,0.0
Movies,44,terminal,29,text,0.0,0.0,0.0,0.0
Movies,44,terminal,29,visual,0.0,0.0,0.0,0.0
Movies,44,terminal,30,text,0.0,0.0,0.0,0.0
Movies,44,terminal,30,visual,0.0,0.0,0.0,0.0
Movies,44,terminal,31,text,0.0,0.0,0.0,0.0
Movies,44,terminal,31,visual,0.0,0.0,0.0,0.0
Movies,44,terminal,32,text,0.0,0.0,0.0,0.0
Movies,44,terminal,32,visual,0.0,0.0,0.0,0.0
Movies,44,terminal,33,text,0.0,0.0,0.0,0.0
Movies,44,terminal,33,visual,0.0,0.0,0.0,0.0
Movies,44,terminal,34,text,0.0,0.0,0.0,0.0
Movies,44,terminal,34,visual,0.0,0.0,0.0,0.0
Movies,44,terminal,35,text,0.0,0.0,0.0,0.0
Movies,44,terminal,35,visual,0.0,0.0,0.0,0.0
Movies,44,terminal,36,text,0.0,0.0,0.0,0.0
Movies,44,terminal,36,visual,0.0,0.0,0.0,0.0
Movies,44,terminal,37,text,0.0,0.0,0.0,0.0
Movies,44,terminal,37,visual,0.0,0.0,0.0,0.0
Movies,44,terminal,38,text,0.0,0.0,0.0,0.0
Movies,44,terminal,38,visual,0.0,0.0,0.0,0.0
Movies,44,terminal,39,text,0.0,0.0,0.0,0.0
Movies,44,terminal,39,visual,0.0,0.0,0.0,0.0
Movies,44,terminal,40,text,0.0,0.0,0.0,0.0
Movies,44,terminal,40,visual,0.0,0.0,0.0,0.0
Movies,44,terminal,41,text,0.0,0.0,0.0,0.0
Movies,44,terminal,41,visual,0.0,0.0,0.0,0.0
Movies,44,terminal,42,text,0.0,0.0,0.0,0.0
Movies,44,terminal,42,visual,0.0,0.0,0.0,0.0
Movies,44,terminal,43,text,0.0,0.0,0.0,0.0
Movies,44,terminal,43,visual,0.0,0.0,0.0,0.0
Movies,44,terminal,44,text,0.0,0.0,0.0,0.0
Movies,44,terminal,44,visual,0.0,0.0,0.0,0.0
Movies,44,terminal,45,text,0.0,0.0,0.0,0.0
Movies,44,terminal,45,visual,0.0,0.0,0.0,0.0
Movies,44,terminal,46,text,0.0,0.0,0.0,0.0
Movies,44,terminal,46,visual,0.0,0.0,0.0,0.0
Movies,44,terminal,47,text,0.0,0.0,0.0,0.0
Movies,44,terminal,47,visual,0.0,0.0,0.0,0.0
Movies,44,terminal,48,text,0.0,0.0,0.0,0.0
Movies,44,terminal,48,visual,0.0,0.0,0.0,0.0
Movies,44,terminal,49,text,0.0,0.0,0.0,0.0
Movies,44,terminal,49,visual,0.0,0.0,0.0,0.0
Movies,44,terminal,50,text,0.0,0.0,0.0,0.0
Movies,44,terminal,50,visual,0.0,0.0,0.0,0.0
Movies,44,terminal,51,text,0.0,0.0,0.0,0.0
Movies,44,terminal,51,visual,0.0,0.0,0.0,0.0
Movies,44,terminal,52,text,0.0,0.0,0.0,0.0
Movies,44,terminal,52,visual,0.0,0.0,0.0,0.0
Movies,44,terminal,53,text,0.0,0.0,0.0,0.0
Movies,44,terminal,53,visual,0.0,0.0,0.0,0.0
Movies,44,terminal,54,text,0.0,0.0,0.0,0.0
Movies,44,terminal,54,visual,0.0,0.0,0.0,0.0
Movies,44,terminal,55,text,0.0,0.0,0.0,0.0
Movies,44,terminal,55,visual,0.0,0.0,0.0,0.0
Movies,44,terminal,56,text,0.0,0.0,0.0,0.0
Movies,44,terminal,56,visual,0.0,0.0,0.0,0.0
Movies,44,terminal,57,text,0.0,0.0,0.0,0.0
Movies,44,terminal,57,visual,0.0,0.0,0.0,0.0
Movies,44,terminal,58,text,0.0,0.0,0.0,0.0
Movies,44,terminal,58,visual,0.0,0.0,0.0,0.0
Movies,44,terminal,59,text,0.0,0.0,0.0,0.0
Movies,44,terminal,59,visual,0.0,0.0,0.0,0.0
Movies,44,terminal,60,text,0.0,0.0,0.0,0.0
Movies,44,terminal,60,visual,0.0,0.0,0.0,0.0
Movies,44,terminal,61,text,0.0,0.0,0.0,0.0
Movies,44,terminal,61,visual,0.0,0.0,0.0,0.0
Movies,44,terminal,62,text,0.0,0.0,0.0,0.0
Movies,44,terminal,62,visual,0.0,0.0,0.0,0.0
Movies,44,terminal,63,text,0.0,0.0,0.0,0.0
Movies,44,terminal,63,visual,0.0,0.0,0.0,0.0
Movies,44,terminal,64,text,0.0,0.0,0.0,0.0
Movies,44,terminal,64,visual,0.0,0.0,0.0,0.0
Movies,44,terminal,65,text,0.0,0.0,0.0,0.0
Movies,44,terminal,65,visual,0.0,0.0,0.0,0.0
Movies,44,terminal,66,text,0.0,0.0,0.0,0.0
Movies,44,terminal,66,visual,0.0,0.0,0.0,0.0
Movies,44,terminal,67,text,0.0,0.0,0.0,0.0
Movies,44,terminal,67,visual,0.0,0.0,0.0,0.0
Movies,44,terminal,68,text,0.0,0.0,0.0,0.0
Movies,44,terminal,68,visual,0.0,0.0,0.0,0.0
Movies,44,terminal,69,text,0.0,0.0,0.0,0.0
Movies,44,terminal,69,visual,0.0,0.0,0.0,0.0
Movies,44,terminal,70,text,0.0,0.0,0.0,0.0
Movies,44,terminal,70,visual,0.0,0.0,0.0,0.0
Movies,44,terminal,71,text,0.0,0.0,0.0,0.0
Movies,44,terminal,71,visual,0.0,0.0,0.0,0.0
Movies,44,terminal,72,text,0.0,0.0,0.0,0.0
Movies,44,terminal,72,visual,0.0,0.0,0.0,0.0
Movies,44,terminal,73,text,0.0,0.0,0.0,0.0
Movies,44,terminal,73,visual,0.0,0.0,0.0,0.0
Movies,44,terminal,74,text,0.0,0.0,0.0,0.0
Movies,44,terminal,74,visual,0.0,0.0,0.0,0.0
Movies,44,terminal,75,text,0.0,0.0,0.0,0.0
Movies,44,terminal,75,visual,0.0,0.0,0.0,0.0
Movies,44,terminal,76,text,0.0,0.0,0.0,0.0
Movies,44,terminal,76,visual,0.0,0.0,0.0,0.0
Reddit-S,42,prior_delta_gate,0,text,0.0,0.0,0.0,0.0
Reddit-S,42,prior_delta_gate,0,visual,0.0,0.0,0.0,0.0
Reddit-S,42,prior_delta_gate,1,text,0.2557636797428131,0.01599811017513275,0.0,0.0
Reddit-S,42,prior_delta_gate,1,visual,0.25582578778266907,0.01599855348467827,0.0,0.0
Reddit-S,42,prior_delta_gate,2,text,0.3733840882778168,0.021672649309039116,0.26079678535461426,0.011833090335130692
Reddit-S,42,prior_delta_gate,2,visual,0.40574097633361816,0.02202571928501129,0.26059019565582275,0.01186541561037302
Reddit-S,42,prior_delta_gate,3,text,0.4709608554840088,0.025060994550585747,0.46037936210632324,0.02048327587544918
Reddit-S,42,prior_delta_gate,3,visual,0.5421116948127747,0.025370964780449867,0.4659658372402191,0.020514359697699547
Reddit-S,42,prior_delta_gate,4,text,0.5693035125732422,0.0290073174983263,0.6217403411865234,0.02644910290837288
Reddit-S,42,prior_delta_gate,4,visual,0.6790663599967957,0.028641968965530396,0.6555761098861694,0.02940339222550392
Reddit-S,42,prior_delta_gate,5,text,0.671261727809906,0.03433986380696297,0.7502281665802002,0.031287841498851776
Reddit-S,42,prior_delta_gate,5,visual,0.8163107633590698,0.032715242356061935,0.8302488327026367,0.039495497941970825
Reddit-S,42,prior_delta_gate,6,text,0.7618380188941956,0.039311785250902176,0.8584800958633423,0.03648573160171509
Reddit-S,42,prior_delta_gate,6,visual,0.9455159306526184,0.03695073351264,1.001248836517334,0.05057481303811073
Reddit-S,42,prior_delta_gate,7,text,0.8400265574455261,0.04322130233049393,0.9560946226119995,0.04205005615949631
Reddit-S,42,prior_delta_gate,7,visual,1.070346713066101,0.04126027598977089,1.1797157526016235,0.06225460395216942
Reddit-S,42,prior_delta_gate,8,text,0.9138870239257812,0.046595390886068344,1.0612086057662964,0.04774990677833557
Reddit-S,42,prior_delta_gate,8,visual,1.1950050592422485,0.04542456939816475,1.3698073625564575,0.07452806085348129
Reddit-S,42,prior_delta_gate,9,text,0.987523078918457,0.05005506053566933,1.1758860349655151,0.053331781178712845
Reddit-S,42,prior_delta_gate,9,visual,1.3218499422073364,0.04926125705242157,1.5725117921829224,0.08746547251939774
Reddit-S,42,prior_delta_gate,10,text,1.0627995729446411,0.05359785258769989,1.2978521585464478,0.05883103981614113
Reddit-S,42,prior_delta_gate,10,visual,1.4513801336288452,0.05296983942389488,1.7885006666183472,0.10105911642313004
Reddit-S,42,prior_delta_gate,11,text,1.1391865015029907,0.056907400488853455,1.4239455461502075,0.06451436877250671
Reddit-S,42,prior_delta_gate,11,visual,1.582102656364441,0.05654559284448624,2.0143747329711914,0.115133136510849
Reddit-S,42,prior_delta_gate,12,text,1.2160645723342896,0.05984845384955406,1.5530269145965576,0.07053808867931366
Reddit-S,42,prior_delta_gate,12,visual,1.7125121355056763,0.06002402678132057,2.24615740776062,0.1294756829738617
Reddit-S,42,prior_delta_gate,13,text,1.2924669981002808,0.06251611560583115,1.68406081199646,0.07676289975643158
Reddit-S,42,prior_delta_gate,13,visual,1.8416754007339478,0.06335389614105225,2.4806833267211914,0.143893763422966
Reddit-S,42,prior_delta_gate,14,text,1.3678618669509888,0.06493940949440002,1.8161404132843018,0.083067387342453
Reddit-S,42,prior_delta_gate,14,visual,1.967930555343628,0.06651117652654648,2.7141995429992676,0.15814557671546936
Reddit-S,42,prior_delta_gate,15,text,1.4420527219772339,0.06713584065437317,1.9494441747665405,0.08943535387516022
Reddit-S,42,prior_delta_gate,15,visual,2.0901870727539062,0.06963876634836197,2.9450342655181885,0.1721096634864807
Reddit-S,42,prior_delta_gate,16,text,1.5138297080993652,0.06932029873132706,2.0811221599578857,0.09559950977563858
Reddit-S,42,prior_delta_gate,16,visual,2.2069993019104004,0.07265152037143707,3.1694633960723877,0.18549714982509613
Reddit-S,42,prior_delta_gate,17,text,1.5829533338546753,0.07119651883840561,2.2110190391540527,0.10156548768281937
Reddit-S,42,prior_delta_gate,17,visual,2.3186817169189453,0.07554307579994202,3.3873136043548584,0.1982855349779129
Reddit-S,42,prior_delta_gate,18,text,1.6500258445739746,0.07303716242313385,2.3411312103271484,0.10751714557409286
Reddit-S,42,prior_delta_gate,18,visual,2.42388653755188,0.07819205522537231,3.5953726768493652,0.21019236743450165
Reddit-S,42,prior_delta_gate,19,text,1.7144246101379395,0.07489152252674103,2.468803882598877,0.11326013505458832
Reddit-S,42,prior_delta_gate,19,visual,2.5223591327667236,0.08051540702581406,3.793168306350708,0.2211102992296219
Reddit-S,42,prior_delta_gate,20,text,1.7759475708007812,0.07664806395769119,2.5937304496765137,0.11877916753292084
Reddit-S,42,prior_delta_gate,20,visual,2.6141674518585205,0.08262833952903748,3.9797940254211426,0.2309943586587906
Reddit-S,42,prior_delta_gate,21,text,1.8348710536956787,0.07818055897951126,2.7157058715820312,0.12412258237600327
Reddit-S,42,prior_delta_gate,21,visual,2.699005126953125,0.08457448333501816,4.153958320617676,0.2397887259721756
Reddit-S,42,prior_delta_gate,22,text,1.8911221027374268,0.07961245626211166,2.8351948261260986,0.12927964329719543
Reddit-S,42,prior_delta_gate,22,visual,2.7770702838897705,0.08631089329719543,4.315779685974121,0.24748797714710236
Reddit-S,42,prior_delta_gate,23,text,1.9450358152389526,0.08098112046718597,2.9523863792419434,0.13421818614006042
Reddit-S,42,prior_delta_gate,23,visual,2.848006248474121,0.08775152266025543,4.464516639709473,0.25397828221321106
Reddit-S,42,prior_delta_gate,24,text,1.9961450099945068,0.0822962075471878,3.0657429695129395,0.1388358324766159
Reddit-S,42,prior_delta_gate,24,visual,2.912426471710205,0.08896330744028091,4.601135730743408,0.2594127953052521
Reddit-S,42,prior_delta_gate,25,text,2.0442705154418945,0.08345498144626617,3.1725292205810547,0.14304634928703308
Reddit-S,42,prior_delta_gate,25,visual,2.970574140548706,0.09004481136798859,4.726273059844971,0.26383477449417114
Reddit-S,42,prior_delta_gate,26,text,2.0887181758880615,0.08431044220924377,3.2701175212860107,0.1467643678188324
Reddit-S,42,prior_delta_gate,26,visual,3.0225093364715576,0.0909552201628685,4.8405327796936035,0.26723238825798035
Reddit-S,42,prior_delta_gate,27,text,2.1292076110839844,0.0854281485080719,3.359931707382202,0.14990201592445374
Reddit-S,42,prior_delta_gate,27,visual,3.069200277328491,0.09166015684604645,4.946200370788574,0.26982778310775757
Reddit-S,42,prior_delta_gate,28,text,2.167166233062744,0.08624588698148727,3.4435267448425293,0.15258151292800903
Reddit-S,42,prior_delta_gate,28,visual,3.1113224029541016,0.09224221855401993,5.0442585945129395,0.27179041504859924
Reddit-S,42,prior_delta_gate,29,text,2.20232892036438,0.08678266406059265,3.5209975242614746,0.15477314591407776
Reddit-S,42,prior_delta_gate,29,visual,3.1496341228485107,0.09270741045475006,5.135927200317383,0.2732802629470825
Reddit-S,42,prior_delta_gate,30,text,2.235867738723755,0.08737063407897949,3.597667694091797,0.15691129863262177
Reddit-S,42,prior_delta_gate,30,visual,3.1843574047088623,0.09304692596197128,5.221316814422607,0.2742522656917572
Reddit-S,42,prior_delta_gate,31,text,2.267529249191284,0.08810656517744064,3.67281174659729,0.15897218883037567
Reddit-S,42,prior_delta_gate,31,visual,3.2162044048309326,0.09329044818878174,5.302083969116211,0.27485358715057373
Reddit-S,42,prior_delta_gate,32,text,2.2980332374572754,0.08881320059299469,3.7468559741973877,0.1609988957643509
Reddit-S,42,prior_delta_gate,32,visual,3.2451272010803223,0.09349790215492249,5.378186225891113,0.275082528591156
Reddit-S,42,prior_delta_gate,33,text,2.327089309692383,0.0893259346485138,3.817805767059326,0.16280676424503326
Reddit-S,42,prior_delta_gate,33,visual,3.2717161178588867,0.09368827193975449,5.450820446014404,0.275084525346756
Reddit-S,42,prior_delta_gate,34,text,2.3551697731018066,0.08964653313159943,3.887338399887085,0.1644880622625351
Reddit-S,42,prior_delta_gate,34,visual,3.296344757080078,0.09383992850780487,5.5204176902771,0.2749393880367279
Reddit-S,42,prior_delta_gate,35,text,2.3823609352111816,0.09002082049846649,3.9568240642547607,0.1661655157804489
Reddit-S,42,prior_delta_gate,35,visual,3.3193819522857666,0.09389566630125046,5.587073802947998,0.27471205592155457
Reddit-S,42,prior_delta_gate,36,text,2.408618450164795,0.09058675169944763,4.026747226715088,0.16780968010425568
Reddit-S,42,prior_delta_gate,36,visual,3.340777635574341,0.09387490153312683,5.65065336227417,0.27440133690834045
Reddit-S,42,prior_delta_gate,37,text,2.434596061706543,0.09116235375404358,4.097012519836426,0.1694740504026413
Reddit-S,42,prior_delta_gate,37,visual,3.36051082611084,0.09384963661432266,5.711744785308838,0.27393537759780884
Reddit-S,42,prior_delta_gate,38,text,2.459993839263916,0.09164448827505112,4.166391372680664,0.1710839420557022
Reddit-S,42,prior_delta_gate,38,visual,3.3789801597595215,0.09388095885515213,5.770563125610352,0.27345696091651917
Reddit-S,42,prior_delta_gate,39,text,2.485605001449585,0.09202875941991806,4.236441135406494,0.17268936336040497
Reddit-S,42,prior_delta_gate,39,visual,3.3961355686187744,0.09389526396989822,5.827274799346924,0.2728516459465027
Reddit-S,42,prior_delta_gate,40,text,2.51020884513855,0.09239241480827332,4.305676460266113,0.17430007457733154
Reddit-S,42,prior_delta_gate,40,visual,3.412247657775879,0.09390623867511749,5.882013320922852,0.27222660183906555
Reddit-S,42,prior_delta_gate,41,text,2.5340001583099365,0.09287892282009125,4.37420654296875,0.17580096423625946
Reddit-S,42,prior_delta_gate,41,visual,3.427391767501831,0.09383154660463333,5.935573577880859,0.27149027585983276
Reddit-S,42,prior_delta_gate,42,text,2.5570337772369385,0.09340737015008926,4.441868782043457,0.17723888158798218
Reddit-S,42,prior_delta_gate,42,visual,3.441605567932129,0.09376735240221024,5.987421035766602,0.2707274258136749
Reddit-S,42,prior_delta_gate,43,text,2.579944610595703,0.09387188404798508,4.509047508239746,0.17864306271076202
Reddit-S,42,prior_delta_gate,43,visual,3.4546711444854736,0.09369320422410965,6.037806510925293,0.26982471346855164
Reddit-S,42,prior_delta_gate,44,text,2.6025023460388184,0.09419558197259903,4.575946807861328,0.18012382090091705
Reddit-S,42,prior_delta_gate,44,visual,3.4664719104766846,0.09368649870157242,6.085963249206543,0.2687815725803375
Reddit-S,42,prior_delta_gate,45,text,2.6246163845062256,0.09442867338657379,4.64091682434082,0.18146926164627075
Reddit-S,42,prior_delta_gate,45,visual,3.4775466918945312,0.09363103657960892,6.133215427398682,0.26763778924942017
Reddit-S,42,prior_delta_gate,46,text,2.6447956562042236,0.09468426555395126,4.70187520980835,0.18271374702453613
Reddit-S,42,prior_delta_gate,46,visual,3.487905263900757,0.09357934445142746,6.178786277770996,0.26647940278053284
Reddit-S,42,prior_delta_gate,47,text,2.664943218231201,0.0950576588511467,4.763953685760498,0.18407876789569855
Reddit-S,42,prior_delta_gate,47,visual,3.4974522590637207,0.09348051995038986,6.223198890686035,0.26519936323165894
Reddit-S,42,prior_delta_gate,48,text,2.684821128845215,0.09542644023895264,4.824892997741699,0.18536251783370972
Reddit-S,42,prior_delta_gate,48,visual,3.5065386295318604,0.09335000067949295,6.266645908355713,0.26391318440437317
Reddit-S,42,prior_delta_gate,49,text,2.7040300369262695,0.09570667892694473,4.884115219116211,0.18664301931858063
Reddit-S,42,prior_delta_gate,49,visual,3.5148608684539795,0.09323720633983612,6.308559417724609,0.2625868618488312
Reddit-S,42,prior_delta_gate,50,text,2.722428560256958,0.09593985974788666,4.940988063812256,0.18792979419231415
Reddit-S,42,prior_delta_gate,50,visual,3.5231199264526367,0.09315847605466843,6.349818229675293,0.26141291856765747
Reddit-S,42,prior_delta_gate,51,text,2.7407078742980957,0.09614915400743484,4.996942520141602,0.18916262686252594
Reddit-S,42,prior_delta_gate,51,visual,3.5313260555267334,0.09307099878787994,6.391023635864258,0.26030293107032776
Reddit-S,42,prior_delta_gate,52,text,2.759152889251709,0.09636032581329346,5.053983211517334,0.19042204320430756
Reddit-S,42,prior_delta_gate,52,visual,3.5394351482391357,0.09298008680343628,6.431667804718018,0.2592521011829376
Reddit-S,42,prior_delta_gate,53,text,2.7769153118133545,0.09657947719097137,5.110635280609131,0.1916496753692627
Reddit-S,42,prior_delta_gate,53,visual,3.5474579334259033,0.0929022952914238,6.471437454223633,0.2583042085170746
Reddit-S,42,prior_delta_gate,54,text,2.794670820236206,0.09671132266521454,5.166891574859619,0.19298142194747925
Reddit-S,42,prior_delta_gate,54,visual,3.555493116378784,0.09283677488565445,6.510611057281494,0.2574768662452698
Reddit-S,42,prior_delta_gate,55,text,2.8123979568481445,0.0967864990234375,5.222119331359863,0.19433246552944183
Reddit-S,42,prior_delta_gate,55,visual,3.5634653568267822,0.09276249259710312,6.549457550048828,0.25672462582588196
Reddit-S,42,prior_delta_gate,56,text,2.830090045928955,0.09682256728410721,5.276586532592773,0.19570273160934448
Reddit-S,42,prior_delta_gate,56,visual,3.571303367614746,0.09270825237035751,6.587343215942383,0.25604647397994995
Reddit-S,42,prior_delta_gate,57,text,2.8470449447631836,0.09692437946796417,5.329920291900635,0.197085440158844
Reddit-S,42,prior_delta_gate,57,visual,3.578850507736206,0.09267434477806091,6.623621940612793,0.255423367023468
Reddit-S,42,prior_delta_gate,58,text,2.862992525100708,0.09709279239177704,5.381221771240234,0.19832703471183777
Reddit-S,42,prior_delta_gate,58,visual,3.586115837097168,0.0926344096660614,6.658963203430176,0.25480130314826965
Reddit-S,42,prior_delta_gate,59,text,2.878650665283203,0.09729029983282089,5.431806564331055,0.19960685074329376
Reddit-S,42,prior_delta_gate,59,visual,3.5931954383850098,0.09258463978767395,6.6938910484313965,0.2541942894458771
Reddit-S,42,prior_delta_gate,60,text,2.8935375213623047,0.09750113636255264,5.480216979980469,0.20078584551811218
Reddit-S,42,prior_delta_gate,60,visual,3.6000375747680664,0.09253933280706406,6.728135108947754,0.2535976767539978
Reddit-S,42,prior_delta_gate,61,text,2.9084253311157227,0.09771959483623505,5.528650760650635,0.20201821625232697
Reddit-S,42,prior_delta_gate,61,visual,3.6065673828125,0.0925002247095108,6.761373043060303,0.2530168890953064
Reddit-S,42,prior_delta_gate,62,text,2.922711133956909,0.09790264815092087,5.5749287605285645,0.20313619077205658
Reddit-S,42,prior_delta_gate,62,visual,3.613104820251465,0.0924709141254425,6.793607711791992,0.2525751292705536
Reddit-S,42,prior_delta_gate,63,text,2.936586856842041,0.09808345139026642,5.6200056076049805,0.20423738658428192
Reddit-S,42,prior_delta_gate,63,visual,3.6193466186523438,0.09245231002569199,6.824704647064209,0.25215768814086914
Reddit-S,42,prior_delta_gate,64,text,2.9499504566192627,0.0982014387845993,5.663017272949219,0.20509879291057587
Reddit-S,42,prior_delta_gate,64,visual,3.6254594326019287,0.09242615848779678,6.855278015136719,0.25174736976623535
Reddit-S,42,prior_delta_gate,65,text,2.963124990463257,0.09831804782152176,5.705419540405273,0.2059994786977768
Reddit-S,42,prior_delta_gate,65,visual,3.631436586380005,0.09239331632852554,6.885098934173584,0.2513606548309326
Reddit-S,42,prior_delta_gate,66,text,2.9755847454071045,0.0984291285276413,5.7458906173706055,0.2068387269973755
Reddit-S,42,prior_delta_gate,66,visual,3.637298822402954,0.09236205369234085,6.914124011993408,0.25101175904273987
Reddit-S,42,prior_delta_gate,67,text,2.9880316257476807,0.09851139783859253,5.785821437835693,0.20768295228481293
Reddit-S,42,prior_delta_gate,67,visual,3.6427228450775146,0.09229694306850433,6.942422389984131,0.2505591809749603
Reddit-S,42,prior_delta_gate,68,text,3.00030517578125,0.09858027845621109,5.8249993324279785,0.20847265422344208
Reddit-S,42,prior_delta_gate,68,visual,3.647853374481201,0.09222931414842606,6.970190525054932,0.25003910064697266
Reddit-S,42,prior_delta_gate,69,text,3.0123915672302246,0.09866055846214294,5.863711833953857,0.20930390059947968
Reddit-S,42,prior_delta_gate,69,visual,3.6527676582336426,0.0921742394566536,6.99713134765625,0.24952547252178192
Reddit-S,42,prior_delta_gate,70,text,3.0234358310699463,0.098737932741642,5.8999247550964355,0.21002207696437836
Reddit-S,42,prior_delta_gate,70,visual,3.657583713531494,0.0921507254242897,7.023180961608887,0.24906188249588013
Reddit-S,42,prior_delta_gate,71,text,3.03410267829895,0.098798006772995,5.9346489906311035,0.2105608731508255
Reddit-S,42,prior_delta_gate,71,visual,3.6622579097747803,0.09212899208068848,7.048579216003418,0.24860377609729767
Reddit-S,42,prior_delta_gate,72,text,3.044630289077759,0.09886433929204941,5.96874475479126,0.21105381846427917
Reddit-S,42,prior_delta_gate,72,visual,3.6669628620147705,0.09209875017404556,7.0733323097229,0.24820539355278015
Reddit-S,42,prior_delta_gate,73,text,3.054396629333496,0.09897657483816147,6.000929355621338,0.21147428452968597
Reddit-S,42,prior_delta_gate,73,visual,3.6715474128723145,0.09205354005098343,7.097304821014404,0.24782907962799072
Reddit-S,42,prior_delta_gate,74,text,3.0637314319610596,0.09909139573574066,6.031695365905762,0.21188241243362427
Reddit-S,42,prior_delta_gate,74,visual,3.6760454177856445,0.09200172871351242,7.120652198791504,0.2474842518568039
Reddit-S,42,prior_delta_gate,75,text,3.072756290435791,0.09919644147157669,6.061372756958008,0.2122497707605362
Reddit-S,42,prior_delta_gate,75,visual,3.6803927421569824,0.09193924069404602,7.143661022186279,0.24711187183856964
Reddit-S,42,prior_delta_gate,76,text,3.0817058086395264,0.09928487241268158,6.090553283691406,0.21257390081882477
Reddit-S,42,prior_delta_gate,76,visual,3.6845855712890625,0.09187807142734528,7.166285514831543,0.2467106133699417
Reddit-S,42,prior_delta_gate,77,text,3.0897669792175293,0.09937458485364914,6.11738920211792,0.21285055577754974
Reddit-S,42,prior_delta_gate,77,visual,3.688720703125,0.09182720631361008,7.188321113586426,0.2463415563106537
Reddit-S,42,prior_delta_gate,78,text,3.097559690475464,0.09945563226938248,6.143547058105469,0.21312794089317322
Reddit-S,42,prior_delta_gate,78,visual,3.6927120685577393,0.09178509563207626,7.209812164306641,0.24597521126270294
Reddit-S,42,prior_delta_gate,79,text,3.10546875,0.0995355024933815,6.170068740844727,0.21347688138484955
Reddit-S,42,prior_delta_gate,79,visual,3.6965384483337402,0.09175006300210953,7.230835437774658,0.24558326601982117
Reddit-S,42,prior_delta_gate,80,text,3.11329984664917,0.09958302229642868,6.196246147155762,0.21376098692417145
Reddit-S,42,prior_delta_gate,80,visual,3.7001404762268066,0.09171590209007263,7.251459121704102,0.24512572586536407
Reddit-S,42,prior_delta_gate,81,text,3.1208953857421875,0.09964253008365631,6.2217864990234375,0.2140449732542038
Reddit-S,42,prior_delta_gate,81,visual,3.7036540508270264,0.0916847214102745,7.271627426147461,0.24466300010681152
Reddit-S,42,prior_delta_gate,82,text,3.128126859664917,0.09970260411500931,6.24642276763916,0.21432703733444214
Reddit-S,42,prior_delta_gate,82,visual,3.7071001529693604,0.0916656032204628,7.291184425354004,0.2442338913679123
Reddit-S,42,prior_delta_gate,83,text,3.135089874267578,0.09976352751255035,6.270139694213867,0.21456153690814972
Reddit-S,42,prior_delta_gate,83,visual,3.710569143295288,0.09165412932634354,7.310370445251465,0.24385710060596466
Reddit-S,42,prior_delta_gate,84,text,3.1419317722320557,0.09982186555862427,6.293344497680664,0.2147565335035324
Reddit-S,42,prior_delta_gate,84,visual,3.7140276432037354,0.09163713455200195,7.329296112060547,0.24350039660930634
Reddit-S,42,prior_delta_gate,85,text,3.1485519409179688,0.09987790137529373,6.315981864929199,0.21489202976226807
Reddit-S,42,prior_delta_gate,85,visual,3.7173659801483154,0.09161538630723953,7.347555160522461,0.24314174056053162
Reddit-S,42,prior_delta_gate,86,text,3.1549501419067383,0.09992621093988419,6.338072299957275,0.21500632166862488
Reddit-S,42,prior_delta_gate,86,visual,3.7207210063934326,0.09160274267196655,7.365225791931152,0.2428245097398758
Reddit-S,42,prior_delta_gate,87,text,3.161043167114258,0.0999893918633461,6.359376430511475,0.21510282158851624
Reddit-S,42,prior_delta_gate,87,visual,3.724005699157715,0.09158710390329361,7.382490158081055,0.2425079345703125
Reddit-S,42,prior_delta_gate,88,text,3.166738748550415,0.10004423558712006,6.379510879516602,0.21515142917633057
Reddit-S,42,prior_delta_gate,88,visual,3.7271952629089355,0.09157602488994598,7.3993000984191895,0.24219463765621185
Reddit-S,42,prior_delta_gate,89,text,3.1722068786621094,0.10008661448955536,6.398640155792236,0.21515579521656036
Reddit-S,42,prior_delta_gate,89,visual,3.7303872108459473,0.09156980365514755,7.415892124176025,0.24191071093082428
Reddit-S,42,prior_delta_gate,90,text,3.177253484725952,0.10013117641210556,6.416529178619385,0.21509522199630737
Reddit-S,42,prior_delta_gate,90,visual,3.7336103916168213,0.09156612306833267,7.432146072387695,0.24167224764823914
Reddit-S,42,prior_delta_gate,91,text,3.182147741317749,0.10017187893390656,6.433992385864258,0.21503278613090515
Reddit-S,42,prior_delta_gate,91,visual,3.7368526458740234,0.09156588464975357,7.448180198669434,0.2414589822292328
Reddit-S,42,prior_delta_gate,92,text,3.1868679523468018,0.10021111369132996,6.45124626159668,0.2149878591299057
Reddit-S,42,prior_delta_gate,92,visual,3.740000009536743,0.09156686067581177,7.463790416717529,0.24123871326446533
Reddit-S,42,prior_delta_gate,93,text,3.1914124488830566,0.10024721920490265,6.468227386474609,0.2149752676486969
Reddit-S,42,prior_delta_gate,93,visual,3.7431018352508545,0.09156931191682816,7.478907585144043,0.24103441834449768
Reddit-S,42,prior_delta_gate,94,text,3.1959269046783447,0.1002744734287262,6.485057830810547,0.21491950750350952
Reddit-S,42,prior_delta_gate,94,visual,3.746089220046997,0.09156984835863113,7.4938459396362305,0.24080374836921692
Reddit-S,42,prior_delta_gate,95,text,3.2002243995666504,0.10029429197311401,6.5011725425720215,0.21483030915260315
Reddit-S,42,prior_delta_gate,95,visual,3.749145269393921,0.09157845377922058,7.508508205413818,0.2406223565340042
Reddit-S,42,prior_delta_gate,96,text,3.2044451236724854,0.10031309723854065,6.516842842102051,0.21475420892238617
Reddit-S,42,prior_delta_gate,96,visual,3.7521042823791504,0.09159072488546371,7.522783279418945,0.24042654037475586
Reddit-S,42,prior_delta_gate,97,text,3.2082927227020264,0.10033033043146133,6.531744480133057,0.21464326977729797
Reddit-S,42,prior_delta_gate,97,visual,3.7550907135009766,0.09161265194416046,7.536727428436279,0.24026763439178467
Reddit-S,42,prior_delta_gate,98,text,3.2120540142059326,0.10033589601516724,6.546303749084473,0.21452116966247559
Reddit-S,42,prior_delta_gate,98,visual,3.7580795288085938,0.0916374921798706,7.550507068634033,0.24013306200504303
Reddit-S,42,prior_delta_gate,99,text,3.2156624794006348,0.1003279834985733,6.560299396514893,0.21437321603298187
Reddit-S,42,prior_delta_gate,99,visual,3.760991096496582,0.09166733920574188,7.563962936401367,0.24000541865825653
Reddit-S,42,prior_delta_gate,100,text,3.2191731929779053,0.10029816627502441,6.573782444000244,0.21418963372707367
Reddit-S,42,prior_delta_gate,100,visual,3.763882637023926,0.09170357882976532,7.577080726623535,0.23989690840244293
Reddit-S,42,prior_delta_gate,101,text,3.2228853702545166,0.10024648904800415,6.587542533874512,0.21403512358665466
Reddit-S,42,prior_delta_gate,101,visual,3.766624689102173,0.09173399955034256,7.589901924133301,0.23974797129631042
Reddit-S,42,prior_delta_gate,102,text,3.2265219688415527,0.10019411891698837,6.601214408874512,0.2138643115758896
Reddit-S,42,prior_delta_gate,102,visual,3.769299268722534,0.09175826609134674,7.602508544921875,0.2395891398191452
Reddit-S,42,prior_delta_gate,103,text,3.2300007343292236,0.10015546530485153,6.6146016120910645,0.2137250006198883
Reddit-S,42,prior_delta_gate,103,visual,3.7720000743865967,0.09177733957767487,7.614853858947754,0.23946012556552887
Reddit-S,42,prior_delta_gate,104,text,3.2334213256835938,0.10014212876558304,6.6278815269470215,0.21366988122463226
Reddit-S,42,prior_delta_gate,104,visual,3.7745609283447266,0.09178483486175537,7.626757621765137,0.2393161803483963
Reddit-S,42,prior_delta_gate,105,text,3.236715078353882,0.1001439169049263,6.640884876251221,0.2136358767747879
Reddit-S,42,prior_delta_gate,105,visual,3.777137517929077,0.09178946912288666,7.638467311859131,0.239194855093956
Reddit-S,42,prior_delta_gate,106,text,3.2400500774383545,0.10016574710607529,6.653855323791504,0.21363258361816406
Reddit-S,42,prior_delta_gate,106,visual,3.7796754837036133,0.09178924560546875,7.64995002746582,0.2390759140253067
Reddit-S,42,prior_delta_gate,107,text,3.2434422969818115,0.10018596798181534,6.666848659515381,0.21362636983394623
Reddit-S,42,prior_delta_gate,107,visual,3.782058000564575,0.09178099781274796,7.661034107208252,0.2389305830001831
Reddit-S,42,prior_delta_gate,108,text,3.246912956237793,0.10019643604755402,6.679632663726807,0.21359455585479736
Reddit-S,42,prior_delta_gate,108,visual,3.7843334674835205,0.09176387637853622,7.671875953674316,0.23875346779823303
Reddit-S,42,prior_delta_gate,109,text,3.2503178119659424,0.10019358992576599,6.692018032073975,0.21354824304580688
Reddit-S,42,prior_delta_gate,109,visual,3.7865355014801025,0.09174755960702896,7.682432174682617,0.23856139183044434
Reddit-S,42,prior_delta_gate,110,text,3.253633975982666,0.10019891709089279,6.7042717933654785,0.21354371309280396
Reddit-S,42,prior_delta_gate,110,visual,3.788635015487671,0.09174060076475143,7.692628383636475,0.2383650541305542
Reddit-S,42,prior_delta_gate,111,text,3.2567715644836426,0.10020773857831955,6.716394901275635,0.21358026564121246
Reddit-S,42,prior_delta_gate,111,visual,3.7904975414276123,0.0917348638176918,7.702225208282471,0.23813122510910034
Reddit-S,42,prior_delta_gate,112,text,3.259880781173706,0.1002340018749237,6.728516578674316,0.21364106237888336
Reddit-S,42,prior_delta_gate,112,visual,3.792353391647339,0.09172883629798889,7.711758613586426,0.23790304362773895
Reddit-S,42,prior_delta_gate,113,text,3.262861728668213,0.10025862604379654,6.739959716796875,0.21367256343364716
Reddit-S,42,prior_delta_gate,113,visual,3.7942655086517334,0.09172147512435913,7.721123695373535,0.2377057820558548
Reddit-S,42,prior_update_add,0,text,0.0,0.0,0.0,0.0
Reddit-S,42,prior_update_add,0,visual,0.0,0.0,0.0,0.0
Reddit-S,42,prior_update_add,1,text,0.25586172938346863,0.01599903777241707,0.0,0.0
Reddit-S,42,prior_update_add,1,visual,0.25590458512306213,0.015999265015125275,0.0,0.0
Reddit-S,42,prior_update_add,2,text,0.3758160173892975,0.021495213732123375,0.0,0.0
Reddit-S,42,prior_update_add,2,visual,0.4046799838542938,0.02175680547952652,0.0,0.0
Reddit-S,42,prior_update_add,3,text,0.47191309928894043,0.024569397792220116,0.0,0.0
Reddit-S,42,prior_update_add,3,visual,0.5400987863540649,0.024664027616381645,0.0,0.0
Reddit-S,42,prior_update_add,4,text,0.5680942535400391,0.028655176982283592,0.0,0.0
Reddit-S,42,prior_update_add,4,visual,0.6770876049995422,0.027654064819216728,0.0,0.0
Reddit-S,42,prior_update_add,5,text,0.6628574132919312,0.034292832016944885,0.0,0.0
Reddit-S,42,prior_update_add,5,visual,0.8103804588317871,0.031391337513923645,0.0,0.0
Reddit-S,42,prior_update_add,6,text,0.7454667687416077,0.038701705634593964,0.0,0.0
Reddit-S,42,prior_update_add,6,visual,0.9341245293617249,0.03534155339002609,0.0,0.0
Reddit-S,42,prior_update_add,7,text,0.8156203031539917,0.04188326746225357,0.0,0.0
Reddit-S,42,prior_update_add,7,visual,1.0532727241516113,0.038796886801719666,0.0,0.0
Reddit-S,42,prior_update_add,8,text,0.8832009434700012,0.04457959160208702,0.0,0.0
Reddit-S,42,prior_update_add,8,visual,1.1699166297912598,0.04181166738271713,0.0,0.0
Reddit-S,42,prior_update_add,9,text,0.9506750702857971,0.04767067730426788,0.0,0.0
Reddit-S,42,prior_update_add,9,visual,1.2860028743743896,0.04441653564572334,0.0,0.0
Reddit-S,42,prior_update_add,10,text,1.0185918807983398,0.05074285715818405,0.0,0.0
Reddit-S,42,prior_update_add,10,visual,1.4004716873168945,0.04687759280204773,0.0,0.0
Reddit-S,42,prior_update_add,11,text,1.0836255550384521,0.05346609652042389,0.0,0.0
Reddit-S,42,prior_update_add,11,visual,1.5121073722839355,0.049037378281354904,0.0,0.0
Reddit-S,42,prior_update_add,12,text,1.1463658809661865,0.05545336753129959,0.0,0.0
Reddit-S,42,prior_update_add,12,visual,1.6211894750595093,0.05111406370997429,0.0,0.0
Reddit-S,42,prior_update_add,13,text,1.2067533731460571,0.05704884976148605,0.0,0.0
Reddit-S,42,prior_update_add,13,visual,1.7272379398345947,0.05304564908146858,0.0,0.0
Reddit-S,42,prior_update_add,14,text,1.2651960849761963,0.05858553573489189,0.0,0.0
Reddit-S,42,prior_update_add,14,visual,1.8288452625274658,0.054682474583387375,0.0,0.0
Reddit-S,42,prior_update_add,15,text,1.3218767642974854,0.06007453426718712,0.0,0.0
Reddit-S,42,prior_update_add,15,visual,1.9258168935775757,0.05617058649659157,0.0,0.0
Reddit-S,42,prior_update_add,16,text,1.376421570777893,0.06140890717506409,0.0,0.0
Reddit-S,42,prior_update_add,16,visual,2.0174243450164795,0.057594284415245056,0.0,0.0
Reddit-S,42,prior_update_add,17,text,1.4290274381637573,0.0626944974064827,0.0,0.0
Reddit-S,42,prior_update_add,17,visual,2.103731155395508,0.058979008346796036,0.0,0.0
Reddit-S,42,prior_update_add,18,text,1.4794529676437378,0.06405849009752274,0.0,0.0
Reddit-S,42,prior_update_add,18,visual,2.1834888458251953,0.06027906760573387,0.0,0.0
Reddit-S,42,prior_update_add,19,text,1.527520775794983,0.0654199942946434,0.0,0.0
Reddit-S,42,prior_update_add,19,visual,2.25703763961792,0.06151951849460602,0.0,0.0
Reddit-S,42,prior_update_add,20,text,1.5732669830322266,0.06668847054243088,0.0,0.0
Reddit-S,42,prior_update_add,20,visual,2.324350357055664,0.06275775283575058,0.0,0.0
Reddit-S,42,prior_update_add,21,text,1.6172137260437012,0.06783811748027802,0.0,0.0
Reddit-S,42,prior_update_add,21,visual,2.385411500930786,0.06395817548036575,0.0,0.0
Reddit-S,42,prior_update_add,22,text,1.6592012643814087,0.06892010569572449,0.0,0.0
Reddit-S,42,prior_update_add,22,visual,2.44079852104187,0.06506841629743576,0.0,0.0
Reddit-S,42,prior_update_add,23,text,1.6991651058197021,0.06995180994272232,0.0,0.0
Reddit-S,42,prior_update_add,23,visual,2.490539789199829,0.06599488109350204,0.0,0.0
Reddit-S,42,prior_update_add,24,text,1.7365739345550537,0.07088176906108856,0.0,0.0
Reddit-S,42,prior_update_add,24,visual,2.535315752029419,0.06686187535524368,0.0,0.0
Reddit-S,42,prior_update_add,25,text,1.7716598510742188,0.07170471549034119,0.0,0.0
Reddit-S,42,prior_update_add,25,visual,2.5753040313720703,0.06773824989795685,0.0,0.0
Reddit-S,42,prior_update_add,26,text,1.8046866655349731,0.072492316365242,0.0,0.0
Reddit-S,42,prior_update_add,26,visual,2.610919713973999,0.06858214735984802,0.0,0.0
Reddit-S,42,prior_update_add,27,text,1.8358983993530273,0.07324732095003128,0.0,0.0
Reddit-S,42,prior_update_add,27,visual,2.642940044403076,0.06938116252422333,0.0,0.0
Reddit-S,42,prior_update_add,28,text,1.865714192390442,0.07385767251253128,0.0,0.0
Reddit-S,42,prior_update_add,28,visual,2.6717915534973145,0.07014713436365128,0.0,0.0
Reddit-S,42,prior_update_add,29,text,1.894254207611084,0.07439886778593063,0.0,0.0
Reddit-S,42,prior_update_add,29,visual,2.697763681411743,0.07076237350702286,0.0,0.0
Reddit-S,42,prior_update_add,30,text,1.9211622476577759,0.07493064552545547,0.0,0.0
Reddit-S,42,prior_update_add,30,visual,2.721238851547241,0.07127854973077774,0.0,0.0
Reddit-S,42,prior_update_add,31,text,1.9465327262878418,0.07543890923261642,0.0,0.0
Reddit-S,42,prior_update_add,31,visual,2.7427995204925537,0.0718270018696785,0.0,0.0
Reddit-S,42,prior_update_add,32,text,1.971274495124817,0.07589294016361237,0.0,0.0
Reddit-S,42,prior_update_add,32,visual,2.762275218963623,0.07233510166406631,0.0,0.0
Reddit-S,42,prior_update_add,33,text,1.9954313039779663,0.07630646973848343,0.0,0.0
Reddit-S,42,prior_update_add,33,visual,2.780075788497925,0.07271001487970352,0.0,0.0
Reddit-S,42,prior_update_add,34,text,2.0188004970550537,0.07667186856269836,0.0,0.0
Reddit-S,42,prior_update_add,34,visual,2.7967162132263184,0.07304809987545013,0.0,0.0
Reddit-S,42,prior_update_add,35,text,2.041017770767212,0.07705456763505936,0.0,0.0
Reddit-S,42,prior_update_add,35,visual,2.8124117851257324,0.07336986809968948,0.0,0.0
Reddit-S,42,prior_update_add,36,text,2.062805414199829,0.07746078073978424,0.0,0.0
Reddit-S,42,prior_update_add,36,visual,2.82670259475708,0.07365217804908752,0.0,0.0
Reddit-S,42,prior_update_add,37,text,2.0844533443450928,0.07781223952770233,0.0,0.0
Reddit-S,42,prior_update_add,37,visual,2.8397786617279053,0.07390207052230835,0.0,0.0
Reddit-S,42,prior_update_add,38,text,2.1058027744293213,0.07813344895839691,0.0,0.0
Reddit-S,42,prior_update_add,38,visual,2.851905345916748,0.07415637373924255,0.0,0.0
Reddit-S,42,prior_update_add,39,text,2.126941442489624,0.07839813828468323,0.0,0.0
Reddit-S,42,prior_update_add,39,visual,2.8629744052886963,0.07438521832227707,0.0,0.0
Reddit-S,42,prior_update_add,40,text,2.1471617221832275,0.0785793885588646,0.0,0.0
Reddit-S,42,prior_update_add,40,visual,2.8728153705596924,0.07462171465158463,0.0,0.0
Reddit-S,42,prior_update_add,41,text,2.1666452884674072,0.07879360765218735,0.0,0.0
Reddit-S,42,prior_update_add,41,visual,2.8817546367645264,0.07480534166097641,0.0,0.0
Reddit-S,42,prior_update_add,42,text,2.18574857711792,0.07907653599977493,0.0,0.0
Reddit-S,42,prior_update_add,42,visual,2.8898251056671143,0.0749657154083252,0.0,0.0
Reddit-S,42,prior_update_add,43,text,2.204042911529541,0.07932572066783905,0.0,0.0
Reddit-S,42,prior_update_add,43,visual,2.8971943855285645,0.07509013265371323,0.0,0.0
Reddit-S,42,prior_update_add,44,text,2.2216880321502686,0.07949843257665634,0.0,0.0
Reddit-S,42,prior_update_add,44,visual,2.903975009918213,0.07525983452796936,0.0,0.0
Reddit-S,42,prior_update_add,45,text,2.238544464111328,0.07968434691429138,0.0,0.0
Reddit-S,42,prior_update_add,45,visual,2.910475969314575,0.07537583261728287,0.0,0.0
Reddit-S,42,prior_update_add,46,text,2.2538459300994873,0.07986459136009216,0.0,0.0
Reddit-S,42,prior_update_add,46,visual,2.9164576530456543,0.07555872946977615,0.0,0.0
Reddit-S,42,prior_update_add,47,text,2.268651247024536,0.08004769682884216,0.0,0.0
Reddit-S,42,prior_update_add,47,visual,2.921755313873291,0.07575013488531113,0.0,0.0
Reddit-S,42,prior_update_add,48,text,2.28309965133667,0.08023709803819656,0.0,0.0
Reddit-S,42,prior_update_add,48,visual,2.926842451095581,0.0758190006017685,0.0,0.0
Reddit-S,42,prior_update_add,49,text,2.2973103523254395,0.08037740737199783,0.0,0.0
Reddit-S,42,prior_update_add,49,visual,2.9315989017486572,0.07582972943782806,0.0,0.0
Reddit-S,42,prior_update_add,50,text,2.310809373855591,0.08046254515647888,0.0,0.0
Reddit-S,42,prior_update_add,50,visual,2.936354160308838,0.07587622851133347,0.0,0.0
Reddit-S,42,prior_update_add,51,text,2.3241090774536133,0.0805545225739479,0.0,0.0
Reddit-S,42,prior_update_add,51,visual,2.9410040378570557,0.07595165818929672,0.0,0.0
Reddit-S,42,prior_update_add,52,text,2.3373913764953613,0.08066694438457489,0.0,0.0
Reddit-S,42,prior_update_add,52,visual,2.945531129837036,0.07597970217466354,0.0,0.0
Reddit-S,42,prior_update_add,53,text,2.3500468730926514,0.08077578991651535,0.0,0.0
Reddit-S,42,prior_update_add,53,visual,2.949967622756958,0.07602551579475403,0.0,0.0
Reddit-S,42,prior_update_add,54,text,2.361356258392334,0.08084741979837418,0.0,0.0
Reddit-S,42,prior_update_add,54,visual,2.9543535709381104,0.07610088586807251,0.0,0.0
Reddit-S,42,prior_update_add,55,text,2.372375726699829,0.08093182742595673,0.0,0.0
Reddit-S,42,prior_update_add,55,visual,2.958533763885498,0.07615283876657486,0.0,0.0
Reddit-S,42,prior_update_add,56,text,2.383551836013794,0.08102970570325851,0.0,0.0
Reddit-S,42,prior_update_add,56,visual,2.9627134799957275,0.07614052295684814,0.0,0.0
Reddit-S,42,prior_update_add,57,text,2.394463062286377,0.08112817257642746,0.0,0.0
Reddit-S,42,prior_update_add,57,visual,2.966851234436035,0.07614409923553467,0.0,0.0
Reddit-S,42,prior_update_add,58,text,2.4046177864074707,0.08122319728136063,0.0,0.0
Reddit-S,42,prior_update_add,58,visual,2.9707648754119873,0.07617636770009995,0.0,0.0
Reddit-S,42,prior_update_add,59,text,2.414544105529785,0.08128736913204193,0.0,0.0
Reddit-S,42,prior_update_add,59,visual,2.9746010303497314,0.07622072100639343,0.0,0.0
Reddit-S,42,prior_update_add,60,text,2.424164295196533,0.08135982602834702,0.0,0.0
Reddit-S,42,prior_update_add,60,visual,2.978330135345459,0.07622488588094711,0.0,0.0
Reddit-S,42,prior_update_add,61,text,2.433964729309082,0.0814400464296341,0.0,0.0
Reddit-S,42,prior_update_add,61,visual,2.9818472862243652,0.07619332522153854,0.0,0.0
Reddit-S,42,prior_update_add,62,text,2.4434754848480225,0.0815388411283493,0.0,0.0
Reddit-S,42,prior_update_add,62,visual,2.9853038787841797,0.07616348564624786,0.0,0.0
Reddit-S,42,prior_update_add,63,text,2.4524545669555664,0.08162464201450348,0.0,0.0
Reddit-S,42,prior_update_add,63,visual,2.9886422157287598,0.07616851478815079,0.0,0.0
Reddit-S,42,prior_update_add,64,text,2.4608025550842285,0.08169607073068619,0.0,0.0
Reddit-S,42,prior_update_add,64,visual,2.991748809814453,0.07618248462677002,0.0,0.0
Reddit-S,42,prior_update_add,65,text,2.4691553115844727,0.08175397664308548,0.0,0.0
Reddit-S,42,prior_update_add,65,visual,2.9947402477264404,0.07619193941354752,0.0,0.0
Reddit-S,42,prior_update_add,66,text,2.4775595664978027,0.08180896192789078,0.0,0.0
Reddit-S,42,prior_update_add,66,visual,2.9976255893707275,0.07620098441839218,0.0,0.0
Reddit-S,42,prior_update_add,67,text,2.485445976257324,0.08187014609575272,0.0,0.0
Reddit-S,42,prior_update_add,67,visual,3.000551700592041,0.07622749358415604,0.0,0.0
Reddit-S,42,prior_update_add,68,text,2.493100166320801,0.08191951364278793,0.0,0.0
Reddit-S,42,prior_update_add,68,visual,3.003338575363159,0.07627134770154953,0.0,0.0
Reddit-S,42,prior_update_add,69,text,2.5006308555603027,0.0819481834769249,0.0,0.0
Reddit-S,42,prior_update_add,69,visual,3.005995750427246,0.0763179287314415,0.0,0.0
Reddit-S,42,prior_update_add,70,text,2.507676601409912,0.08196063339710236,0.0,0.0
Reddit-S,42,prior_update_add,70,visual,3.008605718612671,0.07637278735637665,0.0,0.0
Reddit-S,42,prior_update_add,71,text,2.5146725177764893,0.08197537809610367,0.0,0.0
Reddit-S,42,prior_update_add,71,visual,3.011214017868042,0.07641896605491638,0.0,0.0
Reddit-S,42,prior_update_add,72,text,2.521592378616333,0.08199556171894073,0.0,0.0
Reddit-S,42,prior_update_add,72,visual,3.013767957687378,0.07644367218017578,0.0,0.0
Reddit-S,42,prior_update_add,73,text,2.5281758308410645,0.08200918138027191,0.0,0.0
Reddit-S,42,prior_update_add,73,visual,3.0162734985351562,0.07644162327051163,0.0,0.0
Reddit-S,42,prior_update_add,74,text,2.5344464778900146,0.08201487362384796,0.0,0.0
Reddit-S,42,prior_update_add,74,visual,3.018800735473633,0.0764312595129013,0.0,0.0
Reddit-S,42,prior_update_add,75,text,2.540252685546875,0.08200578391551971,0.0,0.0
Reddit-S,42,prior_update_add,75,visual,3.0212669372558594,0.07643888890743256,0.0,0.0
Reddit-S,42,prior_update_add,76,text,2.545750856399536,0.08199258148670197,0.0,0.0
Reddit-S,42,prior_update_add,76,visual,3.0235915184020996,0.07648152112960815,0.0,0.0
Reddit-S,42,prior_update_add,77,text,2.551032066345215,0.08198259025812149,0.0,0.0
Reddit-S,42,prior_update_add,77,visual,3.025709390640259,0.07653185725212097,0.0,0.0
Reddit-S,42,prior_update_add,78,text,2.5562798976898193,0.08199276775121689,0.0,0.0
Reddit-S,42,prior_update_add,78,visual,3.0276660919189453,0.0765698179602623,0.0,0.0
Reddit-S,42,prior_update_add,79,text,2.561431407928467,0.08202826231718063,0.0,0.0
Reddit-S,42,prior_update_add,79,visual,3.029430627822876,0.07659213244915009,0.0,0.0
Reddit-S,42,prior_update_add,80,text,2.566378355026245,0.08206938952207565,0.0,0.0
Reddit-S,42,prior_update_add,80,visual,3.031144857406616,0.07661863416433334,0.0,0.0
Reddit-S,42,prior_update_add,81,text,2.57100772857666,0.08210734277963638,0.0,0.0
Reddit-S,42,prior_update_add,81,visual,3.032876491546631,0.07664260268211365,0.0,0.0
Reddit-S,42,prior_update_add,82,text,2.57572340965271,0.08213666826486588,0.0,0.0
Reddit-S,42,prior_update_add,82,visual,3.0346381664276123,0.07667158544063568,0.0,0.0
Reddit-S,42,prior_update_add,83,text,2.5802791118621826,0.08216506242752075,0.0,0.0
Reddit-S,42,prior_update_add,83,visual,3.0363945960998535,0.07668653875589371,0.0,0.0
Reddit-S,42,prior_update_add,84,text,2.5846612453460693,0.0821932852268219,0.0,0.0
Reddit-S,42,prior_update_add,84,visual,3.038167953491211,0.07669319212436676,0.0,0.0
Reddit-S,42,prior_update_add,85,text,2.5888185501098633,0.08221783488988876,0.0,0.0
Reddit-S,42,prior_update_add,85,visual,3.039905548095703,0.07669577747583389,0.0,0.0
Reddit-S,42,prior_update_add,86,text,2.592832088470459,0.08224034309387207,0.0,0.0
Reddit-S,42,prior_update_add,86,visual,3.041677474975586,0.07670082896947861,0.0,0.0
Reddit-S,42,prior_update_add,87,text,2.5965816974639893,0.08226452767848969,0.0,0.0
Reddit-S,42,prior_update_add,87,visual,3.0434677600860596,0.07670634239912033,0.0,0.0
Reddit-S,42,prior_update_add,88,text,2.6002426147460938,0.08228755742311478,0.0,0.0
Reddit-S,42,prior_update_add,88,visual,3.045213222503662,0.07670725136995316,0.0,0.0
Reddit-S,42,prior_update_add,89,text,2.6038620471954346,0.08230883628129959,0.0,0.0
Reddit-S,42,prior_update_add,89,visual,3.0469236373901367,0.07669787108898163,0.0,0.0
Reddit-S,42,prior_update_add,90,text,2.607264518737793,0.08233722299337387,0.0,0.0
Reddit-S,42,prior_update_add,90,visual,3.0485787391662598,0.07668770104646683,0.0,0.0
Reddit-S,42,prior_update_add,91,text,2.610405445098877,0.0823768749833107,0.0,0.0
Reddit-S,42,prior_update_add,91,visual,3.050241708755493,0.07666809111833572,0.0,0.0
Reddit-S,42,prior_update_gate,0,text,0.0,0.0,0.0,0.0
Reddit-S,42,prior_update_gate,0,visual,0.0,0.0,0.0,0.0
Reddit-S,42,prior_update_gate,1,text,0.2557505667209625,0.015998108312487602,0.0,0.0
Reddit-S,42,prior_update_gate,1,visual,0.25582611560821533,0.01599855348467827,0.0,0.0
Reddit-S,42,prior_update_gate,2,text,0.37764063477516174,0.02166617475450039,0.26139482855796814,0.011852400377392769
Reddit-S,42,prior_update_gate,2,visual,0.4080764949321747,0.02202988788485527,0.26089975237846375,0.011865750886499882
Reddit-S,42,prior_update_gate,3,text,0.47849661111831665,0.02506055310368538,0.4556855857372284,0.020031388849020004
Reddit-S,42,prior_update_gate,3,visual,0.5476966500282288,0.02547404170036316,0.46178916096687317,0.019931674003601074
Reddit-S,42,prior_update_gate,4,text,0.5794244408607483,0.029127255082130432,0.606666624546051,0.02544853277504444
Reddit-S,42,prior_update_gate,4,visual,0.6889749765396118,0.028888806700706482,0.6414497494697571,0.028768297284841537
Reddit-S,42,prior_update_gate,5,text,0.6822583079338074,0.03456752002239227,0.7323691844940186,0.030340515077114105
Reddit-S,42,prior_update_gate,5,visual,0.8294716477394104,0.03297456353902817,0.8161373734474182,0.03927287086844444
Reddit-S,42,prior_update_gate,6,text,0.7766149640083313,0.03947907313704491,0.8463906645774841,0.03569474816322327
Reddit-S,42,prior_update_gate,6,visual,0.9626582860946655,0.037221044301986694,0.992800772190094,0.05073792114853859
Reddit-S,42,prior_update_gate,7,text,0.8603764176368713,0.043433476239442825,0.9554187655448914,0.04145139455795288
Reddit-S,42,prior_update_gate,7,visual,1.092052936553955,0.041459497064352036,1.1787879467010498,0.06280924379825592
Reddit-S,42,prior_update_gate,8,text,0.9408251643180847,0.04691535606980324,1.0743517875671387,0.04746367037296295
Reddit-S,42,prior_update_gate,8,visual,1.221330165863037,0.04543428495526314,1.377132773399353,0.07549179345369339
Reddit-S,42,prior_update_gate,9,text,1.02134370803833,0.05045527592301369,1.2014431953430176,0.053889885544776917
Reddit-S,42,prior_update_gate,9,visual,1.3522028923034668,0.04922036454081535,1.587295651435852,0.08879350870847702
Reddit-S,42,prior_update_gate,10,text,1.1035488843917847,0.05420044809579849,1.3324840068817139,0.060592006891965866
Reddit-S,42,prior_update_gate,10,visual,1.4836562871932983,0.0527350939810276,1.807225227355957,0.1025548130273819
Reddit-S,42,prior_update_gate,11,text,1.1857715845108032,0.05732741206884384,1.466443419456482,0.06758493930101395
Reddit-S,42,prior_update_gate,11,visual,1.6128259897232056,0.05617694556713104,2.030891180038452,0.11635851114988327
Reddit-S,42,prior_update_gate,12,text,1.2654390335083008,0.05990102142095566,1.5973643064498901,0.07447346299886703
Reddit-S,42,prior_update_gate,12,visual,1.7399485111236572,0.05944138020277023,2.2566440105438232,0.1302276849746704
Reddit-S,42,prior_update_gate,13,text,1.3426059484481812,0.06218305602669716,1.7274436950683594,0.08115172386169434
Reddit-S,42,prior_update_gate,13,visual,1.8656731843948364,0.06264598667621613,2.4844417572021484,0.1441342681646347
Reddit-S,42,prior_update_gate,14,text,1.4165401458740234,0.06412475556135178,1.8553410768508911,0.08744354546070099
Reddit-S,42,prior_update_gate,14,visual,1.98818039894104,0.06563832610845566,2.7107582092285156,0.1578894555568695
Reddit-S,42,prior_update_gate,15,text,1.4883296489715576,0.0660555437207222,1.9845267534255981,0.09361434727907181
Reddit-S,42,prior_update_gate,15,visual,2.1062748432159424,0.06837461143732071,2.932028293609619,0.17120374739170074
Reddit-S,42,prior_update_gate,16,text,1.5573354959487915,0.06801789253950119,2.112854480743408,0.0995187908411026
Reddit-S,42,prior_update_gate,16,visual,2.219346523284912,0.07101506739854813,3.1464147567749023,0.18394671380519867
Reddit-S,42,prior_update_gate,17,text,1.6238043308258057,0.06983647495508194,2.2400074005126953,0.10526610165834427
Reddit-S,42,prior_update_gate,17,visual,2.3267269134521484,0.07356519997119904,3.3528261184692383,0.19600941240787506
Reddit-S,42,prior_update_gate,18,text,1.6875319480895996,0.07151395827531815,2.3653244972229004,0.11076225340366364
Reddit-S,42,prior_update_gate,18,visual,2.4281232357025146,0.0759519413113594,3.549828290939331,0.20723414421081543
Reddit-S,42,prior_update_gate,19,text,1.748702883720398,0.07315430790185928,2.4895310401916504,0.11608170717954636
Reddit-S,42,prior_update_gate,19,visual,2.522655725479126,0.07805314660072327,3.7360596656799316,0.21745158731937408
Reddit-S,42,prior_update_gate,20,text,1.8068835735321045,0.07477626204490662,2.610901355743408,0.12124814093112946
Reddit-S,42,prior_update_gate,20,visual,2.6103262901306152,0.07995603233575821,3.9107868671417236,0.22657789289951324
Reddit-S,42,prior_update_gate,21,text,1.8624404668807983,0.0763135626912117,2.729811906814575,0.1262979507446289
Reddit-S,42,prior_update_gate,21,visual,2.6906139850616455,0.08163359761238098,4.072704315185547,0.2344994992017746
Reddit-S,42,prior_update_gate,22,text,1.915284514427185,0.07775534689426422,2.846008062362671,0.1311437487602234
Reddit-S,42,prior_update_gate,22,visual,2.763904094696045,0.08313466608524323,4.22202205657959,0.24125578999519348
Reddit-S,42,prior_update_gate,23,text,1.9656003713607788,0.07914083451032639,2.959296941757202,0.13575205206871033
Reddit-S,42,prior_update_gate,23,visual,2.830634355545044,0.08441630750894547,4.359557628631592,0.2469535768032074
Reddit-S,42,prior_update_gate,24,text,2.0125784873962402,0.08045075833797455,3.066789388656616,0.13990090787410736
Reddit-S,42,prior_update_gate,24,visual,2.891335964202881,0.08552398532629013,4.48632287979126,0.2517111599445343
Reddit-S,42,prior_update_gate,25,text,2.0569868087768555,0.08164330571889877,3.1698734760284424,0.14373967051506042
Reddit-S,42,prior_update_gate,25,visual,2.945949077606201,0.08648491650819778,4.602210521697998,0.2554715573787689
Reddit-S,42,prior_update_gate,26,text,2.099367380142212,0.0827731341123581,3.2699973583221436,0.14749860763549805
Reddit-S,42,prior_update_gate,26,visual,2.9947235584259033,0.08729659765958786,4.707993507385254,0.2582557499408722
Reddit-S,42,prior_update_gate,27,text,2.139554262161255,0.08374971151351929,3.367427110671997,0.15104496479034424
Reddit-S,42,prior_update_gate,27,visual,3.0385701656341553,0.08797983080148697,4.805465221405029,0.2602134943008423
Reddit-S,42,prior_update_gate,28,text,2.177731990814209,0.08468781411647797,3.4616878032684326,0.15445557236671448
Reddit-S,42,prior_update_gate,28,visual,3.0779294967651367,0.08857666701078415,4.895474910736084,0.26147332787513733
Reddit-S,42,prior_update_gate,29,text,2.2131216526031494,0.08546265214681625,3.550386667251587,0.15744531154632568
Reddit-S,42,prior_update_gate,29,visual,3.1135194301605225,0.08904068917036057,4.979342460632324,0.2622360587120056
Reddit-S,42,prior_update_gate,30,text,2.2464001178741455,0.08619656413793564,3.635345458984375,0.1601211279630661
Reddit-S,42,prior_update_gate,30,visual,3.145878553390503,0.08936765044927597,5.058169364929199,0.26261815428733826
Reddit-S,42,prior_update_gate,31,text,2.2774486541748047,0.08698253333568573,3.7157740592956543,0.16245757043361664
Reddit-S,42,prior_update_gate,31,visual,3.1757559776306152,0.08964146673679352,5.1332807540893555,0.2627570629119873
Reddit-S,42,prior_update_gate,32,text,2.3071913719177246,0.08766701817512512,3.7945258617401123,0.16464611887931824
Reddit-S,42,prior_update_gate,32,visual,3.2029483318328857,0.08990562707185745,5.2043986320495605,0.2626061737537384
Reddit-S,42,prior_update_gate,33,text,2.335995674133301,0.08819794654846191,3.8723208904266357,0.16671577095985413
Reddit-S,42,prior_update_gate,33,visual,3.2282309532165527,0.09012492746114731,5.272936820983887,0.26232466101646423
Reddit-S,42,prior_update_gate,34,text,2.364091634750366,0.08867443352937698,3.949740171432495,0.1687077283859253
Reddit-S,42,prior_update_gate,34,visual,3.2519567012786865,0.09028724581003189,5.339113235473633,0.26196664571762085
Reddit-S,42,prior_update_gate,35,text,2.390876293182373,0.08921971172094345,4.026055812835693,0.17061351239681244
Reddit-S,42,prior_update_gate,35,visual,3.274529218673706,0.09042155742645264,5.403242588043213,0.2616228759288788
Reddit-S,42,prior_update_gate,36,text,2.416924476623535,0.08965276926755905,4.1023077964782715,0.17246012389659882
Reddit-S,42,prior_update_gate,36,visual,3.295551300048828,0.09052082896232605,5.464663982391357,0.26125478744506836
Reddit-S,42,prior_update_gate,37,text,2.442640781402588,0.0900162011384964,4.179390907287598,0.17433156073093414
Reddit-S,42,prior_update_gate,37,visual,3.3150229454040527,0.09053169190883636,5.523939609527588,0.2608046233654022
Reddit-S,42,prior_update_gate,38,text,2.4675869941711426,0.09045303612947464,4.255407810211182,0.17611050605773926
Reddit-S,42,prior_update_gate,38,visual,3.333233118057251,0.09051930159330368,5.581021308898926,0.26033756136894226
Reddit-S,42,prior_update_gate,39,text,2.49186372756958,0.0909026712179184,4.330316543579102,0.17782579362392426
Reddit-S,42,prior_update_gate,39,visual,3.3500382900238037,0.09049803763628006,5.635965347290039,0.2597618103027344
Reddit-S,42,prior_update_gate,40,text,2.516094207763672,0.09125848114490509,4.405470371246338,0.17966297268867493
Reddit-S,42,prior_update_gate,40,visual,3.365467071533203,0.09045524150133133,5.688971519470215,0.2590349018573761
Reddit-S,42,prior_update_gate,41,text,2.5397279262542725,0.09155897051095963,4.479465484619141,0.18137286603450775
Reddit-S,42,prior_update_gate,41,visual,3.3798341751098633,0.09040413051843643,5.740657806396484,0.2581789493560791
Reddit-S,42,prior_update_gate,42,text,2.562373161315918,0.09192395955324173,4.551640510559082,0.18290551006793976
Reddit-S,42,prior_update_gate,42,visual,3.393125057220459,0.09035709500312805,5.790338039398193,0.25723913311958313
Reddit-S,42,prior_update_gate,43,text,2.5833163261413574,0.09229571372270584,4.618720054626465,0.18404288589954376
Reddit-S,42,prior_update_gate,43,visual,3.40553617477417,0.09023711085319519,5.838837623596191,0.2562415897846222
Reddit-S,42,prior_update_gate,44,text,2.6028263568878174,0.09257227182388306,4.683053493499756,0.18505984544754028
Reddit-S,42,prior_update_gate,44,visual,3.416806221008301,0.09020815044641495,5.885544300079346,0.2551073133945465
Reddit-S,42,prior_update_gate,45,text,2.62218976020813,0.09280889481306076,4.746911525726318,0.18610642850399017
Reddit-S,42,prior_update_gate,45,visual,3.4273133277893066,0.09010554105043411,5.931087970733643,0.25391167402267456
Reddit-S,42,prior_update_gate,46,text,2.641026258468628,0.09306029230356216,4.809574127197266,0.18715471029281616
Reddit-S,42,prior_update_gate,46,visual,3.437042236328125,0.0899936705827713,5.975327491760254,0.2526458203792572
Reddit-S,42,prior_update_gate,47,text,2.659571647644043,0.09341972321271896,4.872768878936768,0.18830259144306183
Reddit-S,42,prior_update_gate,47,visual,3.445845365524292,0.0899101197719574,6.0182976722717285,0.2512764036655426
Reddit-S,42,prior_update_gate,48,text,2.67802095413208,0.09376753866672516,4.9351091384887695,0.18942250311374664
Reddit-S,42,prior_update_gate,48,visual,3.4544806480407715,0.089788056910038,6.0605692863464355,0.25002139806747437
Reddit-S,42,prior_update_gate,49,text,2.6956803798675537,0.09399164468050003,4.994872093200684,0.1904744654893875
Reddit-S,42,prior_update_gate,49,visual,3.4627082347869873,0.08964965492486954,6.101833343505859,0.24880467355251312
Reddit-S,42,prior_update_gate,50,text,2.7131497859954834,0.09411626309156418,5.054079055786133,0.19161131978034973
Reddit-S,42,prior_update_gate,50,visual,3.4707834720611572,0.08954064548015594,6.142316818237305,0.24771088361740112
Reddit-S,42,prior_update_gate,51,text,2.7306742668151855,0.09425359964370728,5.113707542419434,0.19280219078063965
Reddit-S,42,prior_update_gate,51,visual,3.478720188140869,0.08943256735801697,6.182319641113281,0.24671326577663422
Reddit-S,42,prior_update_gate,52,text,2.747971296310425,0.09444776922464371,5.173102855682373,0.1940058469772339
Reddit-S,42,prior_update_gate,52,visual,3.4866061210632324,0.0893271416425705,6.2213969230651855,0.24583546817302704
Reddit-S,42,prior_update_gate,53,text,2.7646594047546387,0.09469200670719147,5.23151159286499,0.19522416591644287
Reddit-S,42,prior_update_gate,53,visual,3.494525909423828,0.08926353603601456,6.259840488433838,0.2451075315475464
Reddit-S,42,prior_update_gate,54,text,2.7807767391204834,0.09490648657083511,5.2881646156311035,0.19639097154140472
Reddit-S,42,prior_update_gate,54,visual,3.502457618713379,0.08925171196460724,6.29753303527832,0.2445269376039505
Reddit-S,42,prior_update_gate,55,text,2.7961103916168213,0.09508412331342697,5.342123031616211,0.1973130702972412
Reddit-S,42,prior_update_gate,55,visual,3.5103580951690674,0.0892094075679779,6.335031986236572,0.24402016401290894
Reddit-S,42,prior_update_gate,56,text,2.8108391761779785,0.09519810974597931,5.394165515899658,0.19822803139686584
Reddit-S,42,prior_update_gate,56,visual,3.518336296081543,0.08919946849346161,6.371741771697998,0.24364343285560608
Reddit-S,42,prior_update_gate,57,text,2.8250114917755127,0.09530287235975266,5.444864273071289,0.199134960770607
Reddit-S,42,prior_update_gate,57,visual,3.526205539703369,0.08920197933912277,6.407716751098633,0.24331410229206085
Reddit-S,42,prior_update_gate,58,text,2.838534355163574,0.09544124454259872,5.4936981201171875,0.19988635182380676
Reddit-S,42,prior_update_gate,58,visual,3.533855438232422,0.08915551006793976,6.442904472351074,0.2429874688386917
Reddit-S,42,prior_update_gate,59,text,2.8515477180480957,0.09557268023490906,5.540672779083252,0.2006574124097824
Reddit-S,42,prior_update_gate,59,visual,3.541506290435791,0.08909866958856583,6.477443695068359,0.24273264408111572
Reddit-S,42,prior_update_gate,60,text,2.8641207218170166,0.09570874273777008,5.586617469787598,0.2014223039150238
Reddit-S,42,prior_update_gate,60,visual,3.5486629009246826,0.08904733508825302,6.5108160972595215,0.24241583049297333
Reddit-S,42,prior_update_gate,61,text,2.8766257762908936,0.09586558490991592,5.632591247558594,0.20218844711780548
Reddit-S,42,prior_update_gate,61,visual,3.555417537689209,0.08899993449449539,6.543553829193115,0.24202482402324677
Reddit-S,42,prior_update_gate,62,text,2.888747453689575,0.0960184782743454,5.6775736808776855,0.20285369455814362
Reddit-S,42,prior_update_gate,62,visual,3.5619194507598877,0.0889548659324646,6.575613975524902,0.24163271486759186
Reddit-S,42,prior_update_gate,63,text,2.9002439975738525,0.09615352004766464,5.720754146575928,0.20346805453300476
Reddit-S,42,prior_update_gate,63,visual,3.56815242767334,0.08892688900232315,6.606937885284424,0.24124260246753693
Reddit-S,42,prior_update_gate,64,text,2.910844564437866,0.09628022462129593,5.761434555053711,0.20388808846473694
Reddit-S,42,prior_update_gate,64,visual,3.5740816593170166,0.0888819545507431,6.63743782043457,0.2408210188150406
Reddit-S,42,prior_update_gate,65,text,2.921233654022217,0.09643532335758209,5.801350116729736,0.20423288643360138
Reddit-S,42,prior_update_gate,65,visual,3.5798375606536865,0.08881481736898422,6.667217254638672,0.24040566384792328
Reddit-S,42,prior_update_gate,66,text,2.9313478469848633,0.096582792699337,5.840414047241211,0.2045137882232666
Reddit-S,42,prior_update_gate,66,visual,3.5852341651916504,0.08874620497226715,6.696065902709961,0.2399439811706543
Reddit-S,42,prior_update_gate,67,text,2.940965175628662,0.09672866016626358,5.877987861633301,0.20475150644779205
Reddit-S,42,prior_update_gate,67,visual,3.5905039310455322,0.08870069682598114,6.7241530418396,0.23949690163135529
Reddit-S,42,prior_update_gate,68,text,2.9499213695526123,0.09685520827770233,5.913064002990723,0.2048979550600052
Reddit-S,42,prior_update_gate,68,visual,3.595651388168335,0.08867894858121872,6.751801013946533,0.23907293379306793
Reddit-S,42,prior_update_gate,69,text,2.9589409828186035,0.09697835892438889,5.947855472564697,0.205109640955925
Reddit-S,42,prior_update_gate,69,visual,3.600532054901123,0.08867359161376953,6.778829097747803,0.23860780894756317
Reddit-S,42,prior_update_gate,70,text,2.967289924621582,0.09708646684885025,5.981139183044434,0.20519086718559265
Reddit-S,42,prior_update_gate,70,visual,3.605128526687622,0.08869906514883041,6.805218696594238,0.238093301653862
Reddit-S,42,prior_update_gate,71,text,2.9756643772125244,0.09719937294721603,6.0141921043396,0.2053394615650177
Reddit-S,42,prior_update_gate,71,visual,3.6094887256622314,0.08871635794639587,6.830982208251953,0.23753468692302704
Reddit-S,42,prior_update_gate,72,text,2.9839911460876465,0.09731734544038773,6.046578407287598,0.20554378628730774
Reddit-S,42,prior_update_gate,72,visual,3.6138198375701904,0.0887121632695198,6.855972766876221,0.2370201051235199
Reddit-S,42,prior_update_gate,73,text,2.992116689682007,0.09743986278772354,6.077809810638428,0.20571020245552063
Reddit-S,42,prior_update_gate,73,visual,3.6180832386016846,0.08865689486265182,6.880302906036377,0.2365151345729828
Reddit-S,42,prior_update_gate,74,text,2.9998438358306885,0.09756314754486084,6.108046054840088,0.20582938194274902
Reddit-S,42,prior_update_gate,74,visual,3.622243881225586,0.08857452124357224,6.904041290283203,0.23599836230278015
Reddit-S,42,prior_update_gate,75,text,3.00685715675354,0.09765462577342987,6.136730670928955,0.20582257211208344
Reddit-S,42,prior_update_gate,75,visual,3.626134157180786,0.08851101994514465,6.927119731903076,0.23543809354305267
Reddit-S,42,prior_update_gate,76,text,3.0139195919036865,0.09772521257400513,6.165014266967773,0.20587687194347382
Reddit-S,42,prior_update_gate,76,visual,3.629987955093384,0.08844870328903198,6.949784278869629,0.234889417886734
Reddit-S,42,prior_update_gate,77,text,3.0205156803131104,0.0977698341012001,6.191256999969482,0.20588092505931854
Reddit-S,42,prior_update_gate,77,visual,3.6338679790496826,0.08837386965751648,6.971907615661621,0.2344111204147339
Reddit-S,42,prior_update_gate,78,text,3.0273208618164062,0.09780482202768326,6.217360496520996,0.20598475635051727
Reddit-S,42,prior_update_gate,78,visual,3.637483596801758,0.08829225599765778,6.993249416351318,0.23391470313072205
Reddit-S,42,prior_update_gate,79,text,3.0337603092193604,0.09783443063497543,6.242679119110107,0.2060282826423645
Reddit-S,42,prior_update_gate,79,visual,3.6409823894500732,0.08822420984506607,7.014069557189941,0.23341824114322662
Reddit-S,42,prior_update_gate,80,text,3.0397238731384277,0.09786839038133621,6.267124176025391,0.20594079792499542
Reddit-S,42,prior_update_gate,80,visual,3.6443471908569336,0.08817408978939056,7.034345626831055,0.23292705416679382
Reddit-S,42,prior_update_gate,81,text,3.0455830097198486,0.09791667759418488,6.291193008422852,0.20592796802520752
Reddit-S,42,prior_update_gate,81,visual,3.6476662158966064,0.08813866972923279,7.054259777069092,0.23244749009609222
Reddit-S,42,prior_update_gate,82,text,3.0515332221984863,0.09797975420951843,6.315080165863037,0.2059856504201889
Reddit-S,42,prior_update_gate,82,visual,3.650912284851074,0.08811116218566895,7.0737080574035645,0.23197807371616364
Reddit-S,42,prior_update_gate,83,text,3.057093858718872,0.09806029498577118,6.3377299308776855,0.20592238008975983
Reddit-S,42,prior_update_gate,83,visual,3.6543071269989014,0.08808261901140213,7.092892646789551,0.2315695434808731
Reddit-S,42,prior_update_gate,84,text,3.0625739097595215,0.09816423058509827,6.360125541687012,0.20586511492729187
Reddit-S,42,prior_update_gate,84,visual,3.65763521194458,0.08804485946893692,7.111711025238037,0.23115451633930206
Reddit-S,42,prior_update_gate,85,text,3.067589521408081,0.09827601164579391,6.381349086761475,0.20575746893882751
Reddit-S,42,prior_update_gate,85,visual,3.660853862762451,0.08801060169935226,7.13010311126709,0.23073238134384155
Reddit-S,42,prior_update_gate,86,text,3.0723865032196045,0.09839151799678802,6.402013778686523,0.20563852787017822
Reddit-S,42,prior_update_gate,86,visual,3.6641159057617188,0.08798697590827942,7.148187160491943,0.23035214841365814
Reddit-S,42,prior_update_gate,87,text,3.0767226219177246,0.09850677847862244,6.421677589416504,0.20543260872364044
Reddit-S,42,prior_update_gate,87,visual,3.667353630065918,0.08796584606170654,7.166150093078613,0.22996293008327484
Reddit-S,42,prior_update_gate,88,text,3.0811007022857666,0.09859862923622131,6.44101619720459,0.20525532960891724
Reddit-S,42,prior_update_gate,88,visual,3.670412063598633,0.08792878687381744,7.183722972869873,0.22954517602920532
Reddit-S,42,prior_update_gate,89,text,3.0857112407684326,0.09866823256015778,6.460305213928223,0.20516477525234222
Reddit-S,42,prior_update_gate,89,visual,3.673316240310669,0.08787627518177032,7.200798988342285,0.2291169911623001
Reddit-S,42,prior_update_gate,90,text,3.090268611907959,0.09871116280555725,6.47904109954834,0.20516148209571838
Reddit-S,42,prior_update_gate,90,visual,3.6762218475341797,0.08782818913459778,7.217412948608398,0.22873187065124512
Reddit-S,42,prior_update_gate,91,text,3.0947606563568115,0.09872978925704956,6.496908664703369,0.20515622198581696
Reddit-S,42,prior_update_gate,91,visual,3.679184913635254,0.08778022974729538,7.233729362487793,0.22840164601802826
Reddit-S,42,terminal,0,text,0.0,0.0,0.0,0.0
Reddit-S,42,terminal,0,visual,0.0,0.0,0.0,0.0
Reddit-S,42,terminal,1,text,0.0,0.0,0.0,0.0
Reddit-S,42,terminal,1,visual,0.0,0.0,0.0,0.0
Reddit-S,42,terminal,2,text,0.0,0.0,0.0,0.0
Reddit-S,42,terminal,2,visual,0.0,0.0,0.0,0.0
Reddit-S,42,terminal,3,text,0.0,0.0,0.0,0.0
Reddit-S,42,terminal,3,visual,0.0,0.0,0.0,0.0
Reddit-S,42,terminal,4,text,0.0,0.0,0.0,0.0
Reddit-S,42,terminal,4,visual,0.0,0.0,0.0,0.0
Reddit-S,42,terminal,5,text,0.0,0.0,0.0,0.0
Reddit-S,42,terminal,5,visual,0.0,0.0,0.0,0.0
Reddit-S,42,terminal,6,text,0.0,0.0,0.0,0.0
Reddit-S,42,terminal,6,visual,0.0,0.0,0.0,0.0
Reddit-S,42,terminal,7,text,0.0,0.0,0.0,0.0
Reddit-S,42,terminal,7,visual,0.0,0.0,0.0,0.0
Reddit-S,42,terminal,8,text,0.0,0.0,0.0,0.0
Reddit-S,42,terminal,8,visual,0.0,0.0,0.0,0.0
Reddit-S,42,terminal,9,text,0.0,0.0,0.0,0.0
Reddit-S,42,terminal,9,visual,0.0,0.0,0.0,0.0
Reddit-S,42,terminal,10,text,0.0,0.0,0.0,0.0
Reddit-S,42,terminal,10,visual,0.0,0.0,0.0,0.0
Reddit-S,42,terminal,11,text,0.0,0.0,0.0,0.0
Reddit-S,42,terminal,11,visual,0.0,0.0,0.0,0.0
Reddit-S,42,terminal,12,text,0.0,0.0,0.0,0.0
Reddit-S,42,terminal,12,visual,0.0,0.0,0.0,0.0
Reddit-S,42,terminal,13,text,0.0,0.0,0.0,0.0
Reddit-S,42,terminal,13,visual,0.0,0.0,0.0,0.0
Reddit-S,42,terminal,14,text,0.0,0.0,0.0,0.0
Reddit-S,42,terminal,14,visual,0.0,0.0,0.0,0.0
Reddit-S,42,terminal,15,text,0.0,0.0,0.0,0.0
Reddit-S,42,terminal,15,visual,0.0,0.0,0.0,0.0
Reddit-S,42,terminal,16,text,0.0,0.0,0.0,0.0
Reddit-S,42,terminal,16,visual,0.0,0.0,0.0,0.0
Reddit-S,42,terminal,17,text,0.0,0.0,0.0,0.0
Reddit-S,42,terminal,17,visual,0.0,0.0,0.0,0.0
Reddit-S,42,terminal,18,text,0.0,0.0,0.0,0.0
Reddit-S,42,terminal,18,visual,0.0,0.0,0.0,0.0
Reddit-S,42,terminal,19,text,0.0,0.0,0.0,0.0
Reddit-S,42,terminal,19,visual,0.0,0.0,0.0,0.0
Reddit-S,42,terminal,20,text,0.0,0.0,0.0,0.0
Reddit-S,42,terminal,20,visual,0.0,0.0,0.0,0.0
Reddit-S,42,terminal,21,text,0.0,0.0,0.0,0.0
Reddit-S,42,terminal,21,visual,0.0,0.0,0.0,0.0
Reddit-S,42,terminal,22,text,0.0,0.0,0.0,0.0
Reddit-S,42,terminal,22,visual,0.0,0.0,0.0,0.0
Reddit-S,42,terminal,23,text,0.0,0.0,0.0,0.0
Reddit-S,42,terminal,23,visual,0.0,0.0,0.0,0.0
Reddit-S,42,terminal,24,text,0.0,0.0,0.0,0.0
Reddit-S,42,terminal,24,visual,0.0,0.0,0.0,0.0
Reddit-S,42,terminal,25,text,0.0,0.0,0.0,0.0
Reddit-S,42,terminal,25,visual,0.0,0.0,0.0,0.0
Reddit-S,42,terminal,26,text,0.0,0.0,0.0,0.0
Reddit-S,42,terminal,26,visual,0.0,0.0,0.0,0.0
Reddit-S,42,terminal,27,text,0.0,0.0,0.0,0.0
Reddit-S,42,terminal,27,visual,0.0,0.0,0.0,0.0
Reddit-S,42,terminal,28,text,0.0,0.0,0.0,0.0
Reddit-S,42,terminal,28,visual,0.0,0.0,0.0,0.0
Reddit-S,42,terminal,29,text,0.0,0.0,0.0,0.0
Reddit-S,42,terminal,29,visual,0.0,0.0,0.0,0.0
Reddit-S,42,terminal,30,text,0.0,0.0,0.0,0.0
Reddit-S,42,terminal,30,visual,0.0,0.0,0.0,0.0
Reddit-S,42,terminal,31,text,0.0,0.0,0.0,0.0
Reddit-S,42,terminal,31,visual,0.0,0.0,0.0,0.0
Reddit-S,42,terminal,32,text,0.0,0.0,0.0,0.0
Reddit-S,42,terminal,32,visual,0.0,0.0,0.0,0.0
Reddit-S,42,terminal,33,text,0.0,0.0,0.0,0.0
Reddit-S,42,terminal,33,visual,0.0,0.0,0.0,0.0
Reddit-S,42,terminal,34,text,0.0,0.0,0.0,0.0
Reddit-S,42,terminal,34,visual,0.0,0.0,0.0,0.0
Reddit-S,42,terminal,35,text,0.0,0.0,0.0,0.0
Reddit-S,42,terminal,35,visual,0.0,0.0,0.0,0.0
Reddit-S,42,terminal,36,text,0.0,0.0,0.0,0.0
Reddit-S,42,terminal,36,visual,0.0,0.0,0.0,0.0
Reddit-S,42,terminal,37,text,0.0,0.0,0.0,0.0
Reddit-S,42,terminal,37,visual,0.0,0.0,0.0,0.0
Reddit-S,42,terminal,38,text,0.0,0.0,0.0,0.0
Reddit-S,42,terminal,38,visual,0.0,0.0,0.0,0.0
Reddit-S,42,terminal,39,text,0.0,0.0,0.0,0.0
Reddit-S,42,terminal,39,visual,0.0,0.0,0.0,0.0
Reddit-S,42,terminal,40,text,0.0,0.0,0.0,0.0
Reddit-S,42,terminal,40,visual,0.0,0.0,0.0,0.0
Reddit-S,42,terminal,41,text,0.0,0.0,0.0,0.0
Reddit-S,42,terminal,41,visual,0.0,0.0,0.0,0.0
Reddit-S,42,terminal,42,text,0.0,0.0,0.0,0.0
Reddit-S,42,terminal,42,visual,0.0,0.0,0.0,0.0
Reddit-S,42,terminal,43,text,0.0,0.0,0.0,0.0
Reddit-S,42,terminal,43,visual,0.0,0.0,0.0,0.0
Reddit-S,42,terminal,44,text,0.0,0.0,0.0,0.0
Reddit-S,42,terminal,44,visual,0.0,0.0,0.0,0.0
Reddit-S,42,terminal,45,text,0.0,0.0,0.0,0.0
Reddit-S,42,terminal,45,visual,0.0,0.0,0.0,0.0
Reddit-S,42,terminal,46,text,0.0,0.0,0.0,0.0
Reddit-S,42,terminal,46,visual,0.0,0.0,0.0,0.0
Reddit-S,42,terminal,47,text,0.0,0.0,0.0,0.0
Reddit-S,42,terminal,47,visual,0.0,0.0,0.0,0.0
Reddit-S,42,terminal,48,text,0.0,0.0,0.0,0.0
Reddit-S,42,terminal,48,visual,0.0,0.0,0.0,0.0
Reddit-S,42,terminal,49,text,0.0,0.0,0.0,0.0
Reddit-S,42,terminal,49,visual,0.0,0.0,0.0,0.0
Reddit-S,42,terminal,50,text,0.0,0.0,0.0,0.0
Reddit-S,42,terminal,50,visual,0.0,0.0,0.0,0.0
Reddit-S,42,terminal,51,text,0.0,0.0,0.0,0.0
Reddit-S,42,terminal,51,visual,0.0,0.0,0.0,0.0
Reddit-S,42,terminal,52,text,0.0,0.0,0.0,0.0
Reddit-S,42,terminal,52,visual,0.0,0.0,0.0,0.0
Reddit-S,42,terminal,53,text,0.0,0.0,0.0,0.0
Reddit-S,42,terminal,53,visual,0.0,0.0,0.0,0.0
Reddit-S,42,terminal,54,text,0.0,0.0,0.0,0.0
Reddit-S,42,terminal,54,visual,0.0,0.0,0.0,0.0
Reddit-S,42,terminal,55,text,0.0,0.0,0.0,0.0
Reddit-S,42,terminal,55,visual,0.0,0.0,0.0,0.0
Reddit-S,42,terminal,56,text,0.0,0.0,0.0,0.0
Reddit-S,42,terminal,56,visual,0.0,0.0,0.0,0.0
Reddit-S,42,terminal,57,text,0.0,0.0,0.0,0.0
Reddit-S,42,terminal,57,visual,0.0,0.0,0.0,0.0
Reddit-S,42,terminal,58,text,0.0,0.0,0.0,0.0
Reddit-S,42,terminal,58,visual,0.0,0.0,0.0,0.0
Reddit-S,42,terminal,59,text,0.0,0.0,0.0,0.0
Reddit-S,42,terminal,59,visual,0.0,0.0,0.0,0.0
Reddit-S,42,terminal,60,text,0.0,0.0,0.0,0.0
Reddit-S,42,terminal,60,visual,0.0,0.0,0.0,0.0
Reddit-S,42,terminal,61,text,0.0,0.0,0.0,0.0
Reddit-S,42,terminal,61,visual,0.0,0.0,0.0,0.0
Reddit-S,42,terminal,62,text,0.0,0.0,0.0,0.0
Reddit-S,42,terminal,62,visual,0.0,0.0,0.0,0.0
Reddit-S,42,terminal,63,text,0.0,0.0,0.0,0.0
Reddit-S,42,terminal,63,visual,0.0,0.0,0.0,0.0
Reddit-S,42,terminal,64,text,0.0,0.0,0.0,0.0
Reddit-S,42,terminal,64,visual,0.0,0.0,0.0,0.0
Reddit-S,42,terminal,65,text,0.0,0.0,0.0,0.0
Reddit-S,42,terminal,65,visual,0.0,0.0,0.0,0.0
Reddit-S,42,terminal,66,text,0.0,0.0,0.0,0.0
Reddit-S,42,terminal,66,visual,0.0,0.0,0.0,0.0
Reddit-S,42,terminal,67,text,0.0,0.0,0.0,0.0
Reddit-S,42,terminal,67,visual,0.0,0.0,0.0,0.0
Reddit-S,42,terminal,68,text,0.0,0.0,0.0,0.0
Reddit-S,42,terminal,68,visual,0.0,0.0,0.0,0.0
Reddit-S,42,terminal,69,text,0.0,0.0,0.0,0.0
Reddit-S,42,terminal,69,visual,0.0,0.0,0.0,0.0
Reddit-S,42,terminal,70,text,0.0,0.0,0.0,0.0
Reddit-S,42,terminal,70,visual,0.0,0.0,0.0,0.0
Reddit-S,42,terminal,71,text,0.0,0.0,0.0,0.0
Reddit-S,42,terminal,71,visual,0.0,0.0,0.0,0.0
Reddit-S,42,terminal,72,text,0.0,0.0,0.0,0.0
Reddit-S,42,terminal,72,visual,0.0,0.0,0.0,0.0
Reddit-S,42,terminal,73,text,0.0,0.0,0.0,0.0
Reddit-S,42,terminal,73,visual,0.0,0.0,0.0,0.0
Reddit-S,42,terminal,74,text,0.0,0.0,0.0,0.0
Reddit-S,42,terminal,74,visual,0.0,0.0,0.0,0.0
Reddit-S,42,terminal,75,text,0.0,0.0,0.0,0.0
Reddit-S,42,terminal,75,visual,0.0,0.0,0.0,0.0
Reddit-S,42,terminal,76,text,0.0,0.0,0.0,0.0
Reddit-S,42,terminal,76,visual,0.0,0.0,0.0,0.0
Reddit-S,42,terminal,77,text,0.0,0.0,0.0,0.0
Reddit-S,42,terminal,77,visual,0.0,0.0,0.0,0.0
Reddit-S,42,terminal,78,text,0.0,0.0,0.0,0.0
Reddit-S,42,terminal,78,visual,0.0,0.0,0.0,0.0
Reddit-S,42,terminal,79,text,0.0,0.0,0.0,0.0
Reddit-S,42,terminal,79,visual,0.0,0.0,0.0,0.0
Reddit-S,42,terminal,80,text,0.0,0.0,0.0,0.0
Reddit-S,42,terminal,80,visual,0.0,0.0,0.0,0.0
Reddit-S,42,terminal,81,text,0.0,0.0,0.0,0.0
Reddit-S,42,terminal,81,visual,0.0,0.0,0.0,0.0
Reddit-S,42,terminal,82,text,0.0,0.0,0.0,0.0
Reddit-S,42,terminal,82,visual,0.0,0.0,0.0,0.0
Reddit-S,42,terminal,83,text,0.0,0.0,0.0,0.0
Reddit-S,42,terminal,83,visual,0.0,0.0,0.0,0.0
Reddit-S,42,terminal,84,text,0.0,0.0,0.0,0.0
Reddit-S,42,terminal,84,visual,0.0,0.0,0.0,0.0
Reddit-S,42,terminal,85,text,0.0,0.0,0.0,0.0
Reddit-S,42,terminal,85,visual,0.0,0.0,0.0,0.0
Reddit-S,42,terminal,86,text,0.0,0.0,0.0,0.0
Reddit-S,42,terminal,86,visual,0.0,0.0,0.0,0.0
Reddit-S,42,terminal,87,text,0.0,0.0,0.0,0.0
Reddit-S,42,terminal,87,visual,0.0,0.0,0.0,0.0
Reddit-S,42,terminal,88,text,0.0,0.0,0.0,0.0
Reddit-S,42,terminal,88,visual,0.0,0.0,0.0,0.0
Reddit-S,42,terminal,89,text,0.0,0.0,0.0,0.0
Reddit-S,42,terminal,89,visual,0.0,0.0,0.0,0.0
Reddit-S,42,terminal,90,text,0.0,0.0,0.0,0.0
Reddit-S,42,terminal,90,visual,0.0,0.0,0.0,0.0
Reddit-S,42,terminal,91,text,0.0,0.0,0.0,0.0
Reddit-S,42,terminal,91,visual,0.0,0.0,0.0,0.0
Reddit-S,42,terminal,92,text,0.0,0.0,0.0,0.0
Reddit-S,42,terminal,92,visual,0.0,0.0,0.0,0.0
Reddit-S,42,terminal,93,text,0.0,0.0,0.0,0.0
Reddit-S,42,terminal,93,visual,0.0,0.0,0.0,0.0
Reddit-S,42,terminal,94,text,0.0,0.0,0.0,0.0
Reddit-S,42,terminal,94,visual,0.0,0.0,0.0,0.0
Reddit-S,42,terminal,95,text,0.0,0.0,0.0,0.0
Reddit-S,42,terminal,95,visual,0.0,0.0,0.0,0.0
Reddit-S,42,terminal,96,text,0.0,0.0,0.0,0.0
Reddit-S,42,terminal,96,visual,0.0,0.0,0.0,0.0
Reddit-S,42,terminal,97,text,0.0,0.0,0.0,0.0
Reddit-S,42,terminal,97,visual,0.0,0.0,0.0,0.0
Reddit-S,42,terminal,98,text,0.0,0.0,0.0,0.0
Reddit-S,42,terminal,98,visual,0.0,0.0,0.0,0.0
Reddit-S,42,terminal,99,text,0.0,0.0,0.0,0.0
Reddit-S,42,terminal,99,visual,0.0,0.0,0.0,0.0
Reddit-S,42,terminal,100,text,0.0,0.0,0.0,0.0
Reddit-S,42,terminal,100,visual,0.0,0.0,0.0,0.0
Reddit-S,42,terminal,101,text,0.0,0.0,0.0,0.0
Reddit-S,42,terminal,101,visual,0.0,0.0,0.0,0.0
Reddit-S,42,terminal,102,text,0.0,0.0,0.0,0.0
Reddit-S,42,terminal,102,visual,0.0,0.0,0.0,0.0
Reddit-S,42,terminal,103,text,0.0,0.0,0.0,0.0
Reddit-S,42,terminal,103,visual,0.0,0.0,0.0,0.0
Reddit-S,42,terminal,104,text,0.0,0.0,0.0,0.0
Reddit-S,42,terminal,104,visual,0.0,0.0,0.0,0.0
Reddit-S,42,terminal,105,text,0.0,0.0,0.0,0.0
Reddit-S,42,terminal,105,visual,0.0,0.0,0.0,0.0
Reddit-S,42,terminal,106,text,0.0,0.0,0.0,0.0
Reddit-S,42,terminal,106,visual,0.0,0.0,0.0,0.0
Reddit-S,42,terminal,107,text,0.0,0.0,0.0,0.0
Reddit-S,42,terminal,107,visual,0.0,0.0,0.0,0.0
Reddit-S,42,terminal,108,text,0.0,0.0,0.0,0.0
Reddit-S,42,terminal,108,visual,0.0,0.0,0.0,0.0
Reddit-S,43,prior_delta_gate,0,text,0.0,0.0,0.0,0.0
Reddit-S,43,prior_delta_gate,0,visual,0.0,0.0,0.0,0.0
Reddit-S,43,prior_delta_gate,1,text,0.2557671368122101,0.015997998416423798,0.0,0.0
Reddit-S,43,prior_delta_gate,1,visual,0.2558099627494812,0.0159967802464962,0.0,0.0
Reddit-S,43,prior_delta_gate,2,text,0.3842076063156128,0.023389693349599838,0.26199111342430115,0.011830972507596016
Reddit-S,43,prior_delta_gate,2,visual,0.4123387932777405,0.023016557097434998,0.26110607385635376,0.01184957753866911
Reddit-S,43,prior_delta_gate,3,text,0.487261027097702,0.02795039303600788,0.4639030694961548,0.02049974538385868
Reddit-S,43,prior_delta_gate,3,visual,0.5513680577278137,0.026798993349075317,0.47189152240753174,0.020406994968652725
Reddit-S,43,prior_delta_gate,4,text,0.5889919996261597,0.032646019011735916,0.6329087018966675,0.027139587327837944
Reddit-S,43,prior_delta_gate,4,visual,0.6892597675323486,0.03012964315712452,0.6750468015670776,0.02967318519949913
Reddit-S,43,prior_delta_gate,5,text,0.6889859437942505,0.03744423761963844,0.765964150428772,0.032419294118881226
Reddit-S,43,prior_delta_gate,5,visual,0.825309693813324,0.033622242510318756,0.8536249995231628,0.03998757153749466
Reddit-S,43,prior_delta_gate,6,text,0.7740755081176758,0.04125215858221054,0.8706445693969727,0.03863012045621872
Reddit-S,43,prior_delta_gate,6,visual,0.9546790719032288,0.03710193932056427,1.0271008014678955,0.051223915070295334
Reddit-S,43,prior_delta_gate,7,text,0.8494535684585571,0.04410715028643608,0.9662947058677673,0.04499383643269539
Reddit-S,43,prior_delta_gate,7,visual,1.0801522731781006,0.04032948985695839,1.2076047658920288,0.0630287304520607
Reddit-S,43,prior_delta_gate,8,text,0.9209445118904114,0.0463695302605629,1.0645196437835693,0.050564106553792953
Reddit-S,43,prior_delta_gate,8,visual,1.2051846981048584,0.043264564126729965,1.4000523090362549,0.0754547119140625
Reddit-S,43,prior_delta_gate,9,text,0.9912070631980896,0.0486873984336853,1.1711868047714233,0.05567309260368347
Reddit-S,43,prior_delta_gate,9,visual,1.3317996263504028,0.04607536271214485,1.6055454015731812,0.0885431095957756
Reddit-S,43,prior_delta_gate,10,text,1.0609253644943237,0.05129071697592735,1.2840970754623413,0.060456763952970505
Reddit-S,43,prior_delta_gate,10,visual,1.4607205390930176,0.04906309396028519,1.8231290578842163,0.10225223749876022
Reddit-S,43,prior_delta_gate,11,text,1.1310234069824219,0.054009515792131424,1.400898814201355,0.06536957621574402
Reddit-S,43,prior_delta_gate,11,visual,1.5909593105316162,0.052197184413671494,2.0490877628326416,0.11640597134828568
Reddit-S,43,prior_delta_gate,12,text,1.200835108757019,0.05658922344446182,1.5197309255599976,0.07042030245065689
Reddit-S,43,prior_delta_gate,12,visual,1.7216075658798218,0.05540332570672035,2.280695915222168,0.13086090981960297
Reddit-S,43,prior_delta_gate,13,text,1.2692238092422485,0.05890417471528053,1.6370620727539062,0.07550026476383209
Reddit-S,43,prior_delta_gate,13,visual,1.851170539855957,0.05862366035580635,2.5146400928497314,0.14541290700435638
Reddit-S,43,prior_delta_gate,14,text,1.3355045318603516,0.06095186620950699,1.7515366077423096,0.08056287467479706
Reddit-S,43,prior_delta_gate,14,visual,1.9782848358154297,0.061810921877622604,2.7479443550109863,0.1599075049161911
Reddit-S,43,prior_delta_gate,15,text,1.4000566005706787,0.0628478080034256,1.8646352291107178,0.08563952147960663
Reddit-S,43,prior_delta_gate,15,visual,2.101290702819824,0.06482935696840286,2.9774086475372314,0.17403225600719452
Reddit-S,43,prior_delta_gate,16,text,1.4624918699264526,0.06475872546434402,1.9755347967147827,0.09063994139432907
Reddit-S,43,prior_delta_gate,16,visual,2.219231605529785,0.06772725284099579,3.2010350227355957,0.18762770295143127
Reddit-S,43,prior_delta_gate,17,text,1.5235522985458374,0.06663115322589874,2.0860230922698975,0.09573224931955338
Reddit-S,43,prior_delta_gate,17,visual,2.330340623855591,0.07041222602128983,3.414747953414917,0.20037852227687836
Reddit-S,43,prior_delta_gate,18,text,1.5828721523284912,0.06851411610841751,2.194859027862549,0.10074348747730255
Reddit-S,43,prior_delta_gate,18,visual,2.4342517852783203,0.07289019972085953,3.618760347366333,0.21220500767230988
Reddit-S,43,prior_delta_gate,19,text,1.6408517360687256,0.07029847055673599,2.303584337234497,0.10578574240207672
Reddit-S,43,prior_delta_gate,19,visual,2.53125262260437,0.07508925348520279,3.8111531734466553,0.22299978137016296
Reddit-S,43,prior_delta_gate,20,text,1.6969332695007324,0.07203672081232071,2.4113123416900635,0.11081866174936295
Reddit-S,43,prior_delta_gate,20,visual,2.6209182739257812,0.07697855681180954,3.9912352561950684,0.23265057802200317
Reddit-S,43,prior_delta_gate,21,text,1.7507169246673584,0.07371000200510025,2.516056776046753,0.11560891568660736
Reddit-S,43,prior_delta_gate,21,visual,2.7035393714904785,0.07873985171318054,4.160192489624023,0.24118156731128693
Reddit-S,43,prior_delta_gate,22,text,1.8019851446151733,0.07521771639585495,2.6176700592041016,0.12011733651161194
Reddit-S,43,prior_delta_gate,22,visual,2.7790534496307373,0.08031132817268372,4.317470073699951,0.24857459962368011
Reddit-S,43,prior_delta_gate,23,text,1.850878119468689,0.0765618234872818,2.715923309326172,0.12438123673200607
Reddit-S,43,prior_delta_gate,23,visual,2.847853899002075,0.08160204440355301,4.462934970855713,0.25491946935653687
Reddit-S,43,prior_delta_gate,24,text,1.8970117568969727,0.07777468115091324,2.8103139400482178,0.12820576131343842
Reddit-S,43,prior_delta_gate,24,visual,2.910398006439209,0.082683265209198,4.5975847244262695,0.26021304726600647
Reddit-S,43,prior_delta_gate,25,text,1.9402416944503784,0.07889227569103241,2.900010824203491,0.13153059780597687
Reddit-S,43,prior_delta_gate,25,visual,2.9668354988098145,0.08360855281352997,4.721513748168945,0.2644697427749634
Reddit-S,43,prior_delta_gate,26,text,1.9817135334014893,0.07995045185089111,2.987290859222412,0.13466878235340118
Reddit-S,43,prior_delta_gate,26,visual,3.01755952835083,0.08430526405572891,4.835632801055908,0.26783910393714905
Reddit-S,43,prior_delta_gate,27,text,2.0214834213256836,0.08094503730535507,3.0730998516082764,0.13761937618255615
Reddit-S,43,prior_delta_gate,27,visual,3.063077449798584,0.08486265689134598,4.941105842590332,0.27043142914772034
Reddit-S,43,prior_delta_gate,28,text,2.0594208240509033,0.08187215775251389,3.157500982284546,0.14035338163375854
Reddit-S,43,prior_delta_gate,28,visual,3.1040053367614746,0.08534029126167297,5.039044380187988,0.272323340177536
Reddit-S,43,prior_delta_gate,29,text,2.0955307483673096,0.08267714083194733,3.2382407188415527,0.1427430361509323
Reddit-S,43,prior_delta_gate,29,visual,3.140902280807495,0.08575577288866043,5.130532741546631,0.27357229590415955
Reddit-S,43,prior_delta_gate,30,text,2.1305155754089355,0.08337664604187012,3.317763328552246,0.14498881995677948
Reddit-S,43,prior_delta_gate,30,visual,3.1744067668914795,0.08600907027721405,5.216447353363037,0.2743155360221863
Reddit-S,43,prior_delta_gate,31,text,2.1631417274475098,0.08406618237495422,3.394294023513794,0.1469656080007553
Reddit-S,43,prior_delta_gate,31,visual,3.2048985958099365,0.08613764494657516,5.2976226806640625,0.2747504711151123
Reddit-S,43,prior_delta_gate,32,text,2.1946070194244385,0.08473076671361923,3.4691665172576904,0.14885734021663666
Reddit-S,43,prior_delta_gate,32,visual,3.23284912109375,0.08612830191850662,5.374696254730225,0.27493518590927124
Reddit-S,43,prior_delta_gate,33,text,2.2256016731262207,0.08538012206554413,3.544785261154175,0.15077392756938934
Reddit-S,43,prior_delta_gate,33,visual,3.2586910724639893,0.08613237738609314,5.448348522186279,0.27496254444122314
Reddit-S,43,prior_delta_gate,34,text,2.2551465034484863,0.0859948918223381,3.619439125061035,0.1525464504957199
Reddit-S,43,prior_delta_gate,34,visual,3.282248020172119,0.08626551181077957,5.518815994262695,0.274723082780838
Reddit-S,43,prior_delta_gate,35,text,2.2841713428497314,0.08662474900484085,3.694309711456299,0.15435414016246796
Reddit-S,43,prior_delta_gate,35,visual,3.3042094707489014,0.08643176406621933,5.586769104003906,0.27438870072364807
Reddit-S,43,prior_delta_gate,36,text,2.312929153442383,0.0872122049331665,3.769558906555176,0.15619434416294098
Reddit-S,43,prior_delta_gate,36,visual,3.3246822357177734,0.08647532761096954,5.651952266693115,0.2739127278327942
Reddit-S,43,prior_delta_gate,37,text,2.3413515090942383,0.0877818614244461,3.845207929611206,0.15815064311027527
Reddit-S,43,prior_delta_gate,37,visual,3.343892812728882,0.08649250119924545,5.714913368225098,0.2733825445175171
Reddit-S,43,prior_delta_gate,38,text,2.368772029876709,0.08838094025850296,3.9201438426971436,0.16010555624961853
Reddit-S,43,prior_delta_gate,38,visual,3.361572742462158,0.08654699474573135,5.775534152984619,0.27271804213523865
Reddit-S,43,prior_delta_gate,39,text,2.395860433578491,0.08897902071475983,3.9955694675445557,0.16205593943595886
Reddit-S,43,prior_delta_gate,39,visual,3.3778140544891357,0.0865672156214714,5.833610534667969,0.27189865708351135
Reddit-S,43,prior_delta_gate,40,text,2.42323637008667,0.08952071517705917,4.072300910949707,0.16407392919063568
Reddit-S,43,prior_delta_gate,40,visual,3.393005609512329,0.08653026819229126,5.889904975891113,0.27097806334495544
Reddit-S,43,prior_delta_gate,41,text,2.4493257999420166,0.08993268013000488,4.146625518798828,0.1659088134765625
Reddit-S,43,prior_delta_gate,41,visual,3.4070050716400146,0.08644186705350876,5.943942546844482,0.26997631788253784
Reddit-S,43,prior_delta_gate,42,text,2.474301815032959,0.09032941609621048,4.21938419342041,0.16766411066055298
Reddit-S,43,prior_delta_gate,42,visual,3.419934034347534,0.08630266040563583,5.995798587799072,0.26891395449638367
Reddit-S,43,prior_delta_gate,43,text,2.498765468597412,0.09068802744150162,4.291989803314209,0.16930612921714783
Reddit-S,43,prior_delta_gate,43,visual,3.4319660663604736,0.08616583049297333,6.045543670654297,0.26778852939605713
Reddit-S,43,prior_delta_gate,44,text,2.522733211517334,0.09099708497524261,4.363921165466309,0.1708497256040573
Reddit-S,43,prior_delta_gate,44,visual,3.4432501792907715,0.08602890372276306,6.093998432159424,0.26662638783454895
Reddit-S,43,prior_delta_gate,45,text,2.5454399585723877,0.09127217531204224,4.433694362640381,0.17233769595623016
Reddit-S,43,prior_delta_gate,45,visual,3.4538137912750244,0.08589668571949005,6.141242980957031,0.26543182134628296
Reddit-S,43,prior_delta_gate,46,text,2.5667619705200195,0.0914684534072876,4.500424385070801,0.1735563576221466
Reddit-S,43,prior_delta_gate,46,visual,3.46386456489563,0.08576703816652298,6.187482833862305,0.2642483711242676
Reddit-S,43,prior_delta_gate,47,text,2.587510585784912,0.09165994077920914,4.566136360168457,0.17463229596614838
Reddit-S,43,prior_delta_gate,47,visual,3.4735605716705322,0.08567479997873306,6.232448577880859,0.2631308138370514
Reddit-S,43,prior_delta_gate,48,text,2.6072261333465576,0.0919610857963562,4.6306233406066895,0.17568279802799225
Reddit-S,43,prior_delta_gate,48,visual,3.4829163551330566,0.08553918451070786,6.276098728179932,0.26208746433258057
Reddit-S,43,prior_delta_gate,49,text,2.625889301300049,0.09223014861345291,4.69281005859375,0.17656229436397552
Reddit-S,43,prior_delta_gate,49,visual,3.492004632949829,0.08542988449335098,6.319156646728516,0.2610669434070587
Reddit-S,43,prior_delta_gate,50,text,2.644313335418701,0.09243352711200714,4.754075050354004,0.177351713180542
Reddit-S,43,prior_delta_gate,50,visual,3.5007164478302,0.08541842550039291,6.361917495727539,0.26005321741104126
Reddit-S,43,prior_delta_gate,51,text,2.662729263305664,0.09268280863761902,4.8157057762146,0.17821989953517914
Reddit-S,43,prior_delta_gate,51,visual,3.5089941024780273,0.0854024663567543,6.403687953948975,0.2590654194355011
Reddit-S,43,prior_delta_gate,52,text,2.6804537773132324,0.09295197576284409,4.876347064971924,0.17907847464084625
Reddit-S,43,prior_delta_gate,52,visual,3.5168793201446533,0.08534258604049683,6.44430685043335,0.2581140398979187
Reddit-S,43,prior_delta_gate,53,text,2.6973609924316406,0.09312567859888077,4.934793949127197,0.17979104816913605
Reddit-S,43,prior_delta_gate,53,visual,3.524522066116333,0.0852549597620964,6.483870983123779,0.2572048306465149
Reddit-S,43,prior_delta_gate,54,text,2.713944911956787,0.09320639073848724,4.992098331451416,0.18040652573108673
Reddit-S,43,prior_delta_gate,54,visual,3.532231330871582,0.08522576838731766,6.523026466369629,0.2564048171043396
Reddit-S,43,prior_delta_gate,55,text,2.7298238277435303,0.09327482432126999,5.047192573547363,0.18097352981567383
Reddit-S,43,prior_delta_gate,55,visual,3.539616107940674,0.08518588542938232,6.561279773712158,0.25559714436531067
Reddit-S,43,prior_delta_gate,56,text,2.744642734527588,0.09348059445619583,5.100010871887207,0.18152272701263428
Reddit-S,43,prior_delta_gate,56,visual,3.546440362930298,0.08509668707847595,6.598331928253174,0.2547167241573334
Reddit-S,43,prior_delta_gate,57,text,2.7593319416046143,0.09369935840368271,5.152626037597656,0.1820869892835617
Reddit-S,43,prior_delta_gate,57,visual,3.552985191345215,0.08507442474365234,6.634870529174805,0.25379571318626404
Reddit-S,43,prior_delta_gate,58,text,2.7734546661376953,0.09384629130363464,5.203963756561279,0.18258608877658844
Reddit-S,43,prior_delta_gate,58,visual,3.559387683868408,0.08505167812108994,6.670976638793945,0.25287100672721863
Reddit-S,43,prior_delta_gate,59,text,2.785609722137451,0.09387993812561035,5.2502570152282715,0.1828092336654663
Reddit-S,43,prior_delta_gate,59,visual,3.5656936168670654,0.08496326953172684,6.706113815307617,0.25201037526130676
Reddit-S,43,prior_delta_gate,60,text,2.797797441482544,0.09389888495206833,5.296016216278076,0.18307816982269287
Reddit-S,43,prior_delta_gate,60,visual,3.571876287460327,0.08486204594373703,6.740718364715576,0.251190185546875
Reddit-S,43,prior_delta_gate,61,text,2.809598207473755,0.09389261156320572,5.340080738067627,0.18326158821582794
Reddit-S,43,prior_delta_gate,61,visual,3.577810287475586,0.08478783071041107,6.774908542633057,0.2503633201122284
Reddit-S,43,prior_delta_gate,62,text,2.821077823638916,0.09390966594219208,5.383211612701416,0.18343454599380493
Reddit-S,43,prior_delta_gate,62,visual,3.583284616470337,0.0847121924161911,6.807987689971924,0.24948716163635254
Reddit-S,43,prior_delta_gate,63,text,2.832211971282959,0.09393206238746643,5.425135612487793,0.18360431492328644
Reddit-S,43,prior_delta_gate,63,visual,3.5885987281799316,0.08462435007095337,6.840112209320068,0.2486414909362793
Reddit-S,43,prior_delta_gate,64,text,2.842965602874756,0.09394342452287674,5.465986251831055,0.18375591933727264
Reddit-S,43,prior_delta_gate,64,visual,3.59362530708313,0.08455833792686462,6.871279239654541,0.24779358506202698
Reddit-S,43,prior_delta_gate,65,text,2.854287624359131,0.09395506232976913,5.507839679718018,0.18402931094169617
Reddit-S,43,prior_delta_gate,65,visual,3.59855318069458,0.08457522839307785,6.902212619781494,0.24692340195178986
Reddit-S,43,prior_delta_gate,66,text,2.8657002449035645,0.09401566535234451,5.549713134765625,0.18434853851795197
Reddit-S,43,prior_delta_gate,66,visual,3.6033780574798584,0.08462242782115936,6.9326300621032715,0.24606065452098846
Reddit-S,43,prior_delta_gate,67,text,2.8763978481292725,0.0941389873623848,5.589471817016602,0.18462510406970978
Reddit-S,43,prior_delta_gate,67,visual,3.6079726219177246,0.08459378778934479,6.961936950683594,0.2451888620853424
Reddit-S,43,prior_delta_gate,68,text,2.8861756324768066,0.09426727890968323,5.62658166885376,0.18480049073696136
Reddit-S,43,prior_delta_gate,68,visual,3.61264705657959,0.08448587357997894,6.990359306335449,0.2444160431623459
Reddit-S,43,prior_delta_gate,69,text,2.895758867263794,0.09433436393737793,5.662496089935303,0.18492263555526733
Reddit-S,43,prior_delta_gate,69,visual,3.6174285411834717,0.08440066874027252,7.018570423126221,0.24371877312660217
Reddit-S,43,prior_delta_gate,70,text,2.9054982662200928,0.09435737878084183,5.698549747467041,0.1850648820400238
Reddit-S,43,prior_delta_gate,70,visual,3.621994972229004,0.08436736464500427,7.0461201667785645,0.24300293624401093
Reddit-S,43,prior_delta_gate,71,text,2.9152207374572754,0.09442067891359329,5.734234809875488,0.1852799654006958
Reddit-S,43,prior_delta_gate,71,visual,3.6265640258789062,0.08436433970928192,7.073165416717529,0.24233999848365784
Reddit-S,43,prior_delta_gate,72,text,2.924248456954956,0.09457358717918396,5.768298149108887,0.18544059991836548
Reddit-S,43,prior_delta_gate,72,visual,3.6309804916381836,0.08436976373195648,7.099515914916992,0.24170030653476715
Reddit-S,43,prior_delta_gate,73,text,2.9330530166625977,0.09473168104887009,5.801592826843262,0.18557555973529816
Reddit-S,43,prior_delta_gate,73,visual,3.635265827178955,0.08436118066310883,7.125188827514648,0.24107685685157776
Reddit-S,43,prior_delta_gate,74,text,2.9416375160217285,0.09484381973743439,5.833734035491943,0.18567068874835968
Reddit-S,43,prior_delta_gate,74,visual,3.6395018100738525,0.08435960859060287,7.150435924530029,0.24048259854316711
Reddit-S,43,prior_delta_gate,75,text,2.950019359588623,0.09488611668348312,5.8647918701171875,0.18566857278347015
Reddit-S,43,prior_delta_gate,75,visual,3.6436681747436523,0.08436302095651627,7.175120830535889,0.2398928999900818
Reddit-S,43,prior_delta_gate,76,text,2.958369016647339,0.09492328763008118,5.895544528961182,0.18569116294384003
Reddit-S,43,prior_delta_gate,76,visual,3.647871255874634,0.08436495810747147,7.199095249176025,0.2393685281276703
Reddit-S,43,prior_delta_gate,77,text,2.966017961502075,0.09496986120939255,5.924373149871826,0.18570762872695923
Reddit-S,43,prior_delta_gate,77,visual,3.652039051055908,0.08434709161520004,7.222402095794678,0.23889490962028503
Reddit-S,43,prior_delta_gate,78,text,2.973555088043213,0.09503801167011261,5.952502727508545,0.1857776790857315
Reddit-S,43,prior_delta_gate,78,visual,3.6560885906219482,0.08435134589672089,7.244993686676025,0.23845013976097107
Reddit-S,43,prior_delta_gate,79,text,2.9811177253723145,0.09513354301452637,5.980525493621826,0.18586324155330658
Reddit-S,43,prior_delta_gate,79,visual,3.6599786281585693,0.08438408374786377,7.266996383666992,0.23799222707748413
Reddit-S,43,prior_delta_gate,80,text,2.9887702465057373,0.09521865099668503,6.0084404945373535,0.18598520755767822
Reddit-S,43,prior_delta_gate,80,visual,3.663877010345459,0.08443764597177505,7.288461685180664,0.23757128417491913
Reddit-S,43,prior_delta_gate,81,text,2.996302604675293,0.09528474509716034,6.035784721374512,0.18610502779483795
Reddit-S,43,prior_delta_gate,81,visual,3.667679786682129,0.08447934687137604,7.309546947479248,0.23715795576572418
Reddit-S,43,prior_delta_gate,82,text,3.002903699874878,0.09529665112495422,6.060613632202148,0.18610471487045288
Reddit-S,43,prior_delta_gate,82,visual,3.6716396808624268,0.0844779685139656,7.330375671386719,0.23681212961673737
Reddit-S,43,prior_delta_gate,83,text,3.0093979835510254,0.09529919922351837,6.084921360015869,0.1861131191253662
Reddit-S,43,prior_delta_gate,83,visual,3.6756057739257812,0.08448660373687744,7.350801467895508,0.236495703458786
Reddit-S,43,prior_delta_gate,84,text,3.01576828956604,0.09536504745483398,6.108891487121582,0.18610543012619019
Reddit-S,43,prior_delta_gate,84,visual,3.679121255874634,0.08451338857412338,7.3705291748046875,0.23609116673469543
Reddit-S,43,prior_delta_gate,85,text,3.021921396255493,0.09547553956508636,6.132347106933594,0.18605390191078186
Reddit-S,43,prior_delta_gate,85,visual,3.682149648666382,0.08454433083534241,7.389429569244385,0.23560185730457306
Reddit-S,43,prior_delta_gate,86,text,3.028057336807251,0.09557713568210602,6.155517101287842,0.1860208958387375
Reddit-S,43,prior_delta_gate,86,visual,3.6850321292877197,0.08456484973430634,7.407893180847168,0.23507632315158844
Reddit-S,43,prior_delta_gate,87,text,3.033743381500244,0.0956108495593071,6.177091598510742,0.1858740746974945
Reddit-S,43,prior_delta_gate,87,visual,3.6879355907440186,0.08455748856067657,7.425980091094971,0.23455974459648132
Reddit-S,43,prior_delta_gate,88,text,3.039371967315674,0.09561355412006378,6.198191165924072,0.18573038280010223
Reddit-S,43,prior_delta_gate,88,visual,3.6909704208374023,0.0845283791422844,7.443912029266357,0.23407487571239471
Reddit-S,43,prior_delta_gate,89,text,3.04496169090271,0.09562493115663528,6.21895694732666,0.18565486371517181
Reddit-S,43,prior_delta_gate,89,visual,3.694148540496826,0.08449571579694748,7.4614481925964355,0.23366311192512512
Reddit-S,43,prior_delta_gate,90,text,3.050218105316162,0.09565357118844986,6.238813400268555,0.18557128310203552
Reddit-S,43,prior_delta_gate,90,visual,3.6972789764404297,0.08447090536355972,7.478484153747559,0.23327341675758362
Reddit-S,43,prior_delta_gate,91,text,3.0555548667907715,0.09569334238767624,6.25857400894165,0.1855318695306778
Reddit-S,43,prior_delta_gate,91,visual,3.7003345489501953,0.08447114378213882,7.495100975036621,0.23289324343204498
Reddit-S,43,prior_delta_gate,92,text,3.0607612133026123,0.09572795778512955,6.277503490447998,0.18548895418643951
Reddit-S,43,prior_delta_gate,92,visual,3.703455686569214,0.08451616764068604,7.511294841766357,0.23257215321063995
Reddit-S,43,prior_delta_gate,93,text,3.0656251907348633,0.0957518070936203,6.295437812805176,0.18538109958171844
Reddit-S,43,prior_delta_gate,93,visual,3.7067129611968994,0.08454561233520508,7.5271453857421875,0.23232679069042206
Reddit-S,43,prior_delta_gate,94,text,3.070176839828491,0.09578760713338852,6.312746524810791,0.18524271249771118
Reddit-S,43,prior_delta_gate,94,visual,3.709890604019165,0.08454862982034683,7.542415142059326,0.232094407081604
Reddit-S,43,prior_delta_gate,95,text,3.074492931365967,0.09583975374698639,6.329268455505371,0.18511298298835754
Reddit-S,43,prior_delta_gate,95,visual,3.713014602661133,0.0845288336277008,7.5573506355285645,0.2318604290485382
Reddit-S,43,prior_delta_gate,96,text,3.078861951828003,0.0958983525633812,6.3459391593933105,0.18504096567630768
Reddit-S,43,prior_delta_gate,96,visual,3.715822219848633,0.08452638238668442,7.571805477142334,0.23155991733074188
Reddit-S,43,prior_delta_gate,97,text,3.083414316177368,0.09595125168561935,6.362997055053711,0.18500164151191711
Reddit-S,43,prior_delta_gate,97,visual,3.718662738800049,0.0845651775598526,7.586211681365967,0.2312515527009964
Reddit-S,43,prior_delta_gate,98,text,3.088106393814087,0.09600524604320526,6.3802289962768555,0.18498800694942474
Reddit-S,43,prior_delta_gate,98,visual,3.721437454223633,0.08462215960025787,7.600316524505615,0.2309505045413971
Reddit-S,43,prior_delta_gate,99,text,3.092633008956909,0.09605610370635986,6.396772861480713,0.18494319915771484
Reddit-S,43,prior_delta_gate,99,visual,3.7240724563598633,0.08466093987226486,7.61404275894165,0.23064382374286652
Reddit-S,43,prior_delta_gate,100,text,3.0966286659240723,0.09610901772975922,6.412110805511475,0.18479858338832855
Reddit-S,43,prior_delta_gate,100,visual,3.7266337871551514,0.08465667068958282,7.627323627471924,0.23035849630832672
Reddit-S,43,prior_update_add,0,text,0.0,0.0,0.0,0.0
Reddit-S,43,prior_update_add,0,visual,0.0,0.0,0.0,0.0
Reddit-S,43,prior_update_add,1,text,0.2558644413948059,0.015998978167772293,0.0,0.0
Reddit-S,43,prior_update_add,1,visual,0.25589653849601746,0.015998350456357002,0.0,0.0
Reddit-S,43,prior_update_add,2,text,0.37804684042930603,0.022692466154694557,0.0,0.0
Reddit-S,43,prior_update_add,2,visual,0.41301536560058594,0.02237721160054207,0.0,0.0
Reddit-S,43,prior_update_add,3,text,0.47575557231903076,0.02665313147008419,0.0,0.0
Reddit-S,43,prior_update_add,3,visual,0.5555116534233093,0.025443382561206818,0.0,0.0
Reddit-S,43,prior_update_add,4,text,0.5722870826721191,0.03140703961253166,0.0,0.0
Reddit-S,43,prior_update_add,4,visual,0.6987698078155518,0.028353070840239525,0.0,0.0
Reddit-S,43,prior_update_add,5,text,0.6610950827598572,0.03639267385005951,0.0,0.0
Reddit-S,43,prior_update_add,5,visual,0.8365946412086487,0.03150748834013939,0.0,0.0
Reddit-S,43,prior_update_add,6,text,0.7386896014213562,0.039735857397317886,0.0,0.0
Reddit-S,43,prior_update_add,6,visual,0.9673813581466675,0.03436678275465965,0.0,0.0
Reddit-S,43,prior_update_add,7,text,0.8095082640647888,0.04184884577989578,0.0,0.0
Reddit-S,43,prior_update_add,7,visual,1.093273401260376,0.03646663576364517,0.0,0.0
Reddit-S,43,prior_update_add,8,text,0.8769482374191284,0.043808914721012115,0.0,0.0
Reddit-S,43,prior_update_add,8,visual,1.2168246507644653,0.03839120268821716,0.0,0.0
Reddit-S,43,prior_update_add,9,text,0.9435606598854065,0.04590513929724693,0.0,0.0
Reddit-S,43,prior_update_add,9,visual,1.3398191928863525,0.04026496037840843,0.0,0.0
Reddit-S,43,prior_update_add,10,text,1.007859230041504,0.048104606568813324,0.0,0.0
Reddit-S,43,prior_update_add,10,visual,1.4613289833068848,0.04211077094078064,0.0,0.0
Reddit-S,43,prior_update_add,11,text,1.0696958303451538,0.04992782697081566,0.0,0.0
Reddit-S,43,prior_update_add,11,visual,1.5797744989395142,0.04390015825629234,0.0,0.0
Reddit-S,43,prior_update_add,12,text,1.1275324821472168,0.05158174782991409,0.0,0.0
Reddit-S,43,prior_update_add,12,visual,1.694609522819519,0.0457179993391037,0.0,0.0
Reddit-S,43,prior_update_add,13,text,1.1825019121170044,0.05311357229948044,0.0,0.0
Reddit-S,43,prior_update_add,13,visual,1.804495930671692,0.04736115783452988,0.0,0.0
Reddit-S,43,prior_update_add,14,text,1.2355748414993286,0.05447283759713173,0.0,0.0
Reddit-S,43,prior_update_add,14,visual,1.908237099647522,0.04895859211683273,0.0,0.0
Reddit-S,43,prior_update_add,15,text,1.2875444889068604,0.05568770319223404,0.0,0.0
Reddit-S,43,prior_update_add,15,visual,2.0054893493652344,0.050447918474674225,0.0,0.0
Reddit-S,43,prior_update_add,16,text,1.338294506072998,0.05692656338214874,0.0,0.0
Reddit-S,43,prior_update_add,16,visual,2.0960116386413574,0.0517394058406353,0.0,0.0
Reddit-S,43,prior_update_add,17,text,1.3870551586151123,0.058202389627695084,0.0,0.0
Reddit-S,43,prior_update_add,17,visual,2.179124593734741,0.05309491232037544,0.0,0.0
Reddit-S,43,prior_update_add,18,text,1.4339911937713623,0.05949299409985542,0.0,0.0
Reddit-S,43,prior_update_add,18,visual,2.255458354949951,0.054372042417526245,0.0,0.0
Reddit-S,43,prior_update_add,19,text,1.4785206317901611,0.06071849912405014,0.0,0.0
Reddit-S,43,prior_update_add,19,visual,2.3253915309906006,0.055504001677036285,0.0,0.0
Reddit-S,43,prior_update_add,20,text,1.5207810401916504,0.06190715357661247,0.0,0.0
Reddit-S,43,prior_update_add,20,visual,2.388747453689575,0.0566394105553627,0.0,0.0
Reddit-S,43,prior_update_add,21,text,1.5607366561889648,0.0629768818616867,0.0,0.0
Reddit-S,43,prior_update_add,21,visual,2.446046829223633,0.05773329362273216,0.0,0.0
Reddit-S,43,prior_update_add,22,text,1.5977556705474854,0.06392094492912292,0.0,0.0
Reddit-S,43,prior_update_add,22,visual,2.49774432182312,0.05866949260234833,0.0,0.0
Reddit-S,43,prior_update_add,23,text,1.632413625717163,0.06480910629034042,0.0,0.0
Reddit-S,43,prior_update_add,23,visual,2.5445213317871094,0.05946271866559982,0.0,0.0
Reddit-S,43,prior_update_add,24,text,1.6646007299423218,0.06569346785545349,0.0,0.0
Reddit-S,43,prior_update_add,24,visual,2.586636543273926,0.06019866093993187,0.0,0.0
Reddit-S,43,prior_update_add,25,text,1.6955572366714478,0.06652098149061203,0.0,0.0
Reddit-S,43,prior_update_add,25,visual,2.624466896057129,0.060911811888217926,0.0,0.0
Reddit-S,43,prior_update_add,26,text,1.7257391214370728,0.06727045029401779,0.0,0.0
Reddit-S,43,prior_update_add,26,visual,2.6583940982818604,0.06159202381968498,0.0,0.0
Reddit-S,43,prior_update_add,27,text,1.7554737329483032,0.06796740740537643,0.0,0.0
Reddit-S,43,prior_update_add,27,visual,2.688901901245117,0.06220685690641403,0.0,0.0
Reddit-S,43,prior_update_add,28,text,1.7844669818878174,0.06861238926649094,0.0,0.0
Reddit-S,43,prior_update_add,28,visual,2.716404676437378,0.0627930611371994,0.0,0.0
Reddit-S,43,prior_update_add,29,text,1.812537670135498,0.06921891868114471,0.0,0.0
Reddit-S,43,prior_update_add,29,visual,2.741349458694458,0.06335949152708054,0.0,0.0
Reddit-S,43,prior_update_add,30,text,1.8400071859359741,0.06969612836837769,0.0,0.0
Reddit-S,43,prior_update_add,30,visual,2.7640609741210938,0.06382869184017181,0.0,0.0
Reddit-S,43,prior_update_add,31,text,1.866500735282898,0.0701715499162674,0.0,0.0
Reddit-S,43,prior_update_add,31,visual,2.784719228744507,0.06425085663795471,0.0,0.0
Reddit-S,43,prior_update_add,32,text,1.8921666145324707,0.07063323259353638,0.0,0.0
Reddit-S,43,prior_update_add,32,visual,2.803633451461792,0.06459539383649826,0.0,0.0
Reddit-S,43,prior_update_add,33,text,1.9169700145721436,0.07108709216117859,0.0,0.0
Reddit-S,43,prior_update_add,33,visual,2.821133852005005,0.06489524245262146,0.0,0.0
Reddit-S,43,prior_update_add,34,text,1.940804362297058,0.07159058004617691,0.0,0.0
Reddit-S,43,prior_update_add,34,visual,2.837189197540283,0.06520234048366547,0.0,0.0
Reddit-S,43,prior_update_add,35,text,1.9643123149871826,0.07211648672819138,0.0,0.0
Reddit-S,43,prior_update_add,35,visual,2.851958751678467,0.06550522148609161,0.0,0.0
Reddit-S,43,prior_update_add,36,text,1.9874018430709839,0.07254023849964142,0.0,0.0
Reddit-S,43,prior_update_add,36,visual,2.865381956100464,0.06577510386705399,0.0,0.0
Reddit-S,43,prior_update_add,37,text,2.0100345611572266,0.07292845100164413,0.0,0.0
Reddit-S,43,prior_update_add,37,visual,2.877750873565674,0.06603976339101791,0.0,0.0
Reddit-S,43,prior_update_add,38,text,2.03192138671875,0.07328954339027405,0.0,0.0
Reddit-S,43,prior_update_add,38,visual,2.888946294784546,0.06630857288837433,0.0,0.0
Reddit-S,43,prior_update_add,39,text,2.0530471801757812,0.07353375107049942,0.0,0.0
Reddit-S,43,prior_update_add,39,visual,2.8992650508880615,0.06651582568883896,0.0,0.0
Reddit-S,43,prior_update_add,40,text,2.07387375831604,0.07390040159225464,0.0,0.0
Reddit-S,43,prior_update_add,40,visual,2.908726453781128,0.0667080506682396,0.0,0.0
Reddit-S,43,prior_update_add,41,text,2.0940632820129395,0.07423228025436401,0.0,0.0
Reddit-S,43,prior_update_add,41,visual,2.9172263145446777,0.0668255165219307,0.0,0.0
Reddit-S,43,prior_update_add,42,text,2.1135928630828857,0.07448016107082367,0.0,0.0
Reddit-S,43,prior_update_add,42,visual,2.924933671951294,0.06687229871749878,0.0,0.0
Reddit-S,43,prior_update_add,43,text,2.132108688354492,0.07471459358930588,0.0,0.0
Reddit-S,43,prior_update_add,43,visual,2.9319252967834473,0.06693330407142639,0.0,0.0
Reddit-S,43,prior_update_add,44,text,2.150075674057007,0.0749204084277153,0.0,0.0
Reddit-S,43,prior_update_add,44,visual,2.9384443759918213,0.06699270009994507,0.0,0.0
Reddit-S,43,prior_update_add,45,text,2.167809009552002,0.0751165896654129,0.0,0.0
Reddit-S,43,prior_update_add,45,visual,2.944551706314087,0.06706693768501282,0.0,0.0
Reddit-S,43,prior_update_add,46,text,2.1851727962493896,0.07522748410701752,0.0,0.0
Reddit-S,43,prior_update_add,46,visual,2.9502599239349365,0.06716112792491913,0.0,0.0
Reddit-S,43,prior_update_add,47,text,2.2014763355255127,0.07544618844985962,0.0,0.0
Reddit-S,43,prior_update_add,47,visual,2.9554808139801025,0.06721771508455276,0.0,0.0
Reddit-S,43,prior_update_add,48,text,2.216914653778076,0.07557700574398041,0.0,0.0
Reddit-S,43,prior_update_add,48,visual,2.960716724395752,0.06728866696357727,0.0,0.0
Reddit-S,43,prior_update_add,49,text,2.231579065322876,0.07571662962436676,0.0,0.0
Reddit-S,43,prior_update_add,49,visual,2.9657318592071533,0.06738070398569107,0.0,0.0
Reddit-S,43,prior_update_add,50,text,2.2458553314208984,0.07589166611433029,0.0,0.0
Reddit-S,43,prior_update_add,50,visual,2.970308542251587,0.06749425828456879,0.0,0.0
Reddit-S,43,prior_update_add,51,text,2.259911060333252,0.0760306864976883,0.0,0.0
Reddit-S,43,prior_update_add,51,visual,2.9746129512786865,0.06760809570550919,0.0,0.0
Reddit-S,43,prior_update_add,52,text,2.2734286785125732,0.07611741125583649,0.0,0.0
Reddit-S,43,prior_update_add,52,visual,2.9787752628326416,0.06767232716083527,0.0,0.0
Reddit-S,43,prior_update_add,53,text,2.286388397216797,0.07622820883989334,0.0,0.0
Reddit-S,43,prior_update_add,53,visual,2.9826512336730957,0.06771349906921387,0.0,0.0
Reddit-S,43,prior_update_add,54,text,2.298504114151001,0.07634226977825165,0.0,0.0
Reddit-S,43,prior_update_add,54,visual,2.9865024089813232,0.06769268214702606,0.0,0.0
Reddit-S,43,prior_update_add,55,text,2.3102829456329346,0.07641489803791046,0.0,0.0
Reddit-S,43,prior_update_add,55,visual,2.9903132915496826,0.06763283163309097,0.0,0.0
Reddit-S,43,prior_update_add,56,text,2.3217291831970215,0.07651298493146896,0.0,0.0
Reddit-S,43,prior_update_add,56,visual,2.9938979148864746,0.0676022469997406,0.0,0.0
Reddit-S,43,prior_update_add,57,text,2.332653284072876,0.07652905583381653,0.0,0.0
Reddit-S,43,prior_update_add,57,visual,2.9975056648254395,0.06755270808935165,0.0,0.0
Reddit-S,43,prior_update_add,58,text,2.343327522277832,0.0764613151550293,0.0,0.0
Reddit-S,43,prior_update_add,58,visual,3.001089572906494,0.0675126314163208,0.0,0.0
Reddit-S,43,prior_update_add,59,text,2.352482795715332,0.07656640559434891,0.0,0.0
Reddit-S,43,prior_update_add,59,visual,3.0043978691101074,0.06749247014522552,0.0,0.0
Reddit-S,43,prior_update_add,60,text,2.361380100250244,0.07662596553564072,0.0,0.0
Reddit-S,43,prior_update_add,60,visual,3.007685422897339,0.06753771007061005,0.0,0.0
Reddit-S,43,prior_update_add,61,text,2.369075059890747,0.07665760070085526,0.0,0.0
Reddit-S,43,prior_update_add,61,visual,3.011037588119507,0.06754469871520996,0.0,0.0
Reddit-S,43,prior_update_add,62,text,2.376307964324951,0.07669971138238907,0.0,0.0
Reddit-S,43,prior_update_add,62,visual,3.0142619609832764,0.0675358846783638,0.0,0.0
Reddit-S,43,prior_update_add,63,text,2.3840408325195312,0.07673201709985733,0.0,0.0
Reddit-S,43,prior_update_add,63,visual,3.017237424850464,0.06755117326974869,0.0,0.0
Reddit-S,43,prior_update_add,64,text,2.39213490486145,0.07678011804819107,0.0,0.0
Reddit-S,43,prior_update_add,64,visual,3.0198447704315186,0.0675949826836586,0.0,0.0
Reddit-S,43,prior_update_add,65,text,2.400587558746338,0.07676190137863159,0.0,0.0
Reddit-S,43,prior_update_add,65,visual,3.0220224857330322,0.06758171319961548,0.0,0.0
Reddit-S,43,prior_update_add,66,text,2.4089243412017822,0.07668954879045486,0.0,0.0
Reddit-S,43,prior_update_add,66,visual,3.0239975452423096,0.067527174949646,0.0,0.0
Reddit-S,43,prior_update_add,67,text,2.4163570404052734,0.07665134966373444,0.0,0.0
Reddit-S,43,prior_update_add,67,visual,3.026017904281616,0.06747502833604813,0.0,0.0
Reddit-S,43,prior_update_add,68,text,2.4220080375671387,0.07678361237049103,0.0,0.0
Reddit-S,43,prior_update_add,68,visual,3.028136968612671,0.06748781353235245,0.0,0.0
Reddit-S,43,prior_update_add,69,text,2.426901340484619,0.07676093280315399,0.0,0.0
Reddit-S,43,prior_update_add,69,visual,3.030223846435547,0.06759101897478104,0.0,0.0
Reddit-S,43,prior_update_add,70,text,2.430457830429077,0.07656747102737427,0.0,0.0
Reddit-S,43,prior_update_add,70,visual,3.032087802886963,0.06767597794532776,0.0,0.0
Reddit-S,43,prior_update_add,71,text,2.4340262413024902,0.07646721601486206,0.0,0.0
Reddit-S,43,prior_update_add,71,visual,3.0337870121002197,0.06769590079784393,0.0,0.0
Reddit-S,43,prior_update_add,72,text,2.4380316734313965,0.076541468501091,0.0,0.0
Reddit-S,43,prior_update_add,72,visual,3.0353431701660156,0.06772586703300476,0.0,0.0
Reddit-S,43,prior_update_add,73,text,2.441973924636841,0.0766698345541954,0.0,0.0
Reddit-S,43,prior_update_add,73,visual,3.0367233753204346,0.06780385226011276,0.0,0.0
Reddit-S,43,prior_update_add,74,text,2.4445300102233887,0.07687296718358994,0.0,0.0
Reddit-S,43,prior_update_add,74,visual,3.0381925106048584,0.06780945509672165,0.0,0.0
Reddit-S,43,prior_update_add,75,text,2.4456608295440674,0.07707322388887405,0.0,0.0
Reddit-S,43,prior_update_add,75,visual,3.0400259494781494,0.06776094436645508,0.0,0.0
Reddit-S,43,prior_update_add,76,text,2.4470040798187256,0.0771455466747284,0.0,0.0
Reddit-S,43,prior_update_add,76,visual,3.0420401096343994,0.06777412444353104,0.0,0.0
Reddit-S,43,prior_update_add,77,text,2.4489214420318604,0.07702699303627014,0.0,0.0
Reddit-S,43,prior_update_add,77,visual,3.0438590049743652,0.06786257773637772,0.0,0.0
Reddit-S,43,prior_update_add,78,text,2.4514219760894775,0.07687397301197052,0.0,0.0
Reddit-S,43,prior_update_add,78,visual,3.045825719833374,0.06793931871652603,0.0,0.0
Reddit-S,43,prior_update_add,79,text,2.4537534713745117,0.07676144689321518,0.0,0.0
Reddit-S,43,prior_update_add,79,visual,3.0478644371032715,0.0679621770977974,0.0,0.0
Reddit-S,43,prior_update_add,80,text,2.4559459686279297,0.07679039239883423,0.0,0.0
Reddit-S,43,prior_update_add,80,visual,3.049623727798462,0.06793437153100967,0.0,0.0
Reddit-S,43,prior_update_add,81,text,2.4584603309631348,0.07689686864614487,0.0,0.0
Reddit-S,43,prior_update_add,81,visual,3.0512101650238037,0.06788462400436401,0.0,0.0
Reddit-S,43,prior_update_add,82,text,2.46181321144104,0.07703320682048798,0.0,0.0
Reddit-S,43,prior_update_add,82,visual,3.0526459217071533,0.0678277239203453,0.0,0.0
Reddit-S,43,prior_update_add,83,text,2.4657459259033203,0.07716342061758041,0.0,0.0
Reddit-S,43,prior_update_add,83,visual,3.054001569747925,0.06779804825782776,0.0,0.0
Reddit-S,43,prior_update_add,84,text,2.470150947570801,0.07727213203907013,0.0,0.0
Reddit-S,43,prior_update_add,84,visual,3.0551700592041016,0.06780896335840225,0.0,0.0
Reddit-S,43,prior_update_add,85,text,2.474579095840454,0.07733480632305145,0.0,0.0
Reddit-S,43,prior_update_add,85,visual,3.056269884109497,0.06782153248786926,0.0,0.0
Reddit-S,43,prior_update_add,86,text,2.4788031578063965,0.07734770327806473,0.0,0.0
Reddit-S,43,prior_update_add,86,visual,3.0574851036071777,0.067812480032444,0.0,0.0
Reddit-S,43,prior_update_add,87,text,2.4825146198272705,0.07731539011001587,0.0,0.0
Reddit-S,43,prior_update_add,87,visual,3.0589330196380615,0.06777875125408173,0.0,0.0
Reddit-S,43,prior_update_add,88,text,2.486070156097412,0.07727982103824615,0.0,0.0
Reddit-S,43,prior_update_add,88,visual,3.0604770183563232,0.0677514374256134,0.0,0.0
Reddit-S,43,prior_update_add,89,text,2.489748239517212,0.07726708799600601,0.0,0.0
Reddit-S,43,prior_update_add,89,visual,3.062086820602417,0.06773832440376282,0.0,0.0
Reddit-S,43,prior_update_add,90,text,2.4936511516571045,0.07730769366025925,0.0,0.0
Reddit-S,43,prior_update_add,90,visual,3.063556432723999,0.06776640564203262,0.0,0.0
Reddit-S,43,prior_update_add,91,text,2.4978809356689453,0.0773734599351883,0.0,0.0
Reddit-S,43,prior_update_add,91,visual,3.0648975372314453,0.067809097468853,0.0,0.0
Reddit-S,43,prior_update_add,92,text,2.502218008041382,0.07742653787136078,0.0,0.0
Reddit-S,43,prior_update_add,92,visual,3.0661792755126953,0.06786464899778366,0.0,0.0
Reddit-S,43,prior_update_add,93,text,2.506619930267334,0.07746201008558273,0.0,0.0
Reddit-S,43,prior_update_add,93,visual,3.067378520965576,0.06789112836122513,0.0,0.0
Reddit-S,43,prior_update_add,94,text,2.5108559131622314,0.07745923846960068,0.0,0.0
Reddit-S,43,prior_update_add,94,visual,3.0685019493103027,0.06789913773536682,0.0,0.0
Reddit-S,43,prior_update_add,95,text,2.514735460281372,0.07744009047746658,0.0,0.0
Reddit-S,43,prior_update_add,95,visual,3.0696768760681152,0.06788269430398941,0.0,0.0
Reddit-S,43,prior_update_add,96,text,2.5184168815612793,0.077422134578228,0.0,0.0
Reddit-S,43,prior_update_add,96,visual,3.0707945823669434,0.06785829365253448,0.0,0.0
Reddit-S,43,prior_update_add,97,text,2.5216894149780273,0.07740844786167145,0.0,0.0
Reddit-S,43,prior_update_add,97,visual,3.071923017501831,0.06783781945705414,0.0,0.0
Reddit-S,43,prior_update_add,98,text,2.5246427059173584,0.07741137593984604,0.0,0.0
Reddit-S,43,prior_update_add,98,visual,3.0730831623077393,0.06782593578100204,0.0,0.0
Reddit-S,43,prior_update_gate,0,text,0.0,0.0,0.0,0.0
Reddit-S,43,prior_update_gate,0,visual,0.0,0.0,0.0,0.0
Reddit-S,43,prior_update_gate,1,text,0.25575870275497437,0.01599799655377865,0.0,0.0
Reddit-S,43,prior_update_gate,1,visual,0.25581592321395874,0.015996776521205902,0.0,0.0
Reddit-S,43,prior_update_gate,2,text,0.3867368996143341,0.023389741778373718,0.261604368686676,0.011855379678308964
Reddit-S,43,prior_update_gate,2,visual,0.418057918548584,0.02303905040025711,0.2614177167415619,0.011874435469508171
Reddit-S,43,prior_update_gate,3,text,0.49129801988601685,0.027983862906694412,0.4605698585510254,0.020325910300016403
Reddit-S,43,prior_update_gate,3,visual,0.5649442672729492,0.026883674785494804,0.47776100039482117,0.02113097347319126
Reddit-S,43,prior_update_gate,4,text,0.5949472188949585,0.032763827592134476,0.6166757941246033,0.02626750059425831
Reddit-S,43,prior_update_gate,4,visual,0.7127741575241089,0.030208557844161987,0.6879032254219055,0.031540825963020325
Reddit-S,43,prior_update_gate,5,text,0.697481095790863,0.03762156888842583,0.7446105480194092,0.03131774440407753
Reddit-S,43,prior_update_gate,5,visual,0.8593612909317017,0.03363765403628349,0.885775625705719,0.04310649633407593
Reddit-S,43,prior_update_gate,6,text,0.7886555790901184,0.041329264640808105,0.8517730236053467,0.03747118264436722
Reddit-S,43,prior_update_gate,6,visual,1.0005236864089966,0.03715240955352783,1.081570029258728,0.05553092807531357
Reddit-S,43,prior_update_gate,7,text,0.8720492124557495,0.044020943343639374,0.9563875198364258,0.04397198557853699
Reddit-S,43,prior_update_gate,7,visual,1.138267993927002,0.040400657802820206,1.2823002338409424,0.06844203174114227
Reddit-S,43,prior_update_gate,8,text,0.9525645971298218,0.046166468411684036,1.0719714164733887,0.050274286419153214
Reddit-S,43,prior_update_gate,8,visual,1.2753381729125977,0.04340585693717003,1.492476224899292,0.08187372237443924
Reddit-S,43,prior_update_gate,9,text,1.0314213037490845,0.0484527088701725,1.195712685585022,0.056439004838466644
Reddit-S,43,prior_update_gate,9,visual,1.413059115409851,0.04648684710264206,1.7139495611190796,0.09583492577075958
Reddit-S,43,prior_update_gate,10,text,1.1094050407409668,0.05099429935216904,1.3238002061843872,0.06261900812387466
Reddit-S,43,prior_update_gate,10,visual,1.5515475273132324,0.0498240664601326,1.944056749343872,0.1102156862616539
Reddit-S,43,prior_update_gate,11,text,1.1873806715011597,0.053459182381629944,1.4531664848327637,0.06907312572002411
Reddit-S,43,prior_update_gate,11,visual,1.6894986629486084,0.053264908492565155,2.1793861389160156,0.12484635412693024
Reddit-S,43,prior_update_gate,12,text,1.2630807161331177,0.05574587360024452,1.5791161060333252,0.07546861469745636
Reddit-S,43,prior_update_gate,12,visual,1.8257930278778076,0.05675147846341133,2.4166595935821533,0.13956210017204285
Reddit-S,43,prior_update_gate,13,text,1.3356094360351562,0.057918302714824677,1.7002869844436646,0.081623375415802
Reddit-S,43,prior_update_gate,13,visual,1.9585450887680054,0.06023097410798073,2.652411460876465,0.1540621519088745
Reddit-S,43,prior_update_gate,14,text,1.406052827835083,0.059979867190122604,1.8201862573623657,0.0876949205994606
Reddit-S,43,prior_update_gate,14,visual,2.0862843990325928,0.06355853378772736,2.883216619491577,0.16812610626220703
Reddit-S,43,prior_update_gate,15,text,1.4749999046325684,0.06195010617375374,1.9390157461166382,0.09373605996370316
Reddit-S,43,prior_update_gate,15,visual,2.2078709602355957,0.0666024386882782,3.106175184249878,0.1814914047718048
Reddit-S,43,prior_update_gate,16,text,1.542384386062622,0.06394539773464203,2.058472156524658,0.099777951836586
Reddit-S,43,prior_update_gate,16,visual,2.322347402572632,0.06951767206192017,3.3194918632507324,0.1939559429883957
Reddit-S,43,prior_update_gate,17,text,1.607779860496521,0.06592336297035217,2.1786534786224365,0.10588576644659042
Reddit-S,43,prior_update_gate,17,visual,2.428058385848999,0.07206812500953674,3.5196237564086914,0.20525851845741272
Reddit-S,43,prior_update_gate,18,text,1.6705232858657837,0.06774041056632996,2.2960445880889893,0.11154710501432419
Reddit-S,43,prior_update_gate,18,visual,2.5258092880249023,0.07445000857114792,3.7079501152038574,0.21544216573238373
Reddit-S,43,prior_update_gate,19,text,1.7306491136550903,0.06950158625841141,2.41084361076355,0.11686047911643982
Reddit-S,43,prior_update_gate,19,visual,2.615809202194214,0.07650197297334671,3.8836519718170166,0.22443868219852448
Reddit-S,43,prior_update_gate,20,text,1.785886287689209,0.07143498212099075,2.520550489425659,0.12168757617473602
Reddit-S,43,prior_update_gate,20,visual,2.6979517936706543,0.07838238030672073,4.046404838562012,0.2322385460138321
Reddit-S,43,prior_update_gate,21,text,1.8384333848953247,0.0732986107468605,2.6274664402008057,0.12617330253124237
Reddit-S,43,prior_update_gate,21,visual,2.772791862487793,0.08005926758050919,4.196721076965332,0.238887757062912
Reddit-S,43,prior_update_gate,22,text,1.8871514797210693,0.07477589696645737,2.727118730545044,0.1298951953649521
Reddit-S,43,prior_update_gate,22,visual,2.840965747833252,0.08141922950744629,4.3350725173950195,0.24452024698257446
Reddit-S,43,prior_update_gate,23,text,1.9323337078094482,0.07598899304866791,2.8197224140167236,0.1329801082611084
Reddit-S,43,prior_update_gate,23,visual,2.9031548500061035,0.08248578757047653,4.463226318359375,0.2493014633655548
Reddit-S,43,prior_update_gate,24,text,1.973738431930542,0.07715410739183426,2.906489849090576,0.13552719354629517
Reddit-S,43,prior_update_gate,24,visual,2.9594125747680664,0.08333657681941986,4.581995010375977,0.25323495268821716
Reddit-S,43,prior_update_gate,25,text,2.0127599239349365,0.07830924540758133,2.991236925125122,0.13788488507270813
Reddit-S,43,prior_update_gate,25,visual,3.010026693344116,0.0840458869934082,4.691451549530029,0.2563319206237793
Reddit-S,43,prior_update_gate,26,text,2.0501554012298584,0.07939022779464722,3.0743391513824463,0.1401369571685791
Reddit-S,43,prior_update_gate,26,visual,3.055469274520874,0.08465150743722916,4.792616367340088,0.2586524188518524
Reddit-S,43,prior_update_gate,27,text,2.086353063583374,0.08030690997838974,3.156888008117676,0.1422850638628006
Reddit-S,43,prior_update_gate,27,visual,3.0965003967285156,0.08510322123765945,4.8866400718688965,0.2603178024291992
Reddit-S,43,prior_update_gate,28,text,2.121213912963867,0.08107145875692368,3.239001750946045,0.1443636268377304
Reddit-S,43,prior_update_gate,28,visual,3.133539915084839,0.08543765544891357,4.9746012687683105,0.26142287254333496
Reddit-S,43,prior_update_gate,29,text,2.154564142227173,0.08181048929691315,3.320119857788086,0.14631275832653046
Reddit-S,43,prior_update_gate,29,visual,3.1670820713043213,0.0857149213552475,5.057337760925293,0.26204562187194824
Reddit-S,43,prior_update_gate,30,text,2.1871023178100586,0.08247791975736618,3.401372194290161,0.14825960993766785
Reddit-S,43,prior_update_gate,30,visual,3.197545289993286,0.08594968914985657,5.135537624359131,0.2622407376766205
Reddit-S,43,prior_update_gate,31,text,2.2182607650756836,0.08309689909219742,3.4815423488616943,0.15009863674640656
Reddit-S,43,prior_update_gate,31,visual,3.225659132003784,0.08618979156017303,5.210536479949951,0.2622012495994568
Reddit-S,43,prior_update_gate,32,text,2.248222827911377,0.08366522192955017,3.5605835914611816,0.15182621777057648
Reddit-S,43,prior_update_gate,32,visual,3.2518222332000732,0.08639794588088989,5.2825140953063965,0.2620607018470764
Reddit-S,43,prior_update_gate,33,text,2.277519702911377,0.08428569883108139,3.6404483318328857,0.15368597209453583
Reddit-S,43,prior_update_gate,33,visual,3.2761459350585938,0.08650550246238708,5.351297855377197,0.2618699371814728
Reddit-S,43,prior_update_gate,34,text,2.3053677082061768,0.08492297679185867,3.7182116508483887,0.15532289445400238
Reddit-S,43,prior_update_gate,34,visual,3.298699140548706,0.08657259494066238,5.417325019836426,0.26160359382629395
Reddit-S,43,prior_update_gate,35,text,2.3324077129364014,0.08556532114744186,3.795612096786499,0.15689398348331451
Reddit-S,43,prior_update_gate,35,visual,3.3197989463806152,0.08662917464971542,5.481021881103516,0.2612842321395874
Reddit-S,43,prior_update_gate,36,text,2.3587820529937744,0.08610852062702179,3.872938632965088,0.15839077532291412
Reddit-S,43,prior_update_gate,36,visual,3.3394503593444824,0.08670692145824432,5.5424275398254395,0.2608792185783386
Reddit-S,43,prior_update_gate,37,text,2.3848586082458496,0.08660722523927689,3.950822114944458,0.15989254415035248
Reddit-S,43,prior_update_gate,37,visual,3.3579375743865967,0.08680376410484314,5.602015972137451,0.26040053367614746
Reddit-S,43,prior_update_gate,38,text,2.4105143547058105,0.08715107291936874,4.029394626617432,0.16145750880241394
Reddit-S,43,prior_update_gate,38,visual,3.374962329864502,0.08690889924764633,5.659426212310791,0.2597523629665375
Reddit-S,43,prior_update_gate,39,text,2.4358716011047363,0.0876697450876236,4.108306407928467,0.16303910315036774
Reddit-S,43,prior_update_gate,39,visual,3.390820026397705,0.08701910078525543,5.715003490447998,0.2590179145336151
Reddit-S,43,prior_update_gate,40,text,2.461188793182373,0.08814915269613266,4.1880574226379395,0.1647453010082245
Reddit-S,43,prior_update_gate,40,visual,3.4059085845947266,0.08711141347885132,5.769110202789307,0.25826528668403625
Reddit-S,43,prior_update_gate,41,text,2.4857184886932373,0.08859146386384964,4.266876697540283,0.1663770079612732
Reddit-S,43,prior_update_gate,41,visual,3.4197847843170166,0.08708065003156662,5.821113586425781,0.2574007511138916
Reddit-S,43,prior_update_gate,42,text,2.5096781253814697,0.08904223144054413,4.344849109649658,0.16798041760921478
Reddit-S,43,prior_update_gate,42,visual,3.4325122833251953,0.08698471635580063,5.871100902557373,0.2564600706100464
Reddit-S,43,prior_update_gate,43,text,2.5328054428100586,0.089476577937603,4.421536445617676,0.16944600641727448
Reddit-S,43,prior_update_gate,43,visual,3.4443345069885254,0.08690503239631653,5.919524192810059,0.25549671053886414
Reddit-S,43,prior_update_gate,44,text,2.5550341606140137,0.08985516428947449,4.49674654006958,0.1707865446805954
Reddit-S,43,prior_update_gate,44,visual,3.455756902694702,0.08681784570217133,5.967173099517822,0.2546057403087616
Reddit-S,43,prior_update_gate,45,text,2.5763802528381348,0.09021421521902084,4.570375442504883,0.1721055805683136
Reddit-S,43,prior_update_gate,45,visual,3.4666876792907715,0.08671541512012482,6.013786792755127,0.2537488639354706
Reddit-S,43,prior_update_gate,46,text,2.5967824459075928,0.09043202549219131,4.641374111175537,0.17303743958473206
Reddit-S,43,prior_update_gate,46,visual,3.477224111557007,0.08665285259485245,6.059623718261719,0.2529035210609436
Reddit-S,43,prior_update_gate,47,text,2.615541696548462,0.09074150025844574,4.708459377288818,0.17368276417255402
Reddit-S,43,prior_update_gate,47,visual,3.4870352745056152,0.0864986851811409,6.103821277618408,0.2520620822906494
Reddit-S,43,prior_update_gate,48,text,2.633432149887085,0.09101016074419022,4.773697853088379,0.1741878092288971
Reddit-S,43,prior_update_gate,48,visual,3.496622323989868,0.08636695146560669,6.147404193878174,0.2512681186199188
Reddit-S,43,prior_update_gate,49,text,2.651198387145996,0.09116184711456299,4.838497161865234,0.17462138831615448
Reddit-S,43,prior_update_gate,49,visual,3.505964756011963,0.0863366425037384,6.1902337074279785,0.25049474835395813
Reddit-S,43,prior_update_gate,50,text,2.668304443359375,0.0914025828242302,4.902303695678711,0.17505794763565063
Reddit-S,43,prior_update_gate,50,visual,3.51485276222229,0.086300790309906,6.232030868530273,0.2497517466545105
Reddit-S,43,prior_update_gate,51,text,2.6852619647979736,0.09165147691965103,4.965666770935059,0.1755599081516266
Reddit-S,43,prior_update_gate,51,visual,3.5234463214874268,0.08628208935260773,6.273028373718262,0.24905145168304443
Reddit-S,43,prior_update_gate,52,text,2.7016806602478027,0.0918298214673996,5.027892589569092,0.17599433660507202
Reddit-S,43,prior_update_gate,52,visual,3.531789779663086,0.08626406639814377,6.313340663909912,0.24838127195835114
Reddit-S,43,prior_update_gate,53,text,2.717498302459717,0.0919795110821724,5.088291168212891,0.17635756731033325
Reddit-S,43,prior_update_gate,53,visual,3.53963041305542,0.08620937168598175,6.352640628814697,0.24767273664474487
Reddit-S,43,prior_update_gate,54,text,2.732922315597534,0.09212861210107803,5.14763879776001,0.17671902477741241
Reddit-S,43,prior_update_gate,54,visual,3.547152042388916,0.0861482247710228,6.391255855560303,0.24694834649562836
Reddit-S,43,prior_update_gate,55,text,2.747999906539917,0.09225013852119446,5.205872535705566,0.1770712435245514
Reddit-S,43,prior_update_gate,55,visual,3.554367780685425,0.08607102185487747,6.4292707443237305,0.24621310830116272
Reddit-S,43,prior_update_gate,56,text,2.7623417377471924,0.09243466705083847,5.262192726135254,0.17736868560314178
Reddit-S,43,prior_update_gate,56,visual,3.5611393451690674,0.08598162233829498,6.466680526733398,0.24542884528636932
Reddit-S,43,prior_update_gate,57,text,2.7762224674224854,0.09255029261112213,5.316956996917725,0.1775449812412262
Reddit-S,43,prior_update_gate,57,visual,3.5678958892822266,0.08596193790435791,6.503676414489746,0.24469290673732758
Reddit-S,43,prior_update_gate,58,text,2.7893829345703125,0.09257131814956665,5.369705677032471,0.1776314377784729
Reddit-S,43,prior_update_gate,58,visual,3.574676752090454,0.08593260496854782,6.539744853973389,0.24403315782546997
Reddit-S,43,prior_update_gate,59,text,2.8006229400634766,0.09272618591785431,5.417776584625244,0.17749907076358795
Reddit-S,43,prior_update_gate,59,visual,3.581068754196167,0.08580402284860611,6.574901580810547,0.24336810410022736
Reddit-S,43,prior_update_gate,60,text,2.8120200634002686,0.09282365441322327,5.465337753295898,0.1773120015859604
Reddit-S,43,prior_update_gate,60,visual,3.5869712829589844,0.08573996275663376,6.609101295471191,0.24260908365249634
Reddit-S,43,prior_update_gate,61,text,2.8219308853149414,0.09283623099327087,5.509146690368652,0.17692480981349945
Reddit-S,43,prior_update_gate,61,visual,3.5928332805633545,0.08566782623529434,6.642522811889648,0.24192345142364502
Reddit-S,43,prior_update_gate,62,text,2.830970525741577,0.09282783418893814,5.550610542297363,0.17654912173748016
Reddit-S,43,prior_update_gate,62,visual,3.598710060119629,0.08559349179267883,6.6750688552856445,0.2413322925567627
Reddit-S,43,prior_update_gate,63,text,2.840367555618286,0.09285478293895721,5.592471599578857,0.17631305754184723
Reddit-S,43,prior_update_gate,63,visual,3.604372978210449,0.08556664735078812,6.706772804260254,0.2407427281141281
Reddit-S,43,prior_update_gate,64,text,2.849536657333374,0.09292037785053253,5.633428573608398,0.1760394424200058
Reddit-S,43,prior_update_gate,64,visual,3.6096911430358887,0.08557260036468506,6.73750638961792,0.2401442527770996
Reddit-S,43,prior_update_gate,65,text,2.858614683151245,0.09303949028253555,5.673480987548828,0.17586871981620789
Reddit-S,43,prior_update_gate,65,visual,3.614576578140259,0.08554696291685104,6.767383575439453,0.2394711673259735
Reddit-S,43,prior_update_gate,66,text,2.867680549621582,0.09313453733921051,5.712778568267822,0.17576557397842407
Reddit-S,43,prior_update_gate,66,visual,3.6194658279418945,0.08550289273262024,6.796664714813232,0.23884032666683197
Reddit-S,43,prior_update_gate,67,text,2.876739263534546,0.09316664934158325,5.75142765045166,0.17571066319942474
Reddit-S,43,prior_update_gate,67,visual,3.6242969036102295,0.08547214418649673,6.825178146362305,0.2382509857416153
Reddit-S,43,prior_update_gate,68,text,2.885721206665039,0.09322069585323334,5.789062023162842,0.17571288347244263
Reddit-S,43,prior_update_gate,68,visual,3.629108428955078,0.08541373908519745,6.852933883666992,0.2377031296491623
Reddit-S,43,prior_update_gate,69,text,2.8943684101104736,0.09332560747861862,5.825660705566406,0.17574091255664825
Reddit-S,43,prior_update_gate,69,visual,3.633683443069458,0.08533275127410889,6.880017280578613,0.23715347051620483
Reddit-S,43,prior_update_gate,70,text,2.902878522872925,0.09343302249908447,5.861508846282959,0.17571115493774414
Reddit-S,43,prior_update_gate,70,visual,3.6378402709960938,0.08526352047920227,6.906625270843506,0.23651787638664246
Reddit-S,43,prior_update_gate,71,text,2.911421775817871,0.09346911311149597,5.896911144256592,0.1756809651851654
Reddit-S,43,prior_update_gate,71,visual,3.641814947128296,0.08522669225931168,6.9322967529296875,0.23588170111179352
Reddit-S,43,prior_update_gate,72,text,2.9189400672912598,0.09349974989891052,5.930067539215088,0.17558591067790985
Reddit-S,43,prior_update_gate,72,visual,3.646083354949951,0.08518775552511215,6.9572062492370605,0.23542535305023193
Reddit-S,43,prior_update_gate,73,text,2.9250826835632324,0.09358101338148117,5.9596943855285645,0.17525750398635864
Reddit-S,43,prior_update_gate,73,visual,3.6502420902252197,0.08513687551021576,6.981625556945801,0.23498226702213287
Reddit-S,43,prior_update_gate,74,text,2.93121600151062,0.09362511336803436,5.988419532775879,0.1748233437538147
Reddit-S,43,prior_update_gate,74,visual,3.654268980026245,0.0851864144206047,7.005799293518066,0.23449650406837463
Reddit-S,43,prior_update_gate,75,text,2.937699556350708,0.09362748265266418,6.017384052276611,0.17441806197166443
Reddit-S,43,prior_update_gate,75,visual,3.6582164764404297,0.08530452102422714,7.029425621032715,0.23399826884269714
Reddit-S,43,prior_update_gate,76,text,2.943723678588867,0.09360502660274506,6.045068740844727,0.1739582121372223
Reddit-S,43,prior_update_gate,76,visual,3.6620750427246094,0.08537304401397705,7.052491664886475,0.23351366817951202
Reddit-S,43,prior_update_gate,77,text,2.9480156898498535,0.09359283000230789,6.068746089935303,0.1732047200202942
Reddit-S,43,prior_update_gate,77,visual,3.665958881378174,0.0853378176689148,7.074917793273926,0.23310275375843048
Reddit-S,43,prior_update_gate,78,text,2.952805280685425,0.09359417110681534,6.0930891036987305,0.17266614735126495
Reddit-S,43,prior_update_gate,78,visual,3.6697499752044678,0.08530803769826889,7.096607685089111,0.23271891474723816
Reddit-S,43,prior_update_gate,79,text,2.9583961963653564,0.09360045194625854,6.118924617767334,0.1722850352525711
Reddit-S,43,prior_update_gate,79,visual,3.6730363368988037,0.0853329449892044,7.117254734039307,0.23220962285995483
Reddit-S,43,prior_update_gate,80,text,2.964059591293335,0.09364244341850281,6.144407749176025,0.17201706767082214
Reddit-S,43,prior_update_gate,80,visual,3.6763689517974854,0.08537312597036362,7.137192249298096,0.23176705837249756
Reddit-S,43,prior_update_gate,81,text,2.9692282676696777,0.09369821101427078,6.168403148651123,0.17174246907234192
Reddit-S,43,prior_update_gate,81,visual,3.6796886920928955,0.08538039028644562,7.156718730926514,0.23137164115905762
Reddit-S,43,prior_update_gate,82,text,2.9738340377807617,0.0937277153134346,6.190738201141357,0.17145727574825287
Reddit-S,43,prior_update_gate,82,visual,3.683072090148926,0.0853416696190834,7.175902843475342,0.23102907836437225
Reddit-S,43,prior_update_gate,83,text,2.9785406589508057,0.0937175378203392,6.21293306350708,0.171177476644516
Reddit-S,43,prior_update_gate,83,visual,3.6863937377929688,0.085306815803051,7.194693565368652,0.23068681359291077
Reddit-S,43,prior_update_gate,84,text,2.9834492206573486,0.09370410442352295,6.235289096832275,0.17088165879249573
Reddit-S,43,prior_update_gate,84,visual,3.6894373893737793,0.08530059456825256,7.213173866271973,0.23027333617210388
Reddit-S,43,prior_update_gate,85,text,2.9885759353637695,0.09371830523014069,6.257861137390137,0.1705940216779709
Reddit-S,43,prior_update_gate,85,visual,3.692168712615967,0.0853082686662674,7.231334686279297,0.22977454960346222
Reddit-S,43,prior_update_gate,86,text,2.993562698364258,0.09377932548522949,6.279819488525391,0.17040687799453735
Reddit-S,43,prior_update_gate,86,visual,3.6946773529052734,0.08529023081064224,7.248858451843262,0.22923824191093445
Reddit-S,43,prior_update_gate,87,text,2.998682975769043,0.09384139627218246,6.301726818084717,0.17037391662597656
Reddit-S,43,prior_update_gate,87,visual,3.6973109245300293,0.08527909964323044,7.2656755447387695,0.2287851870059967
Reddit-S,43,prior_update_gate,88,text,3.0036025047302246,0.0938599482178688,6.322779178619385,0.1703401654958725
Reddit-S,43,prior_update_gate,88,visual,3.7002029418945312,0.08528834581375122,7.282045364379883,0.2284422665834427
Reddit-S,43,prior_update_gate,89,text,3.0084147453308105,0.09385005384683609,6.3433380126953125,0.17024648189544678
Reddit-S,43,prior_update_gate,89,visual,3.703387975692749,0.08530295640230179,7.298032760620117,0.2282295972108841
Reddit-S,43,prior_update_gate,90,text,3.01344633102417,0.09385888278484344,6.36367130279541,0.17015811800956726
Reddit-S,43,prior_update_gate,90,visual,3.706458806991577,0.08532600104808807,7.3138837814331055,0.22800984978675842
Reddit-S,43,prior_update_gate,91,text,3.0185961723327637,0.0939004123210907,6.383939743041992,0.17011377215385437
Reddit-S,43,prior_update_gate,91,visual,3.709385395050049,0.0853348970413208,7.329280376434326,0.2277815341949463
Reddit-S,43,prior_update_gate,92,text,3.023268222808838,0.0939546599984169,6.403207778930664,0.17002728581428528
Reddit-S,43,prior_update_gate,92,visual,3.7123212814331055,0.08534549921751022,7.344051837921143,0.22761376202106476
Reddit-S,43,prior_update_gate,93,text,3.0276803970336914,0.09403813630342484,6.421794891357422,0.16996200382709503
Reddit-S,43,prior_update_gate,93,visual,3.715196371078491,0.08533399552106857,7.358130931854248,0.2274748533964157
Reddit-S,43,prior_update_gate,94,text,3.0317342281341553,0.09411338716745377,6.439694881439209,0.16985327005386353
Reddit-S,43,prior_update_gate,94,visual,3.7181003093719482,0.08534024655818939,7.3717942237854,0.22734904289245605
Reddit-S,43,prior_update_gate,95,text,3.0352563858032227,0.09417107701301575,6.456350326538086,0.16964074969291687
Reddit-S,43,prior_update_gate,95,visual,3.7209665775299072,0.08535783737897873,7.38510274887085,0.2272244244813919
Reddit-S,43,prior_update_gate,96,text,3.038931131362915,0.09421633183956146,6.4729743003845215,0.169455423951149
Reddit-S,43,prior_update_gate,96,visual,3.723590850830078,0.08539284020662308,7.398002624511719,0.22705356776714325
Reddit-S,43,prior_update_gate,97,text,3.042901039123535,0.09425099194049835,6.489839553833008,0.16932177543640137
Reddit-S,43,prior_update_gate,97,visual,3.7260560989379883,0.08543258160352707,7.410727024078369,0.22684146463871002
Reddit-S,43,prior_update_gate,98,text,3.0469818115234375,0.09426666051149368,6.506544589996338,0.16922976076602936
Reddit-S,43,prior_update_gate,98,visual,3.7285008430480957,0.08547728508710861,7.423306465148926,0.22664014995098114
Reddit-S,43,prior_update_gate,99,text,3.0509581565856934,0.09425833076238632,6.5226616859436035,0.16915306448936462
Reddit-S,43,prior_update_gate,99,visual,3.731039524078369,0.085526242852211,7.435666561126709,0.22648422420024872
Reddit-S,43,prior_update_gate,100,text,3.054509162902832,0.09422890841960907,6.537823677062988,0.16902945935726166
Reddit-S,43,prior_update_gate,100,visual,3.7337229251861572,0.0855673998594284,7.44769811630249,0.22639985382556915
Reddit-S,43,prior_update_gate,101,text,3.0580410957336426,0.09420175105333328,6.552676200866699,0.16893747448921204
Reddit-S,43,prior_update_gate,101,visual,3.7363646030426025,0.085597462952137,7.459445953369141,0.22632277011871338
Reddit-S,43,prior_update_gate,102,text,3.061647653579712,0.09419289231300354,6.567440986633301,0.16886337101459503
Reddit-S,43,prior_update_gate,102,visual,3.738816976547241,0.08561993390321732,7.47094202041626,0.22620780766010284
Reddit-S,43,prior_update_gate,103,text,3.06508207321167,0.09419458359479904,6.581689357757568,0.16877204179763794
Reddit-S,43,prior_update_gate,103,visual,3.741241216659546,0.08564141392707825,7.482055187225342,0.22611020505428314
Reddit-S,43,prior_update_gate,104,text,3.0684757232666016,0.09420944005250931,6.595694541931152,0.16866247355937958
Reddit-S,43,prior_update_gate,104,visual,3.7435755729675293,0.08565804362297058,7.492741584777832,0.2260100394487381
Reddit-S,43,terminal,0,text,0.0,0.0,0.0,0.0
Reddit-S,43,terminal,0,visual,0.0,0.0,0.0,0.0
Reddit-S,43,terminal,1,text,0.0,0.0,0.0,0.0
Reddit-S,43,terminal,1,visual,0.0,0.0,0.0,0.0
Reddit-S,43,terminal,2,text,0.0,0.0,0.0,0.0
Reddit-S,43,terminal,2,visual,0.0,0.0,0.0,0.0
Reddit-S,43,terminal,3,text,0.0,0.0,0.0,0.0
Reddit-S,43,terminal,3,visual,0.0,0.0,0.0,0.0
Reddit-S,43,terminal,4,text,0.0,0.0,0.0,0.0
Reddit-S,43,terminal,4,visual,0.0,0.0,0.0,0.0
Reddit-S,43,terminal,5,text,0.0,0.0,0.0,0.0
Reddit-S,43,terminal,5,visual,0.0,0.0,0.0,0.0
Reddit-S,43,terminal,6,text,0.0,0.0,0.0,0.0
Reddit-S,43,terminal,6,visual,0.0,0.0,0.0,0.0
Reddit-S,43,terminal,7,text,0.0,0.0,0.0,0.0
Reddit-S,43,terminal,7,visual,0.0,0.0,0.0,0.0
Reddit-S,43,terminal,8,text,0.0,0.0,0.0,0.0
Reddit-S,43,terminal,8,visual,0.0,0.0,0.0,0.0
Reddit-S,43,terminal,9,text,0.0,0.0,0.0,0.0
Reddit-S,43,terminal,9,visual,0.0,0.0,0.0,0.0
Reddit-S,43,terminal,10,text,0.0,0.0,0.0,0.0
Reddit-S,43,terminal,10,visual,0.0,0.0,0.0,0.0
Reddit-S,43,terminal,11,text,0.0,0.0,0.0,0.0
Reddit-S,43,terminal,11,visual,0.0,0.0,0.0,0.0
Reddit-S,43,terminal,12,text,0.0,0.0,0.0,0.0
Reddit-S,43,terminal,12,visual,0.0,0.0,0.0,0.0
Reddit-S,43,terminal,13,text,0.0,0.0,0.0,0.0
Reddit-S,43,terminal,13,visual,0.0,0.0,0.0,0.0
Reddit-S,43,terminal,14,text,0.0,0.0,0.0,0.0
Reddit-S,43,terminal,14,visual,0.0,0.0,0.0,0.0
Reddit-S,43,terminal,15,text,0.0,0.0,0.0,0.0
Reddit-S,43,terminal,15,visual,0.0,0.0,0.0,0.0
Reddit-S,43,terminal,16,text,0.0,0.0,0.0,0.0
Reddit-S,43,terminal,16,visual,0.0,0.0,0.0,0.0
Reddit-S,43,terminal,17,text,0.0,0.0,0.0,0.0
Reddit-S,43,terminal,17,visual,0.0,0.0,0.0,0.0
Reddit-S,43,terminal,18,text,0.0,0.0,0.0,0.0
Reddit-S,43,terminal,18,visual,0.0,0.0,0.0,0.0
Reddit-S,43,terminal,19,text,0.0,0.0,0.0,0.0
Reddit-S,43,terminal,19,visual,0.0,0.0,0.0,0.0
Reddit-S,43,terminal,20,text,0.0,0.0,0.0,0.0
Reddit-S,43,terminal,20,visual,0.0,0.0,0.0,0.0
Reddit-S,43,terminal,21,text,0.0,0.0,0.0,0.0
Reddit-S,43,terminal,21,visual,0.0,0.0,0.0,0.0
Reddit-S,43,terminal,22,text,0.0,0.0,0.0,0.0
Reddit-S,43,terminal,22,visual,0.0,0.0,0.0,0.0
Reddit-S,43,terminal,23,text,0.0,0.0,0.0,0.0
Reddit-S,43,terminal,23,visual,0.0,0.0,0.0,0.0
Reddit-S,43,terminal,24,text,0.0,0.0,0.0,0.0
Reddit-S,43,terminal,24,visual,0.0,0.0,0.0,0.0
Reddit-S,43,terminal,25,text,0.0,0.0,0.0,0.0
Reddit-S,43,terminal,25,visual,0.0,0.0,0.0,0.0
Reddit-S,43,terminal,26,text,0.0,0.0,0.0,0.0
Reddit-S,43,terminal,26,visual,0.0,0.0,0.0,0.0
Reddit-S,43,terminal,27,text,0.0,0.0,0.0,0.0
Reddit-S,43,terminal,27,visual,0.0,0.0,0.0,0.0
Reddit-S,43,terminal,28,text,0.0,0.0,0.0,0.0
Reddit-S,43,terminal,28,visual,0.0,0.0,0.0,0.0
Reddit-S,43,terminal,29,text,0.0,0.0,0.0,0.0
Reddit-S,43,terminal,29,visual,0.0,0.0,0.0,0.0
Reddit-S,43,terminal,30,text,0.0,0.0,0.0,0.0
Reddit-S,43,terminal,30,visual,0.0,0.0,0.0,0.0
Reddit-S,43,terminal,31,text,0.0,0.0,0.0,0.0
Reddit-S,43,terminal,31,visual,0.0,0.0,0.0,0.0
Reddit-S,43,terminal,32,text,0.0,0.0,0.0,0.0
Reddit-S,43,terminal,32,visual,0.0,0.0,0.0,0.0
Reddit-S,43,terminal,33,text,0.0,0.0,0.0,0.0
Reddit-S,43,terminal,33,visual,0.0,0.0,0.0,0.0
Reddit-S,43,terminal,34,text,0.0,0.0,0.0,0.0
Reddit-S,43,terminal,34,visual,0.0,0.0,0.0,0.0
Reddit-S,43,terminal,35,text,0.0,0.0,0.0,0.0
Reddit-S,43,terminal,35,visual,0.0,0.0,0.0,0.0
Reddit-S,43,terminal,36,text,0.0,0.0,0.0,0.0
Reddit-S,43,terminal,36,visual,0.0,0.0,0.0,0.0
Reddit-S,43,terminal,37,text,0.0,0.0,0.0,0.0
Reddit-S,43,terminal,37,visual,0.0,0.0,0.0,0.0
Reddit-S,43,terminal,38,text,0.0,0.0,0.0,0.0
Reddit-S,43,terminal,38,visual,0.0,0.0,0.0,0.0
Reddit-S,43,terminal,39,text,0.0,0.0,0.0,0.0
Reddit-S,43,terminal,39,visual,0.0,0.0,0.0,0.0
Reddit-S,43,terminal,40,text,0.0,0.0,0.0,0.0
Reddit-S,43,terminal,40,visual,0.0,0.0,0.0,0.0
Reddit-S,43,terminal,41,text,0.0,0.0,0.0,0.0
Reddit-S,43,terminal,41,visual,0.0,0.0,0.0,0.0
Reddit-S,43,terminal,42,text,0.0,0.0,0.0,0.0
Reddit-S,43,terminal,42,visual,0.0,0.0,0.0,0.0
Reddit-S,43,terminal,43,text,0.0,0.0,0.0,0.0
Reddit-S,43,terminal,43,visual,0.0,0.0,0.0,0.0
Reddit-S,43,terminal,44,text,0.0,0.0,0.0,0.0
Reddit-S,43,terminal,44,visual,0.0,0.0,0.0,0.0
Reddit-S,43,terminal,45,text,0.0,0.0,0.0,0.0
Reddit-S,43,terminal,45,visual,0.0,0.0,0.0,0.0
Reddit-S,43,terminal,46,text,0.0,0.0,0.0,0.0
Reddit-S,43,terminal,46,visual,0.0,0.0,0.0,0.0
Reddit-S,43,terminal,47,text,0.0,0.0,0.0,0.0
Reddit-S,43,terminal,47,visual,0.0,0.0,0.0,0.0
Reddit-S,43,terminal,48,text,0.0,0.0,0.0,0.0
Reddit-S,43,terminal,48,visual,0.0,0.0,0.0,0.0
Reddit-S,43,terminal,49,text,0.0,0.0,0.0,0.0
Reddit-S,43,terminal,49,visual,0.0,0.0,0.0,0.0
Reddit-S,43,terminal,50,text,0.0,0.0,0.0,0.0
Reddit-S,43,terminal,50,visual,0.0,0.0,0.0,0.0
Reddit-S,43,terminal,51,text,0.0,0.0,0.0,0.0
Reddit-S,43,terminal,51,visual,0.0,0.0,0.0,0.0
Reddit-S,43,terminal,52,text,0.0,0.0,0.0,0.0
Reddit-S,43,terminal,52,visual,0.0,0.0,0.0,0.0
Reddit-S,43,terminal,53,text,0.0,0.0,0.0,0.0
Reddit-S,43,terminal,53,visual,0.0,0.0,0.0,0.0
Reddit-S,43,terminal,54,text,0.0,0.0,0.0,0.0
Reddit-S,43,terminal,54,visual,0.0,0.0,0.0,0.0
Reddit-S,43,terminal,55,text,0.0,0.0,0.0,0.0
Reddit-S,43,terminal,55,visual,0.0,0.0,0.0,0.0
Reddit-S,43,terminal,56,text,0.0,0.0,0.0,0.0
Reddit-S,43,terminal,56,visual,0.0,0.0,0.0,0.0
Reddit-S,43,terminal,57,text,0.0,0.0,0.0,0.0
Reddit-S,43,terminal,57,visual,0.0,0.0,0.0,0.0
Reddit-S,43,terminal,58,text,0.0,0.0,0.0,0.0
Reddit-S,43,terminal,58,visual,0.0,0.0,0.0,0.0
Reddit-S,43,terminal,59,text,0.0,0.0,0.0,0.0
Reddit-S,43,terminal,59,visual,0.0,0.0,0.0,0.0
Reddit-S,43,terminal,60,text,0.0,0.0,0.0,0.0
Reddit-S,43,terminal,60,visual,0.0,0.0,0.0,0.0
Reddit-S,43,terminal,61,text,0.0,0.0,0.0,0.0
Reddit-S,43,terminal,61,visual,0.0,0.0,0.0,0.0
Reddit-S,43,terminal,62,text,0.0,0.0,0.0,0.0
Reddit-S,43,terminal,62,visual,0.0,0.0,0.0,0.0
Reddit-S,43,terminal,63,text,0.0,0.0,0.0,0.0
Reddit-S,43,terminal,63,visual,0.0,0.0,0.0,0.0
Reddit-S,43,terminal,64,text,0.0,0.0,0.0,0.0
Reddit-S,43,terminal,64,visual,0.0,0.0,0.0,0.0
Reddit-S,43,terminal,65,text,0.0,0.0,0.0,0.0
Reddit-S,43,terminal,65,visual,0.0,0.0,0.0,0.0
Reddit-S,43,terminal,66,text,0.0,0.0,0.0,0.0
Reddit-S,43,terminal,66,visual,0.0,0.0,0.0,0.0
Reddit-S,43,terminal,67,text,0.0,0.0,0.0,0.0
Reddit-S,43,terminal,67,visual,0.0,0.0,0.0,0.0
Reddit-S,43,terminal,68,text,0.0,0.0,0.0,0.0
Reddit-S,43,terminal,68,visual,0.0,0.0,0.0,0.0
Reddit-S,43,terminal,69,text,0.0,0.0,0.0,0.0
Reddit-S,43,terminal,69,visual,0.0,0.0,0.0,0.0
Reddit-S,43,terminal,70,text,0.0,0.0,0.0,0.0
Reddit-S,43,terminal,70,visual,0.0,0.0,0.0,0.0
Reddit-S,43,terminal,71,text,0.0,0.0,0.0,0.0
Reddit-S,43,terminal,71,visual,0.0,0.0,0.0,0.0
Reddit-S,43,terminal,72,text,0.0,0.0,0.0,0.0
Reddit-S,43,terminal,72,visual,0.0,0.0,0.0,0.0
Reddit-S,43,terminal,73,text,0.0,0.0,0.0,0.0
Reddit-S,43,terminal,73,visual,0.0,0.0,0.0,0.0
Reddit-S,43,terminal,74,text,0.0,0.0,0.0,0.0
Reddit-S,43,terminal,74,visual,0.0,0.0,0.0,0.0
Reddit-S,43,terminal,75,text,0.0,0.0,0.0,0.0
Reddit-S,43,terminal,75,visual,0.0,0.0,0.0,0.0
Reddit-S,43,terminal,76,text,0.0,0.0,0.0,0.0
Reddit-S,43,terminal,76,visual,0.0,0.0,0.0,0.0
Reddit-S,43,terminal,77,text,0.0,0.0,0.0,0.0
Reddit-S,43,terminal,77,visual,0.0,0.0,0.0,0.0
Reddit-S,43,terminal,78,text,0.0,0.0,0.0,0.0
Reddit-S,43,terminal,78,visual,0.0,0.0,0.0,0.0
Reddit-S,43,terminal,79,text,0.0,0.0,0.0,0.0
Reddit-S,43,terminal,79,visual,0.0,0.0,0.0,0.0
Reddit-S,43,terminal,80,text,0.0,0.0,0.0,0.0
Reddit-S,43,terminal,80,visual,0.0,0.0,0.0,0.0
Reddit-S,43,terminal,81,text,0.0,0.0,0.0,0.0
Reddit-S,43,terminal,81,visual,0.0,0.0,0.0,0.0
Reddit-S,43,terminal,82,text,0.0,0.0,0.0,0.0
Reddit-S,43,terminal,82,visual,0.0,0.0,0.0,0.0
Reddit-S,44,prior_delta_gate,0,text,0.0,0.0,0.0,0.0
Reddit-S,44,prior_delta_gate,0,visual,0.0,0.0,0.0,0.0
Reddit-S,44,prior_delta_gate,1,text,0.2557653486728668,0.01599842682480812,0.0,0.0
Reddit-S,44,prior_delta_gate,1,visual,0.2558058500289917,0.01598980650305748,0.0,0.0
Reddit-S,44,prior_delta_gate,2,text,0.3665541410446167,0.021580107510089874,0.2629234790802002,0.011867452412843704
Reddit-S,44,prior_delta_gate,2,visual,0.40438976883888245,0.022864842787384987,0.260402113199234,0.011864407919347286
Reddit-S,44,prior_delta_gate,3,text,0.4578479528427124,0.024761658161878586,0.45277002453804016,0.020002150908112526
Reddit-S,44,prior_delta_gate,3,visual,0.5333523750305176,0.025859802961349487,0.4552345871925354,0.01994333416223526
Reddit-S,44,prior_delta_gate,4,text,0.5499475002288818,0.028035541996359825,0.6045758724212646,0.02552584372460842
Reddit-S,44,prior_delta_gate,4,visual,0.6636332273483276,0.028241727501153946,0.6444635987281799,0.027856314554810524
Reddit-S,44,prior_delta_gate,5,text,0.6466488838195801,0.03224842622876167,0.7265003323554993,0.02980554662644863
Reddit-S,44,prior_delta_gate,5,visual,0.7971123456954956,0.031315580010414124,0.8176838159561157,0.03699452802538872
Reddit-S,44,prior_delta_gate,6,text,0.7352531552314758,0.0365041047334671,0.8313130140304565,0.034126121550798416
Reddit-S,44,prior_delta_gate,6,visual,0.9276179075241089,0.035023000091314316,0.9844649434089661,0.04726574942469597
Reddit-S,44,prior_delta_gate,7,text,0.8070003986358643,0.039849307388067245,0.916352391242981,0.03878884017467499
Reddit-S,44,prior_delta_gate,7,visual,1.0530165433883667,0.03854421153664589,1.157778263092041,0.058274876326322556
Reddit-S,44,prior_delta_gate,8,text,0.871454119682312,0.04256606847047806,1.0020126104354858,0.04377947002649307
Reddit-S,44,prior_delta_gate,8,visual,1.176760196685791,0.04166652634739876,1.3422211408615112,0.07004281878471375
Reddit-S,44,prior_delta_gate,9,text,0.9334481358528137,0.045204952359199524,1.094650387763977,0.04869597777724266
Reddit-S,44,prior_delta_gate,9,visual,1.3017555475234985,0.04450296238064766,1.5385708808898926,0.08258484303951263
Reddit-S,44,prior_delta_gate,10,text,0.994574248790741,0.04814661666750908,1.1934707164764404,0.05316583439707756
Reddit-S,44,prior_delta_gate,10,visual,1.4302045106887817,0.04747847840189934,1.747075080871582,0.09588111191987991
Reddit-S,44,prior_delta_gate,11,text,1.0568290948867798,0.05121109262108803,1.297528862953186,0.057488247752189636
Reddit-S,44,prior_delta_gate,11,visual,1.5618784427642822,0.050753891468048096,1.965417742729187,0.10979267209768295
Reddit-S,44,prior_delta_gate,12,text,1.1200047731399536,0.05420173704624176,1.4035333395004272,0.06181323155760765
Reddit-S,44,prior_delta_gate,12,visual,1.694970965385437,0.05429385229945183,2.1903865337371826,0.12412693351507187
Reddit-S,44,prior_delta_gate,13,text,1.183158278465271,0.05702878534793854,1.5082192420959473,0.06604628264904022
Reddit-S,44,prior_delta_gate,13,visual,1.82732355594635,0.05792991816997528,2.4186856746673584,0.13864117860794067
Reddit-S,44,prior_delta_gate,14,text,1.2454054355621338,0.059582147747278214,1.6108362674713135,0.07006513327360153
Reddit-S,44,prior_delta_gate,14,visual,1.958010196685791,0.0615292452275753,2.6488237380981445,0.15317289531230927
Reddit-S,44,prior_delta_gate,15,text,1.3063584566116333,0.061928339302539825,1.7119032144546509,0.07387512922286987
Reddit-S,44,prior_delta_gate,15,visual,2.0856740474700928,0.06509622931480408,2.8787143230438232,0.16753695905208588
Reddit-S,44,prior_delta_gate,16,text,1.3664031028747559,0.06410574913024902,1.813043236732483,0.07764682918787003
Reddit-S,44,prior_delta_gate,16,visual,2.2088091373443604,0.06856077909469604,3.105318784713745,0.18150359392166138
Reddit-S,44,prior_delta_gate,17,text,1.4251338243484497,0.06615129113197327,1.9146289825439453,0.08140933513641357
Reddit-S,44,prior_delta_gate,17,visual,2.3260066509246826,0.07174214720726013,3.3254733085632324,0.1948254555463791
Reddit-S,44,prior_delta_gate,18,text,1.4826912879943848,0.06804640591144562,2.0170650482177734,0.08522181957960129
Reddit-S,44,prior_delta_gate,18,visual,2.4368724822998047,0.07457596808671951,3.536897659301758,0.20733028650283813
Reddit-S,44,prior_delta_gate,19,text,1.538523554801941,0.06983007490634918,2.1185975074768066,0.08892832696437836
Reddit-S,44,prior_delta_gate,19,visual,2.541032075881958,0.07718959450721741,3.7382731437683105,0.21889227628707886
Reddit-S,44,prior_delta_gate,20,text,1.5928438901901245,0.07155047357082367,2.220243215560913,0.09264107793569565
Reddit-S,44,prior_delta_gate,20,visual,2.6378557682037354,0.07952311635017395,3.9278767108917236,0.22940678894519806
Reddit-S,44,prior_delta_gate,21,text,1.6445207595825195,0.07305147498846054,2.319739818572998,0.09624127298593521
Reddit-S,44,prior_delta_gate,21,visual,2.727116823196411,0.08175615221261978,4.105039119720459,0.23881949484348297
Reddit-S,44,prior_delta_gate,22,text,1.6944942474365234,0.0744379535317421,2.4191439151763916,0.09982124716043472
Reddit-S,44,prior_delta_gate,22,visual,2.8090879917144775,0.08386072516441345,4.2692790031433105,0.24706129729747772
Reddit-S,44,prior_delta_gate,23,text,1.742558479309082,0.07581313699483871,2.517855644226074,0.10325945168733597
Reddit-S,44,prior_delta_gate,23,visual,2.883726119995117,0.08563732355833054,4.420248985290527,0.25414493680000305
Reddit-S,44,prior_delta_gate,24,text,1.787800669670105,0.07705368101596832,2.6122124195098877,0.10646630078554153
Reddit-S,44,prior_delta_gate,24,visual,2.951826810836792,0.08709407597780228,4.559380054473877,0.2602125108242035
Reddit-S,44,prior_delta_gate,25,text,1.830805778503418,0.07815048843622208,2.7042126655578613,0.10954715311527252
Reddit-S,44,prior_delta_gate,25,visual,3.0131914615631104,0.08827201277017593,4.686281681060791,0.2651824653148651
Reddit-S,44,prior_delta_gate,26,text,1.8724786043167114,0.07922233641147614,2.7954745292663574,0.11258959770202637
Reddit-S,44,prior_delta_gate,26,visual,3.0684902667999268,0.08922514319419861,4.802780628204346,0.26920977234840393
Reddit-S,44,prior_delta_gate,27,text,1.913223385810852,0.08026613295078278,2.8872690200805664,0.11565453559160233
Reddit-S,44,prior_delta_gate,27,visual,3.1179256439208984,0.08997092396020889,4.909203052520752,0.27232393622398376
Reddit-S,44,prior_delta_gate,28,text,1.9528430700302124,0.08125028014183044,2.9783763885498047,0.11868242919445038
Reddit-S,44,prior_delta_gate,28,visual,3.1623148918151855,0.09053478389978409,5.007194995880127,0.27465254068374634
Reddit-S,44,prior_delta_gate,29,text,1.9909920692443848,0.08212023973464966,3.0682995319366455,0.12165343016386032
Reddit-S,44,prior_delta_gate,29,visual,3.2024154663085938,0.09093436598777771,5.0981903076171875,0.27635738253593445
Reddit-S,44,prior_delta_gate,30,text,2.0272622108459473,0.08289898931980133,3.1557652950286865,0.12441655993461609
Reddit-S,44,prior_delta_gate,30,visual,3.2389397621154785,0.09123709797859192,5.1839165687561035,0.27757716178894043
Reddit-S,44,prior_delta_gate,31,text,2.0622332096099854,0.08365250378847122,3.242192268371582,0.12708689272403717
Reddit-S,44,prior_delta_gate,31,visual,3.27229642868042,0.09149662405252457,5.265040874481201,0.2783970832824707
Reddit-S,44,prior_delta_gate,32,text,2.0955634117126465,0.08439450711011887,3.326329469680786,0.1295028179883957
Reddit-S,44,prior_delta_gate,32,visual,3.3027660846710205,0.09171344339847565,5.342528343200684,0.27886509895324707
Reddit-S,44,prior_delta_gate,33,text,2.126521587371826,0.08495355397462845,3.4057934284210205,0.1314554065465927
Reddit-S,44,prior_delta_gate,33,visual,3.3308939933776855,0.09195432811975479,5.416835308074951,0.27907153964042664
Reddit-S,44,prior_delta_gate,34,text,2.155790328979492,0.08546524494886398,3.4825587272644043,0.1330806165933609
Reddit-S,44,prior_delta_gate,34,visual,3.3569741249084473,0.09205835312604904,5.488243579864502,0.2790709137916565
Reddit-S,44,prior_delta_gate,35,text,2.1845030784606934,0.08600711077451706,3.558842420578003,0.1345757097005844
Reddit-S,44,prior_delta_gate,35,visual,3.3808765411376953,0.0921306237578392,5.556640148162842,0.2788495123386383
Reddit-S,44,prior_delta_gate,36,text,2.212824821472168,0.08653277158737183,3.6351211071014404,0.1360870897769928
Reddit-S,44,prior_delta_gate,36,visual,3.4032235145568848,0.0922885537147522,5.623143196105957,0.2785148620605469
Reddit-S,44,prior_delta_gate,37,text,2.2402632236480713,0.08699864149093628,3.709975481033325,0.13747724890708923
Reddit-S,44,prior_delta_gate,37,visual,3.4240431785583496,0.09248451143503189,5.687591075897217,0.27808186411857605
Reddit-S,44,prior_delta_gate,38,text,2.26737117767334,0.08752609044313431,3.7846245765686035,0.13877975940704346
Reddit-S,44,prior_delta_gate,38,visual,3.4434871673583984,0.09248019754886627,5.749790668487549,0.2775822877883911
Reddit-S,44,prior_delta_gate,39,text,2.294161558151245,0.08805253356695175,3.8583240509033203,0.14003002643585205
Reddit-S,44,prior_delta_gate,39,visual,3.4620208740234375,0.09242620319128036,5.810282230377197,0.2770983576774597
Reddit-S,44,prior_delta_gate,40,text,2.3211162090301514,0.08858836442232132,3.933229923248291,0.14138050377368927
Reddit-S,44,prior_delta_gate,40,visual,3.4793334007263184,0.09236011654138565,5.868927001953125,0.2765686511993408
Reddit-S,44,prior_delta_gate,41,text,2.348153829574585,0.08907564729452133,4.009137153625488,0.1428317129611969
Reddit-S,44,prior_delta_gate,41,visual,3.4951422214508057,0.09230677783489227,5.925741195678711,0.2758674919605255
Reddit-S,44,prior_delta_gate,42,text,2.3740549087524414,0.08948392421007156,4.081397533416748,0.14417718350887299
Reddit-S,44,prior_delta_gate,42,visual,3.5100576877593994,0.09229151159524918,5.980852127075195,0.2751171290874481
Reddit-S,44,prior_delta_gate,43,text,2.399578332901001,0.08995131403207779,4.153049468994141,0.1455153226852417
Reddit-S,44,prior_delta_gate,43,visual,3.52382755279541,0.09214484691619873,6.034544944763184,0.2742273509502411
Reddit-S,44,prior_delta_gate,44,text,2.424868106842041,0.09034773707389832,4.225753307342529,0.14686085283756256
Reddit-S,44,prior_delta_gate,44,visual,3.5364203453063965,0.09201817959547043,6.086695194244385,0.27324801683425903
Reddit-S,44,prior_delta_gate,45,text,2.449974775314331,0.09068547934293747,4.298110008239746,0.14826367795467377
Reddit-S,44,prior_delta_gate,45,visual,3.548157215118408,0.0919402614235878,6.137871742248535,0.27219313383102417
Reddit-S,44,prior_delta_gate,46,text,2.474757194519043,0.09102216362953186,4.368706703186035,0.14969630539417267
Reddit-S,44,prior_delta_gate,46,visual,3.5592458248138428,0.09190052002668381,6.188295841217041,0.2710803747177124
Reddit-S,44,prior_delta_gate,47,text,2.499180316925049,0.09131579846143723,4.438216686248779,0.1511358916759491
Reddit-S,44,prior_delta_gate,47,visual,3.5697243213653564,0.09186962246894836,6.237419128417969,0.26995348930358887
Reddit-S,44,prior_delta_gate,48,text,2.5226593017578125,0.09155582636594772,4.505831241607666,0.15235678851604462
Reddit-S,44,prior_delta_gate,48,visual,3.5798075199127197,0.09176059067249298,6.284999847412109,0.2689156234264374
Reddit-S,44,prior_delta_gate,49,text,2.5455329418182373,0.09185221046209335,4.572604179382324,0.1534682959318161
Reddit-S,44,prior_delta_gate,49,visual,3.5895678997039795,0.09155058860778809,6.331017971038818,0.26797887682914734
Reddit-S,44,prior_delta_gate,50,text,2.5671658515930176,0.09209618717432022,4.635396957397461,0.15436172485351562
Reddit-S,44,prior_delta_gate,50,visual,3.598891496658325,0.0913734957575798,6.376046180725098,0.2670755386352539
Reddit-S,44,prior_delta_gate,51,text,2.588074207305908,0.09239668399095535,4.698382377624512,0.1551898866891861
Reddit-S,44,prior_delta_gate,51,visual,3.6078672409057617,0.09124451875686646,6.420766353607178,0.26617157459259033
Reddit-S,44,prior_delta_gate,52,text,2.6085875034332275,0.0925530344247818,4.75955057144165,0.15598581731319427
Reddit-S,44,prior_delta_gate,52,visual,3.6164910793304443,0.09124299138784409,6.464619159698486,0.2653235197067261
Reddit-S,44,prior_delta_gate,53,text,2.6285529136657715,0.09273292124271393,4.819064140319824,0.15667185187339783
Reddit-S,44,prior_delta_gate,53,visual,3.6247246265411377,0.09118442237377167,6.5072526931762695,0.2644568681716919
Reddit-S,44,prior_delta_gate,54,text,2.6477863788604736,0.09289082884788513,4.876560211181641,0.157298743724823
Reddit-S,44,prior_delta_gate,54,visual,3.6324963569641113,0.09105534851551056,6.548347473144531,0.2635718286037445
Reddit-S,44,prior_delta_gate,55,text,2.666222333908081,0.09296644479036331,4.932086944580078,0.15781253576278687
Reddit-S,44,prior_delta_gate,55,visual,3.6399717330932617,0.09096650779247284,6.588480472564697,0.26271963119506836
Reddit-S,44,prior_delta_gate,56,text,2.684446096420288,0.09300526976585388,4.987537860870361,0.15836310386657715
Reddit-S,44,prior_delta_gate,56,visual,3.6470746994018555,0.09093551337718964,6.62803840637207,0.2618570923805237
Reddit-S,44,prior_delta_gate,57,text,2.701470375061035,0.09316582977771759,5.040799617767334,0.15874168276786804
Reddit-S,44,prior_delta_gate,57,visual,3.65423321723938,0.09087462723255157,6.6670989990234375,0.2610797584056854
Reddit-S,44,prior_delta_gate,58,text,2.7175188064575195,0.09331473708152771,5.090766906738281,0.15898151695728302
Reddit-S,44,prior_delta_gate,58,visual,3.6612377166748047,0.09083262830972672,6.705012798309326,0.26035261154174805
Reddit-S,44,prior_delta_gate,59,text,2.7332141399383545,0.09344058483839035,5.139857292175293,0.15917529165744781
Reddit-S,44,prior_delta_gate,59,visual,3.6681573390960693,0.09071631729602814,6.741756916046143,0.2596970796585083
Reddit-S,44,prior_delta_gate,60,text,2.748466730117798,0.09355679154396057,5.188205242156982,0.1593567281961441
Reddit-S,44,prior_delta_gate,60,visual,3.6749825477600098,0.09061017632484436,6.778104782104492,0.259066104888916
Reddit-S,44,prior_delta_gate,61,text,2.7625834941864014,0.09368224442005157,5.234187126159668,0.15945759415626526
Reddit-S,44,prior_delta_gate,61,visual,3.6812756061553955,0.09058520197868347,6.813970565795898,0.25835585594177246
Reddit-S,44,prior_delta_gate,62,text,2.7762045860290527,0.09377975761890411,5.278214931488037,0.15957146883010864
Reddit-S,44,prior_delta_gate,62,visual,3.687044858932495,0.09056346118450165,6.8487629890441895,0.2575463056564331
Reddit-S,44,prior_delta_gate,63,text,2.7897329330444336,0.09383366256952286,5.3214216232299805,0.1597311645746231
Reddit-S,44,prior_delta_gate,63,visual,3.6928749084472656,0.09048046171665192,6.882349491119385,0.2568318843841553
Reddit-S,44,prior_delta_gate,64,text,2.8029441833496094,0.09387268871068954,5.363523006439209,0.15990537405014038
Reddit-S,44,prior_delta_gate,64,visual,3.6986653804779053,0.09036973863840103,6.914964199066162,0.25618499517440796
Reddit-S,44,prior_delta_gate,65,text,2.8156614303588867,0.09388704597949982,5.404284477233887,0.16007082164287567
Reddit-S,44,prior_delta_gate,65,visual,3.7041687965393066,0.09033091366291046,6.94732666015625,0.2555040419101715
Reddit-S,44,prior_delta_gate,66,text,2.827901840209961,0.09388844668865204,5.443812370300293,0.16020500659942627
Reddit-S,44,prior_delta_gate,66,visual,3.7094311714172363,0.09036416560411453,6.979508876800537,0.25480812788009644
Reddit-S,44,prior_delta_gate,67,text,2.839951515197754,0.09391451627016068,5.483197212219238,0.1603429615497589
Reddit-S,44,prior_delta_gate,67,visual,3.7147204875946045,0.09038881957530975,7.011404514312744,0.25417137145996094
Reddit-S,44,prior_delta_gate,68,text,2.85176157951355,0.09393084794282913,5.521854400634766,0.16044823825359344
Reddit-S,44,prior_delta_gate,68,visual,3.7199556827545166,0.09033332020044327,7.042026519775391,0.2536056339740753
Reddit-S,44,prior_delta_gate,69,text,2.863312005996704,0.09392481297254562,5.559533596038818,0.16053533554077148
Reddit-S,44,prior_delta_gate,69,visual,3.725044012069702,0.09023934602737427,7.071701526641846,0.2530730962753296
Reddit-S,44,prior_delta_gate,70,text,2.8747990131378174,0.09391023963689804,5.596419811248779,0.16064345836639404
Reddit-S,44,prior_delta_gate,70,visual,3.7299797534942627,0.09015728533267975,7.1007843017578125,0.25254687666893005
Reddit-S,44,prior_delta_gate,71,text,2.886070728302002,0.09391821175813675,5.632726669311523,0.16072560846805573
Reddit-S,44,prior_delta_gate,71,visual,3.7345807552337646,0.09012151509523392,7.129638195037842,0.25194495916366577
Reddit-S,44,prior_delta_gate,72,text,2.897343873977661,0.09394728392362595,5.66909646987915,0.1608414500951767
Reddit-S,44,prior_delta_gate,72,visual,3.738933563232422,0.09009236097335815,7.157776355743408,0.251324325799942
Reddit-S,44,prior_delta_gate,73,text,2.908515691757202,0.09398338943719864,5.705258846282959,0.16096362471580505
Reddit-S,44,prior_delta_gate,73,visual,3.743129253387451,0.09005528688430786,7.185154914855957,0.250700980424881
Reddit-S,44,prior_delta_gate,74,text,2.919234037399292,0.09401340037584305,5.7397966384887695,0.16096869111061096
Reddit-S,44,prior_delta_gate,74,visual,3.7473278045654297,0.08999644964933395,7.21159553527832,0.2501397430896759
Reddit-S,44,prior_delta_gate,75,text,2.9295437335968018,0.09402768313884735,5.7728800773620605,0.16091594099998474
Reddit-S,44,prior_delta_gate,75,visual,3.751462936401367,0.08993878960609436,7.23711633682251,0.24963054060935974
Reddit-S,44,prior_delta_gate,76,text,2.9395642280578613,0.09404396265745163,5.805106163024902,0.16080090403556824
Reddit-S,44,prior_delta_gate,76,visual,3.7554121017456055,0.08989416062831879,7.262203216552734,0.24910545349121094
Reddit-S,44,prior_delta_gate,77,text,2.9492647647857666,0.09410979598760605,5.8372297286987305,0.16070500016212463
Reddit-S,44,prior_delta_gate,77,visual,3.759007453918457,0.08985128253698349,7.286545276641846,0.24852100014686584
Reddit-S,44,prior_delta_gate,78,text,2.958186626434326,0.09418613463640213,5.867953300476074,0.1605382114648819
Reddit-S,44,prior_delta_gate,78,visual,3.762690782546997,0.08979067951440811,7.310423374176025,0.2479965090751648
Reddit-S,44,prior_delta_gate,79,text,2.966906785964966,0.09422244131565094,5.897674560546875,0.1603553295135498
Reddit-S,44,prior_delta_gate,79,visual,3.7661921977996826,0.08973376452922821,7.3337225914001465,0.24746118485927582
Reddit-S,44,prior_delta_gate,80,text,2.975330114364624,0.09423903375864029,5.92586088180542,0.1601751148700714
Reddit-S,44,prior_delta_gate,80,visual,3.7696609497070312,0.08970212191343307,7.356276512145996,0.24696892499923706
Reddit-S,44,prior_delta_gate,81,text,2.9832894802093506,0.09424847364425659,5.952394962310791,0.15999314188957214
Reddit-S,44,prior_delta_gate,81,visual,3.7729692459106445,0.08967606723308563,7.377870082855225,0.24648837745189667
Reddit-S,44,prior_delta_gate,82,text,2.9911487102508545,0.09424999356269836,5.97852087020874,0.1598387062549591
Reddit-S,44,prior_delta_gate,82,visual,3.77608585357666,0.08968997001647949,7.399258613586426,0.24597975611686707
Reddit-S,44,prior_delta_gate,83,text,2.998781681060791,0.09424608200788498,6.004560470581055,0.15970246493816376
Reddit-S,44,prior_delta_gate,83,visual,3.7789647579193115,0.08971083164215088,7.4203314781188965,0.24542298913002014
Reddit-S,44,prior_delta_gate,84,text,3.0059964656829834,0.09424516558647156,6.029878616333008,0.15952587127685547
Reddit-S,44,prior_delta_gate,84,visual,3.781864881515503,0.08972413837909698,7.440861225128174,0.24490401148796082
Reddit-S,44,prior_delta_gate,85,text,3.0125460624694824,0.09425487369298935,6.053305149078369,0.15923483669757843
Reddit-S,44,prior_delta_gate,85,visual,3.7849037647247314,0.0897001177072525,7.4604878425598145,0.24446672201156616
Reddit-S,44,prior_delta_gate,86,text,3.0188567638397217,0.09427083283662796,6.0755085945129395,0.1589164137840271
Reddit-S,44,prior_delta_gate,86,visual,3.7879390716552734,0.08965033292770386,7.479592323303223,0.24404753744602203
Reddit-S,44,prior_delta_gate,87,text,3.024702310562134,0.09428197890520096,6.096437454223633,0.15852327644824982
Reddit-S,44,prior_delta_gate,87,visual,3.791076183319092,0.08961556106805801,7.498213291168213,0.24369876086711884
Reddit-S,44,prior_update_add,0,text,0.0,0.0,0.0,0.0
Reddit-S,44,prior_update_add,0,visual,0.0,0.0,0.0,0.0
Reddit-S,44,prior_update_add,1,text,0.2558741867542267,0.015999197959899902,0.0,0.0
Reddit-S,44,prior_update_add,1,visual,0.25590285658836365,0.015994468703866005,0.0,0.0
Reddit-S,44,prior_update_add,2,text,0.3722916841506958,0.021434344351291656,0.0,0.0
Reddit-S,44,prior_update_add,2,visual,0.40813949704170227,0.022871099412441254,0.0,0.0
Reddit-S,44,prior_update_add,3,text,0.467334508895874,0.024305252358317375,0.0,0.0
Reddit-S,44,prior_update_add,3,visual,0.540873646736145,0.025538116693496704,0.0,0.0
Reddit-S,44,prior_update_add,4,text,0.5586560368537903,0.027574842795729637,0.0,0.0
Reddit-S,44,prior_update_add,4,visual,0.6750104427337646,0.02766902931034565,0.0,0.0
Reddit-S,44,prior_update_add,5,text,0.6501887440681458,0.031798891723155975,0.0,0.0
Reddit-S,44,prior_update_add,5,visual,0.8106500506401062,0.030709806829690933,0.0,0.0
Reddit-S,44,prior_update_add,6,text,0.7305492162704468,0.035764556378126144,0.0,0.0
Reddit-S,44,prior_update_add,6,visual,0.9405459761619568,0.034075040370225906,0.0,0.0
Reddit-S,44,prior_update_add,7,text,0.7986539006233215,0.038698989897966385,0.0,0.0
Reddit-S,44,prior_update_add,7,visual,1.065569281578064,0.03683479502797127,0.0,0.0
Reddit-S,44,prior_update_add,8,text,0.8621136546134949,0.041141919791698456,0.0,0.0
Reddit-S,44,prior_update_add,8,visual,1.1884009838104248,0.03899378329515457,0.0,0.0
Reddit-S,44,prior_update_add,9,text,0.9235236644744873,0.043867286294698715,0.0,0.0
Reddit-S,44,prior_update_add,9,visual,1.3119868040084839,0.04088037833571434,0.0,0.0
Reddit-S,44,prior_update_add,10,text,0.983664333820343,0.04661789909005165,0.0,0.0
Reddit-S,44,prior_update_add,10,visual,1.4358009099960327,0.04289738088846207,0.0,0.0
Reddit-S,44,prior_update_add,11,text,1.040459156036377,0.04945015162229538,0.0,0.0
Reddit-S,44,prior_update_add,11,visual,1.5580055713653564,0.045044906437397,0.0,0.0
Reddit-S,44,prior_update_add,12,text,1.0959573984146118,0.05181538686156273,0.0,0.0
Reddit-S,44,prior_update_add,12,visual,1.677253007888794,0.047189630568027496,0.0,0.0
Reddit-S,44,prior_update_add,13,text,1.1495606899261475,0.05365096032619476,0.0,0.0
Reddit-S,44,prior_update_add,13,visual,1.7922723293304443,0.049316003918647766,0.0,0.0
Reddit-S,44,prior_update_add,14,text,1.2007343769073486,0.055383116006851196,0.0,0.0
Reddit-S,44,prior_update_add,14,visual,1.902560830116272,0.05135214701294899,0.0,0.0
Reddit-S,44,prior_update_add,15,text,1.2494372129440308,0.05711805075407028,0.0,0.0
Reddit-S,44,prior_update_add,15,visual,2.007279872894287,0.05321160703897476,0.0,0.0
Reddit-S,44,prior_update_add,16,text,1.2964550256729126,0.058678824454545975,0.0,0.0
Reddit-S,44,prior_update_add,16,visual,2.105581521987915,0.054947588592767715,0.0,0.0
Reddit-S,44,prior_update_add,17,text,1.3410708904266357,0.060029033571481705,0.0,0.0
Reddit-S,44,prior_update_add,17,visual,2.196993350982666,0.056558992713689804,0.0,0.0
Reddit-S,44,prior_update_add,18,text,1.3842360973358154,0.06135331466794014,0.0,0.0
Reddit-S,44,prior_update_add,18,visual,2.2814269065856934,0.05794132128357887,0.0,0.0
Reddit-S,44,prior_update_add,19,text,1.4259464740753174,0.06265277415513992,0.0,0.0
Reddit-S,44,prior_update_add,19,visual,2.3583202362060547,0.059313658624887466,0.0,0.0
Reddit-S,44,prior_update_add,20,text,1.4665818214416504,0.06389749050140381,0.0,0.0
Reddit-S,44,prior_update_add,20,visual,2.4282233715057373,0.06060940399765968,0.0,0.0
Reddit-S,44,prior_update_add,21,text,1.5053279399871826,0.0650332123041153,0.0,0.0
Reddit-S,44,prior_update_add,21,visual,2.4914000034332275,0.06176814064383507,0.0,0.0
Reddit-S,44,prior_update_add,22,text,1.5427119731903076,0.06603852659463882,0.0,0.0
Reddit-S,44,prior_update_add,22,visual,2.5482044219970703,0.06285588443279266,0.0,0.0
Reddit-S,44,prior_update_add,23,text,1.5785224437713623,0.06698618084192276,0.0,0.0
Reddit-S,44,prior_update_add,23,visual,2.5990865230560303,0.06390953063964844,0.0,0.0
Reddit-S,44,prior_update_add,24,text,1.612437129020691,0.06788752973079681,0.0,0.0
Reddit-S,44,prior_update_add,24,visual,2.6447737216949463,0.06478194892406464,0.0,0.0
Reddit-S,44,prior_update_add,25,text,1.6445595026016235,0.06873749941587448,0.0,0.0
Reddit-S,44,prior_update_add,25,visual,2.6855034828186035,0.06550586223602295,0.0,0.0
Reddit-S,44,prior_update_add,26,text,1.6758227348327637,0.06952521950006485,0.0,0.0
Reddit-S,44,prior_update_add,26,visual,2.721714496612549,0.06624430418014526,0.0,0.0
Reddit-S,44,prior_update_add,27,text,1.7064480781555176,0.07023539394140244,0.0,0.0
Reddit-S,44,prior_update_add,27,visual,2.7535181045532227,0.06697794795036316,0.0,0.0
Reddit-S,44,prior_update_add,28,text,1.736505389213562,0.07093196362257004,0.0,0.0
Reddit-S,44,prior_update_add,28,visual,2.7817935943603516,0.06765266507863998,0.0,0.0
Reddit-S,44,prior_update_add,29,text,1.7652479410171509,0.07158533483743668,0.0,0.0
Reddit-S,44,prior_update_add,29,visual,2.80715274810791,0.06824909895658493,0.0,0.0
Reddit-S,44,prior_update_add,30,text,1.7925087213516235,0.0721636489033699,0.0,0.0
Reddit-S,44,prior_update_add,30,visual,2.829953193664551,0.06881443411111832,0.0,0.0
Reddit-S,44,prior_update_add,31,text,1.8190397024154663,0.07270624488592148,0.0,0.0
Reddit-S,44,prior_update_add,31,visual,2.8505513668060303,0.0693310871720314,0.0,0.0
Reddit-S,44,prior_update_add,32,text,1.8447144031524658,0.07326218485832214,0.0,0.0
Reddit-S,44,prior_update_add,32,visual,2.8689773082733154,0.06974535435438156,0.0,0.0
Reddit-S,44,prior_update_add,33,text,1.8692377805709839,0.07373706251382828,0.0,0.0
Reddit-S,44,prior_update_add,33,visual,2.8858678340911865,0.07015958428382874,0.0,0.0
Reddit-S,44,prior_update_add,34,text,1.8923581838607788,0.07416018843650818,0.0,0.0
Reddit-S,44,prior_update_add,34,visual,2.9015960693359375,0.07052571326494217,0.0,0.0
Reddit-S,44,prior_update_add,35,text,1.9145894050598145,0.07457467913627625,0.0,0.0
Reddit-S,44,prior_update_add,35,visual,2.916110038757324,0.07086160033941269,0.0,0.0
Reddit-S,44,prior_update_add,36,text,1.9361517429351807,0.07500119507312775,0.0,0.0
Reddit-S,44,prior_update_add,36,visual,2.9297327995300293,0.07117857784032822,0.0,0.0
Reddit-S,44,prior_update_add,37,text,1.9570465087890625,0.07537896186113358,0.0,0.0
Reddit-S,44,prior_update_add,37,visual,2.942180633544922,0.07150439918041229,0.0,0.0
Reddit-S,44,prior_update_add,38,text,1.9775068759918213,0.07575639337301254,0.0,0.0
Reddit-S,44,prior_update_add,38,visual,2.9534194469451904,0.07175517827272415,0.0,0.0
Reddit-S,44,prior_update_add,39,text,1.9974365234375,0.07611460238695145,0.0,0.0
Reddit-S,44,prior_update_add,39,visual,2.963815927505493,0.0719473659992218,0.0,0.0
Reddit-S,44,prior_update_add,40,text,2.0166501998901367,0.07642743736505508,0.0,0.0
Reddit-S,44,prior_update_add,40,visual,2.973562479019165,0.0720866322517395,0.0,0.0
Reddit-S,44,prior_update_add,41,text,2.0352942943573,0.07677532732486725,0.0,0.0
Reddit-S,44,prior_update_add,41,visual,2.9825737476348877,0.07212235778570175,0.0,0.0
Reddit-S,44,prior_update_add,42,text,2.0531604290008545,0.07699004560709,0.0,0.0
Reddit-S,44,prior_update_add,42,visual,2.9910714626312256,0.07225075364112854,0.0,0.0
Reddit-S,44,prior_update_add,43,text,2.0706655979156494,0.0771666020154953,0.0,0.0
Reddit-S,44,prior_update_add,43,visual,2.998791217803955,0.07237287610769272,0.0,0.0
Reddit-S,44,prior_update_add,44,text,2.0877132415771484,0.0774090439081192,0.0,0.0
Reddit-S,44,prior_update_add,44,visual,3.005743980407715,0.0724237784743309,0.0,0.0
Reddit-S,44,prior_update_add,45,text,2.1042020320892334,0.07764178514480591,0.0,0.0
Reddit-S,44,prior_update_add,45,visual,3.012061595916748,0.07248279452323914,0.0,0.0
Reddit-S,44,prior_update_add,46,text,2.12060809135437,0.07778672873973846,0.0,0.0
Reddit-S,44,prior_update_add,46,visual,3.0178678035736084,0.07268182188272476,0.0,0.0
Reddit-S,44,prior_update_add,47,text,2.1369552612304688,0.0779435783624649,0.0,0.0
Reddit-S,44,prior_update_add,47,visual,3.0232670307159424,0.07291140407323837,0.0,0.0
Reddit-S,44,prior_update_add,48,text,2.1527559757232666,0.0781339555978775,0.0,0.0
Reddit-S,44,prior_update_add,48,visual,3.0283708572387695,0.07307248562574387,0.0,0.0
Reddit-S,44,prior_update_add,49,text,2.1682517528533936,0.07829426974058151,0.0,0.0
Reddit-S,44,prior_update_add,49,visual,3.0331852436065674,0.07317076623439789,0.0,0.0
Reddit-S,44,prior_update_add,50,text,2.183295249938965,0.07843860983848572,0.0,0.0
Reddit-S,44,prior_update_add,50,visual,3.0378966331481934,0.07320434600114822,0.0,0.0
Reddit-S,44,prior_update_add,51,text,2.197895050048828,0.07865234464406967,0.0,0.0
Reddit-S,44,prior_update_add,51,visual,3.042600393295288,0.07316681742668152,0.0,0.0
Reddit-S,44,prior_update_add,52,text,2.2121102809906006,0.07878030836582184,0.0,0.0
Reddit-S,44,prior_update_add,52,visual,3.0470693111419678,0.07320325821638107,0.0,0.0
Reddit-S,44,prior_update_add,53,text,2.2259933948516846,0.07883162051439285,0.0,0.0
Reddit-S,44,prior_update_add,53,visual,3.051391124725342,0.07329773902893066,0.0,0.0
Reddit-S,44,prior_update_add,54,text,2.2395076751708984,0.07886390388011932,0.0,0.0
Reddit-S,44,prior_update_add,54,visual,3.0554473400115967,0.0733802318572998,0.0,0.0
Reddit-S,44,prior_update_add,55,text,2.25264310836792,0.07898546010255814,0.0,0.0
Reddit-S,44,prior_update_add,55,visual,3.059521198272705,0.07338634878396988,0.0,0.0
Reddit-S,44,prior_update_add,56,text,2.265272855758667,0.07903651148080826,0.0,0.0
Reddit-S,44,prior_update_add,56,visual,3.0633723735809326,0.07348422706127167,0.0,0.0
Reddit-S,44,prior_update_add,57,text,2.2774658203125,0.07912198454141617,0.0,0.0
Reddit-S,44,prior_update_add,57,visual,3.0673317909240723,0.07358358800411224,0.0,0.0
Reddit-S,44,prior_update_add,58,text,2.289172410964966,0.07923970371484756,0.0,0.0
Reddit-S,44,prior_update_add,58,visual,3.071242094039917,0.0736662968993187,0.0,0.0
Reddit-S,44,prior_update_add,59,text,2.3002700805664062,0.07931234687566757,0.0,0.0
Reddit-S,44,prior_update_add,59,visual,3.0748889446258545,0.07375258207321167,0.0,0.0
Reddit-S,44,prior_update_add,60,text,2.310615062713623,0.07932635396718979,0.0,0.0
Reddit-S,44,prior_update_add,60,visual,3.0784554481506348,0.07384345680475235,0.0,0.0
Reddit-S,44,prior_update_add,61,text,2.3187711238861084,0.07956504821777344,0.0,0.0
Reddit-S,44,prior_update_add,61,visual,3.081926107406616,0.07383830100297928,0.0,0.0
Reddit-S,44,prior_update_add,62,text,2.324913263320923,0.07955943793058395,0.0,0.0
Reddit-S,44,prior_update_add,62,visual,3.085270404815674,0.073942169547081,0.0,0.0
Reddit-S,44,prior_update_add,63,text,2.3308935165405273,0.07947181910276413,0.0,0.0
Reddit-S,44,prior_update_add,63,visual,3.088719129562378,0.0740039274096489,0.0,0.0
Reddit-S,44,prior_update_add,64,text,2.336920738220215,0.0795665755867958,0.0,0.0
Reddit-S,44,prior_update_add,64,visual,3.092073440551758,0.07391876727342606,0.0,0.0
Reddit-S,44,prior_update_add,65,text,2.3429675102233887,0.07979018986225128,0.0,0.0
Reddit-S,44,prior_update_add,65,visual,3.095264434814453,0.07382143288850784,0.0,0.0
Reddit-S,44,prior_update_add,66,text,2.349350929260254,0.0799637958407402,0.0,0.0
Reddit-S,44,prior_update_add,66,visual,3.0985281467437744,0.07381944358348846,0.0,0.0
Reddit-S,44,prior_update_add,67,text,2.355940341949463,0.08002618700265884,0.0,0.0
Reddit-S,44,prior_update_add,67,visual,3.1017887592315674,0.07385404407978058,0.0,0.0
Reddit-S,44,prior_update_add,68,text,2.362607479095459,0.08003105223178864,0.0,0.0
Reddit-S,44,prior_update_add,68,visual,3.105001211166382,0.07387354969978333,0.0,0.0
Reddit-S,44,prior_update_add,69,text,2.369229316711426,0.08000831305980682,0.0,0.0
Reddit-S,44,prior_update_add,69,visual,3.108163356781006,0.07392240315675735,0.0,0.0
Reddit-S,44,prior_update_add,70,text,2.375645875930786,0.08001003414392471,0.0,0.0
Reddit-S,44,prior_update_add,70,visual,3.1114258766174316,0.07395391166210175,0.0,0.0
Reddit-S,44,prior_update_add,71,text,2.3818442821502686,0.08007737994194031,0.0,0.0
Reddit-S,44,prior_update_add,71,visual,3.114363193511963,0.07393986731767654,0.0,0.0
Reddit-S,44,prior_update_add,72,text,2.3879401683807373,0.08016861975193024,0.0,0.0
Reddit-S,44,prior_update_add,72,visual,3.1170237064361572,0.07389473170042038,0.0,0.0
Reddit-S,44,prior_update_add,73,text,2.3937695026397705,0.0802670493721962,0.0,0.0
Reddit-S,44,prior_update_add,73,visual,3.119635820388794,0.07388711720705032,0.0,0.0
Reddit-S,44,prior_update_add,74,text,2.3993074893951416,0.08034572005271912,0.0,0.0
Reddit-S,44,prior_update_add,74,visual,3.122105598449707,0.07389356940984726,0.0,0.0
Reddit-S,44,prior_update_add,75,text,2.4044079780578613,0.08037668466567993,0.0,0.0
Reddit-S,44,prior_update_add,75,visual,3.1244301795959473,0.07391612231731415,0.0,0.0
Reddit-S,44,prior_update_add,76,text,2.4095489978790283,0.08037515729665756,0.0,0.0
Reddit-S,44,prior_update_add,76,visual,3.126652717590332,0.07398141175508499,0.0,0.0
Reddit-S,44,prior_update_add,77,text,2.414747714996338,0.08036898076534271,0.0,0.0
Reddit-S,44,prior_update_add,77,visual,3.128701686859131,0.07408508658409119,0.0,0.0
Reddit-S,44,prior_update_add,78,text,2.419759511947632,0.08038344234228134,0.0,0.0
Reddit-S,44,prior_update_add,78,visual,3.1306121349334717,0.07417252659797668,0.0,0.0
Reddit-S,44,prior_update_add,79,text,2.4248321056365967,0.08042103052139282,0.0,0.0
Reddit-S,44,prior_update_add,79,visual,3.132404327392578,0.07422172278165817,0.0,0.0
Reddit-S,44,prior_update_add,80,text,2.4299604892730713,0.08048460632562637,0.0,0.0
Reddit-S,44,prior_update_add,80,visual,3.134195566177368,0.07424449175596237,0.0,0.0
Reddit-S,44,prior_update_add,81,text,2.434983015060425,0.08055254071950912,0.0,0.0
Reddit-S,44,prior_update_add,81,visual,3.135826587677002,0.07424511015415192,0.0,0.0
Reddit-S,44,prior_update_add,82,text,2.439971685409546,0.08060324937105179,0.0,0.0
Reddit-S,44,prior_update_add,82,visual,3.1375668048858643,0.07427813857793808,0.0,0.0
Reddit-S,44,prior_update_add,83,text,2.444974184036255,0.08062396198511124,0.0,0.0
Reddit-S,44,prior_update_add,83,visual,3.139225482940674,0.07433957606554031,0.0,0.0
Reddit-S,44,prior_update_add,84,text,2.449775457382202,0.08060021698474884,0.0,0.0
Reddit-S,44,prior_update_add,84,visual,3.1408581733703613,0.07443192601203918,0.0,0.0
Reddit-S,44,prior_update_add,85,text,2.4542574882507324,0.08055277168750763,0.0,0.0
Reddit-S,44,prior_update_add,85,visual,3.142491579055786,0.07452520728111267,0.0,0.0
Reddit-S,44,prior_update_add,86,text,2.458613157272339,0.08049312978982925,0.0,0.0
Reddit-S,44,prior_update_add,86,visual,3.144085168838501,0.0746121034026146,0.0,0.0
Reddit-S,44,prior_update_add,87,text,2.4626834392547607,0.0804399773478508,0.0,0.0
Reddit-S,44,prior_update_add,87,visual,3.1456968784332275,0.07468202710151672,0.0,0.0
Reddit-S,44,prior_update_add,88,text,2.4662117958068848,0.08039882034063339,0.0,0.0
Reddit-S,44,prior_update_add,88,visual,3.1473500728607178,0.07471521198749542,0.0,0.0
Reddit-S,44,prior_update_add,89,text,2.4695253372192383,0.0803743526339531,0.0,0.0
Reddit-S,44,prior_update_add,89,visual,3.1491031646728516,0.0747232735157013,0.0,0.0
Reddit-S,44,prior_update_add,90,text,2.4726450443267822,0.08036025613546371,0.0,0.0
Reddit-S,44,prior_update_add,90,visual,3.15084171295166,0.07471546530723572,0.0,0.0
Reddit-S,44,prior_update_add,91,text,2.475721836090088,0.0803583487868309,0.0,0.0
Reddit-S,44,prior_update_add,91,visual,3.1526060104370117,0.07469306886196136,0.0,0.0
Reddit-S,44,prior_update_add,92,text,2.478834390640259,0.08036810159683228,0.0,0.0
Reddit-S,44,prior_update_add,92,visual,3.1543948650360107,0.0746709406375885,0.0,0.0
Reddit-S,44,prior_update_add,93,text,2.482024908065796,0.0803743228316307,0.0,0.0
Reddit-S,44,prior_update_add,93,visual,3.1561450958251953,0.07465057820081711,0.0,0.0
Reddit-S,44,prior_update_add,94,text,2.4853627681732178,0.08038602769374847,0.0,0.0
Reddit-S,44,prior_update_add,94,visual,3.1577343940734863,0.07464147359132767,0.0,0.0
Reddit-S,44,prior_update_add,95,text,2.4885284900665283,0.08039182424545288,0.0,0.0
Reddit-S,44,prior_update_add,95,visual,3.1594090461730957,0.07463862746953964,0.0,0.0
Reddit-S,44,prior_update_add,96,text,2.4917211532592773,0.08037304133176804,0.0,0.0
Reddit-S,44,prior_update_add,96,visual,3.1609814167022705,0.07466822862625122,0.0,0.0
Reddit-S,44,prior_update_add,97,text,2.494837522506714,0.08034233748912811,0.0,0.0
Reddit-S,44,prior_update_add,97,visual,3.162424325942993,0.07471031695604324,0.0,0.0
Reddit-S,44,prior_update_add,98,text,2.4977645874023438,0.08030077815055847,0.0,0.0
Reddit-S,44,prior_update_add,98,visual,3.1638689041137695,0.07474902272224426,0.0,0.0
Reddit-S,44,prior_update_add,99,text,2.5007472038269043,0.08026021718978882,0.0,0.0
Reddit-S,44,prior_update_add,99,visual,3.1651980876922607,0.07479765266180038,0.0,0.0
Reddit-S,44,prior_update_add,100,text,2.5036606788635254,0.0802222415804863,0.0,0.0
Reddit-S,44,prior_update_add,100,visual,3.166438579559326,0.07485067844390869,0.0,0.0
Reddit-S,44,prior_update_add,101,text,2.5065174102783203,0.08020464330911636,0.0,0.0
Reddit-S,44,prior_update_add,101,visual,3.167600154876709,0.07489240914583206,0.0,0.0
Reddit-S,44,prior_update_add,102,text,2.5091161727905273,0.08021098375320435,0.0,0.0
Reddit-S,44,prior_update_add,102,visual,3.1687657833099365,0.07491301745176315,0.0,0.0
Reddit-S,44,prior_update_add,103,text,2.5115230083465576,0.08023010939359665,0.0,0.0
Reddit-S,44,prior_update_add,103,visual,3.1699130535125732,0.07490977644920349,0.0,0.0
Reddit-S,44,prior_update_add,104,text,2.5136775970458984,0.08026548475027084,0.0,0.0
Reddit-S,44,prior_update_add,104,visual,3.171086311340332,0.07488071918487549,0.0,0.0
Reddit-S,44,prior_update_add,105,text,2.515894889831543,0.08028850704431534,0.0,0.0
Reddit-S,44,prior_update_add,105,visual,3.1722755432128906,0.07486581802368164,0.0,0.0
Reddit-S,44,prior_update_add,106,text,2.518066883087158,0.08028864860534668,0.0,0.0
Reddit-S,44,prior_update_add,106,visual,3.1733407974243164,0.07488098740577698,0.0,0.0
Reddit-S,44,prior_update_gate,0,text,0.0,0.0,0.0,0.0
Reddit-S,44,prior_update_gate,0,visual,0.0,0.0,0.0,0.0
Reddit-S,44,prior_update_gate,1,text,0.25577160716056824,0.01599842682480812,0.0,0.0
Reddit-S,44,prior_update_gate,1,visual,0.25581854581832886,0.01598980836570263,0.0,0.0
Reddit-S,44,prior_update_gate,2,text,0.3749321699142456,0.02158801257610321,0.2621462643146515,0.011876949109137058
Reddit-S,44,prior_update_gate,2,visual,0.4101610779762268,0.022865891456604004,0.25989726185798645,0.011829080060124397
Reddit-S,44,prior_update_gate,3,text,0.47368934750556946,0.02479427121579647,0.4502876102924347,0.01986144483089447
Reddit-S,44,prior_update_gate,3,visual,0.5465739369392395,0.025858329609036446,0.4578469693660736,0.020307082682847977
Reddit-S,44,prior_update_gate,4,text,0.5704622864723206,0.028158489614725113,0.5913964509963989,0.024864841252565384
Reddit-S,44,prior_update_gate,4,visual,0.6852181553840637,0.028300544247031212,0.651024580001831,0.029292890802025795
Reddit-S,44,prior_update_gate,5,text,0.6709089875221252,0.03237704560160637,0.7124703526496887,0.02925678715109825
Reddit-S,44,prior_update_gate,5,visual,0.826946496963501,0.03143947198987007,0.8364565372467041,0.0396173931658268
Reddit-S,44,prior_update_gate,6,text,0.7645736932754517,0.03656667470932007,0.8228697180747986,0.03411891683936119
Reddit-S,44,prior_update_gate,6,visual,0.9659263491630554,0.0351179800927639,1.0206621885299683,0.050920840352773666
Reddit-S,44,prior_update_gate,7,text,0.8433297276496887,0.03998284414410591,0.9150963425636292,0.039066191762685776
Reddit-S,44,prior_update_gate,7,visual,1.101072907447815,0.0386161133646965,1.210937261581421,0.06296356767416
Reddit-S,44,prior_update_gate,8,text,0.9150217771530151,0.04296291247010231,1.0086309909820557,0.044022802263498306
Reddit-S,44,prior_update_gate,8,visual,1.234776258468628,0.041807178407907486,1.4091650247573853,0.07566540688276291
Reddit-S,44,prior_update_gate,9,text,0.9852975606918335,0.04596168175339699,1.1128853559494019,0.0490378737449646
Reddit-S,44,prior_update_gate,9,visual,1.3693410158157349,0.04477548226714134,1.6163188219070435,0.08901382982730865
Reddit-S,44,prior_update_gate,10,text,1.0546152591705322,0.049244947731494904,1.2247897386550903,0.05405467003583908
Reddit-S,44,prior_update_gate,10,visual,1.5066132545471191,0.04796527326107025,1.834114670753479,0.10299558937549591
Reddit-S,44,prior_update_gate,11,text,1.1244192123413086,0.05242488533258438,1.3415316343307495,0.059303078800439835
Reddit-S,44,prior_update_gate,11,visual,1.6453160047531128,0.051454152911901474,2.0597429275512695,0.11743380129337311
Reddit-S,44,prior_update_gate,12,text,1.1939401626586914,0.05548099800944328,1.4581146240234375,0.06456726789474487
Reddit-S,44,prior_update_gate,12,visual,1.783643126487732,0.055138494819402695,2.2900075912475586,0.13212986290454865
Reddit-S,44,prior_update_gate,13,text,1.2623610496520996,0.05827447772026062,1.573612928390503,0.06967878341674805
Reddit-S,44,prior_update_gate,13,visual,1.9194167852401733,0.058867767453193665,2.5211775302886963,0.14679908752441406
Reddit-S,44,prior_update_gate,14,text,1.3283905982971191,0.060681890696287155,1.6860098838806152,0.07443372905254364
Reddit-S,44,prior_update_gate,14,visual,2.051661968231201,0.06257539242506027,2.7514994144439697,0.1612606942653656
Reddit-S,44,prior_update_gate,15,text,1.3923439979553223,0.06295020878314972,1.796967625617981,0.07894095778465271
Reddit-S,44,prior_update_gate,15,visual,2.179199695587158,0.06622088700532913,2.978318452835083,0.17531733214855194
Reddit-S,44,prior_update_gate,16,text,1.4542405605316162,0.06515844166278839,1.9068516492843628,0.0833316296339035
Reddit-S,44,prior_update_gate,16,visual,2.300882339477539,0.06956541538238525,3.1989710330963135,0.18877241015434265
Reddit-S,44,prior_update_gate,17,text,1.5132808685302734,0.06718183308839798,2.014360189437866,0.08744941651821136
Reddit-S,44,prior_update_gate,17,visual,2.4156277179718018,0.0724954679608345,3.4102821350097656,0.2013542354106903
Reddit-S,44,prior_update_gate,18,text,1.5696580410003662,0.06896653771400452,2.1196584701538086,0.0914149284362793
Reddit-S,44,prior_update_gate,18,visual,2.522987127304077,0.0751812532544136,3.6107656955718994,0.21294648945331573
Reddit-S,44,prior_update_gate,19,text,1.6240755319595337,0.07072065770626068,2.2231407165527344,0.09528709203004837
Reddit-S,44,prior_update_gate,19,visual,2.62239408493042,0.0776277557015419,3.798712730407715,0.22338712215423584
Reddit-S,44,prior_update_gate,20,text,1.6771084070205688,0.07250320911407471,2.326655626296997,0.09918121248483658
Reddit-S,44,prior_update_gate,20,visual,2.713275194168091,0.0795302540063858,3.972107410430908,0.23253105580806732
Reddit-S,44,prior_update_gate,21,text,1.7274149656295776,0.07399261742830276,2.4271302223205566,0.1028289720416069
Reddit-S,44,prior_update_gate,21,visual,2.7957963943481445,0.08148109167814255,4.131592273712158,0.24036969244480133
Reddit-S,44,prior_update_gate,22,text,1.775877594947815,0.0752970278263092,2.5265285968780518,0.10649551451206207
Reddit-S,44,prior_update_gate,22,visual,2.8704299926757812,0.08333548903465271,4.277684688568115,0.24693569540977478
Reddit-S,44,prior_update_gate,23,text,1.821847915649414,0.0766051858663559,2.6236417293548584,0.11014081537723541
Reddit-S,44,prior_update_gate,23,visual,2.9377708435058594,0.08480462431907654,4.411294460296631,0.2523675560951233
Reddit-S,44,prior_update_gate,24,text,1.864963412284851,0.07786614447832108,2.716787815093994,0.11351288855075836
Reddit-S,44,prior_update_gate,24,visual,2.9987261295318604,0.08590331673622131,4.533751487731934,0.25681301951408386
Reddit-S,44,prior_update_gate,25,text,1.9054279327392578,0.07901351898908615,2.8056321144104004,0.11648759245872498
Reddit-S,44,prior_update_gate,25,visual,3.0534002780914307,0.0867590680718422,4.645524024963379,0.2602878212928772
Reddit-S,44,prior_update_gate,26,text,1.9440821409225464,0.08004115521907806,2.8915326595306396,0.11924450099468231
Reddit-S,44,prior_update_gate,26,visual,3.1024563312530518,0.08754581212997437,4.748160362243652,0.2629346251487732
Reddit-S,44,prior_update_gate,27,text,1.9824389219284058,0.08109838515520096,2.979579210281372,0.12213315814733505
Reddit-S,44,prior_update_gate,27,visual,3.1461315155029297,0.08816146105527878,4.841977119445801,0.264801025390625
Reddit-S,44,prior_update_gate,28,text,2.020611047744751,0.08224460482597351,3.0695738792419434,0.1252521425485611
Reddit-S,44,prior_update_gate,28,visual,3.18528413772583,0.08850518614053726,4.928834438323975,0.2660313844680786
Reddit-S,44,prior_update_gate,29,text,2.057314157485962,0.08332320302724838,3.157158613204956,0.12830416858196259
Reddit-S,44,prior_update_gate,29,visual,3.2207558155059814,0.08864971995353699,5.010392665863037,0.2668209969997406
Reddit-S,44,prior_update_gate,30,text,2.0909979343414307,0.0841815397143364,3.237884998321533,0.13087451457977295
Reddit-S,44,prior_update_gate,30,visual,3.2530550956726074,0.08879515528678894,5.087656497955322,0.26726365089416504
Reddit-S,44,prior_update_gate,31,text,2.1233198642730713,0.08490388840436935,3.316891670227051,0.13326753675937653
Reddit-S,44,prior_update_gate,31,visual,3.282559633255005,0.08896239846944809,5.161341190338135,0.26740795373916626
Reddit-S,44,prior_update_gate,32,text,2.1543805599212646,0.08565766364336014,3.394963264465332,0.13554108142852783
Reddit-S,44,prior_update_gate,32,visual,3.309460163116455,0.08903390169143677,5.231701850891113,0.2672397792339325
Reddit-S,44,prior_update_gate,33,text,2.1845736503601074,0.08637594431638718,3.4726407527923584,0.1378016620874405
Reddit-S,44,prior_update_gate,33,visual,3.334429979324341,0.08917029201984406,5.299882411956787,0.26691386103630066
Reddit-S,44,prior_update_gate,34,text,2.212594747543335,0.08698717504739761,3.5459024906158447,0.13974694907665253
Reddit-S,44,prior_update_gate,34,visual,3.3578381538391113,0.08935559540987015,5.366090774536133,0.2665460705757141
Reddit-S,44,prior_update_gate,35,text,2.2387843132019043,0.08750171214342117,3.6151273250579834,0.1413068324327469
Reddit-S,44,prior_update_gate,35,visual,3.379558563232422,0.0895719900727272,5.429928302764893,0.26610705256462097
Reddit-S,44,prior_update_gate,36,text,2.2643797397613525,0.0880434438586235,3.684635639190674,0.14275984466075897
Reddit-S,44,prior_update_gate,36,visual,3.4001173973083496,0.08970730751752853,5.492028713226318,0.2656690776348114
Reddit-S,44,prior_update_gate,37,text,2.2897448539733887,0.08865140378475189,3.755424737930298,0.14418849349021912
Reddit-S,44,prior_update_gate,37,visual,3.4194085597991943,0.08973509818315506,5.552491188049316,0.2651386857032776
Reddit-S,44,prior_update_gate,38,text,2.3147969245910645,0.08923511207103729,3.8260722160339355,0.14560119807720184
Reddit-S,44,prior_update_gate,38,visual,3.437588930130005,0.08975668251514435,5.611539363861084,0.26457899808883667
Reddit-S,44,prior_update_gate,39,text,2.338723659515381,0.0897030383348465,3.894151210784912,0.14685185253620148
Reddit-S,44,prior_update_gate,39,visual,3.4547691345214844,0.0898028314113617,5.6691365242004395,0.26400092244148254
Reddit-S,44,prior_update_gate,40,text,2.3617725372314453,0.09012638032436371,3.9608511924743652,0.14796634018421173
Reddit-S,44,prior_update_gate,40,visual,3.4709243774414062,0.08978255093097687,5.725141525268555,0.26338130235671997
Reddit-S,44,prior_update_gate,41,text,2.3844475746154785,0.09060733020305634,4.028294563293457,0.14907722175121307
Reddit-S,44,prior_update_gate,41,visual,3.4858670234680176,0.08967041224241257,5.779387950897217,0.2626607418060303
Reddit-S,44,prior_update_gate,42,text,2.406917095184326,0.0910903736948967,4.095839500427246,0.1502126306295395
Reddit-S,44,prior_update_gate,42,visual,3.4998981952667236,0.08957451581954956,5.832222938537598,0.26188021898269653
Reddit-S,44,prior_update_gate,43,text,2.4290454387664795,0.09149859845638275,4.16262674331665,0.15132206678390503
Reddit-S,44,prior_update_gate,43,visual,3.5130817890167236,0.08952479809522629,5.884335041046143,0.2610069811344147
Reddit-S,44,prior_update_gate,44,text,2.4500834941864014,0.09186723083257675,4.22659158706665,0.15219655632972717
Reddit-S,44,prior_update_gate,44,visual,3.525582790374756,0.08947504311800003,5.935248851776123,0.260132372379303
Reddit-S,44,prior_update_gate,45,text,2.4702298641204834,0.09220296144485474,4.289260387420654,0.15297025442123413
Reddit-S,44,prior_update_gate,45,visual,3.5372347831726074,0.08936246484518051,5.984847545623779,0.25919288396835327
Reddit-S,44,prior_update_gate,46,text,2.4900736808776855,0.09249626845121384,4.351978302001953,0.15380458533763885
Reddit-S,44,prior_update_gate,46,visual,3.5481479167938232,0.08930227905511856,6.03375244140625,0.2582259476184845
Reddit-S,44,prior_update_gate,47,text,2.509606122970581,0.09273402392864227,4.414201736450195,0.15469199419021606
Reddit-S,44,prior_update_gate,47,visual,3.5583627223968506,0.08933325856924057,6.0820465087890625,0.2571999132633209
Reddit-S,44,prior_update_gate,48,text,2.52809476852417,0.09292683005332947,4.473663806915283,0.15540607273578644
Reddit-S,44,prior_update_gate,48,visual,3.568072557449341,0.08940331637859344,6.129377365112305,0.25617846846580505
Reddit-S,44,prior_update_gate,49,text,2.546205759048462,0.09314808994531631,4.532497406005859,0.1560932844877243
Reddit-S,44,prior_update_gate,49,visual,3.5774683952331543,0.08942114561796188,6.175958633422852,0.25522181391716003
Reddit-S,44,prior_update_gate,50,text,2.564053535461426,0.09336527436971664,4.591086387634277,0.15670715272426605
Reddit-S,44,prior_update_gate,50,visual,3.586495876312256,0.08939330279827118,6.221473693847656,0.2543419599533081
Reddit-S,44,prior_update_gate,51,text,2.5815818309783936,0.09355267137289047,4.648393630981445,0.15723827481269836
Reddit-S,44,prior_update_gate,51,visual,3.595395088195801,0.08933409303426743,6.2659125328063965,0.2535758912563324
Reddit-S,44,prior_update_gate,52,text,2.5990757942199707,0.093756765127182,4.705389022827148,0.15776647627353668
Reddit-S,44,prior_update_gate,52,visual,3.6040449142456055,0.08925600349903107,6.30903434753418,0.2528921067714691
Reddit-S,44,prior_update_gate,53,text,2.6163880825042725,0.09403634071350098,4.763186931610107,0.15835420787334442
Reddit-S,44,prior_update_gate,53,visual,3.6124703884124756,0.08919786661863327,6.351265907287598,0.2522600591182709
Reddit-S,44,prior_update_gate,54,text,2.6330618858337402,0.09422124177217484,4.819025993347168,0.158869206905365
Reddit-S,44,prior_update_gate,54,visual,3.620542526245117,0.08921205252408981,6.392540454864502,0.25165224075317383
Reddit-S,44,prior_update_gate,55,text,2.6493337154388428,0.09440858662128448,4.873856544494629,0.1593800187110901
Reddit-S,44,prior_update_gate,55,visual,3.628349781036377,0.0892094299197197,6.432565689086914,0.2510658800601959
Reddit-S,44,prior_update_gate,56,text,2.6653358936309814,0.09461714327335358,4.928311824798584,0.15988527238368988
Reddit-S,44,prior_update_gate,56,visual,3.6356613636016846,0.08919454365968704,6.471377849578857,0.25044772028923035
Reddit-S,44,prior_update_gate,57,text,2.6807687282562256,0.09476180374622345,4.980406761169434,0.16031302511692047
Reddit-S,44,prior_update_gate,57,visual,3.6428520679473877,0.08919423073530197,6.5094313621521,0.2498648464679718
Reddit-S,44,prior_update_gate,58,text,2.695542573928833,0.09487387537956238,5.030900478363037,0.16065722703933716
Reddit-S,44,prior_update_gate,58,visual,3.649951696395874,0.08924565464258194,6.547206878662109,0.24931231141090393
Reddit-S,44,prior_update_gate,59,text,2.7097556591033936,0.09499933570623398,5.080627918243408,0.16094061732292175
Reddit-S,44,prior_update_gate,59,visual,3.6569838523864746,0.08928626775741577,6.584580898284912,0.24877436459064484
Reddit-S,44,prior_update_gate,60,text,2.722712755203247,0.09506453573703766,5.125439643859863,0.16107891499996185
Reddit-S,44,prior_update_gate,60,visual,3.663968801498413,0.08927720040082932,6.621040344238281,0.2482755333185196
Reddit-S,44,prior_update_gate,61,text,2.735403060913086,0.09518860280513763,5.169438362121582,0.1612817943096161
Reddit-S,44,prior_update_gate,61,visual,3.670820713043213,0.08923064917325974,6.656606197357178,0.24781031906604767
Reddit-S,44,prior_update_gate,62,text,2.747504234313965,0.09533705562353134,5.212821006774902,0.16146402060985565
Reddit-S,44,prior_update_gate,62,visual,3.6773979663848877,0.08919776976108551,6.691773891448975,0.2473181188106537
Reddit-S,44,prior_update_gate,63,text,2.7593696117401123,0.09541100263595581,5.254913806915283,0.16165213286876678
Reddit-S,44,prior_update_gate,63,visual,3.6837961673736572,0.08924604952335358,6.7262725830078125,0.2468504011631012
Reddit-S,44,prior_update_gate,64,text,2.77046275138855,0.09545675665140152,5.294399738311768,0.16174037754535675
Reddit-S,44,prior_update_gate,64,visual,3.6898272037506104,0.08927321434020996,6.759350299835205,0.2463885098695755
Reddit-S,44,prior_update_gate,65,text,2.781038522720337,0.09546307474374771,5.33244514465332,0.16173985600471497
Reddit-S,44,prior_update_gate,65,visual,3.6956255435943604,0.08930481225252151,6.791704177856445,0.24592162668704987
Reddit-S,44,prior_update_gate,66,text,2.7912113666534424,0.09545952826738358,5.369606971740723,0.1616598665714264
Reddit-S,44,prior_update_gate,66,visual,3.701528787612915,0.08938061445951462,6.824031352996826,0.2455068677663803
Reddit-S,44,prior_update_gate,67,text,2.801265239715576,0.09543562680482864,5.405811309814453,0.1615937203168869
Reddit-S,44,prior_update_gate,67,visual,3.7074813842773438,0.08947329223155975,6.856199264526367,0.2451370805501938
Reddit-S,44,prior_update_gate,68,text,2.8113412857055664,0.09543677419424057,5.440812587738037,0.16159024834632874
Reddit-S,44,prior_update_gate,68,visual,3.7133147716522217,0.08951231092214584,6.887403964996338,0.24480180442333221
Reddit-S,44,prior_update_gate,69,text,2.8212952613830566,0.09543308615684509,5.474808692932129,0.1616228073835373
Reddit-S,44,prior_update_gate,69,visual,3.7191152572631836,0.089556984603405,6.918022155761719,0.2445065826177597
Reddit-S,44,prior_update_gate,70,text,2.8308706283569336,0.0954916849732399,5.50834321975708,0.161664679646492
Reddit-S,44,prior_update_gate,70,visual,3.7249879837036133,0.08955921232700348,6.948297023773193,0.2442515641450882
Reddit-S,44,prior_update_gate,71,text,2.840257167816162,0.09557078033685684,5.541243553161621,0.16173402965068817
Reddit-S,44,prior_update_gate,71,visual,3.7306060791015625,0.08953694254159927,6.977958679199219,0.24396798014640808
Reddit-S,44,prior_update_gate,72,text,2.8496594429016113,0.09564517438411713,5.573873519897461,0.16184480488300323
Reddit-S,44,prior_update_gate,72,visual,3.735818386077881,0.08949946612119675,7.0066375732421875,0.24363572895526886
Reddit-S,44,prior_update_gate,73,text,2.858731985092163,0.09570439904928207,5.605183124542236,0.16195563971996307
Reddit-S,44,prior_update_gate,73,visual,3.740743637084961,0.0894869714975357,7.034547805786133,0.24325941503047943
Reddit-S,44,prior_update_gate,74,text,2.867617607116699,0.09578187018632889,5.636317253112793,0.1620684415102005
Reddit-S,44,prior_update_gate,74,visual,3.7454068660736084,0.08947190642356873,7.06174373626709,0.24283967912197113
Reddit-S,44,prior_update_gate,75,text,2.876073122024536,0.0958208441734314,5.666324138641357,0.16210488975048065
Reddit-S,44,prior_update_gate,75,visual,3.749800682067871,0.08947441726922989,7.088035583496094,0.24240978062152863
Reddit-S,44,prior_update_gate,76,text,2.8843092918395996,0.0958295688033104,5.695554256439209,0.1621074229478836
Reddit-S,44,prior_update_gate,76,visual,3.754120349884033,0.08949911594390869,7.113875389099121,0.24199803173542023
Reddit-S,44,prior_update_gate,77,text,2.8919169902801514,0.09586998075246811,5.723565578460693,0.1620466262102127
Reddit-S,44,prior_update_gate,77,visual,3.7583165168762207,0.08951175212860107,7.139029026031494,0.24159838259220123
Reddit-S,44,prior_update_gate,78,text,2.8985047340393066,0.09591261297464371,5.749477863311768,0.16181938350200653
Reddit-S,44,prior_update_gate,78,visual,3.762568235397339,0.08949358761310577,7.163072109222412,0.2412986159324646
Reddit-S,44,prior_update_gate,79,text,2.9049689769744873,0.09593945741653442,5.774667739868164,0.1615794152021408
Reddit-S,44,prior_update_gate,79,visual,3.7668185234069824,0.08948706090450287,7.186585426330566,0.24105004966259003
Reddit-S,44,prior_update_gate,80,text,2.9111685752868652,0.09596315771341324,5.798756122589111,0.16131998598575592
Reddit-S,44,prior_update_gate,80,visual,3.771052360534668,0.08949649333953857,7.209582328796387,0.2408381998538971
Reddit-S,44,prior_update_gate,81,text,2.9173901081085205,0.09600068628787994,5.822583198547363,0.16111423075199127
Reddit-S,44,prior_update_gate,81,visual,3.774913787841797,0.08948414772748947,7.231863498687744,0.24055792391300201
Reddit-S,44,prior_update_gate,82,text,2.9233791828155518,0.0960574597120285,5.845807075500488,0.16091269254684448
Reddit-S,44,prior_update_gate,82,visual,3.7786426544189453,0.08948856592178345,7.253847122192383,0.24026238918304443
Reddit-S,44,prior_update_gate,83,text,2.9293527603149414,0.09610839933156967,5.86855936050415,0.1607515960931778
Reddit-S,44,prior_update_gate,83,visual,3.782057046890259,0.08949419111013412,7.275262355804443,0.23989591002464294
Reddit-S,44,prior_update_gate,84,text,2.935330867767334,0.09611591696739197,5.890799045562744,0.16061167418956757
Reddit-S,44,prior_update_gate,84,visual,3.785367012023926,0.08950993418693542,7.296163082122803,0.23953211307525635
Reddit-S,44,prior_update_gate,85,text,2.9410247802734375,0.09612521529197693,5.912164211273193,0.16044946014881134
Reddit-S,44,prior_update_gate,85,visual,3.7885265350341797,0.08951455354690552,7.316445350646973,0.23913715779781342
Reddit-S,44,prior_update_gate,86,text,2.9466097354888916,0.09615959972143173,5.933286190032959,0.1603308469057083
Reddit-S,44,prior_update_gate,86,visual,3.7914812564849854,0.08951602876186371,7.336448669433594,0.23868237435817719
Reddit-S,44,prior_update_gate,87,text,2.9517359733581543,0.09618650376796722,5.953206539154053,0.16016975045204163
Reddit-S,44,prior_update_gate,87,visual,3.794508934020996,0.08953286707401276,7.356059551239014,0.238274484872818
Reddit-S,44,prior_update_gate,88,text,2.9564507007598877,0.09617894142866135,5.971835613250732,0.15993668138980865
Reddit-S,44,prior_update_gate,88,visual,3.797565460205078,0.0895427018404007,7.37506103515625,0.23793023824691772
Reddit-S,44,prior_update_gate,89,text,2.961132049560547,0.09614156186580658,5.9897589683532715,0.15971750020980835
Reddit-S,44,prior_update_gate,89,visual,3.800718069076538,0.08956924825906754,7.393567085266113,0.23764504492282867
Reddit-S,44,prior_update_gate,90,text,2.965607166290283,0.09612175077199936,6.006916046142578,0.15951131284236908
Reddit-S,44,prior_update_gate,90,visual,3.8038125038146973,0.0895962044596672,7.41167688369751,0.23736722767353058
Reddit-S,44,prior_update_gate,91,text,2.969968318939209,0.09617169946432114,6.0236992835998535,0.159385085105896
Reddit-S,44,prior_update_gate,91,visual,3.806792974472046,0.08960305899381638,7.4292473793029785,0.23706796765327454
Reddit-S,44,prior_update_gate,92,text,2.9742789268493652,0.09625567495822906,6.040416240692139,0.15930455923080444
Reddit-S,44,prior_update_gate,92,visual,3.809720516204834,0.08962579071521759,7.4464545249938965,0.23678018152713776
Reddit-S,44,prior_update_gate,93,text,2.9784796237945557,0.09627225995063782,6.056512355804443,0.159121572971344
Reddit-S,44,prior_update_gate,93,visual,3.812753915786743,0.08969316631555557,7.463706970214844,0.23652495443820953
Reddit-S,44,prior_update_gate,94,text,2.9818062782287598,0.09617602080106735,6.069115161895752,0.15878063440322876
Reddit-S,44,prior_update_gate,94,visual,3.8157899379730225,0.08974991738796234,7.4798970222473145,0.2363424152135849
Reddit-S,44,prior_update_gate,95,text,2.9845495223999023,0.09622610360383987,6.08160924911499,0.15843676030635834
Reddit-S,44,prior_update_gate,95,visual,3.8183541297912598,0.0897173061966896,7.494737148284912,0.2360895574092865
Reddit-S,44,prior_update_gate,96,text,2.9875776767730713,0.09638159722089767,6.095548629760742,0.15820012986660004
Reddit-S,44,prior_update_gate,96,visual,3.8203885555267334,0.08966696262359619,7.509512901306152,0.23566029965877533
Reddit-S,44,prior_update_gate,97,text,2.990422010421753,0.09648507833480835,6.108543872833252,0.15791301429271698
Reddit-S,44,prior_update_gate,97,visual,3.8221657276153564,0.08965402096509933,7.524561882019043,0.23512886464595795
Reddit-S,44,prior_update_gate,98,text,2.991135597229004,0.09633813053369522,6.115084171295166,0.1570366770029068
Reddit-S,44,prior_update_gate,98,visual,3.8243966102600098,0.08970540016889572,7.539799213409424,0.2347322255373001
Reddit-S,44,prior_update_gate,99,text,2.992260217666626,0.09622924774885178,6.1226911544799805,0.15627360343933105
Reddit-S,44,prior_update_gate,99,visual,3.8267581462860107,0.08974965661764145,7.555176734924316,0.23435381054878235
Reddit-S,44,prior_update_gate,100,text,2.991741180419922,0.09634937345981598,6.12824821472168,0.15525074303150177
Reddit-S,44,prior_update_gate,100,visual,3.8283820152282715,0.0897153913974762,7.569531440734863,0.23376812040805817
Reddit-S,44,prior_update_gate,101,text,2.9918453693389893,0.09647969901561737,6.134671211242676,0.15434905886650085
Reddit-S,44,prior_update_gate,101,visual,3.830167531967163,0.08965136110782623,7.583218574523926,0.23327277600765228
Reddit-S,44,prior_update_gate,102,text,2.991128444671631,0.09626496583223343,6.136244297027588,0.1530044674873352
Reddit-S,44,prior_update_gate,102,visual,3.8316762447357178,0.08958842605352402,7.595395565032959,0.23275385797023773
Reddit-S,44,prior_update_gate,103,text,2.990900993347168,0.09611377120018005,6.139239311218262,0.1518545001745224
Reddit-S,44,prior_update_gate,103,visual,3.8335251808166504,0.08954161405563354,7.6076836585998535,0.232339009642601
Reddit-S,44,prior_update_gate,104,text,2.9915168285369873,0.09620840847492218,6.145545482635498,0.15123774111270905
Reddit-S,44,prior_update_gate,104,visual,3.835256814956665,0.0894414633512497,7.620030403137207,0.23185227811336517
Reddit-S,44,prior_update_gate,105,text,2.993764638900757,0.09647663682699203,6.156107425689697,0.1511346995830536
Reddit-S,44,prior_update_gate,105,visual,3.836725950241089,0.08931862562894821,7.632969379425049,0.23122523725032806
Reddit-S,44,prior_update_gate,106,text,2.9966747760772705,0.0967748761177063,6.168028354644775,0.15114064514636993
Reddit-S,44,prior_update_gate,106,visual,3.8383138179779053,0.08922769874334335,7.6458964347839355,0.23064836859703064
Reddit-S,44,prior_update_gate,107,text,2.999823808670044,0.09703994542360306,6.180042743682861,0.15114353597164154
Reddit-S,44,prior_update_gate,107,visual,3.840224027633667,0.08917044848203659,7.658703804016113,0.23020729422569275
Reddit-S,44,prior_update_gate,108,text,3.003225088119507,0.09721746295690536,6.191779136657715,0.15112513303756714
Reddit-S,44,prior_update_gate,108,visual,3.842359781265259,0.08914238214492798,7.6711859703063965,0.2298867404460907
Reddit-S,44,prior_update_gate,109,text,3.0073864459991455,0.09724783152341843,6.203708648681641,0.15111146867275238
Reddit-S,44,prior_update_gate,109,visual,3.84468674659729,0.08914180099964142,7.6832427978515625,0.22966545820236206
Reddit-S,44,prior_update_gate,110,text,3.0119638442993164,0.09721838682889938,6.215999603271484,0.1511296033859253
Reddit-S,44,prior_update_gate,110,visual,3.847177028656006,0.08916054666042328,7.694912433624268,0.2295258790254593
Reddit-S,44,prior_update_gate,111,text,3.016514539718628,0.09718725830316544,6.228335857391357,0.1511167287826538
Reddit-S,44,prior_update_gate,111,visual,3.8497486114501953,0.08916249126195908,7.706175804138184,0.2294335663318634
Reddit-S,44,prior_update_gate,112,text,3.0206298828125,0.09720608592033386,6.241015434265137,0.15111471712589264
Reddit-S,44,prior_update_gate,112,visual,3.8522427082061768,0.0891396626830101,7.7173662185668945,0.22930921614170074
Reddit-S,44,prior_update_gate,113,text,3.0238871574401855,0.0972682386636734,6.252847671508789,0.15100722014904022
Reddit-S,44,prior_update_gate,113,visual,3.8547396659851074,0.08910492807626724,7.727976322174072,0.2292352318763733
Reddit-S,44,terminal,0,text,0.0,0.0,0.0,0.0
Reddit-S,44,terminal,0,visual,0.0,0.0,0.0,0.0
Reddit-S,44,terminal,1,text,0.0,0.0,0.0,0.0
Reddit-S,44,terminal,1,visual,0.0,0.0,0.0,0.0
Reddit-S,44,terminal,2,text,0.0,0.0,0.0,0.0
Reddit-S,44,terminal,2,visual,0.0,0.0,0.0,0.0
Reddit-S,44,terminal,3,text,0.0,0.0,0.0,0.0
Reddit-S,44,terminal,3,visual,0.0,0.0,0.0,0.0
Reddit-S,44,terminal,4,text,0.0,0.0,0.0,0.0
Reddit-S,44,terminal,4,visual,0.0,0.0,0.0,0.0
Reddit-S,44,terminal,5,text,0.0,0.0,0.0,0.0
Reddit-S,44,terminal,5,visual,0.0,0.0,0.0,0.0
Reddit-S,44,terminal,6,text,0.0,0.0,0.0,0.0
Reddit-S,44,terminal,6,visual,0.0,0.0,0.0,0.0
Reddit-S,44,terminal,7,text,0.0,0.0,0.0,0.0
Reddit-S,44,terminal,7,visual,0.0,0.0,0.0,0.0
Reddit-S,44,terminal,8,text,0.0,0.0,0.0,0.0
Reddit-S,44,terminal,8,visual,0.0,0.0,0.0,0.0
Reddit-S,44,terminal,9,text,0.0,0.0,0.0,0.0
Reddit-S,44,terminal,9,visual,0.0,0.0,0.0,0.0
Reddit-S,44,terminal,10,text,0.0,0.0,0.0,0.0
Reddit-S,44,terminal,10,visual,0.0,0.0,0.0,0.0
Reddit-S,44,terminal,11,text,0.0,0.0,0.0,0.0
Reddit-S,44,terminal,11,visual,0.0,0.0,0.0,0.0
Reddit-S,44,terminal,12,text,0.0,0.0,0.0,0.0
Reddit-S,44,terminal,12,visual,0.0,0.0,0.0,0.0
Reddit-S,44,terminal,13,text,0.0,0.0,0.0,0.0
Reddit-S,44,terminal,13,visual,0.0,0.0,0.0,0.0
Reddit-S,44,terminal,14,text,0.0,0.0,0.0,0.0
Reddit-S,44,terminal,14,visual,0.0,0.0,0.0,0.0
Reddit-S,44,terminal,15,text,0.0,0.0,0.0,0.0
Reddit-S,44,terminal,15,visual,0.0,0.0,0.0,0.0
Reddit-S,44,terminal,16,text,0.0,0.0,0.0,0.0
Reddit-S,44,terminal,16,visual,0.0,0.0,0.0,0.0
Reddit-S,44,terminal,17,text,0.0,0.0,0.0,0.0
Reddit-S,44,terminal,17,visual,0.0,0.0,0.0,0.0
Reddit-S,44,terminal,18,text,0.0,0.0,0.0,0.0
Reddit-S,44,terminal,18,visual,0.0,0.0,0.0,0.0
Reddit-S,44,terminal,19,text,0.0,0.0,0.0,0.0
Reddit-S,44,terminal,19,visual,0.0,0.0,0.0,0.0
Reddit-S,44,terminal,20,text,0.0,0.0,0.0,0.0
Reddit-S,44,terminal,20,visual,0.0,0.0,0.0,0.0
Reddit-S,44,terminal,21,text,0.0,0.0,0.0,0.0
Reddit-S,44,terminal,21,visual,0.0,0.0,0.0,0.0
Reddit-S,44,terminal,22,text,0.0,0.0,0.0,0.0
Reddit-S,44,terminal,22,visual,0.0,0.0,0.0,0.0
Reddit-S,44,terminal,23,text,0.0,0.0,0.0,0.0
Reddit-S,44,terminal,23,visual,0.0,0.0,0.0,0.0
Reddit-S,44,terminal,24,text,0.0,0.0,0.0,0.0
Reddit-S,44,terminal,24,visual,0.0,0.0,0.0,0.0
Reddit-S,44,terminal,25,text,0.0,0.0,0.0,0.0
Reddit-S,44,terminal,25,visual,0.0,0.0,0.0,0.0
Reddit-S,44,terminal,26,text,0.0,0.0,0.0,0.0
Reddit-S,44,terminal,26,visual,0.0,0.0,0.0,0.0
Reddit-S,44,terminal,27,text,0.0,0.0,0.0,0.0
Reddit-S,44,terminal,27,visual,0.0,0.0,0.0,0.0
Reddit-S,44,terminal,28,text,0.0,0.0,0.0,0.0
Reddit-S,44,terminal,28,visual,0.0,0.0,0.0,0.0
Reddit-S,44,terminal,29,text,0.0,0.0,0.0,0.0
Reddit-S,44,terminal,29,visual,0.0,0.0,0.0,0.0
Reddit-S,44,terminal,30,text,0.0,0.0,0.0,0.0
Reddit-S,44,terminal,30,visual,0.0,0.0,0.0,0.0
Reddit-S,44,terminal,31,text,0.0,0.0,0.0,0.0
Reddit-S,44,terminal,31,visual,0.0,0.0,0.0,0.0
Reddit-S,44,terminal,32,text,0.0,0.0,0.0,0.0
Reddit-S,44,terminal,32,visual,0.0,0.0,0.0,0.0
Reddit-S,44,terminal,33,text,0.0,0.0,0.0,0.0
Reddit-S,44,terminal,33,visual,0.0,0.0,0.0,0.0
Reddit-S,44,terminal,34,text,0.0,0.0,0.0,0.0
Reddit-S,44,terminal,34,visual,0.0,0.0,0.0,0.0
Reddit-S,44,terminal,35,text,0.0,0.0,0.0,0.0
Reddit-S,44,terminal,35,visual,0.0,0.0,0.0,0.0
Reddit-S,44,terminal,36,text,0.0,0.0,0.0,0.0
Reddit-S,44,terminal,36,visual,0.0,0.0,0.0,0.0
Reddit-S,44,terminal,37,text,0.0,0.0,0.0,0.0
Reddit-S,44,terminal,37,visual,0.0,0.0,0.0,0.0
Reddit-S,44,terminal,38,text,0.0,0.0,0.0,0.0
Reddit-S,44,terminal,38,visual,0.0,0.0,0.0,0.0
Reddit-S,44,terminal,39,text,0.0,0.0,0.0,0.0
Reddit-S,44,terminal,39,visual,0.0,0.0,0.0,0.0
Reddit-S,44,terminal,40,text,0.0,0.0,0.0,0.0
Reddit-S,44,terminal,40,visual,0.0,0.0,0.0,0.0
Reddit-S,44,terminal,41,text,0.0,0.0,0.0,0.0
Reddit-S,44,terminal,41,visual,0.0,0.0,0.0,0.0
Reddit-S,44,terminal,42,text,0.0,0.0,0.0,0.0
Reddit-S,44,terminal,42,visual,0.0,0.0,0.0,0.0
Reddit-S,44,terminal,43,text,0.0,0.0,0.0,0.0
Reddit-S,44,terminal,43,visual,0.0,0.0,0.0,0.0
Reddit-S,44,terminal,44,text,0.0,0.0,0.0,0.0
Reddit-S,44,terminal,44,visual,0.0,0.0,0.0,0.0
Reddit-S,44,terminal,45,text,0.0,0.0,0.0,0.0
Reddit-S,44,terminal,45,visual,0.0,0.0,0.0,0.0
Reddit-S,44,terminal,46,text,0.0,0.0,0.0,0.0
Reddit-S,44,terminal,46,visual,0.0,0.0,0.0,0.0
Reddit-S,44,terminal,47,text,0.0,0.0,0.0,0.0
Reddit-S,44,terminal,47,visual,0.0,0.0,0.0,0.0
Reddit-S,44,terminal,48,text,0.0,0.0,0.0,0.0
Reddit-S,44,terminal,48,visual,0.0,0.0,0.0,0.0
Reddit-S,44,terminal,49,text,0.0,0.0,0.0,0.0
Reddit-S,44,terminal,49,visual,0.0,0.0,0.0,0.0
Reddit-S,44,terminal,50,text,0.0,0.0,0.0,0.0
Reddit-S,44,terminal,50,visual,0.0,0.0,0.0,0.0
Reddit-S,44,terminal,51,text,0.0,0.0,0.0,0.0
Reddit-S,44,terminal,51,visual,0.0,0.0,0.0,0.0
Reddit-S,44,terminal,52,text,0.0,0.0,0.0,0.0
Reddit-S,44,terminal,52,visual,0.0,0.0,0.0,0.0
Reddit-S,44,terminal,53,text,0.0,0.0,0.0,0.0
Reddit-S,44,terminal,53,visual,0.0,0.0,0.0,0.0
Reddit-S,44,terminal,54,text,0.0,0.0,0.0,0.0
Reddit-S,44,terminal,54,visual,0.0,0.0,0.0,0.0
Reddit-S,44,terminal,55,text,0.0,0.0,0.0,0.0
Reddit-S,44,terminal,55,visual,0.0,0.0,0.0,0.0
Reddit-S,44,terminal,56,text,0.0,0.0,0.0,0.0
Reddit-S,44,terminal,56,visual,0.0,0.0,0.0,0.0
Reddit-S,44,terminal,57,text,0.0,0.0,0.0,0.0
Reddit-S,44,terminal,57,visual,0.0,0.0,0.0,0.0
Reddit-S,44,terminal,58,text,0.0,0.0,0.0,0.0
Reddit-S,44,terminal,58,visual,0.0,0.0,0.0,0.0
Reddit-S,44,terminal,59,text,0.0,0.0,0.0,0.0
Reddit-S,44,terminal,59,visual,0.0,0.0,0.0,0.0
Reddit-S,44,terminal,60,text,0.0,0.0,0.0,0.0
Reddit-S,44,terminal,60,visual,0.0,0.0,0.0,0.0
Reddit-S,44,terminal,61,text,0.0,0.0,0.0,0.0
Reddit-S,44,terminal,61,visual,0.0,0.0,0.0,0.0
Reddit-S,44,terminal,62,text,0.0,0.0,0.0,0.0
Reddit-S,44,terminal,62,visual,0.0,0.0,0.0,0.0
Reddit-S,44,terminal,63,text,0.0,0.0,0.0,0.0
Reddit-S,44,terminal,63,visual,0.0,0.0,0.0,0.0
Reddit-S,44,terminal,64,text,0.0,0.0,0.0,0.0
Reddit-S,44,terminal,64,visual,0.0,0.0,0.0,0.0
Reddit-S,44,terminal,65,text,0.0,0.0,0.0,0.0
Reddit-S,44,terminal,65,visual,0.0,0.0,0.0,0.0
Reddit-S,44,terminal,66,text,0.0,0.0,0.0,0.0
Reddit-S,44,terminal,66,visual,0.0,0.0,0.0,0.0
Reddit-S,44,terminal,67,text,0.0,0.0,0.0,0.0
Reddit-S,44,terminal,67,visual,0.0,0.0,0.0,0.0
Reddit-S,44,terminal,68,text,0.0,0.0,0.0,0.0
Reddit-S,44,terminal,68,visual,0.0,0.0,0.0,0.0
Reddit-S,44,terminal,69,text,0.0,0.0,0.0,0.0
Reddit-S,44,terminal,69,visual,0.0,0.0,0.0,0.0
Reddit-S,44,terminal,70,text,0.0,0.0,0.0,0.0
Reddit-S,44,terminal,70,visual,0.0,0.0,0.0,0.0
Reddit-S,44,terminal,71,text,0.0,0.0,0.0,0.0
Reddit-S,44,terminal,71,visual,0.0,0.0,0.0,0.0
Reddit-S,44,terminal,72,text,0.0,0.0,0.0,0.0
Reddit-S,44,terminal,72,visual,0.0,0.0,0.0,0.0
Reddit-S,44,terminal,73,text,0.0,0.0,0.0,0.0
Reddit-S,44,terminal,73,visual,0.0,0.0,0.0,0.0
Reddit-S,44,terminal,74,text,0.0,0.0,0.0,0.0
Reddit-S,44,terminal,74,visual,0.0,0.0,0.0,0.0
Reddit-S,44,terminal,75,text,0.0,0.0,0.0,0.0
Reddit-S,44,terminal,75,visual,0.0,0.0,0.0,0.0
Reddit-S,44,terminal,76,text,0.0,0.0,0.0,0.0
Reddit-S,44,terminal,76,visual,0.0,0.0,0.0,0.0
Reddit-S,44,terminal,77,text,0.0,0.0,0.0,0.0
Reddit-S,44,terminal,77,visual,0.0,0.0,0.0,0.0
Reddit-S,44,terminal,78,text,0.0,0.0,0.0,0.0
Reddit-S,44,terminal,78,visual,0.0,0.0,0.0,0.0
Reddit-S,44,terminal,79,text,0.0,0.0,0.0,0.0
Reddit-S,44,terminal,79,visual,0.0,0.0,0.0,0.0
Reddit-S,44,terminal,80,text,0.0,0.0,0.0,0.0
Reddit-S,44,terminal,80,visual,0.0,0.0,0.0,0.0
Reddit-S,44,terminal,81,text,0.0,0.0,0.0,0.0
Reddit-S,44,terminal,81,visual,0.0,0.0,0.0,0.0
Reddit-S,44,terminal,82,text,0.0,0.0,0.0,0.0
Reddit-S,44,terminal,82,visual,0.0,0.0,0.0,0.0
Reddit-S,44,terminal,83,text,0.0,0.0,0.0,0.0
Reddit-S,44,terminal,83,visual,0.0,0.0,0.0,0.0
Reddit-S,44,terminal,84,text,0.0,0.0,0.0,0.0
Reddit-S,44,terminal,84,visual,0.0,0.0,0.0,0.0
Reddit-S,44,terminal,85,text,0.0,0.0,0.0,0.0
Reddit-S,44,terminal,85,visual,0.0,0.0,0.0,0.0
Reddit-S,44,terminal,86,text,0.0,0.0,0.0,0.0
Reddit-S,44,terminal,86,visual,0.0,0.0,0.0,0.0
Reddit-S,44,terminal,87,text,0.0,0.0,0.0,0.0
Reddit-S,44,terminal,87,visual,0.0,0.0,0.0,0.0
Reddit-S,44,terminal,88,text,0.0,0.0,0.0,0.0
Reddit-S,44,terminal,88,visual,0.0,0.0,0.0,0.0
Reddit-S,44,terminal,89,text,0.0,0.0,0.0,0.0
Reddit-S,44,terminal,89,visual,0.0,0.0,0.0,0.0
Reddit-S,44,terminal,90,text,0.0,0.0,0.0,0.0
Reddit-S,44,terminal,90,visual,0.0,0.0,0.0,0.0
Reddit-S,44,terminal,91,text,0.0,0.0,0.0,0.0
Reddit-S,44,terminal,91,visual,0.0,0.0,0.0,0.0
Reddit-S,44,terminal,92,text,0.0,0.0,0.0,0.0
Reddit-S,44,terminal,92,visual,0.0,0.0,0.0,0.0
Reddit-S,44,terminal,93,text,0.0,0.0,0.0,0.0
Reddit-S,44,terminal,93,visual,0.0,0.0,0.0,0.0
Reddit-S,44,terminal,94,text,0.0,0.0,0.0,0.0
Reddit-S,44,terminal,94,visual,0.0,0.0,0.0,0.0
Reddit-S,44,terminal,95,text,0.0,0.0,0.0,0.0
Reddit-S,44,terminal,95,visual,0.0,0.0,0.0,0.0
Reddit-S,44,terminal,96,text,0.0,0.0,0.0,0.0
Reddit-S,44,terminal,96,visual,0.0,0.0,0.0,0.0
Reddit-S,44,terminal,97,text,0.0,0.0,0.0,0.0
Reddit-S,44,terminal,97,visual,0.0,0.0,0.0,0.0
Reddit-S,44,terminal,98,text,0.0,0.0,0.0,0.0
Reddit-S,44,terminal,98,visual,0.0,0.0,0.0,0.0
Reddit-S,44,terminal,99,text,0.0,0.0,0.0,0.0
Reddit-S,44,terminal,99,visual,0.0,0.0,0.0,0.0
Reddit-S,44,terminal,100,text,0.0,0.0,0.0,0.0
Reddit-S,44,terminal,100,visual,0.0,0.0,0.0,0.0
Reddit-S,44,terminal,101,text,0.0,0.0,0.0,0.0
Reddit-S,44,terminal,101,visual,0.0,0.0,0.0,0.0
Reddit-S,44,terminal,102,text,0.0,0.0,0.0,0.0
Reddit-S,44,terminal,102,visual,0.0,0.0,0.0,0.0
Reddit-S,44,terminal,103,text,0.0,0.0,0.0,0.0
Reddit-S,44,terminal,103,visual,0.0,0.0,0.0,0.0
Reddit-S,44,terminal,104,text,0.0,0.0,0.0,0.0
Reddit-S,44,terminal,104,visual,0.0,0.0,0.0,0.0
Reddit-S,44,terminal,105,text,0.0,0.0,0.0,0.0
Reddit-S,44,terminal,105,visual,0.0,0.0,0.0,0.0
Reddit-S,44,terminal,106,text,0.0,0.0,0.0,0.0
Reddit-S,44,terminal,106,visual,0.0,0.0,0.0,0.0
Reddit-S,44,terminal,107,text,0.0,0.0,0.0,0.0
Reddit-S,44,terminal,107,visual,0.0,0.0,0.0,0.0
Reddit-S,44,terminal,108,text,0.0,0.0,0.0,0.0
Reddit-S,44,terminal,108,visual,0.0,0.0,0.0,0.0
Reddit-S,44,terminal,109,text,0.0,0.0,0.0,0.0
Reddit-S,44,terminal,109,visual,0.0,0.0,0.0,0.0
Reddit-S,44,terminal,110,text,0.0,0.0,0.0,0.0
Reddit-S,44,terminal,110,visual,0.0,0.0,0.0,0.0
Reddit-S,44,terminal,111,text,0.0,0.0,0.0,0.0
Reddit-S,44,terminal,111,visual,0.0,0.0,0.0,0.0
Reddit-S,44,terminal,112,text,0.0,0.0,0.0,0.0
Reddit-S,44,terminal,112,visual,0.0,0.0,0.0,0.0
Reddit-S,44,terminal,113,text,0.0,0.0,0.0,0.0
Reddit-S,44,terminal,113,visual,0.0,0.0,0.0,0.0
Reddit-S,44,terminal,114,text,0.0,0.0,0.0,0.0
Reddit-S,44,terminal,114,visual,0.0,0.0,0.0,0.0
