phase,dataset,seed,variant,tensor,shape_match,max_abs_error,passed,atol,rtol
frozen_v3_preflight,Movies,42,terminal,H0_text,True,0.0,True,1e-05,1e-05
frozen_v3_preflight,Movies,42,terminal,H0_visual,True,0.0,True,1e-05,1e-05
frozen_v3_preflight,Movies,42,terminal,H1_text,True,1.430511474609375e-06,True,1e-05,1e-05
frozen_v3_preflight,Movies,42,terminal,H1_visual,True,9.5367431640625e-07,True,1e-05,1e-05
frozen_v3_preflight,Movies,42,terminal,H2_text,True,1.430511474609375e-06,True,1e-05,1e-05
frozen_v3_preflight,Movies,42,terminal,H2_visual,True,1.9073486328125e-06,True,1e-05,1e-05
frozen_v3_preflight,Movies,42,terminal,relation_text,True,9.5367431640625e-07,True,1e-05,1e-05
frozen_v3_preflight,Movies,42,terminal,relation_visual,True,9.5367431640625e-07,True,1e-05,1e-05
frozen_v3_preflight,Movies,42,terminal,relation_memory,True,9.5367431640625e-07,True,1e-05,1e-05
frozen_v3_preflight,Movies,42,terminal,base_relation_text,True,1.6689300537109375e-06,True,1e-05,1e-05
frozen_v3_preflight,Movies,42,terminal,base_relation_visual,True,1.5497207641601562e-06,True,1e-05,1e-05
frozen_v3_preflight,Movies,42,terminal,modulation_text_step0,True,9.238719940185547e-07,True,1e-05,1e-05
frozen_v3_preflight,Movies,42,terminal,modulation_text_step1,True,9.238719940185547e-07,True,1e-05,1e-05
frozen_v3_preflight,Movies,42,terminal,modulation_visual_step0,True,8.717179298400879e-07,True,1e-05,1e-05
frozen_v3_preflight,Movies,42,terminal,modulation_visual_step1,True,8.940696716308594e-07,True,1e-05,1e-05
frozen_v3_preflight,Movies,42,terminal,execution_code_text_step0,True,1.6689300537109375e-06,True,1e-05,1e-05
frozen_v3_preflight,Movies,42,terminal,execution_code_text_step1,True,1.6689300537109375e-06,True,1e-05,1e-05
frozen_v3_preflight,Movies,42,terminal,execution_code_visual_step0,True,1.5497207641601562e-06,True,1e-05,1e-05
frozen_v3_preflight,Movies,42,terminal,execution_code_visual_step1,True,1.6689300537109375e-06,True,1e-05,1e-05
frozen_v3_preflight,Movies,42,terminal,delta_execution_code_text_step0,True,1.043081283569336e-07,True,1e-05,1e-05
frozen_v3_preflight,Movies,42,terminal,delta_execution_code_text_step1,True,1.2665987014770508e-07,True,1e-05,1e-05
frozen_v3_preflight,Movies,42,terminal,delta_execution_code_visual_step0,True,1.7881393432617188e-07,True,1e-05,1e-05
frozen_v3_preflight,Movies,42,terminal,delta_execution_code_visual_step1,True,2.384185791015625e-07,True,1e-05,1e-05
frozen_v3_preflight,Movies,42,terminal,delta_message_text_step0,True,2.980232238769531e-07,True,1e-05,1e-05
frozen_v3_preflight,Movies,42,terminal,delta_message_text_step1,True,7.152557373046875e-07,True,1e-05,1e-05
frozen_v3_preflight,Movies,42,terminal,delta_message_visual_step0,True,1.1920928955078125e-07,True,1e-05,1e-05
frozen_v3_preflight,Movies,42,terminal,delta_message_visual_step1,True,3.5762786865234375e-07,True,1e-05,1e-05
frozen_v3_preflight,Movies,43,terminal,H0_text,True,0.0,True,1e-05,1e-05
frozen_v3_preflight,Movies,43,terminal,H0_visual,True,0.0,True,1e-05,1e-05
frozen_v3_preflight,Movies,43,terminal,H1_text,True,1.430511474609375e-06,True,1e-05,1e-05
frozen_v3_preflight,Movies,43,terminal,H1_visual,True,1.430511474609375e-06,True,1e-05,1e-05
frozen_v3_preflight,Movies,43,terminal,H2_text,True,1.430511474609375e-06,True,1e-05,1e-05
frozen_v3_preflight,Movies,43,terminal,H2_visual,True,1.430511474609375e-06,True,1e-05,1e-05
frozen_v3_preflight,Movies,43,terminal,relation_text,True,9.5367431640625e-07,True,1e-05,1e-05
frozen_v3_preflight,Movies,43,terminal,relation_visual,True,9.5367431640625e-07,True,1e-05,1e-05
frozen_v3_preflight,Movies,43,terminal,relation_memory,True,9.5367431640625e-07,True,1e-05,1e-05
frozen_v3_preflight,Movies,43,terminal,base_relation_text,True,1.9073486328125e-06,True,1e-05,1e-05
frozen_v3_preflight,Movies,43,terminal,base_relation_visual,True,1.6689300537109375e-06,True,1e-05,1e-05
frozen_v3_preflight,Movies,43,terminal,modulation_text_step0,True,1.043081283569336e-06,True,1e-05,1e-05
frozen_v3_preflight,Movies,43,terminal,modulation_text_step1,True,8.791685104370117e-07,True,1e-05,1e-05
frozen_v3_preflight,Movies,43,terminal,modulation_visual_step0,True,1.0132789611816406e-06,True,1e-05,1e-05
frozen_v3_preflight,Movies,43,terminal,modulation_visual_step1,True,1.0728836059570312e-06,True,1e-05,1e-05
frozen_v3_preflight,Movies,43,terminal,execution_code_text_step0,True,1.9073486328125e-06,True,1e-05,1e-05
frozen_v3_preflight,Movies,43,terminal,execution_code_text_step1,True,1.9073486328125e-06,True,1e-05,1e-05
frozen_v3_preflight,Movies,43,terminal,execution_code_visual_step0,True,1.6689300537109375e-06,True,1e-05,1e-05
frozen_v3_preflight,Movies,43,terminal,execution_code_visual_step1,True,1.6689300537109375e-06,True,1e-05,1e-05
frozen_v3_preflight,Movies,43,terminal,delta_execution_code_text_step0,True,4.470348358154297e-08,True,1e-05,1e-05
frozen_v3_preflight,Movies,43,terminal,delta_execution_code_text_step1,True,5.21540641784668e-08,True,1e-05,1e-05
frozen_v3_preflight,Movies,43,terminal,delta_execution_code_visual_step0,True,1.1920928955078125e-07,True,1e-05,1e-05
frozen_v3_preflight,Movies,43,terminal,delta_execution_code_visual_step1,True,1.4901161193847656e-07,True,1e-05,1e-05
frozen_v3_preflight,Movies,43,terminal,delta_message_text_step0,True,4.842877388000488e-08,True,1e-05,1e-05
frozen_v3_preflight,Movies,43,terminal,delta_message_text_step1,True,8.940696716308594e-08,True,1e-05,1e-05
frozen_v3_preflight,Movies,43,terminal,delta_message_visual_step0,True,1.1362135410308838e-07,True,1e-05,1e-05
frozen_v3_preflight,Movies,43,terminal,delta_message_visual_step1,True,2.086162567138672e-07,True,1e-05,1e-05
frozen_v3_preflight,Movies,44,terminal,H0_text,True,0.0,True,1e-05,1e-05
frozen_v3_preflight,Movies,44,terminal,H0_visual,True,0.0,True,1e-05,1e-05
frozen_v3_preflight,Movies,44,terminal,H1_text,True,9.5367431640625e-07,True,1e-05,1e-05
frozen_v3_preflight,Movies,44,terminal,H1_visual,True,1.430511474609375e-06,True,1e-05,1e-05
frozen_v3_preflight,Movies,44,terminal,H2_text,True,1.430511474609375e-06,True,1e-05,1e-05
frozen_v3_preflight,Movies,44,terminal,H2_visual,True,1.430511474609375e-06,True,1e-05,1e-05
frozen_v3_preflight,Movies,44,terminal,relation_text,True,7.152557373046875e-07,True,1e-05,1e-05
frozen_v3_preflight,Movies,44,terminal,relation_visual,True,9.5367431640625e-07,True,1e-05,1e-05
frozen_v3_preflight,Movies,44,terminal,relation_memory,True,9.5367431640625e-07,True,1e-05,1e-05
frozen_v3_preflight,Movies,44,terminal,base_relation_text,True,1.7881393432617188e-06,True,1e-05,1e-05
frozen_v3_preflight,Movies,44,terminal,base_relation_visual,True,1.6689300537109375e-06,True,1e-05,1e-05
frozen_v3_preflight,Movies,44,terminal,modulation_text_step0,True,1.0132789611816406e-06,True,1e-05,1e-05
frozen_v3_preflight,Movies,44,terminal,modulation_text_step1,True,1.043081283569336e-06,True,1e-05,1e-05
frozen_v3_preflight,Movies,44,terminal,modulation_visual_step0,True,1.148437149822712e-06,True,1e-05,1e-05
frozen_v3_preflight,Movies,44,terminal,modulation_visual_step1,True,9.275972843170166e-07,True,1e-05,1e-05
frozen_v3_preflight,Movies,44,terminal,execution_code_text_step0,True,1.7881393432617188e-06,True,1e-05,1e-05
frozen_v3_preflight,Movies,44,terminal,execution_code_text_step1,True,1.7881393432617188e-06,True,1e-05,1e-05
frozen_v3_preflight,Movies,44,terminal,execution_code_visual_step0,True,1.6689300537109375e-06,True,1e-05,1e-05
frozen_v3_preflight,Movies,44,terminal,execution_code_visual_step1,True,1.6689300537109375e-06,True,1e-05,1e-05
frozen_v3_preflight,Movies,44,terminal,delta_execution_code_text_step0,True,5.960464477539063e-08,True,1e-05,1e-05
frozen_v3_preflight,Movies,44,terminal,delta_execution_code_text_step1,True,8.195638656616211e-08,True,1e-05,1e-05
frozen_v3_preflight,Movies,44,terminal,delta_execution_code_visual_step0,True,9.313225746154785e-08,True,1e-05,1e-05
frozen_v3_preflight,Movies,44,terminal,delta_execution_code_visual_step1,True,1.4901161193847656e-07,True,1e-05,1e-05
frozen_v3_preflight,Movies,44,terminal,delta_message_text_step0,True,2.3096799850463867e-07,True,1e-05,1e-05
frozen_v3_preflight,Movies,44,terminal,delta_message_text_step1,True,4.023313522338867e-07,True,1e-05,1e-05
frozen_v3_preflight,Movies,44,terminal,delta_message_visual_step0,True,1.6391277313232422e-07,True,1e-05,1e-05
frozen_v3_preflight,Movies,44,terminal,delta_message_visual_step1,True,2.682209014892578e-07,True,1e-05,1e-05
frozen_v3_preflight,Grocery,42,terminal,H0_text,True,0.0,True,1e-05,1e-05
frozen_v3_preflight,Grocery,42,terminal,H0_visual,True,0.0,True,1e-05,1e-05
frozen_v3_preflight,Grocery,42,terminal,H1_text,True,1.430511474609375e-06,True,1e-05,1e-05
frozen_v3_preflight,Grocery,42,terminal,H1_visual,True,1.430511474609375e-06,True,1e-05,1e-05
frozen_v3_preflight,Grocery,42,terminal,H2_text,True,1.430511474609375e-06,True,1e-05,1e-05
frozen_v3_preflight,Grocery,42,terminal,H2_visual,True,1.430511474609375e-06,True,1e-05,1e-05
frozen_v3_preflight,Grocery,42,terminal,relation_text,True,9.5367431640625e-07,True,1e-05,1e-05
frozen_v3_preflight,Grocery,42,terminal,relation_visual,True,9.5367431640625e-07,True,1e-05,1e-05
frozen_v3_preflight,Grocery,42,terminal,relation_memory,True,9.5367431640625e-07,True,1e-05,1e-05
frozen_v3_preflight,Grocery,42,terminal,base_relation_text,True,1.430511474609375e-06,True,1e-05,1e-05
frozen_v3_preflight,Grocery,42,terminal,base_relation_visual,True,1.430511474609375e-06,True,1e-05,1e-05
frozen_v3_preflight,Grocery,42,terminal,modulation_text_step0,True,8.981442078948021e-07,True,1e-05,1e-05
frozen_v3_preflight,Grocery,42,terminal,modulation_text_step1,True,8.940696716308594e-07,True,1e-05,1e-05
frozen_v3_preflight,Grocery,42,terminal,modulation_visual_step0,True,1.2479722499847412e-06,True,1e-05,1e-05
frozen_v3_preflight,Grocery,42,terminal,modulation_visual_step1,True,1.5273690223693848e-06,True,1e-05,1e-05
frozen_v3_preflight,Grocery,42,terminal,execution_code_text_step0,True,1.430511474609375e-06,True,1e-05,1e-05
frozen_v3_preflight,Grocery,42,terminal,execution_code_text_step1,True,1.430511474609375e-06,True,1e-05,1e-05
frozen_v3_preflight,Grocery,42,terminal,execution_code_visual_step0,True,1.430511474609375e-06,True,1e-05,1e-05
frozen_v3_preflight,Grocery,42,terminal,execution_code_visual_step1,True,1.430511474609375e-06,True,1e-05,1e-05
frozen_v3_preflight,Grocery,42,terminal,delta_execution_code_text_step0,True,2.384185791015625e-07,True,1e-05,1e-05
frozen_v3_preflight,Grocery,42,terminal,delta_execution_code_text_step1,True,2.980232238769531e-07,True,1e-05,1e-05
frozen_v3_preflight,Grocery,42,terminal,delta_execution_code_visual_step0,True,2.384185791015625e-07,True,1e-05,1e-05
frozen_v3_preflight,Grocery,42,terminal,delta_execution_code_visual_step1,True,2.980232238769531e-07,True,1e-05,1e-05
frozen_v3_preflight,Grocery,42,terminal,delta_message_text_step0,True,3.8743019104003906e-07,True,1e-05,1e-05
frozen_v3_preflight,Grocery,42,terminal,delta_message_text_step1,True,8.344650268554688e-07,True,1e-05,1e-05
frozen_v3_preflight,Grocery,42,terminal,delta_message_visual_step0,True,4.76837158203125e-07,True,1e-05,1e-05
frozen_v3_preflight,Grocery,42,terminal,delta_message_visual_step1,True,1.9073486328125e-06,True,1e-05,1e-05
frozen_v3_preflight,Grocery,43,terminal,H0_text,True,0.0,True,1e-05,1e-05
frozen_v3_preflight,Grocery,43,terminal,H0_visual,True,0.0,True,1e-05,1e-05
frozen_v3_preflight,Grocery,43,terminal,H1_text,True,1.9073486328125e-06,True,1e-05,1e-05
frozen_v3_preflight,Grocery,43,terminal,H1_visual,True,9.5367431640625e-07,True,1e-05,1e-05
frozen_v3_preflight,Grocery,43,terminal,H2_text,True,1.9073486328125e-06,True,1e-05,1e-05
frozen_v3_preflight,Grocery,43,terminal,H2_visual,True,1.430511474609375e-06,True,1e-05,1e-05
frozen_v3_preflight,Grocery,43,terminal,relation_text,True,7.152557373046875e-07,True,1e-05,1e-05
frozen_v3_preflight,Grocery,43,terminal,relation_visual,True,1.1920928955078125e-06,True,1e-05,1e-05
frozen_v3_preflight,Grocery,43,terminal,relation_memory,True,1.1920928955078125e-06,True,1e-05,1e-05
frozen_v3_preflight,Grocery,43,terminal,base_relation_text,True,1.9073486328125e-06,True,1e-05,1e-05
frozen_v3_preflight,Grocery,43,terminal,base_relation_visual,True,1.6689300537109375e-06,True,1e-05,1e-05
frozen_v3_preflight,Grocery,43,terminal,modulation_text_step0,True,1.3560056686401367e-06,True,1e-05,1e-05
frozen_v3_preflight,Grocery,43,terminal,modulation_text_step1,True,1.3560056686401367e-06,True,1e-05,1e-05
frozen_v3_preflight,Grocery,43,terminal,modulation_visual_step0,True,1.1026859283447266e-06,True,1e-05,1e-05
frozen_v3_preflight,Grocery,43,terminal,modulation_visual_step1,True,1.039355993270874e-06,True,1e-05,1e-05
frozen_v3_preflight,Grocery,43,terminal,execution_code_text_step0,True,2.0265579223632812e-06,True,1e-05,1e-05
frozen_v3_preflight,Grocery,43,terminal,execution_code_text_step1,True,1.9073486328125e-06,True,1e-05,1e-05
frozen_v3_preflight,Grocery,43,terminal,execution_code_visual_step0,True,1.6689300537109375e-06,True,1e-05,1e-05
frozen_v3_preflight,Grocery,43,terminal,execution_code_visual_step1,True,1.6689300537109375e-06,True,1e-05,1e-05
frozen_v3_preflight,Grocery,43,terminal,delta_execution_code_text_step0,True,1.4901161193847656e-07,True,1e-05,1e-05
frozen_v3_preflight,Grocery,43,terminal,delta_execution_code_text_step1,True,2.384185791015625e-07,True,1e-05,1e-05
frozen_v3_preflight,Grocery,43,terminal,delta_execution_code_visual_step0,True,2.086162567138672e-07,True,1e-05,1e-05
frozen_v3_preflight,Grocery,43,terminal,delta_execution_code_visual_step1,True,2.980232238769531e-07,True,1e-05,1e-05
frozen_v3_preflight,Grocery,43,terminal,delta_message_text_step0,True,3.5762786865234375e-07,True,1e-05,1e-05
frozen_v3_preflight,Grocery,43,terminal,delta_message_text_step1,True,7.152557373046875e-07,True,1e-05,1e-05
frozen_v3_preflight,Grocery,43,terminal,delta_message_visual_step0,True,2.980232238769531e-07,True,1e-05,1e-05
frozen_v3_preflight,Grocery,43,terminal,delta_message_visual_step1,True,9.5367431640625e-07,True,1e-05,1e-05
frozen_v3_preflight,Grocery,44,terminal,H0_text,True,0.0,True,1e-05,1e-05
frozen_v3_preflight,Grocery,44,terminal,H0_visual,True,0.0,True,1e-05,1e-05
frozen_v3_preflight,Grocery,44,terminal,H1_text,True,9.5367431640625e-07,True,1e-05,1e-05
frozen_v3_preflight,Grocery,44,terminal,H1_visual,True,1.430511474609375e-06,True,1e-05,1e-05
frozen_v3_preflight,Grocery,44,terminal,H2_text,True,1.430511474609375e-06,True,1e-05,1e-05
frozen_v3_preflight,Grocery,44,terminal,H2_visual,True,1.430511474609375e-06,True,1e-05,1e-05
frozen_v3_preflight,Grocery,44,terminal,relation_text,True,9.5367431640625e-07,True,1e-05,1e-05
frozen_v3_preflight,Grocery,44,terminal,relation_visual,True,9.5367431640625e-07,True,1e-05,1e-05
frozen_v3_preflight,Grocery,44,terminal,relation_memory,True,9.5367431640625e-07,True,1e-05,1e-05
frozen_v3_preflight,Grocery,44,terminal,base_relation_text,True,1.430511474609375e-06,True,1e-05,1e-05
frozen_v3_preflight,Grocery,44,terminal,base_relation_visual,True,1.430511474609375e-06,True,1e-05,1e-05
frozen_v3_preflight,Grocery,44,terminal,modulation_text_step0,True,1.0281801223754883e-06,True,1e-05,1e-05
frozen_v3_preflight,Grocery,44,terminal,modulation_text_step1,True,9.08970832824707e-07,True,1e-05,1e-05
frozen_v3_preflight,Grocery,44,terminal,modulation_visual_step0,True,9.313225746154785e-07,True,1e-05,1e-05
frozen_v3_preflight,Grocery,44,terminal,modulation_visual_step1,True,9.275972843170166e-07,True,1e-05,1e-05
frozen_v3_preflight,Grocery,44,terminal,execution_code_text_step0,True,1.430511474609375e-06,True,1e-05,1e-05
frozen_v3_preflight,Grocery,44,terminal,execution_code_text_step1,True,1.430511474609375e-06,True,1e-05,1e-05
frozen_v3_preflight,Grocery,44,terminal,execution_code_visual_step0,True,1.6689300537109375e-06,True,1e-05,1e-05
frozen_v3_preflight,Grocery,44,terminal,execution_code_visual_step1,True,1.430511474609375e-06,True,1e-05,1e-05
frozen_v3_preflight,Grocery,44,terminal,delta_execution_code_text_step0,True,2.086162567138672e-07,True,1e-05,1e-05
frozen_v3_preflight,Grocery,44,terminal,delta_execution_code_text_step1,True,2.682209014892578e-07,True,1e-05,1e-05
frozen_v3_preflight,Grocery,44,terminal,delta_execution_code_visual_step0,True,1.4901161193847656e-07,True,1e-05,1e-05
frozen_v3_preflight,Grocery,44,terminal,delta_execution_code_visual_step1,True,2.384185791015625e-07,True,1e-05,1e-05
frozen_v3_preflight,Grocery,44,terminal,delta_message_text_step0,True,3.5762786865234375e-07,True,1e-05,1e-05
frozen_v3_preflight,Grocery,44,terminal,delta_message_text_step1,True,7.152557373046875e-07,True,1e-05,1e-05
frozen_v3_preflight,Grocery,44,terminal,delta_message_visual_step0,True,4.470348358154297e-07,True,1e-05,1e-05
frozen_v3_preflight,Grocery,44,terminal,delta_message_visual_step1,True,9.5367431640625e-07,True,1e-05,1e-05
frozen_v3_preflight,Reddit-S,42,terminal,H0_text,True,0.0,True,1e-05,1e-05
frozen_v3_preflight,Reddit-S,42,terminal,H0_visual,True,0.0,True,1e-05,1e-05
frozen_v3_preflight,Reddit-S,42,terminal,H1_text,True,1.1920928955078125e-06,True,1e-05,1e-05
frozen_v3_preflight,Reddit-S,42,terminal,H1_visual,True,1.430511474609375e-06,True,1e-05,1e-05
frozen_v3_preflight,Reddit-S,42,terminal,H2_text,True,1.430511474609375e-06,True,1e-05,1e-05
frozen_v3_preflight,Reddit-S,42,terminal,H2_visual,True,1.9073486328125e-06,True,1e-05,1e-05
frozen_v3_preflight,Reddit-S,42,terminal,relation_text,True,9.5367431640625e-07,True,1e-05,1e-05
frozen_v3_preflight,Reddit-S,42,terminal,relation_visual,True,9.5367431640625e-07,True,1e-05,1e-05
frozen_v3_preflight,Reddit-S,42,terminal,relation_memory,True,9.5367431640625e-07,True,1e-05,1e-05
frozen_v3_preflight,Reddit-S,42,terminal,base_relation_text,True,1.1920928955078125e-06,True,1e-05,1e-05
frozen_v3_preflight,Reddit-S,42,terminal,base_relation_visual,True,1.430511474609375e-06,True,1e-05,1e-05
frozen_v3_preflight,Reddit-S,42,terminal,modulation_text_step0,True,7.972121238708496e-07,True,1e-05,1e-05
frozen_v3_preflight,Reddit-S,42,terminal,modulation_text_step1,True,8.717179298400879e-07,True,1e-05,1e-05
frozen_v3_preflight,Reddit-S,42,terminal,modulation_visual_step0,True,1.2218952178955078e-06,True,1e-05,1e-05
frozen_v3_preflight,Reddit-S,42,terminal,modulation_visual_step1,True,1.2069940567016602e-06,True,1e-05,1e-05
frozen_v3_preflight,Reddit-S,42,terminal,execution_code_text_step0,True,1.430511474609375e-06,True,1e-05,1e-05
frozen_v3_preflight,Reddit-S,42,terminal,execution_code_text_step1,True,1.3113021850585938e-06,True,1e-05,1e-05
frozen_v3_preflight,Reddit-S,42,terminal,execution_code_visual_step0,True,1.430511474609375e-06,True,1e-05,1e-05
frozen_v3_preflight,Reddit-S,42,terminal,execution_code_visual_step1,True,1.430511474609375e-06,True,1e-05,1e-05
frozen_v3_preflight,Reddit-S,42,terminal,delta_execution_code_text_step0,True,8.940696716308594e-08,True,1e-05,1e-05
frozen_v3_preflight,Reddit-S,42,terminal,delta_execution_code_text_step1,True,1.4901161193847656e-07,True,1e-05,1e-05
frozen_v3_preflight,Reddit-S,42,terminal,delta_execution_code_visual_step0,True,1.7881393432617188e-07,True,1e-05,1e-05
frozen_v3_preflight,Reddit-S,42,terminal,delta_execution_code_visual_step1,True,2.384185791015625e-07,True,1e-05,1e-05
frozen_v3_preflight,Reddit-S,42,terminal,delta_message_text_step0,True,4.76837158203125e-07,True,1e-05,1e-05
frozen_v3_preflight,Reddit-S,42,terminal,delta_message_text_step1,True,1.9073486328125e-06,True,1e-05,1e-05
frozen_v3_preflight,Reddit-S,42,terminal,delta_message_visual_step0,True,4.917383193969727e-07,True,1e-05,1e-05
frozen_v3_preflight,Reddit-S,42,terminal,delta_message_visual_step1,True,9.5367431640625e-07,True,1e-05,1e-05
frozen_v3_preflight,Reddit-S,43,terminal,H0_text,True,0.0,True,1e-05,1e-05
frozen_v3_preflight,Reddit-S,43,terminal,H0_visual,True,0.0,True,1e-05,1e-05
frozen_v3_preflight,Reddit-S,43,terminal,H1_text,True,1.430511474609375e-06,True,1e-05,1e-05
frozen_v3_preflight,Reddit-S,43,terminal,H1_visual,True,1.430511474609375e-06,True,1e-05,1e-05
frozen_v3_preflight,Reddit-S,43,terminal,H2_text,True,1.430511474609375e-06,True,1e-05,1e-05
frozen_v3_preflight,Reddit-S,43,terminal,H2_visual,True,1.430511474609375e-06,True,1e-05,1e-05
frozen_v3_preflight,Reddit-S,43,terminal,relation_text,True,9.5367431640625e-07,True,1e-05,1e-05
frozen_v3_preflight,Reddit-S,43,terminal,relation_visual,True,9.5367431640625e-07,True,1e-05,1e-05
frozen_v3_preflight,Reddit-S,43,terminal,relation_memory,True,9.5367431640625e-07,True,1e-05,1e-05
frozen_v3_preflight,Reddit-S,43,terminal,base_relation_text,True,1.6689300537109375e-06,True,1e-05,1e-05
frozen_v3_preflight,Reddit-S,43,terminal,base_relation_visual,True,1.6689300537109375e-06,True,1e-05,1e-05
frozen_v3_preflight,Reddit-S,43,terminal,modulation_text_step0,True,8.400529623031616e-07,True,1e-05,1e-05
frozen_v3_preflight,Reddit-S,43,terminal,modulation_text_step1,True,8.344650268554688e-07,True,1e-05,1e-05
frozen_v3_preflight,Reddit-S,43,terminal,modulation_visual_step0,True,1.3113021850585938e-06,True,1e-05,1e-05
frozen_v3_preflight,Reddit-S,43,terminal,modulation_visual_step1,True,1.1622905731201172e-06,True,1e-05,1e-05
frozen_v3_preflight,Reddit-S,43,terminal,execution_code_text_step0,True,1.6689300537109375e-06,True,1e-05,1e-05
frozen_v3_preflight,Reddit-S,43,terminal,execution_code_text_step1,True,1.6689300537109375e-06,True,1e-05,1e-05
frozen_v3_preflight,Reddit-S,43,terminal,execution_code_visual_step0,True,1.6689300537109375e-06,True,1e-05,1e-05
frozen_v3_preflight,Reddit-S,43,terminal,execution_code_visual_step1,True,1.6689300537109375e-06,True,1e-05,1e-05
frozen_v3_preflight,Reddit-S,43,terminal,delta_execution_code_text_step0,True,2.384185791015625e-07,True,1e-05,1e-05
frozen_v3_preflight,Reddit-S,43,terminal,delta_execution_code_text_step1,True,2.384185791015625e-07,True,1e-05,1e-05
frozen_v3_preflight,Reddit-S,43,terminal,delta_execution_code_visual_step0,True,2.9616057872772217e-07,True,1e-05,1e-05
frozen_v3_preflight,Reddit-S,43,terminal,delta_execution_code_visual_step1,True,3.0873343348503113e-07,True,1e-05,1e-05
frozen_v3_preflight,Reddit-S,43,terminal,delta_message_text_step0,True,7.152557373046875e-07,True,1e-05,1e-05
frozen_v3_preflight,Reddit-S,43,terminal,delta_message_text_step1,True,1.6689300537109375e-06,True,1e-05,1e-05
frozen_v3_preflight,Reddit-S,43,terminal,delta_message_visual_step0,True,7.152557373046875e-07,True,1e-05,1e-05
frozen_v3_preflight,Reddit-S,43,terminal,delta_message_visual_step1,True,1.043081283569336e-06,True,1e-05,1e-05
frozen_v3_preflight,Reddit-S,44,terminal,H0_text,True,0.0,True,1e-05,1e-05
frozen_v3_preflight,Reddit-S,44,terminal,H0_visual,True,0.0,True,1e-05,1e-05
frozen_v3_preflight,Reddit-S,44,terminal,H1_text,True,1.430511474609375e-06,True,1e-05,1e-05
frozen_v3_preflight,Reddit-S,44,terminal,H1_visual,True,1.430511474609375e-06,True,1e-05,1e-05
frozen_v3_preflight,Reddit-S,44,terminal,H2_text,True,1.430511474609375e-06,True,1e-05,1e-05
frozen_v3_preflight,Reddit-S,44,terminal,H2_visual,True,1.430511474609375e-06,True,1e-05,1e-05
frozen_v3_preflight,Reddit-S,44,terminal,relation_text,True,1.1920928955078125e-06,True,1e-05,1e-05
frozen_v3_preflight,Reddit-S,44,terminal,relation_visual,True,9.5367431640625e-07,True,1e-05,1e-05
frozen_v3_preflight,Reddit-S,44,terminal,relation_memory,True,1.1920928955078125e-06,True,1e-05,1e-05
frozen_v3_preflight,Reddit-S,44,terminal,base_relation_text,True,1.6689300537109375e-06,True,1e-05,1e-05
frozen_v3_preflight,Reddit-S,44,terminal,base_relation_visual,True,1.6689300537109375e-06,True,1e-05,1e-05
frozen_v3_preflight,Reddit-S,44,terminal,modulation_text_step0,True,8.940696716308594e-07,True,1e-05,1e-05
frozen_v3_preflight,Reddit-S,44,terminal,modulation_text_step1,True,8.940696716308594e-07,True,1e-05,1e-05
frozen_v3_preflight,Reddit-S,44,terminal,modulation_visual_step0,True,1.0291114449501038e-06,True,1e-05,1e-05
frozen_v3_preflight,Reddit-S,44,terminal,modulation_visual_step1,True,1.0132789611816406e-06,True,1e-05,1e-05
frozen_v3_preflight,Reddit-S,44,terminal,execution_code_text_step0,True,1.6689300537109375e-06,True,1e-05,1e-05
frozen_v3_preflight,Reddit-S,44,terminal,execution_code_text_step1,True,1.6689300537109375e-06,True,1e-05,1e-05
frozen_v3_preflight,Reddit-S,44,terminal,execution_code_visual_step0,True,1.6689300537109375e-06,True,1e-05,1e-05
frozen_v3_preflight,Reddit-S,44,terminal,execution_code_visual_step1,True,1.6689300537109375e-06,True,1e-05,1e-05
frozen_v3_preflight,Reddit-S,44,terminal,delta_execution_code_text_step0,True,1.1920928955078125e-07,True,1e-05,1e-05
frozen_v3_preflight,Reddit-S,44,terminal,delta_execution_code_text_step1,True,1.7881393432617188e-07,True,1e-05,1e-05
frozen_v3_preflight,Reddit-S,44,terminal,delta_execution_code_visual_step0,True,1.1920928955078125e-07,True,1e-05,1e-05
frozen_v3_preflight,Reddit-S,44,terminal,delta_execution_code_visual_step1,True,1.7881393432617188e-07,True,1e-05,1e-05
frozen_v3_preflight,Reddit-S,44,terminal,delta_message_text_step0,True,4.76837158203125e-07,True,1e-05,1e-05
frozen_v3_preflight,Reddit-S,44,terminal,delta_message_text_step1,True,1.0728836059570312e-06,True,1e-05,1e-05
frozen_v3_preflight,Reddit-S,44,terminal,delta_message_visual_step0,True,2.980232238769531e-07,True,1e-05,1e-05
frozen_v3_preflight,Reddit-S,44,terminal,delta_message_visual_step1,True,5.960464477539062e-07,True,1e-05,1e-05
trained_terminal,Movies,42,terminal,H0_text,True,0.0,True,1e-05,1e-05
trained_terminal,Movies,42,terminal,H0_visual,True,0.0,True,1e-05,1e-05
trained_terminal,Movies,42,terminal,H1_text,True,1.430511474609375e-06,True,1e-05,1e-05
trained_terminal,Movies,42,terminal,H1_visual,True,1.1920928955078125e-06,True,1e-05,1e-05
trained_terminal,Movies,42,terminal,H2_text,True,1.430511474609375e-06,True,1e-05,1e-05
trained_terminal,Movies,42,terminal,H2_visual,True,1.430511474609375e-06,True,1e-05,1e-05
trained_terminal,Movies,42,terminal,relation_text,True,9.5367431640625e-07,True,1e-05,1e-05
trained_terminal,Movies,42,terminal,relation_visual,True,9.5367431640625e-07,True,1e-05,1e-05
trained_terminal,Movies,42,terminal,relation_memory,True,9.5367431640625e-07,True,1e-05,1e-05
trained_terminal,Movies,42,terminal,base_relation_text,True,1.430511474609375e-06,True,1e-05,1e-05
trained_terminal,Movies,42,terminal,base_relation_visual,True,1.6689300537109375e-06,True,1e-05,1e-05
trained_terminal,Movies,42,terminal,modulation_text_step0,True,7.599592208862305e-07,True,1e-05,1e-05
trained_terminal,Movies,42,terminal,modulation_text_step1,True,7.748603820800781e-07,True,1e-05,1e-05
trained_terminal,Movies,42,terminal,modulation_visual_step0,True,9.5367431640625e-07,True,1e-05,1e-05
trained_terminal,Movies,42,terminal,modulation_visual_step1,True,9.238719940185547e-07,True,1e-05,1e-05
trained_terminal,Movies,42,terminal,execution_code_text_step0,True,1.430511474609375e-06,True,1e-05,1e-05
trained_terminal,Movies,42,terminal,execution_code_text_step1,True,1.430511474609375e-06,True,1e-05,1e-05
trained_terminal,Movies,42,terminal,execution_code_visual_step0,True,1.6689300537109375e-06,True,1e-05,1e-05
trained_terminal,Movies,42,terminal,execution_code_visual_step1,True,1.6689300537109375e-06,True,1e-05,1e-05
trained_terminal,Movies,42,terminal,delta_execution_code_text_step0,True,1.043081283569336e-07,True,1e-05,1e-05
trained_terminal,Movies,42,terminal,delta_execution_code_text_step1,True,1.4901161193847656e-07,True,1e-05,1e-05
trained_terminal,Movies,42,terminal,delta_execution_code_visual_step0,True,1.1920928955078125e-07,True,1e-05,1e-05
trained_terminal,Movies,42,terminal,delta_execution_code_visual_step1,True,1.7881393432617188e-07,True,1e-05,1e-05
trained_terminal,Movies,42,terminal,delta_message_text_step0,True,2.384185791015625e-07,True,1e-05,1e-05
trained_terminal,Movies,42,terminal,delta_message_text_step1,True,7.152557373046875e-07,True,1e-05,1e-05
trained_terminal,Movies,42,terminal,delta_message_visual_step0,True,1.4901161193847656e-07,True,1e-05,1e-05
trained_terminal,Movies,42,terminal,delta_message_visual_step1,True,3.5762786865234375e-07,True,1e-05,1e-05
trained_prior_delta_gate,Movies,42,prior_delta_gate,H0_text,True,0.0,True,1e-05,1e-05
trained_prior_delta_gate,Movies,42,prior_delta_gate,H0_visual,True,0.0,True,1e-05,1e-05
trained_prior_delta_gate,Movies,42,prior_delta_gate,H1_text,True,9.5367431640625e-07,True,1e-05,1e-05
trained_prior_delta_gate,Movies,42,prior_delta_gate,H1_visual,True,9.5367431640625e-07,True,1e-05,1e-05
trained_prior_delta_gate,Movies,42,prior_delta_gate,H2_text,True,1.430511474609375e-06,True,1e-05,1e-05
trained_prior_delta_gate,Movies,42,prior_delta_gate,H2_visual,True,1.430511474609375e-06,True,1e-05,1e-05
trained_prior_delta_gate,Movies,42,prior_delta_gate,relation_text,True,9.5367431640625e-07,True,1e-05,1e-05
trained_prior_delta_gate,Movies,42,prior_delta_gate,relation_visual,True,9.5367431640625e-07,True,1e-05,1e-05
trained_prior_delta_gate,Movies,42,prior_delta_gate,relation_memory,True,9.5367431640625e-07,True,1e-05,1e-05
trained_prior_delta_gate,Movies,42,prior_delta_gate,base_relation_text,True,1.6689300537109375e-06,True,1e-05,1e-05
trained_prior_delta_gate,Movies,42,prior_delta_gate,base_relation_visual,True,1.430511474609375e-06,True,1e-05,1e-05
trained_prior_delta_gate,Movies,42,prior_delta_gate,modulation_text_step0,True,1.0281801223754883e-06,True,1e-05,1e-05
trained_prior_delta_gate,Movies,42,prior_delta_gate,modulation_text_step1,True,1.0207295417785645e-06,True,1e-05,1e-05
trained_prior_delta_gate,Movies,42,prior_delta_gate,modulation_visual_step0,True,8.344650268554688e-07,True,1e-05,1e-05
trained_prior_delta_gate,Movies,42,prior_delta_gate,modulation_visual_step1,True,8.642673492431641e-07,True,1e-05,1e-05
trained_prior_delta_gate,Movies,42,prior_delta_gate,execution_code_text_step0,True,1.6689300537109375e-06,True,1e-05,1e-05
trained_prior_delta_gate,Movies,42,prior_delta_gate,execution_code_text_step1,True,1.6689300537109375e-06,True,1e-05,1e-05
trained_prior_delta_gate,Movies,42,prior_delta_gate,execution_code_visual_step0,True,1.6689300537109375e-06,True,1e-05,1e-05
trained_prior_delta_gate,Movies,42,prior_delta_gate,execution_code_visual_step1,True,1.430511474609375e-06,True,1e-05,1e-05
trained_prior_delta_gate,Movies,42,prior_delta_gate,delta_execution_code_text_step0,True,3.725290298461914e-08,True,1e-05,1e-05
trained_prior_delta_gate,Movies,42,prior_delta_gate,delta_execution_code_text_step1,True,5.960464477539063e-08,True,1e-05,1e-05
trained_prior_delta_gate,Movies,42,prior_delta_gate,delta_execution_code_visual_step0,True,7.450580596923828e-08,True,1e-05,1e-05
trained_prior_delta_gate,Movies,42,prior_delta_gate,delta_execution_code_visual_step1,True,8.940696716308594e-08,True,1e-05,1e-05
trained_prior_delta_gate,Movies,42,prior_delta_gate,delta_message_text_step0,True,5.029141902923584e-08,True,1e-05,1e-05
trained_prior_delta_gate,Movies,42,prior_delta_gate,delta_message_text_step1,True,1.7881393432617188e-07,True,1e-05,1e-05
trained_prior_delta_gate,Movies,42,prior_delta_gate,delta_message_visual_step0,True,5.960464477539063e-08,True,1e-05,1e-05
trained_prior_delta_gate,Movies,42,prior_delta_gate,delta_message_visual_step1,True,1.4901161193847656e-07,True,1e-05,1e-05
trained_prior_update_add,Movies,42,prior_update_add,H0_text,True,0.0,True,1e-05,1e-05
trained_prior_update_add,Movies,42,prior_update_add,H0_visual,True,0.0,True,1e-05,1e-05
trained_prior_update_add,Movies,42,prior_update_add,H1_text,True,9.5367431640625e-07,True,1e-05,1e-05
trained_prior_update_add,Movies,42,prior_update_add,H1_visual,True,9.5367431640625e-07,True,1e-05,1e-05
trained_prior_update_add,Movies,42,prior_update_add,H2_text,True,1.430511474609375e-06,True,1e-05,1e-05
trained_prior_update_add,Movies,42,prior_update_add,H2_visual,True,1.430511474609375e-06,True,1e-05,1e-05
trained_prior_update_add,Movies,42,prior_update_add,relation_text,True,9.5367431640625e-07,True,1e-05,1e-05
trained_prior_update_add,Movies,42,prior_update_add,relation_visual,True,9.5367431640625e-07,True,1e-05,1e-05
trained_prior_update_add,Movies,42,prior_update_add,relation_memory,True,9.5367431640625e-07,True,1e-05,1e-05
trained_prior_update_add,Movies,42,prior_update_add,base_relation_text,True,1.9073486328125e-06,True,1e-05,1e-05
trained_prior_update_add,Movies,42,prior_update_add,base_relation_visual,True,1.6689300537109375e-06,True,1e-05,1e-05
trained_prior_update_add,Movies,42,prior_update_add,modulation_text_step0,True,8.195638656616211e-07,True,1e-05,1e-05
trained_prior_update_add,Movies,42,prior_update_add,modulation_text_step1,True,7.674098014831543e-07,True,1e-05,1e-05
trained_prior_update_add,Movies,42,prior_update_add,modulation_visual_step0,True,8.046627044677734e-07,True,1e-05,1e-05
trained_prior_update_add,Movies,42,prior_update_add,modulation_visual_step1,True,8.23289155960083e-07,True,1e-05,1e-05
trained_prior_update_add,Movies,42,prior_update_add,execution_code_text_step0,True,2.0265579223632812e-06,True,1e-05,1e-05
trained_prior_update_add,Movies,42,prior_update_add,execution_code_text_step1,True,1.9073486328125e-06,True,1e-05,1e-05
trained_prior_update_add,Movies,42,prior_update_add,execution_code_visual_step0,True,1.6689300537109375e-06,True,1e-05,1e-05
trained_prior_update_add,Movies,42,prior_update_add,execution_code_visual_step1,True,1.6689300537109375e-06,True,1e-05,1e-05
trained_prior_update_add,Movies,42,prior_update_add,delta_execution_code_text_step0,True,2.2351741790771484e-08,True,1e-05,1e-05
trained_prior_update_add,Movies,42,prior_update_add,delta_execution_code_text_step1,True,5.960464477539063e-08,True,1e-05,1e-05
trained_prior_update_add,Movies,42,prior_update_add,delta_execution_code_visual_step0,True,3.725290298461914e-08,True,1e-05,1e-05
trained_prior_update_add,Movies,42,prior_update_add,delta_execution_code_visual_step1,True,5.960464477539063e-08,True,1e-05,1e-05
trained_prior_update_add,Movies,42,prior_update_add,delta_message_text_step0,True,2.60770320892334e-08,True,1e-05,1e-05
trained_prior_update_add,Movies,42,prior_update_add,delta_message_text_step1,True,8.940696716308594e-08,True,1e-05,1e-05
trained_prior_update_add,Movies,42,prior_update_add,delta_message_visual_step0,True,3.725290298461914e-08,True,1e-05,1e-05
trained_prior_update_add,Movies,42,prior_update_add,delta_message_visual_step1,True,7.450580596923828e-08,True,1e-05,1e-05
trained_prior_update_gate,Movies,42,prior_update_gate,H0_text,True,0.0,True,1e-05,1e-05
trained_prior_update_gate,Movies,42,prior_update_gate,H0_visual,True,0.0,True,1e-05,1e-05
trained_prior_update_gate,Movies,42,prior_update_gate,H1_text,True,1.1920928955078125e-06,True,1e-05,1e-05
trained_prior_update_gate,Movies,42,prior_update_gate,H1_visual,True,9.5367431640625e-07,True,1e-05,1e-05
trained_prior_update_gate,Movies,42,prior_update_gate,H2_text,True,1.1920928955078125e-06,True,1e-05,1e-05
trained_prior_update_gate,Movies,42,prior_update_gate,H2_visual,True,1.430511474609375e-06,True,1e-05,1e-05
trained_prior_update_gate,Movies,42,prior_update_gate,relation_text,True,9.5367431640625e-07,True,1e-05,1e-05
trained_prior_update_gate,Movies,42,prior_update_gate,relation_visual,True,7.152557373046875e-07,True,1e-05,1e-05
trained_prior_update_gate,Movies,42,prior_update_gate,relation_memory,True,9.5367431640625e-07,True,1e-05,1e-05
trained_prior_update_gate,Movies,42,prior_update_gate,base_relation_text,True,1.430511474609375e-06,True,1e-05,1e-05
trained_prior_update_gate,Movies,42,prior_update_gate,base_relation_visual,True,1.7285346984863281e-06,True,1e-05,1e-05
trained_prior_update_gate,Movies,42,prior_update_gate,modulation_text_step0,True,9.5367431640625e-07,True,1e-05,1e-05
trained_prior_update_gate,Movies,42,prior_update_gate,modulation_text_step1,True,1.1026859283447266e-06,True,1e-05,1e-05
trained_prior_update_gate,Movies,42,prior_update_gate,modulation_visual_step0,True,7.152557373046875e-07,True,1e-05,1e-05
trained_prior_update_gate,Movies,42,prior_update_gate,modulation_visual_step1,True,8.046627044677734e-07,True,1e-05,1e-05
trained_prior_update_gate,Movies,42,prior_update_gate,execution_code_text_step0,True,1.430511474609375e-06,True,1e-05,1e-05
trained_prior_update_gate,Movies,42,prior_update_gate,execution_code_text_step1,True,1.430511474609375e-06,True,1e-05,1e-05
trained_prior_update_gate,Movies,42,prior_update_gate,execution_code_visual_step0,True,1.7285346984863281e-06,True,1e-05,1e-05
trained_prior_update_gate,Movies,42,prior_update_gate,execution_code_visual_step1,True,1.7285346984863281e-06,True,1e-05,1e-05
trained_prior_update_gate,Movies,42,prior_update_gate,delta_execution_code_text_step0,True,2.3283064365386963e-08,True,1e-05,1e-05
trained_prior_update_gate,Movies,42,prior_update_gate,delta_execution_code_text_step1,True,5.960464477539063e-08,True,1e-05,1e-05
trained_prior_update_gate,Movies,42,prior_update_gate,delta_execution_code_visual_step0,True,5.21540641784668e-08,True,1e-05,1e-05
trained_prior_update_gate,Movies,42,prior_update_gate,delta_execution_code_visual_step1,True,7.450580596923828e-08,True,1e-05,1e-05
trained_prior_update_gate,Movies,42,prior_update_gate,delta_message_text_step0,True,4.470348358154297e-08,True,1e-05,1e-05
trained_prior_update_gate,Movies,42,prior_update_gate,delta_message_text_step1,True,2.980232238769531e-07,True,1e-05,1e-05
trained_prior_update_gate,Movies,42,prior_update_gate,delta_message_visual_step0,True,2.9802322387695312e-08,True,1e-05,1e-05
trained_prior_update_gate,Movies,42,prior_update_gate,delta_message_visual_step1,True,6.705522537231445e-08,True,1e-05,1e-05
trained_terminal,Movies,43,terminal,H0_text,True,0.0,True,1e-05,1e-05
trained_terminal,Movies,43,terminal,H0_visual,True,0.0,True,1e-05,1e-05
trained_terminal,Movies,43,terminal,H1_text,True,1.1920928955078125e-06,True,1e-05,1e-05
trained_terminal,Movies,43,terminal,H1_visual,True,1.430511474609375e-06,True,1e-05,1e-05
trained_terminal,Movies,43,terminal,H2_text,True,1.430511474609375e-06,True,1e-05,1e-05
trained_terminal,Movies,43,terminal,H2_visual,True,1.9073486328125e-06,True,1e-05,1e-05
trained_terminal,Movies,43,terminal,relation_text,True,7.152557373046875e-07,True,1e-05,1e-05
trained_terminal,Movies,43,terminal,relation_visual,True,9.5367431640625e-07,True,1e-05,1e-05
trained_terminal,Movies,43,terminal,relation_memory,True,9.5367431640625e-07,True,1e-05,1e-05
trained_terminal,Movies,43,terminal,base_relation_text,True,1.6689300537109375e-06,True,1e-05,1e-05
trained_terminal,Movies,43,terminal,base_relation_visual,True,1.6689300537109375e-06,True,1e-05,1e-05
trained_terminal,Movies,43,terminal,modulation_text_step0,True,1.1026859283447266e-06,True,1e-05,1e-05
trained_terminal,Movies,43,terminal,modulation_text_step1,True,9.5367431640625e-07,True,1e-05,1e-05
trained_terminal,Movies,43,terminal,modulation_visual_step0,True,9.98377799987793e-07,True,1e-05,1e-05
trained_terminal,Movies,43,terminal,modulation_visual_step1,True,9.238719940185547e-07,True,1e-05,1e-05
trained_terminal,Movies,43,terminal,execution_code_text_step0,True,1.6689300537109375e-06,True,1e-05,1e-05
trained_terminal,Movies,43,terminal,execution_code_text_step1,True,1.6689300537109375e-06,True,1e-05,1e-05
trained_terminal,Movies,43,terminal,execution_code_visual_step0,True,1.6689300537109375e-06,True,1e-05,1e-05
trained_terminal,Movies,43,terminal,execution_code_visual_step1,True,1.6689300537109375e-06,True,1e-05,1e-05
trained_terminal,Movies,43,terminal,delta_execution_code_text_step0,True,6.705522537231445e-08,True,1e-05,1e-05
trained_terminal,Movies,43,terminal,delta_execution_code_text_step1,True,7.450580596923828e-08,True,1e-05,1e-05
trained_terminal,Movies,43,terminal,delta_execution_code_visual_step0,True,8.940696716308594e-08,True,1e-05,1e-05
trained_terminal,Movies,43,terminal,delta_execution_code_visual_step1,True,1.1920928955078125e-07,True,1e-05,1e-05
trained_terminal,Movies,43,terminal,delta_message_text_step0,True,1.1175870895385742e-07,True,1e-05,1e-05
trained_terminal,Movies,43,terminal,delta_message_text_step1,True,2.384185791015625e-07,True,1e-05,1e-05
trained_terminal,Movies,43,terminal,delta_message_visual_step0,True,8.940696716308594e-08,True,1e-05,1e-05
trained_terminal,Movies,43,terminal,delta_message_visual_step1,True,2.384185791015625e-07,True,1e-05,1e-05
trained_prior_delta_gate,Movies,43,prior_delta_gate,H0_text,True,0.0,True,1e-05,1e-05
trained_prior_delta_gate,Movies,43,prior_delta_gate,H0_visual,True,0.0,True,1e-05,1e-05
trained_prior_delta_gate,Movies,43,prior_delta_gate,H1_text,True,9.5367431640625e-07,True,1e-05,1e-05
trained_prior_delta_gate,Movies,43,prior_delta_gate,H1_visual,True,1.430511474609375e-06,True,1e-05,1e-05
trained_prior_delta_gate,Movies,43,prior_delta_gate,H2_text,True,9.5367431640625e-07,True,1e-05,1e-05
trained_prior_delta_gate,Movies,43,prior_delta_gate,H2_visual,True,1.1920928955078125e-06,True,1e-05,1e-05
trained_prior_delta_gate,Movies,43,prior_delta_gate,relation_text,True,7.152557373046875e-07,True,1e-05,1e-05
trained_prior_delta_gate,Movies,43,prior_delta_gate,relation_visual,True,9.5367431640625e-07,True,1e-05,1e-05
trained_prior_delta_gate,Movies,43,prior_delta_gate,relation_memory,True,9.5367431640625e-07,True,1e-05,1e-05
trained_prior_delta_gate,Movies,43,prior_delta_gate,base_relation_text,True,1.6689300537109375e-06,True,1e-05,1e-05
trained_prior_delta_gate,Movies,43,prior_delta_gate,base_relation_visual,True,1.430511474609375e-06,True,1e-05,1e-05
trained_prior_delta_gate,Movies,43,prior_delta_gate,modulation_text_step0,True,8.391216397285461e-07,True,1e-05,1e-05
trained_prior_delta_gate,Movies,43,prior_delta_gate,modulation_text_step1,True,1.1622905731201172e-06,True,1e-05,1e-05
trained_prior_delta_gate,Movies,43,prior_delta_gate,modulation_visual_step0,True,8.195638656616211e-07,True,1e-05,1e-05
trained_prior_delta_gate,Movies,43,prior_delta_gate,modulation_visual_step1,True,8.046627044677734e-07,True,1e-05,1e-05
trained_prior_delta_gate,Movies,43,prior_delta_gate,execution_code_text_step0,True,1.6689300537109375e-06,True,1e-05,1e-05
trained_prior_delta_gate,Movies,43,prior_delta_gate,execution_code_text_step1,True,1.6689300537109375e-06,True,1e-05,1e-05
trained_prior_delta_gate,Movies,43,prior_delta_gate,execution_code_visual_step0,True,1.430511474609375e-06,True,1e-05,1e-05
trained_prior_delta_gate,Movies,43,prior_delta_gate,execution_code_visual_step1,True,1.430511474609375e-06,True,1e-05,1e-05
trained_prior_delta_gate,Movies,43,prior_delta_gate,delta_execution_code_text_step0,True,3.3527612686157227e-08,True,1e-05,1e-05
trained_prior_delta_gate,Movies,43,prior_delta_gate,delta_execution_code_text_step1,True,5.960464477539063e-08,True,1e-05,1e-05
trained_prior_delta_gate,Movies,43,prior_delta_gate,delta_execution_code_visual_step0,True,4.470348358154297e-08,True,1e-05,1e-05
trained_prior_delta_gate,Movies,43,prior_delta_gate,delta_execution_code_visual_step1,True,6.705522537231445e-08,True,1e-05,1e-05
trained_prior_delta_gate,Movies,43,prior_delta_gate,delta_message_text_step0,True,4.842877388000488e-08,True,1e-05,1e-05
trained_prior_delta_gate,Movies,43,prior_delta_gate,delta_message_text_step1,True,1.341104507446289e-07,True,1e-05,1e-05
trained_prior_delta_gate,Movies,43,prior_delta_gate,delta_message_visual_step0,True,4.470348358154297e-08,True,1e-05,1e-05
trained_prior_delta_gate,Movies,43,prior_delta_gate,delta_message_visual_step1,True,1.043081283569336e-07,True,1e-05,1e-05
trained_prior_update_add,Movies,43,prior_update_add,H0_text,True,0.0,True,1e-05,1e-05
trained_prior_update_add,Movies,43,prior_update_add,H0_visual,True,0.0,True,1e-05,1e-05
trained_prior_update_add,Movies,43,prior_update_add,H1_text,True,9.5367431640625e-07,True,1e-05,1e-05
trained_prior_update_add,Movies,43,prior_update_add,H1_visual,True,1.1920928955078125e-06,True,1e-05,1e-05
trained_prior_update_add,Movies,43,prior_update_add,H2_text,True,1.430511474609375e-06,True,1e-05,1e-05
trained_prior_update_add,Movies,43,prior_update_add,H2_visual,True,1.430511474609375e-06,True,1e-05,1e-05
trained_prior_update_add,Movies,43,prior_update_add,relation_text,True,9.5367431640625e-07,True,1e-05,1e-05
trained_prior_update_add,Movies,43,prior_update_add,relation_visual,True,9.5367431640625e-07,True,1e-05,1e-05
trained_prior_update_add,Movies,43,prior_update_add,relation_memory,True,9.5367431640625e-07,True,1e-05,1e-05
trained_prior_update_add,Movies,43,prior_update_add,base_relation_text,True,1.9073486328125e-06,True,1e-05,1e-05
trained_prior_update_add,Movies,43,prior_update_add,base_relation_visual,True,1.430511474609375e-06,True,1e-05,1e-05
trained_prior_update_add,Movies,43,prior_update_add,modulation_text_step0,True,1.0244548320770264e-06,True,1e-05,1e-05
trained_prior_update_add,Movies,43,prior_update_add,modulation_text_step1,True,8.642673492431641e-07,True,1e-05,1e-05
trained_prior_update_add,Movies,43,prior_update_add,modulation_visual_step0,True,1.1175870895385742e-06,True,1e-05,1e-05
trained_prior_update_add,Movies,43,prior_update_add,modulation_visual_step1,True,1.2442469596862793e-06,True,1e-05,1e-05
trained_prior_update_add,Movies,43,prior_update_add,execution_code_text_step0,True,1.9073486328125e-06,True,1e-05,1e-05
trained_prior_update_add,Movies,43,prior_update_add,execution_code_text_step1,True,1.9073486328125e-06,True,1e-05,1e-05
trained_prior_update_add,Movies,43,prior_update_add,execution_code_visual_step0,True,1.430511474609375e-06,True,1e-05,1e-05
trained_prior_update_add,Movies,43,prior_update_add,execution_code_visual_step1,True,1.430511474609375e-06,True,1e-05,1e-05
trained_prior_update_add,Movies,43,prior_update_add,delta_execution_code_text_step0,True,5.21540641784668e-08,True,1e-05,1e-05
trained_prior_update_add,Movies,43,prior_update_add,delta_execution_code_text_step1,True,1.0104849934577942e-07,True,1e-05,1e-05
trained_prior_update_add,Movies,43,prior_update_add,delta_execution_code_visual_step0,True,8.940696716308594e-08,True,1e-05,1e-05
trained_prior_update_add,Movies,43,prior_update_add,delta_execution_code_visual_step1,True,1.1920928955078125e-07,True,1e-05,1e-05
trained_prior_update_add,Movies,43,prior_update_add,delta_message_text_step0,True,1.1920928955078125e-07,True,1e-05,1e-05
trained_prior_update_add,Movies,43,prior_update_add,delta_message_text_step1,True,2.980232238769531e-07,True,1e-05,1e-05
trained_prior_update_add,Movies,43,prior_update_add,delta_message_visual_step0,True,6.705522537231445e-08,True,1e-05,1e-05
trained_prior_update_add,Movies,43,prior_update_add,delta_message_visual_step1,True,1.4901161193847656e-07,True,1e-05,1e-05
trained_prior_update_gate,Movies,43,prior_update_gate,H0_text,True,0.0,True,1e-05,1e-05
trained_prior_update_gate,Movies,43,prior_update_gate,H0_visual,True,0.0,True,1e-05,1e-05
trained_prior_update_gate,Movies,43,prior_update_gate,H1_text,True,9.5367431640625e-07,True,1e-05,1e-05
trained_prior_update_gate,Movies,43,prior_update_gate,H1_visual,True,1.430511474609375e-06,True,1e-05,1e-05
trained_prior_update_gate,Movies,43,prior_update_gate,H2_text,True,9.5367431640625e-07,True,1e-05,1e-05
trained_prior_update_gate,Movies,43,prior_update_gate,H2_visual,True,1.430511474609375e-06,True,1e-05,1e-05
trained_prior_update_gate,Movies,43,prior_update_gate,relation_text,True,9.5367431640625e-07,True,1e-05,1e-05
trained_prior_update_gate,Movies,43,prior_update_gate,relation_visual,True,9.5367431640625e-07,True,1e-05,1e-05
trained_prior_update_gate,Movies,43,prior_update_gate,relation_memory,True,9.5367431640625e-07,True,1e-05,1e-05
trained_prior_update_gate,Movies,43,prior_update_gate,base_relation_text,True,1.6689300537109375e-06,True,1e-05,1e-05
trained_prior_update_gate,Movies,43,prior_update_gate,base_relation_visual,True,1.430511474609375e-06,True,1e-05,1e-05
trained_prior_update_gate,Movies,43,prior_update_gate,modulation_text_step0,True,8.642673492431641e-07,True,1e-05,1e-05
trained_prior_update_gate,Movies,43,prior_update_gate,modulation_text_step1,True,8.847564458847046e-07,True,1e-05,1e-05
trained_prior_update_gate,Movies,43,prior_update_gate,modulation_visual_step0,True,8.940696716308594e-07,True,1e-05,1e-05
trained_prior_update_gate,Movies,43,prior_update_gate,modulation_visual_step1,True,8.046627044677734e-07,True,1e-05,1e-05
trained_prior_update_gate,Movies,43,prior_update_gate,execution_code_text_step0,True,1.6689300537109375e-06,True,1e-05,1e-05
trained_prior_update_gate,Movies,43,prior_update_gate,execution_code_text_step1,True,1.9073486328125e-06,True,1e-05,1e-05
trained_prior_update_gate,Movies,43,prior_update_gate,execution_code_visual_step0,True,1.430511474609375e-06,True,1e-05,1e-05
trained_prior_update_gate,Movies,43,prior_update_gate,execution_code_visual_step1,True,1.430511474609375e-06,True,1e-05,1e-05
trained_prior_update_gate,Movies,43,prior_update_gate,delta_execution_code_text_step0,True,7.450580596923828e-08,True,1e-05,1e-05
trained_prior_update_gate,Movies,43,prior_update_gate,delta_execution_code_text_step1,True,1.2665987014770508e-07,True,1e-05,1e-05
trained_prior_update_gate,Movies,43,prior_update_gate,delta_execution_code_visual_step0,True,8.940696716308594e-08,True,1e-05,1e-05
trained_prior_update_gate,Movies,43,prior_update_gate,delta_execution_code_visual_step1,True,1.1920928955078125e-07,True,1e-05,1e-05
trained_prior_update_gate,Movies,43,prior_update_gate,delta_message_text_step0,True,1.1920928955078125e-07,True,1e-05,1e-05
trained_prior_update_gate,Movies,43,prior_update_gate,delta_message_text_step1,True,3.5762786865234375e-07,True,1e-05,1e-05
trained_prior_update_gate,Movies,43,prior_update_gate,delta_message_visual_step0,True,1.1920928955078125e-07,True,1e-05,1e-05
trained_prior_update_gate,Movies,43,prior_update_gate,delta_message_visual_step1,True,2.384185791015625e-07,True,1e-05,1e-05
trained_terminal,Movies,44,terminal,H0_text,True,0.0,True,1e-05,1e-05
trained_terminal,Movies,44,terminal,H0_visual,True,0.0,True,1e-05,1e-05
trained_terminal,Movies,44,terminal,H1_text,True,1.430511474609375e-06,True,1e-05,1e-05
trained_terminal,Movies,44,terminal,H1_visual,True,1.430511474609375e-06,True,1e-05,1e-05
trained_terminal,Movies,44,terminal,H2_text,True,1.430511474609375e-06,True,1e-05,1e-05
trained_terminal,Movies,44,terminal,H2_visual,True,1.9073486328125e-06,True,1e-05,1e-05
trained_terminal,Movies,44,terminal,relation_text,True,7.152557373046875e-07,True,1e-05,1e-05
trained_terminal,Movies,44,terminal,relation_visual,True,9.5367431640625e-07,True,1e-05,1e-05
trained_terminal,Movies,44,terminal,relation_memory,True,9.5367431640625e-07,True,1e-05,1e-05
trained_terminal,Movies,44,terminal,base_relation_text,True,1.6689300537109375e-06,True,1e-05,1e-05
trained_terminal,Movies,44,terminal,base_relation_visual,True,1.9073486328125e-06,True,1e-05,1e-05
trained_terminal,Movies,44,terminal,modulation_text_step0,True,8.940696716308594e-07,True,1e-05,1e-05
trained_terminal,Movies,44,terminal,modulation_text_step1,True,9.5367431640625e-07,True,1e-05,1e-05
trained_terminal,Movies,44,terminal,modulation_visual_step0,True,1.2069940567016602e-06,True,1e-05,1e-05
trained_terminal,Movies,44,terminal,modulation_visual_step1,True,1.080334186553955e-06,True,1e-05,1e-05
trained_terminal,Movies,44,terminal,execution_code_text_step0,True,1.6689300537109375e-06,True,1e-05,1e-05
trained_terminal,Movies,44,terminal,execution_code_text_step1,True,1.6689300537109375e-06,True,1e-05,1e-05
trained_terminal,Movies,44,terminal,execution_code_visual_step0,True,1.9073486328125e-06,True,1e-05,1e-05
trained_terminal,Movies,44,terminal,execution_code_visual_step1,True,1.9073486328125e-06,True,1e-05,1e-05
trained_terminal,Movies,44,terminal,delta_execution_code_text_step0,True,8.940696716308594e-08,True,1e-05,1e-05
trained_terminal,Movies,44,terminal,delta_execution_code_text_step1,True,1.043081283569336e-07,True,1e-05,1e-05
trained_terminal,Movies,44,terminal,delta_execution_code_visual_step0,True,8.754432201385498e-08,True,1e-05,1e-05
trained_terminal,Movies,44,terminal,delta_execution_code_visual_step1,True,1.1920928955078125e-07,True,1e-05,1e-05
trained_terminal,Movies,44,terminal,delta_message_text_step0,True,2.1606683731079102e-07,True,1e-05,1e-05
trained_terminal,Movies,44,terminal,delta_message_text_step1,True,3.5762786865234375e-07,True,1e-05,1e-05
trained_terminal,Movies,44,terminal,delta_message_visual_step0,True,6.05359673500061e-08,True,1e-05,1e-05
trained_terminal,Movies,44,terminal,delta_message_visual_step1,True,1.341104507446289e-07,True,1e-05,1e-05
trained_prior_delta_gate,Movies,44,prior_delta_gate,H0_text,True,0.0,True,1e-05,1e-05
trained_prior_delta_gate,Movies,44,prior_delta_gate,H0_visual,True,0.0,True,1e-05,1e-05
trained_prior_delta_gate,Movies,44,prior_delta_gate,H1_text,True,1.430511474609375e-06,True,1e-05,1e-05
trained_prior_delta_gate,Movies,44,prior_delta_gate,H1_visual,True,1.430511474609375e-06,True,1e-05,1e-05
trained_prior_delta_gate,Movies,44,prior_delta_gate,H2_text,True,1.430511474609375e-06,True,1e-05,1e-05
trained_prior_delta_gate,Movies,44,prior_delta_gate,H2_visual,True,1.430511474609375e-06,True,1e-05,1e-05
trained_prior_delta_gate,Movies,44,prior_delta_gate,relation_text,True,1.1920928955078125e-06,True,1e-05,1e-05
trained_prior_delta_gate,Movies,44,prior_delta_gate,relation_visual,True,9.5367431640625e-07,True,1e-05,1e-05
trained_prior_delta_gate,Movies,44,prior_delta_gate,relation_memory,True,1.1920928955078125e-06,True,1e-05,1e-05
trained_prior_delta_gate,Movies,44,prior_delta_gate,base_relation_text,True,1.6689300537109375e-06,True,1e-05,1e-05
trained_prior_delta_gate,Movies,44,prior_delta_gate,base_relation_visual,True,1.430511474609375e-06,True,1e-05,1e-05
trained_prior_delta_gate,Movies,44,prior_delta_gate,modulation_text_step0,True,8.381903171539307e-07,True,1e-05,1e-05
trained_prior_delta_gate,Movies,44,prior_delta_gate,modulation_text_step1,True,8.642673492431641e-07,True,1e-05,1e-05
trained_prior_delta_gate,Movies,44,prior_delta_gate,modulation_visual_step0,True,7.599592208862305e-07,True,1e-05,1e-05
trained_prior_delta_gate,Movies,44,prior_delta_gate,modulation_visual_step1,True,7.562339305877686e-07,True,1e-05,1e-05
trained_prior_delta_gate,Movies,44,prior_delta_gate,execution_code_text_step0,True,1.6689300537109375e-06,True,1e-05,1e-05
trained_prior_delta_gate,Movies,44,prior_delta_gate,execution_code_text_step1,True,1.6689300537109375e-06,True,1e-05,1e-05
trained_prior_delta_gate,Movies,44,prior_delta_gate,execution_code_visual_step0,True,1.430511474609375e-06,True,1e-05,1e-05
trained_prior_delta_gate,Movies,44,prior_delta_gate,execution_code_visual_step1,True,1.430511474609375e-06,True,1e-05,1e-05
trained_prior_delta_gate,Movies,44,prior_delta_gate,delta_execution_code_text_step0,True,3.725290298461914e-08,True,1e-05,1e-05
trained_prior_delta_gate,Movies,44,prior_delta_gate,delta_execution_code_text_step1,True,8.940696716308594e-08,True,1e-05,1e-05
trained_prior_delta_gate,Movies,44,prior_delta_gate,delta_execution_code_visual_step0,True,7.450580596923828e-08,True,1e-05,1e-05
trained_prior_delta_gate,Movies,44,prior_delta_gate,delta_execution_code_visual_step1,True,1.043081283569336e-07,True,1e-05,1e-05
trained_prior_delta_gate,Movies,44,prior_delta_gate,delta_message_text_step0,True,1.4901161193847656e-07,True,1e-05,1e-05
trained_prior_delta_gate,Movies,44,prior_delta_gate,delta_message_text_step1,True,4.76837158203125e-07,True,1e-05,1e-05
trained_prior_delta_gate,Movies,44,prior_delta_gate,delta_message_visual_step0,True,7.450580596923828e-08,True,1e-05,1e-05
trained_prior_delta_gate,Movies,44,prior_delta_gate,delta_message_visual_step1,True,1.7881393432617188e-07,True,1e-05,1e-05
trained_prior_update_add,Movies,44,prior_update_add,H0_text,True,0.0,True,1e-05,1e-05
trained_prior_update_add,Movies,44,prior_update_add,H0_visual,True,0.0,True,1e-05,1e-05
trained_prior_update_add,Movies,44,prior_update_add,H1_text,True,9.5367431640625e-07,True,1e-05,1e-05
trained_prior_update_add,Movies,44,prior_update_add,H1_visual,True,9.5367431640625e-07,True,1e-05,1e-05
trained_prior_update_add,Movies,44,prior_update_add,H2_text,True,1.1920928955078125e-06,True,1e-05,1e-05
trained_prior_update_add,Movies,44,prior_update_add,H2_visual,True,1.430511474609375e-06,True,1e-05,1e-05
trained_prior_update_add,Movies,44,prior_update_add,relation_text,True,7.152557373046875e-07,True,1e-05,1e-05
trained_prior_update_add,Movies,44,prior_update_add,relation_visual,True,9.5367431640625e-07,True,1e-05,1e-05
trained_prior_update_add,Movies,44,prior_update_add,relation_memory,True,9.5367431640625e-07,True,1e-05,1e-05
trained_prior_update_add,Movies,44,prior_update_add,base_relation_text,True,1.6689300537109375e-06,True,1e-05,1e-05
trained_prior_update_add,Movies,44,prior_update_add,base_relation_visual,True,2.0265579223632812e-06,True,1e-05,1e-05
trained_prior_update_add,Movies,44,prior_update_add,modulation_text_step0,True,1.0132789611816406e-06,True,1e-05,1e-05
trained_prior_update_add,Movies,44,prior_update_add,modulation_text_step1,True,7.972121238708496e-07,True,1e-05,1e-05
trained_prior_update_add,Movies,44,prior_update_add,modulation_visual_step0,True,9.182840585708618e-07,True,1e-05,1e-05
trained_prior_update_add,Movies,44,prior_update_add,modulation_visual_step1,True,7.748603820800781e-07,True,1e-05,1e-05
trained_prior_update_add,Movies,44,prior_update_add,execution_code_text_step0,True,1.6689300537109375e-06,True,1e-05,1e-05
trained_prior_update_add,Movies,44,prior_update_add,execution_code_text_step1,True,1.6689300537109375e-06,True,1e-05,1e-05
trained_prior_update_add,Movies,44,prior_update_add,execution_code_visual_step0,True,2.0265579223632812e-06,True,1e-05,1e-05
trained_prior_update_add,Movies,44,prior_update_add,execution_code_visual_step1,True,2.0265579223632812e-06,True,1e-05,1e-05
trained_prior_update_add,Movies,44,prior_update_add,delta_execution_code_text_step0,True,5.960464477539063e-08,True,1e-05,1e-05
trained_prior_update_add,Movies,44,prior_update_add,delta_execution_code_text_step1,True,1.043081283569336e-07,True,1e-05,1e-05
trained_prior_update_add,Movies,44,prior_update_add,delta_execution_code_visual_step0,True,7.450580596923828e-08,True,1e-05,1e-05
trained_prior_update_add,Movies,44,prior_update_add,delta_execution_code_visual_step1,True,8.940696716308594e-08,True,1e-05,1e-05
trained_prior_update_add,Movies,44,prior_update_add,delta_message_text_step0,True,8.195638656616211e-08,True,1e-05,1e-05
trained_prior_update_add,Movies,44,prior_update_add,delta_message_text_step1,True,4.172325134277344e-07,True,1e-05,1e-05
trained_prior_update_add,Movies,44,prior_update_add,delta_message_visual_step0,True,4.470348358154297e-08,True,1e-05,1e-05
trained_prior_update_add,Movies,44,prior_update_add,delta_message_visual_step1,True,1.1920928955078125e-07,True,1e-05,1e-05
trained_prior_update_gate,Movies,44,prior_update_gate,H0_text,True,0.0,True,1e-05,1e-05
trained_prior_update_gate,Movies,44,prior_update_gate,H0_visual,True,0.0,True,1e-05,1e-05
trained_prior_update_gate,Movies,44,prior_update_gate,H1_text,True,9.5367431640625e-07,True,1e-05,1e-05
trained_prior_update_gate,Movies,44,prior_update_gate,H1_visual,True,1.430511474609375e-06,True,1e-05,1e-05
trained_prior_update_gate,Movies,44,prior_update_gate,H2_text,True,1.430511474609375e-06,True,1e-05,1e-05
trained_prior_update_gate,Movies,44,prior_update_gate,H2_visual,True,1.430511474609375e-06,True,1e-05,1e-05
trained_prior_update_gate,Movies,44,prior_update_gate,relation_text,True,9.5367431640625e-07,True,1e-05,1e-05
trained_prior_update_gate,Movies,44,prior_update_gate,relation_visual,True,9.5367431640625e-07,True,1e-05,1e-05
trained_prior_update_gate,Movies,44,prior_update_gate,relation_memory,True,9.5367431640625e-07,True,1e-05,1e-05
trained_prior_update_gate,Movies,44,prior_update_gate,base_relation_text,True,1.6689300537109375e-06,True,1e-05,1e-05
trained_prior_update_gate,Movies,44,prior_update_gate,base_relation_visual,True,1.430511474609375e-06,True,1e-05,1e-05
trained_prior_update_gate,Movies,44,prior_update_gate,modulation_text_step0,True,1.0207295417785645e-06,True,1e-05,1e-05
trained_prior_update_gate,Movies,44,prior_update_gate,modulation_text_step1,True,1.043081283569336e-06,True,1e-05,1e-05
trained_prior_update_gate,Movies,44,prior_update_gate,modulation_visual_step0,True,9.238719940185547e-07,True,1e-05,1e-05
trained_prior_update_gate,Movies,44,prior_update_gate,modulation_visual_step1,True,8.344650268554688e-07,True,1e-05,1e-05
trained_prior_update_gate,Movies,44,prior_update_gate,execution_code_text_step0,True,1.6689300537109375e-06,True,1e-05,1e-05
trained_prior_update_gate,Movies,44,prior_update_gate,execution_code_text_step1,True,1.6689300537109375e-06,True,1e-05,1e-05
trained_prior_update_gate,Movies,44,prior_update_gate,execution_code_visual_step0,True,1.430511474609375e-06,True,1e-05,1e-05
trained_prior_update_gate,Movies,44,prior_update_gate,execution_code_visual_step1,True,1.430511474609375e-06,True,1e-05,1e-05
trained_prior_update_gate,Movies,44,prior_update_gate,delta_execution_code_text_step0,True,1.4901161193847656e-07,True,1e-05,1e-05
trained_prior_update_gate,Movies,44,prior_update_gate,delta_execution_code_text_step1,True,2.086162567138672e-07,True,1e-05,1e-05
trained_prior_update_gate,Movies,44,prior_update_gate,delta_execution_code_visual_step0,True,1.7881393432617188e-07,True,1e-05,1e-05
trained_prior_update_gate,Movies,44,prior_update_gate,delta_execution_code_visual_step1,True,2.384185791015625e-07,True,1e-05,1e-05
trained_prior_update_gate,Movies,44,prior_update_gate,delta_message_text_step0,True,1.2665987014770508e-07,True,1e-05,1e-05
trained_prior_update_gate,Movies,44,prior_update_gate,delta_message_text_step1,True,5.960464477539062e-07,True,1e-05,1e-05
trained_prior_update_gate,Movies,44,prior_update_gate,delta_message_visual_step0,True,8.940696716308594e-08,True,1e-05,1e-05
trained_prior_update_gate,Movies,44,prior_update_gate,delta_message_visual_step1,True,2.086162567138672e-07,True,1e-05,1e-05
trained_terminal,Grocery,42,terminal,H0_text,True,0.0,True,1e-05,1e-05
trained_terminal,Grocery,42,terminal,H0_visual,True,0.0,True,1e-05,1e-05
trained_terminal,Grocery,42,terminal,H1_text,True,9.5367431640625e-07,True,1e-05,1e-05
trained_terminal,Grocery,42,terminal,H1_visual,True,1.430511474609375e-06,True,1e-05,1e-05
trained_terminal,Grocery,42,terminal,H2_text,True,1.430511474609375e-06,True,1e-05,1e-05
trained_terminal,Grocery,42,terminal,H2_visual,True,1.430511474609375e-06,True,1e-05,1e-05
trained_terminal,Grocery,42,terminal,relation_text,True,9.5367431640625e-07,True,1e-05,1e-05
trained_terminal,Grocery,42,terminal,relation_visual,True,9.5367431640625e-07,True,1e-05,1e-05
trained_terminal,Grocery,42,terminal,relation_memory,True,9.5367431640625e-07,True,1e-05,1e-05
trained_terminal,Grocery,42,terminal,base_relation_text,True,1.6689300537109375e-06,True,1e-05,1e-05
trained_terminal,Grocery,42,terminal,base_relation_visual,True,1.7881393432617188e-06,True,1e-05,1e-05
trained_terminal,Grocery,42,terminal,modulation_text_step0,True,1.0728836059570312e-06,True,1e-05,1e-05
trained_terminal,Grocery,42,terminal,modulation_text_step1,True,1.0244548320770264e-06,True,1e-05,1e-05
trained_terminal,Grocery,42,terminal,modulation_visual_step0,True,1.0132789611816406e-06,True,1e-05,1e-05
trained_terminal,Grocery,42,terminal,modulation_visual_step1,True,9.5367431640625e-07,True,1e-05,1e-05
trained_terminal,Grocery,42,terminal,execution_code_text_step0,True,1.6689300537109375e-06,True,1e-05,1e-05
trained_terminal,Grocery,42,terminal,execution_code_text_step1,True,1.9073486328125e-06,True,1e-05,1e-05
trained_terminal,Grocery,42,terminal,execution_code_visual_step0,True,1.7881393432617188e-06,True,1e-05,1e-05
trained_terminal,Grocery,42,terminal,execution_code_visual_step1,True,1.7285346984863281e-06,True,1e-05,1e-05
trained_terminal,Grocery,42,terminal,delta_execution_code_text_step0,True,2.384185791015625e-07,True,1e-05,1e-05
trained_terminal,Grocery,42,terminal,delta_execution_code_text_step1,True,2.384185791015625e-07,True,1e-05,1e-05
trained_terminal,Grocery,42,terminal,delta_execution_code_visual_step0,True,1.341104507446289e-07,True,1e-05,1e-05
trained_terminal,Grocery,42,terminal,delta_execution_code_visual_step1,True,1.4901161193847656e-07,True,1e-05,1e-05
trained_terminal,Grocery,42,terminal,delta_message_text_step0,True,1.9371509552001953e-07,True,1e-05,1e-05
trained_terminal,Grocery,42,terminal,delta_message_text_step1,True,3.5762786865234375e-07,True,1e-05,1e-05
trained_terminal,Grocery,42,terminal,delta_message_visual_step0,True,2.682209014892578e-07,True,1e-05,1e-05
trained_terminal,Grocery,42,terminal,delta_message_visual_step1,True,7.152557373046875e-07,True,1e-05,1e-05
trained_prior_delta_gate,Grocery,42,prior_delta_gate,H0_text,True,0.0,True,1e-05,1e-05
trained_prior_delta_gate,Grocery,42,prior_delta_gate,H0_visual,True,0.0,True,1e-05,1e-05
trained_prior_delta_gate,Grocery,42,prior_delta_gate,H1_text,True,1.430511474609375e-06,True,1e-05,1e-05
trained_prior_delta_gate,Grocery,42,prior_delta_gate,H1_visual,True,1.430511474609375e-06,True,1e-05,1e-05
trained_prior_delta_gate,Grocery,42,prior_delta_gate,H2_text,True,1.430511474609375e-06,True,1e-05,1e-05
trained_prior_delta_gate,Grocery,42,prior_delta_gate,H2_visual,True,1.430511474609375e-06,True,1e-05,1e-05
trained_prior_delta_gate,Grocery,42,prior_delta_gate,relation_text,True,9.5367431640625e-07,True,1e-05,1e-05
trained_prior_delta_gate,Grocery,42,prior_delta_gate,relation_visual,True,9.5367431640625e-07,True,1e-05,1e-05
trained_prior_delta_gate,Grocery,42,prior_delta_gate,relation_memory,True,9.5367431640625e-07,True,1e-05,1e-05
trained_prior_delta_gate,Grocery,42,prior_delta_gate,base_relation_text,True,1.9073486328125e-06,True,1e-05,1e-05
trained_prior_delta_gate,Grocery,42,prior_delta_gate,base_relation_visual,True,1.6689300537109375e-06,True,1e-05,1e-05
trained_prior_delta_gate,Grocery,42,prior_delta_gate,modulation_text_step0,True,1.1175870895385742e-06,True,1e-05,1e-05
trained_prior_delta_gate,Grocery,42,prior_delta_gate,modulation_text_step1,True,1.1175870895385742e-06,True,1e-05,1e-05
trained_prior_delta_gate,Grocery,42,prior_delta_gate,modulation_visual_step0,True,8.642673492431641e-07,True,1e-05,1e-05
trained_prior_delta_gate,Grocery,42,prior_delta_gate,modulation_visual_step1,True,9.387731552124023e-07,True,1e-05,1e-05
trained_prior_delta_gate,Grocery,42,prior_delta_gate,execution_code_text_step0,True,1.9073486328125e-06,True,1e-05,1e-05
trained_prior_delta_gate,Grocery,42,prior_delta_gate,execution_code_text_step1,True,1.7881393432617188e-06,True,1e-05,1e-05
trained_prior_delta_gate,Grocery,42,prior_delta_gate,execution_code_visual_step0,True,1.6689300537109375e-06,True,1e-05,1e-05
trained_prior_delta_gate,Grocery,42,prior_delta_gate,execution_code_visual_step1,True,1.6689300537109375e-06,True,1e-05,1e-05
trained_prior_delta_gate,Grocery,42,prior_delta_gate,delta_execution_code_text_step0,True,2.2724270820617676e-07,True,1e-05,1e-05
trained_prior_delta_gate,Grocery,42,prior_delta_gate,delta_execution_code_text_step1,True,2.8312206268310547e-07,True,1e-05,1e-05
trained_prior_delta_gate,Grocery,42,prior_delta_gate,delta_execution_code_visual_step0,True,1.2665987014770508e-07,True,1e-05,1e-05
trained_prior_delta_gate,Grocery,42,prior_delta_gate,delta_execution_code_visual_step1,True,2.086162567138672e-07,True,1e-05,1e-05
trained_prior_delta_gate,Grocery,42,prior_delta_gate,delta_message_text_step0,True,2.384185791015625e-07,True,1e-05,1e-05
trained_prior_delta_gate,Grocery,42,prior_delta_gate,delta_message_text_step1,True,4.76837158203125e-07,True,1e-05,1e-05
trained_prior_delta_gate,Grocery,42,prior_delta_gate,delta_message_visual_step0,True,2.384185791015625e-07,True,1e-05,1e-05
trained_prior_delta_gate,Grocery,42,prior_delta_gate,delta_message_visual_step1,True,7.152557373046875e-07,True,1e-05,1e-05
trained_prior_update_add,Grocery,42,prior_update_add,H0_text,True,0.0,True,1e-05,1e-05
trained_prior_update_add,Grocery,42,prior_update_add,H0_visual,True,0.0,True,1e-05,1e-05
trained_prior_update_add,Grocery,42,prior_update_add,H1_text,True,9.5367431640625e-07,True,1e-05,1e-05
trained_prior_update_add,Grocery,42,prior_update_add,H1_visual,True,9.5367431640625e-07,True,1e-05,1e-05
trained_prior_update_add,Grocery,42,prior_update_add,H2_text,True,9.5367431640625e-07,True,1e-05,1e-05
trained_prior_update_add,Grocery,42,prior_update_add,H2_visual,True,1.430511474609375e-06,True,1e-05,1e-05
trained_prior_update_add,Grocery,42,prior_update_add,relation_text,True,9.5367431640625e-07,True,1e-05,1e-05
trained_prior_update_add,Grocery,42,prior_update_add,relation_visual,True,9.5367431640625e-07,True,1e-05,1e-05
trained_prior_update_add,Grocery,42,prior_update_add,relation_memory,True,9.5367431640625e-07,True,1e-05,1e-05
trained_prior_update_add,Grocery,42,prior_update_add,base_relation_text,True,1.430511474609375e-06,True,1e-05,1e-05
trained_prior_update_add,Grocery,42,prior_update_add,base_relation_visual,True,1.430511474609375e-06,True,1e-05,1e-05
trained_prior_update_add,Grocery,42,prior_update_add,modulation_text_step0,True,8.940696716308594e-07,True,1e-05,1e-05
trained_prior_update_add,Grocery,42,prior_update_add,modulation_text_step1,True,8.642673492431641e-07,True,1e-05,1e-05
trained_prior_update_add,Grocery,42,prior_update_add,modulation_visual_step0,True,8.642673492431641e-07,True,1e-05,1e-05
trained_prior_update_add,Grocery,42,prior_update_add,modulation_visual_step1,True,8.940696716308594e-07,True,1e-05,1e-05
trained_prior_update_add,Grocery,42,prior_update_add,execution_code_text_step0,True,1.430511474609375e-06,True,1e-05,1e-05
trained_prior_update_add,Grocery,42,prior_update_add,execution_code_text_step1,True,1.430511474609375e-06,True,1e-05,1e-05
trained_prior_update_add,Grocery,42,prior_update_add,execution_code_visual_step0,True,1.430511474609375e-06,True,1e-05,1e-05
trained_prior_update_add,Grocery,42,prior_update_add,execution_code_visual_step1,True,1.430511474609375e-06,True,1e-05,1e-05
trained_prior_update_add,Grocery,42,prior_update_add,delta_execution_code_text_step0,True,1.4528632164001465e-07,True,1e-05,1e-05
trained_prior_update_add,Grocery,42,prior_update_add,delta_execution_code_text_step1,True,1.7881393432617188e-07,True,1e-05,1e-05
trained_prior_update_add,Grocery,42,prior_update_add,delta_execution_code_visual_step0,True,8.940696716308594e-08,True,1e-05,1e-05
trained_prior_update_add,Grocery,42,prior_update_add,delta_execution_code_visual_step1,True,1.1920928955078125e-07,True,1e-05,1e-05
trained_prior_update_add,Grocery,42,prior_update_add,delta_message_text_step0,True,2.5331974029541016e-07,True,1e-05,1e-05
trained_prior_update_add,Grocery,42,prior_update_add,delta_message_text_step1,True,4.76837158203125e-07,True,1e-05,1e-05
trained_prior_update_add,Grocery,42,prior_update_add,delta_message_visual_step0,True,9.313225746154785e-08,True,1e-05,1e-05
trained_prior_update_add,Grocery,42,prior_update_add,delta_message_visual_step1,True,2.980232238769531e-07,True,1e-05,1e-05
trained_prior_update_gate,Grocery,42,prior_update_gate,H0_text,True,0.0,True,1e-05,1e-05
trained_prior_update_gate,Grocery,42,prior_update_gate,H0_visual,True,0.0,True,1e-05,1e-05
trained_prior_update_gate,Grocery,42,prior_update_gate,H1_text,True,1.430511474609375e-06,True,1e-05,1e-05
trained_prior_update_gate,Grocery,42,prior_update_gate,H1_visual,True,1.430511474609375e-06,True,1e-05,1e-05
trained_prior_update_gate,Grocery,42,prior_update_gate,H2_text,True,1.430511474609375e-06,True,1e-05,1e-05
trained_prior_update_gate,Grocery,42,prior_update_gate,H2_visual,True,1.9073486328125e-06,True,1e-05,1e-05
trained_prior_update_gate,Grocery,42,prior_update_gate,relation_text,True,9.5367431640625e-07,True,1e-05,1e-05
trained_prior_update_gate,Grocery,42,prior_update_gate,relation_visual,True,1.1920928955078125e-06,True,1e-05,1e-05
trained_prior_update_gate,Grocery,42,prior_update_gate,relation_memory,True,1.1920928955078125e-06,True,1e-05,1e-05
trained_prior_update_gate,Grocery,42,prior_update_gate,base_relation_text,True,1.6689300537109375e-06,True,1e-05,1e-05
trained_prior_update_gate,Grocery,42,prior_update_gate,base_relation_visual,True,1.6689300537109375e-06,True,1e-05,1e-05
trained_prior_update_gate,Grocery,42,prior_update_gate,modulation_text_step0,True,9.238719940185547e-07,True,1e-05,1e-05
trained_prior_update_gate,Grocery,42,prior_update_gate,modulation_text_step1,True,9.685754776000977e-07,True,1e-05,1e-05
trained_prior_update_gate,Grocery,42,prior_update_gate,modulation_visual_step0,True,8.642673492431641e-07,True,1e-05,1e-05
trained_prior_update_gate,Grocery,42,prior_update_gate,modulation_visual_step1,True,9.015202522277832e-07,True,1e-05,1e-05
trained_prior_update_gate,Grocery,42,prior_update_gate,execution_code_text_step0,True,1.7881393432617188e-06,True,1e-05,1e-05
trained_prior_update_gate,Grocery,42,prior_update_gate,execution_code_text_step1,True,1.6689300537109375e-06,True,1e-05,1e-05
trained_prior_update_gate,Grocery,42,prior_update_gate,execution_code_visual_step0,True,1.6689300537109375e-06,True,1e-05,1e-05
trained_prior_update_gate,Grocery,42,prior_update_gate,execution_code_visual_step1,True,1.6689300537109375e-06,True,1e-05,1e-05
trained_prior_update_gate,Grocery,42,prior_update_gate,delta_execution_code_text_step0,True,1.7881393432617188e-07,True,1e-05,1e-05
trained_prior_update_gate,Grocery,42,prior_update_gate,delta_execution_code_text_step1,True,2.4586915969848633e-07,True,1e-05,1e-05
trained_prior_update_gate,Grocery,42,prior_update_gate,delta_execution_code_visual_step0,True,1.1920928955078125e-07,True,1e-05,1e-05
trained_prior_update_gate,Grocery,42,prior_update_gate,delta_execution_code_visual_step1,True,1.7881393432617188e-07,True,1e-05,1e-05
trained_prior_update_gate,Grocery,42,prior_update_gate,delta_message_text_step0,True,1.8673017621040344e-07,True,1e-05,1e-05
trained_prior_update_gate,Grocery,42,prior_update_gate,delta_message_text_step1,True,4.172325134277344e-07,True,1e-05,1e-05
trained_prior_update_gate,Grocery,42,prior_update_gate,delta_message_visual_step0,True,1.4901161193847656e-07,True,1e-05,1e-05
trained_prior_update_gate,Grocery,42,prior_update_gate,delta_message_visual_step1,True,4.172325134277344e-07,True,1e-05,1e-05
trained_terminal,Grocery,43,terminal,H0_text,True,0.0,True,1e-05,1e-05
trained_terminal,Grocery,43,terminal,H0_visual,True,0.0,True,1e-05,1e-05
trained_terminal,Grocery,43,terminal,H1_text,True,1.430511474609375e-06,True,1e-05,1e-05
trained_terminal,Grocery,43,terminal,H1_visual,True,1.1920928955078125e-06,True,1e-05,1e-05
trained_terminal,Grocery,43,terminal,H2_text,True,1.430511474609375e-06,True,1e-05,1e-05
trained_terminal,Grocery,43,terminal,H2_visual,True,1.430511474609375e-06,True,1e-05,1e-05
trained_terminal,Grocery,43,terminal,relation_text,True,1.1920928955078125e-06,True,1e-05,1e-05
trained_terminal,Grocery,43,terminal,relation_visual,True,9.5367431640625e-07,True,1e-05,1e-05
trained_terminal,Grocery,43,terminal,relation_memory,True,1.1920928955078125e-06,True,1e-05,1e-05
trained_terminal,Grocery,43,terminal,base_relation_text,True,1.6689300537109375e-06,True,1e-05,1e-05
trained_terminal,Grocery,43,terminal,base_relation_visual,True,1.6689300537109375e-06,True,1e-05,1e-05
trained_terminal,Grocery,43,terminal,modulation_text_step0,True,9.834766387939453e-07,True,1e-05,1e-05
trained_terminal,Grocery,43,terminal,modulation_text_step1,True,9.834766387939453e-07,True,1e-05,1e-05
trained_terminal,Grocery,43,terminal,modulation_visual_step0,True,1.0728836059570312e-06,True,1e-05,1e-05
trained_terminal,Grocery,43,terminal,modulation_visual_step1,True,1.169741153717041e-06,True,1e-05,1e-05
trained_terminal,Grocery,43,terminal,execution_code_text_step0,True,1.6689300537109375e-06,True,1e-05,1e-05
trained_terminal,Grocery,43,terminal,execution_code_text_step1,True,1.9073486328125e-06,True,1e-05,1e-05
trained_terminal,Grocery,43,terminal,execution_code_visual_step0,True,1.6689300537109375e-06,True,1e-05,1e-05
trained_terminal,Grocery,43,terminal,execution_code_visual_step1,True,1.6689300537109375e-06,True,1e-05,1e-05
trained_terminal,Grocery,43,terminal,delta_execution_code_text_step0,True,1.4901161193847656e-07,True,1e-05,1e-05
trained_terminal,Grocery,43,terminal,delta_execution_code_text_step1,True,1.7881393432617188e-07,True,1e-05,1e-05
trained_terminal,Grocery,43,terminal,delta_execution_code_visual_step0,True,1.7881393432617188e-07,True,1e-05,1e-05
trained_terminal,Grocery,43,terminal,delta_execution_code_visual_step1,True,2.384185791015625e-07,True,1e-05,1e-05
trained_terminal,Grocery,43,terminal,delta_message_text_step0,True,3.2782554626464844e-07,True,1e-05,1e-05
trained_terminal,Grocery,43,terminal,delta_message_text_step1,True,1.1920928955078125e-06,True,1e-05,1e-05
trained_terminal,Grocery,43,terminal,delta_message_visual_step0,True,2.682209014892578e-07,True,1e-05,1e-05
trained_terminal,Grocery,43,terminal,delta_message_visual_step1,True,9.5367431640625e-07,True,1e-05,1e-05
trained_prior_delta_gate,Grocery,43,prior_delta_gate,H0_text,True,0.0,True,1e-05,1e-05
trained_prior_delta_gate,Grocery,43,prior_delta_gate,H0_visual,True,0.0,True,1e-05,1e-05
trained_prior_delta_gate,Grocery,43,prior_delta_gate,H1_text,True,1.430511474609375e-06,True,1e-05,1e-05
trained_prior_delta_gate,Grocery,43,prior_delta_gate,H1_visual,True,9.5367431640625e-07,True,1e-05,1e-05
trained_prior_delta_gate,Grocery,43,prior_delta_gate,H2_text,True,1.430511474609375e-06,True,1e-05,1e-05
trained_prior_delta_gate,Grocery,43,prior_delta_gate,H2_visual,True,1.1920928955078125e-06,True,1e-05,1e-05
trained_prior_delta_gate,Grocery,43,prior_delta_gate,relation_text,True,7.152557373046875e-07,True,1e-05,1e-05
trained_prior_delta_gate,Grocery,43,prior_delta_gate,relation_visual,True,9.5367431640625e-07,True,1e-05,1e-05
trained_prior_delta_gate,Grocery,43,prior_delta_gate,relation_memory,True,9.5367431640625e-07,True,1e-05,1e-05
trained_prior_delta_gate,Grocery,43,prior_delta_gate,base_relation_text,True,1.6689300537109375e-06,True,1e-05,1e-05
trained_prior_delta_gate,Grocery,43,prior_delta_gate,base_relation_visual,True,1.430511474609375e-06,True,1e-05,1e-05
trained_prior_delta_gate,Grocery,43,prior_delta_gate,modulation_text_step0,True,8.791685104370117e-07,True,1e-05,1e-05
trained_prior_delta_gate,Grocery,43,prior_delta_gate,modulation_text_step1,True,8.642673492431641e-07,True,1e-05,1e-05
trained_prior_delta_gate,Grocery,43,prior_delta_gate,modulation_visual_step0,True,9.834766387939453e-07,True,1e-05,1e-05
trained_prior_delta_gate,Grocery,43,prior_delta_gate,modulation_visual_step1,True,8.940696716308594e-07,True,1e-05,1e-05
trained_prior_delta_gate,Grocery,43,prior_delta_gate,execution_code_text_step0,True,1.6689300537109375e-06,True,1e-05,1e-05
trained_prior_delta_gate,Grocery,43,prior_delta_gate,execution_code_text_step1,True,1.6689300537109375e-06,True,1e-05,1e-05
trained_prior_delta_gate,Grocery,43,prior_delta_gate,execution_code_visual_step0,True,1.430511474609375e-06,True,1e-05,1e-05
trained_prior_delta_gate,Grocery,43,prior_delta_gate,execution_code_visual_step1,True,1.430511474609375e-06,True,1e-05,1e-05
trained_prior_delta_gate,Grocery,43,prior_delta_gate,delta_execution_code_text_step0,True,1.1920928955078125e-07,True,1e-05,1e-05
trained_prior_delta_gate,Grocery,43,prior_delta_gate,delta_execution_code_text_step1,True,1.4901161193847656e-07,True,1e-05,1e-05
trained_prior_delta_gate,Grocery,43,prior_delta_gate,delta_execution_code_visual_step0,True,1.4901161193847656e-07,True,1e-05,1e-05
trained_prior_delta_gate,Grocery,43,prior_delta_gate,delta_execution_code_visual_step1,True,1.4901161193847656e-07,True,1e-05,1e-05
trained_prior_delta_gate,Grocery,43,prior_delta_gate,delta_message_text_step0,True,2.384185791015625e-07,True,1e-05,1e-05
trained_prior_delta_gate,Grocery,43,prior_delta_gate,delta_message_text_step1,True,4.76837158203125e-07,True,1e-05,1e-05
trained_prior_delta_gate,Grocery,43,prior_delta_gate,delta_message_visual_step0,True,1.4901161193847656e-07,True,1e-05,1e-05
trained_prior_delta_gate,Grocery,43,prior_delta_gate,delta_message_visual_step1,True,4.76837158203125e-07,True,1e-05,1e-05
trained_prior_update_add,Grocery,43,prior_update_add,H0_text,True,0.0,True,1e-05,1e-05
trained_prior_update_add,Grocery,43,prior_update_add,H0_visual,True,0.0,True,1e-05,1e-05
trained_prior_update_add,Grocery,43,prior_update_add,H1_text,True,1.9073486328125e-06,True,1e-05,1e-05
trained_prior_update_add,Grocery,43,prior_update_add,H1_visual,True,1.430511474609375e-06,True,1e-05,1e-05
trained_prior_update_add,Grocery,43,prior_update_add,H2_text,True,1.9073486328125e-06,True,1e-05,1e-05
trained_prior_update_add,Grocery,43,prior_update_add,H2_visual,True,1.430511474609375e-06,True,1e-05,1e-05
trained_prior_update_add,Grocery,43,prior_update_add,relation_text,True,9.5367431640625e-07,True,1e-05,1e-05
trained_prior_update_add,Grocery,43,prior_update_add,relation_visual,True,9.5367431640625e-07,True,1e-05,1e-05
trained_prior_update_add,Grocery,43,prior_update_add,relation_memory,True,9.5367431640625e-07,True,1e-05,1e-05
trained_prior_update_add,Grocery,43,prior_update_add,base_relation_text,True,1.6689300537109375e-06,True,1e-05,1e-05
trained_prior_update_add,Grocery,43,prior_update_add,base_relation_visual,True,1.430511474609375e-06,True,1e-05,1e-05
trained_prior_update_add,Grocery,43,prior_update_add,modulation_text_step0,True,9.5367431640625e-07,True,1e-05,1e-05
trained_prior_update_add,Grocery,43,prior_update_add,modulation_text_step1,True,9.834766387939453e-07,True,1e-05,1e-05
trained_prior_update_add,Grocery,43,prior_update_add,modulation_visual_step0,True,9.238719940185547e-07,True,1e-05,1e-05
trained_prior_update_add,Grocery,43,prior_update_add,modulation_visual_step1,True,8.940696716308594e-07,True,1e-05,1e-05
trained_prior_update_add,Grocery,43,prior_update_add,execution_code_text_step0,True,1.6689300537109375e-06,True,1e-05,1e-05
trained_prior_update_add,Grocery,43,prior_update_add,execution_code_text_step1,True,1.6689300537109375e-06,True,1e-05,1e-05
trained_prior_update_add,Grocery,43,prior_update_add,execution_code_visual_step0,True,1.430511474609375e-06,True,1e-05,1e-05
trained_prior_update_add,Grocery,43,prior_update_add,execution_code_visual_step1,True,1.430511474609375e-06,True,1e-05,1e-05
trained_prior_update_add,Grocery,43,prior_update_add,delta_execution_code_text_step0,True,2.086162567138672e-07,True,1e-05,1e-05
trained_prior_update_add,Grocery,43,prior_update_add,delta_execution_code_text_step1,True,2.980232238769531e-07,True,1e-05,1e-05
trained_prior_update_add,Grocery,43,prior_update_add,delta_execution_code_visual_step0,True,1.9371509552001953e-07,True,1e-05,1e-05
trained_prior_update_add,Grocery,43,prior_update_add,delta_execution_code_visual_step1,True,2.980232238769531e-07,True,1e-05,1e-05
trained_prior_update_add,Grocery,43,prior_update_add,delta_message_text_step0,True,3.5762786865234375e-07,True,1e-05,1e-05
trained_prior_update_add,Grocery,43,prior_update_add,delta_message_text_step1,True,8.344650268554688e-07,True,1e-05,1e-05
trained_prior_update_add,Grocery,43,prior_update_add,delta_message_visual_step0,True,1.878943294286728e-07,True,1e-05,1e-05
trained_prior_update_add,Grocery,43,prior_update_add,delta_message_visual_step1,True,4.76837158203125e-07,True,1e-05,1e-05
trained_prior_update_gate,Grocery,43,prior_update_gate,H0_text,True,0.0,True,1e-05,1e-05
trained_prior_update_gate,Grocery,43,prior_update_gate,H0_visual,True,0.0,True,1e-05,1e-05
trained_prior_update_gate,Grocery,43,prior_update_gate,H1_text,True,1.430511474609375e-06,True,1e-05,1e-05
trained_prior_update_gate,Grocery,43,prior_update_gate,H1_visual,True,1.1920928955078125e-06,True,1e-05,1e-05
trained_prior_update_gate,Grocery,43,prior_update_gate,H2_text,True,1.9073486328125e-06,True,1e-05,1e-05
trained_prior_update_gate,Grocery,43,prior_update_gate,H2_visual,True,1.430511474609375e-06,True,1e-05,1e-05
trained_prior_update_gate,Grocery,43,prior_update_gate,relation_text,True,7.152557373046875e-07,True,1e-05,1e-05
trained_prior_update_gate,Grocery,43,prior_update_gate,relation_visual,True,7.152557373046875e-07,True,1e-05,1e-05
trained_prior_update_gate,Grocery,43,prior_update_gate,relation_memory,True,7.152557373046875e-07,True,1e-05,1e-05
trained_prior_update_gate,Grocery,43,prior_update_gate,base_relation_text,True,1.9073486328125e-06,True,1e-05,1e-05
trained_prior_update_gate,Grocery,43,prior_update_gate,base_relation_visual,True,1.6689300537109375e-06,True,1e-05,1e-05
trained_prior_update_gate,Grocery,43,prior_update_gate,modulation_text_step0,True,1.166015863418579e-06,True,1e-05,1e-05
trained_prior_update_gate,Grocery,43,prior_update_gate,modulation_text_step1,True,9.5367431640625e-07,True,1e-05,1e-05
trained_prior_update_gate,Grocery,43,prior_update_gate,modulation_visual_step0,True,8.046627044677734e-07,True,1e-05,1e-05
trained_prior_update_gate,Grocery,43,prior_update_gate,modulation_visual_step1,True,8.046627044677734e-07,True,1e-05,1e-05
trained_prior_update_gate,Grocery,43,prior_update_gate,execution_code_text_step0,True,1.9073486328125e-06,True,1e-05,1e-05
trained_prior_update_gate,Grocery,43,prior_update_gate,execution_code_text_step1,True,1.9073486328125e-06,True,1e-05,1e-05
trained_prior_update_gate,Grocery,43,prior_update_gate,execution_code_visual_step0,True,1.6689300537109375e-06,True,1e-05,1e-05
trained_prior_update_gate,Grocery,43,prior_update_gate,execution_code_visual_step1,True,1.6689300537109375e-06,True,1e-05,1e-05
trained_prior_update_gate,Grocery,43,prior_update_gate,delta_execution_code_text_step0,True,1.7881393432617188e-07,True,1e-05,1e-05
trained_prior_update_gate,Grocery,43,prior_update_gate,delta_execution_code_text_step1,True,3.5762786865234375e-07,True,1e-05,1e-05
trained_prior_update_gate,Grocery,43,prior_update_gate,delta_execution_code_visual_step0,True,1.4901161193847656e-07,True,1e-05,1e-05
trained_prior_update_gate,Grocery,43,prior_update_gate,delta_execution_code_visual_step1,True,2.384185791015625e-07,True,1e-05,1e-05
trained_prior_update_gate,Grocery,43,prior_update_gate,delta_message_text_step0,True,2.384185791015625e-07,True,1e-05,1e-05
trained_prior_update_gate,Grocery,43,prior_update_gate,delta_message_text_step1,True,5.960464477539062e-07,True,1e-05,1e-05
trained_prior_update_gate,Grocery,43,prior_update_gate,delta_message_visual_step0,True,1.7881393432617188e-07,True,1e-05,1e-05
trained_prior_update_gate,Grocery,43,prior_update_gate,delta_message_visual_step1,True,3.5762786865234375e-07,True,1e-05,1e-05
trained_terminal,Grocery,44,terminal,H0_text,True,0.0,True,1e-05,1e-05
trained_terminal,Grocery,44,terminal,H0_visual,True,0.0,True,1e-05,1e-05
trained_terminal,Grocery,44,terminal,H1_text,True,1.1920928955078125e-06,True,1e-05,1e-05
trained_terminal,Grocery,44,terminal,H1_visual,True,9.5367431640625e-07,True,1e-05,1e-05
trained_terminal,Grocery,44,terminal,H2_text,True,1.430511474609375e-06,True,1e-05,1e-05
trained_terminal,Grocery,44,terminal,H2_visual,True,1.9073486328125e-06,True,1e-05,1e-05
trained_terminal,Grocery,44,terminal,relation_text,True,9.5367431640625e-07,True,1e-05,1e-05
trained_terminal,Grocery,44,terminal,relation_visual,True,9.5367431640625e-07,True,1e-05,1e-05
trained_terminal,Grocery,44,terminal,relation_memory,True,9.5367431640625e-07,True,1e-05,1e-05
trained_terminal,Grocery,44,terminal,base_relation_text,True,1.6689300537109375e-06,True,1e-05,1e-05
trained_terminal,Grocery,44,terminal,base_relation_visual,True,1.5497207641601562e-06,True,1e-05,1e-05
trained_terminal,Grocery,44,terminal,modulation_text_step0,True,1.043081283569336e-06,True,1e-05,1e-05
trained_terminal,Grocery,44,terminal,modulation_text_step1,True,1.0132789611816406e-06,True,1e-05,1e-05
trained_terminal,Grocery,44,terminal,modulation_visual_step0,True,9.834766387939453e-07,True,1e-05,1e-05
trained_terminal,Grocery,44,terminal,modulation_visual_step1,True,9.5367431640625e-07,True,1e-05,1e-05
trained_terminal,Grocery,44,terminal,execution_code_text_step0,True,1.6689300537109375e-06,True,1e-05,1e-05
trained_terminal,Grocery,44,terminal,execution_code_text_step1,True,1.6689300537109375e-06,True,1e-05,1e-05
trained_terminal,Grocery,44,terminal,execution_code_visual_step0,True,1.6689300537109375e-06,True,1e-05,1e-05
trained_terminal,Grocery,44,terminal,execution_code_visual_step1,True,1.6689300537109375e-06,True,1e-05,1e-05
trained_terminal,Grocery,44,terminal,delta_execution_code_text_step0,True,2.682209014892578e-07,True,1e-05,1e-05
trained_terminal,Grocery,44,terminal,delta_execution_code_text_step1,True,3.5762786865234375e-07,True,1e-05,1e-05
trained_terminal,Grocery,44,terminal,delta_execution_code_visual_step0,True,1.7881393432617188e-07,True,1e-05,1e-05
trained_terminal,Grocery,44,terminal,delta_execution_code_visual_step1,True,2.682209014892578e-07,True,1e-05,1e-05
trained_terminal,Grocery,44,terminal,delta_message_text_step0,True,4.172325134277344e-07,True,1e-05,1e-05
trained_terminal,Grocery,44,terminal,delta_message_text_step1,True,1.430511474609375e-06,True,1e-05,1e-05
trained_terminal,Grocery,44,terminal,delta_message_visual_step0,True,4.76837158203125e-07,True,1e-05,1e-05
trained_terminal,Grocery,44,terminal,delta_message_visual_step1,True,1.430511474609375e-06,True,1e-05,1e-05
trained_prior_delta_gate,Grocery,44,prior_delta_gate,H0_text,True,0.0,True,1e-05,1e-05
trained_prior_delta_gate,Grocery,44,prior_delta_gate,H0_visual,True,0.0,True,1e-05,1e-05
trained_prior_delta_gate,Grocery,44,prior_delta_gate,H1_text,True,1.9073486328125e-06,True,1e-05,1e-05
trained_prior_delta_gate,Grocery,44,prior_delta_gate,H1_visual,True,9.5367431640625e-07,True,1e-05,1e-05
trained_prior_delta_gate,Grocery,44,prior_delta_gate,H2_text,True,1.430511474609375e-06,True,1e-05,1e-05
trained_prior_delta_gate,Grocery,44,prior_delta_gate,H2_visual,True,1.430511474609375e-06,True,1e-05,1e-05
trained_prior_delta_gate,Grocery,44,prior_delta_gate,relation_text,True,9.5367431640625e-07,True,1e-05,1e-05
trained_prior_delta_gate,Grocery,44,prior_delta_gate,relation_visual,True,9.5367431640625e-07,True,1e-05,1e-05
trained_prior_delta_gate,Grocery,44,prior_delta_gate,relation_memory,True,9.5367431640625e-07,True,1e-05,1e-05
trained_prior_delta_gate,Grocery,44,prior_delta_gate,base_relation_text,True,1.430511474609375e-06,True,1e-05,1e-05
trained_prior_delta_gate,Grocery,44,prior_delta_gate,base_relation_visual,True,1.430511474609375e-06,True,1e-05,1e-05
trained_prior_delta_gate,Grocery,44,prior_delta_gate,modulation_text_step0,True,9.5367431640625e-07,True,1e-05,1e-05
trained_prior_delta_gate,Grocery,44,prior_delta_gate,modulation_text_step1,True,1.0281801223754883e-06,True,1e-05,1e-05
trained_prior_delta_gate,Grocery,44,prior_delta_gate,modulation_visual_step0,True,9.387731552124023e-07,True,1e-05,1e-05
trained_prior_delta_gate,Grocery,44,prior_delta_gate,modulation_visual_step1,True,9.5367431640625e-07,True,1e-05,1e-05
trained_prior_delta_gate,Grocery,44,prior_delta_gate,execution_code_text_step0,True,1.430511474609375e-06,True,1e-05,1e-05
trained_prior_delta_gate,Grocery,44,prior_delta_gate,execution_code_text_step1,True,1.6689300537109375e-06,True,1e-05,1e-05
trained_prior_delta_gate,Grocery,44,prior_delta_gate,execution_code_visual_step0,True,1.430511474609375e-06,True,1e-05,1e-05
trained_prior_delta_gate,Grocery,44,prior_delta_gate,execution_code_visual_step1,True,1.430511474609375e-06,True,1e-05,1e-05
trained_prior_delta_gate,Grocery,44,prior_delta_gate,delta_execution_code_text_step0,True,2.384185791015625e-07,True,1e-05,1e-05
trained_prior_delta_gate,Grocery,44,prior_delta_gate,delta_execution_code_text_step1,True,4.76837158203125e-07,True,1e-05,1e-05
trained_prior_delta_gate,Grocery,44,prior_delta_gate,delta_execution_code_visual_step0,True,2.384185791015625e-07,True,1e-05,1e-05
trained_prior_delta_gate,Grocery,44,prior_delta_gate,delta_execution_code_visual_step1,True,2.980232238769531e-07,True,1e-05,1e-05
trained_prior_delta_gate,Grocery,44,prior_delta_gate,delta_message_text_step0,True,2.384185791015625e-07,True,1e-05,1e-05
trained_prior_delta_gate,Grocery,44,prior_delta_gate,delta_message_text_step1,True,7.152557373046875e-07,True,1e-05,1e-05
trained_prior_delta_gate,Grocery,44,prior_delta_gate,delta_message_visual_step0,True,2.8312206268310547e-07,True,1e-05,1e-05
trained_prior_delta_gate,Grocery,44,prior_delta_gate,delta_message_visual_step1,True,5.960464477539062e-07,True,1e-05,1e-05
trained_prior_update_add,Grocery,44,prior_update_add,H0_text,True,0.0,True,1e-05,1e-05
trained_prior_update_add,Grocery,44,prior_update_add,H0_visual,True,0.0,True,1e-05,1e-05
trained_prior_update_add,Grocery,44,prior_update_add,H1_text,True,1.9073486328125e-06,True,1e-05,1e-05
trained_prior_update_add,Grocery,44,prior_update_add,H1_visual,True,1.430511474609375e-06,True,1e-05,1e-05
trained_prior_update_add,Grocery,44,prior_update_add,H2_text,True,1.430511474609375e-06,True,1e-05,1e-05
trained_prior_update_add,Grocery,44,prior_update_add,H2_visual,True,1.430511474609375e-06,True,1e-05,1e-05
trained_prior_update_add,Grocery,44,prior_update_add,relation_text,True,9.5367431640625e-07,True,1e-05,1e-05
trained_prior_update_add,Grocery,44,prior_update_add,relation_visual,True,1.1920928955078125e-06,True,1e-05,1e-05
trained_prior_update_add,Grocery,44,prior_update_add,relation_memory,True,1.1920928955078125e-06,True,1e-05,1e-05
trained_prior_update_add,Grocery,44,prior_update_add,base_relation_text,True,1.6689300537109375e-06,True,1e-05,1e-05
trained_prior_update_add,Grocery,44,prior_update_add,base_relation_visual,True,1.430511474609375e-06,True,1e-05,1e-05
trained_prior_update_add,Grocery,44,prior_update_add,modulation_text_step0,True,9.238719940185547e-07,True,1e-05,1e-05
trained_prior_update_add,Grocery,44,prior_update_add,modulation_text_step1,True,8.530914783477783e-07,True,1e-05,1e-05
trained_prior_update_add,Grocery,44,prior_update_add,modulation_visual_step0,True,1.0579824447631836e-06,True,1e-05,1e-05
trained_prior_update_add,Grocery,44,prior_update_add,modulation_visual_step1,True,9.834766387939453e-07,True,1e-05,1e-05
trained_prior_update_add,Grocery,44,prior_update_add,execution_code_text_step0,True,1.6689300537109375e-06,True,1e-05,1e-05
trained_prior_update_add,Grocery,44,prior_update_add,execution_code_text_step1,True,1.6689300537109375e-06,True,1e-05,1e-05
trained_prior_update_add,Grocery,44,prior_update_add,execution_code_visual_step0,True,1.430511474609375e-06,True,1e-05,1e-05
trained_prior_update_add,Grocery,44,prior_update_add,execution_code_visual_step1,True,1.6689300537109375e-06,True,1e-05,1e-05
trained_prior_update_add,Grocery,44,prior_update_add,delta_execution_code_text_step0,True,9.313225746154785e-08,True,1e-05,1e-05
trained_prior_update_add,Grocery,44,prior_update_add,delta_execution_code_text_step1,True,1.4901161193847656e-07,True,1e-05,1e-05
trained_prior_update_add,Grocery,44,prior_update_add,delta_execution_code_visual_step0,True,1.1920928955078125e-07,True,1e-05,1e-05
trained_prior_update_add,Grocery,44,prior_update_add,delta_execution_code_visual_step1,True,1.7881393432617188e-07,True,1e-05,1e-05
trained_prior_update_add,Grocery,44,prior_update_add,delta_message_text_step0,True,1.7881393432617188e-07,True,1e-05,1e-05
trained_prior_update_add,Grocery,44,prior_update_add,delta_message_text_step1,True,4.172325134277344e-07,True,1e-05,1e-05
trained_prior_update_add,Grocery,44,prior_update_add,delta_message_visual_step0,True,1.5273690223693848e-07,True,1e-05,1e-05
trained_prior_update_add,Grocery,44,prior_update_add,delta_message_visual_step1,True,2.980232238769531e-07,True,1e-05,1e-05
trained_prior_update_gate,Grocery,44,prior_update_gate,H0_text,True,0.0,True,1e-05,1e-05
trained_prior_update_gate,Grocery,44,prior_update_gate,H0_visual,True,0.0,True,1e-05,1e-05
trained_prior_update_gate,Grocery,44,prior_update_gate,H1_text,True,1.430511474609375e-06,True,1e-05,1e-05
trained_prior_update_gate,Grocery,44,prior_update_gate,H1_visual,True,9.5367431640625e-07,True,1e-05,1e-05
trained_prior_update_gate,Grocery,44,prior_update_gate,H2_text,True,1.430511474609375e-06,True,1e-05,1e-05
trained_prior_update_gate,Grocery,44,prior_update_gate,H2_visual,True,1.430511474609375e-06,True,1e-05,1e-05
trained_prior_update_gate,Grocery,44,prior_update_gate,relation_text,True,9.5367431640625e-07,True,1e-05,1e-05
trained_prior_update_gate,Grocery,44,prior_update_gate,relation_visual,True,9.5367431640625e-07,True,1e-05,1e-05
trained_prior_update_gate,Grocery,44,prior_update_gate,relation_memory,True,9.5367431640625e-07,True,1e-05,1e-05
trained_prior_update_gate,Grocery,44,prior_update_gate,base_relation_text,True,1.430511474609375e-06,True,1e-05,1e-05
trained_prior_update_gate,Grocery,44,prior_update_gate,base_relation_visual,True,1.6689300537109375e-06,True,1e-05,1e-05
trained_prior_update_gate,Grocery,44,prior_update_gate,modulation_text_step0,True,8.940696716308594e-07,True,1e-05,1e-05
trained_prior_update_gate,Grocery,44,prior_update_gate,modulation_text_step1,True,8.940696716308594e-07,True,1e-05,1e-05
trained_prior_update_gate,Grocery,44,prior_update_gate,modulation_visual_step0,True,9.5367431640625e-07,True,1e-05,1e-05
trained_prior_update_gate,Grocery,44,prior_update_gate,modulation_visual_step1,True,9.238719940185547e-07,True,1e-05,1e-05
trained_prior_update_gate,Grocery,44,prior_update_gate,execution_code_text_step0,True,1.6689300537109375e-06,True,1e-05,1e-05
trained_prior_update_gate,Grocery,44,prior_update_gate,execution_code_text_step1,True,1.430511474609375e-06,True,1e-05,1e-05
trained_prior_update_gate,Grocery,44,prior_update_gate,execution_code_visual_step0,True,1.6689300537109375e-06,True,1e-05,1e-05
trained_prior_update_gate,Grocery,44,prior_update_gate,execution_code_visual_step1,True,1.6689300537109375e-06,True,1e-05,1e-05
trained_prior_update_gate,Grocery,44,prior_update_gate,delta_execution_code_text_step0,True,5.960464477539063e-08,True,1e-05,1e-05
trained_prior_update_gate,Grocery,44,prior_update_gate,delta_execution_code_text_step1,True,8.940696716308594e-08,True,1e-05,1e-05
trained_prior_update_gate,Grocery,44,prior_update_gate,delta_execution_code_visual_step0,True,7.450580596923828e-08,True,1e-05,1e-05
trained_prior_update_gate,Grocery,44,prior_update_gate,delta_execution_code_visual_step1,True,1.1920928955078125e-07,True,1e-05,1e-05
trained_prior_update_gate,Grocery,44,prior_update_gate,delta_message_text_step0,True,1.341104507446289e-07,True,1e-05,1e-05
trained_prior_update_gate,Grocery,44,prior_update_gate,delta_message_text_step1,True,3.5762786865234375e-07,True,1e-05,1e-05
trained_prior_update_gate,Grocery,44,prior_update_gate,delta_message_visual_step0,True,1.043081283569336e-07,True,1e-05,1e-05
trained_prior_update_gate,Grocery,44,prior_update_gate,delta_message_visual_step1,True,2.384185791015625e-07,True,1e-05,1e-05
trained_terminal,Reddit-S,42,terminal,H0_text,True,0.0,True,1e-05,1e-05
trained_terminal,Reddit-S,42,terminal,H0_visual,True,0.0,True,1e-05,1e-05
trained_terminal,Reddit-S,42,terminal,H1_text,True,1.430511474609375e-06,True,1e-05,1e-05
trained_terminal,Reddit-S,42,terminal,H1_visual,True,1.9073486328125e-06,True,1e-05,1e-05
trained_terminal,Reddit-S,42,terminal,H2_text,True,1.430511474609375e-06,True,1e-05,1e-05
trained_terminal,Reddit-S,42,terminal,H2_visual,True,1.430511474609375e-06,True,1e-05,1e-05
trained_terminal,Reddit-S,42,terminal,relation_text,True,9.5367431640625e-07,True,1e-05,1e-05
trained_terminal,Reddit-S,42,terminal,relation_visual,True,9.5367431640625e-07,True,1e-05,1e-05
trained_terminal,Reddit-S,42,terminal,relation_memory,True,9.5367431640625e-07,True,1e-05,1e-05
trained_terminal,Reddit-S,42,terminal,base_relation_text,True,1.430511474609375e-06,True,1e-05,1e-05
trained_terminal,Reddit-S,42,terminal,base_relation_visual,True,1.6689300537109375e-06,True,1e-05,1e-05
trained_terminal,Reddit-S,42,terminal,modulation_text_step0,True,8.493661880493164e-07,True,1e-05,1e-05
trained_terminal,Reddit-S,42,terminal,modulation_text_step1,True,9.387731552124023e-07,True,1e-05,1e-05
trained_terminal,Reddit-S,42,terminal,modulation_visual_step0,True,1.1548399925231934e-06,True,1e-05,1e-05
trained_terminal,Reddit-S,42,terminal,modulation_visual_step1,True,1.0114163160324097e-06,True,1e-05,1e-05
trained_terminal,Reddit-S,42,terminal,execution_code_text_step0,True,1.430511474609375e-06,True,1e-05,1e-05
trained_terminal,Reddit-S,42,terminal,execution_code_text_step1,True,1.430511474609375e-06,True,1e-05,1e-05
trained_terminal,Reddit-S,42,terminal,execution_code_visual_step0,True,1.5497207641601562e-06,True,1e-05,1e-05
trained_terminal,Reddit-S,42,terminal,execution_code_visual_step1,True,1.6689300537109375e-06,True,1e-05,1e-05
trained_terminal,Reddit-S,42,terminal,delta_execution_code_text_step0,True,1.7881393432617188e-07,True,1e-05,1e-05
trained_terminal,Reddit-S,42,terminal,delta_execution_code_text_step1,True,2.384185791015625e-07,True,1e-05,1e-05
trained_terminal,Reddit-S,42,terminal,delta_execution_code_visual_step0,True,2.086162567138672e-07,True,1e-05,1e-05
trained_terminal,Reddit-S,42,terminal,delta_execution_code_visual_step1,True,2.384185791015625e-07,True,1e-05,1e-05
trained_terminal,Reddit-S,42,terminal,delta_message_text_step0,True,4.76837158203125e-07,True,1e-05,1e-05
trained_terminal,Reddit-S,42,terminal,delta_message_text_step1,True,1.6689300537109375e-06,True,1e-05,1e-05
trained_terminal,Reddit-S,42,terminal,delta_message_visual_step0,True,3.5762786865234375e-07,True,1e-05,1e-05
trained_terminal,Reddit-S,42,terminal,delta_message_visual_step1,True,7.152557373046875e-07,True,1e-05,1e-05
trained_prior_delta_gate,Reddit-S,42,prior_delta_gate,H0_text,True,0.0,True,1e-05,1e-05
trained_prior_delta_gate,Reddit-S,42,prior_delta_gate,H0_visual,True,0.0,True,1e-05,1e-05
trained_prior_delta_gate,Reddit-S,42,prior_delta_gate,H1_text,True,1.430511474609375e-06,True,1e-05,1e-05
trained_prior_delta_gate,Reddit-S,42,prior_delta_gate,H1_visual,True,1.430511474609375e-06,True,1e-05,1e-05
trained_prior_delta_gate,Reddit-S,42,prior_delta_gate,H2_text,True,1.430511474609375e-06,True,1e-05,1e-05
trained_prior_delta_gate,Reddit-S,42,prior_delta_gate,H2_visual,True,1.430511474609375e-06,True,1e-05,1e-05
trained_prior_delta_gate,Reddit-S,42,prior_delta_gate,relation_text,True,9.5367431640625e-07,True,1e-05,1e-05
trained_prior_delta_gate,Reddit-S,42,prior_delta_gate,relation_visual,True,1.1920928955078125e-06,True,1e-05,1e-05
trained_prior_delta_gate,Reddit-S,42,prior_delta_gate,relation_memory,True,1.1920928955078125e-06,True,1e-05,1e-05
trained_prior_delta_gate,Reddit-S,42,prior_delta_gate,base_relation_text,True,1.5497207641601562e-06,True,1e-05,1e-05
trained_prior_delta_gate,Reddit-S,42,prior_delta_gate,base_relation_visual,True,1.7881393432617188e-06,True,1e-05,1e-05
trained_prior_delta_gate,Reddit-S,42,prior_delta_gate,modulation_text_step0,True,8.046627044677734e-07,True,1e-05,1e-05
trained_prior_delta_gate,Reddit-S,42,prior_delta_gate,modulation_text_step1,True,7.934868335723877e-07,True,1e-05,1e-05
trained_prior_delta_gate,Reddit-S,42,prior_delta_gate,modulation_visual_step0,True,1.1026859283447266e-06,True,1e-05,1e-05
trained_prior_delta_gate,Reddit-S,42,prior_delta_gate,modulation_visual_step1,True,1.0132789611816406e-06,True,1e-05,1e-05
trained_prior_delta_gate,Reddit-S,42,prior_delta_gate,execution_code_text_step0,True,1.5497207641601562e-06,True,1e-05,1e-05
trained_prior_delta_gate,Reddit-S,42,prior_delta_gate,execution_code_text_step1,True,1.5497207641601562e-06,True,1e-05,1e-05
trained_prior_delta_gate,Reddit-S,42,prior_delta_gate,execution_code_visual_step0,True,1.7881393432617188e-06,True,1e-05,1e-05
trained_prior_delta_gate,Reddit-S,42,prior_delta_gate,execution_code_visual_step1,True,1.7881393432617188e-06,True,1e-05,1e-05
trained_prior_delta_gate,Reddit-S,42,prior_delta_gate,delta_execution_code_text_step0,True,5.960464477539063e-08,True,1e-05,1e-05
trained_prior_delta_gate,Reddit-S,42,prior_delta_gate,delta_execution_code_text_step1,True,7.450580596923828e-08,True,1e-05,1e-05
trained_prior_delta_gate,Reddit-S,42,prior_delta_gate,delta_execution_code_visual_step0,True,1.4901161193847656e-07,True,1e-05,1e-05
trained_prior_delta_gate,Reddit-S,42,prior_delta_gate,delta_execution_code_visual_step1,True,1.7881393432617188e-07,True,1e-05,1e-05
trained_prior_delta_gate,Reddit-S,42,prior_delta_gate,delta_message_text_step0,True,2.086162567138672e-07,True,1e-05,1e-05
trained_prior_delta_gate,Reddit-S,42,prior_delta_gate,delta_message_text_step1,True,5.960464477539062e-07,True,1e-05,1e-05
trained_prior_delta_gate,Reddit-S,42,prior_delta_gate,delta_message_visual_step0,True,2.384185791015625e-07,True,1e-05,1e-05
trained_prior_delta_gate,Reddit-S,42,prior_delta_gate,delta_message_visual_step1,True,5.960464477539062e-07,True,1e-05,1e-05
trained_prior_update_add,Reddit-S,42,prior_update_add,H0_text,True,0.0,True,1e-05,1e-05
trained_prior_update_add,Reddit-S,42,prior_update_add,H0_visual,True,0.0,True,1e-05,1e-05
trained_prior_update_add,Reddit-S,42,prior_update_add,H1_text,True,1.430511474609375e-06,True,1e-05,1e-05
trained_prior_update_add,Reddit-S,42,prior_update_add,H1_visual,True,1.1920928955078125e-06,True,1e-05,1e-05
trained_prior_update_add,Reddit-S,42,prior_update_add,H2_text,True,1.1920928955078125e-06,True,1e-05,1e-05
trained_prior_update_add,Reddit-S,42,prior_update_add,H2_visual,True,1.430511474609375e-06,True,1e-05,1e-05
trained_prior_update_add,Reddit-S,42,prior_update_add,relation_text,True,9.5367431640625e-07,True,1e-05,1e-05
trained_prior_update_add,Reddit-S,42,prior_update_add,relation_visual,True,9.5367431640625e-07,True,1e-05,1e-05
trained_prior_update_add,Reddit-S,42,prior_update_add,relation_memory,True,9.5367431640625e-07,True,1e-05,1e-05
trained_prior_update_add,Reddit-S,42,prior_update_add,base_relation_text,True,1.5497207641601562e-06,True,1e-05,1e-05
trained_prior_update_add,Reddit-S,42,prior_update_add,base_relation_visual,True,1.6689300537109375e-06,True,1e-05,1e-05
trained_prior_update_add,Reddit-S,42,prior_update_add,modulation_text_step0,True,9.685754776000977e-07,True,1e-05,1e-05
trained_prior_update_add,Reddit-S,42,prior_update_add,modulation_text_step1,True,9.238719940185547e-07,True,1e-05,1e-05
trained_prior_update_add,Reddit-S,42,prior_update_add,modulation_visual_step0,True,9.387731552124023e-07,True,1e-05,1e-05
trained_prior_update_add,Reddit-S,42,prior_update_add,modulation_visual_step1,True,9.08970832824707e-07,True,1e-05,1e-05
trained_prior_update_add,Reddit-S,42,prior_update_add,execution_code_text_step0,True,1.5497207641601562e-06,True,1e-05,1e-05
trained_prior_update_add,Reddit-S,42,prior_update_add,execution_code_text_step1,True,1.5497207641601562e-06,True,1e-05,1e-05
trained_prior_update_add,Reddit-S,42,prior_update_add,execution_code_visual_step0,True,1.6689300537109375e-06,True,1e-05,1e-05
trained_prior_update_add,Reddit-S,42,prior_update_add,execution_code_visual_step1,True,1.7881393432617188e-06,True,1e-05,1e-05
trained_prior_update_add,Reddit-S,42,prior_update_add,delta_execution_code_text_step0,True,8.940696716308594e-08,True,1e-05,1e-05
trained_prior_update_add,Reddit-S,42,prior_update_add,delta_execution_code_text_step1,True,1.1920928955078125e-07,True,1e-05,1e-05
trained_prior_update_add,Reddit-S,42,prior_update_add,delta_execution_code_visual_step0,True,1.1920928955078125e-07,True,1e-05,1e-05
trained_prior_update_add,Reddit-S,42,prior_update_add,delta_execution_code_visual_step1,True,1.1920928955078125e-07,True,1e-05,1e-05
trained_prior_update_add,Reddit-S,42,prior_update_add,delta_message_text_step0,True,1.30385160446167e-07,True,1e-05,1e-05
trained_prior_update_add,Reddit-S,42,prior_update_add,delta_message_text_step1,True,4.172325134277344e-07,True,1e-05,1e-05
trained_prior_update_add,Reddit-S,42,prior_update_add,delta_message_visual_step0,True,1.7881393432617188e-07,True,1e-05,1e-05
trained_prior_update_add,Reddit-S,42,prior_update_add,delta_message_visual_step1,True,3.5762786865234375e-07,True,1e-05,1e-05
trained_prior_update_gate,Reddit-S,42,prior_update_gate,H0_text,True,0.0,True,1e-05,1e-05
trained_prior_update_gate,Reddit-S,42,prior_update_gate,H0_visual,True,0.0,True,1e-05,1e-05
trained_prior_update_gate,Reddit-S,42,prior_update_gate,H1_text,True,1.430511474609375e-06,True,1e-05,1e-05
trained_prior_update_gate,Reddit-S,42,prior_update_gate,H1_visual,True,1.430511474609375e-06,True,1e-05,1e-05
trained_prior_update_gate,Reddit-S,42,prior_update_gate,H2_text,True,1.430511474609375e-06,True,1e-05,1e-05
trained_prior_update_gate,Reddit-S,42,prior_update_gate,H2_visual,True,1.1920928955078125e-06,True,1e-05,1e-05
trained_prior_update_gate,Reddit-S,42,prior_update_gate,relation_text,True,9.5367431640625e-07,True,1e-05,1e-05
trained_prior_update_gate,Reddit-S,42,prior_update_gate,relation_visual,True,9.5367431640625e-07,True,1e-05,1e-05
trained_prior_update_gate,Reddit-S,42,prior_update_gate,relation_memory,True,9.5367431640625e-07,True,1e-05,1e-05
trained_prior_update_gate,Reddit-S,42,prior_update_gate,base_relation_text,True,1.6689300537109375e-06,True,1e-05,1e-05
trained_prior_update_gate,Reddit-S,42,prior_update_gate,base_relation_visual,True,1.6689300537109375e-06,True,1e-05,1e-05
trained_prior_update_gate,Reddit-S,42,prior_update_gate,modulation_text_step0,True,8.344650268554688e-07,True,1e-05,1e-05
trained_prior_update_gate,Reddit-S,42,prior_update_gate,modulation_text_step1,True,8.791685104370117e-07,True,1e-05,1e-05
trained_prior_update_gate,Reddit-S,42,prior_update_gate,modulation_visual_step0,True,9.5367431640625e-07,True,1e-05,1e-05
trained_prior_update_gate,Reddit-S,42,prior_update_gate,modulation_visual_step1,True,1.1026859283447266e-06,True,1e-05,1e-05
trained_prior_update_gate,Reddit-S,42,prior_update_gate,execution_code_text_step0,True,1.6689300537109375e-06,True,1e-05,1e-05
trained_prior_update_gate,Reddit-S,42,prior_update_gate,execution_code_text_step1,True,1.6689300537109375e-06,True,1e-05,1e-05
trained_prior_update_gate,Reddit-S,42,prior_update_gate,execution_code_visual_step0,True,1.6689300537109375e-06,True,1e-05,1e-05
trained_prior_update_gate,Reddit-S,42,prior_update_gate,execution_code_visual_step1,True,1.6689300537109375e-06,True,1e-05,1e-05
trained_prior_update_gate,Reddit-S,42,prior_update_gate,delta_execution_code_text_step0,True,7.450580596923828e-08,True,1e-05,1e-05
trained_prior_update_gate,Reddit-S,42,prior_update_gate,delta_execution_code_text_step1,True,1.0803341865539551e-07,True,1e-05,1e-05
trained_prior_update_gate,Reddit-S,42,prior_update_gate,delta_execution_code_visual_step0,True,8.940696716308594e-08,True,1e-05,1e-05
trained_prior_update_gate,Reddit-S,42,prior_update_gate,delta_execution_code_visual_step1,True,1.1920928955078125e-07,True,1e-05,1e-05
trained_prior_update_gate,Reddit-S,42,prior_update_gate,delta_message_text_step0,True,1.7881393432617188e-07,True,1e-05,1e-05
trained_prior_update_gate,Reddit-S,42,prior_update_gate,delta_message_text_step1,True,5.960464477539062e-07,True,1e-05,1e-05
trained_prior_update_gate,Reddit-S,42,prior_update_gate,delta_message_visual_step0,True,1.4901161193847656e-07,True,1e-05,1e-05
trained_prior_update_gate,Reddit-S,42,prior_update_gate,delta_message_visual_step1,True,3.5762786865234375e-07,True,1e-05,1e-05
trained_terminal,Reddit-S,43,terminal,H0_text,True,0.0,True,1e-05,1e-05
trained_terminal,Reddit-S,43,terminal,H0_visual,True,0.0,True,1e-05,1e-05
trained_terminal,Reddit-S,43,terminal,H1_text,True,9.5367431640625e-07,True,1e-05,1e-05
trained_terminal,Reddit-S,43,terminal,H1_visual,True,1.430511474609375e-06,True,1e-05,1e-05
trained_terminal,Reddit-S,43,terminal,H2_text,True,1.430511474609375e-06,True,1e-05,1e-05
trained_terminal,Reddit-S,43,terminal,H2_visual,True,1.430511474609375e-06,True,1e-05,1e-05
trained_terminal,Reddit-S,43,terminal,relation_text,True,9.5367431640625e-07,True,1e-05,1e-05
trained_terminal,Reddit-S,43,terminal,relation_visual,True,1.1920928955078125e-06,True,1e-05,1e-05
trained_terminal,Reddit-S,43,terminal,relation_memory,True,1.1920928955078125e-06,True,1e-05,1e-05
trained_terminal,Reddit-S,43,terminal,base_relation_text,True,1.430511474609375e-06,True,1e-05,1e-05
trained_terminal,Reddit-S,43,terminal,base_relation_visual,True,1.430511474609375e-06,True,1e-05,1e-05
trained_terminal,Reddit-S,43,terminal,modulation_text_step0,True,8.046627044677734e-07,True,1e-05,1e-05
trained_terminal,Reddit-S,43,terminal,modulation_text_step1,True,8.344650268554688e-07,True,1e-05,1e-05
trained_terminal,Reddit-S,43,terminal,modulation_visual_step0,True,1.0579824447631836e-06,True,1e-05,1e-05
trained_terminal,Reddit-S,43,terminal,modulation_visual_step1,True,9.685754776000977e-07,True,1e-05,1e-05
trained_terminal,Reddit-S,43,terminal,execution_code_text_step0,True,1.6689300537109375e-06,True,1e-05,1e-05
trained_terminal,Reddit-S,43,terminal,execution_code_text_step1,True,1.6689300537109375e-06,True,1e-05,1e-05
trained_terminal,Reddit-S,43,terminal,execution_code_visual_step0,True,1.4901161193847656e-06,True,1e-05,1e-05
trained_terminal,Reddit-S,43,terminal,execution_code_visual_step1,True,1.430511474609375e-06,True,1e-05,1e-05
trained_terminal,Reddit-S,43,terminal,delta_execution_code_text_step0,True,1.4901161193847656e-07,True,1e-05,1e-05
trained_terminal,Reddit-S,43,terminal,delta_execution_code_text_step1,True,1.4901161193847656e-07,True,1e-05,1e-05
trained_terminal,Reddit-S,43,terminal,delta_execution_code_visual_step0,True,1.7881393432617188e-07,True,1e-05,1e-05
trained_terminal,Reddit-S,43,terminal,delta_execution_code_visual_step1,True,2.086162567138672e-07,True,1e-05,1e-05
trained_terminal,Reddit-S,43,terminal,delta_message_text_step0,True,4.76837158203125e-07,True,1e-05,1e-05
trained_terminal,Reddit-S,43,terminal,delta_message_text_step1,True,1.430511474609375e-06,True,1e-05,1e-05
trained_terminal,Reddit-S,43,terminal,delta_message_visual_step0,True,2.2351741790771484e-07,True,1e-05,1e-05
trained_terminal,Reddit-S,43,terminal,delta_message_visual_step1,True,5.960464477539062e-07,True,1e-05,1e-05
trained_prior_delta_gate,Reddit-S,43,prior_delta_gate,H0_text,True,0.0,True,1e-05,1e-05
trained_prior_delta_gate,Reddit-S,43,prior_delta_gate,H0_visual,True,0.0,True,1e-05,1e-05
trained_prior_delta_gate,Reddit-S,43,prior_delta_gate,H1_text,True,9.5367431640625e-07,True,1e-05,1e-05
trained_prior_delta_gate,Reddit-S,43,prior_delta_gate,H1_visual,True,1.430511474609375e-06,True,1e-05,1e-05
trained_prior_delta_gate,Reddit-S,43,prior_delta_gate,H2_text,True,1.1920928955078125e-06,True,1e-05,1e-05
trained_prior_delta_gate,Reddit-S,43,prior_delta_gate,H2_visual,True,1.430511474609375e-06,True,1e-05,1e-05
trained_prior_delta_gate,Reddit-S,43,prior_delta_gate,relation_text,True,9.5367431640625e-07,True,1e-05,1e-05
trained_prior_delta_gate,Reddit-S,43,prior_delta_gate,relation_visual,True,9.5367431640625e-07,True,1e-05,1e-05
trained_prior_delta_gate,Reddit-S,43,prior_delta_gate,relation_memory,True,9.5367431640625e-07,True,1e-05,1e-05
trained_prior_delta_gate,Reddit-S,43,prior_delta_gate,base_relation_text,True,1.430511474609375e-06,True,1e-05,1e-05
trained_prior_delta_gate,Reddit-S,43,prior_delta_gate,base_relation_visual,True,1.6689300537109375e-06,True,1e-05,1e-05
trained_prior_delta_gate,Reddit-S,43,prior_delta_gate,modulation_text_step0,True,7.897615432739258e-07,True,1e-05,1e-05
trained_prior_delta_gate,Reddit-S,43,prior_delta_gate,modulation_text_step1,True,7.897615432739258e-07,True,1e-05,1e-05
trained_prior_delta_gate,Reddit-S,43,prior_delta_gate,modulation_visual_step0,True,9.611248970031738e-07,True,1e-05,1e-05
trained_prior_delta_gate,Reddit-S,43,prior_delta_gate,modulation_visual_step1,True,8.959323167800903e-07,True,1e-05,1e-05
trained_prior_delta_gate,Reddit-S,43,prior_delta_gate,execution_code_text_step0,True,1.430511474609375e-06,True,1e-05,1e-05
trained_prior_delta_gate,Reddit-S,43,prior_delta_gate,execution_code_text_step1,True,1.430511474609375e-06,True,1e-05,1e-05
trained_prior_delta_gate,Reddit-S,43,prior_delta_gate,execution_code_visual_step0,True,1.6689300537109375e-06,True,1e-05,1e-05
trained_prior_delta_gate,Reddit-S,43,prior_delta_gate,execution_code_visual_step1,True,1.6689300537109375e-06,True,1e-05,1e-05
trained_prior_delta_gate,Reddit-S,43,prior_delta_gate,delta_execution_code_text_step0,True,3.725290298461914e-08,True,1e-05,1e-05
trained_prior_delta_gate,Reddit-S,43,prior_delta_gate,delta_execution_code_text_step1,True,7.450580596923828e-08,True,1e-05,1e-05
trained_prior_delta_gate,Reddit-S,43,prior_delta_gate,delta_execution_code_visual_step0,True,2.1606683731079102e-07,True,1e-05,1e-05
trained_prior_delta_gate,Reddit-S,43,prior_delta_gate,delta_execution_code_visual_step1,True,2.384185791015625e-07,True,1e-05,1e-05
trained_prior_delta_gate,Reddit-S,43,prior_delta_gate,delta_message_text_step0,True,2.384185791015625e-07,True,1e-05,1e-05
trained_prior_delta_gate,Reddit-S,43,prior_delta_gate,delta_message_text_step1,True,5.960464477539062e-07,True,1e-05,1e-05
trained_prior_delta_gate,Reddit-S,43,prior_delta_gate,delta_message_visual_step0,True,2.086162567138672e-07,True,1e-05,1e-05
trained_prior_delta_gate,Reddit-S,43,prior_delta_gate,delta_message_visual_step1,True,4.76837158203125e-07,True,1e-05,1e-05
trained_prior_update_add,Reddit-S,43,prior_update_add,H0_text,True,0.0,True,1e-05,1e-05
trained_prior_update_add,Reddit-S,43,prior_update_add,H0_visual,True,0.0,True,1e-05,1e-05
trained_prior_update_add,Reddit-S,43,prior_update_add,H1_text,True,9.5367431640625e-07,True,1e-05,1e-05
trained_prior_update_add,Reddit-S,43,prior_update_add,H1_visual,True,1.1920928955078125e-06,True,1e-05,1e-05
trained_prior_update_add,Reddit-S,43,prior_update_add,H2_text,True,1.1920928955078125e-06,True,1e-05,1e-05
trained_prior_update_add,Reddit-S,43,prior_update_add,H2_visual,True,1.1920928955078125e-06,True,1e-05,1e-05
trained_prior_update_add,Reddit-S,43,prior_update_add,relation_text,True,9.5367431640625e-07,True,1e-05,1e-05
trained_prior_update_add,Reddit-S,43,prior_update_add,relation_visual,True,1.1920928955078125e-06,True,1e-05,1e-05
trained_prior_update_add,Reddit-S,43,prior_update_add,relation_memory,True,1.1920928955078125e-06,True,1e-05,1e-05
trained_prior_update_add,Reddit-S,43,prior_update_add,base_relation_text,True,1.6689300537109375e-06,True,1e-05,1e-05
trained_prior_update_add,Reddit-S,43,prior_update_add,base_relation_visual,True,1.430511474609375e-06,True,1e-05,1e-05
trained_prior_update_add,Reddit-S,43,prior_update_add,modulation_text_step0,True,7.748603820800781e-07,True,1e-05,1e-05
trained_prior_update_add,Reddit-S,43,prior_update_add,modulation_text_step1,True,7.972121238708496e-07,True,1e-05,1e-05
trained_prior_update_add,Reddit-S,43,prior_update_add,modulation_visual_step0,True,1.0132789611816406e-06,True,1e-05,1e-05
trained_prior_update_add,Reddit-S,43,prior_update_add,modulation_visual_step1,True,1.0132789611816406e-06,True,1e-05,1e-05
trained_prior_update_add,Reddit-S,43,prior_update_add,execution_code_text_step0,True,1.6689300537109375e-06,True,1e-05,1e-05
trained_prior_update_add,Reddit-S,43,prior_update_add,execution_code_text_step1,True,1.6689300537109375e-06,True,1e-05,1e-05
trained_prior_update_add,Reddit-S,43,prior_update_add,execution_code_visual_step0,True,1.430511474609375e-06,True,1e-05,1e-05
trained_prior_update_add,Reddit-S,43,prior_update_add,execution_code_visual_step1,True,1.6689300537109375e-06,True,1e-05,1e-05
trained_prior_update_add,Reddit-S,43,prior_update_add,delta_execution_code_text_step0,True,1.043081283569336e-07,True,1e-05,1e-05
trained_prior_update_add,Reddit-S,43,prior_update_add,delta_execution_code_text_step1,True,1.4901161193847656e-07,True,1e-05,1e-05
trained_prior_update_add,Reddit-S,43,prior_update_add,delta_execution_code_visual_step0,True,1.4901161193847656e-07,True,1e-05,1e-05
trained_prior_update_add,Reddit-S,43,prior_update_add,delta_execution_code_visual_step1,True,1.7881393432617188e-07,True,1e-05,1e-05
trained_prior_update_add,Reddit-S,43,prior_update_add,delta_message_text_step0,True,1.4901161193847656e-07,True,1e-05,1e-05
trained_prior_update_add,Reddit-S,43,prior_update_add,delta_message_text_step1,True,5.960464477539062e-07,True,1e-05,1e-05
trained_prior_update_add,Reddit-S,43,prior_update_add,delta_message_visual_step0,True,1.7881393432617188e-07,True,1e-05,1e-05
trained_prior_update_add,Reddit-S,43,prior_update_add,delta_message_visual_step1,True,4.76837158203125e-07,True,1e-05,1e-05
trained_prior_update_gate,Reddit-S,43,prior_update_gate,H0_text,True,0.0,True,1e-05,1e-05
trained_prior_update_gate,Reddit-S,43,prior_update_gate,H0_visual,True,0.0,True,1e-05,1e-05
trained_prior_update_gate,Reddit-S,43,prior_update_gate,H1_text,True,1.430511474609375e-06,True,1e-05,1e-05
trained_prior_update_gate,Reddit-S,43,prior_update_gate,H1_visual,True,1.430511474609375e-06,True,1e-05,1e-05
trained_prior_update_gate,Reddit-S,43,prior_update_gate,H2_text,True,1.430511474609375e-06,True,1e-05,1e-05
trained_prior_update_gate,Reddit-S,43,prior_update_gate,H2_visual,True,1.1920928955078125e-06,True,1e-05,1e-05
trained_prior_update_gate,Reddit-S,43,prior_update_gate,relation_text,True,9.5367431640625e-07,True,1e-05,1e-05
trained_prior_update_gate,Reddit-S,43,prior_update_gate,relation_visual,True,1.1920928955078125e-06,True,1e-05,1e-05
trained_prior_update_gate,Reddit-S,43,prior_update_gate,relation_memory,True,1.1920928955078125e-06,True,1e-05,1e-05
trained_prior_update_gate,Reddit-S,43,prior_update_gate,base_relation_text,True,1.430511474609375e-06,True,1e-05,1e-05
trained_prior_update_gate,Reddit-S,43,prior_update_gate,base_relation_visual,True,1.430511474609375e-06,True,1e-05,1e-05
trained_prior_update_gate,Reddit-S,43,prior_update_gate,modulation_text_step0,True,7.450580596923828e-07,True,1e-05,1e-05
trained_prior_update_gate,Reddit-S,43,prior_update_gate,modulation_text_step1,True,8.046627044677734e-07,True,1e-05,1e-05
trained_prior_update_gate,Reddit-S,43,prior_update_gate,modulation_visual_step0,True,8.791685104370117e-07,True,1e-05,1e-05
trained_prior_update_gate,Reddit-S,43,prior_update_gate,modulation_visual_step1,True,8.735805749893188e-07,True,1e-05,1e-05
trained_prior_update_gate,Reddit-S,43,prior_update_gate,execution_code_text_step0,True,1.430511474609375e-06,True,1e-05,1e-05
trained_prior_update_gate,Reddit-S,43,prior_update_gate,execution_code_text_step1,True,1.430511474609375e-06,True,1e-05,1e-05
trained_prior_update_gate,Reddit-S,43,prior_update_gate,execution_code_visual_step0,True,1.430511474609375e-06,True,1e-05,1e-05
trained_prior_update_gate,Reddit-S,43,prior_update_gate,execution_code_visual_step1,True,1.6689300537109375e-06,True,1e-05,1e-05
trained_prior_update_gate,Reddit-S,43,prior_update_gate,delta_execution_code_text_step0,True,8.940696716308594e-08,True,1e-05,1e-05
trained_prior_update_gate,Reddit-S,43,prior_update_gate,delta_execution_code_text_step1,True,1.7881393432617188e-07,True,1e-05,1e-05
trained_prior_update_gate,Reddit-S,43,prior_update_gate,delta_execution_code_visual_step0,True,2.384185791015625e-07,True,1e-05,1e-05
trained_prior_update_gate,Reddit-S,43,prior_update_gate,delta_execution_code_visual_step1,True,2.980232238769531e-07,True,1e-05,1e-05
trained_prior_update_gate,Reddit-S,43,prior_update_gate,delta_message_text_step0,True,1.7881393432617188e-07,True,1e-05,1e-05
trained_prior_update_gate,Reddit-S,43,prior_update_gate,delta_message_text_step1,True,7.152557373046875e-07,True,1e-05,1e-05
trained_prior_update_gate,Reddit-S,43,prior_update_gate,delta_message_visual_step0,True,1.9371509552001953e-07,True,1e-05,1e-05
trained_prior_update_gate,Reddit-S,43,prior_update_gate,delta_message_visual_step1,True,4.76837158203125e-07,True,1e-05,1e-05
trained_terminal,Reddit-S,44,terminal,H0_text,True,0.0,True,1e-05,1e-05
trained_terminal,Reddit-S,44,terminal,H0_visual,True,0.0,True,1e-05,1e-05
trained_terminal,Reddit-S,44,terminal,H1_text,True,1.430511474609375e-06,True,1e-05,1e-05
trained_terminal,Reddit-S,44,terminal,H1_visual,True,1.430511474609375e-06,True,1e-05,1e-05
trained_terminal,Reddit-S,44,terminal,H2_text,True,1.430511474609375e-06,True,1e-05,1e-05
trained_terminal,Reddit-S,44,terminal,H2_visual,True,1.430511474609375e-06,True,1e-05,1e-05
trained_terminal,Reddit-S,44,terminal,relation_text,True,9.5367431640625e-07,True,1e-05,1e-05
trained_terminal,Reddit-S,44,terminal,relation_visual,True,9.5367431640625e-07,True,1e-05,1e-05
trained_terminal,Reddit-S,44,terminal,relation_memory,True,9.5367431640625e-07,True,1e-05,1e-05
trained_terminal,Reddit-S,44,terminal,base_relation_text,True,1.430511474609375e-06,True,1e-05,1e-05
trained_terminal,Reddit-S,44,terminal,base_relation_visual,True,1.430511474609375e-06,True,1e-05,1e-05
trained_terminal,Reddit-S,44,terminal,modulation_text_step0,True,8.940696716308594e-07,True,1e-05,1e-05
trained_terminal,Reddit-S,44,terminal,modulation_text_step1,True,9.5367431640625e-07,True,1e-05,1e-05
trained_terminal,Reddit-S,44,terminal,modulation_visual_step0,True,1.1026859283447266e-06,True,1e-05,1e-05
trained_terminal,Reddit-S,44,terminal,modulation_visual_step1,True,1.1026859283447266e-06,True,1e-05,1e-05
trained_terminal,Reddit-S,44,terminal,execution_code_text_step0,True,1.430511474609375e-06,True,1e-05,1e-05
trained_terminal,Reddit-S,44,terminal,execution_code_text_step1,True,1.430511474609375e-06,True,1e-05,1e-05
trained_terminal,Reddit-S,44,terminal,execution_code_visual_step0,True,1.6689300537109375e-06,True,1e-05,1e-05
trained_terminal,Reddit-S,44,terminal,execution_code_visual_step1,True,1.6689300537109375e-06,True,1e-05,1e-05
trained_terminal,Reddit-S,44,terminal,delta_execution_code_text_step0,True,1.7881393432617188e-07,True,1e-05,1e-05
trained_terminal,Reddit-S,44,terminal,delta_execution_code_text_step1,True,2.086162567138672e-07,True,1e-05,1e-05
trained_terminal,Reddit-S,44,terminal,delta_execution_code_visual_step0,True,2.980232238769531e-07,True,1e-05,1e-05
trained_terminal,Reddit-S,44,terminal,delta_execution_code_visual_step1,True,2.980232238769531e-07,True,1e-05,1e-05
trained_terminal,Reddit-S,44,terminal,delta_message_text_step0,True,5.960464477539062e-07,True,1e-05,1e-05
trained_terminal,Reddit-S,44,terminal,delta_message_text_step1,True,1.6689300537109375e-06,True,1e-05,1e-05
trained_terminal,Reddit-S,44,terminal,delta_message_visual_step0,True,4.172325134277344e-07,True,1e-05,1e-05
trained_terminal,Reddit-S,44,terminal,delta_message_visual_step1,True,1.1920928955078125e-06,True,1e-05,1e-05
trained_prior_delta_gate,Reddit-S,44,prior_delta_gate,H0_text,True,0.0,True,1e-05,1e-05
trained_prior_delta_gate,Reddit-S,44,prior_delta_gate,H0_visual,True,0.0,True,1e-05,1e-05
trained_prior_delta_gate,Reddit-S,44,prior_delta_gate,H1_text,True,1.430511474609375e-06,True,1e-05,1e-05
trained_prior_delta_gate,Reddit-S,44,prior_delta_gate,H1_visual,True,1.430511474609375e-06,True,1e-05,1e-05
trained_prior_delta_gate,Reddit-S,44,prior_delta_gate,H2_text,True,1.430511474609375e-06,True,1e-05,1e-05
trained_prior_delta_gate,Reddit-S,44,prior_delta_gate,H2_visual,True,1.430511474609375e-06,True,1e-05,1e-05
trained_prior_delta_gate,Reddit-S,44,prior_delta_gate,relation_text,True,9.5367431640625e-07,True,1e-05,1e-05
trained_prior_delta_gate,Reddit-S,44,prior_delta_gate,relation_visual,True,9.5367431640625e-07,True,1e-05,1e-05
trained_prior_delta_gate,Reddit-S,44,prior_delta_gate,relation_memory,True,9.5367431640625e-07,True,1e-05,1e-05
trained_prior_delta_gate,Reddit-S,44,prior_delta_gate,base_relation_text,True,1.5497207641601562e-06,True,1e-05,1e-05
trained_prior_delta_gate,Reddit-S,44,prior_delta_gate,base_relation_visual,True,1.9073486328125e-06,True,1e-05,1e-05
trained_prior_delta_gate,Reddit-S,44,prior_delta_gate,modulation_text_step0,True,8.493661880493164e-07,True,1e-05,1e-05
trained_prior_delta_gate,Reddit-S,44,prior_delta_gate,modulation_text_step1,True,8.344650268554688e-07,True,1e-05,1e-05
trained_prior_delta_gate,Reddit-S,44,prior_delta_gate,modulation_visual_step0,True,9.98377799987793e-07,True,1e-05,1e-05
trained_prior_delta_gate,Reddit-S,44,prior_delta_gate,modulation_visual_step1,True,1.087784767150879e-06,True,1e-05,1e-05
trained_prior_delta_gate,Reddit-S,44,prior_delta_gate,execution_code_text_step0,True,1.5497207641601562e-06,True,1e-05,1e-05
trained_prior_delta_gate,Reddit-S,44,prior_delta_gate,execution_code_text_step1,True,1.5497207641601562e-06,True,1e-05,1e-05
trained_prior_delta_gate,Reddit-S,44,prior_delta_gate,execution_code_visual_step0,True,1.9073486328125e-06,True,1e-05,1e-05
trained_prior_delta_gate,Reddit-S,44,prior_delta_gate,execution_code_visual_step1,True,1.9073486328125e-06,True,1e-05,1e-05
trained_prior_delta_gate,Reddit-S,44,prior_delta_gate,delta_execution_code_text_step0,True,5.960464477539063e-08,True,1e-05,1e-05
trained_prior_delta_gate,Reddit-S,44,prior_delta_gate,delta_execution_code_text_step1,True,1.043081283569336e-07,True,1e-05,1e-05
trained_prior_delta_gate,Reddit-S,44,prior_delta_gate,delta_execution_code_visual_step0,True,8.940696716308594e-08,True,1e-05,1e-05
trained_prior_delta_gate,Reddit-S,44,prior_delta_gate,delta_execution_code_visual_step1,True,1.1920928955078125e-07,True,1e-05,1e-05
trained_prior_delta_gate,Reddit-S,44,prior_delta_gate,delta_message_text_step0,True,1.7881393432617188e-07,True,1e-05,1e-05
trained_prior_delta_gate,Reddit-S,44,prior_delta_gate,delta_message_text_step1,True,5.960464477539062e-07,True,1e-05,1e-05
trained_prior_delta_gate,Reddit-S,44,prior_delta_gate,delta_message_visual_step0,True,1.2922100722789764e-07,True,1e-05,1e-05
trained_prior_delta_gate,Reddit-S,44,prior_delta_gate,delta_message_visual_step1,True,3.5762786865234375e-07,True,1e-05,1e-05
trained_prior_update_add,Reddit-S,44,prior_update_add,H0_text,True,0.0,True,1e-05,1e-05
trained_prior_update_add,Reddit-S,44,prior_update_add,H0_visual,True,0.0,True,1e-05,1e-05
trained_prior_update_add,Reddit-S,44,prior_update_add,H1_text,True,9.5367431640625e-07,True,1e-05,1e-05
trained_prior_update_add,Reddit-S,44,prior_update_add,H1_visual,True,1.430511474609375e-06,True,1e-05,1e-05
trained_prior_update_add,Reddit-S,44,prior_update_add,H2_text,True,1.430511474609375e-06,True,1e-05,1e-05
trained_prior_update_add,Reddit-S,44,prior_update_add,H2_visual,True,1.430511474609375e-06,True,1e-05,1e-05
trained_prior_update_add,Reddit-S,44,prior_update_add,relation_text,True,9.5367431640625e-07,True,1e-05,1e-05
trained_prior_update_add,Reddit-S,44,prior_update_add,relation_visual,True,9.5367431640625e-07,True,1e-05,1e-05
trained_prior_update_add,Reddit-S,44,prior_update_add,relation_memory,True,9.5367431640625e-07,True,1e-05,1e-05
trained_prior_update_add,Reddit-S,44,prior_update_add,base_relation_text,True,1.6689300537109375e-06,True,1e-05,1e-05
trained_prior_update_add,Reddit-S,44,prior_update_add,base_relation_visual,True,1.6689300537109375e-06,True,1e-05,1e-05
trained_prior_update_add,Reddit-S,44,prior_update_add,modulation_text_step0,True,8.791685104370117e-07,True,1e-05,1e-05
trained_prior_update_add,Reddit-S,44,prior_update_add,modulation_text_step1,True,8.940696716308594e-07,True,1e-05,1e-05
trained_prior_update_add,Reddit-S,44,prior_update_add,modulation_visual_step0,True,9.08970832824707e-07,True,1e-05,1e-05
trained_prior_update_add,Reddit-S,44,prior_update_add,modulation_visual_step1,True,9.238719940185547e-07,True,1e-05,1e-05
trained_prior_update_add,Reddit-S,44,prior_update_add,execution_code_text_step0,True,1.6689300537109375e-06,True,1e-05,1e-05
trained_prior_update_add,Reddit-S,44,prior_update_add,execution_code_text_step1,True,1.6689300537109375e-06,True,1e-05,1e-05
trained_prior_update_add,Reddit-S,44,prior_update_add,execution_code_visual_step0,True,1.6689300537109375e-06,True,1e-05,1e-05
trained_prior_update_add,Reddit-S,44,prior_update_add,execution_code_visual_step1,True,1.6689300537109375e-06,True,1e-05,1e-05
trained_prior_update_add,Reddit-S,44,prior_update_add,delta_execution_code_text_step0,True,8.940696716308594e-08,True,1e-05,1e-05
trained_prior_update_add,Reddit-S,44,prior_update_add,delta_execution_code_text_step1,True,1.4901161193847656e-07,True,1e-05,1e-05
trained_prior_update_add,Reddit-S,44,prior_update_add,delta_execution_code_visual_step0,True,1.7881393432617188e-07,True,1e-05,1e-05
trained_prior_update_add,Reddit-S,44,prior_update_add,delta_execution_code_visual_step1,True,2.086162567138672e-07,True,1e-05,1e-05
trained_prior_update_add,Reddit-S,44,prior_update_add,delta_message_text_step0,True,1.7881393432617188e-07,True,1e-05,1e-05
trained_prior_update_add,Reddit-S,44,prior_update_add,delta_message_text_step1,True,4.76837158203125e-07,True,1e-05,1e-05
trained_prior_update_add,Reddit-S,44,prior_update_add,delta_message_visual_step0,True,2.980232238769531e-07,True,1e-05,1e-05
trained_prior_update_add,Reddit-S,44,prior_update_add,delta_message_visual_step1,True,5.364418029785156e-07,True,1e-05,1e-05
trained_prior_update_gate,Reddit-S,44,prior_update_gate,H0_text,True,0.0,True,1e-05,1e-05
trained_prior_update_gate,Reddit-S,44,prior_update_gate,H0_visual,True,0.0,True,1e-05,1e-05
trained_prior_update_gate,Reddit-S,44,prior_update_gate,H1_text,True,9.5367431640625e-07,True,1e-05,1e-05
trained_prior_update_gate,Reddit-S,44,prior_update_gate,H1_visual,True,1.1920928955078125e-06,True,1e-05,1e-05
trained_prior_update_gate,Reddit-S,44,prior_update_gate,H2_text,True,1.1920928955078125e-06,True,1e-05,1e-05
trained_prior_update_gate,Reddit-S,44,prior_update_gate,H2_visual,True,1.9073486328125e-06,True,1e-05,1e-05
trained_prior_update_gate,Reddit-S,44,prior_update_gate,relation_text,True,9.5367431640625e-07,True,1e-05,1e-05
trained_prior_update_gate,Reddit-S,44,prior_update_gate,relation_visual,True,9.5367431640625e-07,True,1e-05,1e-05
trained_prior_update_gate,Reddit-S,44,prior_update_gate,relation_memory,True,9.5367431640625e-07,True,1e-05,1e-05
trained_prior_update_gate,Reddit-S,44,prior_update_gate,base_relation_text,True,1.6689300537109375e-06,True,1e-05,1e-05
trained_prior_update_gate,Reddit-S,44,prior_update_gate,base_relation_visual,True,1.430511474609375e-06,True,1e-05,1e-05
trained_prior_update_gate,Reddit-S,44,prior_update_gate,modulation_text_step0,True,1.0281801223754883e-06,True,1e-05,1e-05
trained_prior_update_gate,Reddit-S,44,prior_update_gate,modulation_text_step1,True,1.0281801223754883e-06,True,1e-05,1e-05
trained_prior_update_gate,Reddit-S,44,prior_update_gate,modulation_visual_step0,True,9.238719940185547e-07,True,1e-05,1e-05
trained_prior_update_gate,Reddit-S,44,prior_update_gate,modulation_visual_step1,True,9.5367431640625e-07,True,1e-05,1e-05
trained_prior_update_gate,Reddit-S,44,prior_update_gate,execution_code_text_step0,True,1.6689300537109375e-06,True,1e-05,1e-05
trained_prior_update_gate,Reddit-S,44,prior_update_gate,execution_code_text_step1,True,1.5497207641601562e-06,True,1e-05,1e-05
trained_prior_update_gate,Reddit-S,44,prior_update_gate,execution_code_visual_step0,True,1.430511474609375e-06,True,1e-05,1e-05
trained_prior_update_gate,Reddit-S,44,prior_update_gate,execution_code_visual_step1,True,1.6689300537109375e-06,True,1e-05,1e-05
trained_prior_update_gate,Reddit-S,44,prior_update_gate,delta_execution_code_text_step0,True,8.940696716308594e-08,True,1e-05,1e-05
trained_prior_update_gate,Reddit-S,44,prior_update_gate,delta_execution_code_text_step1,True,1.7881393432617188e-07,True,1e-05,1e-05
trained_prior_update_gate,Reddit-S,44,prior_update_gate,delta_execution_code_visual_step0,True,1.4901161193847656e-07,True,1e-05,1e-05
trained_prior_update_gate,Reddit-S,44,prior_update_gate,delta_execution_code_visual_step1,True,1.7881393432617188e-07,True,1e-05,1e-05
trained_prior_update_gate,Reddit-S,44,prior_update_gate,delta_message_text_step0,True,2.384185791015625e-07,True,1e-05,1e-05
trained_prior_update_gate,Reddit-S,44,prior_update_gate,delta_message_text_step1,True,5.960464477539062e-07,True,1e-05,1e-05
trained_prior_update_gate,Reddit-S,44,prior_update_gate,delta_message_visual_step0,True,2.384185791015625e-07,True,1e-05,1e-05
trained_prior_update_gate,Reddit-S,44,prior_update_gate,delta_message_visual_step1,True,5.960464477539062e-07,True,1e-05,1e-05
