epoch,modality,W_up_frobenius_norm,W_c_frobenius_norm,dataset,seed,variant,is_best_epoch,selected_best_epoch,up_weight_norm,W_c_norm
1,text,0.08934161812067032,0.0,Movies,42,context_static,False,63,0.08934161812067032,0.0
1,visual,0.08966118097305298,0.0,Movies,42,context_static,False,63,0.08966118097305298,0.0
2,text,0.13446074724197388,0.0,Movies,42,context_static,False,63,0.13446074724197388,0.0
2,visual,0.13727585971355438,0.0,Movies,42,context_static,False,63,0.13727585971355438,0.0
3,text,0.1679421067237854,0.0,Movies,42,context_static,False,63,0.1679421067237854,0.0
3,visual,0.17143329977989197,0.0,Movies,42,context_static,False,63,0.17143329977989197,0.0
4,text,0.20183227956295013,0.0,Movies,42,context_static,False,63,0.20183227956295013,0.0
4,visual,0.20456379652023315,0.0,Movies,42,context_static,False,63,0.20456379652023315,0.0
5,text,0.22881537675857544,0.0,Movies,42,context_static,False,63,0.22881537675857544,0.0
5,visual,0.2390693873167038,0.0,Movies,42,context_static,False,63,0.2390693873167038,0.0
6,text,0.2571121156215668,0.0,Movies,42,context_static,False,63,0.2571121156215668,0.0
6,visual,0.2754814922809601,0.0,Movies,42,context_static,False,63,0.2754814922809601,0.0
7,text,0.28735268115997314,0.0,Movies,42,context_static,False,63,0.28735268115997314,0.0
7,visual,0.3113603889942169,0.0,Movies,42,context_static,False,63,0.3113603889942169,0.0
8,text,0.31459900736808777,0.0,Movies,42,context_static,False,63,0.31459900736808777,0.0
8,visual,0.34137222170829773,0.0,Movies,42,context_static,False,63,0.34137222170829773,0.0
9,text,0.3395737111568451,0.0,Movies,42,context_static,False,63,0.3395737111568451,0.0
9,visual,0.36801254749298096,0.0,Movies,42,context_static,False,63,0.36801254749298096,0.0
10,text,0.36419978737831116,0.0,Movies,42,context_static,False,63,0.36419978737831116,0.0
10,visual,0.39398738741874695,0.0,Movies,42,context_static,False,63,0.39398738741874695,0.0
11,text,0.38848984241485596,0.0,Movies,42,context_static,False,63,0.38848984241485596,0.0
11,visual,0.42002594470977783,0.0,Movies,42,context_static,False,63,0.42002594470977783,0.0
12,text,0.4110672175884247,0.0,Movies,42,context_static,False,63,0.4110672175884247,0.0
12,visual,0.4443804621696472,0.0,Movies,42,context_static,False,63,0.4443804621696472,0.0
13,text,0.43352067470550537,0.0,Movies,42,context_static,False,63,0.43352067470550537,0.0
13,visual,0.4682842791080475,0.0,Movies,42,context_static,False,63,0.4682842791080475,0.0
14,text,0.45610684156417847,0.0,Movies,42,context_static,False,63,0.45610684156417847,0.0
14,visual,0.4919768273830414,0.0,Movies,42,context_static,False,63,0.4919768273830414,0.0
15,text,0.47728100419044495,0.0,Movies,42,context_static,False,63,0.47728100419044495,0.0
15,visual,0.5143898129463196,0.0,Movies,42,context_static,False,63,0.5143898129463196,0.0
16,text,0.4979820251464844,0.0,Movies,42,context_static,False,63,0.4979820251464844,0.0
16,visual,0.5366219282150269,0.0,Movies,42,context_static,False,63,0.5366219282150269,0.0
17,text,0.5183136463165283,0.0,Movies,42,context_static,False,63,0.5183136463165283,0.0
17,visual,0.5588419437408447,0.0,Movies,42,context_static,False,63,0.5588419437408447,0.0
18,text,0.5386087894439697,0.0,Movies,42,context_static,False,63,0.5386087894439697,0.0
18,visual,0.58009272813797,0.0,Movies,42,context_static,False,63,0.58009272813797,0.0
19,text,0.5580330491065979,0.0,Movies,42,context_static,False,63,0.5580330491065979,0.0
19,visual,0.6020946502685547,0.0,Movies,42,context_static,False,63,0.6020946502685547,0.0
20,text,0.5777203440666199,0.0,Movies,42,context_static,False,63,0.5777203440666199,0.0
20,visual,0.6246145367622375,0.0,Movies,42,context_static,False,63,0.6246145367622375,0.0
21,text,0.5988175272941589,0.0,Movies,42,context_static,False,63,0.5988175272941589,0.0
21,visual,0.6465696692466736,0.0,Movies,42,context_static,False,63,0.6465696692466736,0.0
22,text,0.6193864941596985,0.0,Movies,42,context_static,False,63,0.6193864941596985,0.0
22,visual,0.6697500944137573,0.0,Movies,42,context_static,False,63,0.6697500944137573,0.0
23,text,0.6403073668479919,0.0,Movies,42,context_static,False,63,0.6403073668479919,0.0
23,visual,0.6924498081207275,0.0,Movies,42,context_static,False,63,0.6924498081207275,0.0
24,text,0.6625866293907166,0.0,Movies,42,context_static,False,63,0.6625866293907166,0.0
24,visual,0.7153628468513489,0.0,Movies,42,context_static,False,63,0.7153628468513489,0.0
25,text,0.6844122409820557,0.0,Movies,42,context_static,False,63,0.6844122409820557,0.0
25,visual,0.7398887276649475,0.0,Movies,42,context_static,False,63,0.7398887276649475,0.0
26,text,0.706907331943512,0.0,Movies,42,context_static,False,63,0.706907331943512,0.0
26,visual,0.7632191777229309,0.0,Movies,42,context_static,False,63,0.7632191777229309,0.0
27,text,0.7299296855926514,0.0,Movies,42,context_static,False,63,0.7299296855926514,0.0
27,visual,0.788252055644989,0.0,Movies,42,context_static,False,63,0.788252055644989,0.0
28,text,0.753188967704773,0.0,Movies,42,context_static,False,63,0.753188967704773,0.0
28,visual,0.8146429657936096,0.0,Movies,42,context_static,False,63,0.8146429657936096,0.0
29,text,0.7750793695449829,0.0,Movies,42,context_static,False,63,0.7750793695449829,0.0
29,visual,0.8404656648635864,0.0,Movies,42,context_static,False,63,0.8404656648635864,0.0
30,text,0.7925904393196106,0.0,Movies,42,context_static,False,63,0.7925904393196106,0.0
30,visual,0.8684957027435303,0.0,Movies,42,context_static,False,63,0.8684957027435303,0.0
31,text,0.8103867769241333,0.0,Movies,42,context_static,False,63,0.8103867769241333,0.0
31,visual,0.8946840167045593,0.0,Movies,42,context_static,False,63,0.8946840167045593,0.0
32,text,0.8305503726005554,0.0,Movies,42,context_static,False,63,0.8305503726005554,0.0
32,visual,0.9220015406608582,0.0,Movies,42,context_static,False,63,0.9220015406608582,0.0
33,text,0.8438428044319153,0.0,Movies,42,context_static,False,63,0.8438428044319153,0.0
33,visual,0.9493201375007629,0.0,Movies,42,context_static,False,63,0.9493201375007629,0.0
34,text,0.8532499074935913,0.0,Movies,42,context_static,False,63,0.8532499074935913,0.0
34,visual,0.9771201014518738,0.0,Movies,42,context_static,False,63,0.9771201014518738,0.0
35,text,0.8647640347480774,0.0,Movies,42,context_static,False,63,0.8647640347480774,0.0
35,visual,1.0025055408477783,0.0,Movies,42,context_static,False,63,1.0025055408477783,0.0
36,text,0.877941370010376,0.0,Movies,42,context_static,False,63,0.877941370010376,0.0
36,visual,1.025430679321289,0.0,Movies,42,context_static,False,63,1.025430679321289,0.0
37,text,0.8919305205345154,0.0,Movies,42,context_static,False,63,0.8919305205345154,0.0
37,visual,1.0492123365402222,0.0,Movies,42,context_static,False,63,1.0492123365402222,0.0
38,text,0.904396116733551,0.0,Movies,42,context_static,False,63,0.904396116733551,0.0
38,visual,1.0719274282455444,0.0,Movies,42,context_static,False,63,1.0719274282455444,0.0
39,text,0.9147677421569824,0.0,Movies,42,context_static,False,63,0.9147677421569824,0.0
39,visual,1.0931074619293213,0.0,Movies,42,context_static,False,63,1.0931074619293213,0.0
40,text,0.9231948256492615,0.0,Movies,42,context_static,False,63,0.9231948256492615,0.0
40,visual,1.114354133605957,0.0,Movies,42,context_static,False,63,1.114354133605957,0.0
41,text,0.9346063137054443,0.0,Movies,42,context_static,False,63,0.9346063137054443,0.0
41,visual,1.1335314512252808,0.0,Movies,42,context_static,False,63,1.1335314512252808,0.0
42,text,0.9484723806381226,0.0,Movies,42,context_static,False,63,0.9484723806381226,0.0
42,visual,1.1504840850830078,0.0,Movies,42,context_static,False,63,1.1504840850830078,0.0
43,text,0.9614534974098206,0.0,Movies,42,context_static,False,63,0.9614534974098206,0.0
43,visual,1.1664657592773438,0.0,Movies,42,context_static,False,63,1.1664657592773438,0.0
44,text,0.9719305634498596,0.0,Movies,42,context_static,False,63,0.9719305634498596,0.0
44,visual,1.1833637952804565,0.0,Movies,42,context_static,False,63,1.1833637952804565,0.0
45,text,0.9814806580543518,0.0,Movies,42,context_static,False,63,0.9814806580543518,0.0
45,visual,1.2005864381790161,0.0,Movies,42,context_static,False,63,1.2005864381790161,0.0
46,text,0.9906056523323059,0.0,Movies,42,context_static,False,63,0.9906056523323059,0.0
46,visual,1.2183783054351807,0.0,Movies,42,context_static,False,63,1.2183783054351807,0.0
47,text,0.9982547163963318,0.0,Movies,42,context_static,False,63,0.9982547163963318,0.0
47,visual,1.2343031167984009,0.0,Movies,42,context_static,False,63,1.2343031167984009,0.0
48,text,1.0066189765930176,0.0,Movies,42,context_static,False,63,1.0066189765930176,0.0
48,visual,1.2501370906829834,0.0,Movies,42,context_static,False,63,1.2501370906829834,0.0
49,text,1.0163037776947021,0.0,Movies,42,context_static,False,63,1.0163037776947021,0.0
49,visual,1.2664576768875122,0.0,Movies,42,context_static,False,63,1.2664576768875122,0.0
50,text,1.0255274772644043,0.0,Movies,42,context_static,False,63,1.0255274772644043,0.0
50,visual,1.283795714378357,0.0,Movies,42,context_static,False,63,1.283795714378357,0.0
51,text,1.032972812652588,0.0,Movies,42,context_static,False,63,1.032972812652588,0.0
51,visual,1.2987620830535889,0.0,Movies,42,context_static,False,63,1.2987620830535889,0.0
52,text,1.0379172563552856,0.0,Movies,42,context_static,False,63,1.0379172563552856,0.0
52,visual,1.3133739233016968,0.0,Movies,42,context_static,False,63,1.3133739233016968,0.0
53,text,1.0451363325119019,0.0,Movies,42,context_static,False,63,1.0451363325119019,0.0
53,visual,1.3292709589004517,0.0,Movies,42,context_static,False,63,1.3292709589004517,0.0
54,text,1.0537075996398926,0.0,Movies,42,context_static,False,63,1.0537075996398926,0.0
54,visual,1.3474299907684326,0.0,Movies,42,context_static,False,63,1.3474299907684326,0.0
55,text,1.06435227394104,0.0,Movies,42,context_static,False,63,1.06435227394104,0.0
55,visual,1.365986943244934,0.0,Movies,42,context_static,False,63,1.365986943244934,0.0
56,text,1.0745307207107544,0.0,Movies,42,context_static,False,63,1.0745307207107544,0.0
56,visual,1.385861873626709,0.0,Movies,42,context_static,False,63,1.385861873626709,0.0
57,text,1.0853301286697388,0.0,Movies,42,context_static,False,63,1.0853301286697388,0.0
57,visual,1.4057660102844238,0.0,Movies,42,context_static,False,63,1.4057660102844238,0.0
58,text,1.0959291458129883,0.0,Movies,42,context_static,False,63,1.0959291458129883,0.0
58,visual,1.4261225461959839,0.0,Movies,42,context_static,False,63,1.4261225461959839,0.0
59,text,1.1045609712600708,0.0,Movies,42,context_static,False,63,1.1045609712600708,0.0
59,visual,1.4470995664596558,0.0,Movies,42,context_static,False,63,1.4470995664596558,0.0
60,text,1.1138263940811157,0.0,Movies,42,context_static,False,63,1.1138263940811157,0.0
60,visual,1.4666612148284912,0.0,Movies,42,context_static,False,63,1.4666612148284912,0.0
61,text,1.1223351955413818,0.0,Movies,42,context_static,False,63,1.1223351955413818,0.0
61,visual,1.4846315383911133,0.0,Movies,42,context_static,False,63,1.4846315383911133,0.0
62,text,1.1309847831726074,0.0,Movies,42,context_static,False,63,1.1309847831726074,0.0
62,visual,1.5013387203216553,0.0,Movies,42,context_static,False,63,1.5013387203216553,0.0
63,text,1.141329050064087,0.0,Movies,42,context_static,True,63,1.141329050064087,0.0
63,visual,1.5189540386199951,0.0,Movies,42,context_static,True,63,1.5189540386199951,0.0
64,text,1.1510751247406006,0.0,Movies,42,context_static,False,63,1.1510751247406006,0.0
64,visual,1.5378434658050537,0.0,Movies,42,context_static,False,63,1.5378434658050537,0.0
65,text,1.1618496179580688,0.0,Movies,42,context_static,False,63,1.1618496179580688,0.0
65,visual,1.5555976629257202,0.0,Movies,42,context_static,False,63,1.5555976629257202,0.0
66,text,1.17135488986969,0.0,Movies,42,context_static,False,63,1.17135488986969,0.0
66,visual,1.573561191558838,0.0,Movies,42,context_static,False,63,1.573561191558838,0.0
67,text,1.181662678718567,0.0,Movies,42,context_static,False,63,1.181662678718567,0.0
67,visual,1.5907723903656006,0.0,Movies,42,context_static,False,63,1.5907723903656006,0.0
68,text,1.1901787519454956,0.0,Movies,42,context_static,False,63,1.1901787519454956,0.0
68,visual,1.6069256067276,0.0,Movies,42,context_static,False,63,1.6069256067276,0.0
69,text,1.2013345956802368,0.0,Movies,42,context_static,False,63,1.2013345956802368,0.0
69,visual,1.6240488290786743,0.0,Movies,42,context_static,False,63,1.6240488290786743,0.0
70,text,1.213258981704712,0.0,Movies,42,context_static,False,63,1.213258981704712,0.0
70,visual,1.640906810760498,0.0,Movies,42,context_static,False,63,1.640906810760498,0.0
71,text,1.2251551151275635,0.0,Movies,42,context_static,False,63,1.2251551151275635,0.0
71,visual,1.6570998430252075,0.0,Movies,42,context_static,False,63,1.6570998430252075,0.0
72,text,1.2359775304794312,0.0,Movies,42,context_static,False,63,1.2359775304794312,0.0
72,visual,1.6716264486312866,0.0,Movies,42,context_static,False,63,1.6716264486312866,0.0
73,text,1.243439793586731,0.0,Movies,42,context_static,False,63,1.243439793586731,0.0
73,visual,1.6851609945297241,0.0,Movies,42,context_static,False,63,1.6851609945297241,0.0
74,text,1.250038743019104,0.0,Movies,42,context_static,False,63,1.250038743019104,0.0
74,visual,1.699284315109253,0.0,Movies,42,context_static,False,63,1.699284315109253,0.0
75,text,1.2590194940567017,0.0,Movies,42,context_static,False,63,1.2590194940567017,0.0
75,visual,1.7119570970535278,0.0,Movies,42,context_static,False,63,1.7119570970535278,0.0
76,text,1.2672260999679565,0.0,Movies,42,context_static,False,63,1.2672260999679565,0.0
76,visual,1.7238913774490356,0.0,Movies,42,context_static,False,63,1.7238913774490356,0.0
77,text,1.2732341289520264,0.0,Movies,42,context_static,False,63,1.2732341289520264,0.0
77,visual,1.7362873554229736,0.0,Movies,42,context_static,False,63,1.7362873554229736,0.0
78,text,1.278462290763855,0.0,Movies,42,context_static,False,63,1.278462290763855,0.0
78,visual,1.7472529411315918,0.0,Movies,42,context_static,False,63,1.7472529411315918,0.0
79,text,1.283252477645874,0.0,Movies,42,context_static,False,63,1.283252477645874,0.0
79,visual,1.7573449611663818,0.0,Movies,42,context_static,False,63,1.7573449611663818,0.0
80,text,1.2866700887680054,0.0,Movies,42,context_static,False,63,1.2866700887680054,0.0
80,visual,1.7680834531784058,0.0,Movies,42,context_static,False,63,1.7680834531784058,0.0
81,text,1.290147066116333,0.0,Movies,42,context_static,False,63,1.290147066116333,0.0
81,visual,1.7782049179077148,0.0,Movies,42,context_static,False,63,1.7782049179077148,0.0
82,text,1.295118808746338,0.0,Movies,42,context_static,False,63,1.295118808746338,0.0
82,visual,1.7865034341812134,0.0,Movies,42,context_static,False,63,1.7865034341812134,0.0
83,text,1.3026286363601685,0.0,Movies,42,context_static,False,63,1.3026286363601685,0.0
83,visual,1.7956076860427856,0.0,Movies,42,context_static,False,63,1.7956076860427856,0.0
84,text,1.308483600616455,0.0,Movies,42,context_static,False,63,1.308483600616455,0.0
84,visual,1.8043386936187744,0.0,Movies,42,context_static,False,63,1.8043386936187744,0.0
85,text,1.3127868175506592,0.0,Movies,42,context_static,False,63,1.3127868175506592,0.0
85,visual,1.8128464221954346,0.0,Movies,42,context_static,False,63,1.8128464221954346,0.0
86,text,1.3175767660140991,0.0,Movies,42,context_static,False,63,1.3175767660140991,0.0
86,visual,1.8211331367492676,0.0,Movies,42,context_static,False,63,1.8211331367492676,0.0
87,text,1.3240505456924438,0.0,Movies,42,context_static,False,63,1.3240505456924438,0.0
87,visual,1.8292759656906128,0.0,Movies,42,context_static,False,63,1.8292759656906128,0.0
88,text,1.331040859222412,0.0,Movies,42,context_static,False,63,1.331040859222412,0.0
88,visual,1.838382601737976,0.0,Movies,42,context_static,False,63,1.838382601737976,0.0
89,text,1.3369725942611694,0.0,Movies,42,context_static,False,63,1.3369725942611694,0.0
89,visual,1.8487313985824585,0.0,Movies,42,context_static,False,63,1.8487313985824585,0.0
90,text,1.343239188194275,0.0,Movies,42,context_static,False,63,1.343239188194275,0.0
90,visual,1.8582428693771362,0.0,Movies,42,context_static,False,63,1.8582428693771362,0.0
91,text,1.3489798307418823,0.0,Movies,42,context_static,False,63,1.3489798307418823,0.0
91,visual,1.8678151369094849,0.0,Movies,42,context_static,False,63,1.8678151369094849,0.0
92,text,1.3534331321716309,0.0,Movies,42,context_static,False,63,1.3534331321716309,0.0
92,visual,1.8780783414840698,0.0,Movies,42,context_static,False,63,1.8780783414840698,0.0
93,text,1.3579131364822388,0.0,Movies,42,context_static,False,63,1.3579131364822388,0.0
93,visual,1.8895659446716309,0.0,Movies,42,context_static,False,63,1.8895659446716309,0.0
1,text,0.08922826498746872,0.0,Movies,42,context_attn_dynamic,False,55,0.08922826498746872,0.0
1,visual,0.08959924429655075,0.0,Movies,42,context_attn_dynamic,False,55,0.08959924429655075,0.0
2,text,0.13441410660743713,0.0,Movies,42,context_attn_dynamic,False,55,0.13441410660743713,0.0
2,visual,0.13854636251926422,0.0,Movies,42,context_attn_dynamic,False,55,0.13854636251926422,0.0
3,text,0.16770032048225403,0.0,Movies,42,context_attn_dynamic,False,55,0.16770032048225403,0.0
3,visual,0.17334634065628052,0.0,Movies,42,context_attn_dynamic,False,55,0.17334634065628052,0.0
4,text,0.200143963098526,0.0,Movies,42,context_attn_dynamic,False,55,0.200143963098526,0.0
4,visual,0.20715637505054474,0.0,Movies,42,context_attn_dynamic,False,55,0.20715637505054474,0.0
5,text,0.22744020819664001,0.0,Movies,42,context_attn_dynamic,False,55,0.22744020819664001,0.0
5,visual,0.2422834038734436,0.0,Movies,42,context_attn_dynamic,False,55,0.2422834038734436,0.0
6,text,0.2567361295223236,0.0,Movies,42,context_attn_dynamic,False,55,0.2567361295223236,0.0
6,visual,0.2791256904602051,0.0,Movies,42,context_attn_dynamic,False,55,0.2791256904602051,0.0
7,text,0.28765422105789185,0.0,Movies,42,context_attn_dynamic,False,55,0.28765422105789185,0.0
7,visual,0.31500017642974854,0.0,Movies,42,context_attn_dynamic,False,55,0.31500017642974854,0.0
8,text,0.31488531827926636,0.0,Movies,42,context_attn_dynamic,False,55,0.31488531827926636,0.0
8,visual,0.34471213817596436,0.0,Movies,42,context_attn_dynamic,False,55,0.34471213817596436,0.0
9,text,0.3403453528881073,0.0,Movies,42,context_attn_dynamic,False,55,0.3403453528881073,0.0
9,visual,0.3709383010864258,0.0,Movies,42,context_attn_dynamic,False,55,0.3709383010864258,0.0
10,text,0.3652951121330261,0.0,Movies,42,context_attn_dynamic,False,55,0.3652951121330261,0.0
10,visual,0.39636629819869995,0.0,Movies,42,context_attn_dynamic,False,55,0.39636629819869995,0.0
11,text,0.38985854387283325,0.0,Movies,42,context_attn_dynamic,False,55,0.38985854387283325,0.0
11,visual,0.4221037030220032,0.0,Movies,42,context_attn_dynamic,False,55,0.4221037030220032,0.0
12,text,0.4144449532032013,0.0,Movies,42,context_attn_dynamic,False,55,0.4144449532032013,0.0
12,visual,0.44620653986930847,0.0,Movies,42,context_attn_dynamic,False,55,0.44620653986930847,0.0
13,text,0.4399740695953369,0.0,Movies,42,context_attn_dynamic,False,55,0.4399740695953369,0.0
13,visual,0.4702533781528473,0.0,Movies,42,context_attn_dynamic,False,55,0.4702533781528473,0.0
14,text,0.4653453826904297,0.0,Movies,42,context_attn_dynamic,False,55,0.4653453826904297,0.0
14,visual,0.494508296251297,0.0,Movies,42,context_attn_dynamic,False,55,0.494508296251297,0.0
15,text,0.49097976088523865,0.0,Movies,42,context_attn_dynamic,False,55,0.49097976088523865,0.0
15,visual,0.518352210521698,0.0,Movies,42,context_attn_dynamic,False,55,0.518352210521698,0.0
16,text,0.516114354133606,0.0,Movies,42,context_attn_dynamic,False,55,0.516114354133606,0.0
16,visual,0.5422631502151489,0.0,Movies,42,context_attn_dynamic,False,55,0.5422631502151489,0.0
17,text,0.5404449105262756,0.0,Movies,42,context_attn_dynamic,False,55,0.5404449105262756,0.0
17,visual,0.5666266083717346,0.0,Movies,42,context_attn_dynamic,False,55,0.5666266083717346,0.0
18,text,0.5657634139060974,0.0,Movies,42,context_attn_dynamic,False,55,0.5657634139060974,0.0
18,visual,0.5912836790084839,0.0,Movies,42,context_attn_dynamic,False,55,0.5912836790084839,0.0
19,text,0.5927063822746277,0.0,Movies,42,context_attn_dynamic,False,55,0.5927063822746277,0.0
19,visual,0.6160805821418762,0.0,Movies,42,context_attn_dynamic,False,55,0.6160805821418762,0.0
20,text,0.619350790977478,0.0,Movies,42,context_attn_dynamic,False,55,0.619350790977478,0.0
20,visual,0.641539990901947,0.0,Movies,42,context_attn_dynamic,False,55,0.641539990901947,0.0
21,text,0.6480219960212708,0.0,Movies,42,context_attn_dynamic,False,55,0.6480219960212708,0.0
21,visual,0.6650151014328003,0.0,Movies,42,context_attn_dynamic,False,55,0.6650151014328003,0.0
22,text,0.6719798445701599,0.0,Movies,42,context_attn_dynamic,False,55,0.6719798445701599,0.0
22,visual,0.6890714764595032,0.0,Movies,42,context_attn_dynamic,False,55,0.6890714764595032,0.0
23,text,0.6985084414482117,0.0,Movies,42,context_attn_dynamic,False,55,0.6985084414482117,0.0
23,visual,0.712602436542511,0.0,Movies,42,context_attn_dynamic,False,55,0.712602436542511,0.0
24,text,0.7260106801986694,0.0,Movies,42,context_attn_dynamic,False,55,0.7260106801986694,0.0
24,visual,0.7365750670433044,0.0,Movies,42,context_attn_dynamic,False,55,0.7365750670433044,0.0
25,text,0.750021755695343,0.0,Movies,42,context_attn_dynamic,False,55,0.750021755695343,0.0
25,visual,0.761818528175354,0.0,Movies,42,context_attn_dynamic,False,55,0.761818528175354,0.0
26,text,0.7764825224876404,0.0,Movies,42,context_attn_dynamic,False,55,0.7764825224876404,0.0
26,visual,0.7854619026184082,0.0,Movies,42,context_attn_dynamic,False,55,0.7854619026184082,0.0
27,text,0.8037407398223877,0.0,Movies,42,context_attn_dynamic,False,55,0.8037407398223877,0.0
27,visual,0.8107723593711853,0.0,Movies,42,context_attn_dynamic,False,55,0.8107723593711853,0.0
28,text,0.82635498046875,0.0,Movies,42,context_attn_dynamic,False,55,0.82635498046875,0.0
28,visual,0.8376981616020203,0.0,Movies,42,context_attn_dynamic,False,55,0.8376981616020203,0.0
29,text,0.8501262068748474,0.0,Movies,42,context_attn_dynamic,False,55,0.8501262068748474,0.0
29,visual,0.8635865449905396,0.0,Movies,42,context_attn_dynamic,False,55,0.8635865449905396,0.0
30,text,0.8709076046943665,0.0,Movies,42,context_attn_dynamic,False,55,0.8709076046943665,0.0
30,visual,0.8919112682342529,0.0,Movies,42,context_attn_dynamic,False,55,0.8919112682342529,0.0
31,text,0.8911006450653076,0.0,Movies,42,context_attn_dynamic,False,55,0.8911006450653076,0.0
31,visual,0.9218679666519165,0.0,Movies,42,context_attn_dynamic,False,55,0.9218679666519165,0.0
32,text,0.9081737399101257,0.0,Movies,42,context_attn_dynamic,False,55,0.9081737399101257,0.0
32,visual,0.9513339400291443,0.0,Movies,42,context_attn_dynamic,False,55,0.9513339400291443,0.0
33,text,0.925151526927948,0.0,Movies,42,context_attn_dynamic,False,55,0.925151526927948,0.0
33,visual,0.9833500981330872,0.0,Movies,42,context_attn_dynamic,False,55,0.9833500981330872,0.0
34,text,0.9426383376121521,0.0,Movies,42,context_attn_dynamic,False,55,0.9426383376121521,0.0
34,visual,1.013697624206543,0.0,Movies,42,context_attn_dynamic,False,55,1.013697624206543,0.0
35,text,0.9616416096687317,0.0,Movies,42,context_attn_dynamic,False,55,0.9616416096687317,0.0
35,visual,1.0443217754364014,0.0,Movies,42,context_attn_dynamic,False,55,1.0443217754364014,0.0
36,text,0.9777302742004395,0.0,Movies,42,context_attn_dynamic,False,55,0.9777302742004395,0.0
36,visual,1.07401704788208,0.0,Movies,42,context_attn_dynamic,False,55,1.07401704788208,0.0
37,text,0.992199718952179,0.0,Movies,42,context_attn_dynamic,False,55,0.992199718952179,0.0
37,visual,1.1019988059997559,0.0,Movies,42,context_attn_dynamic,False,55,1.1019988059997559,0.0
38,text,1.0065423250198364,0.0,Movies,42,context_attn_dynamic,False,55,1.0065423250198364,0.0
38,visual,1.129348874092102,0.0,Movies,42,context_attn_dynamic,False,55,1.129348874092102,0.0
39,text,1.0185904502868652,0.0,Movies,42,context_attn_dynamic,False,55,1.0185904502868652,0.0
39,visual,1.1555370092391968,0.0,Movies,42,context_attn_dynamic,False,55,1.1555370092391968,0.0
40,text,1.0289201736450195,0.0,Movies,42,context_attn_dynamic,False,55,1.0289201736450195,0.0
40,visual,1.1806834936141968,0.0,Movies,42,context_attn_dynamic,False,55,1.1806834936141968,0.0
41,text,1.0415340662002563,0.0,Movies,42,context_attn_dynamic,False,55,1.0415340662002563,0.0
41,visual,1.2054377794265747,0.0,Movies,42,context_attn_dynamic,False,55,1.2054377794265747,0.0
42,text,1.0493836402893066,0.0,Movies,42,context_attn_dynamic,False,55,1.0493836402893066,0.0
42,visual,1.2278870344161987,0.0,Movies,42,context_attn_dynamic,False,55,1.2278870344161987,0.0
43,text,1.0550339221954346,0.0,Movies,42,context_attn_dynamic,False,55,1.0550339221954346,0.0
43,visual,1.2475980520248413,0.0,Movies,42,context_attn_dynamic,False,55,1.2475980520248413,0.0
44,text,1.0633251667022705,0.0,Movies,42,context_attn_dynamic,False,55,1.0633251667022705,0.0
44,visual,1.263276219367981,0.0,Movies,42,context_attn_dynamic,False,55,1.263276219367981,0.0
45,text,1.072713017463684,0.0,Movies,42,context_attn_dynamic,False,55,1.072713017463684,0.0
45,visual,1.2796727418899536,0.0,Movies,42,context_attn_dynamic,False,55,1.2796727418899536,0.0
46,text,1.0842938423156738,0.0,Movies,42,context_attn_dynamic,False,55,1.0842938423156738,0.0
46,visual,1.2962663173675537,0.0,Movies,42,context_attn_dynamic,False,55,1.2962663173675537,0.0
47,text,1.0971179008483887,0.0,Movies,42,context_attn_dynamic,False,55,1.0971179008483887,0.0
47,visual,1.3144429922103882,0.0,Movies,42,context_attn_dynamic,False,55,1.3144429922103882,0.0
48,text,1.1082857847213745,0.0,Movies,42,context_attn_dynamic,False,55,1.1082857847213745,0.0
48,visual,1.3334029912948608,0.0,Movies,42,context_attn_dynamic,False,55,1.3334029912948608,0.0
49,text,1.1202669143676758,0.0,Movies,42,context_attn_dynamic,False,55,1.1202669143676758,0.0
49,visual,1.3515865802764893,0.0,Movies,42,context_attn_dynamic,False,55,1.3515865802764893,0.0
50,text,1.1286771297454834,0.0,Movies,42,context_attn_dynamic,False,55,1.1286771297454834,0.0
50,visual,1.3703012466430664,0.0,Movies,42,context_attn_dynamic,False,55,1.3703012466430664,0.0
51,text,1.1394298076629639,0.0,Movies,42,context_attn_dynamic,False,55,1.1394298076629639,0.0
51,visual,1.3870550394058228,0.0,Movies,42,context_attn_dynamic,False,55,1.3870550394058228,0.0
52,text,1.1488112211227417,0.0,Movies,42,context_attn_dynamic,False,55,1.1488112211227417,0.0
52,visual,1.4054346084594727,0.0,Movies,42,context_attn_dynamic,False,55,1.4054346084594727,0.0
53,text,1.1592406034469604,0.0,Movies,42,context_attn_dynamic,False,55,1.1592406034469604,0.0
53,visual,1.4227465391159058,0.0,Movies,42,context_attn_dynamic,False,55,1.4227465391159058,0.0
54,text,1.1695332527160645,0.0,Movies,42,context_attn_dynamic,False,55,1.1695332527160645,0.0
54,visual,1.440116047859192,0.0,Movies,42,context_attn_dynamic,False,55,1.440116047859192,0.0
55,text,1.180074691772461,0.0,Movies,42,context_attn_dynamic,True,55,1.180074691772461,0.0
55,visual,1.4577772617340088,0.0,Movies,42,context_attn_dynamic,True,55,1.4577772617340088,0.0
56,text,1.1898226737976074,0.0,Movies,42,context_attn_dynamic,False,55,1.1898226737976074,0.0
56,visual,1.476881504058838,0.0,Movies,42,context_attn_dynamic,False,55,1.476881504058838,0.0
57,text,1.1966081857681274,0.0,Movies,42,context_attn_dynamic,False,55,1.1966081857681274,0.0
57,visual,1.4958293437957764,0.0,Movies,42,context_attn_dynamic,False,55,1.4958293437957764,0.0
58,text,1.2036464214324951,0.0,Movies,42,context_attn_dynamic,False,55,1.2036464214324951,0.0
58,visual,1.5160746574401855,0.0,Movies,42,context_attn_dynamic,False,55,1.5160746574401855,0.0
59,text,1.212182879447937,0.0,Movies,42,context_attn_dynamic,False,55,1.212182879447937,0.0
59,visual,1.533927321434021,0.0,Movies,42,context_attn_dynamic,False,55,1.533927321434021,0.0
60,text,1.2229036092758179,0.0,Movies,42,context_attn_dynamic,False,55,1.2229036092758179,0.0
60,visual,1.5508766174316406,0.0,Movies,42,context_attn_dynamic,False,55,1.5508766174316406,0.0
61,text,1.2301841974258423,0.0,Movies,42,context_attn_dynamic,False,55,1.2301841974258423,0.0
61,visual,1.565746545791626,0.0,Movies,42,context_attn_dynamic,False,55,1.565746545791626,0.0
62,text,1.2358853816986084,0.0,Movies,42,context_attn_dynamic,False,55,1.2358853816986084,0.0
62,visual,1.5800127983093262,0.0,Movies,42,context_attn_dynamic,False,55,1.5800127983093262,0.0
63,text,1.2427046298980713,0.0,Movies,42,context_attn_dynamic,False,55,1.2427046298980713,0.0
63,visual,1.5951756238937378,0.0,Movies,42,context_attn_dynamic,False,55,1.5951756238937378,0.0
64,text,1.2498295307159424,0.0,Movies,42,context_attn_dynamic,False,55,1.2498295307159424,0.0
64,visual,1.6108283996582031,0.0,Movies,42,context_attn_dynamic,False,55,1.6108283996582031,0.0
65,text,1.256420612335205,0.0,Movies,42,context_attn_dynamic,False,55,1.256420612335205,0.0
65,visual,1.6278988122940063,0.0,Movies,42,context_attn_dynamic,False,55,1.6278988122940063,0.0
66,text,1.2619353532791138,0.0,Movies,42,context_attn_dynamic,False,55,1.2619353532791138,0.0
66,visual,1.6441696882247925,0.0,Movies,42,context_attn_dynamic,False,55,1.6441696882247925,0.0
67,text,1.2693389654159546,0.0,Movies,42,context_attn_dynamic,False,55,1.2693389654159546,0.0
67,visual,1.6607356071472168,0.0,Movies,42,context_attn_dynamic,False,55,1.6607356071472168,0.0
68,text,1.277781367301941,0.0,Movies,42,context_attn_dynamic,False,55,1.277781367301941,0.0
68,visual,1.6740148067474365,0.0,Movies,42,context_attn_dynamic,False,55,1.6740148067474365,0.0
69,text,1.2850351333618164,0.0,Movies,42,context_attn_dynamic,False,55,1.2850351333618164,0.0
69,visual,1.686637282371521,0.0,Movies,42,context_attn_dynamic,False,55,1.686637282371521,0.0
70,text,1.2908985614776611,0.0,Movies,42,context_attn_dynamic,False,55,1.2908985614776611,0.0
70,visual,1.700154185295105,0.0,Movies,42,context_attn_dynamic,False,55,1.700154185295105,0.0
71,text,1.2952715158462524,0.0,Movies,42,context_attn_dynamic,False,55,1.2952715158462524,0.0
71,visual,1.712254524230957,0.0,Movies,42,context_attn_dynamic,False,55,1.712254524230957,0.0
72,text,1.2965009212493896,0.0,Movies,42,context_attn_dynamic,False,55,1.2965009212493896,0.0
72,visual,1.7232855558395386,0.0,Movies,42,context_attn_dynamic,False,55,1.7232855558395386,0.0
73,text,1.2973062992095947,0.0,Movies,42,context_attn_dynamic,False,55,1.2973062992095947,0.0
73,visual,1.733274221420288,0.0,Movies,42,context_attn_dynamic,False,55,1.733274221420288,0.0
74,text,1.3013629913330078,0.0,Movies,42,context_attn_dynamic,False,55,1.3013629913330078,0.0
74,visual,1.7403137683868408,0.0,Movies,42,context_attn_dynamic,False,55,1.7403137683868408,0.0
75,text,1.3090382814407349,0.0,Movies,42,context_attn_dynamic,False,55,1.3090382814407349,0.0
75,visual,1.7449440956115723,0.0,Movies,42,context_attn_dynamic,False,55,1.7449440956115723,0.0
76,text,1.3166154623031616,0.0,Movies,42,context_attn_dynamic,False,55,1.3166154623031616,0.0
76,visual,1.7538329362869263,0.0,Movies,42,context_attn_dynamic,False,55,1.7538329362869263,0.0
77,text,1.3227922916412354,0.0,Movies,42,context_attn_dynamic,False,55,1.3227922916412354,0.0
77,visual,1.7654974460601807,0.0,Movies,42,context_attn_dynamic,False,55,1.7654974460601807,0.0
78,text,1.329742431640625,0.0,Movies,42,context_attn_dynamic,False,55,1.329742431640625,0.0
78,visual,1.7776483297348022,0.0,Movies,42,context_attn_dynamic,False,55,1.7776483297348022,0.0
79,text,1.3346071243286133,0.0,Movies,42,context_attn_dynamic,False,55,1.3346071243286133,0.0
79,visual,1.7897586822509766,0.0,Movies,42,context_attn_dynamic,False,55,1.7897586822509766,0.0
80,text,1.3414747714996338,0.0,Movies,42,context_attn_dynamic,False,55,1.3414747714996338,0.0
80,visual,1.8013887405395508,0.0,Movies,42,context_attn_dynamic,False,55,1.8013887405395508,0.0
81,text,1.3480440378189087,0.0,Movies,42,context_attn_dynamic,False,55,1.3480440378189087,0.0
81,visual,1.81306791305542,0.0,Movies,42,context_attn_dynamic,False,55,1.81306791305542,0.0
82,text,1.3556556701660156,0.0,Movies,42,context_attn_dynamic,False,55,1.3556556701660156,0.0
82,visual,1.8229886293411255,0.0,Movies,42,context_attn_dynamic,False,55,1.8229886293411255,0.0
83,text,1.3625824451446533,0.0,Movies,42,context_attn_dynamic,False,55,1.3625824451446533,0.0
83,visual,1.8339816331863403,0.0,Movies,42,context_attn_dynamic,False,55,1.8339816331863403,0.0
84,text,1.3727880716323853,0.0,Movies,42,context_attn_dynamic,False,55,1.3727880716323853,0.0
84,visual,1.8445487022399902,0.0,Movies,42,context_attn_dynamic,False,55,1.8445487022399902,0.0
85,text,1.382213830947876,0.0,Movies,42,context_attn_dynamic,False,55,1.382213830947876,0.0
85,visual,1.8570818901062012,0.0,Movies,42,context_attn_dynamic,False,55,1.8570818901062012,0.0
1,text,0.08934161812067032,0.0,Movies,42,context_bilinear_absolute,False,61,0.08934161812067032,0.0
1,visual,0.08966118097305298,0.0,Movies,42,context_bilinear_absolute,False,61,0.08966118097305298,0.0
2,text,0.13446074724197388,0.025272270664572716,Movies,42,context_bilinear_absolute,False,61,0.13446074724197388,0.025272270664572716
2,visual,0.13727585971355438,0.023780900985002518,Movies,42,context_bilinear_absolute,False,61,0.13727585971355438,0.023780900985002518
3,text,0.16793674230575562,0.04438101500272751,Movies,42,context_bilinear_absolute,False,61,0.16793674230575562,0.04438101500272751
3,visual,0.17143495380878448,0.044548165053129196,Movies,42,context_bilinear_absolute,False,61,0.17143495380878448,0.044548165053129196
4,text,0.20182760059833527,0.06118868663907051,Movies,42,context_bilinear_absolute,False,61,0.20182760059833527,0.06118868663907051
4,visual,0.20456735789775848,0.06447264552116394,Movies,42,context_bilinear_absolute,False,61,0.20456735789775848,0.06447264552116394
5,text,0.22880923748016357,0.07568001002073288,Movies,42,context_bilinear_absolute,False,61,0.22880923748016357,0.07568001002073288
5,visual,0.239075168967247,0.08542489260435104,Movies,42,context_bilinear_absolute,False,61,0.239075168967247,0.08542489260435104
6,text,0.25710591673851013,0.09042713046073914,Movies,42,context_bilinear_absolute,False,61,0.25710591673851013,0.09042713046073914
6,visual,0.27549654245376587,0.10742516815662384,Movies,42,context_bilinear_absolute,False,61,0.27549654245376587,0.10742516815662384
7,text,0.2873481512069702,0.10364371538162231,Movies,42,context_bilinear_absolute,False,61,0.2873481512069702,0.10364371538162231
7,visual,0.31138330698013306,0.12932805716991425,Movies,42,context_bilinear_absolute,False,61,0.31138330698013306,0.12932805716991425
8,text,0.31458109617233276,0.11537381261587143,Movies,42,context_bilinear_absolute,False,61,0.31458109617233276,0.11537381261587143
8,visual,0.3413921892642975,0.14753839373588562,Movies,42,context_bilinear_absolute,False,61,0.3413921892642975,0.14753839373588562
9,text,0.3395359218120575,0.12759456038475037,Movies,42,context_bilinear_absolute,False,61,0.3395359218120575,0.12759456038475037
9,visual,0.3680255711078644,0.16364499926567078,Movies,42,context_bilinear_absolute,False,61,0.3680255711078644,0.16364499926567078
10,text,0.3641515374183655,0.1412193328142166,Movies,42,context_bilinear_absolute,False,61,0.3641515374183655,0.1412193328142166
10,visual,0.394003689289093,0.17943380773067474,Movies,42,context_bilinear_absolute,False,61,0.394003689289093,0.17943380773067474
11,text,0.3884522020816803,0.15579798817634583,Movies,42,context_bilinear_absolute,False,61,0.3884522020816803,0.15579798817634583
11,visual,0.4200562536716461,0.1951899379491806,Movies,42,context_bilinear_absolute,False,61,0.4200562536716461,0.1951899379491806
12,text,0.4110185503959656,0.16329015791416168,Movies,42,context_bilinear_absolute,False,61,0.4110185503959656,0.16329015791416168
12,visual,0.44443273544311523,0.20975063741207123,Movies,42,context_bilinear_absolute,False,61,0.44443273544311523,0.20975063741207123
13,text,0.4334869384765625,0.1732572317123413,Movies,42,context_bilinear_absolute,False,61,0.4334869384765625,0.1732572317123413
13,visual,0.4683643877506256,0.2235356569290161,Movies,42,context_bilinear_absolute,False,61,0.4683643877506256,0.2235356569290161
14,text,0.4561068117618561,0.18451392650604248,Movies,42,context_bilinear_absolute,False,61,0.4561068117618561,0.18451392650604248
14,visual,0.49208879470825195,0.23701664805412292,Movies,42,context_bilinear_absolute,False,61,0.49208879470825195,0.23701664805412292
15,text,0.4772973358631134,0.1945679485797882,Movies,42,context_bilinear_absolute,False,61,0.4772973358631134,0.1945679485797882
15,visual,0.5145246386528015,0.25001534819602966,Movies,42,context_bilinear_absolute,False,61,0.5145246386528015,0.25001534819602966
16,text,0.49803996086120605,0.2066560834646225,Movies,42,context_bilinear_absolute,False,61,0.49803996086120605,0.2066560834646225
16,visual,0.5367831587791443,0.26267343759536743,Movies,42,context_bilinear_absolute,False,61,0.5367831587791443,0.26267343759536743
17,text,0.5184044241905212,0.2176622599363327,Movies,42,context_bilinear_absolute,False,61,0.5184044241905212,0.2176622599363327
17,visual,0.5590464472770691,0.2759273648262024,Movies,42,context_bilinear_absolute,False,61,0.5590464472770691,0.2759273648262024
18,text,0.5387160181999207,0.2268168181180954,Movies,42,context_bilinear_absolute,False,61,0.5387160181999207,0.2268168181180954
18,visual,0.580325722694397,0.2892504930496216,Movies,42,context_bilinear_absolute,False,61,0.580325722694397,0.2892504930496216
19,text,0.5581727623939514,0.23678362369537354,Movies,42,context_bilinear_absolute,False,61,0.5581727623939514,0.23678362369537354
19,visual,0.6023697853088379,0.3036549985408783,Movies,42,context_bilinear_absolute,False,61,0.6023697853088379,0.3036549985408783
20,text,0.5778915286064148,0.24691294133663177,Movies,42,context_bilinear_absolute,False,61,0.5778915286064148,0.24691294133663177
20,visual,0.6249645352363586,0.31898388266563416,Movies,42,context_bilinear_absolute,False,61,0.6249645352363586,0.31898388266563416
21,text,0.5990207195281982,0.25774359703063965,Movies,42,context_bilinear_absolute,False,61,0.5990207195281982,0.25774359703063965
21,visual,0.6469780802726746,0.3341529071331024,Movies,42,context_bilinear_absolute,False,61,0.6469780802726746,0.3341529071331024
22,text,0.6197564005851746,0.2682953476905823,Movies,42,context_bilinear_absolute,False,61,0.6197564005851746,0.2682953476905823
22,visual,0.6702597737312317,0.3506287634372711,Movies,42,context_bilinear_absolute,False,61,0.6702597737312317,0.3506287634372711
23,text,0.6407790184020996,0.2801230847835541,Movies,42,context_bilinear_absolute,False,61,0.6407790184020996,0.2801230847835541
23,visual,0.6931735277175903,0.36742591857910156,Movies,42,context_bilinear_absolute,False,61,0.6931735277175903,0.36742591857910156
24,text,0.6631764769554138,0.2934729754924774,Movies,42,context_bilinear_absolute,False,61,0.6631764769554138,0.2934729754924774
24,visual,0.7162537574768066,0.385071337223053,Movies,42,context_bilinear_absolute,False,61,0.7162537574768066,0.385071337223053
25,text,0.6850699186325073,0.3071279525756836,Movies,42,context_bilinear_absolute,False,61,0.6850699186325073,0.3071279525756836
25,visual,0.740973174571991,0.40407824516296387,Movies,42,context_bilinear_absolute,False,61,0.740973174571991,0.40407824516296387
26,text,0.7076006531715393,0.3219003975391388,Movies,42,context_bilinear_absolute,False,61,0.7076006531715393,0.3219003975391388
26,visual,0.7644932270050049,0.42279285192489624,Movies,42,context_bilinear_absolute,False,61,0.7644932270050049,0.42279285192489624
27,text,0.7306607961654663,0.33797532320022583,Movies,42,context_bilinear_absolute,False,61,0.7306607961654663,0.33797532320022583
27,visual,0.7897346615791321,0.4432438015937805,Movies,42,context_bilinear_absolute,False,61,0.7897346615791321,0.4432438015937805
28,text,0.7538965344429016,0.355797678232193,Movies,42,context_bilinear_absolute,False,61,0.7538965344429016,0.355797678232193
28,visual,0.8163389563560486,0.4644612669944763,Movies,42,context_bilinear_absolute,False,61,0.8163389563560486,0.4644612669944763
29,text,0.7757378220558167,0.3732372522354126,Movies,42,context_bilinear_absolute,False,61,0.7757378220558167,0.3732372522354126
29,visual,0.8422923684120178,0.48558852076530457,Movies,42,context_bilinear_absolute,False,61,0.8422923684120178,0.48558852076530457
30,text,0.7928829193115234,0.3873966634273529,Movies,42,context_bilinear_absolute,False,61,0.7928829193115234,0.3873966634273529
30,visual,0.870446503162384,0.5083083510398865,Movies,42,context_bilinear_absolute,False,61,0.870446503162384,0.5083083510398865
31,text,0.8103235363960266,0.3977363705635071,Movies,42,context_bilinear_absolute,False,61,0.8103235363960266,0.3977363705635071
31,visual,0.8967623710632324,0.5297382473945618,Movies,42,context_bilinear_absolute,False,61,0.8967623710632324,0.5297382473945618
32,text,0.8302035331726074,0.4106481671333313,Movies,42,context_bilinear_absolute,False,61,0.8302035331726074,0.4106481671333313
32,visual,0.9239848852157593,0.5526678562164307,Movies,42,context_bilinear_absolute,False,61,0.9239848852157593,0.5526678562164307
33,text,0.8437678217887878,0.4201466739177704,Movies,42,context_bilinear_absolute,False,61,0.8437678217887878,0.4201466739177704
33,visual,0.9509981870651245,0.5755114555358887,Movies,42,context_bilinear_absolute,False,61,0.9509981870651245,0.5755114555358887
34,text,0.8534221649169922,0.4280564785003662,Movies,42,context_bilinear_absolute,False,61,0.8534221649169922,0.4280564785003662
34,visual,0.9779640436172485,0.5987989902496338,Movies,42,context_bilinear_absolute,False,61,0.9779640436172485,0.5987989902496338
35,text,0.8651022911071777,0.43642085790634155,Movies,42,context_bilinear_absolute,False,61,0.8651022911071777,0.43642085790634155
35,visual,1.0032507181167603,0.6212697625160217,Movies,42,context_bilinear_absolute,False,61,1.0032507181167603,0.6212697625160217
36,text,0.8783332705497742,0.44540172815322876,Movies,42,context_bilinear_absolute,False,61,0.8783332705497742,0.44540172815322876
36,visual,1.0265570878982544,0.6429812908172607,Movies,42,context_bilinear_absolute,False,61,1.0265570878982544,0.6429812908172607
37,text,0.8932514190673828,0.4565507769584656,Movies,42,context_bilinear_absolute,False,61,0.8932514190673828,0.4565507769584656
37,visual,1.050258755683899,0.6652355790138245,Movies,42,context_bilinear_absolute,False,61,1.050258755683899,0.6652355790138245
38,text,0.9064868688583374,0.46710604429244995,Movies,42,context_bilinear_absolute,False,61,0.9064868688583374,0.46710604429244995
38,visual,1.072540044784546,0.6863412261009216,Movies,42,context_bilinear_absolute,False,61,1.072540044784546,0.6863412261009216
39,text,0.9172559380531311,0.4770507216453552,Movies,42,context_bilinear_absolute,False,61,0.9172559380531311,0.4770507216453552
39,visual,1.0936981439590454,0.7069411277770996,Movies,42,context_bilinear_absolute,False,61,1.0936981439590454,0.7069411277770996
40,text,0.9266995191574097,0.4882480204105377,Movies,42,context_bilinear_absolute,False,61,0.9266995191574097,0.4882480204105377
40,visual,1.1157500743865967,0.7292987108230591,Movies,42,context_bilinear_absolute,False,61,1.1157500743865967,0.7292987108230591
41,text,0.9378382563591003,0.4982167184352875,Movies,42,context_bilinear_absolute,False,61,0.9378382563591003,0.4982167184352875
41,visual,1.1355654001235962,0.7489802837371826,Movies,42,context_bilinear_absolute,False,61,1.1355654001235962,0.7489802837371826
42,text,0.951241135597229,0.5082289576530457,Movies,42,context_bilinear_absolute,False,61,0.951241135597229,0.5082289576530457
42,visual,1.1528733968734741,0.7668936252593994,Movies,42,context_bilinear_absolute,False,61,1.1528733968734741,0.7668936252593994
43,text,0.9627454280853271,0.5187641382217407,Movies,42,context_bilinear_absolute,False,61,0.9627454280853271,0.5187641382217407
43,visual,1.1698054075241089,0.7845562100410461,Movies,42,context_bilinear_absolute,False,61,1.1698054075241089,0.7845562100410461
44,text,0.9729171991348267,0.5297173261642456,Movies,42,context_bilinear_absolute,False,61,0.9729171991348267,0.5297173261642456
44,visual,1.1874887943267822,0.8042149543762207,Movies,42,context_bilinear_absolute,False,61,1.1874887943267822,0.8042149543762207
45,text,0.98225337266922,0.5417494773864746,Movies,42,context_bilinear_absolute,False,61,0.98225337266922,0.5417494773864746
45,visual,1.2052652835845947,0.8247972726821899,Movies,42,context_bilinear_absolute,False,61,1.2052652835845947,0.8247972726821899
46,text,0.9901393055915833,0.5562125444412231,Movies,42,context_bilinear_absolute,False,61,0.9901393055915833,0.5562125444412231
46,visual,1.224485993385315,0.8474012613296509,Movies,42,context_bilinear_absolute,False,61,1.224485993385315,0.8474012613296509
47,text,1.0006362199783325,0.5714152455329895,Movies,42,context_bilinear_absolute,False,61,1.0006362199783325,0.5714152455329895
47,visual,1.2435121536254883,0.870002806186676,Movies,42,context_bilinear_absolute,False,61,1.2435121536254883,0.870002806186676
48,text,1.013209581375122,0.5876609086990356,Movies,42,context_bilinear_absolute,False,61,1.013209581375122,0.5876609086990356
48,visual,1.2637187242507935,0.893654465675354,Movies,42,context_bilinear_absolute,False,61,1.2637187242507935,0.893654465675354
49,text,1.0240728855133057,0.603860080242157,Movies,42,context_bilinear_absolute,False,61,1.0240728855133057,0.603860080242157
49,visual,1.2831517457962036,0.9162729978561401,Movies,42,context_bilinear_absolute,False,61,1.2831517457962036,0.9162729978561401
50,text,1.0325621366500854,0.618293821811676,Movies,42,context_bilinear_absolute,False,61,1.0325621366500854,0.618293821811676
50,visual,1.3011118173599243,0.9400553703308105,Movies,42,context_bilinear_absolute,False,61,1.3011118173599243,0.9400553703308105
51,text,1.0418962240219116,0.6328595280647278,Movies,42,context_bilinear_absolute,False,61,1.0418962240219116,0.6328595280647278
51,visual,1.3191967010498047,0.9642982482910156,Movies,42,context_bilinear_absolute,False,61,1.3191967010498047,0.9642982482910156
52,text,1.0528258085250854,0.6490505337715149,Movies,42,context_bilinear_absolute,False,61,1.0528258085250854,0.6490505337715149
52,visual,1.3395931720733643,0.9894266724586487,Movies,42,context_bilinear_absolute,False,61,1.3395931720733643,0.9894266724586487
53,text,1.0636119842529297,0.6656217575073242,Movies,42,context_bilinear_absolute,False,61,1.0636119842529297,0.6656217575073242
53,visual,1.358673334121704,1.0135546922683716,Movies,42,context_bilinear_absolute,False,61,1.358673334121704,1.0135546922683716
54,text,1.0734403133392334,0.6816173195838928,Movies,42,context_bilinear_absolute,False,61,1.0734403133392334,0.6816173195838928
54,visual,1.3762401342391968,1.037984013557434,Movies,42,context_bilinear_absolute,False,61,1.3762401342391968,1.037984013557434
55,text,1.0844223499298096,0.6987913846969604,Movies,42,context_bilinear_absolute,False,61,1.0844223499298096,0.6987913846969604
55,visual,1.3939849138259888,1.063408374786377,Movies,42,context_bilinear_absolute,False,61,1.3939849138259888,1.063408374786377
56,text,1.0968186855316162,0.7173908948898315,Movies,42,context_bilinear_absolute,False,61,1.0968186855316162,0.7173908948898315
56,visual,1.4130539894104004,1.0901098251342773,Movies,42,context_bilinear_absolute,False,61,1.4130539894104004,1.0901098251342773
57,text,1.1068134307861328,0.7366948127746582,Movies,42,context_bilinear_absolute,False,61,1.1068134307861328,0.7366948127746582
57,visual,1.4328255653381348,1.1185954809188843,Movies,42,context_bilinear_absolute,False,61,1.4328255653381348,1.1185954809188843
58,text,1.115423321723938,0.7552832365036011,Movies,42,context_bilinear_absolute,False,61,1.115423321723938,0.7552832365036011
58,visual,1.4526150226593018,1.1485612392425537,Movies,42,context_bilinear_absolute,False,61,1.4526150226593018,1.1485612392425537
59,text,1.123905062675476,0.7745042443275452,Movies,42,context_bilinear_absolute,False,61,1.123905062675476,0.7745042443275452
59,visual,1.472222924232483,1.1790817975997925,Movies,42,context_bilinear_absolute,False,61,1.472222924232483,1.1790817975997925
60,text,1.134325623512268,0.7922440767288208,Movies,42,context_bilinear_absolute,False,61,1.134325623512268,0.7922440767288208
60,visual,1.4895541667938232,1.208233118057251,Movies,42,context_bilinear_absolute,False,61,1.4895541667938232,1.208233118057251
61,text,1.145928144454956,0.8122118711471558,Movies,42,context_bilinear_absolute,True,61,1.145928144454956,0.8122118711471558
61,visual,1.5084863901138306,1.238646388053894,Movies,42,context_bilinear_absolute,True,61,1.5084863901138306,1.238646388053894
62,text,1.1564501523971558,0.8322751522064209,Movies,42,context_bilinear_absolute,False,61,1.1564501523971558,0.8322751522064209
62,visual,1.5286335945129395,1.2727530002593994,Movies,42,context_bilinear_absolute,False,61,1.5286335945129395,1.2727530002593994
63,text,1.1652246713638306,0.8532018065452576,Movies,42,context_bilinear_absolute,False,61,1.1652246713638306,0.8532018065452576
63,visual,1.5487315654754639,1.3043417930603027,Movies,42,context_bilinear_absolute,False,61,1.5487315654754639,1.3043417930603027
64,text,1.1746790409088135,0.8750022649765015,Movies,42,context_bilinear_absolute,False,61,1.1746790409088135,0.8750022649765015
64,visual,1.567884922027588,1.335211992263794,Movies,42,context_bilinear_absolute,False,61,1.567884922027588,1.335211992263794
65,text,1.1825045347213745,0.8962945938110352,Movies,42,context_bilinear_absolute,False,61,1.1825045347213745,0.8962945938110352
65,visual,1.5872453451156616,1.3692891597747803,Movies,42,context_bilinear_absolute,False,61,1.5872453451156616,1.3692891597747803
66,text,1.1882673501968384,0.9175624251365662,Movies,42,context_bilinear_absolute,False,61,1.1882673501968384,0.9175624251365662
66,visual,1.6046617031097412,1.39485502243042,Movies,42,context_bilinear_absolute,False,61,1.6046617031097412,1.39485502243042
67,text,1.1950328350067139,0.9395599365234375,Movies,42,context_bilinear_absolute,False,61,1.1950328350067139,0.9395599365234375
67,visual,1.6230026483535767,1.417191505432129,Movies,42,context_bilinear_absolute,False,61,1.6230026483535767,1.417191505432129
68,text,1.2008657455444336,0.9580599665641785,Movies,42,context_bilinear_absolute,False,61,1.2008657455444336,0.9580599665641785
68,visual,1.6389737129211426,1.4440377950668335,Movies,42,context_bilinear_absolute,False,61,1.6389737129211426,1.4440377950668335
69,text,1.2063592672348022,0.9751833081245422,Movies,42,context_bilinear_absolute,False,61,1.2063592672348022,0.9751833081245422
69,visual,1.653743028640747,1.4756208658218384,Movies,42,context_bilinear_absolute,False,61,1.653743028640747,1.4756208658218384
70,text,1.211439847946167,0.9935831427574158,Movies,42,context_bilinear_absolute,False,61,1.211439847946167,0.9935831427574158
70,visual,1.666048526763916,1.4994466304779053,Movies,42,context_bilinear_absolute,False,61,1.666048526763916,1.4994466304779053
71,text,1.215177297592163,1.0133177042007446,Movies,42,context_bilinear_absolute,False,61,1.215177297592163,1.0133177042007446
71,visual,1.6770423650741577,1.5164600610733032,Movies,42,context_bilinear_absolute,False,61,1.6770423650741577,1.5164600610733032
72,text,1.2199733257293701,1.0350875854492188,Movies,42,context_bilinear_absolute,False,61,1.2199733257293701,1.0350875854492188
72,visual,1.690524935722351,1.5342130661010742,Movies,42,context_bilinear_absolute,False,61,1.690524935722351,1.5342130661010742
73,text,1.2256755828857422,1.0537426471710205,Movies,42,context_bilinear_absolute,False,61,1.2256755828857422,1.0537426471710205
73,visual,1.7031372785568237,1.5534836053848267,Movies,42,context_bilinear_absolute,False,61,1.7031372785568237,1.5534836053848267
74,text,1.231716275215149,1.0688278675079346,Movies,42,context_bilinear_absolute,False,61,1.231716275215149,1.0688278675079346
74,visual,1.714284896850586,1.5746387243270874,Movies,42,context_bilinear_absolute,False,61,1.714284896850586,1.5746387243270874
75,text,1.2373473644256592,1.0832033157348633,Movies,42,context_bilinear_absolute,False,61,1.2373473644256592,1.0832033157348633
75,visual,1.7242350578308105,1.597835659980774,Movies,42,context_bilinear_absolute,False,61,1.7242350578308105,1.597835659980774
76,text,1.2428234815597534,1.0989367961883545,Movies,42,context_bilinear_absolute,False,61,1.2428234815597534,1.0989367961883545
76,visual,1.7346537113189697,1.62060546875,Movies,42,context_bilinear_absolute,False,61,1.7346537113189697,1.62060546875
77,text,1.2499359846115112,1.1134172677993774,Movies,42,context_bilinear_absolute,False,61,1.2499359846115112,1.1134172677993774
77,visual,1.7430603504180908,1.638913631439209,Movies,42,context_bilinear_absolute,False,61,1.7430603504180908,1.638913631439209
78,text,1.2598154544830322,1.1275895833969116,Movies,42,context_bilinear_absolute,False,61,1.2598154544830322,1.1275895833969116
78,visual,1.7507377862930298,1.654953956604004,Movies,42,context_bilinear_absolute,False,61,1.7507377862930298,1.654953956604004
79,text,1.2684826850891113,1.1420754194259644,Movies,42,context_bilinear_absolute,False,61,1.2684826850891113,1.1420754194259644
79,visual,1.758089303970337,1.6700472831726074,Movies,42,context_bilinear_absolute,False,61,1.758089303970337,1.6700472831726074
80,text,1.275368571281433,1.156354546546936,Movies,42,context_bilinear_absolute,False,61,1.275368571281433,1.156354546546936
80,visual,1.7661908864974976,1.6851028203964233,Movies,42,context_bilinear_absolute,False,61,1.7661908864974976,1.6851028203964233
81,text,1.2822902202606201,1.1700559854507446,Movies,42,context_bilinear_absolute,False,61,1.2822902202606201,1.1700559854507446
81,visual,1.7742944955825806,1.7005977630615234,Movies,42,context_bilinear_absolute,False,61,1.7742944955825806,1.7005977630615234
82,text,1.289652705192566,1.1835911273956299,Movies,42,context_bilinear_absolute,False,61,1.289652705192566,1.1835911273956299
82,visual,1.782151222229004,1.7165350914001465,Movies,42,context_bilinear_absolute,False,61,1.782151222229004,1.7165350914001465
83,text,1.2957285642623901,1.1994036436080933,Movies,42,context_bilinear_absolute,False,61,1.2957285642623901,1.1994036436080933
83,visual,1.791110634803772,1.7346071004867554,Movies,42,context_bilinear_absolute,False,61,1.791110634803772,1.7346071004867554
84,text,1.3013747930526733,1.216621994972229,Movies,42,context_bilinear_absolute,False,61,1.3013747930526733,1.216621994972229
84,visual,1.8014785051345825,1.7536910772323608,Movies,42,context_bilinear_absolute,False,61,1.8014785051345825,1.7536910772323608
85,text,1.309346318244934,1.232915997505188,Movies,42,context_bilinear_absolute,False,61,1.309346318244934,1.232915997505188
85,visual,1.8109843730926514,1.7718626260757446,Movies,42,context_bilinear_absolute,False,61,1.8109843730926514,1.7718626260757446
86,text,1.3188787698745728,1.2496029138565063,Movies,42,context_bilinear_absolute,False,61,1.3188787698745728,1.2496029138565063
86,visual,1.8196882009506226,1.7903138399124146,Movies,42,context_bilinear_absolute,False,61,1.8196882009506226,1.7903138399124146
87,text,1.32671320438385,1.2676610946655273,Movies,42,context_bilinear_absolute,False,61,1.32671320438385,1.2676610946655273
87,visual,1.8288123607635498,1.808201789855957,Movies,42,context_bilinear_absolute,False,61,1.8288123607635498,1.808201789855957
88,text,1.3329707384109497,1.287360429763794,Movies,42,context_bilinear_absolute,False,61,1.3329707384109497,1.287360429763794
88,visual,1.8383733034133911,1.825528621673584,Movies,42,context_bilinear_absolute,False,61,1.8383733034133911,1.825528621673584
89,text,1.3402342796325684,1.306215763092041,Movies,42,context_bilinear_absolute,False,61,1.3402342796325684,1.306215763092041
89,visual,1.8471027612686157,1.8405389785766602,Movies,42,context_bilinear_absolute,False,61,1.8471027612686157,1.8405389785766602
90,text,1.348114252090454,1.3230611085891724,Movies,42,context_bilinear_absolute,False,61,1.348114252090454,1.3230611085891724
90,visual,1.8557887077331543,1.854459524154663,Movies,42,context_bilinear_absolute,False,61,1.8557887077331543,1.854459524154663
91,text,1.3552227020263672,1.3396738767623901,Movies,42,context_bilinear_absolute,False,61,1.3552227020263672,1.3396738767623901
91,visual,1.865785002708435,1.8686132431030273,Movies,42,context_bilinear_absolute,False,61,1.865785002708435,1.8686132431030273
1,text,0.08934161812067032,0.0,Movies,42,context_bilinear_delta,False,57,0.08934161812067032,0.0
1,visual,0.08966118097305298,0.0,Movies,42,context_bilinear_delta,False,57,0.08966118097305298,0.0
2,text,0.13446074724197388,0.019591977819800377,Movies,42,context_bilinear_delta,False,57,0.13446074724197388,0.019591977819800377
2,visual,0.13727585971355438,0.017382154241204262,Movies,42,context_bilinear_delta,False,57,0.13727585971355438,0.017382154241204262
3,text,0.16793999075889587,0.03471946716308594,Movies,42,context_bilinear_delta,False,57,0.16793999075889587,0.03471946716308594
3,visual,0.17143361270427704,0.03503090888261795,Movies,42,context_bilinear_delta,False,57,0.17143361270427704,0.03503090888261795
4,text,0.2018287479877472,0.049858205020427704,Movies,42,context_bilinear_delta,False,57,0.2018287479877472,0.049858205020427704
4,visual,0.2045658677816391,0.05307868495583534,Movies,42,context_bilinear_delta,False,57,0.2045658677816391,0.05307868495583534
5,text,0.228807732462883,0.0612676665186882,Movies,42,context_bilinear_delta,False,57,0.228807732462883,0.0612676665186882
5,visual,0.2390725016593933,0.07216037809848785,Movies,42,context_bilinear_delta,False,57,0.2390725016593933,0.07216037809848785
6,text,0.257100373506546,0.07323388010263443,Movies,42,context_bilinear_delta,False,57,0.257100373506546,0.07323388010263443
6,visual,0.2754887044429779,0.09190396219491959,Movies,42,context_bilinear_delta,False,57,0.2754887044429779,0.09190396219491959
7,text,0.28733792901039124,0.08460219949483871,Movies,42,context_bilinear_delta,False,57,0.28733792901039124,0.08460219949483871
7,visual,0.3113735616207123,0.11179634928703308,Movies,42,context_bilinear_delta,False,57,0.3113735616207123,0.11179634928703308
8,text,0.3145802319049835,0.09577367454767227,Movies,42,context_bilinear_delta,False,57,0.3145802319049835,0.09577367454767227
8,visual,0.3413863182067871,0.12901367247104645,Movies,42,context_bilinear_delta,False,57,0.3413863182067871,0.12901367247104645
9,text,0.33954954147338867,0.10803285241127014,Movies,42,context_bilinear_delta,False,57,0.33954954147338867,0.10803285241127014
9,visual,0.36802375316619873,0.1434677690267563,Movies,42,context_bilinear_delta,False,57,0.36802375316619873,0.1434677690267563
10,text,0.3641727864742279,0.12171836197376251,Movies,42,context_bilinear_delta,False,57,0.3641727864742279,0.12171836197376251
10,visual,0.39399808645248413,0.15749618411064148,Movies,42,context_bilinear_delta,False,57,0.39399808645248413,0.15749618411064148
11,text,0.3884657323360443,0.1365041434764862,Movies,42,context_bilinear_delta,False,57,0.3884657323360443,0.1365041434764862
11,visual,0.42003941535949707,0.17198167741298676,Movies,42,context_bilinear_delta,False,57,0.42003941535949707,0.17198167741298676
12,text,0.41103875637054443,0.14504115283489227,Movies,42,context_bilinear_delta,False,57,0.41103875637054443,0.14504115283489227
12,visual,0.44440048933029175,0.18489015102386475,Movies,42,context_bilinear_delta,False,57,0.44440048933029175,0.18489015102386475
13,text,0.4334937632083893,0.15581169724464417,Movies,42,context_bilinear_delta,False,57,0.4334937632083893,0.15581169724464417
13,visual,0.46831491589546204,0.1981372833251953,Movies,42,context_bilinear_delta,False,57,0.46831491589546204,0.1981372833251953
14,text,0.456085205078125,0.16747352480888367,Movies,42,context_bilinear_delta,False,57,0.456085205078125,0.16747352480888367
14,visual,0.4920193552970886,0.21155355870723724,Movies,42,context_bilinear_delta,False,57,0.4920193552970886,0.21155355870723724
15,text,0.4772593379020691,0.1775117963552475,Movies,42,context_bilinear_delta,False,57,0.4772593379020691,0.1775117963552475
15,visual,0.5144394636154175,0.2237236648797989,Movies,42,context_bilinear_delta,False,57,0.5144394636154175,0.2237236648797989
16,text,0.4979667067527771,0.18923597037792206,Movies,42,context_bilinear_delta,False,57,0.4979667067527771,0.18923597037792206
16,visual,0.5366799831390381,0.236003115773201,Movies,42,context_bilinear_delta,False,57,0.5366799831390381,0.236003115773201
17,text,0.5183002352714539,0.19926200807094574,Movies,42,context_bilinear_delta,False,57,0.5183002352714539,0.19926200807094574
17,visual,0.5589140057563782,0.24901658296585083,Movies,42,context_bilinear_delta,False,57,0.5589140057563782,0.24901658296585083
18,text,0.5385892391204834,0.20773614943027496,Movies,42,context_bilinear_delta,False,57,0.5385892391204834,0.20773614943027496
18,visual,0.5801704525947571,0.26199814677238464,Movies,42,context_bilinear_delta,False,57,0.5801704525947571,0.26199814677238464
19,text,0.5580166578292847,0.2172607034444809,Movies,42,context_bilinear_delta,False,57,0.5580166578292847,0.2172607034444809
19,visual,0.6021838188171387,0.2764684855937958,Movies,42,context_bilinear_delta,False,57,0.6021838188171387,0.2764684855937958
20,text,0.5777093172073364,0.22759953141212463,Movies,42,context_bilinear_delta,False,57,0.5777093172073364,0.22759953141212463
20,visual,0.624727725982666,0.29236143827438354,Movies,42,context_bilinear_delta,False,57,0.624727725982666,0.29236143827438354
21,text,0.5988107323646545,0.23952913284301758,Movies,42,context_bilinear_delta,False,57,0.5988107323646545,0.23952913284301758
21,visual,0.6466960310935974,0.30787310004234314,Movies,42,context_bilinear_delta,False,57,0.6466960310935974,0.30787310004234314
22,text,0.619422197341919,0.2505660355091095,Movies,42,context_bilinear_delta,False,57,0.619422197341919,0.2505660355091095
22,visual,0.6699080467224121,0.32557350397109985,Movies,42,context_bilinear_delta,False,57,0.6699080467224121,0.32557350397109985
23,text,0.6403694748878479,0.26293256878852844,Movies,42,context_bilinear_delta,False,57,0.6403694748878479,0.26293256878852844
23,visual,0.6926679015159607,0.34184393286705017,Movies,42,context_bilinear_delta,False,57,0.6926679015159607,0.34184393286705017
24,text,0.6626803278923035,0.27722862362861633,Movies,42,context_bilinear_delta,False,57,0.6626803278923035,0.27722862362861633
24,visual,0.7156248688697815,0.35844746232032776,Movies,42,context_bilinear_delta,False,57,0.7156248688697815,0.35844746232032776
25,text,0.6845142841339111,0.29121923446655273,Movies,42,context_bilinear_delta,False,57,0.6845142841339111,0.29121923446655273
25,visual,0.7402099967002869,0.3777799606323242,Movies,42,context_bilinear_delta,False,57,0.7402099967002869,0.3777799606323242
26,text,0.7070044875144958,0.30684736371040344,Movies,42,context_bilinear_delta,False,57,0.7070044875144958,0.30684736371040344
26,visual,0.7635789513587952,0.39376339316368103,Movies,42,context_bilinear_delta,False,57,0.7635789513587952,0.39376339316368103
27,text,0.7300054430961609,0.3232800364494324,Movies,42,context_bilinear_delta,False,57,0.7300054430961609,0.3232800364494324
27,visual,0.7886654734611511,0.41265228390693665,Movies,42,context_bilinear_delta,False,57,0.7886654734611511,0.41265228390693665
28,text,0.7532147169113159,0.3404000997543335,Movies,42,context_bilinear_delta,False,57,0.7532147169113159,0.3404000997543335
28,visual,0.8151155114173889,0.4329981505870819,Movies,42,context_bilinear_delta,False,57,0.8151155114173889,0.4329981505870819
29,text,0.7750229239463806,0.35729193687438965,Movies,42,context_bilinear_delta,False,57,0.7750229239463806,0.35729193687438965
29,visual,0.8409696221351624,0.45137929916381836,Movies,42,context_bilinear_delta,False,57,0.8409696221351624,0.45137929916381836
30,text,0.7922767996788025,0.36773940920829773,Movies,42,context_bilinear_delta,False,57,0.7922767996788025,0.36773940920829773
30,visual,0.8690303564071655,0.4728970229625702,Movies,42,context_bilinear_delta,False,57,0.8690303564071655,0.4728970229625702
31,text,0.8097882866859436,0.3740367293357849,Movies,42,context_bilinear_delta,False,57,0.8097882866859436,0.3740367293357849
31,visual,0.8952241539955139,0.4911251664161682,Movies,42,context_bilinear_delta,False,57,0.8952241539955139,0.4911251664161682
32,text,0.8297502398490906,0.38246950507164,Movies,42,context_bilinear_delta,False,57,0.8297502398490906,0.38246950507164
32,visual,0.9224264621734619,0.511198103427887,Movies,42,context_bilinear_delta,False,57,0.9224264621734619,0.511198103427887
33,text,0.8429833650588989,0.3860531747341156,Movies,42,context_bilinear_delta,False,57,0.8429833650588989,0.3860531747341156
33,visual,0.9495491981506348,0.5318924784660339,Movies,42,context_bilinear_delta,False,57,0.9495491981506348,0.5318924784660339
34,text,0.8521823287010193,0.3881431519985199,Movies,42,context_bilinear_delta,False,57,0.8521823287010193,0.3881431519985199
34,visual,0.9768968224525452,0.5537223219871521,Movies,42,context_bilinear_delta,False,57,0.9768968224525452,0.5537223219871521
35,text,0.8636147975921631,0.39072901010513306,Movies,42,context_bilinear_delta,False,57,0.8636147975921631,0.39072901010513306
35,visual,1.0020318031311035,0.5728752017021179,Movies,42,context_bilinear_delta,False,57,1.0020318031311035,0.5728752017021179
36,text,0.8767949938774109,0.3938736617565155,Movies,42,context_bilinear_delta,False,57,0.8767949938774109,0.3938736617565155
36,visual,1.0248737335205078,0.5904901623725891,Movies,42,context_bilinear_delta,False,57,1.0248737335205078,0.5904901623725891
37,text,0.8910146355628967,0.3986538052558899,Movies,42,context_bilinear_delta,False,57,0.8910146355628967,0.3986538052558899
37,visual,1.048686146736145,0.6093270182609558,Movies,42,context_bilinear_delta,False,57,1.048686146736145,0.6093270182609558
38,text,0.9036710262298584,0.4036448895931244,Movies,42,context_bilinear_delta,False,57,0.9036710262298584,0.4036448895931244
38,visual,1.071244478225708,0.6269299983978271,Movies,42,context_bilinear_delta,False,57,1.071244478225708,0.6269299983978271
39,text,0.9141178727149963,0.4081575870513916,Movies,42,context_bilinear_delta,False,57,0.9141178727149963,0.4081575870513916
39,visual,1.092382550239563,0.6429883241653442,Movies,42,context_bilinear_delta,False,57,1.092382550239563,0.6429883241653442
40,text,0.923189640045166,0.4127384424209595,Movies,42,context_bilinear_delta,False,57,0.923189640045166,0.4127384424209595
40,visual,1.1140611171722412,0.658475935459137,Movies,42,context_bilinear_delta,False,57,1.1140611171722412,0.658475935459137
41,text,0.9347479939460754,0.4175831377506256,Movies,42,context_bilinear_delta,False,57,0.9347479939460754,0.4175831377506256
41,visual,1.1335519552230835,0.6726195812225342,Movies,42,context_bilinear_delta,False,57,1.1335519552230835,0.6726195812225342
42,text,0.948748767375946,0.423419326543808,Movies,42,context_bilinear_delta,False,57,0.948748767375946,0.423419326543808
42,visual,1.1506370306015015,0.684858500957489,Movies,42,context_bilinear_delta,False,57,1.1506370306015015,0.684858500957489
43,text,0.9606665372848511,0.4289381504058838,Movies,42,context_bilinear_delta,False,57,0.9606665372848511,0.4289381504058838
43,visual,1.1671160459518433,0.6965985298156738,Movies,42,context_bilinear_delta,False,57,1.1671160459518433,0.6965985298156738
44,text,0.9706012606620789,0.4334378242492676,Movies,42,context_bilinear_delta,False,57,0.9706012606620789,0.4334378242492676
44,visual,1.1840441226959229,0.7056870460510254,Movies,42,context_bilinear_delta,False,57,1.1840441226959229,0.7056870460510254
45,text,0.9797495007514954,0.4377524256706238,Movies,42,context_bilinear_delta,False,57,0.9797495007514954,0.4377524256706238
45,visual,1.2012507915496826,0.7148328423500061,Movies,42,context_bilinear_delta,False,57,1.2012507915496826,0.7148328423500061
46,text,0.987873375415802,0.4413904845714569,Movies,42,context_bilinear_delta,False,57,0.987873375415802,0.4413904845714569
46,visual,1.2202101945877075,0.7246009111404419,Movies,42,context_bilinear_delta,False,57,1.2202101945877075,0.7246009111404419
47,text,0.9973270893096924,0.44670000672340393,Movies,42,context_bilinear_delta,False,57,0.9973270893096924,0.44670000672340393
47,visual,1.238786220550537,0.7331204414367676,Movies,42,context_bilinear_delta,False,57,1.238786220550537,0.7331204414367676
48,text,1.0092151165008545,0.45423412322998047,Movies,42,context_bilinear_delta,False,57,1.0092151165008545,0.45423412322998047
48,visual,1.2578212022781372,0.7425003051757812,Movies,42,context_bilinear_delta,False,57,1.2578212022781372,0.7425003051757812
49,text,1.0195844173431396,0.4603246748447418,Movies,42,context_bilinear_delta,False,57,1.0195844173431396,0.4603246748447418
49,visual,1.2748706340789795,0.7511410713195801,Movies,42,context_bilinear_delta,False,57,1.2748706340789795,0.7511410713195801
50,text,1.028125286102295,0.46531185507774353,Movies,42,context_bilinear_delta,False,57,1.028125286102295,0.46531185507774353
50,visual,1.2910051345825195,0.7587201595306396,Movies,42,context_bilinear_delta,False,57,1.2910051345825195,0.7587201595306396
51,text,1.0352849960327148,0.46846073865890503,Movies,42,context_bilinear_delta,False,57,1.0352849960327148,0.46846073865890503
51,visual,1.305370807647705,0.7616441249847412,Movies,42,context_bilinear_delta,False,57,1.305370807647705,0.7616441249847412
52,text,1.0422226190567017,0.47148358821868896,Movies,42,context_bilinear_delta,False,57,1.0422226190567017,0.47148358821868896
52,visual,1.3194602727890015,0.7623124122619629,Movies,42,context_bilinear_delta,False,57,1.3194602727890015,0.7623124122619629
53,text,1.050024390220642,0.475433886051178,Movies,42,context_bilinear_delta,False,57,1.050024390220642,0.475433886051178
53,visual,1.3348314762115479,0.7647380232810974,Movies,42,context_bilinear_delta,False,57,1.3348314762115479,0.7647380232810974
54,text,1.0593292713165283,0.48061877489089966,Movies,42,context_bilinear_delta,False,57,1.0593292713165283,0.48061877489089966
54,visual,1.3506600856781006,0.7686506509780884,Movies,42,context_bilinear_delta,False,57,1.3506600856781006,0.7686506509780884
55,text,1.070154070854187,0.4879298210144043,Movies,42,context_bilinear_delta,False,57,1.070154070854187,0.4879298210144043
55,visual,1.3667221069335938,0.7752103209495544,Movies,42,context_bilinear_delta,False,57,1.3667221069335938,0.7752103209495544
56,text,1.079671859741211,0.49440819025039673,Movies,42,context_bilinear_delta,False,57,1.079671859741211,0.49440819025039673
56,visual,1.3826546669006348,0.7838578224182129,Movies,42,context_bilinear_delta,False,57,1.3826546669006348,0.7838578224182129
57,text,1.087921380996704,0.5009408593177795,Movies,42,context_bilinear_delta,True,57,1.087921380996704,0.5009408593177795
57,visual,1.4006997346878052,0.7932755947113037,Movies,42,context_bilinear_delta,True,57,1.4006997346878052,0.7932755947113037
58,text,1.0976239442825317,0.5081172585487366,Movies,42,context_bilinear_delta,False,57,1.0976239442825317,0.5081172585487366
58,visual,1.4187119007110596,0.8033791184425354,Movies,42,context_bilinear_delta,False,57,1.4187119007110596,0.8033791184425354
59,text,1.1060593128204346,0.5148213505744934,Movies,42,context_bilinear_delta,False,57,1.1060593128204346,0.5148213505744934
59,visual,1.4371520280838013,0.8124793767929077,Movies,42,context_bilinear_delta,False,57,1.4371520280838013,0.8124793767929077
60,text,1.1161718368530273,0.5214568376541138,Movies,42,context_bilinear_delta,False,57,1.1161718368530273,0.5214568376541138
60,visual,1.453810214996338,0.8218770623207092,Movies,42,context_bilinear_delta,False,57,1.453810214996338,0.8218770623207092
61,text,1.1253445148468018,0.5275599360466003,Movies,42,context_bilinear_delta,False,57,1.1253445148468018,0.5275599360466003
61,visual,1.47050940990448,0.8332566618919373,Movies,42,context_bilinear_delta,False,57,1.47050940990448,0.8332566618919373
62,text,1.1367040872573853,0.535753607749939,Movies,42,context_bilinear_delta,False,57,1.1367040872573853,0.535753607749939
62,visual,1.4876432418823242,0.8451199531555176,Movies,42,context_bilinear_delta,False,57,1.4876432418823242,0.8451199531555176
63,text,1.1455671787261963,0.5426059365272522,Movies,42,context_bilinear_delta,False,57,1.1455671787261963,0.5426059365272522
63,visual,1.5065282583236694,0.8556568622589111,Movies,42,context_bilinear_delta,False,57,1.5065282583236694,0.8556568622589111
64,text,1.1547410488128662,0.5475555658340454,Movies,42,context_bilinear_delta,False,57,1.1547410488128662,0.5475555658340454
64,visual,1.5245970487594604,0.8667302131652832,Movies,42,context_bilinear_delta,False,57,1.5245970487594604,0.8667302131652832
65,text,1.1626142263412476,0.5519176125526428,Movies,42,context_bilinear_delta,False,57,1.1626142263412476,0.5519176125526428
65,visual,1.5436725616455078,0.8782529830932617,Movies,42,context_bilinear_delta,False,57,1.5436725616455078,0.8782529830932617
66,text,1.1709628105163574,0.5573534965515137,Movies,42,context_bilinear_delta,False,57,1.1709628105163574,0.5573534965515137
66,visual,1.5617856979370117,0.8894234895706177,Movies,42,context_bilinear_delta,False,57,1.5617856979370117,0.8894234895706177
67,text,1.178398847579956,0.5640247464179993,Movies,42,context_bilinear_delta,False,57,1.178398847579956,0.5640247464179993
67,visual,1.5798612833023071,0.9014167189598083,Movies,42,context_bilinear_delta,False,57,1.5798612833023071,0.9014167189598083
68,text,1.187034249305725,0.5698875784873962,Movies,42,context_bilinear_delta,False,57,1.187034249305725,0.5698875784873962
68,visual,1.5968284606933594,0.9154377579689026,Movies,42,context_bilinear_delta,False,57,1.5968284606933594,0.9154377579689026
69,text,1.1962881088256836,0.5774189829826355,Movies,42,context_bilinear_delta,False,57,1.1962881088256836,0.5774189829826355
69,visual,1.613993763923645,0.9291461706161499,Movies,42,context_bilinear_delta,False,57,1.613993763923645,0.9291461706161499
70,text,1.207388162612915,0.5865107774734497,Movies,42,context_bilinear_delta,False,57,1.207388162612915,0.5865107774734497
70,visual,1.6308223009109497,0.9412358999252319,Movies,42,context_bilinear_delta,False,57,1.6308223009109497,0.9412358999252319
71,text,1.216830849647522,0.5970824956893921,Movies,42,context_bilinear_delta,False,57,1.216830849647522,0.5970824956893921
71,visual,1.647558569908142,0.9510540962219238,Movies,42,context_bilinear_delta,False,57,1.647558569908142,0.9510540962219238
72,text,1.227414846420288,0.6084778904914856,Movies,42,context_bilinear_delta,False,57,1.227414846420288,0.6084778904914856
72,visual,1.6645182371139526,0.9616913795471191,Movies,42,context_bilinear_delta,False,57,1.6645182371139526,0.9616913795471191
73,text,1.2378573417663574,0.6212211847305298,Movies,42,context_bilinear_delta,False,57,1.2378573417663574,0.6212211847305298
73,visual,1.681433081626892,0.9701545238494873,Movies,42,context_bilinear_delta,False,57,1.681433081626892,0.9701545238494873
74,text,1.2510437965393066,0.6348089575767517,Movies,42,context_bilinear_delta,False,57,1.2510437965393066,0.6348089575767517
74,visual,1.6974406242370605,0.9784038662910461,Movies,42,context_bilinear_delta,False,57,1.6974406242370605,0.9784038662910461
75,text,1.2631179094314575,0.6464258432388306,Movies,42,context_bilinear_delta,False,57,1.2631179094314575,0.6464258432388306
75,visual,1.7122769355773926,0.9867984056472778,Movies,42,context_bilinear_delta,False,57,1.7122769355773926,0.9867984056472778
76,text,1.2732651233673096,0.6576191186904907,Movies,42,context_bilinear_delta,False,57,1.2732651233673096,0.6576191186904907
76,visual,1.7271029949188232,0.9943827390670776,Movies,42,context_bilinear_delta,False,57,1.7271029949188232,0.9943827390670776
77,text,1.2829314470291138,0.6708450317382812,Movies,42,context_bilinear_delta,False,57,1.2829314470291138,0.6708450317382812
77,visual,1.7417023181915283,1.0007396936416626,Movies,42,context_bilinear_delta,False,57,1.7417023181915283,1.0007396936416626
78,text,1.2929186820983887,0.6848204731941223,Movies,42,context_bilinear_delta,False,57,1.2929186820983887,0.6848204731941223
78,visual,1.756922960281372,1.0078294277191162,Movies,42,context_bilinear_delta,False,57,1.756922960281372,1.0078294277191162
79,text,1.3005845546722412,0.6932846307754517,Movies,42,context_bilinear_delta,False,57,1.3005845546722412,0.6932846307754517
79,visual,1.771515965461731,1.016406774520874,Movies,42,context_bilinear_delta,False,57,1.771515965461731,1.016406774520874
80,text,1.3101661205291748,0.7030370831489563,Movies,42,context_bilinear_delta,False,57,1.3101661205291748,0.7030370831489563
80,visual,1.785658836364746,1.026287317276001,Movies,42,context_bilinear_delta,False,57,1.785658836364746,1.026287317276001
81,text,1.317660927772522,0.7148377299308777,Movies,42,context_bilinear_delta,False,57,1.317660927772522,0.7148377299308777
81,visual,1.8005791902542114,1.0346134901046753,Movies,42,context_bilinear_delta,False,57,1.8005791902542114,1.0346134901046753
82,text,1.3261654376983643,0.7258522510528564,Movies,42,context_bilinear_delta,False,57,1.3261654376983643,0.7258522510528564
82,visual,1.8143223524093628,1.0437477827072144,Movies,42,context_bilinear_delta,False,57,1.8143223524093628,1.0437477827072144
83,text,1.3361971378326416,0.7391510009765625,Movies,42,context_bilinear_delta,False,57,1.3361971378326416,0.7391510009765625
83,visual,1.8293821811676025,1.0546408891677856,Movies,42,context_bilinear_delta,False,57,1.8293821811676025,1.0546408891677856
84,text,1.345871925354004,0.7527236938476562,Movies,42,context_bilinear_delta,False,57,1.345871925354004,0.7527236938476562
84,visual,1.84319007396698,1.0643881559371948,Movies,42,context_bilinear_delta,False,57,1.84319007396698,1.0643881559371948
85,text,1.356030821800232,0.7656625509262085,Movies,42,context_bilinear_delta,False,57,1.356030821800232,0.7656625509262085
85,visual,1.855096459388733,1.070787787437439,Movies,42,context_bilinear_delta,False,57,1.855096459388733,1.070787787437439
86,text,1.3634015321731567,0.7779240608215332,Movies,42,context_bilinear_delta,False,57,1.3634015321731567,0.7779240608215332
86,visual,1.867254614830017,1.0768681764602661,Movies,42,context_bilinear_delta,False,57,1.867254614830017,1.0768681764602661
87,text,1.3718178272247314,0.7861481308937073,Movies,42,context_bilinear_delta,False,57,1.3718178272247314,0.7861481308937073
87,visual,1.878705382347107,1.0834227800369263,Movies,42,context_bilinear_delta,False,57,1.878705382347107,1.0834227800369263
1,text,0.08970339596271515,0.0,Movies,43,context_static,False,48,0.08970339596271515,0.0
1,visual,0.08966635912656784,0.0,Movies,43,context_static,False,48,0.08966635912656784,0.0
2,text,0.13591021299362183,0.0,Movies,43,context_static,False,48,0.13591021299362183,0.0
2,visual,0.13860946893692017,0.0,Movies,43,context_static,False,48,0.13860946893692017,0.0
3,text,0.16914883255958557,0.0,Movies,43,context_static,False,48,0.16914883255958557,0.0
3,visual,0.17462335526943207,0.0,Movies,43,context_static,False,48,0.17462335526943207,0.0
4,text,0.20150864124298096,0.0,Movies,43,context_static,False,48,0.20150864124298096,0.0
4,visual,0.21000610291957855,0.0,Movies,43,context_static,False,48,0.21000610291957855,0.0
5,text,0.2292204648256302,0.0,Movies,43,context_static,False,48,0.2292204648256302,0.0
5,visual,0.24436552822589874,0.0,Movies,43,context_static,False,48,0.24436552822589874,0.0
6,text,0.2578979730606079,0.0,Movies,43,context_static,False,48,0.2578979730606079,0.0
6,visual,0.2812928855419159,0.0,Movies,43,context_static,False,48,0.2812928855419159,0.0
7,text,0.28657636046409607,0.0,Movies,43,context_static,False,48,0.28657636046409607,0.0
7,visual,0.31817203760147095,0.0,Movies,43,context_static,False,48,0.31817203760147095,0.0
8,text,0.31318241357803345,0.0,Movies,43,context_static,False,48,0.31318241357803345,0.0
8,visual,0.3515416383743286,0.0,Movies,43,context_static,False,48,0.3515416383743286,0.0
9,text,0.33665764331817627,0.0,Movies,43,context_static,False,48,0.33665764331817627,0.0
9,visual,0.37990349531173706,0.0,Movies,43,context_static,False,48,0.37990349531173706,0.0
10,text,0.35779911279678345,0.0,Movies,43,context_static,False,48,0.35779911279678345,0.0
10,visual,0.4067421555519104,0.0,Movies,43,context_static,False,48,0.4067421555519104,0.0
11,text,0.37598487734794617,0.0,Movies,43,context_static,False,48,0.37598487734794617,0.0
11,visual,0.42965081334114075,0.0,Movies,43,context_static,False,48,0.42965081334114075,0.0
12,text,0.3905504047870636,0.0,Movies,43,context_static,False,48,0.3905504047870636,0.0
12,visual,0.45240747928619385,0.0,Movies,43,context_static,False,48,0.45240747928619385,0.0
13,text,0.4032256305217743,0.0,Movies,43,context_static,False,48,0.4032256305217743,0.0
13,visual,0.47533583641052246,0.0,Movies,43,context_static,False,48,0.47533583641052246,0.0
14,text,0.41609716415405273,0.0,Movies,43,context_static,False,48,0.41609716415405273,0.0
14,visual,0.49618327617645264,0.0,Movies,43,context_static,False,48,0.49618327617645264,0.0
15,text,0.4287222623825073,0.0,Movies,43,context_static,False,48,0.4287222623825073,0.0
15,visual,0.5162051320075989,0.0,Movies,43,context_static,False,48,0.5162051320075989,0.0
16,text,0.44044795632362366,0.0,Movies,43,context_static,False,48,0.44044795632362366,0.0
16,visual,0.5365129709243774,0.0,Movies,43,context_static,False,48,0.5365129709243774,0.0
17,text,0.452272891998291,0.0,Movies,43,context_static,False,48,0.452272891998291,0.0
17,visual,0.5572154521942139,0.0,Movies,43,context_static,False,48,0.5572154521942139,0.0
18,text,0.4638434052467346,0.0,Movies,43,context_static,False,48,0.4638434052467346,0.0
18,visual,0.5776857137680054,0.0,Movies,43,context_static,False,48,0.5776857137680054,0.0
19,text,0.4752359390258789,0.0,Movies,43,context_static,False,48,0.4752359390258789,0.0
19,visual,0.5980930328369141,0.0,Movies,43,context_static,False,48,0.5980930328369141,0.0
20,text,0.4863365590572357,0.0,Movies,43,context_static,False,48,0.4863365590572357,0.0
20,visual,0.6181831359863281,0.0,Movies,43,context_static,False,48,0.6181831359863281,0.0
21,text,0.4968665838241577,0.0,Movies,43,context_static,False,48,0.4968665838241577,0.0
21,visual,0.6374051570892334,0.0,Movies,43,context_static,False,48,0.6374051570892334,0.0
22,text,0.5069615244865417,0.0,Movies,43,context_static,False,48,0.5069615244865417,0.0
22,visual,0.6566736102104187,0.0,Movies,43,context_static,False,48,0.6566736102104187,0.0
23,text,0.5168951749801636,0.0,Movies,43,context_static,False,48,0.5168951749801636,0.0
23,visual,0.6759671568870544,0.0,Movies,43,context_static,False,48,0.6759671568870544,0.0
24,text,0.5267689824104309,0.0,Movies,43,context_static,False,48,0.5267689824104309,0.0
24,visual,0.6939614415168762,0.0,Movies,43,context_static,False,48,0.6939614415168762,0.0
25,text,0.5361868143081665,0.0,Movies,43,context_static,False,48,0.5361868143081665,0.0
25,visual,0.7118382453918457,0.0,Movies,43,context_static,False,48,0.7118382453918457,0.0
26,text,0.5447723269462585,0.0,Movies,43,context_static,False,48,0.5447723269462585,0.0
26,visual,0.7283372282981873,0.0,Movies,43,context_static,False,48,0.7283372282981873,0.0
27,text,0.5531301498413086,0.0,Movies,43,context_static,False,48,0.5531301498413086,0.0
27,visual,0.7449774146080017,0.0,Movies,43,context_static,False,48,0.7449774146080017,0.0
28,text,0.5617074370384216,0.0,Movies,43,context_static,False,48,0.5617074370384216,0.0
28,visual,0.7605901956558228,0.0,Movies,43,context_static,False,48,0.7605901956558228,0.0
29,text,0.569972574710846,0.0,Movies,43,context_static,False,48,0.569972574710846,0.0
29,visual,0.776742160320282,0.0,Movies,43,context_static,False,48,0.776742160320282,0.0
30,text,0.578658401966095,0.0,Movies,43,context_static,False,48,0.578658401966095,0.0
30,visual,0.7934082746505737,0.0,Movies,43,context_static,False,48,0.7934082746505737,0.0
31,text,0.5876560807228088,0.0,Movies,43,context_static,False,48,0.5876560807228088,0.0
31,visual,0.811192512512207,0.0,Movies,43,context_static,False,48,0.811192512512207,0.0
32,text,0.596263587474823,0.0,Movies,43,context_static,False,48,0.596263587474823,0.0
32,visual,0.8295749425888062,0.0,Movies,43,context_static,False,48,0.8295749425888062,0.0
33,text,0.6049240827560425,0.0,Movies,43,context_static,False,48,0.6049240827560425,0.0
33,visual,0.8490617871284485,0.0,Movies,43,context_static,False,48,0.8490617871284485,0.0
34,text,0.6139082908630371,0.0,Movies,43,context_static,False,48,0.6139082908630371,0.0
34,visual,0.8695502877235413,0.0,Movies,43,context_static,False,48,0.8695502877235413,0.0
35,text,0.6228805184364319,0.0,Movies,43,context_static,False,48,0.6228805184364319,0.0
35,visual,0.8914313912391663,0.0,Movies,43,context_static,False,48,0.8914313912391663,0.0
36,text,0.6316550970077515,0.0,Movies,43,context_static,False,48,0.6316550970077515,0.0
36,visual,0.9148185849189758,0.0,Movies,43,context_static,False,48,0.9148185849189758,0.0
37,text,0.6408236026763916,0.0,Movies,43,context_static,False,48,0.6408236026763916,0.0
37,visual,0.9389016032218933,0.0,Movies,43,context_static,False,48,0.9389016032218933,0.0
38,text,0.650028645992279,0.0,Movies,43,context_static,False,48,0.650028645992279,0.0
38,visual,0.9628047347068787,0.0,Movies,43,context_static,False,48,0.9628047347068787,0.0
39,text,0.6589559316635132,0.0,Movies,43,context_static,False,48,0.6589559316635132,0.0
39,visual,0.9876409769058228,0.0,Movies,43,context_static,False,48,0.9876409769058228,0.0
40,text,0.6675420999526978,0.0,Movies,43,context_static,False,48,0.6675420999526978,0.0
40,visual,1.0117506980895996,0.0,Movies,43,context_static,False,48,1.0117506980895996,0.0
41,text,0.6761631369590759,0.0,Movies,43,context_static,False,48,0.6761631369590759,0.0
41,visual,1.035621166229248,0.0,Movies,43,context_static,False,48,1.035621166229248,0.0
42,text,0.6855350136756897,0.0,Movies,43,context_static,False,48,0.6855350136756897,0.0
42,visual,1.0605229139328003,0.0,Movies,43,context_static,False,48,1.0605229139328003,0.0
43,text,0.6950103044509888,0.0,Movies,43,context_static,False,48,0.6950103044509888,0.0
43,visual,1.0847294330596924,0.0,Movies,43,context_static,False,48,1.0847294330596924,0.0
44,text,0.7047558426856995,0.0,Movies,43,context_static,False,48,0.7047558426856995,0.0
44,visual,1.1077947616577148,0.0,Movies,43,context_static,False,48,1.1077947616577148,0.0
45,text,0.714383065700531,0.0,Movies,43,context_static,False,48,0.714383065700531,0.0
45,visual,1.1279035806655884,0.0,Movies,43,context_static,False,48,1.1279035806655884,0.0
46,text,0.7237715721130371,0.0,Movies,43,context_static,False,48,0.7237715721130371,0.0
46,visual,1.1470768451690674,0.0,Movies,43,context_static,False,48,1.1470768451690674,0.0
47,text,0.7330418229103088,0.0,Movies,43,context_static,False,48,0.7330418229103088,0.0
47,visual,1.1679162979125977,0.0,Movies,43,context_static,False,48,1.1679162979125977,0.0
48,text,0.74229896068573,0.0,Movies,43,context_static,True,48,0.74229896068573,0.0
48,visual,1.1864169836044312,0.0,Movies,43,context_static,True,48,1.1864169836044312,0.0
49,text,0.7521153092384338,0.0,Movies,43,context_static,False,48,0.7521153092384338,0.0
49,visual,1.2025967836380005,0.0,Movies,43,context_static,False,48,1.2025967836380005,0.0
50,text,0.760852575302124,0.0,Movies,43,context_static,False,48,0.760852575302124,0.0
50,visual,1.2186111211776733,0.0,Movies,43,context_static,False,48,1.2186111211776733,0.0
51,text,0.7687221169471741,0.0,Movies,43,context_static,False,48,0.7687221169471741,0.0
51,visual,1.2340497970581055,0.0,Movies,43,context_static,False,48,1.2340497970581055,0.0
52,text,0.7768217325210571,0.0,Movies,43,context_static,False,48,0.7768217325210571,0.0
52,visual,1.2489835023880005,0.0,Movies,43,context_static,False,48,1.2489835023880005,0.0
53,text,0.7848373651504517,0.0,Movies,43,context_static,False,48,0.7848373651504517,0.0
53,visual,1.262822151184082,0.0,Movies,43,context_static,False,48,1.262822151184082,0.0
54,text,0.7929555177688599,0.0,Movies,43,context_static,False,48,0.7929555177688599,0.0
54,visual,1.2767107486724854,0.0,Movies,43,context_static,False,48,1.2767107486724854,0.0
55,text,0.800285816192627,0.0,Movies,43,context_static,False,48,0.800285816192627,0.0
55,visual,1.2908077239990234,0.0,Movies,43,context_static,False,48,1.2908077239990234,0.0
56,text,0.8075811266899109,0.0,Movies,43,context_static,False,48,0.8075811266899109,0.0
56,visual,1.306389570236206,0.0,Movies,43,context_static,False,48,1.306389570236206,0.0
57,text,0.8150323033332825,0.0,Movies,43,context_static,False,48,0.8150323033332825,0.0
57,visual,1.3214160203933716,0.0,Movies,43,context_static,False,48,1.3214160203933716,0.0
58,text,0.8226602077484131,0.0,Movies,43,context_static,False,48,0.8226602077484131,0.0
58,visual,1.3356460332870483,0.0,Movies,43,context_static,False,48,1.3356460332870483,0.0
59,text,0.8298273682594299,0.0,Movies,43,context_static,False,48,0.8298273682594299,0.0
59,visual,1.3499658107757568,0.0,Movies,43,context_static,False,48,1.3499658107757568,0.0
60,text,0.8374286890029907,0.0,Movies,43,context_static,False,48,0.8374286890029907,0.0
60,visual,1.3635177612304688,0.0,Movies,43,context_static,False,48,1.3635177612304688,0.0
61,text,0.8456138372421265,0.0,Movies,43,context_static,False,48,0.8456138372421265,0.0
61,visual,1.3762861490249634,0.0,Movies,43,context_static,False,48,1.3762861490249634,0.0
62,text,0.8525167107582092,0.0,Movies,43,context_static,False,48,0.8525167107582092,0.0
62,visual,1.3866121768951416,0.0,Movies,43,context_static,False,48,1.3866121768951416,0.0
63,text,0.8598060011863708,0.0,Movies,43,context_static,False,48,0.8598060011863708,0.0
63,visual,1.3978564739227295,0.0,Movies,43,context_static,False,48,1.3978564739227295,0.0
64,text,0.8671746253967285,0.0,Movies,43,context_static,False,48,0.8671746253967285,0.0
64,visual,1.408692479133606,0.0,Movies,43,context_static,False,48,1.408692479133606,0.0
65,text,0.8744246363639832,0.0,Movies,43,context_static,False,48,0.8744246363639832,0.0
65,visual,1.419802188873291,0.0,Movies,43,context_static,False,48,1.419802188873291,0.0
66,text,0.8832833766937256,0.0,Movies,43,context_static,False,48,0.8832833766937256,0.0
66,visual,1.4352136850357056,0.0,Movies,43,context_static,False,48,1.4352136850357056,0.0
67,text,0.8913296461105347,0.0,Movies,43,context_static,False,48,0.8913296461105347,0.0
67,visual,1.4501862525939941,0.0,Movies,43,context_static,False,48,1.4501862525939941,0.0
68,text,0.8998009562492371,0.0,Movies,43,context_static,False,48,0.8998009562492371,0.0
68,visual,1.4647732973098755,0.0,Movies,43,context_static,False,48,1.4647732973098755,0.0
69,text,0.9061474800109863,0.0,Movies,43,context_static,False,48,0.9061474800109863,0.0
69,visual,1.4780107736587524,0.0,Movies,43,context_static,False,48,1.4780107736587524,0.0
70,text,0.9120370745658875,0.0,Movies,43,context_static,False,48,0.9120370745658875,0.0
70,visual,1.491760492324829,0.0,Movies,43,context_static,False,48,1.491760492324829,0.0
71,text,0.9180887937545776,0.0,Movies,43,context_static,False,48,0.9180887937545776,0.0
71,visual,1.5040713548660278,0.0,Movies,43,context_static,False,48,1.5040713548660278,0.0
72,text,0.9253374338150024,0.0,Movies,43,context_static,False,48,0.9253374338150024,0.0
72,visual,1.516543984413147,0.0,Movies,43,context_static,False,48,1.516543984413147,0.0
73,text,0.9329496026039124,0.0,Movies,43,context_static,False,48,0.9329496026039124,0.0
73,visual,1.5290164947509766,0.0,Movies,43,context_static,False,48,1.5290164947509766,0.0
74,text,0.9400679469108582,0.0,Movies,43,context_static,False,48,0.9400679469108582,0.0
74,visual,1.540771484375,0.0,Movies,43,context_static,False,48,1.540771484375,0.0
75,text,0.9488213658332825,0.0,Movies,43,context_static,False,48,0.9488213658332825,0.0
75,visual,1.551560878753662,0.0,Movies,43,context_static,False,48,1.551560878753662,0.0
76,text,0.9584493637084961,0.0,Movies,43,context_static,False,48,0.9584493637084961,0.0
76,visual,1.5627386569976807,0.0,Movies,43,context_static,False,48,1.5627386569976807,0.0
77,text,0.9674679636955261,0.0,Movies,43,context_static,False,48,0.9674679636955261,0.0
77,visual,1.5750447511672974,0.0,Movies,43,context_static,False,48,1.5750447511672974,0.0
78,text,0.9764218926429749,0.0,Movies,43,context_static,False,48,0.9764218926429749,0.0
78,visual,1.5874378681182861,0.0,Movies,43,context_static,False,48,1.5874378681182861,0.0
1,text,0.08956734836101532,0.0,Movies,43,context_attn_dynamic,False,54,0.08956734836101532,0.0
1,visual,0.08957367390394211,0.0,Movies,43,context_attn_dynamic,False,54,0.08957367390394211,0.0
2,text,0.13676539063453674,0.0,Movies,43,context_attn_dynamic,False,54,0.13676539063453674,0.0
2,visual,0.13872165977954865,0.0,Movies,43,context_attn_dynamic,False,54,0.13872165977954865,0.0
3,text,0.1709911823272705,0.0,Movies,43,context_attn_dynamic,False,54,0.1709911823272705,0.0
3,visual,0.17337939143180847,0.0,Movies,43,context_attn_dynamic,False,54,0.17337939143180847,0.0
4,text,0.20351891219615936,0.0,Movies,43,context_attn_dynamic,False,54,0.20351891219615936,0.0
4,visual,0.207301527261734,0.0,Movies,43,context_attn_dynamic,False,54,0.207301527261734,0.0
5,text,0.23162174224853516,0.0,Movies,43,context_attn_dynamic,False,54,0.23162174224853516,0.0
5,visual,0.23939666152000427,0.0,Movies,43,context_attn_dynamic,False,54,0.23939666152000427,0.0
6,text,0.25975915789604187,0.0,Movies,43,context_attn_dynamic,False,54,0.25975915789604187,0.0
6,visual,0.2740808129310608,0.0,Movies,43,context_attn_dynamic,False,54,0.2740808129310608,0.0
7,text,0.2864445447921753,0.0,Movies,43,context_attn_dynamic,False,54,0.2864445447921753,0.0
7,visual,0.3094204068183899,0.0,Movies,43,context_attn_dynamic,False,54,0.3094204068183899,0.0
8,text,0.3114987015724182,0.0,Movies,43,context_attn_dynamic,False,54,0.3114987015724182,0.0
8,visual,0.34195056557655334,0.0,Movies,43,context_attn_dynamic,False,54,0.34195056557655334,0.0
9,text,0.3338026702404022,0.0,Movies,43,context_attn_dynamic,False,54,0.3338026702404022,0.0
9,visual,0.36915552616119385,0.0,Movies,43,context_attn_dynamic,False,54,0.36915552616119385,0.0
10,text,0.3540761172771454,0.0,Movies,43,context_attn_dynamic,False,54,0.3540761172771454,0.0
10,visual,0.3954445719718933,0.0,Movies,43,context_attn_dynamic,False,54,0.3954445719718933,0.0
11,text,0.37237748503685,0.0,Movies,43,context_attn_dynamic,False,54,0.37237748503685,0.0
11,visual,0.4182187616825104,0.0,Movies,43,context_attn_dynamic,False,54,0.4182187616825104,0.0
12,text,0.38733869791030884,0.0,Movies,43,context_attn_dynamic,False,54,0.38733869791030884,0.0
12,visual,0.44107523560523987,0.0,Movies,43,context_attn_dynamic,False,54,0.44107523560523987,0.0
13,text,0.39994311332702637,0.0,Movies,43,context_attn_dynamic,False,54,0.39994311332702637,0.0
13,visual,0.4640030562877655,0.0,Movies,43,context_attn_dynamic,False,54,0.4640030562877655,0.0
14,text,0.4121982753276825,0.0,Movies,43,context_attn_dynamic,False,54,0.4121982753276825,0.0
14,visual,0.48634132742881775,0.0,Movies,43,context_attn_dynamic,False,54,0.48634132742881775,0.0
15,text,0.4247181713581085,0.0,Movies,43,context_attn_dynamic,False,54,0.4247181713581085,0.0
15,visual,0.5074455142021179,0.0,Movies,43,context_attn_dynamic,False,54,0.5074455142021179,0.0
16,text,0.436453253030777,0.0,Movies,43,context_attn_dynamic,False,54,0.436453253030777,0.0
16,visual,0.5280380845069885,0.0,Movies,43,context_attn_dynamic,False,54,0.5280380845069885,0.0
17,text,0.44811248779296875,0.0,Movies,43,context_attn_dynamic,False,54,0.44811248779296875,0.0
17,visual,0.5492140650749207,0.0,Movies,43,context_attn_dynamic,False,54,0.5492140650749207,0.0
18,text,0.45981618762016296,0.0,Movies,43,context_attn_dynamic,False,54,0.45981618762016296,0.0
18,visual,0.571012556552887,0.0,Movies,43,context_attn_dynamic,False,54,0.571012556552887,0.0
19,text,0.47147679328918457,0.0,Movies,43,context_attn_dynamic,False,54,0.47147679328918457,0.0
19,visual,0.5930982232093811,0.0,Movies,43,context_attn_dynamic,False,54,0.5930982232093811,0.0
20,text,0.4831983149051666,0.0,Movies,43,context_attn_dynamic,False,54,0.4831983149051666,0.0
20,visual,0.6150356531143188,0.0,Movies,43,context_attn_dynamic,False,54,0.6150356531143188,0.0
21,text,0.4945848286151886,0.0,Movies,43,context_attn_dynamic,False,54,0.4945848286151886,0.0
21,visual,0.6371760368347168,0.0,Movies,43,context_attn_dynamic,False,54,0.6371760368347168,0.0
22,text,0.5056893229484558,0.0,Movies,43,context_attn_dynamic,False,54,0.5056893229484558,0.0
22,visual,0.6600373983383179,0.0,Movies,43,context_attn_dynamic,False,54,0.6600373983383179,0.0
23,text,0.5169302225112915,0.0,Movies,43,context_attn_dynamic,False,54,0.5169302225112915,0.0
23,visual,0.6828345060348511,0.0,Movies,43,context_attn_dynamic,False,54,0.6828345060348511,0.0
24,text,0.5280699729919434,0.0,Movies,43,context_attn_dynamic,False,54,0.5280699729919434,0.0
24,visual,0.7057351469993591,0.0,Movies,43,context_attn_dynamic,False,54,0.7057351469993591,0.0
25,text,0.5392026305198669,0.0,Movies,43,context_attn_dynamic,False,54,0.5392026305198669,0.0
25,visual,0.7289049625396729,0.0,Movies,43,context_attn_dynamic,False,54,0.7289049625396729,0.0
26,text,0.550665020942688,0.0,Movies,43,context_attn_dynamic,False,54,0.550665020942688,0.0
26,visual,0.7526847720146179,0.0,Movies,43,context_attn_dynamic,False,54,0.7526847720146179,0.0
27,text,0.5622654557228088,0.0,Movies,43,context_attn_dynamic,False,54,0.5622654557228088,0.0
27,visual,0.7779139280319214,0.0,Movies,43,context_attn_dynamic,False,54,0.7779139280319214,0.0
28,text,0.5741328001022339,0.0,Movies,43,context_attn_dynamic,False,54,0.5741328001022339,0.0
28,visual,0.8041731119155884,0.0,Movies,43,context_attn_dynamic,False,54,0.8041731119155884,0.0
29,text,0.584869384765625,0.0,Movies,43,context_attn_dynamic,False,54,0.584869384765625,0.0
29,visual,0.8305736780166626,0.0,Movies,43,context_attn_dynamic,False,54,0.8305736780166626,0.0
30,text,0.5961434841156006,0.0,Movies,43,context_attn_dynamic,False,54,0.5961434841156006,0.0
30,visual,0.8579021096229553,0.0,Movies,43,context_attn_dynamic,False,54,0.8579021096229553,0.0
31,text,0.6080360412597656,0.0,Movies,43,context_attn_dynamic,False,54,0.6080360412597656,0.0
31,visual,0.8876354098320007,0.0,Movies,43,context_attn_dynamic,False,54,0.8876354098320007,0.0
32,text,0.6211108565330505,0.0,Movies,43,context_attn_dynamic,False,54,0.6211108565330505,0.0
32,visual,0.9198360443115234,0.0,Movies,43,context_attn_dynamic,False,54,0.9198360443115234,0.0
33,text,0.6352949738502502,0.0,Movies,43,context_attn_dynamic,False,54,0.6352949738502502,0.0
33,visual,0.9537291526794434,0.0,Movies,43,context_attn_dynamic,False,54,0.9537291526794434,0.0
34,text,0.6499254703521729,0.0,Movies,43,context_attn_dynamic,False,54,0.6499254703521729,0.0
34,visual,0.9898095726966858,0.0,Movies,43,context_attn_dynamic,False,54,0.9898095726966858,0.0
35,text,0.6642133593559265,0.0,Movies,43,context_attn_dynamic,False,54,0.6642133593559265,0.0
35,visual,1.0243982076644897,0.0,Movies,43,context_attn_dynamic,False,54,1.0243982076644897,0.0
36,text,0.6787400245666504,0.0,Movies,43,context_attn_dynamic,False,54,0.6787400245666504,0.0
36,visual,1.0590564012527466,0.0,Movies,43,context_attn_dynamic,False,54,1.0590564012527466,0.0
37,text,0.6935409307479858,0.0,Movies,43,context_attn_dynamic,False,54,0.6935409307479858,0.0
37,visual,1.095734715461731,0.0,Movies,43,context_attn_dynamic,False,54,1.095734715461731,0.0
38,text,0.7082151174545288,0.0,Movies,43,context_attn_dynamic,False,54,0.7082151174545288,0.0
38,visual,1.1322928667068481,0.0,Movies,43,context_attn_dynamic,False,54,1.1322928667068481,0.0
39,text,0.7243342399597168,0.0,Movies,43,context_attn_dynamic,False,54,0.7243342399597168,0.0
39,visual,1.1686298847198486,0.0,Movies,43,context_attn_dynamic,False,54,1.1686298847198486,0.0
40,text,0.7397436499595642,0.0,Movies,43,context_attn_dynamic,False,54,0.7397436499595642,0.0
40,visual,1.2029225826263428,0.0,Movies,43,context_attn_dynamic,False,54,1.2029225826263428,0.0
41,text,0.755882203578949,0.0,Movies,43,context_attn_dynamic,False,54,0.755882203578949,0.0
41,visual,1.2364007234573364,0.0,Movies,43,context_attn_dynamic,False,54,1.2364007234573364,0.0
42,text,0.7715474963188171,0.0,Movies,43,context_attn_dynamic,False,54,0.7715474963188171,0.0
42,visual,1.2683616876602173,0.0,Movies,43,context_attn_dynamic,False,54,1.2683616876602173,0.0
43,text,0.7866339087486267,0.0,Movies,43,context_attn_dynamic,False,54,0.7866339087486267,0.0
43,visual,1.297363042831421,0.0,Movies,43,context_attn_dynamic,False,54,1.297363042831421,0.0
44,text,0.8011537194252014,0.0,Movies,43,context_attn_dynamic,False,54,0.8011537194252014,0.0
44,visual,1.325439214706421,0.0,Movies,43,context_attn_dynamic,False,54,1.325439214706421,0.0
45,text,0.8145199418067932,0.0,Movies,43,context_attn_dynamic,False,54,0.8145199418067932,0.0
45,visual,1.3505059480667114,0.0,Movies,43,context_attn_dynamic,False,54,1.3505059480667114,0.0
46,text,0.8281129598617554,0.0,Movies,43,context_attn_dynamic,False,54,0.8281129598617554,0.0
46,visual,1.372917652130127,0.0,Movies,43,context_attn_dynamic,False,54,1.372917652130127,0.0
47,text,0.8422661423683167,0.0,Movies,43,context_attn_dynamic,False,54,0.8422661423683167,0.0
47,visual,1.3942846059799194,0.0,Movies,43,context_attn_dynamic,False,54,1.3942846059799194,0.0
48,text,0.8569780588150024,0.0,Movies,43,context_attn_dynamic,False,54,0.8569780588150024,0.0
48,visual,1.4150032997131348,0.0,Movies,43,context_attn_dynamic,False,54,1.4150032997131348,0.0
49,text,0.8719183206558228,0.0,Movies,43,context_attn_dynamic,False,54,0.8719183206558228,0.0
49,visual,1.434898018836975,0.0,Movies,43,context_attn_dynamic,False,54,1.434898018836975,0.0
50,text,0.8836837410926819,0.0,Movies,43,context_attn_dynamic,False,54,0.8836837410926819,0.0
50,visual,1.4542567729949951,0.0,Movies,43,context_attn_dynamic,False,54,1.4542567729949951,0.0
51,text,0.8960923552513123,0.0,Movies,43,context_attn_dynamic,False,54,0.8960923552513123,0.0
51,visual,1.4730888605117798,0.0,Movies,43,context_attn_dynamic,False,54,1.4730888605117798,0.0
52,text,0.9086768627166748,0.0,Movies,43,context_attn_dynamic,False,54,0.9086768627166748,0.0
52,visual,1.4931378364562988,0.0,Movies,43,context_attn_dynamic,False,54,1.4931378364562988,0.0
53,text,0.9227705597877502,0.0,Movies,43,context_attn_dynamic,False,54,0.9227705597877502,0.0
53,visual,1.5133249759674072,0.0,Movies,43,context_attn_dynamic,False,54,1.5133249759674072,0.0
54,text,0.937900185585022,0.0,Movies,43,context_attn_dynamic,True,54,0.937900185585022,0.0
54,visual,1.5340124368667603,0.0,Movies,43,context_attn_dynamic,True,54,1.5340124368667603,0.0
55,text,0.9524030685424805,0.0,Movies,43,context_attn_dynamic,False,54,0.9524030685424805,0.0
55,visual,1.5566911697387695,0.0,Movies,43,context_attn_dynamic,False,54,1.5566911697387695,0.0
56,text,0.9678208231925964,0.0,Movies,43,context_attn_dynamic,False,54,0.9678208231925964,0.0
56,visual,1.5806666612625122,0.0,Movies,43,context_attn_dynamic,False,54,1.5806666612625122,0.0
57,text,0.9845010638237,0.0,Movies,43,context_attn_dynamic,False,54,0.9845010638237,0.0
57,visual,1.604340672492981,0.0,Movies,43,context_attn_dynamic,False,54,1.604340672492981,0.0
58,text,1.0041192770004272,0.0,Movies,43,context_attn_dynamic,False,54,1.0041192770004272,0.0
58,visual,1.6278223991394043,0.0,Movies,43,context_attn_dynamic,False,54,1.6278223991394043,0.0
59,text,1.0234389305114746,0.0,Movies,43,context_attn_dynamic,False,54,1.0234389305114746,0.0
59,visual,1.6497009992599487,0.0,Movies,43,context_attn_dynamic,False,54,1.6497009992599487,0.0
60,text,1.0376001596450806,0.0,Movies,43,context_attn_dynamic,False,54,1.0376001596450806,0.0
60,visual,1.6723214387893677,0.0,Movies,43,context_attn_dynamic,False,54,1.6723214387893677,0.0
61,text,1.054533839225769,0.0,Movies,43,context_attn_dynamic,False,54,1.054533839225769,0.0
61,visual,1.6966114044189453,0.0,Movies,43,context_attn_dynamic,False,54,1.6966114044189453,0.0
62,text,1.071852684020996,0.0,Movies,43,context_attn_dynamic,False,54,1.071852684020996,0.0
62,visual,1.7189116477966309,0.0,Movies,43,context_attn_dynamic,False,54,1.7189116477966309,0.0
63,text,1.088438868522644,0.0,Movies,43,context_attn_dynamic,False,54,1.088438868522644,0.0
63,visual,1.7412419319152832,0.0,Movies,43,context_attn_dynamic,False,54,1.7412419319152832,0.0
64,text,1.1064928770065308,0.0,Movies,43,context_attn_dynamic,False,54,1.1064928770065308,0.0
64,visual,1.7642985582351685,0.0,Movies,43,context_attn_dynamic,False,54,1.7642985582351685,0.0
65,text,1.1225639581680298,0.0,Movies,43,context_attn_dynamic,False,54,1.1225639581680298,0.0
65,visual,1.7867100238800049,0.0,Movies,43,context_attn_dynamic,False,54,1.7867100238800049,0.0
66,text,1.1375563144683838,0.0,Movies,43,context_attn_dynamic,False,54,1.1375563144683838,0.0
66,visual,1.8063116073608398,0.0,Movies,43,context_attn_dynamic,False,54,1.8063116073608398,0.0
67,text,1.1531519889831543,0.0,Movies,43,context_attn_dynamic,False,54,1.1531519889831543,0.0
67,visual,1.8253482580184937,0.0,Movies,43,context_attn_dynamic,False,54,1.8253482580184937,0.0
68,text,1.1700609922409058,0.0,Movies,43,context_attn_dynamic,False,54,1.1700609922409058,0.0
68,visual,1.8426002264022827,0.0,Movies,43,context_attn_dynamic,False,54,1.8426002264022827,0.0
69,text,1.1870828866958618,0.0,Movies,43,context_attn_dynamic,False,54,1.1870828866958618,0.0
69,visual,1.8608769178390503,0.0,Movies,43,context_attn_dynamic,False,54,1.8608769178390503,0.0
70,text,1.2038793563842773,0.0,Movies,43,context_attn_dynamic,False,54,1.2038793563842773,0.0
70,visual,1.8796650171279907,0.0,Movies,43,context_attn_dynamic,False,54,1.8796650171279907,0.0
71,text,1.2206839323043823,0.0,Movies,43,context_attn_dynamic,False,54,1.2206839323043823,0.0
71,visual,1.8976534605026245,0.0,Movies,43,context_attn_dynamic,False,54,1.8976534605026245,0.0
72,text,1.237399697303772,0.0,Movies,43,context_attn_dynamic,False,54,1.237399697303772,0.0
72,visual,1.9150463342666626,0.0,Movies,43,context_attn_dynamic,False,54,1.9150463342666626,0.0
73,text,1.2498677968978882,0.0,Movies,43,context_attn_dynamic,False,54,1.2498677968978882,0.0
73,visual,1.9327282905578613,0.0,Movies,43,context_attn_dynamic,False,54,1.9327282905578613,0.0
74,text,1.2612286806106567,0.0,Movies,43,context_attn_dynamic,False,54,1.2612286806106567,0.0
74,visual,1.9498757123947144,0.0,Movies,43,context_attn_dynamic,False,54,1.9498757123947144,0.0
75,text,1.2703226804733276,0.0,Movies,43,context_attn_dynamic,False,54,1.2703226804733276,0.0
75,visual,1.9651743173599243,0.0,Movies,43,context_attn_dynamic,False,54,1.9651743173599243,0.0
76,text,1.2790828943252563,0.0,Movies,43,context_attn_dynamic,False,54,1.2790828943252563,0.0
76,visual,1.9775053262710571,0.0,Movies,43,context_attn_dynamic,False,54,1.9775053262710571,0.0
77,text,1.2900733947753906,0.0,Movies,43,context_attn_dynamic,False,54,1.2900733947753906,0.0
77,visual,1.9882745742797852,0.0,Movies,43,context_attn_dynamic,False,54,1.9882745742797852,0.0
78,text,1.3006826639175415,0.0,Movies,43,context_attn_dynamic,False,54,1.3006826639175415,0.0
78,visual,1.9997227191925049,0.0,Movies,43,context_attn_dynamic,False,54,1.9997227191925049,0.0
79,text,1.3113347291946411,0.0,Movies,43,context_attn_dynamic,False,54,1.3113347291946411,0.0
79,visual,2.012746810913086,0.0,Movies,43,context_attn_dynamic,False,54,2.012746810913086,0.0
80,text,1.3194949626922607,0.0,Movies,43,context_attn_dynamic,False,54,1.3194949626922607,0.0
80,visual,2.028027057647705,0.0,Movies,43,context_attn_dynamic,False,54,2.028027057647705,0.0
81,text,1.3278783559799194,0.0,Movies,43,context_attn_dynamic,False,54,1.3278783559799194,0.0
81,visual,2.0427515506744385,0.0,Movies,43,context_attn_dynamic,False,54,2.0427515506744385,0.0
82,text,1.3382402658462524,0.0,Movies,43,context_attn_dynamic,False,54,1.3382402658462524,0.0
82,visual,2.0563466548919678,0.0,Movies,43,context_attn_dynamic,False,54,2.0563466548919678,0.0
83,text,1.3481154441833496,0.0,Movies,43,context_attn_dynamic,False,54,1.3481154441833496,0.0
83,visual,2.069051742553711,0.0,Movies,43,context_attn_dynamic,False,54,2.069051742553711,0.0
84,text,1.3584587574005127,0.0,Movies,43,context_attn_dynamic,False,54,1.3584587574005127,0.0
84,visual,2.081522226333618,0.0,Movies,43,context_attn_dynamic,False,54,2.081522226333618,0.0
1,text,0.08970339596271515,0.0,Movies,43,context_bilinear_absolute,False,51,0.08970339596271515,0.0
1,visual,0.08966635912656784,0.0,Movies,43,context_bilinear_absolute,False,51,0.08966635912656784,0.0
2,text,0.13591021299362183,0.023625053465366364,Movies,43,context_bilinear_absolute,False,51,0.13591021299362183,0.023625053465366364
2,visual,0.13860946893692017,0.025068135932087898,Movies,43,context_bilinear_absolute,False,51,0.13860946893692017,0.025068135932087898
3,text,0.16915124654769897,0.041534069925546646,Movies,43,context_bilinear_absolute,False,51,0.16915124654769897,0.041534069925546646
3,visual,0.17462384700775146,0.044137079268693924,Movies,43,context_bilinear_absolute,False,51,0.17462384700775146,0.044137079268693924
4,text,0.2015155851840973,0.05806834250688553,Movies,43,context_bilinear_absolute,False,51,0.2015155851840973,0.05806834250688553
4,visual,0.21000005304813385,0.06126352772116661,Movies,43,context_bilinear_absolute,False,51,0.21000005304813385,0.06126352772116661
5,text,0.22922305762767792,0.07300931960344315,Movies,43,context_bilinear_absolute,False,51,0.22922305762767792,0.07300931960344315
5,visual,0.24435028433799744,0.07994181662797928,Movies,43,context_bilinear_absolute,False,51,0.24435028433799744,0.07994181662797928
6,text,0.257896363735199,0.0886063352227211,Movies,43,context_bilinear_absolute,False,51,0.257896363735199,0.0886063352227211
6,visual,0.2812745273113251,0.10051260143518448,Movies,43,context_bilinear_absolute,False,51,0.2812745273113251,0.10051260143518448
7,text,0.286566823720932,0.10369636118412018,Movies,43,context_bilinear_absolute,False,51,0.286566823720932,0.10369636118412018
7,visual,0.31814348697662354,0.12320448458194733,Movies,43,context_bilinear_absolute,False,51,0.31814348697662354,0.12320448458194733
8,text,0.3131686747074127,0.11801423132419586,Movies,43,context_bilinear_absolute,False,51,0.3131686747074127,0.11801423132419586
8,visual,0.3515053391456604,0.14436113834381104,Movies,43,context_bilinear_absolute,False,51,0.3515053391456604,0.14436113834381104
9,text,0.3366334140300751,0.1324126422405243,Movies,43,context_bilinear_absolute,False,51,0.3366334140300751,0.1324126422405243
9,visual,0.3798680901527405,0.16251952946186066,Movies,43,context_bilinear_absolute,False,51,0.3798680901527405,0.16251952946186066
10,text,0.3577602505683899,0.1455446481704712,Movies,43,context_bilinear_absolute,False,51,0.3577602505683899,0.1455446481704712
10,visual,0.406712144613266,0.17950096726417542,Movies,43,context_bilinear_absolute,False,51,0.406712144613266,0.17950096726417542
11,text,0.37592872977256775,0.15668945014476776,Movies,43,context_bilinear_absolute,False,51,0.37592872977256775,0.15668945014476776
11,visual,0.42963430285453796,0.19431236386299133,Movies,43,context_bilinear_absolute,False,51,0.42963430285453796,0.19431236386299133
12,text,0.39046937227249146,0.164628803730011,Movies,43,context_bilinear_absolute,False,51,0.39046937227249146,0.164628803730011
12,visual,0.4524204432964325,0.21030458807945251,Movies,43,context_bilinear_absolute,False,51,0.4524204432964325,0.21030458807945251
13,text,0.4031231701374054,0.17156095802783966,Movies,43,context_bilinear_absolute,False,51,0.4031231701374054,0.17156095802783966
13,visual,0.47538653016090393,0.22627395391464233,Movies,43,context_bilinear_absolute,False,51,0.47538653016090393,0.22627395391464233
14,text,0.4159739911556244,0.17904002964496613,Movies,43,context_bilinear_absolute,False,51,0.4159739911556244,0.17904002964496613
14,visual,0.49628156423568726,0.24236999452114105,Movies,43,context_bilinear_absolute,False,51,0.49628156423568726,0.24236999452114105
15,text,0.42859211564064026,0.18692660331726074,Movies,43,context_bilinear_absolute,False,51,0.42859211564064026,0.18692660331726074
15,visual,0.516353964805603,0.2586333453655243,Movies,43,context_bilinear_absolute,False,51,0.516353964805603,0.2586333453655243
16,text,0.44031867384910583,0.19510994851589203,Movies,43,context_bilinear_absolute,False,51,0.44031867384910583,0.19510994851589203
16,visual,0.5367130637168884,0.27383384108543396,Movies,43,context_bilinear_absolute,False,51,0.5367130637168884,0.27383384108543396
17,text,0.452144980430603,0.20361371338367462,Movies,43,context_bilinear_absolute,False,51,0.452144980430603,0.20361371338367462
17,visual,0.5574667453765869,0.2887424826622009,Movies,43,context_bilinear_absolute,False,51,0.5574667453765869,0.2887424826622009
18,text,0.4637291431427002,0.21284492313861847,Movies,43,context_bilinear_absolute,False,51,0.4637291431427002,0.21284492313861847
18,visual,0.5779888033866882,0.3040630519390106,Movies,43,context_bilinear_absolute,False,51,0.5779888033866882,0.3040630519390106
19,text,0.47514498233795166,0.2228347510099411,Movies,43,context_bilinear_absolute,False,51,0.47514498233795166,0.2228347510099411
19,visual,0.5984457731246948,0.3192978799343109,Movies,43,context_bilinear_absolute,False,51,0.5984457731246948,0.3192978799343109
20,text,0.48626312613487244,0.23128697276115417,Movies,43,context_bilinear_absolute,False,51,0.48626312613487244,0.23128697276115417
20,visual,0.6185902953147888,0.3343038856983185,Movies,43,context_bilinear_absolute,False,51,0.6185902953147888,0.3343038856983185
21,text,0.49681857228279114,0.24025703966617584,Movies,43,context_bilinear_absolute,False,51,0.49681857228279114,0.24025703966617584
21,visual,0.6378694772720337,0.3495313227176666,Movies,43,context_bilinear_absolute,False,51,0.6378694772720337,0.3495313227176666
22,text,0.5069392919540405,0.24864251911640167,Movies,43,context_bilinear_absolute,False,51,0.5069392919540405,0.24864251911640167
22,visual,0.6572086811065674,0.3656286895275116,Movies,43,context_bilinear_absolute,False,51,0.6572086811065674,0.3656286895275116
23,text,0.5168899297714233,0.2562183737754822,Movies,43,context_bilinear_absolute,False,51,0.5168899297714233,0.2562183737754822
23,visual,0.6765841245651245,0.382499635219574,Movies,43,context_bilinear_absolute,False,51,0.6765841245651245,0.382499635219574
24,text,0.5267816185951233,0.2642505466938019,Movies,43,context_bilinear_absolute,False,51,0.5267816185951233,0.2642505466938019
24,visual,0.6946722865104675,0.39966797828674316,Movies,43,context_bilinear_absolute,False,51,0.6946722865104675,0.39966797828674316
25,text,0.5362070202827454,0.2709214389324188,Movies,43,context_bilinear_absolute,False,51,0.5362070202827454,0.2709214389324188
25,visual,0.7126738429069519,0.41768017411231995,Movies,43,context_bilinear_absolute,False,51,0.7126738429069519,0.41768017411231995
26,text,0.5447984933853149,0.27827170491218567,Movies,43,context_bilinear_absolute,False,51,0.5447984933853149,0.27827170491218567
26,visual,0.7293151617050171,0.4358012080192566,Movies,43,context_bilinear_absolute,False,51,0.7293151617050171,0.4358012080192566
27,text,0.5531606078147888,0.2844447195529938,Movies,43,context_bilinear_absolute,False,51,0.5531606078147888,0.2844447195529938
27,visual,0.7461563944816589,0.45566701889038086,Movies,43,context_bilinear_absolute,False,51,0.7461563944816589,0.45566701889038086
28,text,0.5617425441741943,0.2917451858520508,Movies,43,context_bilinear_absolute,False,51,0.5617425441741943,0.2917451858520508
28,visual,0.7620245814323425,0.4759405553340912,Movies,43,context_bilinear_absolute,False,51,0.7620245814323425,0.4759405553340912
29,text,0.5700175762176514,0.29794350266456604,Movies,43,context_bilinear_absolute,False,51,0.5700175762176514,0.29794350266456604
29,visual,0.7784920930862427,0.497600793838501,Movies,43,context_bilinear_absolute,False,51,0.7784920930862427,0.497600793838501
30,text,0.578711211681366,0.30484822392463684,Movies,43,context_bilinear_absolute,False,51,0.578711211681366,0.30484822392463684
30,visual,0.7955381870269775,0.519597589969635,Movies,43,context_bilinear_absolute,False,51,0.7955381870269775,0.519597589969635
31,text,0.5877103805541992,0.31194019317626953,Movies,43,context_bilinear_absolute,False,51,0.5877103805541992,0.31194019317626953
31,visual,0.8137590289115906,0.5415856242179871,Movies,43,context_bilinear_absolute,False,51,0.8137590289115906,0.5415856242179871
32,text,0.5963265895843506,0.3188270926475525,Movies,43,context_bilinear_absolute,False,51,0.5963265895843506,0.3188270926475525
32,visual,0.8326175212860107,0.5625011920928955,Movies,43,context_bilinear_absolute,False,51,0.8326175212860107,0.5625011920928955
33,text,0.6049914956092834,0.3255552649497986,Movies,43,context_bilinear_absolute,False,51,0.6049914956092834,0.3255552649497986
33,visual,0.8526439070701599,0.5837010145187378,Movies,43,context_bilinear_absolute,False,51,0.8526439070701599,0.5837010145187378
34,text,0.6139798164367676,0.3326590955257416,Movies,43,context_bilinear_absolute,False,51,0.6139798164367676,0.3326590955257416
34,visual,0.8737379312515259,0.603659451007843,Movies,43,context_bilinear_absolute,False,51,0.8737379312515259,0.603659451007843
35,text,0.6229435801506042,0.3403708338737488,Movies,43,context_bilinear_absolute,False,51,0.6229435801506042,0.3403708338737488
35,visual,0.896253228187561,0.6237293481826782,Movies,43,context_bilinear_absolute,False,51,0.896253228187561,0.6237293481826782
36,text,0.6317321062088013,0.3482925593852997,Movies,43,context_bilinear_absolute,False,51,0.6317321062088013,0.3482925593852997
36,visual,0.9202907085418701,0.6434686779975891,Movies,43,context_bilinear_absolute,False,51,0.9202907085418701,0.6434686779975891
37,text,0.6409104466438293,0.35629644989967346,Movies,43,context_bilinear_absolute,False,51,0.6409104466438293,0.35629644989967346
37,visual,0.9449785351753235,0.6629872918128967,Movies,43,context_bilinear_absolute,False,51,0.9449785351753235,0.6629872918128967
38,text,0.6500914096832275,0.36480265855789185,Movies,43,context_bilinear_absolute,False,51,0.6500914096832275,0.36480265855789185
38,visual,0.9694478511810303,0.6830847263336182,Movies,43,context_bilinear_absolute,False,51,0.9694478511810303,0.6830847263336182
39,text,0.6590365767478943,0.37265196442604065,Movies,43,context_bilinear_absolute,False,51,0.6590365767478943,0.37265196442604065
39,visual,0.9947379231452942,0.7027835845947266,Movies,43,context_bilinear_absolute,False,51,0.9947379231452942,0.7027835845947266
40,text,0.6676616072654724,0.3806770145893097,Movies,43,context_bilinear_absolute,False,51,0.6676616072654724,0.3806770145893097
40,visual,1.0190407037734985,0.7209351658821106,Movies,43,context_bilinear_absolute,False,51,1.0190407037734985,0.7209351658821106
41,text,0.6765428185462952,0.39058154821395874,Movies,43,context_bilinear_absolute,False,51,0.6765428185462952,0.39058154821395874
41,visual,1.0434565544128418,0.7376489043235779,Movies,43,context_bilinear_absolute,False,51,1.0434565544128418,0.7376489043235779
42,text,0.686536967754364,0.4020945429801941,Movies,43,context_bilinear_absolute,False,51,0.686536967754364,0.4020945429801941
42,visual,1.0690325498580933,0.7562124729156494,Movies,43,context_bilinear_absolute,False,51,1.0690325498580933,0.7562124729156494
43,text,0.6962659358978271,0.4141819179058075,Movies,43,context_bilinear_absolute,False,51,0.6962659358978271,0.4141819179058075
43,visual,1.0942139625549316,0.7742912769317627,Movies,43,context_bilinear_absolute,False,51,1.0942139625549316,0.7742912769317627
44,text,0.7060501575469971,0.4267939627170563,Movies,43,context_bilinear_absolute,False,51,0.7060501575469971,0.4267939627170563
44,visual,1.1168543100357056,0.78836590051651,Movies,43,context_bilinear_absolute,False,51,1.1168543100357056,0.78836590051651
45,text,0.7157028913497925,0.4389713406562805,Movies,43,context_bilinear_absolute,False,51,0.7157028913497925,0.4389713406562805
45,visual,1.136536717414856,0.8003854155540466,Movies,43,context_bilinear_absolute,False,51,1.136536717414856,0.8003854155540466
46,text,0.7243571281433105,0.4507147967815399,Movies,43,context_bilinear_absolute,False,51,0.7243571281433105,0.4507147967815399
46,visual,1.1555538177490234,0.8144628405570984,Movies,43,context_bilinear_absolute,False,51,1.1555538177490234,0.8144628405570984
47,text,0.7347044348716736,0.46487802267074585,Movies,43,context_bilinear_absolute,False,51,0.7347044348716736,0.46487802267074585
47,visual,1.1768633127212524,0.8320083022117615,Movies,43,context_bilinear_absolute,False,51,1.1768633127212524,0.8320083022117615
48,text,0.7453545928001404,0.4797653555870056,Movies,43,context_bilinear_absolute,False,51,0.7453545928001404,0.4797653555870056
48,visual,1.197780728340149,0.8492984771728516,Movies,43,context_bilinear_absolute,False,51,1.197780728340149,0.8492984771728516
49,text,0.7546138763427734,0.4935453534126282,Movies,43,context_bilinear_absolute,False,51,0.7546138763427734,0.4935453534126282
49,visual,1.2156298160552979,0.8667516112327576,Movies,43,context_bilinear_absolute,False,51,1.2156298160552979,0.8667516112327576
50,text,0.7640072703361511,0.508656919002533,Movies,43,context_bilinear_absolute,False,51,0.7640072703361511,0.508656919002533
50,visual,1.231424331665039,0.8837140798568726,Movies,43,context_bilinear_absolute,False,51,1.231424331665039,0.8837140798568726
51,text,0.7738745808601379,0.5240998864173889,Movies,43,context_bilinear_absolute,True,51,0.7738745808601379,0.5240998864173889
51,visual,1.2475768327713013,0.9009804129600525,Movies,43,context_bilinear_absolute,True,51,1.2475768327713013,0.9009804129600525
52,text,0.7857757210731506,0.5415902137756348,Movies,43,context_bilinear_absolute,False,51,0.7857757210731506,0.5415902137756348
52,visual,1.2640695571899414,0.9219344258308411,Movies,43,context_bilinear_absolute,False,51,1.2640695571899414,0.9219344258308411
53,text,0.7967329621315002,0.5599117279052734,Movies,43,context_bilinear_absolute,False,51,0.7967329621315002,0.5599117279052734
53,visual,1.2817291021347046,0.9451282620429993,Movies,43,context_bilinear_absolute,False,51,1.2817291021347046,0.9451282620429993
54,text,0.807235062122345,0.5787068605422974,Movies,43,context_bilinear_absolute,False,51,0.807235062122345,0.5787068605422974
54,visual,1.295846700668335,0.964924156665802,Movies,43,context_bilinear_absolute,False,51,1.295846700668335,0.964924156665802
55,text,0.8171111941337585,0.598010241985321,Movies,43,context_bilinear_absolute,False,51,0.8171111941337585,0.598010241985321
55,visual,1.3088608980178833,0.9835604429244995,Movies,43,context_bilinear_absolute,False,51,1.3088608980178833,0.9835604429244995
56,text,0.826572597026825,0.6175240874290466,Movies,43,context_bilinear_absolute,False,51,0.826572597026825,0.6175240874290466
56,visual,1.322265863418579,1.0025153160095215,Movies,43,context_bilinear_absolute,False,51,1.322265863418579,1.0025153160095215
57,text,0.837299644947052,0.6402352452278137,Movies,43,context_bilinear_absolute,False,51,0.837299644947052,0.6402352452278137
57,visual,1.3357630968093872,1.0240854024887085,Movies,43,context_bilinear_absolute,False,51,1.3357630968093872,1.0240854024887085
58,text,0.8475006818771362,0.6613472104072571,Movies,43,context_bilinear_absolute,False,51,0.8475006818771362,0.6613472104072571
58,visual,1.3506731986999512,1.04481840133667,Movies,43,context_bilinear_absolute,False,51,1.3506731986999512,1.04481840133667
59,text,0.8578478097915649,0.6830630898475647,Movies,43,context_bilinear_absolute,False,51,0.8578478097915649,0.6830630898475647
59,visual,1.3655235767364502,1.0641566514968872,Movies,43,context_bilinear_absolute,False,51,1.3655235767364502,1.0641566514968872
60,text,0.8680182099342346,0.70625901222229,Movies,43,context_bilinear_absolute,False,51,0.8680182099342346,0.70625901222229
60,visual,1.3825640678405762,1.084907054901123,Movies,43,context_bilinear_absolute,False,51,1.3825640678405762,1.084907054901123
61,text,0.8771672248840332,0.7277352213859558,Movies,43,context_bilinear_absolute,False,51,0.8771672248840332,0.7277352213859558
61,visual,1.3974336385726929,1.1031928062438965,Movies,43,context_bilinear_absolute,False,51,1.3974336385726929,1.1031928062438965
62,text,0.8861996531486511,0.7489913105964661,Movies,43,context_bilinear_absolute,False,51,0.8861996531486511,0.7489913105964661
62,visual,1.412306308746338,1.120845913887024,Movies,43,context_bilinear_absolute,False,51,1.412306308746338,1.120845913887024
63,text,0.8953859210014343,0.7725693583488464,Movies,43,context_bilinear_absolute,False,51,0.8953859210014343,0.7725693583488464
63,visual,1.427571177482605,1.139541745185852,Movies,43,context_bilinear_absolute,False,51,1.427571177482605,1.139541745185852
64,text,0.904556393623352,0.7955693602561951,Movies,43,context_bilinear_absolute,False,51,0.904556393623352,0.7955693602561951
64,visual,1.4419506788253784,1.1576145887374878,Movies,43,context_bilinear_absolute,False,51,1.4419506788253784,1.1576145887374878
65,text,0.9148691296577454,0.8203713893890381,Movies,43,context_bilinear_absolute,False,51,0.9148691296577454,0.8203713893890381
65,visual,1.4558296203613281,1.1758838891983032,Movies,43,context_bilinear_absolute,False,51,1.4558296203613281,1.1758838891983032
66,text,0.9242246150970459,0.8447903394699097,Movies,43,context_bilinear_absolute,False,51,0.9242246150970459,0.8447903394699097
66,visual,1.469964861869812,1.1946496963500977,Movies,43,context_bilinear_absolute,False,51,1.469964861869812,1.1946496963500977
67,text,0.9336830377578735,0.8707920908927917,Movies,43,context_bilinear_absolute,False,51,0.9336830377578735,0.8707920908927917
67,visual,1.4848368167877197,1.2148147821426392,Movies,43,context_bilinear_absolute,False,51,1.4848368167877197,1.2148147821426392
68,text,0.9426801800727844,0.8951195478439331,Movies,43,context_bilinear_absolute,False,51,0.9426801800727844,0.8951195478439331
68,visual,1.4977399110794067,1.2337321043014526,Movies,43,context_bilinear_absolute,False,51,1.4977399110794067,1.2337321043014526
69,text,0.9505792856216431,0.9176883101463318,Movies,43,context_bilinear_absolute,False,51,0.9505792856216431,0.9176883101463318
69,visual,1.5093281269073486,1.2519999742507935,Movies,43,context_bilinear_absolute,False,51,1.5093281269073486,1.2519999742507935
70,text,0.9586640000343323,0.9418468475341797,Movies,43,context_bilinear_absolute,False,51,0.9586640000343323,0.9418468475341797
70,visual,1.5218093395233154,1.2708888053894043,Movies,43,context_bilinear_absolute,False,51,1.5218093395233154,1.2708888053894043
71,text,0.9673258066177368,0.9672922492027283,Movies,43,context_bilinear_absolute,False,51,0.9673258066177368,0.9672922492027283
71,visual,1.5344918966293335,1.2902626991271973,Movies,43,context_bilinear_absolute,False,51,1.5344918966293335,1.2902626991271973
72,text,0.9767075181007385,0.9936472773551941,Movies,43,context_bilinear_absolute,False,51,0.9767075181007385,0.9936472773551941
72,visual,1.5477908849716187,1.31086266040802,Movies,43,context_bilinear_absolute,False,51,1.5477908849716187,1.31086266040802
73,text,0.9856694340705872,1.0193318128585815,Movies,43,context_bilinear_absolute,False,51,0.9856694340705872,1.0193318128585815
73,visual,1.5608985424041748,1.331547498703003,Movies,43,context_bilinear_absolute,False,51,1.5608985424041748,1.331547498703003
74,text,0.9939826726913452,1.0454115867614746,Movies,43,context_bilinear_absolute,False,51,0.9939826726913452,1.0454115867614746
74,visual,1.5725934505462646,1.3525891304016113,Movies,43,context_bilinear_absolute,False,51,1.5725934505462646,1.3525891304016113
75,text,1.0026766061782837,1.0751157999038696,Movies,43,context_bilinear_absolute,False,51,1.0026766061782837,1.0751157999038696
75,visual,1.5849206447601318,1.3742921352386475,Movies,43,context_bilinear_absolute,False,51,1.5849206447601318,1.3742921352386475
76,text,1.0114576816558838,1.1046940088272095,Movies,43,context_bilinear_absolute,False,51,1.0114576816558838,1.1046940088272095
76,visual,1.5960263013839722,1.3961471319198608,Movies,43,context_bilinear_absolute,False,51,1.5960263013839722,1.3961471319198608
77,text,1.0204930305480957,1.134289264678955,Movies,43,context_bilinear_absolute,False,51,1.0204930305480957,1.134289264678955
77,visual,1.6072522401809692,1.4188655614852905,Movies,43,context_bilinear_absolute,False,51,1.6072522401809692,1.4188655614852905
78,text,1.0301666259765625,1.1636881828308105,Movies,43,context_bilinear_absolute,False,51,1.0301666259765625,1.1636881828308105
78,visual,1.6185879707336426,1.4408773183822632,Movies,43,context_bilinear_absolute,False,51,1.6185879707336426,1.4408773183822632
79,text,1.0400398969650269,1.1944609880447388,Movies,43,context_bilinear_absolute,False,51,1.0400398969650269,1.1944609880447388
79,visual,1.6313254833221436,1.4632924795150757,Movies,43,context_bilinear_absolute,False,51,1.6313254833221436,1.4632924795150757
80,text,1.0504014492034912,1.2251490354537964,Movies,43,context_bilinear_absolute,False,51,1.0504014492034912,1.2251490354537964
80,visual,1.643545389175415,1.4849940538406372,Movies,43,context_bilinear_absolute,False,51,1.643545389175415,1.4849940538406372
81,text,1.0590484142303467,1.2564727067947388,Movies,43,context_bilinear_absolute,False,51,1.0590484142303467,1.2564727067947388
81,visual,1.6542078256607056,1.5071384906768799,Movies,43,context_bilinear_absolute,False,51,1.6542078256607056,1.5071384906768799
1,text,0.08970339596271515,0.0,Movies,43,context_bilinear_delta,False,48,0.08970339596271515,0.0
1,visual,0.08966635912656784,0.0,Movies,43,context_bilinear_delta,False,48,0.08966635912656784,0.0
2,text,0.13591021299362183,0.018570661544799805,Movies,43,context_bilinear_delta,False,48,0.13591021299362183,0.018570661544799805
2,visual,0.13860946893692017,0.01923469454050064,Movies,43,context_bilinear_delta,False,48,0.13860946893692017,0.01923469454050064
3,text,0.16914941370487213,0.03328065201640129,Movies,43,context_bilinear_delta,False,48,0.16914941370487213,0.03328065201640129
3,visual,0.17462335526943207,0.034365423023700714,Movies,43,context_bilinear_delta,False,48,0.17462335526943207,0.034365423023700714
4,text,0.2015107125043869,0.04691086709499359,Movies,43,context_bilinear_delta,False,48,0.2015107125043869,0.04691086709499359
4,visual,0.2100033164024353,0.04955235868692398,Movies,43,context_bilinear_delta,False,48,0.2100033164024353,0.04955235868692398
5,text,0.22921934723854065,0.058863624930381775,Movies,43,context_bilinear_delta,False,48,0.22921934723854065,0.058863624930381775
5,visual,0.24435772001743317,0.06774308532476425,Movies,43,context_bilinear_delta,False,48,0.24435772001743317,0.06774308532476425
6,text,0.25789421796798706,0.07247805595397949,Movies,43,context_bilinear_delta,False,48,0.25789421796798706,0.07247805595397949
6,visual,0.2812812030315399,0.08827728033065796,Movies,43,context_bilinear_delta,False,48,0.2812812030315399,0.08827728033065796
7,text,0.28656941652297974,0.08613047003746033,Movies,43,context_bilinear_delta,False,48,0.28656941652297974,0.08613047003746033
7,visual,0.31815460324287415,0.1106191873550415,Movies,43,context_bilinear_delta,False,48,0.31815460324287415,0.1106191873550415
8,text,0.31317418813705444,0.10018637031316757,Movies,43,context_bilinear_delta,False,48,0.31317418813705444,0.10018637031316757
8,visual,0.35152021050453186,0.1311044842004776,Movies,43,context_bilinear_delta,False,48,0.35152021050453186,0.1311044842004776
9,text,0.3366454839706421,0.11571481823921204,Movies,43,context_bilinear_delta,False,48,0.3366454839706421,0.11571481823921204
9,visual,0.37987974286079407,0.14796248078346252,Movies,43,context_bilinear_delta,False,48,0.37987974286079407,0.14796248078346252
10,text,0.3577803075313568,0.1293770968914032,Movies,43,context_bilinear_delta,False,48,0.3577803075313568,0.1293770968914032
10,visual,0.40671640634536743,0.16265535354614258,Movies,43,context_bilinear_delta,False,48,0.40671640634536743,0.16265535354614258
11,text,0.3759572207927704,0.13864348828792572,Movies,43,context_bilinear_delta,False,48,0.3759572207927704,0.13864348828792572
11,visual,0.4296255111694336,0.17478390038013458,Movies,43,context_bilinear_delta,False,48,0.4296255111694336,0.17478390038013458
12,text,0.3905123472213745,0.14430196583271027,Movies,43,context_bilinear_delta,False,48,0.3905123472213745,0.14430196583271027
12,visual,0.45238709449768066,0.18795253336429596,Movies,43,context_bilinear_delta,False,48,0.45238709449768066,0.18795253336429596
13,text,0.4031803607940674,0.15005306899547577,Movies,43,context_bilinear_delta,False,48,0.4031803607940674,0.15005306899547577
13,visual,0.4753236770629883,0.20176580548286438,Movies,43,context_bilinear_delta,False,48,0.4753236770629883,0.20176580548286438
14,text,0.41604554653167725,0.15707777440547943,Movies,43,context_bilinear_delta,False,48,0.41604554653167725,0.15707777440547943
14,visual,0.4961787462234497,0.2151344120502472,Movies,43,context_bilinear_delta,False,48,0.4961787462234497,0.2151344120502472
15,text,0.428669273853302,0.1646420955657959,Movies,43,context_bilinear_delta,False,48,0.428669273853302,0.1646420955657959
15,visual,0.5162079334259033,0.2283778339624405,Movies,43,context_bilinear_delta,False,48,0.5162079334259033,0.2283778339624405
16,text,0.44039782881736755,0.1731473058462143,Movies,43,context_bilinear_delta,False,48,0.44039782881736755,0.1731473058462143
16,visual,0.5365249514579773,0.2413913905620575,Movies,43,context_bilinear_delta,False,48,0.5365249514579773,0.2413913905620575
17,text,0.4522266089916229,0.1819709986448288,Movies,43,context_bilinear_delta,False,48,0.4522266089916229,0.1819709986448288
17,visual,0.557237446308136,0.25443312525749207,Movies,43,context_bilinear_delta,False,48,0.557237446308136,0.25443312525749207
18,text,0.4638042449951172,0.19110159575939178,Movies,43,context_bilinear_delta,False,48,0.4638042449951172,0.19110159575939178
18,visual,0.5777183771133423,0.2678185999393463,Movies,43,context_bilinear_delta,False,48,0.5777183771133423,0.2678185999393463
19,text,0.47520700097084045,0.20086035132408142,Movies,43,context_bilinear_delta,False,48,0.47520700097084045,0.20086035132408142
19,visual,0.5981377363204956,0.2812362313270569,Movies,43,context_bilinear_delta,False,48,0.5981377363204956,0.2812362313270569
20,text,0.4863155782222748,0.20840711891651154,Movies,43,context_bilinear_delta,False,48,0.4863155782222748,0.20840711891651154
20,visual,0.6182414293289185,0.2948515713214874,Movies,43,context_bilinear_delta,False,48,0.6182414293289185,0.2948515713214874
21,text,0.49685463309288025,0.21647889912128448,Movies,43,context_bilinear_delta,False,48,0.49685463309288025,0.21647889912128448
21,visual,0.6374770998954773,0.3089453876018524,Movies,43,context_bilinear_delta,False,48,0.6374770998954773,0.3089453876018524
22,text,0.5069596171379089,0.2237669676542282,Movies,43,context_bilinear_delta,False,48,0.5069596171379089,0.2237669676542282
22,visual,0.6567613482475281,0.32422739267349243,Movies,43,context_bilinear_delta,False,48,0.6567613482475281,0.32422739267349243
23,text,0.5169007778167725,0.22971031069755554,Movies,43,context_bilinear_delta,False,48,0.5169007778167725,0.22971031069755554
23,visual,0.6760718822479248,0.3400663137435913,Movies,43,context_bilinear_delta,False,48,0.6760718822479248,0.3400663137435913
24,text,0.5267819762229919,0.23605793714523315,Movies,43,context_bilinear_delta,False,48,0.5267819762229919,0.23605793714523315
24,visual,0.6940830945968628,0.35495784878730774,Movies,43,context_bilinear_delta,False,48,0.6940830945968628,0.35495784878730774
25,text,0.5362061262130737,0.24085776507854462,Movies,43,context_bilinear_delta,False,48,0.5362061262130737,0.24085776507854462
25,visual,0.7119798064231873,0.3698491156101227,Movies,43,context_bilinear_delta,False,48,0.7119798064231873,0.3698491156101227
26,text,0.5447946190834045,0.2459525614976883,Movies,43,context_bilinear_delta,False,48,0.5447946190834045,0.2459525614976883
26,visual,0.7284914255142212,0.3813299834728241,Movies,43,context_bilinear_delta,False,48,0.7284914255142212,0.3813299834728241
27,text,0.553156316280365,0.2498898059129715,Movies,43,context_bilinear_delta,False,48,0.553156316280365,0.2498898059129715
27,visual,0.7451578974723816,0.39454901218414307,Movies,43,context_bilinear_delta,False,48,0.7451578974723816,0.39454901218414307
28,text,0.561735987663269,0.25445982813835144,Movies,43,context_bilinear_delta,False,48,0.561735987663269,0.25445982813835144
28,visual,0.760810375213623,0.4075080156326294,Movies,43,context_bilinear_delta,False,48,0.760810375213623,0.4075080156326294
29,text,0.5700116157531738,0.2587200105190277,Movies,43,context_bilinear_delta,False,48,0.5700116157531738,0.2587200105190277
29,visual,0.7770077586174011,0.42229729890823364,Movies,43,context_bilinear_delta,False,48,0.7770077586174011,0.42229729890823364
30,text,0.5787051320075989,0.263197124004364,Movies,43,context_bilinear_delta,False,48,0.5787051320075989,0.263197124004364
30,visual,0.7937317490577698,0.4379566013813019,Movies,43,context_bilinear_delta,False,48,0.7937317490577698,0.4379566013813019
31,text,0.5877085328102112,0.26846230030059814,Movies,43,context_bilinear_delta,False,48,0.5877085328102112,0.26846230030059814
31,visual,0.8115857243537903,0.45539742708206177,Movies,43,context_bilinear_delta,False,48,0.8115857243537903,0.45539742708206177
32,text,0.5963197350502014,0.27203884720802307,Movies,43,context_bilinear_delta,False,48,0.5963197350502014,0.27203884720802307
32,visual,0.8300601243972778,0.47424599528312683,Movies,43,context_bilinear_delta,False,48,0.8300601243972778,0.47424599528312683
33,text,0.6049902439117432,0.2765377461910248,Movies,43,context_bilinear_delta,False,48,0.6049902439117432,0.2765377461910248
33,visual,0.849672794342041,0.49521198868751526,Movies,43,context_bilinear_delta,False,48,0.849672794342041,0.49521198868751526
34,text,0.6139823198318481,0.28084349632263184,Movies,43,context_bilinear_delta,False,48,0.6139823198318481,0.28084349632263184
34,visual,0.8702961206436157,0.516735851764679,Movies,43,context_bilinear_delta,False,48,0.8702961206436157,0.516735851764679
35,text,0.6229629516601562,0.28579387068748474,Movies,43,context_bilinear_delta,False,48,0.6229629516601562,0.28579387068748474
35,visual,0.8923364281654358,0.5401694178581238,Movies,43,context_bilinear_delta,False,48,0.8923364281654358,0.5401694178581238
36,text,0.6317500472068787,0.2901994287967682,Movies,43,context_bilinear_delta,False,48,0.6317500472068787,0.2901994287967682
36,visual,0.9159073233604431,0.5643813610076904,Movies,43,context_bilinear_delta,False,48,0.9159073233604431,0.5643813610076904
37,text,0.6409373879432678,0.2954893112182617,Movies,43,context_bilinear_delta,False,48,0.6409373879432678,0.2954893112182617
37,visual,0.9401816725730896,0.5897330641746521,Movies,43,context_bilinear_delta,False,48,0.9401816725730896,0.5897330641746521
38,text,0.6501453518867493,0.30039241909980774,Movies,43,context_bilinear_delta,False,48,0.6501453518867493,0.30039241909980774
38,visual,0.9641980528831482,0.6122455596923828,Movies,43,context_bilinear_delta,False,48,0.9641980528831482,0.6122455596923828
39,text,0.6591004133224487,0.3048543632030487,Movies,43,context_bilinear_delta,False,48,0.6591004133224487,0.3048543632030487
39,visual,0.989022970199585,0.6351982951164246,Movies,43,context_bilinear_delta,False,48,0.989022970199585,0.6351982951164246
40,text,0.6677243709564209,0.30949094891548157,Movies,43,context_bilinear_delta,False,48,0.6677243709564209,0.30949094891548157
40,visual,1.0129140615463257,0.6550520062446594,Movies,43,context_bilinear_delta,False,48,1.0129140615463257,0.6550520062446594
41,text,0.6764843463897705,0.3144432604312897,Movies,43,context_bilinear_delta,False,48,0.6764843463897705,0.3144432604312897
41,visual,1.036696195602417,0.6709900498390198,Movies,43,context_bilinear_delta,False,48,1.036696195602417,0.6709900498390198
42,text,0.686144232749939,0.3208242952823639,Movies,43,context_bilinear_delta,False,48,0.686144232749939,0.3208242952823639
42,visual,1.0615143775939941,0.685590386390686,Movies,43,context_bilinear_delta,False,48,1.0615143775939941,0.685590386390686
43,text,0.6957094669342041,0.32728439569473267,Movies,43,context_bilinear_delta,False,48,0.6957094669342041,0.32728439569473267
43,visual,1.0855815410614014,0.699433445930481,Movies,43,context_bilinear_delta,False,48,1.0855815410614014,0.699433445930481
44,text,0.7054394483566284,0.3348763883113861,Movies,43,context_bilinear_delta,False,48,0.7054394483566284,0.3348763883113861
44,visual,1.108042597770691,0.7098661065101624,Movies,43,context_bilinear_delta,False,48,1.108042597770691,0.7098661065101624
45,text,0.7151724100112915,0.341321736574173,Movies,43,context_bilinear_delta,False,48,0.7151724100112915,0.341321736574173
45,visual,1.1280156373977661,0.7154302597045898,Movies,43,context_bilinear_delta,False,48,1.1280156373977661,0.7154302597045898
46,text,0.724317729473114,0.34664294123649597,Movies,43,context_bilinear_delta,False,48,0.724317729473114,0.34664294123649597
46,visual,1.146982192993164,0.7172876000404358,Movies,43,context_bilinear_delta,False,48,1.146982192993164,0.7172876000404358
47,text,0.7337749600410461,0.35293418169021606,Movies,43,context_bilinear_delta,False,48,0.7337749600410461,0.35293418169021606
47,visual,1.1680182218551636,0.7233325242996216,Movies,43,context_bilinear_delta,False,48,1.1680182218551636,0.7233325242996216
48,text,0.7431809306144714,0.35978689789772034,Movies,43,context_bilinear_delta,True,48,0.7431809306144714,0.35978689789772034
48,visual,1.1865659952163696,0.7249189019203186,Movies,43,context_bilinear_delta,True,48,1.1865659952163696,0.7249189019203186
49,text,0.7530040144920349,0.36778247356414795,Movies,43,context_bilinear_delta,False,48,0.7530040144920349,0.36778247356414795
49,visual,1.2021337747573853,0.7222389578819275,Movies,43,context_bilinear_delta,False,48,1.2021337747573853,0.7222389578819275
50,text,0.7613717317581177,0.3740808367729187,Movies,43,context_bilinear_delta,False,48,0.7613717317581177,0.3740808367729187
50,visual,1.2173223495483398,0.7241171598434448,Movies,43,context_bilinear_delta,False,48,1.2173223495483398,0.7241171598434448
51,text,0.7686410546302795,0.3806076943874359,Movies,43,context_bilinear_delta,False,48,0.7686410546302795,0.3806076943874359
51,visual,1.2325152158737183,0.7283204793930054,Movies,43,context_bilinear_delta,False,48,1.2325152158737183,0.7283204793930054
52,text,0.7751290798187256,0.3838590085506439,Movies,43,context_bilinear_delta,False,48,0.7751290798187256,0.3838590085506439
52,visual,1.245797038078308,0.7299033403396606,Movies,43,context_bilinear_delta,False,48,1.245797038078308,0.7299033403396606
53,text,0.7818127870559692,0.38539180159568787,Movies,43,context_bilinear_delta,False,48,0.7818127870559692,0.38539180159568787
53,visual,1.2580904960632324,0.7307588458061218,Movies,43,context_bilinear_delta,False,48,1.2580904960632324,0.7307588458061218
54,text,0.7889350652694702,0.3871673047542572,Movies,43,context_bilinear_delta,False,48,0.7889350652694702,0.3871673047542572
54,visual,1.2697715759277344,0.7325538992881775,Movies,43,context_bilinear_delta,False,48,1.2697715759277344,0.7325538992881775
55,text,0.795693039894104,0.3894966244697571,Movies,43,context_bilinear_delta,False,48,0.795693039894104,0.3894966244697571
55,visual,1.2826751470565796,0.7371020913124084,Movies,43,context_bilinear_delta,False,48,1.2826751470565796,0.7371020913124084
56,text,0.8022884130477905,0.39307188987731934,Movies,43,context_bilinear_delta,False,48,0.8022884130477905,0.39307188987731934
56,visual,1.29690682888031,0.7442135214805603,Movies,43,context_bilinear_delta,False,48,1.29690682888031,0.7442135214805603
57,text,0.8083813786506653,0.3967425525188446,Movies,43,context_bilinear_delta,False,48,0.8083813786506653,0.3967425525188446
57,visual,1.3102320432662964,0.7524900436401367,Movies,43,context_bilinear_delta,False,48,1.3102320432662964,0.7524900436401367
58,text,0.8149690628051758,0.40048474073410034,Movies,43,context_bilinear_delta,False,48,0.8149690628051758,0.40048474073410034
58,visual,1.3236163854599,0.7606579661369324,Movies,43,context_bilinear_delta,False,48,1.3236163854599,0.7606579661369324
59,text,0.8221839666366577,0.40415269136428833,Movies,43,context_bilinear_delta,False,48,0.8221839666366577,0.40415269136428833
59,visual,1.3377236127853394,0.7667667865753174,Movies,43,context_bilinear_delta,False,48,1.3377236127853394,0.7667667865753174
60,text,0.8296631574630737,0.4091501235961914,Movies,43,context_bilinear_delta,False,48,0.8296631574630737,0.4091501235961914
60,visual,1.3499228954315186,0.7709852457046509,Movies,43,context_bilinear_delta,False,48,1.3499228954315186,0.7709852457046509
61,text,0.8374395966529846,0.41514256596565247,Movies,43,context_bilinear_delta,False,48,0.8374395966529846,0.41514256596565247
61,visual,1.3616124391555786,0.7748488783836365,Movies,43,context_bilinear_delta,False,48,1.3616124391555786,0.7748488783836365
62,text,0.8444744348526001,0.42029792070388794,Movies,43,context_bilinear_delta,False,48,0.8444744348526001,0.42029792070388794
62,visual,1.3706233501434326,0.7752494215965271,Movies,43,context_bilinear_delta,False,48,1.3706233501434326,0.7752494215965271
63,text,0.8516374826431274,0.42582666873931885,Movies,43,context_bilinear_delta,False,48,0.8516374826431274,0.42582666873931885
63,visual,1.3769830465316772,0.7739212512969971,Movies,43,context_bilinear_delta,False,48,1.3769830465316772,0.7739212512969971
64,text,0.8593308329582214,0.4318901002407074,Movies,43,context_bilinear_delta,False,48,0.8593308329582214,0.4318901002407074
64,visual,1.3859201669692993,0.7756683230400085,Movies,43,context_bilinear_delta,False,48,1.3859201669692993,0.7756683230400085
65,text,0.8672661185264587,0.4381760358810425,Movies,43,context_bilinear_delta,False,48,0.8672661185264587,0.4381760358810425
65,visual,1.395076870918274,0.7775080800056458,Movies,43,context_bilinear_delta,False,48,1.395076870918274,0.7775080800056458
66,text,0.8756464123725891,0.4451778829097748,Movies,43,context_bilinear_delta,False,48,0.8756464123725891,0.4451778829097748
66,visual,1.4048279523849487,0.7807715535163879,Movies,43,context_bilinear_delta,False,48,1.4048279523849487,0.7807715535163879
67,text,0.8847849369049072,0.45313403010368347,Movies,43,context_bilinear_delta,False,48,0.8847849369049072,0.45313403010368347
67,visual,1.4165148735046387,0.7864434719085693,Movies,43,context_bilinear_delta,False,48,1.4165148735046387,0.7864434719085693
68,text,0.8937814831733704,0.4611562490463257,Movies,43,context_bilinear_delta,False,48,0.8937814831733704,0.4611562490463257
68,visual,1.428531527519226,0.7920405268669128,Movies,43,context_bilinear_delta,False,48,1.428531527519226,0.7920405268669128
69,text,0.9022924900054932,0.46889325976371765,Movies,43,context_bilinear_delta,False,48,0.9022924900054932,0.46889325976371765
69,visual,1.4413297176361084,0.7991979122161865,Movies,43,context_bilinear_delta,False,48,1.4413297176361084,0.7991979122161865
70,text,0.9110944867134094,0.4773540198802948,Movies,43,context_bilinear_delta,False,48,0.9110944867134094,0.4773540198802948
70,visual,1.4560765027999878,0.8081274628639221,Movies,43,context_bilinear_delta,False,48,1.4560765027999878,0.8081274628639221
71,text,0.9191458225250244,0.48453521728515625,Movies,43,context_bilinear_delta,False,48,0.9191458225250244,0.48453521728515625
71,visual,1.4709551334381104,0.8165915012359619,Movies,43,context_bilinear_delta,False,48,1.4709551334381104,0.8165915012359619
72,text,0.9277390837669373,0.4917244613170624,Movies,43,context_bilinear_delta,False,48,0.9277390837669373,0.4917244613170624
72,visual,1.4863240718841553,0.8263245224952698,Movies,43,context_bilinear_delta,False,48,1.4863240718841553,0.8263245224952698
73,text,0.9369281530380249,0.49874258041381836,Movies,43,context_bilinear_delta,False,48,0.9369281530380249,0.49874258041381836
73,visual,1.5010840892791748,0.8358010053634644,Movies,43,context_bilinear_delta,False,48,1.5010840892791748,0.8358010053634644
74,text,0.9468931555747986,0.5076302886009216,Movies,43,context_bilinear_delta,False,48,0.9468931555747986,0.5076302886009216
74,visual,1.5150433778762817,0.8436222672462463,Movies,43,context_bilinear_delta,False,48,1.5150433778762817,0.8436222672462463
75,text,0.9557635188102722,0.5156589150428772,Movies,43,context_bilinear_delta,False,48,0.9557635188102722,0.5156589150428772
75,visual,1.528058409690857,0.8496538996696472,Movies,43,context_bilinear_delta,False,48,1.528058409690857,0.8496538996696472
76,text,0.9636257290840149,0.5225998759269714,Movies,43,context_bilinear_delta,False,48,0.9636257290840149,0.5225998759269714
76,visual,1.5401537418365479,0.8546380400657654,Movies,43,context_bilinear_delta,False,48,1.5401537418365479,0.8546380400657654
77,text,0.9708038568496704,0.5285723209381104,Movies,43,context_bilinear_delta,False,48,0.9708038568496704,0.5285723209381104
77,visual,1.551265001296997,0.8597629070281982,Movies,43,context_bilinear_delta,False,48,1.551265001296997,0.8597629070281982
78,text,0.9781318306922913,0.5356461405754089,Movies,43,context_bilinear_delta,False,48,0.9781318306922913,0.5356461405754089
78,visual,1.5620242357254028,0.8643244504928589,Movies,43,context_bilinear_delta,False,48,1.5620242357254028,0.8643244504928589
1,text,0.08974597603082657,0.0,Movies,44,context_static,False,57,0.08974597603082657,0.0
1,visual,0.08992735296487808,0.0,Movies,44,context_static,False,57,0.08992735296487808,0.0
2,text,0.13457854092121124,0.0,Movies,44,context_static,False,57,0.13457854092121124,0.0
2,visual,0.13733015954494476,0.0,Movies,44,context_static,False,57,0.13733015954494476,0.0
3,text,0.1682908982038498,0.0,Movies,44,context_static,False,57,0.1682908982038498,0.0
3,visual,0.17600087821483612,0.0,Movies,44,context_static,False,57,0.17600087821483612,0.0
4,text,0.2005634307861328,0.0,Movies,44,context_static,False,57,0.2005634307861328,0.0
4,visual,0.21216203272342682,0.0,Movies,44,context_static,False,57,0.21216203272342682,0.0
5,text,0.22610366344451904,0.0,Movies,44,context_static,False,57,0.22610366344451904,0.0
5,visual,0.24604271352291107,0.0,Movies,44,context_static,False,57,0.24604271352291107,0.0
6,text,0.2504386603832245,0.0,Movies,44,context_static,False,57,0.2504386603832245,0.0
6,visual,0.28202730417251587,0.0,Movies,44,context_static,False,57,0.28202730417251587,0.0
7,text,0.2753285765647888,0.0,Movies,44,context_static,False,57,0.2753285765647888,0.0
7,visual,0.3179307281970978,0.0,Movies,44,context_static,False,57,0.3179307281970978,0.0
8,text,0.2990855574607849,0.0,Movies,44,context_static,False,57,0.2990855574607849,0.0
8,visual,0.3517414927482605,0.0,Movies,44,context_static,False,57,0.3517414927482605,0.0
9,text,0.32034897804260254,0.0,Movies,44,context_static,False,57,0.32034897804260254,0.0
9,visual,0.3808935284614563,0.0,Movies,44,context_static,False,57,0.3808935284614563,0.0
10,text,0.3394177556037903,0.0,Movies,44,context_static,False,57,0.3394177556037903,0.0
10,visual,0.4067395329475403,0.0,Movies,44,context_static,False,57,0.4067395329475403,0.0
11,text,0.3579658567905426,0.0,Movies,44,context_static,False,57,0.3579658567905426,0.0
11,visual,0.4307173788547516,0.0,Movies,44,context_static,False,57,0.4307173788547516,0.0
12,text,0.3765593469142914,0.0,Movies,44,context_static,False,57,0.3765593469142914,0.0
12,visual,0.45415550470352173,0.0,Movies,44,context_static,False,57,0.45415550470352173,0.0
13,text,0.39353060722351074,0.0,Movies,44,context_static,False,57,0.39353060722351074,0.0
13,visual,0.4775180220603943,0.0,Movies,44,context_static,False,57,0.4775180220603943,0.0
14,text,0.4082348048686981,0.0,Movies,44,context_static,False,57,0.4082348048686981,0.0
14,visual,0.4987211227416992,0.0,Movies,44,context_static,False,57,0.4987211227416992,0.0
15,text,0.42243048548698425,0.0,Movies,44,context_static,False,57,0.42243048548698425,0.0
15,visual,0.5193595290184021,0.0,Movies,44,context_static,False,57,0.5193595290184021,0.0
16,text,0.43566006422042847,0.0,Movies,44,context_static,False,57,0.43566006422042847,0.0
16,visual,0.5397509932518005,0.0,Movies,44,context_static,False,57,0.5397509932518005,0.0
17,text,0.44796520471572876,0.0,Movies,44,context_static,False,57,0.44796520471572876,0.0
17,visual,0.5600297451019287,0.0,Movies,44,context_static,False,57,0.5600297451019287,0.0
18,text,0.45996013283729553,0.0,Movies,44,context_static,False,57,0.45996013283729553,0.0
18,visual,0.5799390077590942,0.0,Movies,44,context_static,False,57,0.5799390077590942,0.0
19,text,0.4714188277721405,0.0,Movies,44,context_static,False,57,0.4714188277721405,0.0
19,visual,0.5994364023208618,0.0,Movies,44,context_static,False,57,0.5994364023208618,0.0
20,text,0.483028382062912,0.0,Movies,44,context_static,False,57,0.483028382062912,0.0
20,visual,0.6192203164100647,0.0,Movies,44,context_static,False,57,0.6192203164100647,0.0
21,text,0.494047611951828,0.0,Movies,44,context_static,False,57,0.494047611951828,0.0
21,visual,0.6385113596916199,0.0,Movies,44,context_static,False,57,0.6385113596916199,0.0
22,text,0.5050714015960693,0.0,Movies,44,context_static,False,57,0.5050714015960693,0.0
22,visual,0.6579648852348328,0.0,Movies,44,context_static,False,57,0.6579648852348328,0.0
23,text,0.5159463286399841,0.0,Movies,44,context_static,False,57,0.5159463286399841,0.0
23,visual,0.6783798933029175,0.0,Movies,44,context_static,False,57,0.6783798933029175,0.0
24,text,0.5265827775001526,0.0,Movies,44,context_static,False,57,0.5265827775001526,0.0
24,visual,0.6983984112739563,0.0,Movies,44,context_static,False,57,0.6983984112739563,0.0
25,text,0.5376483798027039,0.0,Movies,44,context_static,False,57,0.5376483798027039,0.0
25,visual,0.7191705107688904,0.0,Movies,44,context_static,False,57,0.7191705107688904,0.0
26,text,0.5485660433769226,0.0,Movies,44,context_static,False,57,0.5485660433769226,0.0
26,visual,0.7402122020721436,0.0,Movies,44,context_static,False,57,0.7402122020721436,0.0
27,text,0.5598201751708984,0.0,Movies,44,context_static,False,57,0.5598201751708984,0.0
27,visual,0.7622895240783691,0.0,Movies,44,context_static,False,57,0.7622895240783691,0.0
28,text,0.5716568231582642,0.0,Movies,44,context_static,False,57,0.5716568231582642,0.0
28,visual,0.7855431437492371,0.0,Movies,44,context_static,False,57,0.7855431437492371,0.0
29,text,0.5837582349777222,0.0,Movies,44,context_static,False,57,0.5837582349777222,0.0
29,visual,0.8070122003555298,0.0,Movies,44,context_static,False,57,0.8070122003555298,0.0
30,text,0.596050500869751,0.0,Movies,44,context_static,False,57,0.596050500869751,0.0
30,visual,0.8313900828361511,0.0,Movies,44,context_static,False,57,0.8313900828361511,0.0
31,text,0.6086461544036865,0.0,Movies,44,context_static,False,57,0.6086461544036865,0.0
31,visual,0.8585875034332275,0.0,Movies,44,context_static,False,57,0.8585875034332275,0.0
32,text,0.6202600002288818,0.0,Movies,44,context_static,False,57,0.6202600002288818,0.0
32,visual,0.8815045952796936,0.0,Movies,44,context_static,False,57,0.8815045952796936,0.0
33,text,0.6318792104721069,0.0,Movies,44,context_static,False,57,0.6318792104721069,0.0
33,visual,0.9010857343673706,0.0,Movies,44,context_static,False,57,0.9010857343673706,0.0
34,text,0.6421564221382141,0.0,Movies,44,context_static,False,57,0.6421564221382141,0.0
34,visual,0.9218083620071411,0.0,Movies,44,context_static,False,57,0.9218083620071411,0.0
35,text,0.651024341583252,0.0,Movies,44,context_static,False,57,0.651024341583252,0.0
35,visual,0.9447253346443176,0.0,Movies,44,context_static,False,57,0.9447253346443176,0.0
36,text,0.6606811881065369,0.0,Movies,44,context_static,False,57,0.6606811881065369,0.0
36,visual,0.9610581398010254,0.0,Movies,44,context_static,False,57,0.9610581398010254,0.0
37,text,0.6706300377845764,0.0,Movies,44,context_static,False,57,0.6706300377845764,0.0
37,visual,0.9723121523857117,0.0,Movies,44,context_static,False,57,0.9723121523857117,0.0
38,text,0.6808255910873413,0.0,Movies,44,context_static,False,57,0.6808255910873413,0.0
38,visual,0.9812464118003845,0.0,Movies,44,context_static,False,57,0.9812464118003845,0.0
39,text,0.6904144287109375,0.0,Movies,44,context_static,False,57,0.6904144287109375,0.0
39,visual,0.9926905035972595,0.0,Movies,44,context_static,False,57,0.9926905035972595,0.0
40,text,0.70025634765625,0.0,Movies,44,context_static,False,57,0.70025634765625,0.0
40,visual,1.0051459074020386,0.0,Movies,44,context_static,False,57,1.0051459074020386,0.0
41,text,0.7092035412788391,0.0,Movies,44,context_static,False,57,0.7092035412788391,0.0
41,visual,1.0162580013275146,0.0,Movies,44,context_static,False,57,1.0162580013275146,0.0
42,text,0.7181233167648315,0.0,Movies,44,context_static,False,57,0.7181233167648315,0.0
42,visual,1.0257575511932373,0.0,Movies,44,context_static,False,57,1.0257575511932373,0.0
43,text,0.7268041372299194,0.0,Movies,44,context_static,False,57,0.7268041372299194,0.0
43,visual,1.0365861654281616,0.0,Movies,44,context_static,False,57,1.0365861654281616,0.0
44,text,0.7350654602050781,0.0,Movies,44,context_static,False,57,0.7350654602050781,0.0
44,visual,1.046540379524231,0.0,Movies,44,context_static,False,57,1.046540379524231,0.0
45,text,0.7450411915779114,0.0,Movies,44,context_static,False,57,0.7450411915779114,0.0
45,visual,1.0589325428009033,0.0,Movies,44,context_static,False,57,1.0589325428009033,0.0
46,text,0.7555105686187744,0.0,Movies,44,context_static,False,57,0.7555105686187744,0.0
46,visual,1.0700634717941284,0.0,Movies,44,context_static,False,57,1.0700634717941284,0.0
47,text,0.7661287784576416,0.0,Movies,44,context_static,False,57,0.7661287784576416,0.0
47,visual,1.0823990106582642,0.0,Movies,44,context_static,False,57,1.0823990106582642,0.0
48,text,0.7766213417053223,0.0,Movies,44,context_static,False,57,0.7766213417053223,0.0
48,visual,1.095968246459961,0.0,Movies,44,context_static,False,57,1.095968246459961,0.0
49,text,0.7874458432197571,0.0,Movies,44,context_static,False,57,0.7874458432197571,0.0
49,visual,1.111594796180725,0.0,Movies,44,context_static,False,57,1.111594796180725,0.0
50,text,0.7982804179191589,0.0,Movies,44,context_static,False,57,0.7982804179191589,0.0
50,visual,1.1265029907226562,0.0,Movies,44,context_static,False,57,1.1265029907226562,0.0
51,text,0.8090143203735352,0.0,Movies,44,context_static,False,57,0.8090143203735352,0.0
51,visual,1.14100182056427,0.0,Movies,44,context_static,False,57,1.14100182056427,0.0
52,text,0.8191989064216614,0.0,Movies,44,context_static,False,57,0.8191989064216614,0.0
52,visual,1.1547144651412964,0.0,Movies,44,context_static,False,57,1.1547144651412964,0.0
53,text,0.8302597999572754,0.0,Movies,44,context_static,False,57,0.8302597999572754,0.0
53,visual,1.1675338745117188,0.0,Movies,44,context_static,False,57,1.1675338745117188,0.0
54,text,0.8433954119682312,0.0,Movies,44,context_static,False,57,0.8433954119682312,0.0
54,visual,1.179569959640503,0.0,Movies,44,context_static,False,57,1.179569959640503,0.0
55,text,0.8565208911895752,0.0,Movies,44,context_static,False,57,0.8565208911895752,0.0
55,visual,1.1914564371109009,0.0,Movies,44,context_static,False,57,1.1914564371109009,0.0
56,text,0.8658151626586914,0.0,Movies,44,context_static,False,57,0.8658151626586914,0.0
56,visual,1.20332670211792,0.0,Movies,44,context_static,False,57,1.20332670211792,0.0
57,text,0.8758013844490051,0.0,Movies,44,context_static,True,57,0.8758013844490051,0.0
57,visual,1.2147382497787476,0.0,Movies,44,context_static,True,57,1.2147382497787476,0.0
58,text,0.8880941867828369,0.0,Movies,44,context_static,False,57,0.8880941867828369,0.0
58,visual,1.229220986366272,0.0,Movies,44,context_static,False,57,1.229220986366272,0.0
59,text,0.9013508558273315,0.0,Movies,44,context_static,False,57,0.9013508558273315,0.0
59,visual,1.2404850721359253,0.0,Movies,44,context_static,False,57,1.2404850721359253,0.0
60,text,0.9162002801895142,0.0,Movies,44,context_static,False,57,0.9162002801895142,0.0
60,visual,1.2552340030670166,0.0,Movies,44,context_static,False,57,1.2552340030670166,0.0
61,text,0.9289901256561279,0.0,Movies,44,context_static,False,57,0.9289901256561279,0.0
61,visual,1.2689794301986694,0.0,Movies,44,context_static,False,57,1.2689794301986694,0.0
62,text,0.9412732720375061,0.0,Movies,44,context_static,False,57,0.9412732720375061,0.0
62,visual,1.282443642616272,0.0,Movies,44,context_static,False,57,1.282443642616272,0.0
63,text,0.9533970355987549,0.0,Movies,44,context_static,False,57,0.9533970355987549,0.0
63,visual,1.29462730884552,0.0,Movies,44,context_static,False,57,1.29462730884552,0.0
64,text,0.9668891429901123,0.0,Movies,44,context_static,False,57,0.9668891429901123,0.0
64,visual,1.3084174394607544,0.0,Movies,44,context_static,False,57,1.3084174394607544,0.0
65,text,0.980402946472168,0.0,Movies,44,context_static,False,57,0.980402946472168,0.0
65,visual,1.319527506828308,0.0,Movies,44,context_static,False,57,1.319527506828308,0.0
66,text,0.9954466223716736,0.0,Movies,44,context_static,False,57,0.9954466223716736,0.0
66,visual,1.332563042640686,0.0,Movies,44,context_static,False,57,1.332563042640686,0.0
67,text,1.0101971626281738,0.0,Movies,44,context_static,False,57,1.0101971626281738,0.0
67,visual,1.3463735580444336,0.0,Movies,44,context_static,False,57,1.3463735580444336,0.0
68,text,1.0239930152893066,0.0,Movies,44,context_static,False,57,1.0239930152893066,0.0
68,visual,1.3603912591934204,0.0,Movies,44,context_static,False,57,1.3603912591934204,0.0
69,text,1.0373823642730713,0.0,Movies,44,context_static,False,57,1.0373823642730713,0.0
69,visual,1.3740063905715942,0.0,Movies,44,context_static,False,57,1.3740063905715942,0.0
70,text,1.0480222702026367,0.0,Movies,44,context_static,False,57,1.0480222702026367,0.0
70,visual,1.3864893913269043,0.0,Movies,44,context_static,False,57,1.3864893913269043,0.0
71,text,1.059987187385559,0.0,Movies,44,context_static,False,57,1.059987187385559,0.0
71,visual,1.3993605375289917,0.0,Movies,44,context_static,False,57,1.3993605375289917,0.0
72,text,1.0727170705795288,0.0,Movies,44,context_static,False,57,1.0727170705795288,0.0
72,visual,1.409645915031433,0.0,Movies,44,context_static,False,57,1.409645915031433,0.0
73,text,1.0879155397415161,0.0,Movies,44,context_static,False,57,1.0879155397415161,0.0
73,visual,1.4219943284988403,0.0,Movies,44,context_static,False,57,1.4219943284988403,0.0
74,text,1.1013140678405762,0.0,Movies,44,context_static,False,57,1.1013140678405762,0.0
74,visual,1.4343054294586182,0.0,Movies,44,context_static,False,57,1.4343054294586182,0.0
75,text,1.111746072769165,0.0,Movies,44,context_static,False,57,1.111746072769165,0.0
75,visual,1.445746660232544,0.0,Movies,44,context_static,False,57,1.445746660232544,0.0
76,text,1.121951937675476,0.0,Movies,44,context_static,False,57,1.121951937675476,0.0
76,visual,1.45624840259552,0.0,Movies,44,context_static,False,57,1.45624840259552,0.0
77,text,1.1314373016357422,0.0,Movies,44,context_static,False,57,1.1314373016357422,0.0
77,visual,1.466993808746338,0.0,Movies,44,context_static,False,57,1.466993808746338,0.0
78,text,1.1392290592193604,0.0,Movies,44,context_static,False,57,1.1392290592193604,0.0
78,visual,1.4773529767990112,0.0,Movies,44,context_static,False,57,1.4773529767990112,0.0
79,text,1.1471788883209229,0.0,Movies,44,context_static,False,57,1.1471788883209229,0.0
79,visual,1.4871811866760254,0.0,Movies,44,context_static,False,57,1.4871811866760254,0.0
80,text,1.1563084125518799,0.0,Movies,44,context_static,False,57,1.1563084125518799,0.0
80,visual,1.4987455606460571,0.0,Movies,44,context_static,False,57,1.4987455606460571,0.0
81,text,1.167249083518982,0.0,Movies,44,context_static,False,57,1.167249083518982,0.0
81,visual,1.5098614692687988,0.0,Movies,44,context_static,False,57,1.5098614692687988,0.0
82,text,1.1781178712844849,0.0,Movies,44,context_static,False,57,1.1781178712844849,0.0
82,visual,1.5203429460525513,0.0,Movies,44,context_static,False,57,1.5203429460525513,0.0
83,text,1.187943458557129,0.0,Movies,44,context_static,False,57,1.187943458557129,0.0
83,visual,1.531861424446106,0.0,Movies,44,context_static,False,57,1.531861424446106,0.0
84,text,1.1971702575683594,0.0,Movies,44,context_static,False,57,1.1971702575683594,0.0
84,visual,1.5412362813949585,0.0,Movies,44,context_static,False,57,1.5412362813949585,0.0
85,text,1.207539677619934,0.0,Movies,44,context_static,False,57,1.207539677619934,0.0
85,visual,1.5516712665557861,0.0,Movies,44,context_static,False,57,1.5516712665557861,0.0
86,text,1.2181841135025024,0.0,Movies,44,context_static,False,57,1.2181841135025024,0.0
86,visual,1.5627855062484741,0.0,Movies,44,context_static,False,57,1.5627855062484741,0.0
87,text,1.2283587455749512,0.0,Movies,44,context_static,False,57,1.2283587455749512,0.0
87,visual,1.5745849609375,0.0,Movies,44,context_static,False,57,1.5745849609375,0.0
1,text,0.08981214463710785,0.0,Movies,44,context_attn_dynamic,False,45,0.08981214463710785,0.0
1,visual,0.08989296108484268,0.0,Movies,44,context_attn_dynamic,False,45,0.08989296108484268,0.0
2,text,0.1354285180568695,0.0,Movies,44,context_attn_dynamic,False,45,0.1354285180568695,0.0
2,visual,0.13750134408473969,0.0,Movies,44,context_attn_dynamic,False,45,0.13750134408473969,0.0
3,text,0.1688634604215622,0.0,Movies,44,context_attn_dynamic,False,45,0.1688634604215622,0.0
3,visual,0.1746174842119217,0.0,Movies,44,context_attn_dynamic,False,45,0.1746174842119217,0.0
4,text,0.2007237821817398,0.0,Movies,44,context_attn_dynamic,False,45,0.2007237821817398,0.0
4,visual,0.21044579148292542,0.0,Movies,44,context_attn_dynamic,False,45,0.21044579148292542,0.0
5,text,0.22553278505802155,0.0,Movies,44,context_attn_dynamic,False,45,0.22553278505802155,0.0
5,visual,0.24494756758213043,0.0,Movies,44,context_attn_dynamic,False,45,0.24494756758213043,0.0
6,text,0.2493906170129776,0.0,Movies,44,context_attn_dynamic,False,45,0.2493906170129776,0.0
6,visual,0.2816609740257263,0.0,Movies,44,context_attn_dynamic,False,45,0.2816609740257263,0.0
7,text,0.27399080991744995,0.0,Movies,44,context_attn_dynamic,False,45,0.27399080991744995,0.0
7,visual,0.3178754150867462,0.0,Movies,44,context_attn_dynamic,False,45,0.3178754150867462,0.0
8,text,0.29753124713897705,0.0,Movies,44,context_attn_dynamic,False,45,0.29753124713897705,0.0
8,visual,0.35174882411956787,0.0,Movies,44,context_attn_dynamic,False,45,0.35174882411956787,0.0
9,text,0.31903791427612305,0.0,Movies,44,context_attn_dynamic,False,45,0.31903791427612305,0.0
9,visual,0.38112419843673706,0.0,Movies,44,context_attn_dynamic,False,45,0.38112419843673706,0.0
10,text,0.3391534090042114,0.0,Movies,44,context_attn_dynamic,False,45,0.3391534090042114,0.0
10,visual,0.40675708651542664,0.0,Movies,44,context_attn_dynamic,False,45,0.40675708651542664,0.0
11,text,0.3587007224559784,0.0,Movies,44,context_attn_dynamic,False,45,0.3587007224559784,0.0
11,visual,0.43114906549453735,0.0,Movies,44,context_attn_dynamic,False,45,0.43114906549453735,0.0
12,text,0.37721437215805054,0.0,Movies,44,context_attn_dynamic,False,45,0.37721437215805054,0.0
12,visual,0.45472049713134766,0.0,Movies,44,context_attn_dynamic,False,45,0.45472049713134766,0.0
13,text,0.39550814032554626,0.0,Movies,44,context_attn_dynamic,False,45,0.39550814032554626,0.0
13,visual,0.47764089703559875,0.0,Movies,44,context_attn_dynamic,False,45,0.47764089703559875,0.0
14,text,0.4111340343952179,0.0,Movies,44,context_attn_dynamic,False,45,0.4111340343952179,0.0
14,visual,0.4986084997653961,0.0,Movies,44,context_attn_dynamic,False,45,0.4986084997653961,0.0
15,text,0.42671307921409607,0.0,Movies,44,context_attn_dynamic,False,45,0.42671307921409607,0.0
15,visual,0.5192542672157288,0.0,Movies,44,context_attn_dynamic,False,45,0.5192542672157288,0.0
16,text,0.44263559579849243,0.0,Movies,44,context_attn_dynamic,False,45,0.44263559579849243,0.0
16,visual,0.5397868752479553,0.0,Movies,44,context_attn_dynamic,False,45,0.5397868752479553,0.0
17,text,0.4567191004753113,0.0,Movies,44,context_attn_dynamic,False,45,0.4567191004753113,0.0
17,visual,0.5605597496032715,0.0,Movies,44,context_attn_dynamic,False,45,0.5605597496032715,0.0
18,text,0.4711413085460663,0.0,Movies,44,context_attn_dynamic,False,45,0.4711413085460663,0.0
18,visual,0.5816160440444946,0.0,Movies,44,context_attn_dynamic,False,45,0.5816160440444946,0.0
19,text,0.4862019717693329,0.0,Movies,44,context_attn_dynamic,False,45,0.4862019717693329,0.0
19,visual,0.6021928787231445,0.0,Movies,44,context_attn_dynamic,False,45,0.6021928787231445,0.0
20,text,0.5014089941978455,0.0,Movies,44,context_attn_dynamic,False,45,0.5014089941978455,0.0
20,visual,0.6233368515968323,0.0,Movies,44,context_attn_dynamic,False,45,0.6233368515968323,0.0
21,text,0.516223669052124,0.0,Movies,44,context_attn_dynamic,False,45,0.516223669052124,0.0
21,visual,0.6444559097290039,0.0,Movies,44,context_attn_dynamic,False,45,0.6444559097290039,0.0
22,text,0.5317221283912659,0.0,Movies,44,context_attn_dynamic,False,45,0.5317221283912659,0.0
22,visual,0.6656826734542847,0.0,Movies,44,context_attn_dynamic,False,45,0.6656826734542847,0.0
23,text,0.5479897856712341,0.0,Movies,44,context_attn_dynamic,False,45,0.5479897856712341,0.0
23,visual,0.6880520582199097,0.0,Movies,44,context_attn_dynamic,False,45,0.6880520582199097,0.0
24,text,0.5640730857849121,0.0,Movies,44,context_attn_dynamic,False,45,0.5640730857849121,0.0
24,visual,0.7093748450279236,0.0,Movies,44,context_attn_dynamic,False,45,0.7093748450279236,0.0
25,text,0.5801810026168823,0.0,Movies,44,context_attn_dynamic,False,45,0.5801810026168823,0.0
25,visual,0.7326279282569885,0.0,Movies,44,context_attn_dynamic,False,45,0.7326279282569885,0.0
26,text,0.5974393486976624,0.0,Movies,44,context_attn_dynamic,False,45,0.5974393486976624,0.0
26,visual,0.757017195224762,0.0,Movies,44,context_attn_dynamic,False,45,0.757017195224762,0.0
27,text,0.6162315607070923,0.0,Movies,44,context_attn_dynamic,False,45,0.6162315607070923,0.0
27,visual,0.7817848920822144,0.0,Movies,44,context_attn_dynamic,False,45,0.7817848920822144,0.0
28,text,0.633350670337677,0.0,Movies,44,context_attn_dynamic,False,45,0.633350670337677,0.0
28,visual,0.8092248439788818,0.0,Movies,44,context_attn_dynamic,False,45,0.8092248439788818,0.0
29,text,0.6512033939361572,0.0,Movies,44,context_attn_dynamic,False,45,0.6512033939361572,0.0
29,visual,0.8364627361297607,0.0,Movies,44,context_attn_dynamic,False,45,0.8364627361297607,0.0
30,text,0.6709951758384705,0.0,Movies,44,context_attn_dynamic,False,45,0.6709951758384705,0.0
30,visual,0.8662164211273193,0.0,Movies,44,context_attn_dynamic,False,45,0.8662164211273193,0.0
31,text,0.691828191280365,0.0,Movies,44,context_attn_dynamic,False,45,0.691828191280365,0.0
31,visual,0.897088885307312,0.0,Movies,44,context_attn_dynamic,False,45,0.897088885307312,0.0
32,text,0.7141415476799011,0.0,Movies,44,context_attn_dynamic,False,45,0.7141415476799011,0.0
32,visual,0.9304733872413635,0.0,Movies,44,context_attn_dynamic,False,45,0.9304733872413635,0.0
33,text,0.7356857061386108,0.0,Movies,44,context_attn_dynamic,False,45,0.7356857061386108,0.0
33,visual,0.9614562392234802,0.0,Movies,44,context_attn_dynamic,False,45,0.9614562392234802,0.0
34,text,0.7539770603179932,0.0,Movies,44,context_attn_dynamic,False,45,0.7539770603179932,0.0
34,visual,0.9942770004272461,0.0,Movies,44,context_attn_dynamic,False,45,0.9942770004272461,0.0
35,text,0.7742178440093994,0.0,Movies,44,context_attn_dynamic,False,45,0.7742178440093994,0.0
35,visual,1.0227712392807007,0.0,Movies,44,context_attn_dynamic,False,45,1.0227712392807007,0.0
36,text,0.7919434309005737,0.0,Movies,44,context_attn_dynamic,False,45,0.7919434309005737,0.0
36,visual,1.05049467086792,0.0,Movies,44,context_attn_dynamic,False,45,1.05049467086792,0.0
37,text,0.8115078806877136,0.0,Movies,44,context_attn_dynamic,False,45,0.8115078806877136,0.0
37,visual,1.0780234336853027,0.0,Movies,44,context_attn_dynamic,False,45,1.0780234336853027,0.0
38,text,0.8299066424369812,0.0,Movies,44,context_attn_dynamic,False,45,0.8299066424369812,0.0
38,visual,1.107515573501587,0.0,Movies,44,context_attn_dynamic,False,45,1.107515573501587,0.0
39,text,0.8477373719215393,0.0,Movies,44,context_attn_dynamic,False,45,0.8477373719215393,0.0
39,visual,1.1327648162841797,0.0,Movies,44,context_attn_dynamic,False,45,1.1327648162841797,0.0
40,text,0.8655666708946228,0.0,Movies,44,context_attn_dynamic,False,45,0.8655666708946228,0.0
40,visual,1.1597727537155151,0.0,Movies,44,context_attn_dynamic,False,45,1.1597727537155151,0.0
41,text,0.8810861706733704,0.0,Movies,44,context_attn_dynamic,False,45,0.8810861706733704,0.0
41,visual,1.1837365627288818,0.0,Movies,44,context_attn_dynamic,False,45,1.1837365627288818,0.0
42,text,0.8994633555412292,0.0,Movies,44,context_attn_dynamic,False,45,0.8994633555412292,0.0
42,visual,1.209818720817566,0.0,Movies,44,context_attn_dynamic,False,45,1.209818720817566,0.0
43,text,0.9169628024101257,0.0,Movies,44,context_attn_dynamic,False,45,0.9169628024101257,0.0
43,visual,1.230748176574707,0.0,Movies,44,context_attn_dynamic,False,45,1.230748176574707,0.0
44,text,0.9328697323799133,0.0,Movies,44,context_attn_dynamic,False,45,0.9328697323799133,0.0
44,visual,1.253400206565857,0.0,Movies,44,context_attn_dynamic,False,45,1.253400206565857,0.0
45,text,0.947874903678894,0.0,Movies,44,context_attn_dynamic,True,45,0.947874903678894,0.0
45,visual,1.2726495265960693,0.0,Movies,44,context_attn_dynamic,True,45,1.2726495265960693,0.0
46,text,0.964356541633606,0.0,Movies,44,context_attn_dynamic,False,45,0.964356541633606,0.0
46,visual,1.2932201623916626,0.0,Movies,44,context_attn_dynamic,False,45,1.2932201623916626,0.0
47,text,0.9813265204429626,0.0,Movies,44,context_attn_dynamic,False,45,0.9813265204429626,0.0
47,visual,1.311441421508789,0.0,Movies,44,context_attn_dynamic,False,45,1.311441421508789,0.0
48,text,1.000019907951355,0.0,Movies,44,context_attn_dynamic,False,45,1.000019907951355,0.0
48,visual,1.3317030668258667,0.0,Movies,44,context_attn_dynamic,False,45,1.3317030668258667,0.0
49,text,1.0178200006484985,0.0,Movies,44,context_attn_dynamic,False,45,1.0178200006484985,0.0
49,visual,1.3495097160339355,0.0,Movies,44,context_attn_dynamic,False,45,1.3495097160339355,0.0
50,text,1.0361303091049194,0.0,Movies,44,context_attn_dynamic,False,45,1.0361303091049194,0.0
50,visual,1.3687870502471924,0.0,Movies,44,context_attn_dynamic,False,45,1.3687870502471924,0.0
51,text,1.0526214838027954,0.0,Movies,44,context_attn_dynamic,False,45,1.0526214838027954,0.0
51,visual,1.384726643562317,0.0,Movies,44,context_attn_dynamic,False,45,1.384726643562317,0.0
52,text,1.069145679473877,0.0,Movies,44,context_attn_dynamic,False,45,1.069145679473877,0.0
52,visual,1.4025405645370483,0.0,Movies,44,context_attn_dynamic,False,45,1.4025405645370483,0.0
53,text,1.084373950958252,0.0,Movies,44,context_attn_dynamic,False,45,1.084373950958252,0.0
53,visual,1.418049931526184,0.0,Movies,44,context_attn_dynamic,False,45,1.418049931526184,0.0
54,text,1.0945419073104858,0.0,Movies,44,context_attn_dynamic,False,45,1.0945419073104858,0.0
54,visual,1.432779312133789,0.0,Movies,44,context_attn_dynamic,False,45,1.432779312133789,0.0
55,text,1.1058564186096191,0.0,Movies,44,context_attn_dynamic,False,45,1.1058564186096191,0.0
55,visual,1.4462521076202393,0.0,Movies,44,context_attn_dynamic,False,45,1.4462521076202393,0.0
56,text,1.119565725326538,0.0,Movies,44,context_attn_dynamic,False,45,1.119565725326538,0.0
56,visual,1.4610000848770142,0.0,Movies,44,context_attn_dynamic,False,45,1.4610000848770142,0.0
57,text,1.1323683261871338,0.0,Movies,44,context_attn_dynamic,False,45,1.1323683261871338,0.0
57,visual,1.4744832515716553,0.0,Movies,44,context_attn_dynamic,False,45,1.4744832515716553,0.0
58,text,1.1466230154037476,0.0,Movies,44,context_attn_dynamic,False,45,1.1466230154037476,0.0
58,visual,1.4873974323272705,0.0,Movies,44,context_attn_dynamic,False,45,1.4873974323272705,0.0
59,text,1.1596254110336304,0.0,Movies,44,context_attn_dynamic,False,45,1.1596254110336304,0.0
59,visual,1.4976871013641357,0.0,Movies,44,context_attn_dynamic,False,45,1.4976871013641357,0.0
60,text,1.1722898483276367,0.0,Movies,44,context_attn_dynamic,False,45,1.1722898483276367,0.0
60,visual,1.5100654363632202,0.0,Movies,44,context_attn_dynamic,False,45,1.5100654363632202,0.0
61,text,1.1858817338943481,0.0,Movies,44,context_attn_dynamic,False,45,1.1858817338943481,0.0
61,visual,1.519883632659912,0.0,Movies,44,context_attn_dynamic,False,45,1.519883632659912,0.0
62,text,1.200312852859497,0.0,Movies,44,context_attn_dynamic,False,45,1.200312852859497,0.0
62,visual,1.531511902809143,0.0,Movies,44,context_attn_dynamic,False,45,1.531511902809143,0.0
63,text,1.2147541046142578,0.0,Movies,44,context_attn_dynamic,False,45,1.2147541046142578,0.0
63,visual,1.5439072847366333,0.0,Movies,44,context_attn_dynamic,False,45,1.5439072847366333,0.0
64,text,1.2262381315231323,0.0,Movies,44,context_attn_dynamic,False,45,1.2262381315231323,0.0
64,visual,1.554322361946106,0.0,Movies,44,context_attn_dynamic,False,45,1.554322361946106,0.0
65,text,1.2359766960144043,0.0,Movies,44,context_attn_dynamic,False,45,1.2359766960144043,0.0
65,visual,1.5635546445846558,0.0,Movies,44,context_attn_dynamic,False,45,1.5635546445846558,0.0
66,text,1.249428391456604,0.0,Movies,44,context_attn_dynamic,False,45,1.249428391456604,0.0
66,visual,1.575168251991272,0.0,Movies,44,context_attn_dynamic,False,45,1.575168251991272,0.0
67,text,1.2613062858581543,0.0,Movies,44,context_attn_dynamic,False,45,1.2613062858581543,0.0
67,visual,1.5858328342437744,0.0,Movies,44,context_attn_dynamic,False,45,1.5858328342437744,0.0
68,text,1.2761212587356567,0.0,Movies,44,context_attn_dynamic,False,45,1.2761212587356567,0.0
68,visual,1.5988878011703491,0.0,Movies,44,context_attn_dynamic,False,45,1.5988878011703491,0.0
69,text,1.2876675128936768,0.0,Movies,44,context_attn_dynamic,False,45,1.2876675128936768,0.0
69,visual,1.613282561302185,0.0,Movies,44,context_attn_dynamic,False,45,1.613282561302185,0.0
70,text,1.2980926036834717,0.0,Movies,44,context_attn_dynamic,False,45,1.2980926036834717,0.0
70,visual,1.626484990119934,0.0,Movies,44,context_attn_dynamic,False,45,1.626484990119934,0.0
71,text,1.3088563680648804,0.0,Movies,44,context_attn_dynamic,False,45,1.3088563680648804,0.0
71,visual,1.639541745185852,0.0,Movies,44,context_attn_dynamic,False,45,1.639541745185852,0.0
72,text,1.321006417274475,0.0,Movies,44,context_attn_dynamic,False,45,1.321006417274475,0.0
72,visual,1.652673363685608,0.0,Movies,44,context_attn_dynamic,False,45,1.652673363685608,0.0
73,text,1.332851529121399,0.0,Movies,44,context_attn_dynamic,False,45,1.332851529121399,0.0
73,visual,1.6612242460250854,0.0,Movies,44,context_attn_dynamic,False,45,1.6612242460250854,0.0
74,text,1.346767544746399,0.0,Movies,44,context_attn_dynamic,False,45,1.346767544746399,0.0
74,visual,1.6714617013931274,0.0,Movies,44,context_attn_dynamic,False,45,1.6714617013931274,0.0
75,text,1.3582836389541626,0.0,Movies,44,context_attn_dynamic,False,45,1.3582836389541626,0.0
75,visual,1.6839580535888672,0.0,Movies,44,context_attn_dynamic,False,45,1.6839580535888672,0.0
1,text,0.08974597603082657,0.0,Movies,44,context_bilinear_absolute,False,59,0.08974597603082657,0.0
1,visual,0.08992735296487808,0.0,Movies,44,context_bilinear_absolute,False,59,0.08992735296487808,0.0
2,text,0.13457854092121124,0.026448944583535194,Movies,44,context_bilinear_absolute,False,59,0.13457854092121124,0.026448944583535194
2,visual,0.13733015954494476,0.025134820491075516,Movies,44,context_bilinear_absolute,False,59,0.13733015954494476,0.025134820491075516
3,text,0.16827675700187683,0.04664851725101471,Movies,44,context_bilinear_absolute,False,59,0.16827675700187683,0.04664851725101471
3,visual,0.1759887933731079,0.044513244181871414,Movies,44,context_bilinear_absolute,False,59,0.1759887933731079,0.044513244181871414
4,text,0.20054291188716888,0.0669010728597641,Movies,44,context_bilinear_absolute,False,59,0.20054291188716888,0.0669010728597641
4,visual,0.21214106678962708,0.06426786631345749,Movies,44,context_bilinear_absolute,False,59,0.21214106678962708,0.06426786631345749
5,text,0.22606247663497925,0.08020590245723724,Movies,44,context_bilinear_absolute,False,59,0.22606247663497925,0.08020590245723724
5,visual,0.2460176944732666,0.08232001960277557,Movies,44,context_bilinear_absolute,False,59,0.2460176944732666,0.08232001960277557
6,text,0.25037893652915955,0.09288794547319412,Movies,44,context_bilinear_absolute,False,59,0.25037893652915955,0.09288794547319412
6,visual,0.2820031940937042,0.10140349715948105,Movies,44,context_bilinear_absolute,False,59,0.2820031940937042,0.10140349715948105
7,text,0.27525702118873596,0.10316014289855957,Movies,44,context_bilinear_absolute,False,59,0.27525702118873596,0.10316014289855957
7,visual,0.3179110884666443,0.120858334004879,Movies,44,context_bilinear_absolute,False,59,0.3179110884666443,0.120858334004879
8,text,0.2990044057369232,0.11300032585859299,Movies,44,context_bilinear_absolute,False,59,0.2990044057369232,0.11300032585859299
8,visual,0.3517315983772278,0.1405041664838791,Movies,44,context_bilinear_absolute,False,59,0.3517315983772278,0.1405041664838791
9,text,0.3202521800994873,0.1209838017821312,Movies,44,context_bilinear_absolute,False,59,0.3202521800994873,0.1209838017821312
9,visual,0.38089150190353394,0.15809030830860138,Movies,44,context_bilinear_absolute,False,59,0.38089150190353394,0.15809030830860138
10,text,0.3393081724643707,0.12895280122756958,Movies,44,context_bilinear_absolute,False,59,0.3393081724643707,0.12895280122756958
10,visual,0.4067486822605133,0.17470668256282806,Movies,44,context_bilinear_absolute,False,59,0.4067486822605133,0.17470668256282806
11,text,0.35783541202545166,0.13610585033893585,Movies,44,context_bilinear_absolute,False,59,0.35783541202545166,0.13610585033893585
11,visual,0.4307408630847931,0.18987447023391724,Movies,44,context_bilinear_absolute,False,59,0.4307408630847931,0.18987447023391724
12,text,0.37640735507011414,0.14409208297729492,Movies,44,context_bilinear_absolute,False,59,0.37640735507011414,0.14409208297729492
12,visual,0.4542013704776764,0.20461945235729218,Movies,44,context_bilinear_absolute,False,59,0.4542013704776764,0.20461945235729218
13,text,0.3933686912059784,0.15200862288475037,Movies,44,context_bilinear_absolute,False,59,0.3933686912059784,0.15200862288475037
13,visual,0.47758570313453674,0.21896852552890778,Movies,44,context_bilinear_absolute,False,59,0.47758570313453674,0.21896852552890778
14,text,0.40805843472480774,0.15982124209403992,Movies,44,context_bilinear_absolute,False,59,0.40805843472480774,0.15982124209403992
14,visual,0.49882590770721436,0.2329094558954239,Movies,44,context_bilinear_absolute,False,59,0.49882590770721436,0.2329094558954239
15,text,0.42224517464637756,0.1687677651643753,Movies,44,context_bilinear_absolute,False,59,0.42224517464637756,0.1687677651643753
15,visual,0.5195090174674988,0.24736283719539642,Movies,44,context_bilinear_absolute,False,59,0.5195090174674988,0.24736283719539642
16,text,0.4354677200317383,0.17807084321975708,Movies,44,context_bilinear_absolute,False,59,0.4354677200317383,0.17807084321975708
16,visual,0.5399523377418518,0.262106329202652,Movies,44,context_bilinear_absolute,False,59,0.5399523377418518,0.262106329202652
17,text,0.4477684795856476,0.18839842081069946,Movies,44,context_bilinear_absolute,False,59,0.4477684795856476,0.18839842081069946
17,visual,0.5603068470954895,0.27689144015312195,Movies,44,context_bilinear_absolute,False,59,0.5603068470954895,0.27689144015312195
18,text,0.4597594439983368,0.1991019994020462,Movies,44,context_bilinear_absolute,False,59,0.4597594439983368,0.1991019994020462
18,visual,0.5803064107894897,0.29201996326446533,Movies,44,context_bilinear_absolute,False,59,0.5803064107894897,0.29201996326446533
19,text,0.47121167182922363,0.2090805619955063,Movies,44,context_bilinear_absolute,False,59,0.47121167182922363,0.2090805619955063
19,visual,0.5998939871788025,0.3067460358142853,Movies,44,context_bilinear_absolute,False,59,0.5998939871788025,0.3067460358142853
20,text,0.48281651735305786,0.2195921242237091,Movies,44,context_bilinear_absolute,False,59,0.48281651735305786,0.2195921242237091
20,visual,0.6197759509086609,0.3220278024673462,Movies,44,context_bilinear_absolute,False,59,0.6197759509086609,0.3220278024673462
21,text,0.4938286244869232,0.229103222489357,Movies,44,context_bilinear_absolute,False,59,0.4938286244869232,0.229103222489357
21,visual,0.6391872763633728,0.33757156133651733,Movies,44,context_bilinear_absolute,False,59,0.6391872763633728,0.33757156133651733
22,text,0.50484299659729,0.23776958882808685,Movies,44,context_bilinear_absolute,False,59,0.50484299659729,0.23776958882808685
22,visual,0.6587958335876465,0.35438072681427,Movies,44,context_bilinear_absolute,False,59,0.6587958335876465,0.35438072681427
23,text,0.5157005190849304,0.24602805078029633,Movies,44,context_bilinear_absolute,False,59,0.5157005190849304,0.24602805078029633
23,visual,0.6794015169143677,0.37295055389404297,Movies,44,context_bilinear_absolute,False,59,0.6794015169143677,0.37295055389404297
24,text,0.5263203382492065,0.253738135099411,Movies,44,context_bilinear_absolute,False,59,0.5263203382492065,0.253738135099411
24,visual,0.6996220350265503,0.3917844593524933,Movies,44,context_bilinear_absolute,False,59,0.6996220350265503,0.3917844593524933
25,text,0.537369430065155,0.26215308904647827,Movies,44,context_bilinear_absolute,False,59,0.537369430065155,0.26215308904647827
25,visual,0.7206149101257324,0.4117523729801178,Movies,44,context_bilinear_absolute,False,59,0.7206149101257324,0.4117523729801178
26,text,0.5482682585716248,0.2703644037246704,Movies,44,context_bilinear_absolute,False,59,0.5482682585716248,0.2703644037246704
26,visual,0.7418914437294006,0.43209612369537354,Movies,44,context_bilinear_absolute,False,59,0.7418914437294006,0.43209612369537354
27,text,0.5595023036003113,0.2792113423347473,Movies,44,context_bilinear_absolute,False,59,0.5595023036003113,0.2792113423347473
27,visual,0.7642440795898438,0.45279186964035034,Movies,44,context_bilinear_absolute,False,59,0.7642440795898438,0.45279186964035034
28,text,0.5713024735450745,0.2884531021118164,Movies,44,context_bilinear_absolute,False,59,0.5713024735450745,0.2884531021118164
28,visual,0.7877439856529236,0.47527533769607544,Movies,44,context_bilinear_absolute,False,59,0.7877439856529236,0.47527533769607544
29,text,0.5833824276924133,0.29711011052131653,Movies,44,context_bilinear_absolute,False,59,0.5833824276924133,0.29711011052131653
29,visual,0.8095052242279053,0.4973049759864807,Movies,44,context_bilinear_absolute,False,59,0.8095052242279053,0.4973049759864807
30,text,0.59562748670578,0.3064314126968384,Movies,44,context_bilinear_absolute,False,59,0.59562748670578,0.3064314126968384
30,visual,0.8341571688652039,0.5193446278572083,Movies,44,context_bilinear_absolute,False,59,0.8341571688652039,0.5193446278572083
31,text,0.6081763505935669,0.3165464699268341,Movies,44,context_bilinear_absolute,False,59,0.6081763505935669,0.3165464699268341
31,visual,0.8617262244224548,0.5410740375518799,Movies,44,context_bilinear_absolute,False,59,0.8617262244224548,0.5410740375518799
32,text,0.6197540760040283,0.3249020576477051,Movies,44,context_bilinear_absolute,False,59,0.6197540760040283,0.3249020576477051
32,visual,0.8848080039024353,0.5604701638221741,Movies,44,context_bilinear_absolute,False,59,0.8848080039024353,0.5604701638221741
33,text,0.6312811374664307,0.3338196277618408,Movies,44,context_bilinear_absolute,False,59,0.6312811374664307,0.3338196277618408
33,visual,0.9039555191993713,0.5780174732208252,Movies,44,context_bilinear_absolute,False,59,0.9039555191993713,0.5780174732208252
34,text,0.6412809491157532,0.3411315679550171,Movies,44,context_bilinear_absolute,False,59,0.6412809491157532,0.3411315679550171
34,visual,0.924796462059021,0.5946313142776489,Movies,44,context_bilinear_absolute,False,59,0.924796462059021,0.5946313142776489
35,text,0.6498756408691406,0.3473832309246063,Movies,44,context_bilinear_absolute,False,59,0.6498756408691406,0.3473832309246063
35,visual,0.9479326605796814,0.6112499237060547,Movies,44,context_bilinear_absolute,False,59,0.9479326605796814,0.6112499237060547
36,text,0.6592835187911987,0.3541598618030548,Movies,44,context_bilinear_absolute,False,59,0.6592835187911987,0.3541598618030548
36,visual,0.9642916321754456,0.6253782510757446,Movies,44,context_bilinear_absolute,False,59,0.9642916321754456,0.6253782510757446
37,text,0.6690648794174194,0.3615359663963318,Movies,44,context_bilinear_absolute,False,59,0.6690648794174194,0.3615359663963318
37,visual,0.9759284257888794,0.6375107765197754,Movies,44,context_bilinear_absolute,False,59,0.9759284257888794,0.6375107765197754
38,text,0.6791603565216064,0.3704666197299957,Movies,44,context_bilinear_absolute,False,59,0.6791603565216064,0.3704666197299957
38,visual,0.9892088174819946,0.6502716541290283,Movies,44,context_bilinear_absolute,False,59,0.9892088174819946,0.6502716541290283
39,text,0.689142107963562,0.38019758462905884,Movies,44,context_bilinear_absolute,False,59,0.689142107963562,0.38019758462905884
39,visual,1.0033215284347534,0.6630622744560242,Movies,44,context_bilinear_absolute,False,59,1.0033215284347534,0.6630622744560242
40,text,0.6995692253112793,0.3894425332546234,Movies,44,context_bilinear_absolute,False,59,0.6995692253112793,0.3894425332546234
40,visual,1.0161240100860596,0.6758763790130615,Movies,44,context_bilinear_absolute,False,59,1.0161240100860596,0.6758763790130615
41,text,0.7103372812271118,0.3984311819076538,Movies,44,context_bilinear_absolute,False,59,0.7103372812271118,0.3984311819076538
41,visual,1.0297740697860718,0.6883086562156677,Movies,44,context_bilinear_absolute,False,59,1.0297740697860718,0.6883086562156677
42,text,0.720320999622345,0.4083632528781891,Movies,44,context_bilinear_absolute,False,59,0.720320999622345,0.4083632528781891
42,visual,1.042231798171997,0.7011765837669373,Movies,44,context_bilinear_absolute,False,59,1.042231798171997,0.7011765837669373
43,text,0.7305563688278198,0.4199879467487335,Movies,44,context_bilinear_absolute,False,59,0.7305563688278198,0.4199879467487335
43,visual,1.0538287162780762,0.7156091332435608,Movies,44,context_bilinear_absolute,False,59,1.0538287162780762,0.7156091332435608
44,text,0.741670548915863,0.43148523569107056,Movies,44,context_bilinear_absolute,False,59,0.741670548915863,0.43148523569107056
44,visual,1.0664782524108887,0.7292947769165039,Movies,44,context_bilinear_absolute,False,59,1.0664782524108887,0.7292947769165039
45,text,0.7532685399055481,0.4412587285041809,Movies,44,context_bilinear_absolute,False,59,0.7532685399055481,0.4412587285041809
45,visual,1.0786559581756592,0.7419539093971252,Movies,44,context_bilinear_absolute,False,59,1.0786559581756592,0.7419539093971252
46,text,0.7648914456367493,0.4509305953979492,Movies,44,context_bilinear_absolute,False,59,0.7648914456367493,0.4509305953979492
46,visual,1.0926746129989624,0.7568143606185913,Movies,44,context_bilinear_absolute,False,59,1.0926746129989624,0.7568143606185913
47,text,0.7762467265129089,0.46294987201690674,Movies,44,context_bilinear_absolute,False,59,0.7762467265129089,0.46294987201690674
47,visual,1.1072536706924438,0.7741857171058655,Movies,44,context_bilinear_absolute,False,59,1.1072536706924438,0.7741857171058655
48,text,0.7882224321365356,0.4764133095741272,Movies,44,context_bilinear_absolute,False,59,0.7882224321365356,0.4764133095741272
48,visual,1.1217236518859863,0.7907745242118835,Movies,44,context_bilinear_absolute,False,59,1.1217236518859863,0.7907745242118835
49,text,0.800446093082428,0.490090936422348,Movies,44,context_bilinear_absolute,False,59,0.800446093082428,0.490090936422348
49,visual,1.1381819248199463,0.8088671565055847,Movies,44,context_bilinear_absolute,False,59,1.1381819248199463,0.8088671565055847
50,text,0.812593936920166,0.5034586787223816,Movies,44,context_bilinear_absolute,False,59,0.812593936920166,0.5034586787223816
50,visual,1.1532766819000244,0.8277503848075867,Movies,44,context_bilinear_absolute,False,59,1.1532766819000244,0.8277503848075867
51,text,0.8258464336395264,0.5181238651275635,Movies,44,context_bilinear_absolute,False,59,0.8258464336395264,0.5181238651275635
51,visual,1.1694213151931763,0.8487266898155212,Movies,44,context_bilinear_absolute,False,59,1.1694213151931763,0.8487266898155212
52,text,0.8402240872383118,0.5357525944709778,Movies,44,context_bilinear_absolute,False,59,0.8402240872383118,0.5357525944709778
52,visual,1.1847726106643677,0.8696059584617615,Movies,44,context_bilinear_absolute,False,59,1.1847726106643677,0.8696059584617615
53,text,0.853836178779602,0.5522493720054626,Movies,44,context_bilinear_absolute,False,59,0.853836178779602,0.5522493720054626
53,visual,1.1995657682418823,0.8922973275184631,Movies,44,context_bilinear_absolute,False,59,1.1995657682418823,0.8922973275184631
54,text,0.8674191832542419,0.5685002207756042,Movies,44,context_bilinear_absolute,False,59,0.8674191832542419,0.5685002207756042
54,visual,1.2119923830032349,0.9146960377693176,Movies,44,context_bilinear_absolute,False,59,1.2119923830032349,0.9146960377693176
55,text,0.8823190927505493,0.5869406461715698,Movies,44,context_bilinear_absolute,False,59,0.8823190927505493,0.5869406461715698
55,visual,1.2272905111312866,0.9383572340011597,Movies,44,context_bilinear_absolute,False,59,1.2272905111312866,0.9383572340011597
56,text,0.8980903029441833,0.606314480304718,Movies,44,context_bilinear_absolute,False,59,0.8980903029441833,0.606314480304718
56,visual,1.2393383979797363,0.9616006016731262,Movies,44,context_bilinear_absolute,False,59,1.2393383979797363,0.9616006016731262
57,text,0.9131948947906494,0.626362144947052,Movies,44,context_bilinear_absolute,False,59,0.9131948947906494,0.626362144947052
57,visual,1.2528170347213745,0.9867354035377502,Movies,44,context_bilinear_absolute,False,59,1.2528170347213745,0.9867354035377502
58,text,0.9264013767242432,0.6457998156547546,Movies,44,context_bilinear_absolute,False,59,0.9264013767242432,0.6457998156547546
58,visual,1.2650575637817383,1.0137335062026978,Movies,44,context_bilinear_absolute,False,59,1.2650575637817383,1.0137335062026978
59,text,0.937812328338623,0.6642635464668274,Movies,44,context_bilinear_absolute,True,59,0.937812328338623,0.6642635464668274
59,visual,1.2762413024902344,1.0397075414657593,Movies,44,context_bilinear_absolute,True,59,1.2762413024902344,1.0397075414657593
60,text,0.951178252696991,0.6848612427711487,Movies,44,context_bilinear_absolute,False,59,0.951178252696991,0.6848612427711487
60,visual,1.290096402168274,1.0665732622146606,Movies,44,context_bilinear_absolute,False,59,1.290096402168274,1.0665732622146606
61,text,0.9638462662696838,0.7066057920455933,Movies,44,context_bilinear_absolute,False,59,0.9638462662696838,0.7066057920455933
61,visual,1.302240014076233,1.092924952507019,Movies,44,context_bilinear_absolute,False,59,1.302240014076233,1.092924952507019
62,text,0.9756857752799988,0.728645384311676,Movies,44,context_bilinear_absolute,False,59,0.9756857752799988,0.728645384311676
62,visual,1.3153481483459473,1.1187714338302612,Movies,44,context_bilinear_absolute,False,59,1.3153481483459473,1.1187714338302612
63,text,0.9846559166908264,0.7503098249435425,Movies,44,context_bilinear_absolute,False,59,0.9846559166908264,0.7503098249435425
63,visual,1.3260656595230103,1.1449466943740845,Movies,44,context_bilinear_absolute,False,59,1.3260656595230103,1.1449466943740845
64,text,0.993648111820221,0.7723508477210999,Movies,44,context_bilinear_absolute,False,59,0.993648111820221,0.7723508477210999
64,visual,1.3347859382629395,1.1686471700668335,Movies,44,context_bilinear_absolute,False,59,1.3347859382629395,1.1686471700668335
65,text,1.0049551725387573,0.7946303486824036,Movies,44,context_bilinear_absolute,False,59,1.0049551725387573,0.7946303486824036
65,visual,1.3456404209136963,1.1914942264556885,Movies,44,context_bilinear_absolute,False,59,1.3456404209136963,1.1914942264556885
66,text,1.0168242454528809,0.8180350661277771,Movies,44,context_bilinear_absolute,False,59,1.0168242454528809,0.8180350661277771
66,visual,1.358078122138977,1.2146880626678467,Movies,44,context_bilinear_absolute,False,59,1.358078122138977,1.2146880626678467
67,text,1.0287799835205078,0.8425934314727783,Movies,44,context_bilinear_absolute,False,59,1.0287799835205078,0.8425934314727783
67,visual,1.3702114820480347,1.2382643222808838,Movies,44,context_bilinear_absolute,False,59,1.3702114820480347,1.2382643222808838
68,text,1.0416429042816162,0.8690999150276184,Movies,44,context_bilinear_absolute,False,59,1.0416429042816162,0.8690999150276184
68,visual,1.3830595016479492,1.264665961265564,Movies,44,context_bilinear_absolute,False,59,1.3830595016479492,1.264665961265564
69,text,1.0534223318099976,0.8943947553634644,Movies,44,context_bilinear_absolute,False,59,1.0534223318099976,0.8943947553634644
69,visual,1.3948146104812622,1.2886697053909302,Movies,44,context_bilinear_absolute,False,59,1.3948146104812622,1.2886697053909302
70,text,1.0636893510818481,0.920231819152832,Movies,44,context_bilinear_absolute,False,59,1.0636893510818481,0.920231819152832
70,visual,1.40671968460083,1.3107812404632568,Movies,44,context_bilinear_absolute,False,59,1.40671968460083,1.3107812404632568
71,text,1.0760504007339478,0.9466564655303955,Movies,44,context_bilinear_absolute,False,59,1.0760504007339478,0.9466564655303955
71,visual,1.417072057723999,1.331494688987732,Movies,44,context_bilinear_absolute,False,59,1.417072057723999,1.331494688987732
72,text,1.0876579284667969,0.9736263751983643,Movies,44,context_bilinear_absolute,False,59,1.0876579284667969,0.9736263751983643
72,visual,1.429561972618103,1.3538248538970947,Movies,44,context_bilinear_absolute,False,59,1.429561972618103,1.3538248538970947
73,text,1.097296953201294,1.0029693841934204,Movies,44,context_bilinear_absolute,False,59,1.097296953201294,1.0029693841934204
73,visual,1.442054033279419,1.3785045146942139,Movies,44,context_bilinear_absolute,False,59,1.442054033279419,1.3785045146942139
74,text,1.1089574098587036,1.0352003574371338,Movies,44,context_bilinear_absolute,False,59,1.1089574098587036,1.0352003574371338
74,visual,1.456286907196045,1.4046204090118408,Movies,44,context_bilinear_absolute,False,59,1.456286907196045,1.4046204090118408
75,text,1.1203505992889404,1.0646926164627075,Movies,44,context_bilinear_absolute,False,59,1.1203505992889404,1.0646926164627075
75,visual,1.4704679250717163,1.4288874864578247,Movies,44,context_bilinear_absolute,False,59,1.4704679250717163,1.4288874864578247
76,text,1.1327834129333496,1.0927335023880005,Movies,44,context_bilinear_absolute,False,59,1.1327834129333496,1.0927335023880005
76,visual,1.4854487180709839,1.4508860111236572,Movies,44,context_bilinear_absolute,False,59,1.4854487180709839,1.4508860111236572
77,text,1.1444505453109741,1.1200432777404785,Movies,44,context_bilinear_absolute,False,59,1.1444505453109741,1.1200432777404785
77,visual,1.49753737449646,1.471693992614746,Movies,44,context_bilinear_absolute,False,59,1.49753737449646,1.471693992614746
78,text,1.156944751739502,1.1467028856277466,Movies,44,context_bilinear_absolute,False,59,1.156944751739502,1.1467028856277466
78,visual,1.507939100265503,1.4947326183319092,Movies,44,context_bilinear_absolute,False,59,1.507939100265503,1.4947326183319092
79,text,1.1690049171447754,1.1731531620025635,Movies,44,context_bilinear_absolute,False,59,1.1690049171447754,1.1731531620025635
79,visual,1.5187667608261108,1.518324375152588,Movies,44,context_bilinear_absolute,False,59,1.5187667608261108,1.518324375152588
80,text,1.1807777881622314,1.2018665075302124,Movies,44,context_bilinear_absolute,False,59,1.1807777881622314,1.2018665075302124
80,visual,1.5308988094329834,1.5418312549591064,Movies,44,context_bilinear_absolute,False,59,1.5308988094329834,1.5418312549591064
81,text,1.1910918951034546,1.2294906377792358,Movies,44,context_bilinear_absolute,False,59,1.1910918951034546,1.2294906377792358
81,visual,1.540453553199768,1.5630038976669312,Movies,44,context_bilinear_absolute,False,59,1.540453553199768,1.5630038976669312
82,text,1.2009161710739136,1.2556403875350952,Movies,44,context_bilinear_absolute,False,59,1.2009161710739136,1.2556403875350952
82,visual,1.5492991209030151,1.583350419998169,Movies,44,context_bilinear_absolute,False,59,1.5492991209030151,1.583350419998169
83,text,1.2122820615768433,1.2800381183624268,Movies,44,context_bilinear_absolute,False,59,1.2122820615768433,1.2800381183624268
83,visual,1.5589804649353027,1.604116678237915,Movies,44,context_bilinear_absolute,False,59,1.5589804649353027,1.604116678237915
84,text,1.2208672761917114,1.3046255111694336,Movies,44,context_bilinear_absolute,False,59,1.2208672761917114,1.3046255111694336
84,visual,1.5681442022323608,1.6246310472488403,Movies,44,context_bilinear_absolute,False,59,1.5681442022323608,1.6246310472488403
85,text,1.2281125783920288,1.3295161724090576,Movies,44,context_bilinear_absolute,False,59,1.2281125783920288,1.3295161724090576
85,visual,1.5774644613265991,1.647012710571289,Movies,44,context_bilinear_absolute,False,59,1.5774644613265991,1.647012710571289
86,text,1.2358570098876953,1.3502181768417358,Movies,44,context_bilinear_absolute,False,59,1.2358570098876953,1.3502181768417358
86,visual,1.5850492715835571,1.669994592666626,Movies,44,context_bilinear_absolute,False,59,1.5850492715835571,1.669994592666626
87,text,1.2448657751083374,1.366982340812683,Movies,44,context_bilinear_absolute,False,59,1.2448657751083374,1.366982340812683
87,visual,1.5943942070007324,1.6943376064300537,Movies,44,context_bilinear_absolute,False,59,1.5943942070007324,1.6943376064300537
88,text,1.2568575143814087,1.3862061500549316,Movies,44,context_bilinear_absolute,False,59,1.2568575143814087,1.3862061500549316
88,visual,1.6049386262893677,1.7191067934036255,Movies,44,context_bilinear_absolute,False,59,1.6049386262893677,1.7191067934036255
89,text,1.2680091857910156,1.4107691049575806,Movies,44,context_bilinear_absolute,False,59,1.2680091857910156,1.4107691049575806
89,visual,1.6151673793792725,1.7411108016967773,Movies,44,context_bilinear_absolute,False,59,1.6151673793792725,1.7411108016967773
1,text,0.08974597603082657,0.0,Movies,44,context_bilinear_delta,False,56,0.08974597603082657,0.0
1,visual,0.08992735296487808,0.0,Movies,44,context_bilinear_delta,False,56,0.08992735296487808,0.0
2,text,0.13457854092121124,0.022137677296996117,Movies,44,context_bilinear_delta,False,56,0.13457854092121124,0.022137677296996117
2,visual,0.13733015954494476,0.017742186784744263,Movies,44,context_bilinear_delta,False,56,0.13733015954494476,0.017742186784744263
3,text,0.16828802227973938,0.040370598435401917,Movies,44,context_bilinear_delta,False,56,0.16828802227973938,0.040370598435401917
3,visual,0.1759973168373108,0.03337831050157547,Movies,44,context_bilinear_delta,False,56,0.1759973168373108,0.03337831050157547
4,text,0.20055966079235077,0.06000721454620361,Movies,44,context_bilinear_delta,False,56,0.20055966079235077,0.06000721454620361
4,visual,0.212154820561409,0.049992892891168594,Movies,44,context_bilinear_delta,False,56,0.212154820561409,0.049992892891168594
5,text,0.22609208524227142,0.07140534371137619,Movies,44,context_bilinear_delta,False,56,0.22609208524227142,0.07140534371137619
5,visual,0.24603182077407837,0.06580958515405655,Movies,44,context_bilinear_delta,False,56,0.24603182077407837,0.06580958515405655
6,text,0.2504217326641083,0.08185511827468872,Movies,44,context_bilinear_delta,False,56,0.2504217326641083,0.08185511827468872
6,visual,0.2820141911506653,0.08417847007513046,Movies,44,context_bilinear_delta,False,56,0.2820141911506653,0.08417847007513046
7,text,0.27530863881111145,0.08970959484577179,Movies,44,context_bilinear_delta,False,56,0.27530863881111145,0.08970959484577179
7,visual,0.3179160952568054,0.10387137532234192,Movies,44,context_bilinear_delta,False,56,0.3179160952568054,0.10387137532234192
8,text,0.29906123876571655,0.09683258086442947,Movies,44,context_bilinear_delta,False,56,0.29906123876571655,0.09683258086442947
8,visual,0.351726770401001,0.12397503852844238,Movies,44,context_bilinear_delta,False,56,0.351726770401001,0.12397503852844238
9,text,0.320315420627594,0.10310115665197372,Movies,44,context_bilinear_delta,False,56,0.320315420627594,0.10310115665197372
9,visual,0.3808792531490326,0.1415969580411911,Movies,44,context_bilinear_delta,False,56,0.3808792531490326,0.1415969580411911
10,text,0.33937525749206543,0.10910937935113907,Movies,44,context_bilinear_delta,False,56,0.33937525749206543,0.10910937935113907
10,visual,0.40672406554222107,0.1574213057756424,Movies,44,context_bilinear_delta,False,56,0.40672406554222107,0.1574213057756424
11,text,0.35791295766830444,0.11536701768636703,Movies,44,context_bilinear_delta,False,56,0.35791295766830444,0.11536701768636703
11,visual,0.430702805519104,0.17144905030727386,Movies,44,context_bilinear_delta,False,56,0.430702805519104,0.17144905030727386
12,text,0.37649714946746826,0.12264278531074524,Movies,44,context_bilinear_delta,False,56,0.37649714946746826,0.12264278531074524
12,visual,0.4541468024253845,0.185082346200943,Movies,44,context_bilinear_delta,False,56,0.4541468024253845,0.185082346200943
13,text,0.39346158504486084,0.12853294610977173,Movies,44,context_bilinear_delta,False,56,0.39346158504486084,0.12853294610977173
13,visual,0.47751447558403015,0.19819144904613495,Movies,44,context_bilinear_delta,False,56,0.47751447558403015,0.19819144904613495
14,text,0.4081570506095886,0.13437199592590332,Movies,44,context_bilinear_delta,False,56,0.4081570506095886,0.13437199592590332
14,visual,0.49872422218322754,0.21021892130374908,Movies,44,context_bilinear_delta,False,56,0.49872422218322754,0.21021892130374908
15,text,0.4223444163799286,0.14101728796958923,Movies,44,context_bilinear_delta,False,56,0.4223444163799286,0.14101728796958923
15,visual,0.5193707942962646,0.22242073714733124,Movies,44,context_bilinear_delta,False,56,0.5193707942962646,0.22242073714733124
16,text,0.435567170381546,0.1477249711751938,Movies,44,context_bilinear_delta,False,56,0.435567170381546,0.1477249711751938
16,visual,0.5397758483886719,0.23489077389240265,Movies,44,context_bilinear_delta,False,56,0.5397758483886719,0.23489077389240265
17,text,0.44786959886550903,0.15552128851413727,Movies,44,context_bilinear_delta,False,56,0.44786959886550903,0.15552128851413727
17,visual,0.5600695013999939,0.24758219718933105,Movies,44,context_bilinear_delta,False,56,0.5600695013999939,0.24758219718933105
18,text,0.4598599970340729,0.16369569301605225,Movies,44,context_bilinear_delta,False,56,0.4598599970340729,0.16369569301605225
18,visual,0.579996645450592,0.26054462790489197,Movies,44,context_bilinear_delta,False,56,0.579996645450592,0.26054462790489197
19,text,0.4713112711906433,0.17123518884181976,Movies,44,context_bilinear_delta,False,56,0.4713112711906433,0.17123518884181976
19,visual,0.5995146632194519,0.2726847529411316,Movies,44,context_bilinear_delta,False,56,0.5995146632194519,0.2726847529411316
20,text,0.4829149842262268,0.179609015583992,Movies,44,context_bilinear_delta,False,56,0.4829149842262268,0.179609015583992
20,visual,0.6193162202835083,0.2848913073539734,Movies,44,context_bilinear_delta,False,56,0.6193162202835083,0.2848913073539734
21,text,0.4939291477203369,0.18759295344352722,Movies,44,context_bilinear_delta,False,56,0.4939291477203369,0.18759295344352722
21,visual,0.6386306285858154,0.29659634828567505,Movies,44,context_bilinear_delta,False,56,0.6386306285858154,0.29659634828567505
22,text,0.5049485564231873,0.19524835050106049,Movies,44,context_bilinear_delta,False,56,0.5049485564231873,0.19524835050106049
22,visual,0.6581156253814697,0.30948343873023987,Movies,44,context_bilinear_delta,False,56,0.6581156253814697,0.30948343873023987
23,text,0.5158157348632812,0.20212610065937042,Movies,44,context_bilinear_delta,False,56,0.5158157348632812,0.20212610065937042
23,visual,0.6785711050033569,0.3252215087413788,Movies,44,context_bilinear_delta,False,56,0.6785711050033569,0.3252215087413788
24,text,0.5264445543289185,0.20888665318489075,Movies,44,context_bilinear_delta,False,56,0.5264445543289185,0.20888665318489075
24,visual,0.698628842830658,0.34003135561943054,Movies,44,context_bilinear_delta,False,56,0.698628842830658,0.34003135561943054
25,text,0.5375024676322937,0.21591918170452118,Movies,44,context_bilinear_delta,False,56,0.5375024676322937,0.21591918170452118
25,visual,0.7194483280181885,0.3560183048248291,Movies,44,context_bilinear_delta,False,56,0.7194483280181885,0.3560183048248291
26,text,0.5484110116958618,0.22242063283920288,Movies,44,context_bilinear_delta,False,56,0.5484110116958618,0.22242063283920288
26,visual,0.7405490875244141,0.37259289622306824,Movies,44,context_bilinear_delta,False,56,0.7405490875244141,0.37259289622306824
27,text,0.5596562027931213,0.22923994064331055,Movies,44,context_bilinear_delta,False,56,0.5596562027931213,0.22923994064331055
27,visual,0.7627270221710205,0.3908785581588745,Movies,44,context_bilinear_delta,False,56,0.7627270221710205,0.3908785581588745
28,text,0.5714793801307678,0.2366028130054474,Movies,44,context_bilinear_delta,False,56,0.5714793801307678,0.2366028130054474
28,visual,0.7860652804374695,0.41168075799942017,Movies,44,context_bilinear_delta,False,56,0.7860652804374695,0.41168075799942017
29,text,0.5835551023483276,0.24349422752857208,Movies,44,context_bilinear_delta,False,56,0.5835551023483276,0.24349422752857208
29,visual,0.807644248008728,0.43146494030952454,Movies,44,context_bilinear_delta,False,56,0.807644248008728,0.43146494030952454
30,text,0.5958406329154968,0.2507971525192261,Movies,44,context_bilinear_delta,False,56,0.5958406329154968,0.2507971525192261
30,visual,0.8321306109428406,0.4535137414932251,Movies,44,context_bilinear_delta,False,56,0.8321306109428406,0.4535137414932251
31,text,0.6084305644035339,0.2588845491409302,Movies,44,context_bilinear_delta,False,56,0.6084305644035339,0.2588845491409302
31,visual,0.8594627976417542,0.47695499658584595,Movies,44,context_bilinear_delta,False,56,0.8594627976417542,0.47695499658584595
32,text,0.6200348734855652,0.26536825299263,Movies,44,context_bilinear_delta,False,56,0.6200348734855652,0.26536825299263
32,visual,0.8824023008346558,0.4955361783504486,Movies,44,context_bilinear_delta,False,56,0.8824023008346558,0.4955361783504486
33,text,0.6316248774528503,0.27207115292549133,Movies,44,context_bilinear_delta,False,56,0.6316248774528503,0.27207115292549133
33,visual,0.9017084240913391,0.5112804770469666,Movies,44,context_bilinear_delta,False,56,0.9017084240913391,0.5112804770469666
34,text,0.6417850255966187,0.27756088972091675,Movies,44,context_bilinear_delta,False,56,0.6417850255966187,0.27756088972091675
34,visual,0.922454833984375,0.5280655026435852,Movies,44,context_bilinear_delta,False,56,0.922454833984375,0.5280655026435852
35,text,0.6505221724510193,0.2825915813446045,Movies,44,context_bilinear_delta,False,56,0.6505221724510193,0.2825915813446045
35,visual,0.9454575777053833,0.5467065572738647,Movies,44,context_bilinear_delta,False,56,0.9454575777053833,0.5467065572738647
36,text,0.6600976586341858,0.28832289576530457,Movies,44,context_bilinear_delta,False,56,0.6600976586341858,0.28832289576530457
36,visual,0.9615892171859741,0.5540391206741333,Movies,44,context_bilinear_delta,False,56,0.9615892171859741,0.5540391206741333
37,text,0.6699640154838562,0.2943277359008789,Movies,44,context_bilinear_delta,False,56,0.6699640154838562,0.2943277359008789
37,visual,0.9727643728256226,0.5571548938751221,Movies,44,context_bilinear_delta,False,56,0.9727643728256226,0.5571548938751221
38,text,0.6801179051399231,0.30183887481689453,Movies,44,context_bilinear_delta,False,56,0.6801179051399231,0.30183887481689453
38,visual,0.9828473925590515,0.5598342418670654,Movies,44,context_bilinear_delta,False,56,0.9828473925590515,0.5598342418670654
39,text,0.6899853944778442,0.30989736318588257,Movies,44,context_bilinear_delta,False,56,0.6899853944778442,0.30989736318588257
39,visual,0.9946926236152649,0.5636805891990662,Movies,44,context_bilinear_delta,False,56,0.9946926236152649,0.5636805891990662
40,text,0.7001418471336365,0.3186585307121277,Movies,44,context_bilinear_delta,False,56,0.7001418471336365,0.3186585307121277
40,visual,1.0070189237594604,0.5682811141014099,Movies,44,context_bilinear_delta,False,56,1.0070189237594604,0.5682811141014099
41,text,0.7095187902450562,0.3239198625087738,Movies,44,context_bilinear_delta,False,56,0.7095187902450562,0.3239198625087738
41,visual,1.0176433324813843,0.5706807971000671,Movies,44,context_bilinear_delta,False,56,1.0176433324813843,0.5706807971000671
42,text,0.7191588282585144,0.32892122864723206,Movies,44,context_bilinear_delta,False,56,0.7191588282585144,0.32892122864723206
42,visual,1.027047038078308,0.5712578892707825,Movies,44,context_bilinear_delta,False,56,1.027047038078308,0.5712578892707825
43,text,0.7276089191436768,0.33529749512672424,Movies,44,context_bilinear_delta,False,56,0.7276089191436768,0.33529749512672424
43,visual,1.0371553897857666,0.5730968713760376,Movies,44,context_bilinear_delta,False,56,1.0371553897857666,0.5730968713760376
44,text,0.7355313301086426,0.34267738461494446,Movies,44,context_bilinear_delta,False,56,0.7355313301086426,0.34267738461494446
44,visual,1.0476014614105225,0.5769661664962769,Movies,44,context_bilinear_delta,False,56,1.0476014614105225,0.5769661664962769
45,text,0.7451186776161194,0.3511796295642853,Movies,44,context_bilinear_delta,False,56,0.7451186776161194,0.3511796295642853
45,visual,1.0588990449905396,0.5813179612159729,Movies,44,context_bilinear_delta,False,56,1.0588990449905396,0.5813179612159729
46,text,0.7557415962219238,0.3598409593105316,Movies,44,context_bilinear_delta,False,56,0.7557415962219238,0.3598409593105316
46,visual,1.0711649656295776,0.5858785510063171,Movies,44,context_bilinear_delta,False,56,1.0711649656295776,0.5858785510063171
47,text,0.7661425471305847,0.36710307002067566,Movies,44,context_bilinear_delta,False,56,0.7661425471305847,0.36710307002067566
47,visual,1.0855387449264526,0.5925635695457458,Movies,44,context_bilinear_delta,False,56,1.0855387449264526,0.5925635695457458
48,text,0.7764929533004761,0.37529802322387695,Movies,44,context_bilinear_delta,False,56,0.7764929533004761,0.37529802322387695
48,visual,1.0994423627853394,0.600068211555481,Movies,44,context_bilinear_delta,False,56,1.0994423627853394,0.600068211555481
49,text,0.7879101037979126,0.38501814007759094,Movies,44,context_bilinear_delta,False,56,0.7879101037979126,0.38501814007759094
49,visual,1.1147993803024292,0.6088348031044006,Movies,44,context_bilinear_delta,False,56,1.1147993803024292,0.6088348031044006
50,text,0.7991166710853577,0.39351996779441833,Movies,44,context_bilinear_delta,False,56,0.7991166710853577,0.39351996779441833
50,visual,1.1296805143356323,0.6178796291351318,Movies,44,context_bilinear_delta,False,56,1.1296805143356323,0.6178796291351318
51,text,0.8113173246383667,0.40132078528404236,Movies,44,context_bilinear_delta,False,56,0.8113173246383667,0.40132078528404236
51,visual,1.1444435119628906,0.6269934773445129,Movies,44,context_bilinear_delta,False,56,1.1444435119628906,0.6269934773445129
52,text,0.8252025842666626,0.4132102131843567,Movies,44,context_bilinear_delta,False,56,0.8252025842666626,0.4132102131843567
52,visual,1.1585801839828491,0.6349426507949829,Movies,44,context_bilinear_delta,False,56,1.1585801839828491,0.6349426507949829
53,text,0.8393847346305847,0.4248240888118744,Movies,44,context_bilinear_delta,False,56,0.8393847346305847,0.4248240888118744
53,visual,1.1741149425506592,0.6435377597808838,Movies,44,context_bilinear_delta,False,56,1.1741149425506592,0.6435377597808838
54,text,0.8536131978034973,0.4361146092414856,Movies,44,context_bilinear_delta,False,56,0.8536131978034973,0.4361146092414856
54,visual,1.1889139413833618,0.6530570983886719,Movies,44,context_bilinear_delta,False,56,1.1889139413833618,0.6530570983886719
55,text,0.8678635358810425,0.4473349452018738,Movies,44,context_bilinear_delta,False,56,0.8678635358810425,0.4473349452018738
55,visual,1.2052942514419556,0.6660488247871399,Movies,44,context_bilinear_delta,False,56,1.2052942514419556,0.6660488247871399
56,text,0.8827193975448608,0.45794084668159485,Movies,44,context_bilinear_delta,True,56,0.8827193975448608,0.45794084668159485
56,visual,1.2191290855407715,0.6759396195411682,Movies,44,context_bilinear_delta,True,56,1.2191290855407715,0.6759396195411682
57,text,0.8989508152008057,0.47092297673225403,Movies,44,context_bilinear_delta,False,56,0.8989508152008057,0.47092297673225403
57,visual,1.2356692552566528,0.6879850029945374,Movies,44,context_bilinear_delta,False,56,1.2356692552566528,0.6879850029945374
58,text,0.913142204284668,0.480709046125412,Movies,44,context_bilinear_delta,False,56,0.913142204284668,0.480709046125412
58,visual,1.2494105100631714,0.6984167695045471,Movies,44,context_bilinear_delta,False,56,1.2494105100631714,0.6984167695045471
59,text,0.929482102394104,0.4936860203742981,Movies,44,context_bilinear_delta,False,56,0.929482102394104,0.4936860203742981
59,visual,1.2656010389328003,0.711333692073822,Movies,44,context_bilinear_delta,False,56,1.2656010389328003,0.711333692073822
60,text,0.9451647400856018,0.5037115216255188,Movies,44,context_bilinear_delta,False,56,0.9451647400856018,0.5037115216255188
60,visual,1.2772102355957031,0.7190711498260498,Movies,44,context_bilinear_delta,False,56,1.2772102355957031,0.7190711498260498
61,text,0.9607990384101868,0.5130101442337036,Movies,44,context_bilinear_delta,False,56,0.9607990384101868,0.5130101442337036
61,visual,1.2900598049163818,0.725364089012146,Movies,44,context_bilinear_delta,False,56,1.2900598049163818,0.725364089012146
62,text,0.9734809398651123,0.5186261534690857,Movies,44,context_bilinear_delta,False,56,0.9734809398651123,0.5186261534690857
62,visual,1.301594853401184,0.7323266267776489,Movies,44,context_bilinear_delta,False,56,1.301594853401184,0.7323266267776489
63,text,0.9855130910873413,0.5227628350257874,Movies,44,context_bilinear_delta,False,56,0.9855130910873413,0.5227628350257874
63,visual,1.3127790689468384,0.7400946617126465,Movies,44,context_bilinear_delta,False,56,1.3127790689468384,0.7400946617126465
64,text,0.998264491558075,0.5271408557891846,Movies,44,context_bilinear_delta,False,56,0.998264491558075,0.5271408557891846
64,visual,1.3246530294418335,0.749005913734436,Movies,44,context_bilinear_delta,False,56,1.3246530294418335,0.749005913734436
65,text,1.0126487016677856,0.5354486107826233,Movies,44,context_bilinear_delta,False,56,1.0126487016677856,0.5354486107826233
65,visual,1.3383604288101196,0.7590059041976929,Movies,44,context_bilinear_delta,False,56,1.3383604288101196,0.7590059041976929
66,text,1.02540922164917,0.5418880581855774,Movies,44,context_bilinear_delta,False,56,1.02540922164917,0.5418880581855774
66,visual,1.3499367237091064,0.7682095766067505,Movies,44,context_bilinear_delta,False,56,1.3499367237091064,0.7682095766067505
67,text,1.0364625453948975,0.5493460297584534,Movies,44,context_bilinear_delta,False,56,1.0364625453948975,0.5493460297584534
67,visual,1.362781286239624,0.7795366048812866,Movies,44,context_bilinear_delta,False,56,1.362781286239624,0.7795366048812866
68,text,1.0484822988510132,0.5587237477302551,Movies,44,context_bilinear_delta,False,56,1.0484822988510132,0.5587237477302551
68,visual,1.3772600889205933,0.7920316457748413,Movies,44,context_bilinear_delta,False,56,1.3772600889205933,0.7920316457748413
69,text,1.0627555847167969,0.5686115622520447,Movies,44,context_bilinear_delta,False,56,1.0627555847167969,0.5686115622520447
69,visual,1.3895424604415894,0.8020418882369995,Movies,44,context_bilinear_delta,False,56,1.3895424604415894,0.8020418882369995
70,text,1.0763461589813232,0.5776274800300598,Movies,44,context_bilinear_delta,False,56,1.0763461589813232,0.5776274800300598
70,visual,1.4012620449066162,0.8120266199111938,Movies,44,context_bilinear_delta,False,56,1.4012620449066162,0.8120266199111938
71,text,1.0897107124328613,0.5868713855743408,Movies,44,context_bilinear_delta,False,56,1.0897107124328613,0.5868713855743408
71,visual,1.4139213562011719,0.8220924139022827,Movies,44,context_bilinear_delta,False,56,1.4139213562011719,0.8220924139022827
72,text,1.1028366088867188,0.5958756804466248,Movies,44,context_bilinear_delta,False,56,1.1028366088867188,0.5958756804466248
72,visual,1.4255609512329102,0.8321784138679504,Movies,44,context_bilinear_delta,False,56,1.4255609512329102,0.8321784138679504
73,text,1.1162573099136353,0.6061592102050781,Movies,44,context_bilinear_delta,False,56,1.1162573099136353,0.6061592102050781
73,visual,1.4371005296707153,0.8426671624183655,Movies,44,context_bilinear_delta,False,56,1.4371005296707153,0.8426671624183655
74,text,1.128095030784607,0.614929735660553,Movies,44,context_bilinear_delta,False,56,1.128095030784607,0.614929735660553
74,visual,1.4505398273468018,0.8543611168861389,Movies,44,context_bilinear_delta,False,56,1.4505398273468018,0.8543611168861389
75,text,1.1365288496017456,0.6198212504386902,Movies,44,context_bilinear_delta,False,56,1.1365288496017456,0.6198212504386902
75,visual,1.4641727209091187,0.8661592602729797,Movies,44,context_bilinear_delta,False,56,1.4641727209091187,0.8661592602729797
76,text,1.1447786092758179,0.6255967617034912,Movies,44,context_bilinear_delta,False,56,1.1447786092758179,0.6255967617034912
76,visual,1.4746088981628418,0.8739396333694458,Movies,44,context_bilinear_delta,False,56,1.4746088981628418,0.8739396333694458
77,text,1.1550692319869995,0.6340177655220032,Movies,44,context_bilinear_delta,False,56,1.1550692319869995,0.6340177655220032
77,visual,1.4852828979492188,0.8814518451690674,Movies,44,context_bilinear_delta,False,56,1.4852828979492188,0.8814518451690674
78,text,1.1668410301208496,0.6431535482406616,Movies,44,context_bilinear_delta,False,56,1.1668410301208496,0.6431535482406616
78,visual,1.497504472732544,0.8907772898674011,Movies,44,context_bilinear_delta,False,56,1.497504472732544,0.8907772898674011
79,text,1.176876425743103,0.6520606875419617,Movies,44,context_bilinear_delta,False,56,1.176876425743103,0.6520606875419617
79,visual,1.5074303150177002,0.8984456062316895,Movies,44,context_bilinear_delta,False,56,1.5074303150177002,0.8984456062316895
80,text,1.186623454093933,0.6623297929763794,Movies,44,context_bilinear_delta,False,56,1.186623454093933,0.6623297929763794
80,visual,1.5171897411346436,0.905403196811676,Movies,44,context_bilinear_delta,False,56,1.5171897411346436,0.905403196811676
81,text,1.1972488164901733,0.671204149723053,Movies,44,context_bilinear_delta,False,56,1.1972488164901733,0.671204149723053
81,visual,1.5286651849746704,0.9138737320899963,Movies,44,context_bilinear_delta,False,56,1.5286651849746704,0.9138737320899963
82,text,1.2090704441070557,0.6788656711578369,Movies,44,context_bilinear_delta,False,56,1.2090704441070557,0.6788656711578369
82,visual,1.540902853012085,0.9224835634231567,Movies,44,context_bilinear_delta,False,56,1.540902853012085,0.9224835634231567
83,text,1.2190297842025757,0.6869512796401978,Movies,44,context_bilinear_delta,False,56,1.2190297842025757,0.6869512796401978
83,visual,1.550562858581543,0.9292487502098083,Movies,44,context_bilinear_delta,False,56,1.550562858581543,0.9292487502098083
84,text,1.225845456123352,0.6950365304946899,Movies,44,context_bilinear_delta,False,56,1.225845456123352,0.6950365304946899
84,visual,1.5577954053878784,0.9347737431526184,Movies,44,context_bilinear_delta,False,56,1.5577954053878784,0.9347737431526184
85,text,1.2333840131759644,0.7028681039810181,Movies,44,context_bilinear_delta,False,56,1.2333840131759644,0.7028681039810181
85,visual,1.5656485557556152,0.9402822256088257,Movies,44,context_bilinear_delta,False,56,1.5656485557556152,0.9402822256088257
86,text,1.242233157157898,0.7095837593078613,Movies,44,context_bilinear_delta,False,56,1.242233157157898,0.7095837593078613
86,visual,1.5743858814239502,0.9463672637939453,Movies,44,context_bilinear_delta,False,56,1.5743858814239502,0.9463672637939453
1,text,0.08969870954751968,0.0,Grocery,42,context_static,False,110,0.08969870954751968,0.0
1,visual,0.0899578407406807,0.0,Grocery,42,context_static,False,110,0.0899578407406807,0.0
2,text,0.1358528733253479,0.0,Grocery,42,context_static,False,110,0.1358528733253479,0.0
2,visual,0.13874508440494537,0.0,Grocery,42,context_static,False,110,0.13874508440494537,0.0
3,text,0.17130467295646667,0.0,Grocery,42,context_static,False,110,0.17130467295646667,0.0
3,visual,0.17742784321308136,0.0,Grocery,42,context_static,False,110,0.17742784321308136,0.0
4,text,0.20433640480041504,0.0,Grocery,42,context_static,False,110,0.20433640480041504,0.0
4,visual,0.21404340863227844,0.0,Grocery,42,context_static,False,110,0.21404340863227844,0.0
5,text,0.23718462884426117,0.0,Grocery,42,context_static,False,110,0.23718462884426117,0.0
5,visual,0.2511979639530182,0.0,Grocery,42,context_static,False,110,0.2511979639530182,0.0
6,text,0.2680695652961731,0.0,Grocery,42,context_static,False,110,0.2680695652961731,0.0
6,visual,0.288738489151001,0.0,Grocery,42,context_static,False,110,0.288738489151001,0.0
7,text,0.2956039011478424,0.0,Grocery,42,context_static,False,110,0.2956039011478424,0.0
7,visual,0.3248315155506134,0.0,Grocery,42,context_static,False,110,0.3248315155506134,0.0
8,text,0.32261452078819275,0.0,Grocery,42,context_static,False,110,0.32261452078819275,0.0
8,visual,0.36023351550102234,0.0,Grocery,42,context_static,False,110,0.36023351550102234,0.0
9,text,0.34825214743614197,0.0,Grocery,42,context_static,False,110,0.34825214743614197,0.0
9,visual,0.3956056833267212,0.0,Grocery,42,context_static,False,110,0.3956056833267212,0.0
10,text,0.3741479218006134,0.0,Grocery,42,context_static,False,110,0.3741479218006134,0.0
10,visual,0.4314797818660736,0.0,Grocery,42,context_static,False,110,0.4314797818660736,0.0
11,text,0.4010463058948517,0.0,Grocery,42,context_static,False,110,0.4010463058948517,0.0
11,visual,0.4672732949256897,0.0,Grocery,42,context_static,False,110,0.4672732949256897,0.0
12,text,0.4270702004432678,0.0,Grocery,42,context_static,False,110,0.4270702004432678,0.0
12,visual,0.5034977793693542,0.0,Grocery,42,context_static,False,110,0.5034977793693542,0.0
13,text,0.45284587144851685,0.0,Grocery,42,context_static,False,110,0.45284587144851685,0.0
13,visual,0.539352536201477,0.0,Grocery,42,context_static,False,110,0.539352536201477,0.0
14,text,0.4779264032840729,0.0,Grocery,42,context_static,False,110,0.4779264032840729,0.0
14,visual,0.5749338865280151,0.0,Grocery,42,context_static,False,110,0.5749338865280151,0.0
15,text,0.5041924118995667,0.0,Grocery,42,context_static,False,110,0.5041924118995667,0.0
15,visual,0.6095659136772156,0.0,Grocery,42,context_static,False,110,0.6095659136772156,0.0
16,text,0.5299703478813171,0.0,Grocery,42,context_static,False,110,0.5299703478813171,0.0
16,visual,0.6433964967727661,0.0,Grocery,42,context_static,False,110,0.6433964967727661,0.0
17,text,0.5566918849945068,0.0,Grocery,42,context_static,False,110,0.5566918849945068,0.0
17,visual,0.675676167011261,0.0,Grocery,42,context_static,False,110,0.675676167011261,0.0
18,text,0.5808853507041931,0.0,Grocery,42,context_static,False,110,0.5808853507041931,0.0
18,visual,0.7079945802688599,0.0,Grocery,42,context_static,False,110,0.7079945802688599,0.0
19,text,0.606419026851654,0.0,Grocery,42,context_static,False,110,0.606419026851654,0.0
19,visual,0.7391034960746765,0.0,Grocery,42,context_static,False,110,0.7391034960746765,0.0
20,text,0.6317991614341736,0.0,Grocery,42,context_static,False,110,0.6317991614341736,0.0
20,visual,0.7700362801551819,0.0,Grocery,42,context_static,False,110,0.7700362801551819,0.0
21,text,0.6568482518196106,0.0,Grocery,42,context_static,False,110,0.6568482518196106,0.0
21,visual,0.8010249137878418,0.0,Grocery,42,context_static,False,110,0.8010249137878418,0.0
22,text,0.6823148131370544,0.0,Grocery,42,context_static,False,110,0.6823148131370544,0.0
22,visual,0.8315432071685791,0.0,Grocery,42,context_static,False,110,0.8315432071685791,0.0
23,text,0.7075830698013306,0.0,Grocery,42,context_static,False,110,0.7075830698013306,0.0
23,visual,0.8627352118492126,0.0,Grocery,42,context_static,False,110,0.8627352118492126,0.0
24,text,0.7326913475990295,0.0,Grocery,42,context_static,False,110,0.7326913475990295,0.0
24,visual,0.8938395380973816,0.0,Grocery,42,context_static,False,110,0.8938395380973816,0.0
25,text,0.7579633593559265,0.0,Grocery,42,context_static,False,110,0.7579633593559265,0.0
25,visual,0.9259815216064453,0.0,Grocery,42,context_static,False,110,0.9259815216064453,0.0
26,text,0.7836042046546936,0.0,Grocery,42,context_static,False,110,0.7836042046546936,0.0
26,visual,0.9598989486694336,0.0,Grocery,42,context_static,False,110,0.9598989486694336,0.0
27,text,0.8095844984054565,0.0,Grocery,42,context_static,False,110,0.8095844984054565,0.0
27,visual,0.9953635334968567,0.0,Grocery,42,context_static,False,110,0.9953635334968567,0.0
28,text,0.8358152508735657,0.0,Grocery,42,context_static,False,110,0.8358152508735657,0.0
28,visual,1.0315027236938477,0.0,Grocery,42,context_static,False,110,1.0315027236938477,0.0
29,text,0.8622825741767883,0.0,Grocery,42,context_static,False,110,0.8622825741767883,0.0
29,visual,1.066938042640686,0.0,Grocery,42,context_static,False,110,1.066938042640686,0.0
30,text,0.8862963914871216,0.0,Grocery,42,context_static,False,110,0.8862963914871216,0.0
30,visual,1.1017858982086182,0.0,Grocery,42,context_static,False,110,1.1017858982086182,0.0
31,text,0.9103460907936096,0.0,Grocery,42,context_static,False,110,0.9103460907936096,0.0
31,visual,1.1378453969955444,0.0,Grocery,42,context_static,False,110,1.1378453969955444,0.0
32,text,0.9341568946838379,0.0,Grocery,42,context_static,False,110,0.9341568946838379,0.0
32,visual,1.170994758605957,0.0,Grocery,42,context_static,False,110,1.170994758605957,0.0
33,text,0.958274245262146,0.0,Grocery,42,context_static,False,110,0.958274245262146,0.0
33,visual,1.202750563621521,0.0,Grocery,42,context_static,False,110,1.202750563621521,0.0
34,text,0.9805914163589478,0.0,Grocery,42,context_static,False,110,0.9805914163589478,0.0
34,visual,1.2315434217453003,0.0,Grocery,42,context_static,False,110,1.2315434217453003,0.0
35,text,1.001839280128479,0.0,Grocery,42,context_static,False,110,1.001839280128479,0.0
35,visual,1.2585076093673706,0.0,Grocery,42,context_static,False,110,1.2585076093673706,0.0
36,text,1.022925615310669,0.0,Grocery,42,context_static,False,110,1.022925615310669,0.0
36,visual,1.2845947742462158,0.0,Grocery,42,context_static,False,110,1.2845947742462158,0.0
37,text,1.0423811674118042,0.0,Grocery,42,context_static,False,110,1.0423811674118042,0.0
37,visual,1.309598445892334,0.0,Grocery,42,context_static,False,110,1.309598445892334,0.0
38,text,1.0615870952606201,0.0,Grocery,42,context_static,False,110,1.0615870952606201,0.0
38,visual,1.3341646194458008,0.0,Grocery,42,context_static,False,110,1.3341646194458008,0.0
39,text,1.0803258419036865,0.0,Grocery,42,context_static,False,110,1.0803258419036865,0.0
39,visual,1.3566279411315918,0.0,Grocery,42,context_static,False,110,1.3566279411315918,0.0
40,text,1.0987753868103027,0.0,Grocery,42,context_static,False,110,1.0987753868103027,0.0
40,visual,1.3773032426834106,0.0,Grocery,42,context_static,False,110,1.3773032426834106,0.0
41,text,1.1160848140716553,0.0,Grocery,42,context_static,False,110,1.1160848140716553,0.0
41,visual,1.3962465524673462,0.0,Grocery,42,context_static,False,110,1.3962465524673462,0.0
42,text,1.1322755813598633,0.0,Grocery,42,context_static,False,110,1.1322755813598633,0.0
42,visual,1.4144840240478516,0.0,Grocery,42,context_static,False,110,1.4144840240478516,0.0
43,text,1.1488124132156372,0.0,Grocery,42,context_static,False,110,1.1488124132156372,0.0
43,visual,1.4320368766784668,0.0,Grocery,42,context_static,False,110,1.4320368766784668,0.0
44,text,1.1668654680252075,0.0,Grocery,42,context_static,False,110,1.1668654680252075,0.0
44,visual,1.4496806859970093,0.0,Grocery,42,context_static,False,110,1.4496806859970093,0.0
45,text,1.184362530708313,0.0,Grocery,42,context_static,False,110,1.184362530708313,0.0
45,visual,1.4666143655776978,0.0,Grocery,42,context_static,False,110,1.4666143655776978,0.0
46,text,1.2009605169296265,0.0,Grocery,42,context_static,False,110,1.2009605169296265,0.0
46,visual,1.4850388765335083,0.0,Grocery,42,context_static,False,110,1.4850388765335083,0.0
47,text,1.2187223434448242,0.0,Grocery,42,context_static,False,110,1.2187223434448242,0.0
47,visual,1.5040043592453003,0.0,Grocery,42,context_static,False,110,1.5040043592453003,0.0
48,text,1.237642765045166,0.0,Grocery,42,context_static,False,110,1.237642765045166,0.0
48,visual,1.5242502689361572,0.0,Grocery,42,context_static,False,110,1.5242502689361572,0.0
49,text,1.2553300857543945,0.0,Grocery,42,context_static,False,110,1.2553300857543945,0.0
49,visual,1.545790672302246,0.0,Grocery,42,context_static,False,110,1.545790672302246,0.0
50,text,1.2736103534698486,0.0,Grocery,42,context_static,False,110,1.2736103534698486,0.0
50,visual,1.566307544708252,0.0,Grocery,42,context_static,False,110,1.566307544708252,0.0
51,text,1.292909026145935,0.0,Grocery,42,context_static,False,110,1.292909026145935,0.0
51,visual,1.586249589920044,0.0,Grocery,42,context_static,False,110,1.586249589920044,0.0
52,text,1.3133797645568848,0.0,Grocery,42,context_static,False,110,1.3133797645568848,0.0
52,visual,1.6071456670761108,0.0,Grocery,42,context_static,False,110,1.6071456670761108,0.0
53,text,1.3335278034210205,0.0,Grocery,42,context_static,False,110,1.3335278034210205,0.0
53,visual,1.6284370422363281,0.0,Grocery,42,context_static,False,110,1.6284370422363281,0.0
54,text,1.355271577835083,0.0,Grocery,42,context_static,False,110,1.355271577835083,0.0
54,visual,1.65212082862854,0.0,Grocery,42,context_static,False,110,1.65212082862854,0.0
55,text,1.3775659799575806,0.0,Grocery,42,context_static,False,110,1.3775659799575806,0.0
55,visual,1.674258828163147,0.0,Grocery,42,context_static,False,110,1.674258828163147,0.0
56,text,1.4006882905960083,0.0,Grocery,42,context_static,False,110,1.4006882905960083,0.0
56,visual,1.6947665214538574,0.0,Grocery,42,context_static,False,110,1.6947665214538574,0.0
57,text,1.4241572618484497,0.0,Grocery,42,context_static,False,110,1.4241572618484497,0.0
57,visual,1.7153987884521484,0.0,Grocery,42,context_static,False,110,1.7153987884521484,0.0
58,text,1.4460678100585938,0.0,Grocery,42,context_static,False,110,1.4460678100585938,0.0
58,visual,1.7356303930282593,0.0,Grocery,42,context_static,False,110,1.7356303930282593,0.0
59,text,1.467401385307312,0.0,Grocery,42,context_static,False,110,1.467401385307312,0.0
59,visual,1.7563261985778809,0.0,Grocery,42,context_static,False,110,1.7563261985778809,0.0
60,text,1.4884541034698486,0.0,Grocery,42,context_static,False,110,1.4884541034698486,0.0
60,visual,1.7737494707107544,0.0,Grocery,42,context_static,False,110,1.7737494707107544,0.0
61,text,1.508724331855774,0.0,Grocery,42,context_static,False,110,1.508724331855774,0.0
61,visual,1.7904269695281982,0.0,Grocery,42,context_static,False,110,1.7904269695281982,0.0
62,text,1.528854489326477,0.0,Grocery,42,context_static,False,110,1.528854489326477,0.0
62,visual,1.8074800968170166,0.0,Grocery,42,context_static,False,110,1.8074800968170166,0.0
63,text,1.5469850301742554,0.0,Grocery,42,context_static,False,110,1.5469850301742554,0.0
63,visual,1.82163667678833,0.0,Grocery,42,context_static,False,110,1.82163667678833,0.0
64,text,1.563886046409607,0.0,Grocery,42,context_static,False,110,1.563886046409607,0.0
64,visual,1.8347975015640259,0.0,Grocery,42,context_static,False,110,1.8347975015640259,0.0
65,text,1.580412745475769,0.0,Grocery,42,context_static,False,110,1.580412745475769,0.0
65,visual,1.8486645221710205,0.0,Grocery,42,context_static,False,110,1.8486645221710205,0.0
66,text,1.5964605808258057,0.0,Grocery,42,context_static,False,110,1.5964605808258057,0.0
66,visual,1.8618452548980713,0.0,Grocery,42,context_static,False,110,1.8618452548980713,0.0
67,text,1.613205075263977,0.0,Grocery,42,context_static,False,110,1.613205075263977,0.0
67,visual,1.8745836019515991,0.0,Grocery,42,context_static,False,110,1.8745836019515991,0.0
68,text,1.6306567192077637,0.0,Grocery,42,context_static,False,110,1.6306567192077637,0.0
68,visual,1.886350154876709,0.0,Grocery,42,context_static,False,110,1.886350154876709,0.0
69,text,1.646378755569458,0.0,Grocery,42,context_static,False,110,1.646378755569458,0.0
69,visual,1.9001723527908325,0.0,Grocery,42,context_static,False,110,1.9001723527908325,0.0
70,text,1.6627620458602905,0.0,Grocery,42,context_static,False,110,1.6627620458602905,0.0
70,visual,1.9152454137802124,0.0,Grocery,42,context_static,False,110,1.9152454137802124,0.0
71,text,1.6798450946807861,0.0,Grocery,42,context_static,False,110,1.6798450946807861,0.0
71,visual,1.93099844455719,0.0,Grocery,42,context_static,False,110,1.93099844455719,0.0
72,text,1.697239637374878,0.0,Grocery,42,context_static,False,110,1.697239637374878,0.0
72,visual,1.9479557275772095,0.0,Grocery,42,context_static,False,110,1.9479557275772095,0.0
73,text,1.713779091835022,0.0,Grocery,42,context_static,False,110,1.713779091835022,0.0
73,visual,1.9637075662612915,0.0,Grocery,42,context_static,False,110,1.9637075662612915,0.0
74,text,1.7315294742584229,0.0,Grocery,42,context_static,False,110,1.7315294742584229,0.0
74,visual,1.9783746004104614,0.0,Grocery,42,context_static,False,110,1.9783746004104614,0.0
75,text,1.748796820640564,0.0,Grocery,42,context_static,False,110,1.748796820640564,0.0
75,visual,1.9925869703292847,0.0,Grocery,42,context_static,False,110,1.9925869703292847,0.0
76,text,1.765316367149353,0.0,Grocery,42,context_static,False,110,1.765316367149353,0.0
76,visual,2.0067620277404785,0.0,Grocery,42,context_static,False,110,2.0067620277404785,0.0
77,text,1.7804688215255737,0.0,Grocery,42,context_static,False,110,1.7804688215255737,0.0
77,visual,2.02056622505188,0.0,Grocery,42,context_static,False,110,2.02056622505188,0.0
78,text,1.7948966026306152,0.0,Grocery,42,context_static,False,110,1.7948966026306152,0.0
78,visual,2.0339560508728027,0.0,Grocery,42,context_static,False,110,2.0339560508728027,0.0
79,text,1.8101080656051636,0.0,Grocery,42,context_static,False,110,1.8101080656051636,0.0
79,visual,2.0466814041137695,0.0,Grocery,42,context_static,False,110,2.0466814041137695,0.0
80,text,1.8254010677337646,0.0,Grocery,42,context_static,False,110,1.8254010677337646,0.0
80,visual,2.0583064556121826,0.0,Grocery,42,context_static,False,110,2.0583064556121826,0.0
81,text,1.8386629819869995,0.0,Grocery,42,context_static,False,110,1.8386629819869995,0.0
81,visual,2.0692458152770996,0.0,Grocery,42,context_static,False,110,2.0692458152770996,0.0
82,text,1.8519567251205444,0.0,Grocery,42,context_static,False,110,1.8519567251205444,0.0
82,visual,2.0795300006866455,0.0,Grocery,42,context_static,False,110,2.0795300006866455,0.0
83,text,1.8666880130767822,0.0,Grocery,42,context_static,False,110,1.8666880130767822,0.0
83,visual,2.0911505222320557,0.0,Grocery,42,context_static,False,110,2.0911505222320557,0.0
84,text,1.8819326162338257,0.0,Grocery,42,context_static,False,110,1.8819326162338257,0.0
84,visual,2.103816032409668,0.0,Grocery,42,context_static,False,110,2.103816032409668,0.0
85,text,1.895598292350769,0.0,Grocery,42,context_static,False,110,1.895598292350769,0.0
85,visual,2.1172707080841064,0.0,Grocery,42,context_static,False,110,2.1172707080841064,0.0
86,text,1.9107184410095215,0.0,Grocery,42,context_static,False,110,1.9107184410095215,0.0
86,visual,2.130009412765503,0.0,Grocery,42,context_static,False,110,2.130009412765503,0.0
87,text,1.9270583391189575,0.0,Grocery,42,context_static,False,110,1.9270583391189575,0.0
87,visual,2.1423890590667725,0.0,Grocery,42,context_static,False,110,2.1423890590667725,0.0
88,text,1.9417667388916016,0.0,Grocery,42,context_static,False,110,1.9417667388916016,0.0
88,visual,2.1540541648864746,0.0,Grocery,42,context_static,False,110,2.1540541648864746,0.0
89,text,1.9545700550079346,0.0,Grocery,42,context_static,False,110,1.9545700550079346,0.0
89,visual,2.168095827102661,0.0,Grocery,42,context_static,False,110,2.168095827102661,0.0
90,text,1.9666163921356201,0.0,Grocery,42,context_static,False,110,1.9666163921356201,0.0
90,visual,2.1798791885375977,0.0,Grocery,42,context_static,False,110,2.1798791885375977,0.0
91,text,1.979110836982727,0.0,Grocery,42,context_static,False,110,1.979110836982727,0.0
91,visual,2.190598487854004,0.0,Grocery,42,context_static,False,110,2.190598487854004,0.0
92,text,1.9909281730651855,0.0,Grocery,42,context_static,False,110,1.9909281730651855,0.0
92,visual,2.2016375064849854,0.0,Grocery,42,context_static,False,110,2.2016375064849854,0.0
93,text,2.0020666122436523,0.0,Grocery,42,context_static,False,110,2.0020666122436523,0.0
93,visual,2.210158586502075,0.0,Grocery,42,context_static,False,110,2.210158586502075,0.0
94,text,2.014723062515259,0.0,Grocery,42,context_static,False,110,2.014723062515259,0.0
94,visual,2.2188806533813477,0.0,Grocery,42,context_static,False,110,2.2188806533813477,0.0
95,text,2.0300285816192627,0.0,Grocery,42,context_static,False,110,2.0300285816192627,0.0
95,visual,2.228890895843506,0.0,Grocery,42,context_static,False,110,2.228890895843506,0.0
96,text,2.043104648590088,0.0,Grocery,42,context_static,False,110,2.043104648590088,0.0
96,visual,2.2383453845977783,0.0,Grocery,42,context_static,False,110,2.2383453845977783,0.0
97,text,2.0547313690185547,0.0,Grocery,42,context_static,False,110,2.0547313690185547,0.0
97,visual,2.2478857040405273,0.0,Grocery,42,context_static,False,110,2.2478857040405273,0.0
98,text,2.0662992000579834,0.0,Grocery,42,context_static,False,110,2.0662992000579834,0.0
98,visual,2.2581586837768555,0.0,Grocery,42,context_static,False,110,2.2581586837768555,0.0
99,text,2.079277515411377,0.0,Grocery,42,context_static,False,110,2.079277515411377,0.0
99,visual,2.268848419189453,0.0,Grocery,42,context_static,False,110,2.268848419189453,0.0
100,text,2.0909245014190674,0.0,Grocery,42,context_static,False,110,2.0909245014190674,0.0
100,visual,2.277207851409912,0.0,Grocery,42,context_static,False,110,2.277207851409912,0.0
101,text,2.099534749984741,0.0,Grocery,42,context_static,False,110,2.099534749984741,0.0
101,visual,2.285510301589966,0.0,Grocery,42,context_static,False,110,2.285510301589966,0.0
102,text,2.107584238052368,0.0,Grocery,42,context_static,False,110,2.107584238052368,0.0
102,visual,2.294851541519165,0.0,Grocery,42,context_static,False,110,2.294851541519165,0.0
103,text,2.1166751384735107,0.0,Grocery,42,context_static,False,110,2.1166751384735107,0.0
103,visual,2.3047523498535156,0.0,Grocery,42,context_static,False,110,2.3047523498535156,0.0
104,text,2.126262664794922,0.0,Grocery,42,context_static,False,110,2.126262664794922,0.0
104,visual,2.314201831817627,0.0,Grocery,42,context_static,False,110,2.314201831817627,0.0
105,text,2.136098623275757,0.0,Grocery,42,context_static,False,110,2.136098623275757,0.0
105,visual,2.325282335281372,0.0,Grocery,42,context_static,False,110,2.325282335281372,0.0
106,text,2.1459786891937256,0.0,Grocery,42,context_static,False,110,2.1459786891937256,0.0
106,visual,2.3340492248535156,0.0,Grocery,42,context_static,False,110,2.3340492248535156,0.0
107,text,2.156033515930176,0.0,Grocery,42,context_static,False,110,2.156033515930176,0.0
107,visual,2.3410239219665527,0.0,Grocery,42,context_static,False,110,2.3410239219665527,0.0
108,text,2.1654787063598633,0.0,Grocery,42,context_static,False,110,2.1654787063598633,0.0
108,visual,2.348031759262085,0.0,Grocery,42,context_static,False,110,2.348031759262085,0.0
109,text,2.174328327178955,0.0,Grocery,42,context_static,False,110,2.174328327178955,0.0
109,visual,2.3543686866760254,0.0,Grocery,42,context_static,False,110,2.3543686866760254,0.0
110,text,2.183828830718994,0.0,Grocery,42,context_static,True,110,2.183828830718994,0.0
110,visual,2.3614375591278076,0.0,Grocery,42,context_static,True,110,2.3614375591278076,0.0
111,text,2.1942861080169678,0.0,Grocery,42,context_static,False,110,2.1942861080169678,0.0
111,visual,2.3704309463500977,0.0,Grocery,42,context_static,False,110,2.3704309463500977,0.0
112,text,2.2038581371307373,0.0,Grocery,42,context_static,False,110,2.2038581371307373,0.0
112,visual,2.3796181678771973,0.0,Grocery,42,context_static,False,110,2.3796181678771973,0.0
113,text,2.2119405269622803,0.0,Grocery,42,context_static,False,110,2.2119405269622803,0.0
113,visual,2.3894622325897217,0.0,Grocery,42,context_static,False,110,2.3894622325897217,0.0
114,text,2.2213430404663086,0.0,Grocery,42,context_static,False,110,2.2213430404663086,0.0
114,visual,2.398056745529175,0.0,Grocery,42,context_static,False,110,2.398056745529175,0.0
115,text,2.231816530227661,0.0,Grocery,42,context_static,False,110,2.231816530227661,0.0
115,visual,2.407011032104492,0.0,Grocery,42,context_static,False,110,2.407011032104492,0.0
116,text,2.242023468017578,0.0,Grocery,42,context_static,False,110,2.242023468017578,0.0
116,visual,2.416727304458618,0.0,Grocery,42,context_static,False,110,2.416727304458618,0.0
117,text,2.2522048950195312,0.0,Grocery,42,context_static,False,110,2.2522048950195312,0.0
117,visual,2.4251439571380615,0.0,Grocery,42,context_static,False,110,2.4251439571380615,0.0
118,text,2.263052225112915,0.0,Grocery,42,context_static,False,110,2.263052225112915,0.0
118,visual,2.433851480484009,0.0,Grocery,42,context_static,False,110,2.433851480484009,0.0
119,text,2.2735791206359863,0.0,Grocery,42,context_static,False,110,2.2735791206359863,0.0
119,visual,2.442369222640991,0.0,Grocery,42,context_static,False,110,2.442369222640991,0.0
120,text,2.2835276126861572,0.0,Grocery,42,context_static,False,110,2.2835276126861572,0.0
120,visual,2.4510273933410645,0.0,Grocery,42,context_static,False,110,2.4510273933410645,0.0
121,text,2.295062303543091,0.0,Grocery,42,context_static,False,110,2.295062303543091,0.0
121,visual,2.4594123363494873,0.0,Grocery,42,context_static,False,110,2.4594123363494873,0.0
122,text,2.3062074184417725,0.0,Grocery,42,context_static,False,110,2.3062074184417725,0.0
122,visual,2.466992139816284,0.0,Grocery,42,context_static,False,110,2.466992139816284,0.0
123,text,2.317227840423584,0.0,Grocery,42,context_static,False,110,2.317227840423584,0.0
123,visual,2.475541830062866,0.0,Grocery,42,context_static,False,110,2.475541830062866,0.0
124,text,2.32716965675354,0.0,Grocery,42,context_static,False,110,2.32716965675354,0.0
124,visual,2.4816532135009766,0.0,Grocery,42,context_static,False,110,2.4816532135009766,0.0
125,text,2.337146043777466,0.0,Grocery,42,context_static,False,110,2.337146043777466,0.0
125,visual,2.4888601303100586,0.0,Grocery,42,context_static,False,110,2.4888601303100586,0.0
126,text,2.3467228412628174,0.0,Grocery,42,context_static,False,110,2.3467228412628174,0.0
126,visual,2.496774196624756,0.0,Grocery,42,context_static,False,110,2.496774196624756,0.0
127,text,2.3561816215515137,0.0,Grocery,42,context_static,False,110,2.3561816215515137,0.0
127,visual,2.504880905151367,0.0,Grocery,42,context_static,False,110,2.504880905151367,0.0
128,text,2.3660221099853516,0.0,Grocery,42,context_static,False,110,2.3660221099853516,0.0
128,visual,2.513533115386963,0.0,Grocery,42,context_static,False,110,2.513533115386963,0.0
129,text,2.3736095428466797,0.0,Grocery,42,context_static,False,110,2.3736095428466797,0.0
129,visual,2.5220232009887695,0.0,Grocery,42,context_static,False,110,2.5220232009887695,0.0
130,text,2.380195379257202,0.0,Grocery,42,context_static,False,110,2.380195379257202,0.0
130,visual,2.5283010005950928,0.0,Grocery,42,context_static,False,110,2.5283010005950928,0.0
131,text,2.387500286102295,0.0,Grocery,42,context_static,False,110,2.387500286102295,0.0
131,visual,2.535007953643799,0.0,Grocery,42,context_static,False,110,2.535007953643799,0.0
132,text,2.3939125537872314,0.0,Grocery,42,context_static,False,110,2.3939125537872314,0.0
132,visual,2.5412817001342773,0.0,Grocery,42,context_static,False,110,2.5412817001342773,0.0
133,text,2.3996479511260986,0.0,Grocery,42,context_static,False,110,2.3996479511260986,0.0
133,visual,2.5470011234283447,0.0,Grocery,42,context_static,False,110,2.5470011234283447,0.0
134,text,2.4063632488250732,0.0,Grocery,42,context_static,False,110,2.4063632488250732,0.0
134,visual,2.5525777339935303,0.0,Grocery,42,context_static,False,110,2.5525777339935303,0.0
135,text,2.4116411209106445,0.0,Grocery,42,context_static,False,110,2.4116411209106445,0.0
135,visual,2.559429407119751,0.0,Grocery,42,context_static,False,110,2.559429407119751,0.0
136,text,2.4177606105804443,0.0,Grocery,42,context_static,False,110,2.4177606105804443,0.0
136,visual,2.567692756652832,0.0,Grocery,42,context_static,False,110,2.567692756652832,0.0
137,text,2.422288179397583,0.0,Grocery,42,context_static,False,110,2.422288179397583,0.0
137,visual,2.5744049549102783,0.0,Grocery,42,context_static,False,110,2.5744049549102783,0.0
138,text,2.4263155460357666,0.0,Grocery,42,context_static,False,110,2.4263155460357666,0.0
138,visual,2.580364227294922,0.0,Grocery,42,context_static,False,110,2.580364227294922,0.0
139,text,2.4296963214874268,0.0,Grocery,42,context_static,False,110,2.4296963214874268,0.0
139,visual,2.58601975440979,0.0,Grocery,42,context_static,False,110,2.58601975440979,0.0
140,text,2.4337053298950195,0.0,Grocery,42,context_static,False,110,2.4337053298950195,0.0
140,visual,2.5913589000701904,0.0,Grocery,42,context_static,False,110,2.5913589000701904,0.0
1,text,0.08964794874191284,0.0,Grocery,42,context_attn_dynamic,False,116,0.08964794874191284,0.0
1,visual,0.08993613719940186,0.0,Grocery,42,context_attn_dynamic,False,116,0.08993613719940186,0.0
2,text,0.1359156221151352,0.0,Grocery,42,context_attn_dynamic,False,116,0.1359156221151352,0.0
2,visual,0.13889144361019135,0.0,Grocery,42,context_attn_dynamic,False,116,0.13889144361019135,0.0
3,text,0.1723155379295349,0.0,Grocery,42,context_attn_dynamic,False,116,0.1723155379295349,0.0
3,visual,0.17664319276809692,0.0,Grocery,42,context_attn_dynamic,False,116,0.17664319276809692,0.0
4,text,0.20606988668441772,0.0,Grocery,42,context_attn_dynamic,False,116,0.20606988668441772,0.0
4,visual,0.21160033345222473,0.0,Grocery,42,context_attn_dynamic,False,116,0.21160033345222473,0.0
5,text,0.24023319780826569,0.0,Grocery,42,context_attn_dynamic,False,116,0.24023319780826569,0.0
5,visual,0.2477584034204483,0.0,Grocery,42,context_attn_dynamic,False,116,0.2477584034204483,0.0
6,text,0.272735595703125,0.0,Grocery,42,context_attn_dynamic,False,116,0.272735595703125,0.0
6,visual,0.2841913104057312,0.0,Grocery,42,context_attn_dynamic,False,116,0.2841913104057312,0.0
7,text,0.30294159054756165,0.0,Grocery,42,context_attn_dynamic,False,116,0.30294159054756165,0.0
7,visual,0.3200259208679199,0.0,Grocery,42,context_attn_dynamic,False,116,0.3200259208679199,0.0
8,text,0.3333863914012909,0.0,Grocery,42,context_attn_dynamic,False,116,0.3333863914012909,0.0
8,visual,0.35521265864372253,0.0,Grocery,42,context_attn_dynamic,False,116,0.35521265864372253,0.0
9,text,0.3638657033443451,0.0,Grocery,42,context_attn_dynamic,False,116,0.3638657033443451,0.0
9,visual,0.3903375267982483,0.0,Grocery,42,context_attn_dynamic,False,116,0.3903375267982483,0.0
10,text,0.3947935700416565,0.0,Grocery,42,context_attn_dynamic,False,116,0.3947935700416565,0.0
10,visual,0.42618289589881897,0.0,Grocery,42,context_attn_dynamic,False,116,0.42618289589881897,0.0
11,text,0.42677026987075806,0.0,Grocery,42,context_attn_dynamic,False,116,0.42677026987075806,0.0
11,visual,0.46138522028923035,0.0,Grocery,42,context_attn_dynamic,False,116,0.46138522028923035,0.0
12,text,0.4575350880622864,0.0,Grocery,42,context_attn_dynamic,False,116,0.4575350880622864,0.0
12,visual,0.49690714478492737,0.0,Grocery,42,context_attn_dynamic,False,116,0.49690714478492737,0.0
13,text,0.48855966329574585,0.0,Grocery,42,context_attn_dynamic,False,116,0.48855966329574585,0.0
13,visual,0.5320930480957031,0.0,Grocery,42,context_attn_dynamic,False,116,0.5320930480957031,0.0
14,text,0.5142666697502136,0.0,Grocery,42,context_attn_dynamic,False,116,0.5142666697502136,0.0
14,visual,0.5676307678222656,0.0,Grocery,42,context_attn_dynamic,False,116,0.5676307678222656,0.0
15,text,0.5414935946464539,0.0,Grocery,42,context_attn_dynamic,False,116,0.5414935946464539,0.0
15,visual,0.6016306281089783,0.0,Grocery,42,context_attn_dynamic,False,116,0.6016306281089783,0.0
16,text,0.5663071870803833,0.0,Grocery,42,context_attn_dynamic,False,116,0.5663071870803833,0.0
16,visual,0.6351238489151001,0.0,Grocery,42,context_attn_dynamic,False,116,0.6351238489151001,0.0
17,text,0.5919151902198792,0.0,Grocery,42,context_attn_dynamic,False,116,0.5919151902198792,0.0
17,visual,0.6678273677825928,0.0,Grocery,42,context_attn_dynamic,False,116,0.6678273677825928,0.0
18,text,0.6152492165565491,0.0,Grocery,42,context_attn_dynamic,False,116,0.6152492165565491,0.0
18,visual,0.7005956768989563,0.0,Grocery,42,context_attn_dynamic,False,116,0.7005956768989563,0.0
19,text,0.6394123435020447,0.0,Grocery,42,context_attn_dynamic,False,116,0.6394123435020447,0.0
19,visual,0.7335068583488464,0.0,Grocery,42,context_attn_dynamic,False,116,0.7335068583488464,0.0
20,text,0.663379967212677,0.0,Grocery,42,context_attn_dynamic,False,116,0.663379967212677,0.0
20,visual,0.7665063738822937,0.0,Grocery,42,context_attn_dynamic,False,116,0.7665063738822937,0.0
21,text,0.6868886351585388,0.0,Grocery,42,context_attn_dynamic,False,116,0.6868886351585388,0.0
21,visual,0.8004392981529236,0.0,Grocery,42,context_attn_dynamic,False,116,0.8004392981529236,0.0
22,text,0.7109040021896362,0.0,Grocery,42,context_attn_dynamic,False,116,0.7109040021896362,0.0
22,visual,0.8351022005081177,0.0,Grocery,42,context_attn_dynamic,False,116,0.8351022005081177,0.0
23,text,0.7348341941833496,0.0,Grocery,42,context_attn_dynamic,False,116,0.7348341941833496,0.0
23,visual,0.8704829216003418,0.0,Grocery,42,context_attn_dynamic,False,116,0.8704829216003418,0.0
24,text,0.7581255435943604,0.0,Grocery,42,context_attn_dynamic,False,116,0.7581255435943604,0.0
24,visual,0.9066315293312073,0.0,Grocery,42,context_attn_dynamic,False,116,0.9066315293312073,0.0
25,text,0.782328724861145,0.0,Grocery,42,context_attn_dynamic,False,116,0.782328724861145,0.0
25,visual,0.9436694979667664,0.0,Grocery,42,context_attn_dynamic,False,116,0.9436694979667664,0.0
26,text,0.8038255572319031,0.0,Grocery,42,context_attn_dynamic,False,116,0.8038255572319031,0.0
26,visual,0.9808931946754456,0.0,Grocery,42,context_attn_dynamic,False,116,0.9808931946754456,0.0
27,text,0.8254967331886292,0.0,Grocery,42,context_attn_dynamic,False,116,0.8254967331886292,0.0
27,visual,1.0176401138305664,0.0,Grocery,42,context_attn_dynamic,False,116,1.0176401138305664,0.0
28,text,0.8450011610984802,0.0,Grocery,42,context_attn_dynamic,False,116,0.8450011610984802,0.0
28,visual,1.0551531314849854,0.0,Grocery,42,context_attn_dynamic,False,116,1.0551531314849854,0.0
29,text,0.8651171922683716,0.0,Grocery,42,context_attn_dynamic,False,116,0.8651171922683716,0.0
29,visual,1.0926347970962524,0.0,Grocery,42,context_attn_dynamic,False,116,1.0926347970962524,0.0
30,text,0.884743869304657,0.0,Grocery,42,context_attn_dynamic,False,116,0.884743869304657,0.0
30,visual,1.1305935382843018,0.0,Grocery,42,context_attn_dynamic,False,116,1.1305935382843018,0.0
31,text,0.9042739868164062,0.0,Grocery,42,context_attn_dynamic,False,116,0.9042739868164062,0.0
31,visual,1.1662129163742065,0.0,Grocery,42,context_attn_dynamic,False,116,1.1662129163742065,0.0
32,text,0.9224851131439209,0.0,Grocery,42,context_attn_dynamic,False,116,0.9224851131439209,0.0
32,visual,1.201488971710205,0.0,Grocery,42,context_attn_dynamic,False,116,1.201488971710205,0.0
33,text,0.9401046633720398,0.0,Grocery,42,context_attn_dynamic,False,116,0.9401046633720398,0.0
33,visual,1.235710620880127,0.0,Grocery,42,context_attn_dynamic,False,116,1.235710620880127,0.0
34,text,0.9585875272750854,0.0,Grocery,42,context_attn_dynamic,False,116,0.9585875272750854,0.0
34,visual,1.2686681747436523,0.0,Grocery,42,context_attn_dynamic,False,116,1.2686681747436523,0.0
35,text,0.9768224358558655,0.0,Grocery,42,context_attn_dynamic,False,116,0.9768224358558655,0.0
35,visual,1.3011846542358398,0.0,Grocery,42,context_attn_dynamic,False,116,1.3011846542358398,0.0
36,text,0.9931550025939941,0.0,Grocery,42,context_attn_dynamic,False,116,0.9931550025939941,0.0
36,visual,1.3323378562927246,0.0,Grocery,42,context_attn_dynamic,False,116,1.3323378562927246,0.0
37,text,1.0091625452041626,0.0,Grocery,42,context_attn_dynamic,False,116,1.0091625452041626,0.0
37,visual,1.3602744340896606,0.0,Grocery,42,context_attn_dynamic,False,116,1.3602744340896606,0.0
38,text,1.0257480144500732,0.0,Grocery,42,context_attn_dynamic,False,116,1.0257480144500732,0.0
38,visual,1.386670470237732,0.0,Grocery,42,context_attn_dynamic,False,116,1.386670470237732,0.0
39,text,1.0412136316299438,0.0,Grocery,42,context_attn_dynamic,False,116,1.0412136316299438,0.0
39,visual,1.4099401235580444,0.0,Grocery,42,context_attn_dynamic,False,116,1.4099401235580444,0.0
40,text,1.056270718574524,0.0,Grocery,42,context_attn_dynamic,False,116,1.056270718574524,0.0
40,visual,1.4331642389297485,0.0,Grocery,42,context_attn_dynamic,False,116,1.4331642389297485,0.0
41,text,1.0704023838043213,0.0,Grocery,42,context_attn_dynamic,False,116,1.0704023838043213,0.0
41,visual,1.4555926322937012,0.0,Grocery,42,context_attn_dynamic,False,116,1.4555926322937012,0.0
42,text,1.0855599641799927,0.0,Grocery,42,context_attn_dynamic,False,116,1.0855599641799927,0.0
42,visual,1.4779589176177979,0.0,Grocery,42,context_attn_dynamic,False,116,1.4779589176177979,0.0
43,text,1.1006196737289429,0.0,Grocery,42,context_attn_dynamic,False,116,1.1006196737289429,0.0
43,visual,1.4998520612716675,0.0,Grocery,42,context_attn_dynamic,False,116,1.4998520612716675,0.0
44,text,1.115737795829773,0.0,Grocery,42,context_attn_dynamic,False,116,1.115737795829773,0.0
44,visual,1.5227631330490112,0.0,Grocery,42,context_attn_dynamic,False,116,1.5227631330490112,0.0
45,text,1.1301592588424683,0.0,Grocery,42,context_attn_dynamic,False,116,1.1301592588424683,0.0
45,visual,1.5448402166366577,0.0,Grocery,42,context_attn_dynamic,False,116,1.5448402166366577,0.0
46,text,1.1451153755187988,0.0,Grocery,42,context_attn_dynamic,False,116,1.1451153755187988,0.0
46,visual,1.5665698051452637,0.0,Grocery,42,context_attn_dynamic,False,116,1.5665698051452637,0.0
47,text,1.1594572067260742,0.0,Grocery,42,context_attn_dynamic,False,116,1.1594572067260742,0.0
47,visual,1.587369680404663,0.0,Grocery,42,context_attn_dynamic,False,116,1.587369680404663,0.0
48,text,1.174744963645935,0.0,Grocery,42,context_attn_dynamic,False,116,1.174744963645935,0.0
48,visual,1.6091731786727905,0.0,Grocery,42,context_attn_dynamic,False,116,1.6091731786727905,0.0
49,text,1.1906850337982178,0.0,Grocery,42,context_attn_dynamic,False,116,1.1906850337982178,0.0
49,visual,1.6322585344314575,0.0,Grocery,42,context_attn_dynamic,False,116,1.6322585344314575,0.0
50,text,1.2068973779678345,0.0,Grocery,42,context_attn_dynamic,False,116,1.2068973779678345,0.0
50,visual,1.6555731296539307,0.0,Grocery,42,context_attn_dynamic,False,116,1.6555731296539307,0.0
51,text,1.2231484651565552,0.0,Grocery,42,context_attn_dynamic,False,116,1.2231484651565552,0.0
51,visual,1.6772913932800293,0.0,Grocery,42,context_attn_dynamic,False,116,1.6772913932800293,0.0
52,text,1.2402474880218506,0.0,Grocery,42,context_attn_dynamic,False,116,1.2402474880218506,0.0
52,visual,1.6980737447738647,0.0,Grocery,42,context_attn_dynamic,False,116,1.6980737447738647,0.0
53,text,1.2576600313186646,0.0,Grocery,42,context_attn_dynamic,False,116,1.2576600313186646,0.0
53,visual,1.716989278793335,0.0,Grocery,42,context_attn_dynamic,False,116,1.716989278793335,0.0
54,text,1.2758052349090576,0.0,Grocery,42,context_attn_dynamic,False,116,1.2758052349090576,0.0
54,visual,1.7367435693740845,0.0,Grocery,42,context_attn_dynamic,False,116,1.7367435693740845,0.0
55,text,1.2935150861740112,0.0,Grocery,42,context_attn_dynamic,False,116,1.2935150861740112,0.0
55,visual,1.756352424621582,0.0,Grocery,42,context_attn_dynamic,False,116,1.756352424621582,0.0
56,text,1.3133248090744019,0.0,Grocery,42,context_attn_dynamic,False,116,1.3133248090744019,0.0
56,visual,1.7773131132125854,0.0,Grocery,42,context_attn_dynamic,False,116,1.7773131132125854,0.0
57,text,1.3329893350601196,0.0,Grocery,42,context_attn_dynamic,False,116,1.3329893350601196,0.0
57,visual,1.7962002754211426,0.0,Grocery,42,context_attn_dynamic,False,116,1.7962002754211426,0.0
58,text,1.3539083003997803,0.0,Grocery,42,context_attn_dynamic,False,116,1.3539083003997803,0.0
58,visual,1.8171067237854004,0.0,Grocery,42,context_attn_dynamic,False,116,1.8171067237854004,0.0
59,text,1.3747727870941162,0.0,Grocery,42,context_attn_dynamic,False,116,1.3747727870941162,0.0
59,visual,1.8359975814819336,0.0,Grocery,42,context_attn_dynamic,False,116,1.8359975814819336,0.0
60,text,1.3963650465011597,0.0,Grocery,42,context_attn_dynamic,False,116,1.3963650465011597,0.0
60,visual,1.8542723655700684,0.0,Grocery,42,context_attn_dynamic,False,116,1.8542723655700684,0.0
61,text,1.4169626235961914,0.0,Grocery,42,context_attn_dynamic,False,116,1.4169626235961914,0.0
61,visual,1.873172402381897,0.0,Grocery,42,context_attn_dynamic,False,116,1.873172402381897,0.0
62,text,1.4369585514068604,0.0,Grocery,42,context_attn_dynamic,False,116,1.4369585514068604,0.0
62,visual,1.8915815353393555,0.0,Grocery,42,context_attn_dynamic,False,116,1.8915815353393555,0.0
63,text,1.4566468000411987,0.0,Grocery,42,context_attn_dynamic,False,116,1.4566468000411987,0.0
63,visual,1.9101064205169678,0.0,Grocery,42,context_attn_dynamic,False,116,1.9101064205169678,0.0
64,text,1.473975419998169,0.0,Grocery,42,context_attn_dynamic,False,116,1.473975419998169,0.0
64,visual,1.9270559549331665,0.0,Grocery,42,context_attn_dynamic,False,116,1.9270559549331665,0.0
65,text,1.4923635721206665,0.0,Grocery,42,context_attn_dynamic,False,116,1.4923635721206665,0.0
65,visual,1.944355845451355,0.0,Grocery,42,context_attn_dynamic,False,116,1.944355845451355,0.0
66,text,1.5118433237075806,0.0,Grocery,42,context_attn_dynamic,False,116,1.5118433237075806,0.0
66,visual,1.9612077474594116,0.0,Grocery,42,context_attn_dynamic,False,116,1.9612077474594116,0.0
67,text,1.5320370197296143,0.0,Grocery,42,context_attn_dynamic,False,116,1.5320370197296143,0.0
67,visual,1.980262041091919,0.0,Grocery,42,context_attn_dynamic,False,116,1.980262041091919,0.0
68,text,1.5515319108963013,0.0,Grocery,42,context_attn_dynamic,False,116,1.5515319108963013,0.0
68,visual,1.9959025382995605,0.0,Grocery,42,context_attn_dynamic,False,116,1.9959025382995605,0.0
69,text,1.5718579292297363,0.0,Grocery,42,context_attn_dynamic,False,116,1.5718579292297363,0.0
69,visual,2.0099594593048096,0.0,Grocery,42,context_attn_dynamic,False,116,2.0099594593048096,0.0
70,text,1.590277910232544,0.0,Grocery,42,context_attn_dynamic,False,116,1.590277910232544,0.0
70,visual,2.0235517024993896,0.0,Grocery,42,context_attn_dynamic,False,116,2.0235517024993896,0.0
71,text,1.6068493127822876,0.0,Grocery,42,context_attn_dynamic,False,116,1.6068493127822876,0.0
71,visual,2.037226915359497,0.0,Grocery,42,context_attn_dynamic,False,116,2.037226915359497,0.0
72,text,1.622934341430664,0.0,Grocery,42,context_attn_dynamic,False,116,1.622934341430664,0.0
72,visual,2.0502007007598877,0.0,Grocery,42,context_attn_dynamic,False,116,2.0502007007598877,0.0
73,text,1.639423131942749,0.0,Grocery,42,context_attn_dynamic,False,116,1.639423131942749,0.0
73,visual,2.0628662109375,0.0,Grocery,42,context_attn_dynamic,False,116,2.0628662109375,0.0
74,text,1.6543515920639038,0.0,Grocery,42,context_attn_dynamic,False,116,1.6543515920639038,0.0
74,visual,2.075989007949829,0.0,Grocery,42,context_attn_dynamic,False,116,2.075989007949829,0.0
75,text,1.668584942817688,0.0,Grocery,42,context_attn_dynamic,False,116,1.668584942817688,0.0
75,visual,2.089757204055786,0.0,Grocery,42,context_attn_dynamic,False,116,2.089757204055786,0.0
76,text,1.6833248138427734,0.0,Grocery,42,context_attn_dynamic,False,116,1.6833248138427734,0.0
76,visual,2.1034834384918213,0.0,Grocery,42,context_attn_dynamic,False,116,2.1034834384918213,0.0
77,text,1.6977609395980835,0.0,Grocery,42,context_attn_dynamic,False,116,1.6977609395980835,0.0
77,visual,2.1164586544036865,0.0,Grocery,42,context_attn_dynamic,False,116,2.1164586544036865,0.0
78,text,1.7102383375167847,0.0,Grocery,42,context_attn_dynamic,False,116,1.7102383375167847,0.0
78,visual,2.1303327083587646,0.0,Grocery,42,context_attn_dynamic,False,116,2.1303327083587646,0.0
79,text,1.7239447832107544,0.0,Grocery,42,context_attn_dynamic,False,116,1.7239447832107544,0.0
79,visual,2.1433119773864746,0.0,Grocery,42,context_attn_dynamic,False,116,2.1433119773864746,0.0
80,text,1.738716959953308,0.0,Grocery,42,context_attn_dynamic,False,116,1.738716959953308,0.0
80,visual,2.1550731658935547,0.0,Grocery,42,context_attn_dynamic,False,116,2.1550731658935547,0.0
81,text,1.7524909973144531,0.0,Grocery,42,context_attn_dynamic,False,116,1.7524909973144531,0.0
81,visual,2.1670098304748535,0.0,Grocery,42,context_attn_dynamic,False,116,2.1670098304748535,0.0
82,text,1.7652469873428345,0.0,Grocery,42,context_attn_dynamic,False,116,1.7652469873428345,0.0
82,visual,2.1789722442626953,0.0,Grocery,42,context_attn_dynamic,False,116,2.1789722442626953,0.0
83,text,1.7788989543914795,0.0,Grocery,42,context_attn_dynamic,False,116,1.7788989543914795,0.0
83,visual,2.1901159286499023,0.0,Grocery,42,context_attn_dynamic,False,116,2.1901159286499023,0.0
84,text,1.7929790019989014,0.0,Grocery,42,context_attn_dynamic,False,116,1.7929790019989014,0.0
84,visual,2.2023580074310303,0.0,Grocery,42,context_attn_dynamic,False,116,2.2023580074310303,0.0
85,text,1.8058652877807617,0.0,Grocery,42,context_attn_dynamic,False,116,1.8058652877807617,0.0
85,visual,2.21395206451416,0.0,Grocery,42,context_attn_dynamic,False,116,2.21395206451416,0.0
86,text,1.8203279972076416,0.0,Grocery,42,context_attn_dynamic,False,116,1.8203279972076416,0.0
86,visual,2.225576639175415,0.0,Grocery,42,context_attn_dynamic,False,116,2.225576639175415,0.0
87,text,1.8349766731262207,0.0,Grocery,42,context_attn_dynamic,False,116,1.8349766731262207,0.0
87,visual,2.237006425857544,0.0,Grocery,42,context_attn_dynamic,False,116,2.237006425857544,0.0
88,text,1.84916090965271,0.0,Grocery,42,context_attn_dynamic,False,116,1.84916090965271,0.0
88,visual,2.248960018157959,0.0,Grocery,42,context_attn_dynamic,False,116,2.248960018157959,0.0
89,text,1.8632233142852783,0.0,Grocery,42,context_attn_dynamic,False,116,1.8632233142852783,0.0
89,visual,2.260362148284912,0.0,Grocery,42,context_attn_dynamic,False,116,2.260362148284912,0.0
90,text,1.8777379989624023,0.0,Grocery,42,context_attn_dynamic,False,116,1.8777379989624023,0.0
90,visual,2.271077871322632,0.0,Grocery,42,context_attn_dynamic,False,116,2.271077871322632,0.0
91,text,1.889938473701477,0.0,Grocery,42,context_attn_dynamic,False,116,1.889938473701477,0.0
91,visual,2.2828588485717773,0.0,Grocery,42,context_attn_dynamic,False,116,2.2828588485717773,0.0
92,text,1.9017213582992554,0.0,Grocery,42,context_attn_dynamic,False,116,1.9017213582992554,0.0
92,visual,2.29548716545105,0.0,Grocery,42,context_attn_dynamic,False,116,2.29548716545105,0.0
93,text,1.915547251701355,0.0,Grocery,42,context_attn_dynamic,False,116,1.915547251701355,0.0
93,visual,2.3072590827941895,0.0,Grocery,42,context_attn_dynamic,False,116,2.3072590827941895,0.0
94,text,1.9286588430404663,0.0,Grocery,42,context_attn_dynamic,False,116,1.9286588430404663,0.0
94,visual,2.317892551422119,0.0,Grocery,42,context_attn_dynamic,False,116,2.317892551422119,0.0
95,text,1.940623164176941,0.0,Grocery,42,context_attn_dynamic,False,116,1.940623164176941,0.0
95,visual,2.327625274658203,0.0,Grocery,42,context_attn_dynamic,False,116,2.327625274658203,0.0
96,text,1.9523371458053589,0.0,Grocery,42,context_attn_dynamic,False,116,1.9523371458053589,0.0
96,visual,2.3362720012664795,0.0,Grocery,42,context_attn_dynamic,False,116,2.3362720012664795,0.0
97,text,1.9631946086883545,0.0,Grocery,42,context_attn_dynamic,False,116,1.9631946086883545,0.0
97,visual,2.344343900680542,0.0,Grocery,42,context_attn_dynamic,False,116,2.344343900680542,0.0
98,text,1.9741427898406982,0.0,Grocery,42,context_attn_dynamic,False,116,1.9741427898406982,0.0
98,visual,2.3533308506011963,0.0,Grocery,42,context_attn_dynamic,False,116,2.3533308506011963,0.0
99,text,1.984081745147705,0.0,Grocery,42,context_attn_dynamic,False,116,1.984081745147705,0.0
99,visual,2.36220645904541,0.0,Grocery,42,context_attn_dynamic,False,116,2.36220645904541,0.0
100,text,1.9948079586029053,0.0,Grocery,42,context_attn_dynamic,False,116,1.9948079586029053,0.0
100,visual,2.370229959487915,0.0,Grocery,42,context_attn_dynamic,False,116,2.370229959487915,0.0
101,text,2.004807233810425,0.0,Grocery,42,context_attn_dynamic,False,116,2.004807233810425,0.0
101,visual,2.378767967224121,0.0,Grocery,42,context_attn_dynamic,False,116,2.378767967224121,0.0
102,text,2.01535964012146,0.0,Grocery,42,context_attn_dynamic,False,116,2.01535964012146,0.0
102,visual,2.3884518146514893,0.0,Grocery,42,context_attn_dynamic,False,116,2.3884518146514893,0.0
103,text,2.0245866775512695,0.0,Grocery,42,context_attn_dynamic,False,116,2.0245866775512695,0.0
103,visual,2.3982555866241455,0.0,Grocery,42,context_attn_dynamic,False,116,2.3982555866241455,0.0
104,text,2.0342864990234375,0.0,Grocery,42,context_attn_dynamic,False,116,2.0342864990234375,0.0
104,visual,2.407496213912964,0.0,Grocery,42,context_attn_dynamic,False,116,2.407496213912964,0.0
105,text,2.044419050216675,0.0,Grocery,42,context_attn_dynamic,False,116,2.044419050216675,0.0
105,visual,2.4170453548431396,0.0,Grocery,42,context_attn_dynamic,False,116,2.4170453548431396,0.0
106,text,2.0545878410339355,0.0,Grocery,42,context_attn_dynamic,False,116,2.0545878410339355,0.0
106,visual,2.425187349319458,0.0,Grocery,42,context_attn_dynamic,False,116,2.425187349319458,0.0
107,text,2.0650477409362793,0.0,Grocery,42,context_attn_dynamic,False,116,2.0650477409362793,0.0
107,visual,2.4325482845306396,0.0,Grocery,42,context_attn_dynamic,False,116,2.4325482845306396,0.0
108,text,2.0741655826568604,0.0,Grocery,42,context_attn_dynamic,False,116,2.0741655826568604,0.0
108,visual,2.4397647380828857,0.0,Grocery,42,context_attn_dynamic,False,116,2.4397647380828857,0.0
109,text,2.08392333984375,0.0,Grocery,42,context_attn_dynamic,False,116,2.08392333984375,0.0
109,visual,2.4476380348205566,0.0,Grocery,42,context_attn_dynamic,False,116,2.4476380348205566,0.0
110,text,2.0937607288360596,0.0,Grocery,42,context_attn_dynamic,False,116,2.0937607288360596,0.0
110,visual,2.454641580581665,0.0,Grocery,42,context_attn_dynamic,False,116,2.454641580581665,0.0
111,text,2.1041147708892822,0.0,Grocery,42,context_attn_dynamic,False,116,2.1041147708892822,0.0
111,visual,2.4606058597564697,0.0,Grocery,42,context_attn_dynamic,False,116,2.4606058597564697,0.0
112,text,2.1143064498901367,0.0,Grocery,42,context_attn_dynamic,False,116,2.1143064498901367,0.0
112,visual,2.4679248332977295,0.0,Grocery,42,context_attn_dynamic,False,116,2.4679248332977295,0.0
113,text,2.1226425170898438,0.0,Grocery,42,context_attn_dynamic,False,116,2.1226425170898438,0.0
113,visual,2.4771316051483154,0.0,Grocery,42,context_attn_dynamic,False,116,2.4771316051483154,0.0
114,text,2.131777048110962,0.0,Grocery,42,context_attn_dynamic,False,116,2.131777048110962,0.0
114,visual,2.4849159717559814,0.0,Grocery,42,context_attn_dynamic,False,116,2.4849159717559814,0.0
115,text,2.140916109085083,0.0,Grocery,42,context_attn_dynamic,False,116,2.140916109085083,0.0
115,visual,2.4912235736846924,0.0,Grocery,42,context_attn_dynamic,False,116,2.4912235736846924,0.0
116,text,2.1500301361083984,0.0,Grocery,42,context_attn_dynamic,True,116,2.1500301361083984,0.0
116,visual,2.497621774673462,0.0,Grocery,42,context_attn_dynamic,True,116,2.497621774673462,0.0
117,text,2.16025972366333,0.0,Grocery,42,context_attn_dynamic,False,116,2.16025972366333,0.0
117,visual,2.5052103996276855,0.0,Grocery,42,context_attn_dynamic,False,116,2.5052103996276855,0.0
118,text,2.1700761318206787,0.0,Grocery,42,context_attn_dynamic,False,116,2.1700761318206787,0.0
118,visual,2.511244297027588,0.0,Grocery,42,context_attn_dynamic,False,116,2.511244297027588,0.0
119,text,2.1798255443573,0.0,Grocery,42,context_attn_dynamic,False,116,2.1798255443573,0.0
119,visual,2.517056703567505,0.0,Grocery,42,context_attn_dynamic,False,116,2.517056703567505,0.0
120,text,2.189584255218506,0.0,Grocery,42,context_attn_dynamic,False,116,2.189584255218506,0.0
120,visual,2.5243046283721924,0.0,Grocery,42,context_attn_dynamic,False,116,2.5243046283721924,0.0
121,text,2.198716640472412,0.0,Grocery,42,context_attn_dynamic,False,116,2.198716640472412,0.0
121,visual,2.530864953994751,0.0,Grocery,42,context_attn_dynamic,False,116,2.530864953994751,0.0
122,text,2.20880389213562,0.0,Grocery,42,context_attn_dynamic,False,116,2.20880389213562,0.0
122,visual,2.535517692565918,0.0,Grocery,42,context_attn_dynamic,False,116,2.535517692565918,0.0
123,text,2.218435049057007,0.0,Grocery,42,context_attn_dynamic,False,116,2.218435049057007,0.0
123,visual,2.5397400856018066,0.0,Grocery,42,context_attn_dynamic,False,116,2.5397400856018066,0.0
124,text,2.2274551391601562,0.0,Grocery,42,context_attn_dynamic,False,116,2.2274551391601562,0.0
124,visual,2.543423891067505,0.0,Grocery,42,context_attn_dynamic,False,116,2.543423891067505,0.0
125,text,2.2344472408294678,0.0,Grocery,42,context_attn_dynamic,False,116,2.2344472408294678,0.0
125,visual,2.547879695892334,0.0,Grocery,42,context_attn_dynamic,False,116,2.547879695892334,0.0
126,text,2.241689443588257,0.0,Grocery,42,context_attn_dynamic,False,116,2.241689443588257,0.0
126,visual,2.5537757873535156,0.0,Grocery,42,context_attn_dynamic,False,116,2.5537757873535156,0.0
127,text,2.250047206878662,0.0,Grocery,42,context_attn_dynamic,False,116,2.250047206878662,0.0
127,visual,2.560375213623047,0.0,Grocery,42,context_attn_dynamic,False,116,2.560375213623047,0.0
128,text,2.2574892044067383,0.0,Grocery,42,context_attn_dynamic,False,116,2.2574892044067383,0.0
128,visual,2.565451145172119,0.0,Grocery,42,context_attn_dynamic,False,116,2.565451145172119,0.0
129,text,2.264387607574463,0.0,Grocery,42,context_attn_dynamic,False,116,2.264387607574463,0.0
129,visual,2.5703957080841064,0.0,Grocery,42,context_attn_dynamic,False,116,2.5703957080841064,0.0
130,text,2.2707529067993164,0.0,Grocery,42,context_attn_dynamic,False,116,2.2707529067993164,0.0
130,visual,2.5749318599700928,0.0,Grocery,42,context_attn_dynamic,False,116,2.5749318599700928,0.0
131,text,2.2766833305358887,0.0,Grocery,42,context_attn_dynamic,False,116,2.2766833305358887,0.0
131,visual,2.577944278717041,0.0,Grocery,42,context_attn_dynamic,False,116,2.577944278717041,0.0
132,text,2.2838993072509766,0.0,Grocery,42,context_attn_dynamic,False,116,2.2838993072509766,0.0
132,visual,2.581092119216919,0.0,Grocery,42,context_attn_dynamic,False,116,2.581092119216919,0.0
133,text,2.2922027111053467,0.0,Grocery,42,context_attn_dynamic,False,116,2.2922027111053467,0.0
133,visual,2.583897829055786,0.0,Grocery,42,context_attn_dynamic,False,116,2.583897829055786,0.0
134,text,2.301064968109131,0.0,Grocery,42,context_attn_dynamic,False,116,2.301064968109131,0.0
134,visual,2.5858078002929688,0.0,Grocery,42,context_attn_dynamic,False,116,2.5858078002929688,0.0
135,text,2.3097922801971436,0.0,Grocery,42,context_attn_dynamic,False,116,2.3097922801971436,0.0
135,visual,2.58893084526062,0.0,Grocery,42,context_attn_dynamic,False,116,2.58893084526062,0.0
136,text,2.3179523944854736,0.0,Grocery,42,context_attn_dynamic,False,116,2.3179523944854736,0.0
136,visual,2.593369245529175,0.0,Grocery,42,context_attn_dynamic,False,116,2.593369245529175,0.0
137,text,2.3255956172943115,0.0,Grocery,42,context_attn_dynamic,False,116,2.3255956172943115,0.0
137,visual,2.5986013412475586,0.0,Grocery,42,context_attn_dynamic,False,116,2.5986013412475586,0.0
138,text,2.332589864730835,0.0,Grocery,42,context_attn_dynamic,False,116,2.332589864730835,0.0
138,visual,2.6039509773254395,0.0,Grocery,42,context_attn_dynamic,False,116,2.6039509773254395,0.0
139,text,2.3391525745391846,0.0,Grocery,42,context_attn_dynamic,False,116,2.3391525745391846,0.0
139,visual,2.6103928089141846,0.0,Grocery,42,context_attn_dynamic,False,116,2.6103928089141846,0.0
140,text,2.3457252979278564,0.0,Grocery,42,context_attn_dynamic,False,116,2.3457252979278564,0.0
140,visual,2.615433931350708,0.0,Grocery,42,context_attn_dynamic,False,116,2.615433931350708,0.0
141,text,2.352731704711914,0.0,Grocery,42,context_attn_dynamic,False,116,2.352731704711914,0.0
141,visual,2.6210896968841553,0.0,Grocery,42,context_attn_dynamic,False,116,2.6210896968841553,0.0
142,text,2.359687566757202,0.0,Grocery,42,context_attn_dynamic,False,116,2.359687566757202,0.0
142,visual,2.6264352798461914,0.0,Grocery,42,context_attn_dynamic,False,116,2.6264352798461914,0.0
143,text,2.3655202388763428,0.0,Grocery,42,context_attn_dynamic,False,116,2.3655202388763428,0.0
143,visual,2.630598783493042,0.0,Grocery,42,context_attn_dynamic,False,116,2.630598783493042,0.0
144,text,2.371515989303589,0.0,Grocery,42,context_attn_dynamic,False,116,2.371515989303589,0.0
144,visual,2.6336934566497803,0.0,Grocery,42,context_attn_dynamic,False,116,2.6336934566497803,0.0
145,text,2.3775460720062256,0.0,Grocery,42,context_attn_dynamic,False,116,2.3775460720062256,0.0
145,visual,2.6370127201080322,0.0,Grocery,42,context_attn_dynamic,False,116,2.6370127201080322,0.0
146,text,2.383852958679199,0.0,Grocery,42,context_attn_dynamic,False,116,2.383852958679199,0.0
146,visual,2.6401174068450928,0.0,Grocery,42,context_attn_dynamic,False,116,2.6401174068450928,0.0
1,text,0.08969870954751968,0.0,Grocery,42,context_bilinear_absolute,False,104,0.08969870954751968,0.0
1,visual,0.0899578407406807,0.0,Grocery,42,context_bilinear_absolute,False,104,0.0899578407406807,0.0
2,text,0.1358528584241867,0.026340289041399956,Grocery,42,context_bilinear_absolute,False,104,0.1358528584241867,0.026340289041399956
2,visual,0.13874506950378418,0.025719206780195236,Grocery,42,context_bilinear_absolute,False,104,0.13874506950378418,0.025719206780195236
3,text,0.1713024526834488,0.04703671112656593,Grocery,42,context_bilinear_absolute,False,104,0.1713024526834488,0.04703671112656593
3,visual,0.17743077874183655,0.04772378131747246,Grocery,42,context_bilinear_absolute,False,104,0.17743077874183655,0.04772378131747246
4,text,0.20432846248149872,0.06409606337547302,Grocery,42,context_bilinear_absolute,False,104,0.20432846248149872,0.06409606337547302
4,visual,0.21405094861984253,0.0690060630440712,Grocery,42,context_bilinear_absolute,False,104,0.21405094861984253,0.0690060630440712
5,text,0.23716682195663452,0.0796629786491394,Grocery,42,context_bilinear_absolute,False,104,0.23716682195663452,0.0796629786491394
5,visual,0.2512190043926239,0.08915746957063675,Grocery,42,context_bilinear_absolute,False,104,0.2512190043926239,0.08915746957063675
6,text,0.26803943514823914,0.0950712338089943,Grocery,42,context_bilinear_absolute,False,104,0.26803943514823914,0.0950712338089943
6,visual,0.28877946734428406,0.10959302634000778,Grocery,42,context_bilinear_absolute,False,104,0.28877946734428406,0.10959302634000778
7,text,0.29555514454841614,0.10695622861385345,Grocery,42,context_bilinear_absolute,False,104,0.29555514454841614,0.10695622861385345
7,visual,0.324888676404953,0.12991157174110413,Grocery,42,context_bilinear_absolute,False,104,0.324888676404953,0.12991157174110413
8,text,0.322546124458313,0.12061051279306412,Grocery,42,context_bilinear_absolute,False,104,0.322546124458313,0.12061051279306412
8,visual,0.36030951142311096,0.14990879595279694,Grocery,42,context_bilinear_absolute,False,104,0.36030951142311096,0.14990879595279694
9,text,0.34816744923591614,0.13396117091178894,Grocery,42,context_bilinear_absolute,False,104,0.34816744923591614,0.13396117091178894
9,visual,0.39570823311805725,0.1694677323102951,Grocery,42,context_bilinear_absolute,False,104,0.39570823311805725,0.1694677323102951
10,text,0.3740551769733429,0.14819782972335815,Grocery,42,context_bilinear_absolute,False,104,0.3740551769733429,0.14819782972335815
10,visual,0.4316174387931824,0.1892167180776596,Grocery,42,context_bilinear_absolute,False,104,0.4316174387931824,0.1892167180776596
11,text,0.40096187591552734,0.16512064635753632,Grocery,42,context_bilinear_absolute,False,104,0.40096187591552734,0.16512064635753632
11,visual,0.46745049953460693,0.2094428986310959,Grocery,42,context_bilinear_absolute,False,104,0.46745049953460693,0.2094428986310959
12,text,0.4270045757293701,0.18226036429405212,Grocery,42,context_bilinear_absolute,False,104,0.4270045757293701,0.18226036429405212
12,visual,0.5037252306938171,0.23043237626552582,Grocery,42,context_bilinear_absolute,False,104,0.5037252306938171,0.23043237626552582
13,text,0.4527984857559204,0.19927270710468292,Grocery,42,context_bilinear_absolute,False,104,0.4527984857559204,0.19927270710468292
13,visual,0.5396226644515991,0.2513803243637085,Grocery,42,context_bilinear_absolute,False,104,0.5396226644515991,0.2513803243637085
14,text,0.4778846502304077,0.21485790610313416,Grocery,42,context_bilinear_absolute,False,104,0.4778846502304077,0.21485790610313416
14,visual,0.5752614140510559,0.2730245888233185,Grocery,42,context_bilinear_absolute,False,104,0.5752614140510559,0.2730245888233185
15,text,0.5041846632957458,0.231307253241539,Grocery,42,context_bilinear_absolute,False,104,0.5041846632957458,0.231307253241539
15,visual,0.6099451184272766,0.2948666214942932,Grocery,42,context_bilinear_absolute,False,104,0.6099451184272766,0.2948666214942932
16,text,0.5299689173698425,0.2478431910276413,Grocery,42,context_bilinear_absolute,False,104,0.5299689173698425,0.2478431910276413
16,visual,0.643829882144928,0.3167644739151001,Grocery,42,context_bilinear_absolute,False,104,0.643829882144928,0.3167644739151001
17,text,0.5567423105239868,0.2658883035182953,Grocery,42,context_bilinear_absolute,False,104,0.5567423105239868,0.2658883035182953
17,visual,0.6761380434036255,0.3385854661464691,Grocery,42,context_bilinear_absolute,False,104,0.6761380434036255,0.3385854661464691
18,text,0.5809499621391296,0.2822074890136719,Grocery,42,context_bilinear_absolute,False,104,0.5809499621391296,0.2822074890136719
18,visual,0.7084943056106567,0.361270010471344,Grocery,42,context_bilinear_absolute,False,104,0.7084943056106567,0.361270010471344
19,text,0.6065278649330139,0.29898980259895325,Grocery,42,context_bilinear_absolute,False,104,0.6065278649330139,0.29898980259895325
19,visual,0.7396599650382996,0.3837345540523529,Grocery,42,context_bilinear_absolute,False,104,0.7396599650382996,0.3837345540523529
20,text,0.6319491267204285,0.3151748776435852,Grocery,42,context_bilinear_absolute,False,104,0.6319491267204285,0.3151748776435852
20,visual,0.7706519961357117,0.40706419944763184,Grocery,42,context_bilinear_absolute,False,104,0.7706519961357117,0.40706419944763184
21,text,0.6570729613304138,0.3320024609565735,Grocery,42,context_bilinear_absolute,False,104,0.6570729613304138,0.3320024609565735
21,visual,0.8017188310623169,0.4303702116012573,Grocery,42,context_bilinear_absolute,False,104,0.8017188310623169,0.4303702116012573
22,text,0.6826360821723938,0.34822502732276917,Grocery,42,context_bilinear_absolute,False,104,0.6826360821723938,0.34822502732276917
22,visual,0.8323380947113037,0.4536685645580292,Grocery,42,context_bilinear_absolute,False,104,0.8323380947113037,0.4536685645580292
23,text,0.7079812288284302,0.36462488770484924,Grocery,42,context_bilinear_absolute,False,104,0.7079812288284302,0.36462488770484924
23,visual,0.8636387586593628,0.4765882194042206,Grocery,42,context_bilinear_absolute,False,104,0.8636387586593628,0.4765882194042206
24,text,0.7332165837287903,0.3810572326183319,Grocery,42,context_bilinear_absolute,False,104,0.7332165837287903,0.3810572326183319
24,visual,0.8948107361793518,0.4988527297973633,Grocery,42,context_bilinear_absolute,False,104,0.8948107361793518,0.4988527297973633
25,text,0.7584711909294128,0.3982371687889099,Grocery,42,context_bilinear_absolute,False,104,0.7584711909294128,0.3982371687889099
25,visual,0.92694091796875,0.5193458795547485,Grocery,42,context_bilinear_absolute,False,104,0.92694091796875,0.5193458795547485
26,text,0.7844104766845703,0.41697928309440613,Grocery,42,context_bilinear_absolute,False,104,0.7844104766845703,0.41697928309440613
26,visual,0.960834801197052,0.5420471429824829,Grocery,42,context_bilinear_absolute,False,104,0.960834801197052,0.5420471429824829
27,text,0.8096470832824707,0.43645405769348145,Grocery,42,context_bilinear_absolute,False,104,0.8096470832824707,0.43645405769348145
27,visual,0.995979368686676,0.5657052397727966,Grocery,42,context_bilinear_absolute,False,104,0.995979368686676,0.5657052397727966
28,text,0.8353688716888428,0.45616477727890015,Grocery,42,context_bilinear_absolute,False,104,0.8353688716888428,0.45616477727890015
28,visual,1.031029462814331,0.5901148915290833,Grocery,42,context_bilinear_absolute,False,104,1.031029462814331,0.5901148915290833
29,text,0.8606990575790405,0.4759896993637085,Grocery,42,context_bilinear_absolute,False,104,0.8606990575790405,0.4759896993637085
29,visual,1.0662071704864502,0.6118745803833008,Grocery,42,context_bilinear_absolute,False,104,1.0662071704864502,0.6118745803833008
30,text,0.885907769203186,0.4966478645801544,Grocery,42,context_bilinear_absolute,False,104,0.885907769203186,0.4966478645801544
30,visual,1.101580262184143,0.6352328658103943,Grocery,42,context_bilinear_absolute,False,104,1.101580262184143,0.6352328658103943
31,text,0.9092680811882019,0.5158336758613586,Grocery,42,context_bilinear_absolute,False,104,0.9092680811882019,0.5158336758613586
31,visual,1.136069893836975,0.6551723480224609,Grocery,42,context_bilinear_absolute,False,104,1.136069893836975,0.6551723480224609
32,text,0.9331098198890686,0.5359509587287903,Grocery,42,context_bilinear_absolute,False,104,0.9331098198890686,0.5359509587287903
32,visual,1.1694613695144653,0.6749733090400696,Grocery,42,context_bilinear_absolute,False,104,1.1694613695144653,0.6749733090400696
33,text,0.9575585126876831,0.5577865242958069,Grocery,42,context_bilinear_absolute,False,104,0.9575585126876831,0.5577865242958069
33,visual,1.203391194343567,0.6944811344146729,Grocery,42,context_bilinear_absolute,False,104,1.203391194343567,0.6944811344146729
34,text,0.9812700748443604,0.5791075825691223,Grocery,42,context_bilinear_absolute,False,104,0.9812700748443604,0.5791075825691223
34,visual,1.2338199615478516,0.7090996503829956,Grocery,42,context_bilinear_absolute,False,104,1.2338199615478516,0.7090996503829956
35,text,1.0044529438018799,0.6005151867866516,Grocery,42,context_bilinear_absolute,False,104,1.0044529438018799,0.6005151867866516
35,visual,1.2630996704101562,0.7244337201118469,Grocery,42,context_bilinear_absolute,False,104,1.2630996704101562,0.7244337201118469
36,text,1.0264970064163208,0.6222946047782898,Grocery,42,context_bilinear_absolute,False,104,1.0264970064163208,0.6222946047782898
36,visual,1.2926733493804932,0.7406910061836243,Grocery,42,context_bilinear_absolute,False,104,1.2926733493804932,0.7406910061836243
37,text,1.0480914115905762,0.6426827311515808,Grocery,42,context_bilinear_absolute,False,104,1.0480914115905762,0.6426827311515808
37,visual,1.3220202922821045,0.7548743486404419,Grocery,42,context_bilinear_absolute,False,104,1.3220202922821045,0.7548743486404419
38,text,1.0691741704940796,0.6612933874130249,Grocery,42,context_bilinear_absolute,False,104,1.0691741704940796,0.6612933874130249
38,visual,1.3496452569961548,0.7692281603813171,Grocery,42,context_bilinear_absolute,False,104,1.3496452569961548,0.7692281603813171
39,text,1.0895920991897583,0.6815815567970276,Grocery,42,context_bilinear_absolute,False,104,1.0895920991897583,0.6815815567970276
39,visual,1.3735557794570923,0.7790459394454956,Grocery,42,context_bilinear_absolute,False,104,1.3735557794570923,0.7790459394454956
40,text,1.1105976104736328,0.7025766968727112,Grocery,42,context_bilinear_absolute,False,104,1.1105976104736328,0.7025766968727112
40,visual,1.3981541395187378,0.7902535200119019,Grocery,42,context_bilinear_absolute,False,104,1.3981541395187378,0.7902535200119019
41,text,1.1308293342590332,0.7217597365379333,Grocery,42,context_bilinear_absolute,False,104,1.1308293342590332,0.7217597365379333
41,visual,1.422531008720398,0.8030663132667542,Grocery,42,context_bilinear_absolute,False,104,1.422531008720398,0.8030663132667542
42,text,1.1503139734268188,0.7408300042152405,Grocery,42,context_bilinear_absolute,False,104,1.1503139734268188,0.7408300042152405
42,visual,1.4460610151290894,0.8153896331787109,Grocery,42,context_bilinear_absolute,False,104,1.4460610151290894,0.8153896331787109
43,text,1.170451045036316,0.7605343461036682,Grocery,42,context_bilinear_absolute,False,104,1.170451045036316,0.7605343461036682
43,visual,1.4692844152450562,0.8292462825775146,Grocery,42,context_bilinear_absolute,False,104,1.4692844152450562,0.8292462825775146
44,text,1.1917184591293335,0.7818888425827026,Grocery,42,context_bilinear_absolute,False,104,1.1917184591293335,0.7818888425827026
44,visual,1.4898529052734375,0.8402574062347412,Grocery,42,context_bilinear_absolute,False,104,1.4898529052734375,0.8402574062347412
45,text,1.2141127586364746,0.8037292957305908,Grocery,42,context_bilinear_absolute,False,104,1.2141127586364746,0.8037292957305908
45,visual,1.5116422176361084,0.8525663018226624,Grocery,42,context_bilinear_absolute,False,104,1.5116422176361084,0.8525663018226624
46,text,1.234324336051941,0.8212893009185791,Grocery,42,context_bilinear_absolute,False,104,1.234324336051941,0.8212893009185791
46,visual,1.535153865814209,0.8653413653373718,Grocery,42,context_bilinear_absolute,False,104,1.535153865814209,0.8653413653373718
47,text,1.2563809156417847,0.8424631357192993,Grocery,42,context_bilinear_absolute,False,104,1.2563809156417847,0.8424631357192993
47,visual,1.5596660375595093,0.879345715045929,Grocery,42,context_bilinear_absolute,False,104,1.5596660375595093,0.879345715045929
48,text,1.2794148921966553,0.8638234734535217,Grocery,42,context_bilinear_absolute,False,104,1.2794148921966553,0.8638234734535217
48,visual,1.5834389925003052,0.8955619931221008,Grocery,42,context_bilinear_absolute,False,104,1.5834389925003052,0.8955619931221008
49,text,1.3014497756958008,0.8860340118408203,Grocery,42,context_bilinear_absolute,False,104,1.3014497756958008,0.8860340118408203
49,visual,1.6046819686889648,0.9090798497200012,Grocery,42,context_bilinear_absolute,False,104,1.6046819686889648,0.9090798497200012
50,text,1.3234848976135254,0.9083781838417053,Grocery,42,context_bilinear_absolute,False,104,1.3234848976135254,0.9083781838417053
50,visual,1.6274662017822266,0.9243602752685547,Grocery,42,context_bilinear_absolute,False,104,1.6274662017822266,0.9243602752685547
51,text,1.3453460931777954,0.9307827353477478,Grocery,42,context_bilinear_absolute,False,104,1.3453460931777954,0.9307827353477478
51,visual,1.6484756469726562,0.9408900737762451,Grocery,42,context_bilinear_absolute,False,104,1.6484756469726562,0.9408900737762451
52,text,1.3666729927062988,0.9545992016792297,Grocery,42,context_bilinear_absolute,False,104,1.3666729927062988,0.9545992016792297
52,visual,1.6675851345062256,0.9565233588218689,Grocery,42,context_bilinear_absolute,False,104,1.6675851345062256,0.9565233588218689
53,text,1.3870880603790283,0.977290153503418,Grocery,42,context_bilinear_absolute,False,104,1.3870880603790283,0.977290153503418
53,visual,1.6863418817520142,0.9710959792137146,Grocery,42,context_bilinear_absolute,False,104,1.6863418817520142,0.9710959792137146
54,text,1.4079692363739014,0.9997435212135315,Grocery,42,context_bilinear_absolute,False,104,1.4079692363739014,0.9997435212135315
54,visual,1.70388925075531,0.9868494868278503,Grocery,42,context_bilinear_absolute,False,104,1.70388925075531,0.9868494868278503
55,text,1.4292632341384888,1.024520993232727,Grocery,42,context_bilinear_absolute,False,104,1.4292632341384888,1.024520993232727
55,visual,1.7219566106796265,1.003035068511963,Grocery,42,context_bilinear_absolute,False,104,1.7219566106796265,1.003035068511963
56,text,1.4502142667770386,1.0488260984420776,Grocery,42,context_bilinear_absolute,False,104,1.4502142667770386,1.0488260984420776
56,visual,1.7384573221206665,1.0180010795593262,Grocery,42,context_bilinear_absolute,False,104,1.7384573221206665,1.0180010795593262
57,text,1.4713157415390015,1.0734695196151733,Grocery,42,context_bilinear_absolute,False,104,1.4713157415390015,1.0734695196151733
57,visual,1.7554835081100464,1.0341849327087402,Grocery,42,context_bilinear_absolute,False,104,1.7554835081100464,1.0341849327087402
58,text,1.4918125867843628,1.0999867916107178,Grocery,42,context_bilinear_absolute,False,104,1.4918125867843628,1.0999867916107178
58,visual,1.7730790376663208,1.0521563291549683,Grocery,42,context_bilinear_absolute,False,104,1.7730790376663208,1.0521563291549683
59,text,1.5106929540634155,1.122711420059204,Grocery,42,context_bilinear_absolute,False,104,1.5106929540634155,1.122711420059204
59,visual,1.7904291152954102,1.070021629333496,Grocery,42,context_bilinear_absolute,False,104,1.7904291152954102,1.070021629333496
60,text,1.5292457342147827,1.144330620765686,Grocery,42,context_bilinear_absolute,False,104,1.5292457342147827,1.144330620765686
60,visual,1.8077712059020996,1.0875439643859863,Grocery,42,context_bilinear_absolute,False,104,1.8077712059020996,1.0875439643859863
61,text,1.5478993654251099,1.1670678853988647,Grocery,42,context_bilinear_absolute,False,104,1.5478993654251099,1.1670678853988647
61,visual,1.8249988555908203,1.1054822206497192,Grocery,42,context_bilinear_absolute,False,104,1.8249988555908203,1.1054822206497192
62,text,1.5674506425857544,1.1908783912658691,Grocery,42,context_bilinear_absolute,False,104,1.5674506425857544,1.1908783912658691
62,visual,1.8426575660705566,1.124498724937439,Grocery,42,context_bilinear_absolute,False,104,1.8426575660705566,1.124498724937439
63,text,1.5861626863479614,1.213956594467163,Grocery,42,context_bilinear_absolute,False,104,1.5861626863479614,1.213956594467163
63,visual,1.8577946424484253,1.141884446144104,Grocery,42,context_bilinear_absolute,False,104,1.8577946424484253,1.141884446144104
64,text,1.60356867313385,1.2364141941070557,Grocery,42,context_bilinear_absolute,False,104,1.60356867313385,1.2364141941070557
64,visual,1.8726760149002075,1.1604303121566772,Grocery,42,context_bilinear_absolute,False,104,1.8726760149002075,1.1604303121566772
65,text,1.6209303140640259,1.2600332498550415,Grocery,42,context_bilinear_absolute,False,104,1.6209303140640259,1.2600332498550415
65,visual,1.88771390914917,1.1809794902801514,Grocery,42,context_bilinear_absolute,False,104,1.88771390914917,1.1809794902801514
66,text,1.6385219097137451,1.283315896987915,Grocery,42,context_bilinear_absolute,False,104,1.6385219097137451,1.283315896987915
66,visual,1.9022821187973022,1.2027335166931152,Grocery,42,context_bilinear_absolute,False,104,1.9022821187973022,1.2027335166931152
67,text,1.6566312313079834,1.3059005737304688,Grocery,42,context_bilinear_absolute,False,104,1.6566312313079834,1.3059005737304688
67,visual,1.9146113395690918,1.2218990325927734,Grocery,42,context_bilinear_absolute,False,104,1.9146113395690918,1.2218990325927734
68,text,1.6742470264434814,1.3289625644683838,Grocery,42,context_bilinear_absolute,False,104,1.6742470264434814,1.3289625644683838
68,visual,1.9278537034988403,1.2406731843948364,Grocery,42,context_bilinear_absolute,False,104,1.9278537034988403,1.2406731843948364
69,text,1.6902574300765991,1.3536553382873535,Grocery,42,context_bilinear_absolute,False,104,1.6902574300765991,1.3536553382873535
69,visual,1.9421014785766602,1.2599297761917114,Grocery,42,context_bilinear_absolute,False,104,1.9421014785766602,1.2599297761917114
70,text,1.7061372995376587,1.3793030977249146,Grocery,42,context_bilinear_absolute,False,104,1.7061372995376587,1.3793030977249146
70,visual,1.957368016242981,1.2822026014328003,Grocery,42,context_bilinear_absolute,False,104,1.957368016242981,1.2822026014328003
71,text,1.7230716943740845,1.4049040079116821,Grocery,42,context_bilinear_absolute,False,104,1.7230716943740845,1.4049040079116821
71,visual,1.9717974662780762,1.3039963245391846,Grocery,42,context_bilinear_absolute,False,104,1.9717974662780762,1.3039963245391846
72,text,1.7410293817520142,1.4306912422180176,Grocery,42,context_bilinear_absolute,False,104,1.7410293817520142,1.4306912422180176
72,visual,1.9868165254592896,1.3260951042175293,Grocery,42,context_bilinear_absolute,False,104,1.9868165254592896,1.3260951042175293
73,text,1.7589768171310425,1.4575239419937134,Grocery,42,context_bilinear_absolute,False,104,1.7589768171310425,1.4575239419937134
73,visual,2.0021321773529053,1.348820447921753,Grocery,42,context_bilinear_absolute,False,104,2.0021321773529053,1.348820447921753
74,text,1.7762013673782349,1.4838078022003174,Grocery,42,context_bilinear_absolute,False,104,1.7762013673782349,1.4838078022003174
74,visual,2.018294334411621,1.3722084760665894,Grocery,42,context_bilinear_absolute,False,104,2.018294334411621,1.3722084760665894
75,text,1.7913373708724976,1.5107539892196655,Grocery,42,context_bilinear_absolute,False,104,1.7913373708724976,1.5107539892196655
75,visual,2.0328173637390137,1.394357681274414,Grocery,42,context_bilinear_absolute,False,104,2.0328173637390137,1.394357681274414
76,text,1.8069868087768555,1.5380629301071167,Grocery,42,context_bilinear_absolute,False,104,1.8069868087768555,1.5380629301071167
76,visual,2.046870708465576,1.4168674945831299,Grocery,42,context_bilinear_absolute,False,104,2.046870708465576,1.4168674945831299
77,text,1.8219114542007446,1.5637925863265991,Grocery,42,context_bilinear_absolute,False,104,1.8219114542007446,1.5637925863265991
77,visual,2.061389684677124,1.4393396377563477,Grocery,42,context_bilinear_absolute,False,104,2.061389684677124,1.4393396377563477
78,text,1.8365710973739624,1.5897856950759888,Grocery,42,context_bilinear_absolute,False,104,1.8365710973739624,1.5897856950759888
78,visual,2.0744314193725586,1.4606817960739136,Grocery,42,context_bilinear_absolute,False,104,2.0744314193725586,1.4606817960739136
79,text,1.8538551330566406,1.6163673400878906,Grocery,42,context_bilinear_absolute,False,104,1.8538551330566406,1.6163673400878906
79,visual,2.0882575511932373,1.4817436933517456,Grocery,42,context_bilinear_absolute,False,104,2.0882575511932373,1.4817436933517456
80,text,1.870090126991272,1.6431185007095337,Grocery,42,context_bilinear_absolute,False,104,1.870090126991272,1.6431185007095337
80,visual,2.1014299392700195,1.5033472776412964,Grocery,42,context_bilinear_absolute,False,104,2.1014299392700195,1.5033472776412964
81,text,1.8855764865875244,1.6685714721679688,Grocery,42,context_bilinear_absolute,False,104,1.8855764865875244,1.6685714721679688
81,visual,2.114269495010376,1.5248805284500122,Grocery,42,context_bilinear_absolute,False,104,2.114269495010376,1.5248805284500122
82,text,1.9019583463668823,1.6932566165924072,Grocery,42,context_bilinear_absolute,False,104,1.9019583463668823,1.6932566165924072
82,visual,2.1277875900268555,1.546857237815857,Grocery,42,context_bilinear_absolute,False,104,2.1277875900268555,1.546857237815857
83,text,1.9181296825408936,1.7180531024932861,Grocery,42,context_bilinear_absolute,False,104,1.9181296825408936,1.7180531024932861
83,visual,2.142301082611084,1.56876540184021,Grocery,42,context_bilinear_absolute,False,104,2.142301082611084,1.56876540184021
84,text,1.9359043836593628,1.7429555654525757,Grocery,42,context_bilinear_absolute,False,104,1.9359043836593628,1.7429555654525757
84,visual,2.1574509143829346,1.5914639234542847,Grocery,42,context_bilinear_absolute,False,104,2.1574509143829346,1.5914639234542847
85,text,1.9535316228866577,1.7666115760803223,Grocery,42,context_bilinear_absolute,False,104,1.9535316228866577,1.7666115760803223
85,visual,2.1715240478515625,1.61288583278656,Grocery,42,context_bilinear_absolute,False,104,2.1715240478515625,1.61288583278656
86,text,1.9703093767166138,1.7905161380767822,Grocery,42,context_bilinear_absolute,False,104,1.9703093767166138,1.7905161380767822
86,visual,2.1849029064178467,1.6357364654541016,Grocery,42,context_bilinear_absolute,False,104,2.1849029064178467,1.6357364654541016
87,text,1.9851547479629517,1.8163485527038574,Grocery,42,context_bilinear_absolute,False,104,1.9851547479629517,1.8163485527038574
87,visual,2.197404623031616,1.6587306261062622,Grocery,42,context_bilinear_absolute,False,104,2.197404623031616,1.6587306261062622
88,text,1.9984972476959229,1.8419429063796997,Grocery,42,context_bilinear_absolute,False,104,1.9984972476959229,1.8419429063796997
88,visual,2.2093734741210938,1.6821467876434326,Grocery,42,context_bilinear_absolute,False,104,2.2093734741210938,1.6821467876434326
89,text,2.012277841567993,1.8660316467285156,Grocery,42,context_bilinear_absolute,False,104,2.012277841567993,1.8660316467285156
89,visual,2.2201805114746094,1.7029132843017578,Grocery,42,context_bilinear_absolute,False,104,2.2201805114746094,1.7029132843017578
90,text,2.027273416519165,1.8904815912246704,Grocery,42,context_bilinear_absolute,False,104,2.027273416519165,1.8904815912246704
90,visual,2.230050563812256,1.7225459814071655,Grocery,42,context_bilinear_absolute,False,104,2.230050563812256,1.7225459814071655
91,text,2.0410282611846924,1.914481520652771,Grocery,42,context_bilinear_absolute,False,104,2.0410282611846924,1.914481520652771
91,visual,2.239293098449707,1.743459701538086,Grocery,42,context_bilinear_absolute,False,104,2.239293098449707,1.743459701538086
92,text,2.053192377090454,1.938481330871582,Grocery,42,context_bilinear_absolute,False,104,2.053192377090454,1.938481330871582
92,visual,2.249147653579712,1.7657012939453125,Grocery,42,context_bilinear_absolute,False,104,2.249147653579712,1.7657012939453125
93,text,2.064452648162842,1.9593290090560913,Grocery,42,context_bilinear_absolute,False,104,2.064452648162842,1.9593290090560913
93,visual,2.259058952331543,1.786686658859253,Grocery,42,context_bilinear_absolute,False,104,2.259058952331543,1.786686658859253
94,text,2.0780293941497803,1.981839895248413,Grocery,42,context_bilinear_absolute,False,104,2.0780293941497803,1.981839895248413
94,visual,2.2695870399475098,1.8078806400299072,Grocery,42,context_bilinear_absolute,False,104,2.2695870399475098,1.8078806400299072
95,text,2.090336799621582,2.0051774978637695,Grocery,42,context_bilinear_absolute,False,104,2.090336799621582,2.0051774978637695
95,visual,2.2800118923187256,1.8294740915298462,Grocery,42,context_bilinear_absolute,False,104,2.2800118923187256,1.8294740915298462
96,text,2.101679563522339,2.0289788246154785,Grocery,42,context_bilinear_absolute,False,104,2.101679563522339,2.0289788246154785
96,visual,2.2901768684387207,1.8499149084091187,Grocery,42,context_bilinear_absolute,False,104,2.2901768684387207,1.8499149084091187
97,text,2.112921714782715,2.051133155822754,Grocery,42,context_bilinear_absolute,False,104,2.112921714782715,2.051133155822754
97,visual,2.2990856170654297,1.8690495491027832,Grocery,42,context_bilinear_absolute,False,104,2.2990856170654297,1.8690495491027832
98,text,2.1247012615203857,2.070286989212036,Grocery,42,context_bilinear_absolute,False,104,2.1247012615203857,2.070286989212036
98,visual,2.307478427886963,1.887777328491211,Grocery,42,context_bilinear_absolute,False,104,2.307478427886963,1.887777328491211
99,text,2.1377248764038086,2.0903265476226807,Grocery,42,context_bilinear_absolute,False,104,2.1377248764038086,2.0903265476226807
99,visual,2.314997911453247,1.9056382179260254,Grocery,42,context_bilinear_absolute,False,104,2.314997911453247,1.9056382179260254
100,text,2.1486470699310303,2.1100385189056396,Grocery,42,context_bilinear_absolute,False,104,2.1486470699310303,2.1100385189056396
100,visual,2.3217267990112305,1.9229800701141357,Grocery,42,context_bilinear_absolute,False,104,2.3217267990112305,1.9229800701141357
101,text,2.158329486846924,2.1297097206115723,Grocery,42,context_bilinear_absolute,False,104,2.158329486846924,2.1297097206115723
101,visual,2.3299896717071533,1.940534234046936,Grocery,42,context_bilinear_absolute,False,104,2.3299896717071533,1.940534234046936
102,text,2.1662445068359375,2.147648572921753,Grocery,42,context_bilinear_absolute,False,104,2.1662445068359375,2.147648572921753
102,visual,2.3394129276275635,1.9574639797210693,Grocery,42,context_bilinear_absolute,False,104,2.3394129276275635,1.9574639797210693
103,text,2.175581455230713,2.1657216548919678,Grocery,42,context_bilinear_absolute,False,104,2.175581455230713,2.1657216548919678
103,visual,2.3472743034362793,1.971856951713562,Grocery,42,context_bilinear_absolute,False,104,2.3472743034362793,1.971856951713562
104,text,2.1855454444885254,2.1844606399536133,Grocery,42,context_bilinear_absolute,True,104,2.1855454444885254,2.1844606399536133
104,visual,2.354388952255249,1.9860599040985107,Grocery,42,context_bilinear_absolute,True,104,2.354388952255249,1.9860599040985107
105,text,2.195347547531128,2.203397512435913,Grocery,42,context_bilinear_absolute,False,104,2.195347547531128,2.203397512435913
105,visual,2.3626017570495605,2.00266695022583,Grocery,42,context_bilinear_absolute,False,104,2.3626017570495605,2.00266695022583
106,text,2.2040855884552,2.2225019931793213,Grocery,42,context_bilinear_absolute,False,104,2.2040855884552,2.2225019931793213
106,visual,2.3694939613342285,2.019824743270874,Grocery,42,context_bilinear_absolute,False,104,2.3694939613342285,2.019824743270874
107,text,2.2134029865264893,2.2425537109375,Grocery,42,context_bilinear_absolute,False,104,2.2134029865264893,2.2425537109375
107,visual,2.3755574226379395,2.037173271179199,Grocery,42,context_bilinear_absolute,False,104,2.3755574226379395,2.037173271179199
108,text,2.2232577800750732,2.262815237045288,Grocery,42,context_bilinear_absolute,False,104,2.2232577800750732,2.262815237045288
108,visual,2.383350133895874,2.055077075958252,Grocery,42,context_bilinear_absolute,False,104,2.383350133895874,2.055077075958252
109,text,2.2321112155914307,2.2816710472106934,Grocery,42,context_bilinear_absolute,False,104,2.2321112155914307,2.2816710472106934
109,visual,2.3898372650146484,2.0702908039093018,Grocery,42,context_bilinear_absolute,False,104,2.3898372650146484,2.0702908039093018
110,text,2.2418370246887207,2.300541877746582,Grocery,42,context_bilinear_absolute,False,104,2.2418370246887207,2.300541877746582
110,visual,2.395217180252075,2.0836217403411865,Grocery,42,context_bilinear_absolute,False,104,2.395217180252075,2.0836217403411865
111,text,2.2515549659729004,2.3197455406188965,Grocery,42,context_bilinear_absolute,False,104,2.2515549659729004,2.3197455406188965
111,visual,2.4010257720947266,2.0970234870910645,Grocery,42,context_bilinear_absolute,False,104,2.4010257720947266,2.0970234870910645
112,text,2.260974168777466,2.3383312225341797,Grocery,42,context_bilinear_absolute,False,104,2.260974168777466,2.3383312225341797
112,visual,2.4089293479919434,2.1129398345947266,Grocery,42,context_bilinear_absolute,False,104,2.4089293479919434,2.1129398345947266
113,text,2.2690465450286865,2.355243444442749,Grocery,42,context_bilinear_absolute,False,104,2.2690465450286865,2.355243444442749
113,visual,2.4153125286102295,2.1290435791015625,Grocery,42,context_bilinear_absolute,False,104,2.4153125286102295,2.1290435791015625
114,text,2.2767391204833984,2.372544288635254,Grocery,42,context_bilinear_absolute,False,104,2.2767391204833984,2.372544288635254
114,visual,2.421170711517334,2.14552640914917,Grocery,42,context_bilinear_absolute,False,104,2.421170711517334,2.14552640914917
115,text,2.2843289375305176,2.3892626762390137,Grocery,42,context_bilinear_absolute,False,104,2.2843289375305176,2.3892626762390137
115,visual,2.4273219108581543,2.1623268127441406,Grocery,42,context_bilinear_absolute,False,104,2.4273219108581543,2.1623268127441406
116,text,2.292489767074585,2.4054603576660156,Grocery,42,context_bilinear_absolute,False,104,2.292489767074585,2.4054603576660156
116,visual,2.433803081512451,2.177870035171509,Grocery,42,context_bilinear_absolute,False,104,2.433803081512451,2.177870035171509
117,text,2.299651861190796,2.4213922023773193,Grocery,42,context_bilinear_absolute,False,104,2.299651861190796,2.4213922023773193
117,visual,2.437757730484009,2.1916682720184326,Grocery,42,context_bilinear_absolute,False,104,2.437757730484009,2.1916682720184326
118,text,2.306203603744507,2.4374747276306152,Grocery,42,context_bilinear_absolute,False,104,2.306203603744507,2.4374747276306152
118,visual,2.4384725093841553,2.2049143314361572,Grocery,42,context_bilinear_absolute,False,104,2.4384725093841553,2.2049143314361572
119,text,2.312497138977051,2.4536550045013428,Grocery,42,context_bilinear_absolute,False,104,2.312497138977051,2.4536550045013428
119,visual,2.4398932456970215,2.2181332111358643,Grocery,42,context_bilinear_absolute,False,104,2.4398932456970215,2.2181332111358643
120,text,2.3193845748901367,2.470045804977417,Grocery,42,context_bilinear_absolute,False,104,2.3193845748901367,2.470045804977417
120,visual,2.442563056945801,2.2324492931365967,Grocery,42,context_bilinear_absolute,False,104,2.442563056945801,2.2324492931365967
121,text,2.328151226043701,2.486780881881714,Grocery,42,context_bilinear_absolute,False,104,2.328151226043701,2.486780881881714
121,visual,2.446260690689087,2.245100498199463,Grocery,42,context_bilinear_absolute,False,104,2.446260690689087,2.245100498199463
122,text,2.3369803428649902,2.503697395324707,Grocery,42,context_bilinear_absolute,False,104,2.3369803428649902,2.503697395324707
122,visual,2.4485361576080322,2.255593776702881,Grocery,42,context_bilinear_absolute,False,104,2.4485361576080322,2.255593776702881
123,text,2.3454484939575195,2.51849365234375,Grocery,42,context_bilinear_absolute,False,104,2.3454484939575195,2.51849365234375
123,visual,2.4515421390533447,2.265949010848999,Grocery,42,context_bilinear_absolute,False,104,2.4515421390533447,2.265949010848999
124,text,2.352666139602661,2.530717134475708,Grocery,42,context_bilinear_absolute,False,104,2.352666139602661,2.530717134475708
124,visual,2.456620216369629,2.277442216873169,Grocery,42,context_bilinear_absolute,False,104,2.456620216369629,2.277442216873169
125,text,2.3608767986297607,2.5447802543640137,Grocery,42,context_bilinear_absolute,False,104,2.3608767986297607,2.5447802543640137
125,visual,2.464425563812256,2.29009747505188,Grocery,42,context_bilinear_absolute,False,104,2.464425563812256,2.29009747505188
126,text,2.3697612285614014,2.5589404106140137,Grocery,42,context_bilinear_absolute,False,104,2.3697612285614014,2.5589404106140137
126,visual,2.4723172187805176,2.3026106357574463,Grocery,42,context_bilinear_absolute,False,104,2.4723172187805176,2.3026106357574463
127,text,2.3785221576690674,2.5751118659973145,Grocery,42,context_bilinear_absolute,False,104,2.3785221576690674,2.5751118659973145
127,visual,2.4801228046417236,2.315282106399536,Grocery,42,context_bilinear_absolute,False,104,2.4801228046417236,2.315282106399536
128,text,2.3881900310516357,2.591275691986084,Grocery,42,context_bilinear_absolute,False,104,2.3881900310516357,2.591275691986084
128,visual,2.4903976917266846,2.3289482593536377,Grocery,42,context_bilinear_absolute,False,104,2.4903976917266846,2.3289482593536377
129,text,2.3968827724456787,2.6071341037750244,Grocery,42,context_bilinear_absolute,False,104,2.3968827724456787,2.6071341037750244
129,visual,2.501023530960083,2.3437986373901367,Grocery,42,context_bilinear_absolute,False,104,2.501023530960083,2.3437986373901367
130,text,2.404419183731079,2.625030994415283,Grocery,42,context_bilinear_absolute,False,104,2.404419183731079,2.625030994415283
130,visual,2.5088484287261963,2.357869863510132,Grocery,42,context_bilinear_absolute,False,104,2.5088484287261963,2.357869863510132
131,text,2.4124016761779785,2.643582820892334,Grocery,42,context_bilinear_absolute,False,104,2.4124016761779785,2.643582820892334
131,visual,2.5165328979492188,2.372332811355591,Grocery,42,context_bilinear_absolute,False,104,2.5165328979492188,2.372332811355591
132,text,2.4206624031066895,2.661120653152466,Grocery,42,context_bilinear_absolute,False,104,2.4206624031066895,2.661120653152466
132,visual,2.523714780807495,2.3863935470581055,Grocery,42,context_bilinear_absolute,False,104,2.523714780807495,2.3863935470581055
133,text,2.4304988384246826,2.679264545440674,Grocery,42,context_bilinear_absolute,False,104,2.4304988384246826,2.679264545440674
133,visual,2.531860113143921,2.4020113945007324,Grocery,42,context_bilinear_absolute,False,104,2.531860113143921,2.4020113945007324
134,text,2.4399867057800293,2.695866346359253,Grocery,42,context_bilinear_absolute,False,104,2.4399867057800293,2.695866346359253
134,visual,2.5390541553497314,2.417233943939209,Grocery,42,context_bilinear_absolute,False,104,2.5390541553497314,2.417233943939209
1,text,0.08969870954751968,0.0,Grocery,42,context_bilinear_delta,False,121,0.08969870954751968,0.0
1,visual,0.0899578407406807,0.0,Grocery,42,context_bilinear_delta,False,121,0.0899578407406807,0.0
2,text,0.1358528584241867,0.019609281793236732,Grocery,42,context_bilinear_delta,False,121,0.1358528584241867,0.019609281793236732
2,visual,0.13874506950378418,0.02201150730252266,Grocery,42,context_bilinear_delta,False,121,0.13874506950378418,0.02201150730252266
3,text,0.17130352556705475,0.03569255396723747,Grocery,42,context_bilinear_delta,False,121,0.17130352556705475,0.03569255396723747
3,visual,0.17742760479450226,0.04117027297616005,Grocery,42,context_bilinear_delta,False,121,0.17742760479450226,0.04117027297616005
4,text,0.2043340504169464,0.049652282148599625,Grocery,42,context_bilinear_delta,False,121,0.2043340504169464,0.049652282148599625
4,visual,0.21404223144054413,0.06069817394018173,Grocery,42,context_bilinear_delta,False,121,0.21404223144054413,0.06069817394018173
5,text,0.2371794879436493,0.062375862151384354,Grocery,42,context_bilinear_delta,False,121,0.2371794879436493,0.062375862151384354
5,visual,0.2511993646621704,0.08028281480073929,Grocery,42,context_bilinear_delta,False,121,0.2511993646621704,0.08028281480073929
6,text,0.26806026697158813,0.07499408721923828,Grocery,42,context_bilinear_delta,False,121,0.26806026697158813,0.07499408721923828
6,visual,0.2887450158596039,0.1008249968290329,Grocery,42,context_bilinear_delta,False,121,0.2887450158596039,0.1008249968290329
7,text,0.2955890893936157,0.08476556092500687,Grocery,42,context_bilinear_delta,False,121,0.2955890893936157,0.08476556092500687
7,visual,0.32484087347984314,0.12150372564792633,Grocery,42,context_bilinear_delta,False,121,0.32484087347984314,0.12150372564792633
8,text,0.32259419560432434,0.09673351049423218,Grocery,42,context_bilinear_delta,False,121,0.32259419560432434,0.09673351049423218
8,visual,0.36024701595306396,0.14214938879013062,Grocery,42,context_bilinear_delta,False,121,0.36024701595306396,0.14214938879013062
9,text,0.3482283651828766,0.10941784828901291,Grocery,42,context_bilinear_delta,False,121,0.3482283651828766,0.10941784828901291
9,visual,0.39562562108039856,0.1621347963809967,Grocery,42,context_bilinear_delta,False,121,0.39562562108039856,0.1621347963809967
10,text,0.37412285804748535,0.12315163016319275,Grocery,42,context_bilinear_delta,False,121,0.37412285804748535,0.12315163016319275
10,visual,0.43150922656059265,0.18331003189086914,Grocery,42,context_bilinear_delta,False,121,0.43150922656059265,0.18331003189086914
11,text,0.40102216601371765,0.13964809477329254,Grocery,42,context_bilinear_delta,False,121,0.40102216601371765,0.13964809477329254
11,visual,0.4673135280609131,0.20561379194259644,Grocery,42,context_bilinear_delta,False,121,0.4673135280609131,0.20561379194259644
12,text,0.4270496964454651,0.1564401388168335,Grocery,42,context_bilinear_delta,False,121,0.4270496964454651,0.1564401388168335
12,visual,0.5035527348518372,0.22839990258216858,Grocery,42,context_bilinear_delta,False,121,0.5035527348518372,0.22839990258216858
13,text,0.4528284966945648,0.17236855626106262,Grocery,42,context_bilinear_delta,False,121,0.4528284966945648,0.17236855626106262
13,visual,0.5394149422645569,0.25130993127822876,Grocery,42,context_bilinear_delta,False,121,0.5394149422645569,0.25130993127822876
14,text,0.4779082238674164,0.18700605630874634,Grocery,42,context_bilinear_delta,False,121,0.4779082238674164,0.18700605630874634
14,visual,0.575007438659668,0.2748156487941742,Grocery,42,context_bilinear_delta,False,121,0.575007438659668,0.2748156487941742
15,text,0.5041808485984802,0.20218218863010406,Grocery,42,context_bilinear_delta,False,121,0.5041808485984802,0.20218218863010406
15,visual,0.6096398234367371,0.2970871329307556,Grocery,42,context_bilinear_delta,False,121,0.6096398234367371,0.2970871329307556
16,text,0.5299554467201233,0.21795709431171417,Grocery,42,context_bilinear_delta,False,121,0.5299554467201233,0.21795709431171417
16,visual,0.6434742212295532,0.3194732367992401,Grocery,42,context_bilinear_delta,False,121,0.6434742212295532,0.3194732367992401
17,text,0.5566906332969666,0.23534420132637024,Grocery,42,context_bilinear_delta,False,121,0.5566906332969666,0.23534420132637024
17,visual,0.6757451891899109,0.3404961824417114,Grocery,42,context_bilinear_delta,False,121,0.6757451891899109,0.3404961824417114
18,text,0.5808879733085632,0.25082927942276,Grocery,42,context_bilinear_delta,False,121,0.5808879733085632,0.25082927942276
18,visual,0.7080637216567993,0.3627692759037018,Grocery,42,context_bilinear_delta,False,121,0.7080637216567993,0.3627692759037018
19,text,0.6064351797103882,0.2667396664619446,Grocery,42,context_bilinear_delta,False,121,0.6064351797103882,0.2667396664619446
19,visual,0.7391805052757263,0.3837324380874634,Grocery,42,context_bilinear_delta,False,121,0.7391805052757263,0.3837324380874634
20,text,0.6318244934082031,0.2815094292163849,Grocery,42,context_bilinear_delta,False,121,0.6318244934082031,0.2815094292163849
20,visual,0.7701253890991211,0.4053567051887512,Grocery,42,context_bilinear_delta,False,121,0.7701253890991211,0.4053567051887512
21,text,0.6569055914878845,0.29771000146865845,Grocery,42,context_bilinear_delta,False,121,0.6569055914878845,0.29771000146865845
21,visual,0.8011344075202942,0.42789968848228455,Grocery,42,context_bilinear_delta,False,121,0.8011344075202942,0.42789968848228455
22,text,0.6824087500572205,0.3131888508796692,Grocery,42,context_bilinear_delta,False,121,0.6824087500572205,0.3131888508796692
22,visual,0.8317006826400757,0.45110565423965454,Grocery,42,context_bilinear_delta,False,121,0.8317006826400757,0.45110565423965454
23,text,0.7077019214630127,0.3285624384880066,Grocery,42,context_bilinear_delta,False,121,0.7077019214630127,0.3285624384880066
23,visual,0.8629619479179382,0.4754357933998108,Grocery,42,context_bilinear_delta,False,121,0.8629619479179382,0.4754357933998108
24,text,0.7328560948371887,0.3447832763195038,Grocery,42,context_bilinear_delta,False,121,0.7328560948371887,0.3447832763195038
24,visual,0.8941400051116943,0.49979594349861145,Grocery,42,context_bilinear_delta,False,121,0.8941400051116943,0.49979594349861145
25,text,0.7581040263175964,0.36116254329681396,Grocery,42,context_bilinear_delta,False,121,0.7581040263175964,0.36116254329681396
25,visual,0.9263252019882202,0.524200975894928,Grocery,42,context_bilinear_delta,False,121,0.9263252019882202,0.524200975894928
26,text,0.783870279788971,0.3788706064224243,Grocery,42,context_bilinear_delta,False,121,0.783870279788971,0.3788706064224243
26,visual,0.9603116512298584,0.5508036613464355,Grocery,42,context_bilinear_delta,False,121,0.9603116512298584,0.5508036613464355
27,text,0.809497594833374,0.3984701931476593,Grocery,42,context_bilinear_delta,False,121,0.809497594833374,0.3984701931476593
27,visual,0.9958919882774353,0.5791712403297424,Grocery,42,context_bilinear_delta,False,121,0.9958919882774353,0.5791712403297424
28,text,0.8360285758972168,0.41859349608421326,Grocery,42,context_bilinear_delta,False,121,0.8360285758972168,0.41859349608421326
28,visual,1.032069444656372,0.6090092062950134,Grocery,42,context_bilinear_delta,False,121,1.032069444656372,0.6090092062950134
29,text,0.8615981340408325,0.43877875804901123,Grocery,42,context_bilinear_delta,False,121,0.8615981340408325,0.43877875804901123
29,visual,1.068505048751831,0.6385088562965393,Grocery,42,context_bilinear_delta,False,121,1.068505048751831,0.6385088562965393
30,text,0.8866898417472839,0.4580231308937073,Grocery,42,context_bilinear_delta,False,121,0.8866898417472839,0.4580231308937073
30,visual,1.1034334897994995,0.6671093702316284,Grocery,42,context_bilinear_delta,False,121,1.1034334897994995,0.6671093702316284
31,text,0.9100974202156067,0.47615665197372437,Grocery,42,context_bilinear_delta,False,121,0.9100974202156067,0.47615665197372437
31,visual,1.1373347043991089,0.6893907189369202,Grocery,42,context_bilinear_delta,False,121,1.1373347043991089,0.6893907189369202
32,text,0.934227705001831,0.49665626883506775,Grocery,42,context_bilinear_delta,False,121,0.934227705001831,0.49665626883506775
32,visual,1.1714104413986206,0.7124178409576416,Grocery,42,context_bilinear_delta,False,121,1.1714104413986206,0.7124178409576416
33,text,0.9596940875053406,0.5173302292823792,Grocery,42,context_bilinear_delta,False,121,0.9596940875053406,0.5173302292823792
33,visual,1.2055954933166504,0.7362261414527893,Grocery,42,context_bilinear_delta,False,121,1.2055954933166504,0.7362261414527893
34,text,0.9827419519424438,0.5369264483451843,Grocery,42,context_bilinear_delta,False,121,0.9827419519424438,0.5369264483451843
34,visual,1.2333025932312012,0.7473410367965698,Grocery,42,context_bilinear_delta,False,121,1.2333025932312012,0.7473410367965698
35,text,1.0041979551315308,0.5568227171897888,Grocery,42,context_bilinear_delta,False,121,1.0041979551315308,0.5568227171897888
35,visual,1.2559868097305298,0.7499291300773621,Grocery,42,context_bilinear_delta,False,121,1.2559868097305298,0.7499291300773621
36,text,1.0254828929901123,0.5750564932823181,Grocery,42,context_bilinear_delta,False,121,1.0254828929901123,0.5750564932823181
36,visual,1.2776110172271729,0.7537736296653748,Grocery,42,context_bilinear_delta,False,121,1.2776110172271729,0.7537736296653748
37,text,1.0467782020568848,0.5921352505683899,Grocery,42,context_bilinear_delta,False,121,1.0467782020568848,0.5921352505683899
37,visual,1.2987200021743774,0.7588657140731812,Grocery,42,context_bilinear_delta,False,121,1.2987200021743774,0.7588657140731812
38,text,1.0663731098175049,0.6092714667320251,Grocery,42,context_bilinear_delta,False,121,1.0663731098175049,0.6092714667320251
38,visual,1.3189432621002197,0.7631211876869202,Grocery,42,context_bilinear_delta,False,121,1.3189432621002197,0.7631211876869202
39,text,1.0855538845062256,0.6278735399246216,Grocery,42,context_bilinear_delta,False,121,1.0855538845062256,0.6278735399246216
39,visual,1.3385173082351685,0.7650154232978821,Grocery,42,context_bilinear_delta,False,121,1.3385173082351685,0.7650154232978821
40,text,1.1041014194488525,0.6443938612937927,Grocery,42,context_bilinear_delta,False,121,1.1041014194488525,0.6443938612937927
40,visual,1.3575904369354248,0.7683433294296265,Grocery,42,context_bilinear_delta,False,121,1.3575904369354248,0.7683433294296265
41,text,1.122549295425415,0.661249041557312,Grocery,42,context_bilinear_delta,False,121,1.122549295425415,0.661249041557312
41,visual,1.3777483701705933,0.7731712460517883,Grocery,42,context_bilinear_delta,False,121,1.3777483701705933,0.7731712460517883
42,text,1.1393955945968628,0.6763593554496765,Grocery,42,context_bilinear_delta,False,121,1.1393955945968628,0.6763593554496765
42,visual,1.3978023529052734,0.7784668207168579,Grocery,42,context_bilinear_delta,False,121,1.3978023529052734,0.7784668207168579
43,text,1.1549049615859985,0.6870639324188232,Grocery,42,context_bilinear_delta,False,121,1.1549049615859985,0.6870639324188232
43,visual,1.4188165664672852,0.785000205039978,Grocery,42,context_bilinear_delta,False,121,1.4188165664672852,0.785000205039978
44,text,1.1708714962005615,0.6976253390312195,Grocery,42,context_bilinear_delta,False,121,1.1708714962005615,0.6976253390312195
44,visual,1.4386544227600098,0.791603147983551,Grocery,42,context_bilinear_delta,False,121,1.4386544227600098,0.791603147983551
45,text,1.1876544952392578,0.7105812430381775,Grocery,42,context_bilinear_delta,False,121,1.1876544952392578,0.7105812430381775
45,visual,1.4581841230392456,0.7961217164993286,Grocery,42,context_bilinear_delta,False,121,1.4581841230392456,0.7961217164993286
46,text,1.2047555446624756,0.7244138121604919,Grocery,42,context_bilinear_delta,False,121,1.2047555446624756,0.7244138121604919
46,visual,1.4787501096725464,0.7987816333770752,Grocery,42,context_bilinear_delta,False,121,1.4787501096725464,0.7987816333770752
47,text,1.2208291292190552,0.7343982458114624,Grocery,42,context_bilinear_delta,False,121,1.2208291292190552,0.7343982458114624
47,visual,1.4995391368865967,0.8032562136650085,Grocery,42,context_bilinear_delta,False,121,1.4995391368865967,0.8032562136650085
48,text,1.237084150314331,0.743579089641571,Grocery,42,context_bilinear_delta,False,121,1.237084150314331,0.743579089641571
48,visual,1.5213778018951416,0.809400200843811,Grocery,42,context_bilinear_delta,False,121,1.5213778018951416,0.809400200843811
49,text,1.2537375688552856,0.7553755044937134,Grocery,42,context_bilinear_delta,False,121,1.2537375688552856,0.7553755044937134
49,visual,1.541774034500122,0.8131549954414368,Grocery,42,context_bilinear_delta,False,121,1.541774034500122,0.8131549954414368
50,text,1.271659255027771,0.7671574354171753,Grocery,42,context_bilinear_delta,False,121,1.271659255027771,0.7671574354171753
50,visual,1.5616034269332886,0.8159661889076233,Grocery,42,context_bilinear_delta,False,121,1.5616034269332886,0.8159661889076233
51,text,1.2906157970428467,0.7788665890693665,Grocery,42,context_bilinear_delta,False,121,1.2906157970428467,0.7788665890693665
51,visual,1.581050157546997,0.818828284740448,Grocery,42,context_bilinear_delta,False,121,1.581050157546997,0.818828284740448
52,text,1.3082554340362549,0.7903560400009155,Grocery,42,context_bilinear_delta,False,121,1.3082554340362549,0.7903560400009155
52,visual,1.5991896390914917,0.8205652236938477,Grocery,42,context_bilinear_delta,False,121,1.5991896390914917,0.8205652236938477
53,text,1.3235985040664673,0.7980861663818359,Grocery,42,context_bilinear_delta,False,121,1.3235985040664673,0.7980861663818359
53,visual,1.6174094676971436,0.8247856497764587,Grocery,42,context_bilinear_delta,False,121,1.6174094676971436,0.8247856497764587
54,text,1.340212106704712,0.8055098652839661,Grocery,42,context_bilinear_delta,False,121,1.340212106704712,0.8055098652839661
54,visual,1.6350584030151367,0.8309513330459595,Grocery,42,context_bilinear_delta,False,121,1.6350584030151367,0.8309513330459595
55,text,1.3585108518600464,0.8172640800476074,Grocery,42,context_bilinear_delta,False,121,1.3585108518600464,0.8172640800476074
55,visual,1.650705337524414,0.8329905867576599,Grocery,42,context_bilinear_delta,False,121,1.650705337524414,0.8329905867576599
56,text,1.3781015872955322,0.8293939828872681,Grocery,42,context_bilinear_delta,False,121,1.3781015872955322,0.8293939828872681
56,visual,1.6647533178329468,0.8317371010780334,Grocery,42,context_bilinear_delta,False,121,1.6647533178329468,0.8317371010780334
57,text,1.3981016874313354,0.8403466939926147,Grocery,42,context_bilinear_delta,False,121,1.3981016874313354,0.8403466939926147
57,visual,1.67953622341156,0.8336648941040039,Grocery,42,context_bilinear_delta,False,121,1.67953622341156,0.8336648941040039
58,text,1.4169995784759521,0.8519952893257141,Grocery,42,context_bilinear_delta,False,121,1.4169995784759521,0.8519952893257141
58,visual,1.6957794427871704,0.8369705080986023,Grocery,42,context_bilinear_delta,False,121,1.6957794427871704,0.8369705080986023
59,text,1.4359157085418701,0.8632726669311523,Grocery,42,context_bilinear_delta,False,121,1.4359157085418701,0.8632726669311523
59,visual,1.7134809494018555,0.8419967889785767,Grocery,42,context_bilinear_delta,False,121,1.7134809494018555,0.8419967889785767
60,text,1.4554680585861206,0.875846803188324,Grocery,42,context_bilinear_delta,False,121,1.4554680585861206,0.875846803188324
60,visual,1.7310330867767334,0.8466304540634155,Grocery,42,context_bilinear_delta,False,121,1.7310330867767334,0.8466304540634155
61,text,1.4768811464309692,0.8897355198860168,Grocery,42,context_bilinear_delta,False,121,1.4768811464309692,0.8897355198860168
61,visual,1.7482035160064697,0.8488981127738953,Grocery,42,context_bilinear_delta,False,121,1.7482035160064697,0.8488981127738953
62,text,1.4974735975265503,0.9003889560699463,Grocery,42,context_bilinear_delta,False,121,1.4974735975265503,0.9003889560699463
62,visual,1.765939474105835,0.8540423512458801,Grocery,42,context_bilinear_delta,False,121,1.765939474105835,0.8540423512458801
63,text,1.517204761505127,0.9138029217720032,Grocery,42,context_bilinear_delta,False,121,1.517204761505127,0.9138029217720032
63,visual,1.7840296030044556,0.8606321215629578,Grocery,42,context_bilinear_delta,False,121,1.7840296030044556,0.8606321215629578
64,text,1.5367110967636108,0.9271131157875061,Grocery,42,context_bilinear_delta,False,121,1.5367110967636108,0.9271131157875061
64,visual,1.8024754524230957,0.867878794670105,Grocery,42,context_bilinear_delta,False,121,1.8024754524230957,0.867878794670105
65,text,1.556204915046692,0.9398534297943115,Grocery,42,context_bilinear_delta,False,121,1.556204915046692,0.9398534297943115
65,visual,1.8191086053848267,0.8731318116188049,Grocery,42,context_bilinear_delta,False,121,1.8191086053848267,0.8731318116188049
66,text,1.5773817300796509,0.9539588689804077,Grocery,42,context_bilinear_delta,False,121,1.5773817300796509,0.9539588689804077
66,visual,1.8344379663467407,0.8772240281105042,Grocery,42,context_bilinear_delta,False,121,1.8344379663467407,0.8772240281105042
67,text,1.5996216535568237,0.9667026400566101,Grocery,42,context_bilinear_delta,False,121,1.5996216535568237,0.9667026400566101
67,visual,1.8489755392074585,0.8802553415298462,Grocery,42,context_bilinear_delta,False,121,1.8489755392074585,0.8802553415298462
68,text,1.6220688819885254,0.981174647808075,Grocery,42,context_bilinear_delta,False,121,1.6220688819885254,0.981174647808075
68,visual,1.864847183227539,0.8860790133476257,Grocery,42,context_bilinear_delta,False,121,1.864847183227539,0.8860790133476257
69,text,1.6432766914367676,0.9930368065834045,Grocery,42,context_bilinear_delta,False,121,1.6432766914367676,0.9930368065834045
69,visual,1.8817321062088013,0.8934600949287415,Grocery,42,context_bilinear_delta,False,121,1.8817321062088013,0.8934600949287415
70,text,1.6622638702392578,1.0055898427963257,Grocery,42,context_bilinear_delta,False,121,1.6622638702392578,1.0055898427963257
70,visual,1.8981969356536865,0.8998077511787415,Grocery,42,context_bilinear_delta,False,121,1.8981969356536865,0.8998077511787415
71,text,1.6802294254302979,1.0156230926513672,Grocery,42,context_bilinear_delta,False,121,1.6802294254302979,1.0156230926513672
71,visual,1.9150443077087402,0.9060766696929932,Grocery,42,context_bilinear_delta,False,121,1.9150443077087402,0.9060766696929932
72,text,1.7008956670761108,1.0264114141464233,Grocery,42,context_bilinear_delta,False,121,1.7008956670761108,1.0264114141464233
72,visual,1.9320847988128662,0.9109641909599304,Grocery,42,context_bilinear_delta,False,121,1.9320847988128662,0.9109641909599304
73,text,1.7207355499267578,1.0358086824417114,Grocery,42,context_bilinear_delta,False,121,1.7207355499267578,1.0358086824417114
73,visual,1.9494563341140747,0.9169102311134338,Grocery,42,context_bilinear_delta,False,121,1.9494563341140747,0.9169102311134338
74,text,1.7403374910354614,1.0461972951889038,Grocery,42,context_bilinear_delta,False,121,1.7403374910354614,1.0461972951889038
74,visual,1.9686373472213745,0.9256088137626648,Grocery,42,context_bilinear_delta,False,121,1.9686373472213745,0.9256088137626648
75,text,1.7599706649780273,1.0565897226333618,Grocery,42,context_bilinear_delta,False,121,1.7599706649780273,1.0565897226333618
75,visual,1.987660527229309,0.9352123737335205,Grocery,42,context_bilinear_delta,False,121,1.987660527229309,0.9352123737335205
76,text,1.7799779176712036,1.066689372062683,Grocery,42,context_bilinear_delta,False,121,1.7799779176712036,1.066689372062683
76,visual,2.0049867630004883,0.9424755573272705,Grocery,42,context_bilinear_delta,False,121,2.0049867630004883,0.9424755573272705
77,text,1.8000154495239258,1.075864315032959,Grocery,42,context_bilinear_delta,False,121,1.8000154495239258,1.075864315032959
77,visual,2.021937370300293,0.948829710483551,Grocery,42,context_bilinear_delta,False,121,2.021937370300293,0.948829710483551
78,text,1.8194137811660767,1.0869373083114624,Grocery,42,context_bilinear_delta,False,121,1.8194137811660767,1.0869373083114624
78,visual,2.037489175796509,0.955928385257721,Grocery,42,context_bilinear_delta,False,121,2.037489175796509,0.955928385257721
79,text,1.8372896909713745,1.0935183763504028,Grocery,42,context_bilinear_delta,False,121,1.8372896909713745,1.0935183763504028
79,visual,2.0521390438079834,0.9643120765686035,Grocery,42,context_bilinear_delta,False,121,2.0521390438079834,0.9643120765686035
80,text,1.8529167175292969,1.1012917757034302,Grocery,42,context_bilinear_delta,False,121,1.8529167175292969,1.1012917757034302
80,visual,2.0648725032806396,0.9710155725479126,Grocery,42,context_bilinear_delta,False,121,2.0648725032806396,0.9710155725479126
81,text,1.8689931631088257,1.1093363761901855,Grocery,42,context_bilinear_delta,False,121,1.8689931631088257,1.1093363761901855
81,visual,2.07802677154541,0.9779674410820007,Grocery,42,context_bilinear_delta,False,121,2.07802677154541,0.9779674410820007
82,text,1.8842741250991821,1.1167844533920288,Grocery,42,context_bilinear_delta,False,121,1.8842741250991821,1.1167844533920288
82,visual,2.0896944999694824,0.9844886064529419,Grocery,42,context_bilinear_delta,False,121,2.0896944999694824,0.9844886064529419
83,text,1.9000587463378906,1.1247209310531616,Grocery,42,context_bilinear_delta,False,121,1.9000587463378906,1.1247209310531616
83,visual,2.101424217224121,0.9914827346801758,Grocery,42,context_bilinear_delta,False,121,2.101424217224121,0.9914827346801758
84,text,1.9156664609909058,1.1334344148635864,Grocery,42,context_bilinear_delta,False,121,1.9156664609909058,1.1334344148635864
84,visual,2.1132419109344482,0.9982670545578003,Grocery,42,context_bilinear_delta,False,121,2.1132419109344482,0.9982670545578003
85,text,1.9310228824615479,1.1421254873275757,Grocery,42,context_bilinear_delta,False,121,1.9310228824615479,1.1421254873275757
85,visual,2.1245880126953125,1.0046807527542114,Grocery,42,context_bilinear_delta,False,121,2.1245880126953125,1.0046807527542114
86,text,1.9460370540618896,1.150373935699463,Grocery,42,context_bilinear_delta,False,121,1.9460370540618896,1.150373935699463
86,visual,2.1356821060180664,1.013350486755371,Grocery,42,context_bilinear_delta,False,121,2.1356821060180664,1.013350486755371
87,text,1.960979700088501,1.158704161643982,Grocery,42,context_bilinear_delta,False,121,1.960979700088501,1.158704161643982
87,visual,2.1466727256774902,1.0231796503067017,Grocery,42,context_bilinear_delta,False,121,2.1466727256774902,1.0231796503067017
88,text,1.9756145477294922,1.1689287424087524,Grocery,42,context_bilinear_delta,False,121,1.9756145477294922,1.1689287424087524
88,visual,2.157170534133911,1.0328223705291748,Grocery,42,context_bilinear_delta,False,121,2.157170534133911,1.0328223705291748
89,text,1.9898335933685303,1.1789027452468872,Grocery,42,context_bilinear_delta,False,121,1.9898335933685303,1.1789027452468872
89,visual,2.167431116104126,1.0411396026611328,Grocery,42,context_bilinear_delta,False,121,2.167431116104126,1.0411396026611328
90,text,2.0040531158447266,1.189226746559143,Grocery,42,context_bilinear_delta,False,121,2.0040531158447266,1.189226746559143
90,visual,2.1782402992248535,1.0493104457855225,Grocery,42,context_bilinear_delta,False,121,2.1782402992248535,1.0493104457855225
91,text,2.0172505378723145,1.1992043256759644,Grocery,42,context_bilinear_delta,False,121,2.0172505378723145,1.1992043256759644
91,visual,2.189157485961914,1.0591298341751099,Grocery,42,context_bilinear_delta,False,121,2.189157485961914,1.0591298341751099
92,text,2.030092477798462,1.206879734992981,Grocery,42,context_bilinear_delta,False,121,2.030092477798462,1.206879734992981
92,visual,2.1998467445373535,1.0719070434570312,Grocery,42,context_bilinear_delta,False,121,2.1998467445373535,1.0719070434570312
93,text,2.042937755584717,1.2165441513061523,Grocery,42,context_bilinear_delta,False,121,2.042937755584717,1.2165441513061523
93,visual,2.2078843116760254,1.081748127937317,Grocery,42,context_bilinear_delta,False,121,2.2078843116760254,1.081748127937317
94,text,2.056016206741333,1.2258777618408203,Grocery,42,context_bilinear_delta,False,121,2.056016206741333,1.2258777618408203
94,visual,2.216508626937866,1.0910202264785767,Grocery,42,context_bilinear_delta,False,121,2.216508626937866,1.0910202264785767
95,text,2.0686206817626953,1.2367979288101196,Grocery,42,context_bilinear_delta,False,121,2.0686206817626953,1.2367979288101196
95,visual,2.2257137298583984,1.099977970123291,Grocery,42,context_bilinear_delta,False,121,2.2257137298583984,1.099977970123291
96,text,2.080368995666504,1.247423768043518,Grocery,42,context_bilinear_delta,False,121,2.080368995666504,1.247423768043518
96,visual,2.2350735664367676,1.1096242666244507,Grocery,42,context_bilinear_delta,False,121,2.2350735664367676,1.1096242666244507
97,text,2.0929160118103027,1.2602883577346802,Grocery,42,context_bilinear_delta,False,121,2.0929160118103027,1.2602883577346802
97,visual,2.2446539402008057,1.1201503276824951,Grocery,42,context_bilinear_delta,False,121,2.2446539402008057,1.1201503276824951
98,text,2.106919527053833,1.272058129310608,Grocery,42,context_bilinear_delta,False,121,2.106919527053833,1.272058129310608
98,visual,2.2548105716705322,1.1319637298583984,Grocery,42,context_bilinear_delta,False,121,2.2548105716705322,1.1319637298583984
99,text,2.1201651096343994,1.2831056118011475,Grocery,42,context_bilinear_delta,False,121,2.1201651096343994,1.2831056118011475
99,visual,2.2630703449249268,1.1426060199737549,Grocery,42,context_bilinear_delta,False,121,2.2630703449249268,1.1426060199737549
100,text,2.1314711570739746,1.2932628393173218,Grocery,42,context_bilinear_delta,False,121,2.1314711570739746,1.2932628393173218
100,visual,2.27260160446167,1.1536834239959717,Grocery,42,context_bilinear_delta,False,121,2.27260160446167,1.1536834239959717
101,text,2.1417529582977295,1.3038233518600464,Grocery,42,context_bilinear_delta,False,121,2.1417529582977295,1.3038233518600464
101,visual,2.2821500301361084,1.1646275520324707,Grocery,42,context_bilinear_delta,False,121,2.2821500301361084,1.1646275520324707
102,text,2.1495885848999023,1.3153709173202515,Grocery,42,context_bilinear_delta,False,121,2.1495885848999023,1.3153709173202515
102,visual,2.291443109512329,1.1748884916305542,Grocery,42,context_bilinear_delta,False,121,2.291443109512329,1.1748884916305542
103,text,2.157484531402588,1.3256988525390625,Grocery,42,context_bilinear_delta,False,121,2.157484531402588,1.3256988525390625
103,visual,2.3011629581451416,1.1851168870925903,Grocery,42,context_bilinear_delta,False,121,2.3011629581451416,1.1851168870925903
104,text,2.1662778854370117,1.3366285562515259,Grocery,42,context_bilinear_delta,False,121,2.1662778854370117,1.3366285562515259
104,visual,2.310533046722412,1.1959210634231567,Grocery,42,context_bilinear_delta,False,121,2.310533046722412,1.1959210634231567
105,text,2.1748595237731934,1.3481416702270508,Grocery,42,context_bilinear_delta,False,121,2.1748595237731934,1.3481416702270508
105,visual,2.3198282718658447,1.2070682048797607,Grocery,42,context_bilinear_delta,False,121,2.3198282718658447,1.2070682048797607
106,text,2.184556007385254,1.3582772016525269,Grocery,42,context_bilinear_delta,False,121,2.184556007385254,1.3582772016525269
106,visual,2.329094886779785,1.2180017232894897,Grocery,42,context_bilinear_delta,False,121,2.329094886779785,1.2180017232894897
107,text,2.1949570178985596,1.3690974712371826,Grocery,42,context_bilinear_delta,False,121,2.1949570178985596,1.3690974712371826
107,visual,2.335576057434082,1.2264060974121094,Grocery,42,context_bilinear_delta,False,121,2.335576057434082,1.2264060974121094
108,text,2.2048795223236084,1.3798280954360962,Grocery,42,context_bilinear_delta,False,121,2.2048795223236084,1.3798280954360962
108,visual,2.343323230743408,1.2360621690750122,Grocery,42,context_bilinear_delta,False,121,2.343323230743408,1.2360621690750122
109,text,2.2151198387145996,1.3921804428100586,Grocery,42,context_bilinear_delta,False,121,2.2151198387145996,1.3921804428100586
109,visual,2.3512532711029053,1.2474312782287598,Grocery,42,context_bilinear_delta,False,121,2.3512532711029053,1.2474312782287598
110,text,2.225315809249878,1.4035297632217407,Grocery,42,context_bilinear_delta,False,121,2.225315809249878,1.4035297632217407
110,visual,2.3595499992370605,1.2586559057235718,Grocery,42,context_bilinear_delta,False,121,2.3595499992370605,1.2586559057235718
111,text,2.236382246017456,1.4166799783706665,Grocery,42,context_bilinear_delta,False,121,2.236382246017456,1.4166799783706665
111,visual,2.3671417236328125,1.2675052881240845,Grocery,42,context_bilinear_delta,False,121,2.3671417236328125,1.2675052881240845
112,text,2.247162342071533,1.4295318126678467,Grocery,42,context_bilinear_delta,False,121,2.247162342071533,1.4295318126678467
112,visual,2.3748223781585693,1.276716709136963,Grocery,42,context_bilinear_delta,False,121,2.3748223781585693,1.276716709136963
113,text,2.257803201675415,1.44120192527771,Grocery,42,context_bilinear_delta,False,121,2.257803201675415,1.44120192527771
113,visual,2.383646011352539,1.2887078523635864,Grocery,42,context_bilinear_delta,False,121,2.383646011352539,1.2887078523635864
114,text,2.2685492038726807,1.4522416591644287,Grocery,42,context_bilinear_delta,False,121,2.2685492038726807,1.4522416591644287
114,visual,2.390730381011963,1.2988656759262085,Grocery,42,context_bilinear_delta,False,121,2.390730381011963,1.2988656759262085
115,text,2.2796809673309326,1.4629899263381958,Grocery,42,context_bilinear_delta,False,121,2.2796809673309326,1.4629899263381958
115,visual,2.396639108657837,1.307295799255371,Grocery,42,context_bilinear_delta,False,121,2.396639108657837,1.307295799255371
116,text,2.2911813259124756,1.4736826419830322,Grocery,42,context_bilinear_delta,False,121,2.2911813259124756,1.4736826419830322
116,visual,2.4034035205841064,1.3178730010986328,Grocery,42,context_bilinear_delta,False,121,2.4034035205841064,1.3178730010986328
117,text,2.300433397293091,1.484782338142395,Grocery,42,context_bilinear_delta,False,121,2.300433397293091,1.484782338142395
117,visual,2.4082272052764893,1.3276671171188354,Grocery,42,context_bilinear_delta,False,121,2.4082272052764893,1.3276671171188354
118,text,2.3088979721069336,1.4962996244430542,Grocery,42,context_bilinear_delta,False,121,2.3088979721069336,1.4962996244430542
118,visual,2.4117298126220703,1.3370306491851807,Grocery,42,context_bilinear_delta,False,121,2.4117298126220703,1.3370306491851807
119,text,2.3165082931518555,1.5068833827972412,Grocery,42,context_bilinear_delta,False,121,2.3165082931518555,1.5068833827972412
119,visual,2.4163873195648193,1.3462246656417847,Grocery,42,context_bilinear_delta,False,121,2.4163873195648193,1.3462246656417847
120,text,2.3241117000579834,1.5168739557266235,Grocery,42,context_bilinear_delta,False,121,2.3241117000579834,1.5168739557266235
120,visual,2.421827554702759,1.3556115627288818,Grocery,42,context_bilinear_delta,False,121,2.421827554702759,1.3556115627288818
121,text,2.3323276042938232,1.527679204940796,Grocery,42,context_bilinear_delta,True,121,2.3323276042938232,1.527679204940796
121,visual,2.426708936691284,1.3637418746948242,Grocery,42,context_bilinear_delta,True,121,2.426708936691284,1.3637418746948242
122,text,2.3410794734954834,1.538435697555542,Grocery,42,context_bilinear_delta,False,121,2.3410794734954834,1.538435697555542
122,visual,2.4321513175964355,1.3709737062454224,Grocery,42,context_bilinear_delta,False,121,2.4321513175964355,1.3709737062454224
123,text,2.3491313457489014,1.5485097169876099,Grocery,42,context_bilinear_delta,False,121,2.3491313457489014,1.5485097169876099
123,visual,2.438789129257202,1.379060983657837,Grocery,42,context_bilinear_delta,False,121,2.438789129257202,1.379060983657837
124,text,2.3563272953033447,1.5583672523498535,Grocery,42,context_bilinear_delta,False,121,2.3563272953033447,1.5583672523498535
124,visual,2.4458224773406982,1.388588309288025,Grocery,42,context_bilinear_delta,False,121,2.4458224773406982,1.388588309288025
125,text,2.364274740219116,1.5683265924453735,Grocery,42,context_bilinear_delta,False,121,2.364274740219116,1.5683265924453735
125,visual,2.452890634536743,1.3969107866287231,Grocery,42,context_bilinear_delta,False,121,2.452890634536743,1.3969107866287231
126,text,2.373464822769165,1.5773279666900635,Grocery,42,context_bilinear_delta,False,121,2.373464822769165,1.5773279666900635
126,visual,2.4604389667510986,1.404881477355957,Grocery,42,context_bilinear_delta,False,121,2.4604389667510986,1.404881477355957
127,text,2.3817827701568604,1.5864564180374146,Grocery,42,context_bilinear_delta,False,121,2.3817827701568604,1.5864564180374146
127,visual,2.4696712493896484,1.4148842096328735,Grocery,42,context_bilinear_delta,False,121,2.4696712493896484,1.4148842096328735
128,text,2.3886525630950928,1.5968691110610962,Grocery,42,context_bilinear_delta,False,121,2.3886525630950928,1.5968691110610962
128,visual,2.4779317378997803,1.424209713935852,Grocery,42,context_bilinear_delta,False,121,2.4779317378997803,1.424209713935852
129,text,2.396369457244873,1.6086398363113403,Grocery,42,context_bilinear_delta,False,121,2.396369457244873,1.6086398363113403
129,visual,2.4848830699920654,1.433438777923584,Grocery,42,context_bilinear_delta,False,121,2.4848830699920654,1.433438777923584
130,text,2.4040751457214355,1.6193302869796753,Grocery,42,context_bilinear_delta,False,121,2.4040751457214355,1.6193302869796753
130,visual,2.4918808937072754,1.4430534839630127,Grocery,42,context_bilinear_delta,False,121,2.4918808937072754,1.4430534839630127
131,text,2.4113001823425293,1.6309442520141602,Grocery,42,context_bilinear_delta,False,121,2.4113001823425293,1.6309442520141602
131,visual,2.4991815090179443,1.4531784057617188,Grocery,42,context_bilinear_delta,False,121,2.4991815090179443,1.4531784057617188
132,text,2.419297218322754,1.6438066959381104,Grocery,42,context_bilinear_delta,False,121,2.419297218322754,1.6438066959381104
132,visual,2.5038230419158936,1.4609228372573853,Grocery,42,context_bilinear_delta,False,121,2.5038230419158936,1.4609228372573853
133,text,2.4281716346740723,1.6565842628479004,Grocery,42,context_bilinear_delta,False,121,2.4281716346740723,1.6565842628479004
133,visual,2.5090813636779785,1.4688458442687988,Grocery,42,context_bilinear_delta,False,121,2.5090813636779785,1.4688458442687988
134,text,2.436742067337036,1.6679431200027466,Grocery,42,context_bilinear_delta,False,121,2.436742067337036,1.6679431200027466
134,visual,2.5148189067840576,1.4777687788009644,Grocery,42,context_bilinear_delta,False,121,2.5148189067840576,1.4777687788009644
135,text,2.4451160430908203,1.678646445274353,Grocery,42,context_bilinear_delta,False,121,2.4451160430908203,1.678646445274353
135,visual,2.5201425552368164,1.4865485429763794,Grocery,42,context_bilinear_delta,False,121,2.5201425552368164,1.4865485429763794
136,text,2.4530746936798096,1.6884684562683105,Grocery,42,context_bilinear_delta,False,121,2.4530746936798096,1.6884684562683105
136,visual,2.5267908573150635,1.495588779449463,Grocery,42,context_bilinear_delta,False,121,2.5267908573150635,1.495588779449463
137,text,2.4609367847442627,1.7000908851623535,Grocery,42,context_bilinear_delta,False,121,2.4609367847442627,1.7000908851623535
137,visual,2.533730983734131,1.5048083066940308,Grocery,42,context_bilinear_delta,False,121,2.533730983734131,1.5048083066940308
138,text,2.4684951305389404,1.712071180343628,Grocery,42,context_bilinear_delta,False,121,2.4684951305389404,1.712071180343628
138,visual,2.54114031791687,1.5131902694702148,Grocery,42,context_bilinear_delta,False,121,2.54114031791687,1.5131902694702148
139,text,2.4766275882720947,1.7237235307693481,Grocery,42,context_bilinear_delta,False,121,2.4766275882720947,1.7237235307693481
139,visual,2.548912763595581,1.5227112770080566,Grocery,42,context_bilinear_delta,False,121,2.548912763595581,1.5227112770080566
140,text,2.4855964183807373,1.7354400157928467,Grocery,42,context_bilinear_delta,False,121,2.4855964183807373,1.7354400157928467
140,visual,2.55556583404541,1.5315697193145752,Grocery,42,context_bilinear_delta,False,121,2.55556583404541,1.5315697193145752
141,text,2.4935483932495117,1.745240569114685,Grocery,42,context_bilinear_delta,False,121,2.4935483932495117,1.745240569114685
141,visual,2.5625197887420654,1.5410858392715454,Grocery,42,context_bilinear_delta,False,121,2.5625197887420654,1.5410858392715454
142,text,2.5019888877868652,1.7550026178359985,Grocery,42,context_bilinear_delta,False,121,2.5019888877868652,1.7550026178359985
142,visual,2.5673415660858154,1.5500909090042114,Grocery,42,context_bilinear_delta,False,121,2.5673415660858154,1.5500909090042114
143,text,2.5098764896392822,1.7653716802597046,Grocery,42,context_bilinear_delta,False,121,2.5098764896392822,1.7653716802597046
143,visual,2.571450710296631,1.558005928993225,Grocery,42,context_bilinear_delta,False,121,2.571450710296631,1.558005928993225
144,text,2.5175178050994873,1.7757019996643066,Grocery,42,context_bilinear_delta,False,121,2.5175178050994873,1.7757019996643066
144,visual,2.5751688480377197,1.5643370151519775,Grocery,42,context_bilinear_delta,False,121,2.5751688480377197,1.5643370151519775
145,text,2.5249531269073486,1.7849684953689575,Grocery,42,context_bilinear_delta,False,121,2.5249531269073486,1.7849684953689575
145,visual,2.57940936088562,1.5701125860214233,Grocery,42,context_bilinear_delta,False,121,2.57940936088562,1.5701125860214233
146,text,2.5317814350128174,1.7946659326553345,Grocery,42,context_bilinear_delta,False,121,2.5317814350128174,1.7946659326553345
146,visual,2.5829360485076904,1.576981782913208,Grocery,42,context_bilinear_delta,False,121,2.5829360485076904,1.576981782913208
147,text,2.5387213230133057,1.8051811456680298,Grocery,42,context_bilinear_delta,False,121,2.5387213230133057,1.8051811456680298
147,visual,2.5870137214660645,1.5837587118148804,Grocery,42,context_bilinear_delta,False,121,2.5870137214660645,1.5837587118148804
148,text,2.544570207595825,1.8155615329742432,Grocery,42,context_bilinear_delta,False,121,2.544570207595825,1.8155615329742432
148,visual,2.5927720069885254,1.5906779766082764,Grocery,42,context_bilinear_delta,False,121,2.5927720069885254,1.5906779766082764
149,text,2.5500032901763916,1.825953722000122,Grocery,42,context_bilinear_delta,False,121,2.5500032901763916,1.825953722000122
149,visual,2.598377227783203,1.597368597984314,Grocery,42,context_bilinear_delta,False,121,2.598377227783203,1.597368597984314
150,text,2.5562655925750732,1.8359131813049316,Grocery,42,context_bilinear_delta,False,121,2.5562655925750732,1.8359131813049316
150,visual,2.6037769317626953,1.602765440940857,Grocery,42,context_bilinear_delta,False,121,2.6037769317626953,1.602765440940857
151,text,2.5619068145751953,1.8447932004928589,Grocery,42,context_bilinear_delta,False,121,2.5619068145751953,1.8447932004928589
151,visual,2.6097261905670166,1.6079254150390625,Grocery,42,context_bilinear_delta,False,121,2.6097261905670166,1.6079254150390625
1,text,0.08967072516679764,0.0,Grocery,43,context_static,False,60,0.08967072516679764,0.0
1,visual,0.0899118110537529,0.0,Grocery,43,context_static,False,60,0.0899118110537529,0.0
2,text,0.13544762134552002,0.0,Grocery,43,context_static,False,60,0.13544762134552002,0.0
2,visual,0.1391286551952362,0.0,Grocery,43,context_static,False,60,0.1391286551952362,0.0
3,text,0.17375999689102173,0.0,Grocery,43,context_static,False,60,0.17375999689102173,0.0
3,visual,0.17780344188213348,0.0,Grocery,43,context_static,False,60,0.17780344188213348,0.0
4,text,0.20969924330711365,0.0,Grocery,43,context_static,False,60,0.20969924330711365,0.0
4,visual,0.2155826836824417,0.0,Grocery,43,context_static,False,60,0.2155826836824417,0.0
5,text,0.23867715895175934,0.0,Grocery,43,context_static,False,60,0.23867715895175934,0.0
5,visual,0.2510676383972168,0.0,Grocery,43,context_static,False,60,0.2510676383972168,0.0
6,text,0.2654026448726654,0.0,Grocery,43,context_static,False,60,0.2654026448726654,0.0
6,visual,0.28739362955093384,0.0,Grocery,43,context_static,False,60,0.28739362955093384,0.0
7,text,0.2923421263694763,0.0,Grocery,43,context_static,False,60,0.2923421263694763,0.0
7,visual,0.32328495383262634,0.0,Grocery,43,context_static,False,60,0.32328495383262634,0.0
8,text,0.31833043694496155,0.0,Grocery,43,context_static,False,60,0.31833043694496155,0.0
8,visual,0.35835832357406616,0.0,Grocery,43,context_static,False,60,0.35835832357406616,0.0
9,text,0.34246885776519775,0.0,Grocery,43,context_static,False,60,0.34246885776519775,0.0
9,visual,0.3925637900829315,0.0,Grocery,43,context_static,False,60,0.3925637900829315,0.0
10,text,0.36528798937797546,0.0,Grocery,43,context_static,False,60,0.36528798937797546,0.0
10,visual,0.4263014495372772,0.0,Grocery,43,context_static,False,60,0.4263014495372772,0.0
11,text,0.3870639204978943,0.0,Grocery,43,context_static,False,60,0.3870639204978943,0.0
11,visual,0.46022307872772217,0.0,Grocery,43,context_static,False,60,0.46022307872772217,0.0
12,text,0.4077453315258026,0.0,Grocery,43,context_static,False,60,0.4077453315258026,0.0
12,visual,0.49342650175094604,0.0,Grocery,43,context_static,False,60,0.49342650175094604,0.0
13,text,0.4296485185623169,0.0,Grocery,43,context_static,False,60,0.4296485185623169,0.0
13,visual,0.5255898833274841,0.0,Grocery,43,context_static,False,60,0.5255898833274841,0.0
14,text,0.4520605206489563,0.0,Grocery,43,context_static,False,60,0.4520605206489563,0.0
14,visual,0.5565492510795593,0.0,Grocery,43,context_static,False,60,0.5565492510795593,0.0
15,text,0.4746658205986023,0.0,Grocery,43,context_static,False,60,0.4746658205986023,0.0
15,visual,0.5875192284584045,0.0,Grocery,43,context_static,False,60,0.5875192284584045,0.0
16,text,0.4985707104206085,0.0,Grocery,43,context_static,False,60,0.4985707104206085,0.0
16,visual,0.6180243492126465,0.0,Grocery,43,context_static,False,60,0.6180243492126465,0.0
17,text,0.5226166844367981,0.0,Grocery,43,context_static,False,60,0.5226166844367981,0.0
17,visual,0.6483945250511169,0.0,Grocery,43,context_static,False,60,0.6483945250511169,0.0
18,text,0.5465367436408997,0.0,Grocery,43,context_static,False,60,0.5465367436408997,0.0
18,visual,0.6775505542755127,0.0,Grocery,43,context_static,False,60,0.6775505542755127,0.0
19,text,0.5688590407371521,0.0,Grocery,43,context_static,False,60,0.5688590407371521,0.0
19,visual,0.7059652805328369,0.0,Grocery,43,context_static,False,60,0.7059652805328369,0.0
20,text,0.5920607447624207,0.0,Grocery,43,context_static,False,60,0.5920607447624207,0.0
20,visual,0.7338364720344543,0.0,Grocery,43,context_static,False,60,0.7338364720344543,0.0
21,text,0.6163502931594849,0.0,Grocery,43,context_static,False,60,0.6163502931594849,0.0
21,visual,0.7613743543624878,0.0,Grocery,43,context_static,False,60,0.7613743543624878,0.0
22,text,0.6407731771469116,0.0,Grocery,43,context_static,False,60,0.6407731771469116,0.0
22,visual,0.788841724395752,0.0,Grocery,43,context_static,False,60,0.788841724395752,0.0
23,text,0.6664842963218689,0.0,Grocery,43,context_static,False,60,0.6664842963218689,0.0
23,visual,0.816706120967865,0.0,Grocery,43,context_static,False,60,0.816706120967865,0.0
24,text,0.6928125619888306,0.0,Grocery,43,context_static,False,60,0.6928125619888306,0.0
24,visual,0.8446462750434875,0.0,Grocery,43,context_static,False,60,0.8446462750434875,0.0
25,text,0.7199521064758301,0.0,Grocery,43,context_static,False,60,0.7199521064758301,0.0
25,visual,0.873224139213562,0.0,Grocery,43,context_static,False,60,0.873224139213562,0.0
26,text,0.7470473051071167,0.0,Grocery,43,context_static,False,60,0.7470473051071167,0.0
26,visual,0.9017361402511597,0.0,Grocery,43,context_static,False,60,0.9017361402511597,0.0
27,text,0.7742286324501038,0.0,Grocery,43,context_static,False,60,0.7742286324501038,0.0
27,visual,0.9312902092933655,0.0,Grocery,43,context_static,False,60,0.9312902092933655,0.0
28,text,0.802448034286499,0.0,Grocery,43,context_static,False,60,0.802448034286499,0.0
28,visual,0.9619998335838318,0.0,Grocery,43,context_static,False,60,0.9619998335838318,0.0
29,text,0.8307605981826782,0.0,Grocery,43,context_static,False,60,0.8307605981826782,0.0
29,visual,0.9942395687103271,0.0,Grocery,43,context_static,False,60,0.9942395687103271,0.0
30,text,0.8595247268676758,0.0,Grocery,43,context_static,False,60,0.8595247268676758,0.0
30,visual,1.027802586555481,0.0,Grocery,43,context_static,False,60,1.027802586555481,0.0
31,text,0.8887618184089661,0.0,Grocery,43,context_static,False,60,0.8887618184089661,0.0
31,visual,1.0632652044296265,0.0,Grocery,43,context_static,False,60,1.0632652044296265,0.0
32,text,0.9186213612556458,0.0,Grocery,43,context_static,False,60,0.9186213612556458,0.0
32,visual,1.100145697593689,0.0,Grocery,43,context_static,False,60,1.100145697593689,0.0
33,text,0.9483450055122375,0.0,Grocery,43,context_static,False,60,0.9483450055122375,0.0
33,visual,1.1375595331192017,0.0,Grocery,43,context_static,False,60,1.1375595331192017,0.0
34,text,0.9775678515434265,0.0,Grocery,43,context_static,False,60,0.9775678515434265,0.0
34,visual,1.1761112213134766,0.0,Grocery,43,context_static,False,60,1.1761112213134766,0.0
35,text,1.004791498184204,0.0,Grocery,43,context_static,False,60,1.004791498184204,0.0
35,visual,1.2137056589126587,0.0,Grocery,43,context_static,False,60,1.2137056589126587,0.0
36,text,1.0318739414215088,0.0,Grocery,43,context_static,False,60,1.0318739414215088,0.0
36,visual,1.2523499727249146,0.0,Grocery,43,context_static,False,60,1.2523499727249146,0.0
37,text,1.0565208196640015,0.0,Grocery,43,context_static,False,60,1.0565208196640015,0.0
37,visual,1.2901958227157593,0.0,Grocery,43,context_static,False,60,1.2901958227157593,0.0
38,text,1.0803390741348267,0.0,Grocery,43,context_static,False,60,1.0803390741348267,0.0
38,visual,1.3279448747634888,0.0,Grocery,43,context_static,False,60,1.3279448747634888,0.0
39,text,1.1039443016052246,0.0,Grocery,43,context_static,False,60,1.1039443016052246,0.0
39,visual,1.3646702766418457,0.0,Grocery,43,context_static,False,60,1.3646702766418457,0.0
40,text,1.1257275342941284,0.0,Grocery,43,context_static,False,60,1.1257275342941284,0.0
40,visual,1.3978739976882935,0.0,Grocery,43,context_static,False,60,1.3978739976882935,0.0
41,text,1.1468665599822998,0.0,Grocery,43,context_static,False,60,1.1468665599822998,0.0
41,visual,1.4291203022003174,0.0,Grocery,43,context_static,False,60,1.4291203022003174,0.0
42,text,1.167968511581421,0.0,Grocery,43,context_static,False,60,1.167968511581421,0.0
42,visual,1.4591901302337646,0.0,Grocery,43,context_static,False,60,1.4591901302337646,0.0
43,text,1.1884067058563232,0.0,Grocery,43,context_static,False,60,1.1884067058563232,0.0
43,visual,1.4871265888214111,0.0,Grocery,43,context_static,False,60,1.4871265888214111,0.0
44,text,1.207833170890808,0.0,Grocery,43,context_static,False,60,1.207833170890808,0.0
44,visual,1.5127500295639038,0.0,Grocery,43,context_static,False,60,1.5127500295639038,0.0
45,text,1.2262279987335205,0.0,Grocery,43,context_static,False,60,1.2262279987335205,0.0
45,visual,1.5353468656539917,0.0,Grocery,43,context_static,False,60,1.5353468656539917,0.0
46,text,1.2439748048782349,0.0,Grocery,43,context_static,False,60,1.2439748048782349,0.0
46,visual,1.5543688535690308,0.0,Grocery,43,context_static,False,60,1.5543688535690308,0.0
47,text,1.262628197669983,0.0,Grocery,43,context_static,False,60,1.262628197669983,0.0
47,visual,1.5735161304473877,0.0,Grocery,43,context_static,False,60,1.5735161304473877,0.0
48,text,1.2796528339385986,0.0,Grocery,43,context_static,False,60,1.2796528339385986,0.0
48,visual,1.5923575162887573,0.0,Grocery,43,context_static,False,60,1.5923575162887573,0.0
49,text,1.2955209016799927,0.0,Grocery,43,context_static,False,60,1.2955209016799927,0.0
49,visual,1.6119204759597778,0.0,Grocery,43,context_static,False,60,1.6119204759597778,0.0
50,text,1.3120708465576172,0.0,Grocery,43,context_static,False,60,1.3120708465576172,0.0
50,visual,1.6319507360458374,0.0,Grocery,43,context_static,False,60,1.6319507360458374,0.0
51,text,1.3290598392486572,0.0,Grocery,43,context_static,False,60,1.3290598392486572,0.0
51,visual,1.6505024433135986,0.0,Grocery,43,context_static,False,60,1.6505024433135986,0.0
52,text,1.3449856042861938,0.0,Grocery,43,context_static,False,60,1.3449856042861938,0.0
52,visual,1.668056607246399,0.0,Grocery,43,context_static,False,60,1.668056607246399,0.0
53,text,1.3608505725860596,0.0,Grocery,43,context_static,False,60,1.3608505725860596,0.0
53,visual,1.6842175722122192,0.0,Grocery,43,context_static,False,60,1.6842175722122192,0.0
54,text,1.3769630193710327,0.0,Grocery,43,context_static,False,60,1.3769630193710327,0.0
54,visual,1.7018446922302246,0.0,Grocery,43,context_static,False,60,1.7018446922302246,0.0
55,text,1.3931288719177246,0.0,Grocery,43,context_static,False,60,1.3931288719177246,0.0
55,visual,1.7211886644363403,0.0,Grocery,43,context_static,False,60,1.7211886644363403,0.0
56,text,1.4087297916412354,0.0,Grocery,43,context_static,False,60,1.4087297916412354,0.0
56,visual,1.7407885789871216,0.0,Grocery,43,context_static,False,60,1.7407885789871216,0.0
57,text,1.4245667457580566,0.0,Grocery,43,context_static,False,60,1.4245667457580566,0.0
57,visual,1.7603940963745117,0.0,Grocery,43,context_static,False,60,1.7603940963745117,0.0
58,text,1.4416849613189697,0.0,Grocery,43,context_static,False,60,1.4416849613189697,0.0
58,visual,1.782562494277954,0.0,Grocery,43,context_static,False,60,1.782562494277954,0.0
59,text,1.4592498540878296,0.0,Grocery,43,context_static,False,60,1.4592498540878296,0.0
59,visual,1.805800437927246,0.0,Grocery,43,context_static,False,60,1.805800437927246,0.0
60,text,1.476690411567688,0.0,Grocery,43,context_static,True,60,1.476690411567688,0.0
60,visual,1.8296107053756714,0.0,Grocery,43,context_static,True,60,1.8296107053756714,0.0
61,text,1.4943485260009766,0.0,Grocery,43,context_static,False,60,1.4943485260009766,0.0
61,visual,1.8527121543884277,0.0,Grocery,43,context_static,False,60,1.8527121543884277,0.0
62,text,1.5120844841003418,0.0,Grocery,43,context_static,False,60,1.5120844841003418,0.0
62,visual,1.8734225034713745,0.0,Grocery,43,context_static,False,60,1.8734225034713745,0.0
63,text,1.5300565958023071,0.0,Grocery,43,context_static,False,60,1.5300565958023071,0.0
63,visual,1.891332745552063,0.0,Grocery,43,context_static,False,60,1.891332745552063,0.0
64,text,1.5472559928894043,0.0,Grocery,43,context_static,False,60,1.5472559928894043,0.0
64,visual,1.9079182147979736,0.0,Grocery,43,context_static,False,60,1.9079182147979736,0.0
65,text,1.564638376235962,0.0,Grocery,43,context_static,False,60,1.564638376235962,0.0
65,visual,1.9241669178009033,0.0,Grocery,43,context_static,False,60,1.9241669178009033,0.0
66,text,1.5814281702041626,0.0,Grocery,43,context_static,False,60,1.5814281702041626,0.0
66,visual,1.9398448467254639,0.0,Grocery,43,context_static,False,60,1.9398448467254639,0.0
67,text,1.598361849784851,0.0,Grocery,43,context_static,False,60,1.598361849784851,0.0
67,visual,1.9548921585083008,0.0,Grocery,43,context_static,False,60,1.9548921585083008,0.0
68,text,1.613659143447876,0.0,Grocery,43,context_static,False,60,1.613659143447876,0.0
68,visual,1.9687777757644653,0.0,Grocery,43,context_static,False,60,1.9687777757644653,0.0
69,text,1.6292718648910522,0.0,Grocery,43,context_static,False,60,1.6292718648910522,0.0
69,visual,1.9811396598815918,0.0,Grocery,43,context_static,False,60,1.9811396598815918,0.0
70,text,1.6452456712722778,0.0,Grocery,43,context_static,False,60,1.6452456712722778,0.0
70,visual,1.9936424493789673,0.0,Grocery,43,context_static,False,60,1.9936424493789673,0.0
71,text,1.661734938621521,0.0,Grocery,43,context_static,False,60,1.661734938621521,0.0
71,visual,2.0059142112731934,0.0,Grocery,43,context_static,False,60,2.0059142112731934,0.0
72,text,1.677187204360962,0.0,Grocery,43,context_static,False,60,1.677187204360962,0.0
72,visual,2.0184473991394043,0.0,Grocery,43,context_static,False,60,2.0184473991394043,0.0
73,text,1.6912447214126587,0.0,Grocery,43,context_static,False,60,1.6912447214126587,0.0
73,visual,2.029444456100464,0.0,Grocery,43,context_static,False,60,2.029444456100464,0.0
74,text,1.7047765254974365,0.0,Grocery,43,context_static,False,60,1.7047765254974365,0.0
74,visual,2.0443689823150635,0.0,Grocery,43,context_static,False,60,2.0443689823150635,0.0
75,text,1.7180454730987549,0.0,Grocery,43,context_static,False,60,1.7180454730987549,0.0
75,visual,2.0562081336975098,0.0,Grocery,43,context_static,False,60,2.0562081336975098,0.0
76,text,1.7310150861740112,0.0,Grocery,43,context_static,False,60,1.7310150861740112,0.0
76,visual,2.0672550201416016,0.0,Grocery,43,context_static,False,60,2.0672550201416016,0.0
77,text,1.744413137435913,0.0,Grocery,43,context_static,False,60,1.744413137435913,0.0
77,visual,2.077660322189331,0.0,Grocery,43,context_static,False,60,2.077660322189331,0.0
78,text,1.7565712928771973,0.0,Grocery,43,context_static,False,60,1.7565712928771973,0.0
78,visual,2.0873656272888184,0.0,Grocery,43,context_static,False,60,2.0873656272888184,0.0
79,text,1.7668774127960205,0.0,Grocery,43,context_static,False,60,1.7668774127960205,0.0
79,visual,2.0982093811035156,0.0,Grocery,43,context_static,False,60,2.0982093811035156,0.0
80,text,1.7768456935882568,0.0,Grocery,43,context_static,False,60,1.7768456935882568,0.0
80,visual,2.1099488735198975,0.0,Grocery,43,context_static,False,60,2.1099488735198975,0.0
81,text,1.787343978881836,0.0,Grocery,43,context_static,False,60,1.787343978881836,0.0
81,visual,2.122936725616455,0.0,Grocery,43,context_static,False,60,2.122936725616455,0.0
82,text,1.7978789806365967,0.0,Grocery,43,context_static,False,60,1.7978789806365967,0.0
82,visual,2.136110544204712,0.0,Grocery,43,context_static,False,60,2.136110544204712,0.0
83,text,1.8092527389526367,0.0,Grocery,43,context_static,False,60,1.8092527389526367,0.0
83,visual,2.1481595039367676,0.0,Grocery,43,context_static,False,60,2.1481595039367676,0.0
84,text,1.8220114707946777,0.0,Grocery,43,context_static,False,60,1.8220114707946777,0.0
84,visual,2.1606602668762207,0.0,Grocery,43,context_static,False,60,2.1606602668762207,0.0
85,text,1.8346214294433594,0.0,Grocery,43,context_static,False,60,1.8346214294433594,0.0
85,visual,2.1730008125305176,0.0,Grocery,43,context_static,False,60,2.1730008125305176,0.0
86,text,1.847076416015625,0.0,Grocery,43,context_static,False,60,1.847076416015625,0.0
86,visual,2.184506416320801,0.0,Grocery,43,context_static,False,60,2.184506416320801,0.0
87,text,1.859310507774353,0.0,Grocery,43,context_static,False,60,1.859310507774353,0.0
87,visual,2.1963415145874023,0.0,Grocery,43,context_static,False,60,2.1963415145874023,0.0
88,text,1.8714120388031006,0.0,Grocery,43,context_static,False,60,1.8714120388031006,0.0
88,visual,2.2075843811035156,0.0,Grocery,43,context_static,False,60,2.2075843811035156,0.0
89,text,1.8832876682281494,0.0,Grocery,43,context_static,False,60,1.8832876682281494,0.0
89,visual,2.2178924083709717,0.0,Grocery,43,context_static,False,60,2.2178924083709717,0.0
90,text,1.8948736190795898,0.0,Grocery,43,context_static,False,60,1.8948736190795898,0.0
90,visual,2.2277400493621826,0.0,Grocery,43,context_static,False,60,2.2277400493621826,0.0
1,text,0.08975780755281448,0.0,Grocery,43,context_attn_dynamic,False,65,0.08975780755281448,0.0
1,visual,0.08989668637514114,0.0,Grocery,43,context_attn_dynamic,False,65,0.08989668637514114,0.0
2,text,0.13509635627269745,0.0,Grocery,43,context_attn_dynamic,False,65,0.13509635627269745,0.0
2,visual,0.13991717994213104,0.0,Grocery,43,context_attn_dynamic,False,65,0.13991717994213104,0.0
3,text,0.17325112223625183,0.0,Grocery,43,context_attn_dynamic,False,65,0.17325112223625183,0.0
3,visual,0.1787131428718567,0.0,Grocery,43,context_attn_dynamic,False,65,0.1787131428718567,0.0
4,text,0.2087908238172531,0.0,Grocery,43,context_attn_dynamic,False,65,0.2087908238172531,0.0
4,visual,0.21479322016239166,0.0,Grocery,43,context_attn_dynamic,False,65,0.21479322016239166,0.0
5,text,0.238250732421875,0.0,Grocery,43,context_attn_dynamic,False,65,0.238250732421875,0.0
5,visual,0.2480979561805725,0.0,Grocery,43,context_attn_dynamic,False,65,0.2480979561805725,0.0
6,text,0.2664155662059784,0.0,Grocery,43,context_attn_dynamic,False,65,0.2664155662059784,0.0
6,visual,0.28183165192604065,0.0,Grocery,43,context_attn_dynamic,False,65,0.28183165192604065,0.0
7,text,0.2959189713001251,0.0,Grocery,43,context_attn_dynamic,False,65,0.2959189713001251,0.0
7,visual,0.3155798316001892,0.0,Grocery,43,context_attn_dynamic,False,65,0.3155798316001892,0.0
8,text,0.32561561465263367,0.0,Grocery,43,context_attn_dynamic,False,65,0.32561561465263367,0.0
8,visual,0.34898650646209717,0.0,Grocery,43,context_attn_dynamic,False,65,0.34898650646209717,0.0
9,text,0.3533613681793213,0.0,Grocery,43,context_attn_dynamic,False,65,0.3533613681793213,0.0
9,visual,0.3818710446357727,0.0,Grocery,43,context_attn_dynamic,False,65,0.3818710446357727,0.0
10,text,0.3806358277797699,0.0,Grocery,43,context_attn_dynamic,False,65,0.3806358277797699,0.0
10,visual,0.4143378436565399,0.0,Grocery,43,context_attn_dynamic,False,65,0.4143378436565399,0.0
11,text,0.40820229053497314,0.0,Grocery,43,context_attn_dynamic,False,65,0.40820229053497314,0.0
11,visual,0.44641292095184326,0.0,Grocery,43,context_attn_dynamic,False,65,0.44641292095184326,0.0
12,text,0.43565770983695984,0.0,Grocery,43,context_attn_dynamic,False,65,0.43565770983695984,0.0
12,visual,0.47848206758499146,0.0,Grocery,43,context_attn_dynamic,False,65,0.47848206758499146,0.0
13,text,0.4637567698955536,0.0,Grocery,43,context_attn_dynamic,False,65,0.4637567698955536,0.0
13,visual,0.5093425512313843,0.0,Grocery,43,context_attn_dynamic,False,65,0.5093425512313843,0.0
14,text,0.49076348543167114,0.0,Grocery,43,context_attn_dynamic,False,65,0.49076348543167114,0.0
14,visual,0.5394995212554932,0.0,Grocery,43,context_attn_dynamic,False,65,0.5394995212554932,0.0
15,text,0.5181227326393127,0.0,Grocery,43,context_attn_dynamic,False,65,0.5181227326393127,0.0
15,visual,0.5694462656974792,0.0,Grocery,43,context_attn_dynamic,False,65,0.5694462656974792,0.0
16,text,0.5459864735603333,0.0,Grocery,43,context_attn_dynamic,False,65,0.5459864735603333,0.0
16,visual,0.5988789200782776,0.0,Grocery,43,context_attn_dynamic,False,65,0.5988789200782776,0.0
17,text,0.5741918683052063,0.0,Grocery,43,context_attn_dynamic,False,65,0.5741918683052063,0.0
17,visual,0.6281659007072449,0.0,Grocery,43,context_attn_dynamic,False,65,0.6281659007072449,0.0
18,text,0.6021504402160645,0.0,Grocery,43,context_attn_dynamic,False,65,0.6021504402160645,0.0
18,visual,0.6570045351982117,0.0,Grocery,43,context_attn_dynamic,False,65,0.6570045351982117,0.0
19,text,0.629133403301239,0.0,Grocery,43,context_attn_dynamic,False,65,0.629133403301239,0.0
19,visual,0.6857316493988037,0.0,Grocery,43,context_attn_dynamic,False,65,0.6857316493988037,0.0
20,text,0.6568480730056763,0.0,Grocery,43,context_attn_dynamic,False,65,0.6568480730056763,0.0
20,visual,0.7145997881889343,0.0,Grocery,43,context_attn_dynamic,False,65,0.7145997881889343,0.0
21,text,0.6844668388366699,0.0,Grocery,43,context_attn_dynamic,False,65,0.6844668388366699,0.0
21,visual,0.7432352900505066,0.0,Grocery,43,context_attn_dynamic,False,65,0.7432352900505066,0.0
22,text,0.7125837802886963,0.0,Grocery,43,context_attn_dynamic,False,65,0.7125837802886963,0.0
22,visual,0.7720595598220825,0.0,Grocery,43,context_attn_dynamic,False,65,0.7720595598220825,0.0
23,text,0.7413346171379089,0.0,Grocery,43,context_attn_dynamic,False,65,0.7413346171379089,0.0
23,visual,0.8014751076698303,0.0,Grocery,43,context_attn_dynamic,False,65,0.8014751076698303,0.0
24,text,0.7693503499031067,0.0,Grocery,43,context_attn_dynamic,False,65,0.7693503499031067,0.0
24,visual,0.831050455570221,0.0,Grocery,43,context_attn_dynamic,False,65,0.831050455570221,0.0
25,text,0.7979332804679871,0.0,Grocery,43,context_attn_dynamic,False,65,0.7979332804679871,0.0
25,visual,0.8615517020225525,0.0,Grocery,43,context_attn_dynamic,False,65,0.8615517020225525,0.0
26,text,0.826742947101593,0.0,Grocery,43,context_attn_dynamic,False,65,0.826742947101593,0.0
26,visual,0.8931167125701904,0.0,Grocery,43,context_attn_dynamic,False,65,0.8931167125701904,0.0
27,text,0.853907585144043,0.0,Grocery,43,context_attn_dynamic,False,65,0.853907585144043,0.0
27,visual,0.9248472452163696,0.0,Grocery,43,context_attn_dynamic,False,65,0.9248472452163696,0.0
28,text,0.8825337886810303,0.0,Grocery,43,context_attn_dynamic,False,65,0.8825337886810303,0.0
28,visual,0.9588348269462585,0.0,Grocery,43,context_attn_dynamic,False,65,0.9588348269462585,0.0
29,text,0.9119446277618408,0.0,Grocery,43,context_attn_dynamic,False,65,0.9119446277618408,0.0
29,visual,0.9944203495979309,0.0,Grocery,43,context_attn_dynamic,False,65,0.9944203495979309,0.0
30,text,0.9402468204498291,0.0,Grocery,43,context_attn_dynamic,False,65,0.9402468204498291,0.0
30,visual,1.0318788290023804,0.0,Grocery,43,context_attn_dynamic,False,65,1.0318788290023804,0.0
31,text,0.9683443307876587,0.0,Grocery,43,context_attn_dynamic,False,65,0.9683443307876587,0.0
31,visual,1.0702624320983887,0.0,Grocery,43,context_attn_dynamic,False,65,1.0702624320983887,0.0
32,text,0.9968543648719788,0.0,Grocery,43,context_attn_dynamic,False,65,0.9968543648719788,0.0
32,visual,1.1106899976730347,0.0,Grocery,43,context_attn_dynamic,False,65,1.1106899976730347,0.0
33,text,1.0253535509109497,0.0,Grocery,43,context_attn_dynamic,False,65,1.0253535509109497,0.0
33,visual,1.1532765626907349,0.0,Grocery,43,context_attn_dynamic,False,65,1.1532765626907349,0.0
34,text,1.0534977912902832,0.0,Grocery,43,context_attn_dynamic,False,65,1.0534977912902832,0.0
34,visual,1.1959422826766968,0.0,Grocery,43,context_attn_dynamic,False,65,1.1959422826766968,0.0
35,text,1.0817673206329346,0.0,Grocery,43,context_attn_dynamic,False,65,1.0817673206329346,0.0
35,visual,1.2398669719696045,0.0,Grocery,43,context_attn_dynamic,False,65,1.2398669719696045,0.0
36,text,1.1094075441360474,0.0,Grocery,43,context_attn_dynamic,False,65,1.1094075441360474,0.0
36,visual,1.2821284532546997,0.0,Grocery,43,context_attn_dynamic,False,65,1.2821284532546997,0.0
37,text,1.1348249912261963,0.0,Grocery,43,context_attn_dynamic,False,65,1.1348249912261963,0.0
37,visual,1.3242112398147583,0.0,Grocery,43,context_attn_dynamic,False,65,1.3242112398147583,0.0
38,text,1.1595189571380615,0.0,Grocery,43,context_attn_dynamic,False,65,1.1595189571380615,0.0
38,visual,1.364640712738037,0.0,Grocery,43,context_attn_dynamic,False,65,1.364640712738037,0.0
39,text,1.1840622425079346,0.0,Grocery,43,context_attn_dynamic,False,65,1.1840622425079346,0.0
39,visual,1.4049437046051025,0.0,Grocery,43,context_attn_dynamic,False,65,1.4049437046051025,0.0
40,text,1.207997441291809,0.0,Grocery,43,context_attn_dynamic,False,65,1.207997441291809,0.0
40,visual,1.4420888423919678,0.0,Grocery,43,context_attn_dynamic,False,65,1.4420888423919678,0.0
41,text,1.2313228845596313,0.0,Grocery,43,context_attn_dynamic,False,65,1.2313228845596313,0.0
41,visual,1.477979302406311,0.0,Grocery,43,context_attn_dynamic,False,65,1.477979302406311,0.0
42,text,1.2537522315979004,0.0,Grocery,43,context_attn_dynamic,False,65,1.2537522315979004,0.0
42,visual,1.51353919506073,0.0,Grocery,43,context_attn_dynamic,False,65,1.51353919506073,0.0
43,text,1.2745164632797241,0.0,Grocery,43,context_attn_dynamic,False,65,1.2745164632797241,0.0
43,visual,1.5491721630096436,0.0,Grocery,43,context_attn_dynamic,False,65,1.5491721630096436,0.0
44,text,1.2959438562393188,0.0,Grocery,43,context_attn_dynamic,False,65,1.2959438562393188,0.0
44,visual,1.5843007564544678,0.0,Grocery,43,context_attn_dynamic,False,65,1.5843007564544678,0.0
45,text,1.3169246912002563,0.0,Grocery,43,context_attn_dynamic,False,65,1.3169246912002563,0.0
45,visual,1.6177232265472412,0.0,Grocery,43,context_attn_dynamic,False,65,1.6177232265472412,0.0
46,text,1.3379034996032715,0.0,Grocery,43,context_attn_dynamic,False,65,1.3379034996032715,0.0
46,visual,1.6500223875045776,0.0,Grocery,43,context_attn_dynamic,False,65,1.6500223875045776,0.0
47,text,1.3587623834609985,0.0,Grocery,43,context_attn_dynamic,False,65,1.3587623834609985,0.0
47,visual,1.6814559698104858,0.0,Grocery,43,context_attn_dynamic,False,65,1.6814559698104858,0.0
48,text,1.3794785737991333,0.0,Grocery,43,context_attn_dynamic,False,65,1.3794785737991333,0.0
48,visual,1.7120314836502075,0.0,Grocery,43,context_attn_dynamic,False,65,1.7120314836502075,0.0
49,text,1.3997210264205933,0.0,Grocery,43,context_attn_dynamic,False,65,1.3997210264205933,0.0
49,visual,1.7423107624053955,0.0,Grocery,43,context_attn_dynamic,False,65,1.7423107624053955,0.0
50,text,1.4185631275177002,0.0,Grocery,43,context_attn_dynamic,False,65,1.4185631275177002,0.0
50,visual,1.7703500986099243,0.0,Grocery,43,context_attn_dynamic,False,65,1.7703500986099243,0.0
51,text,1.436935305595398,0.0,Grocery,43,context_attn_dynamic,False,65,1.436935305595398,0.0
51,visual,1.7982197999954224,0.0,Grocery,43,context_attn_dynamic,False,65,1.7982197999954224,0.0
52,text,1.4549171924591064,0.0,Grocery,43,context_attn_dynamic,False,65,1.4549171924591064,0.0
52,visual,1.8245230913162231,0.0,Grocery,43,context_attn_dynamic,False,65,1.8245230913162231,0.0
53,text,1.472976803779602,0.0,Grocery,43,context_attn_dynamic,False,65,1.472976803779602,0.0
53,visual,1.8508516550064087,0.0,Grocery,43,context_attn_dynamic,False,65,1.8508516550064087,0.0
54,text,1.4910935163497925,0.0,Grocery,43,context_attn_dynamic,False,65,1.4910935163497925,0.0
54,visual,1.877326488494873,0.0,Grocery,43,context_attn_dynamic,False,65,1.877326488494873,0.0
55,text,1.5071083307266235,0.0,Grocery,43,context_attn_dynamic,False,65,1.5071083307266235,0.0
55,visual,1.9013018608093262,0.0,Grocery,43,context_attn_dynamic,False,65,1.9013018608093262,0.0
56,text,1.5226171016693115,0.0,Grocery,43,context_attn_dynamic,False,65,1.5226171016693115,0.0
56,visual,1.923227310180664,0.0,Grocery,43,context_attn_dynamic,False,65,1.923227310180664,0.0
57,text,1.5394287109375,0.0,Grocery,43,context_attn_dynamic,False,65,1.5394287109375,0.0
57,visual,1.9444196224212646,0.0,Grocery,43,context_attn_dynamic,False,65,1.9444196224212646,0.0
58,text,1.5555908679962158,0.0,Grocery,43,context_attn_dynamic,False,65,1.5555908679962158,0.0
58,visual,1.965219259262085,0.0,Grocery,43,context_attn_dynamic,False,65,1.965219259262085,0.0
59,text,1.5706058740615845,0.0,Grocery,43,context_attn_dynamic,False,65,1.5706058740615845,0.0
59,visual,1.984939694404602,0.0,Grocery,43,context_attn_dynamic,False,65,1.984939694404602,0.0
60,text,1.5848987102508545,0.0,Grocery,43,context_attn_dynamic,False,65,1.5848987102508545,0.0
60,visual,2.0041067600250244,0.0,Grocery,43,context_attn_dynamic,False,65,2.0041067600250244,0.0
61,text,1.5977376699447632,0.0,Grocery,43,context_attn_dynamic,False,65,1.5977376699447632,0.0
61,visual,2.023150682449341,0.0,Grocery,43,context_attn_dynamic,False,65,2.023150682449341,0.0
62,text,1.6090240478515625,0.0,Grocery,43,context_attn_dynamic,False,65,1.6090240478515625,0.0
62,visual,2.0399086475372314,0.0,Grocery,43,context_attn_dynamic,False,65,2.0399086475372314,0.0
63,text,1.6190627813339233,0.0,Grocery,43,context_attn_dynamic,False,65,1.6190627813339233,0.0
63,visual,2.0564796924591064,0.0,Grocery,43,context_attn_dynamic,False,65,2.0564796924591064,0.0
64,text,1.6291557550430298,0.0,Grocery,43,context_attn_dynamic,False,65,1.6291557550430298,0.0
64,visual,2.0724425315856934,0.0,Grocery,43,context_attn_dynamic,False,65,2.0724425315856934,0.0
65,text,1.6396185159683228,0.0,Grocery,43,context_attn_dynamic,True,65,1.6396185159683228,0.0
65,visual,2.08830189704895,0.0,Grocery,43,context_attn_dynamic,True,65,2.08830189704895,0.0
66,text,1.652238368988037,0.0,Grocery,43,context_attn_dynamic,False,65,1.652238368988037,0.0
66,visual,2.10384202003479,0.0,Grocery,43,context_attn_dynamic,False,65,2.10384202003479,0.0
67,text,1.66556715965271,0.0,Grocery,43,context_attn_dynamic,False,65,1.66556715965271,0.0
67,visual,2.1188199520111084,0.0,Grocery,43,context_attn_dynamic,False,65,2.1188199520111084,0.0
68,text,1.6806713342666626,0.0,Grocery,43,context_attn_dynamic,False,65,1.6806713342666626,0.0
68,visual,2.1348791122436523,0.0,Grocery,43,context_attn_dynamic,False,65,2.1348791122436523,0.0
69,text,1.6952399015426636,0.0,Grocery,43,context_attn_dynamic,False,65,1.6952399015426636,0.0
69,visual,2.1514225006103516,0.0,Grocery,43,context_attn_dynamic,False,65,2.1514225006103516,0.0
70,text,1.7079285383224487,0.0,Grocery,43,context_attn_dynamic,False,65,1.7079285383224487,0.0
70,visual,2.167619228363037,0.0,Grocery,43,context_attn_dynamic,False,65,2.167619228363037,0.0
71,text,1.7193306684494019,0.0,Grocery,43,context_attn_dynamic,False,65,1.7193306684494019,0.0
71,visual,2.1838529109954834,0.0,Grocery,43,context_attn_dynamic,False,65,2.1838529109954834,0.0
72,text,1.7304108142852783,0.0,Grocery,43,context_attn_dynamic,False,65,1.7304108142852783,0.0
72,visual,2.199164390563965,0.0,Grocery,43,context_attn_dynamic,False,65,2.199164390563965,0.0
73,text,1.7425273656845093,0.0,Grocery,43,context_attn_dynamic,False,65,1.7425273656845093,0.0
73,visual,2.2142302989959717,0.0,Grocery,43,context_attn_dynamic,False,65,2.2142302989959717,0.0
74,text,1.7552719116210938,0.0,Grocery,43,context_attn_dynamic,False,65,1.7552719116210938,0.0
74,visual,2.2294809818267822,0.0,Grocery,43,context_attn_dynamic,False,65,2.2294809818267822,0.0
75,text,1.7672210931777954,0.0,Grocery,43,context_attn_dynamic,False,65,1.7672210931777954,0.0
75,visual,2.2432639598846436,0.0,Grocery,43,context_attn_dynamic,False,65,2.2432639598846436,0.0
76,text,1.7789561748504639,0.0,Grocery,43,context_attn_dynamic,False,65,1.7789561748504639,0.0
76,visual,2.2559690475463867,0.0,Grocery,43,context_attn_dynamic,False,65,2.2559690475463867,0.0
77,text,1.7929596900939941,0.0,Grocery,43,context_attn_dynamic,False,65,1.7929596900939941,0.0
77,visual,2.268754005432129,0.0,Grocery,43,context_attn_dynamic,False,65,2.268754005432129,0.0
78,text,1.807375192642212,0.0,Grocery,43,context_attn_dynamic,False,65,1.807375192642212,0.0
78,visual,2.2816786766052246,0.0,Grocery,43,context_attn_dynamic,False,65,2.2816786766052246,0.0
79,text,1.8196094036102295,0.0,Grocery,43,context_attn_dynamic,False,65,1.8196094036102295,0.0
79,visual,2.294353485107422,0.0,Grocery,43,context_attn_dynamic,False,65,2.294353485107422,0.0
80,text,1.8293770551681519,0.0,Grocery,43,context_attn_dynamic,False,65,1.8293770551681519,0.0
80,visual,2.306769371032715,0.0,Grocery,43,context_attn_dynamic,False,65,2.306769371032715,0.0
81,text,1.8406577110290527,0.0,Grocery,43,context_attn_dynamic,False,65,1.8406577110290527,0.0
81,visual,2.3189826011657715,0.0,Grocery,43,context_attn_dynamic,False,65,2.3189826011657715,0.0
82,text,1.8536735773086548,0.0,Grocery,43,context_attn_dynamic,False,65,1.8536735773086548,0.0
82,visual,2.3310728073120117,0.0,Grocery,43,context_attn_dynamic,False,65,2.3310728073120117,0.0
83,text,1.8679450750350952,0.0,Grocery,43,context_attn_dynamic,False,65,1.8679450750350952,0.0
83,visual,2.3433940410614014,0.0,Grocery,43,context_attn_dynamic,False,65,2.3433940410614014,0.0
84,text,1.8805714845657349,0.0,Grocery,43,context_attn_dynamic,False,65,1.8805714845657349,0.0
84,visual,2.3559868335723877,0.0,Grocery,43,context_attn_dynamic,False,65,2.3559868335723877,0.0
85,text,1.8932268619537354,0.0,Grocery,43,context_attn_dynamic,False,65,1.8932268619537354,0.0
85,visual,2.367785692214966,0.0,Grocery,43,context_attn_dynamic,False,65,2.367785692214966,0.0
86,text,1.9055391550064087,0.0,Grocery,43,context_attn_dynamic,False,65,1.9055391550064087,0.0
86,visual,2.379744529724121,0.0,Grocery,43,context_attn_dynamic,False,65,2.379744529724121,0.0
87,text,1.9179948568344116,0.0,Grocery,43,context_attn_dynamic,False,65,1.9179948568344116,0.0
87,visual,2.391547918319702,0.0,Grocery,43,context_attn_dynamic,False,65,2.391547918319702,0.0
88,text,1.928537130355835,0.0,Grocery,43,context_attn_dynamic,False,65,1.928537130355835,0.0
88,visual,2.4022860527038574,0.0,Grocery,43,context_attn_dynamic,False,65,2.4022860527038574,0.0
89,text,1.9397265911102295,0.0,Grocery,43,context_attn_dynamic,False,65,1.9397265911102295,0.0
89,visual,2.414536714553833,0.0,Grocery,43,context_attn_dynamic,False,65,2.414536714553833,0.0
90,text,1.951799988746643,0.0,Grocery,43,context_attn_dynamic,False,65,1.951799988746643,0.0
90,visual,2.427863359451294,0.0,Grocery,43,context_attn_dynamic,False,65,2.427863359451294,0.0
91,text,1.9630435705184937,0.0,Grocery,43,context_attn_dynamic,False,65,1.9630435705184937,0.0
91,visual,2.4397225379943848,0.0,Grocery,43,context_attn_dynamic,False,65,2.4397225379943848,0.0
92,text,1.9757568836212158,0.0,Grocery,43,context_attn_dynamic,False,65,1.9757568836212158,0.0
92,visual,2.450646162033081,0.0,Grocery,43,context_attn_dynamic,False,65,2.450646162033081,0.0
93,text,1.9875438213348389,0.0,Grocery,43,context_attn_dynamic,False,65,1.9875438213348389,0.0
93,visual,2.4605889320373535,0.0,Grocery,43,context_attn_dynamic,False,65,2.4605889320373535,0.0
94,text,2.0001916885375977,0.0,Grocery,43,context_attn_dynamic,False,65,2.0001916885375977,0.0
94,visual,2.4703385829925537,0.0,Grocery,43,context_attn_dynamic,False,65,2.4703385829925537,0.0
95,text,2.010819911956787,0.0,Grocery,43,context_attn_dynamic,False,65,2.010819911956787,0.0
95,visual,2.4797921180725098,0.0,Grocery,43,context_attn_dynamic,False,65,2.4797921180725098,0.0
1,text,0.08967072516679764,0.0,Grocery,43,context_bilinear_absolute,False,70,0.08967072516679764,0.0
1,visual,0.0899118110537529,0.0,Grocery,43,context_bilinear_absolute,False,70,0.0899118110537529,0.0
2,text,0.1354476362466812,0.026857368648052216,Grocery,43,context_bilinear_absolute,False,70,0.1354476362466812,0.026857368648052216
2,visual,0.1391286551952362,0.027328485623002052,Grocery,43,context_bilinear_absolute,False,70,0.1391286551952362,0.027328485623002052
3,text,0.17375078797340393,0.04763799160718918,Grocery,43,context_bilinear_absolute,False,70,0.17375078797340393,0.04763799160718918
3,visual,0.17780111730098724,0.04551723226904869,Grocery,43,context_bilinear_absolute,False,70,0.17780111730098724,0.04551723226904869
4,text,0.20969168841838837,0.06582367420196533,Grocery,43,context_bilinear_absolute,False,70,0.20969168841838837,0.06582367420196533
4,visual,0.215571328997612,0.06224504113197327,Grocery,43,context_bilinear_absolute,False,70,0.215571328997612,0.06224504113197327
5,text,0.23866631090641022,0.0803101435303688,Grocery,43,context_bilinear_absolute,False,70,0.23866631090641022,0.0803101435303688
5,visual,0.2510533928871155,0.07914146780967712,Grocery,43,context_bilinear_absolute,False,70,0.2510533928871155,0.07914146780967712
6,text,0.26538679003715515,0.0934656634926796,Grocery,43,context_bilinear_absolute,False,70,0.26538679003715515,0.0934656634926796
6,visual,0.2873733937740326,0.09788057208061218,Grocery,43,context_bilinear_absolute,False,70,0.2873733937740326,0.09788057208061218
7,text,0.2923309803009033,0.1061948761343956,Grocery,43,context_bilinear_absolute,False,70,0.2923309803009033,0.1061948761343956
7,visual,0.3232583701610565,0.11754170060157776,Grocery,43,context_bilinear_absolute,False,70,0.3232583701610565,0.11754170060157776
8,text,0.3183273673057556,0.11859839409589767,Grocery,43,context_bilinear_absolute,False,70,0.3183273673057556,0.11859839409589767
8,visual,0.35832488536834717,0.13773387670516968,Grocery,43,context_bilinear_absolute,False,70,0.35832488536834717,0.13773387670516968
9,text,0.34246349334716797,0.13187232613563538,Grocery,43,context_bilinear_absolute,False,70,0.34246349334716797,0.13187232613563538
9,visual,0.3925236165523529,0.15767961740493774,Grocery,43,context_bilinear_absolute,False,70,0.3925236165523529,0.15767961740493774
10,text,0.3652682602405548,0.14592485129833221,Grocery,43,context_bilinear_absolute,False,70,0.3652682602405548,0.14592485129833221
10,visual,0.4262585937976837,0.17824600636959076,Grocery,43,context_bilinear_absolute,False,70,0.4262585937976837,0.17824600636959076
11,text,0.3870235085487366,0.1586836725473404,Grocery,43,context_bilinear_absolute,False,70,0.3870235085487366,0.1586836725473404
11,visual,0.4601830840110779,0.1994939148426056,Grocery,43,context_bilinear_absolute,False,70,0.4601830840110779,0.1994939148426056
12,text,0.40768107771873474,0.1685667634010315,Grocery,43,context_bilinear_absolute,False,70,0.40768107771873474,0.1685667634010315
12,visual,0.4933885335922241,0.2207801640033722,Grocery,43,context_bilinear_absolute,False,70,0.4933885335922241,0.2207801640033722
13,text,0.4295625686645508,0.17864170670509338,Grocery,43,context_bilinear_absolute,False,70,0.4295625686645508,0.17864170670509338
13,visual,0.5255556702613831,0.24165195226669312,Grocery,43,context_bilinear_absolute,False,70,0.5255556702613831,0.24165195226669312
14,text,0.45194685459136963,0.18917064368724823,Grocery,43,context_bilinear_absolute,False,70,0.45194685459136963,0.18917064368724823
14,visual,0.5565164089202881,0.2616514563560486,Grocery,43,context_bilinear_absolute,False,70,0.5565164089202881,0.2616514563560486
15,text,0.4745226502418518,0.2002716362476349,Grocery,43,context_bilinear_absolute,False,70,0.4745226502418518,0.2002716362476349
15,visual,0.5874923467636108,0.28185316920280457,Grocery,43,context_bilinear_absolute,False,70,0.5874923467636108,0.28185316920280457
16,text,0.4983970522880554,0.21267038583755493,Grocery,43,context_bilinear_absolute,False,70,0.4983970522880554,0.21267038583755493
16,visual,0.6180021166801453,0.3010524809360504,Grocery,43,context_bilinear_absolute,False,70,0.6180021166801453,0.3010524809360504
17,text,0.5224297642707825,0.22628147900104523,Grocery,43,context_bilinear_absolute,False,70,0.5224297642707825,0.22628147900104523
17,visual,0.6483854651451111,0.3213956654071808,Grocery,43,context_bilinear_absolute,False,70,0.6483854651451111,0.3213956654071808
18,text,0.5463342666625977,0.23956148326396942,Grocery,43,context_bilinear_absolute,False,70,0.5463342666625977,0.23956148326396942
18,visual,0.6775564551353455,0.33919256925582886,Grocery,43,context_bilinear_absolute,False,70,0.6775564551353455,0.33919256925582886
19,text,0.5686519145965576,0.2531912624835968,Grocery,43,context_bilinear_absolute,False,70,0.5686519145965576,0.2531912624835968
19,visual,0.7060000896453857,0.3581635355949402,Grocery,43,context_bilinear_absolute,False,70,0.7060000896453857,0.3581635355949402
20,text,0.5918583273887634,0.26805517077445984,Grocery,43,context_bilinear_absolute,False,70,0.5918583273887634,0.26805517077445984
20,visual,0.7339140176773071,0.3779701292514801,Grocery,43,context_bilinear_absolute,False,70,0.7339140176773071,0.3779701292514801
21,text,0.6161552667617798,0.2838047742843628,Grocery,43,context_bilinear_absolute,False,70,0.6161552667617798,0.2838047742843628
21,visual,0.761504590511322,0.39829254150390625,Grocery,43,context_bilinear_absolute,False,70,0.761504590511322,0.39829254150390625
22,text,0.6406115293502808,0.3005449175834656,Grocery,43,context_bilinear_absolute,False,70,0.6406115293502808,0.3005449175834656
22,visual,0.789033055305481,0.4189406931400299,Grocery,43,context_bilinear_absolute,False,70,0.789033055305481,0.4189406931400299
23,text,0.6663631796836853,0.3186308443546295,Grocery,43,context_bilinear_absolute,False,70,0.6663631796836853,0.3186308443546295
23,visual,0.8169525265693665,0.4394422471523285,Grocery,43,context_bilinear_absolute,False,70,0.8169525265693665,0.4394422471523285
24,text,0.692754328250885,0.3381251096725464,Grocery,43,context_bilinear_absolute,False,70,0.692754328250885,0.3381251096725464
24,visual,0.8449670076370239,0.45980799198150635,Grocery,43,context_bilinear_absolute,False,70,0.8449670076370239,0.45980799198150635
25,text,0.7199837565422058,0.3588653802871704,Grocery,43,context_bilinear_absolute,False,70,0.7199837565422058,0.3588653802871704
25,visual,0.8736262321472168,0.48106345534324646,Grocery,43,context_bilinear_absolute,False,70,0.8736262321472168,0.48106345534324646
26,text,0.7471702098846436,0.3802005350589752,Grocery,43,context_bilinear_absolute,False,70,0.7471702098846436,0.3802005350589752
26,visual,0.9022340774536133,0.501874566078186,Grocery,43,context_bilinear_absolute,False,70,0.9022340774536133,0.501874566078186
27,text,0.7744495272636414,0.4012667238712311,Grocery,43,context_bilinear_absolute,False,70,0.7744495272636414,0.4012667238712311
27,visual,0.9318994283676147,0.5243723392486572,Grocery,43,context_bilinear_absolute,False,70,0.9318994283676147,0.5243723392486572
28,text,0.8027939796447754,0.4238234758377075,Grocery,43,context_bilinear_absolute,False,70,0.8027939796447754,0.4238234758377075
28,visual,0.9627878665924072,0.5473843812942505,Grocery,43,context_bilinear_absolute,False,70,0.9627878665924072,0.5473843812942505
29,text,0.8312217593193054,0.4465533494949341,Grocery,43,context_bilinear_absolute,False,70,0.8312217593193054,0.4465533494949341
29,visual,0.9951922297477722,0.5716753602027893,Grocery,43,context_bilinear_absolute,False,70,0.9951922297477722,0.5716753602027893
30,text,0.8601416349411011,0.4705524742603302,Grocery,43,context_bilinear_absolute,False,70,0.8601416349411011,0.4705524742603302
30,visual,1.028931736946106,0.5971176624298096,Grocery,43,context_bilinear_absolute,False,70,1.028931736946106,0.5971176624298096
31,text,0.8895474672317505,0.4954817295074463,Grocery,43,context_bilinear_absolute,False,70,0.8895474672317505,0.4954817295074463
31,visual,1.0645653009414673,0.6240835189819336,Grocery,43,context_bilinear_absolute,False,70,1.0645653009414673,0.6240835189819336
32,text,0.9194840788841248,0.5212559700012207,Grocery,43,context_bilinear_absolute,False,70,0.9194840788841248,0.5212559700012207
32,visual,1.1014684438705444,0.6521150469779968,Grocery,43,context_bilinear_absolute,False,70,1.1014684438705444,0.6521150469779968
33,text,0.9492172002792358,0.5469787120819092,Grocery,43,context_bilinear_absolute,False,70,0.9492172002792358,0.5469787120819092
33,visual,1.138867735862732,0.6802355647087097,Grocery,43,context_bilinear_absolute,False,70,1.138867735862732,0.6802355647087097
34,text,0.9782630801200867,0.5706754922866821,Grocery,43,context_bilinear_absolute,False,70,0.9782630801200867,0.5706754922866821
34,visual,1.1772829294204712,0.7073041796684265,Grocery,43,context_bilinear_absolute,False,70,1.1772829294204712,0.7073041796684265
35,text,1.0054128170013428,0.5920317769050598,Grocery,43,context_bilinear_absolute,False,70,1.0054128170013428,0.5920317769050598
35,visual,1.2151018381118774,0.7343906760215759,Grocery,43,context_bilinear_absolute,False,70,1.2151018381118774,0.7343906760215759
36,text,1.0323710441589355,0.6132345199584961,Grocery,43,context_bilinear_absolute,False,70,1.0323710441589355,0.6132345199584961
36,visual,1.2540438175201416,0.7621212601661682,Grocery,43,context_bilinear_absolute,False,70,1.2540438175201416,0.7621212601661682
37,text,1.0575343370437622,0.6325315833091736,Grocery,43,context_bilinear_absolute,False,70,1.0575343370437622,0.6325315833091736
37,visual,1.2921247482299805,0.7879316210746765,Grocery,43,context_bilinear_absolute,False,70,1.2921247482299805,0.7879316210746765
38,text,1.08198881149292,0.652118980884552,Grocery,43,context_bilinear_absolute,False,70,1.08198881149292,0.652118980884552
38,visual,1.330132007598877,0.8130371570587158,Grocery,43,context_bilinear_absolute,False,70,1.330132007598877,0.8130371570587158
39,text,1.1061514616012573,0.6712127327919006,Grocery,43,context_bilinear_absolute,False,70,1.1061514616012573,0.6712127327919006
39,visual,1.3661468029022217,0.8344643115997314,Grocery,43,context_bilinear_absolute,False,70,1.3661468029022217,0.8344643115997314
40,text,1.128377079963684,0.6901183724403381,Grocery,43,context_bilinear_absolute,False,70,1.128377079963684,0.6901183724403381
40,visual,1.399936556816101,0.8524501919746399,Grocery,43,context_bilinear_absolute,False,70,1.399936556816101,0.8524501919746399
41,text,1.1511116027832031,0.7106817364692688,Grocery,43,context_bilinear_absolute,False,70,1.1511116027832031,0.7106817364692688
41,visual,1.4325885772705078,0.865351140499115,Grocery,43,context_bilinear_absolute,False,70,1.4325885772705078,0.865351140499115
42,text,1.1730222702026367,0.7309884428977966,Grocery,43,context_bilinear_absolute,False,70,1.1730222702026367,0.7309884428977966
42,visual,1.460105299949646,0.8729904294013977,Grocery,43,context_bilinear_absolute,False,70,1.460105299949646,0.8729904294013977
43,text,1.1944409608840942,0.7521575093269348,Grocery,43,context_bilinear_absolute,False,70,1.1944409608840942,0.7521575093269348
43,visual,1.4851661920547485,0.8777833580970764,Grocery,43,context_bilinear_absolute,False,70,1.4851661920547485,0.8777833580970764
44,text,1.2145085334777832,0.7726628184318542,Grocery,43,context_bilinear_absolute,False,70,1.2145085334777832,0.7726628184318542
44,visual,1.5052261352539062,0.8788830041885376,Grocery,43,context_bilinear_absolute,False,70,1.5052261352539062,0.8788830041885376
45,text,1.2338886260986328,0.7935724258422852,Grocery,43,context_bilinear_absolute,False,70,1.2338886260986328,0.7935724258422852
45,visual,1.522845983505249,0.8774598836898804,Grocery,43,context_bilinear_absolute,False,70,1.522845983505249,0.8774598836898804
46,text,1.251927375793457,0.8131511211395264,Grocery,43,context_bilinear_absolute,False,70,1.251927375793457,0.8131511211395264
46,visual,1.5398420095443726,0.8759433031082153,Grocery,43,context_bilinear_absolute,False,70,1.5398420095443726,0.8759433031082153
47,text,1.269436001777649,0.832217276096344,Grocery,43,context_bilinear_absolute,False,70,1.269436001777649,0.832217276096344
47,visual,1.55613112449646,0.8773484826087952,Grocery,43,context_bilinear_absolute,False,70,1.55613112449646,0.8773484826087952
48,text,1.286576271057129,0.851875901222229,Grocery,43,context_bilinear_absolute,False,70,1.286576271057129,0.851875901222229
48,visual,1.5712779760360718,0.8800698518753052,Grocery,43,context_bilinear_absolute,False,70,1.5712779760360718,0.8800698518753052
49,text,1.3008654117584229,0.869007408618927,Grocery,43,context_bilinear_absolute,False,70,1.3008654117584229,0.869007408618927
49,visual,1.5866087675094604,0.8835510611534119,Grocery,43,context_bilinear_absolute,False,70,1.5866087675094604,0.8835510611534119
50,text,1.3150036334991455,0.8864709734916687,Grocery,43,context_bilinear_absolute,False,70,1.3150036334991455,0.8864709734916687
50,visual,1.6036009788513184,0.8895357251167297,Grocery,43,context_bilinear_absolute,False,70,1.6036009788513184,0.8895357251167297
51,text,1.3296730518341064,0.9051460027694702,Grocery,43,context_bilinear_absolute,False,70,1.3296730518341064,0.9051460027694702
51,visual,1.6213369369506836,0.898476779460907,Grocery,43,context_bilinear_absolute,False,70,1.6213369369506836,0.898476779460907
52,text,1.3438020944595337,0.9247434735298157,Grocery,43,context_bilinear_absolute,False,70,1.3438020944595337,0.9247434735298157
52,visual,1.639325499534607,0.9092490673065186,Grocery,43,context_bilinear_absolute,False,70,1.639325499534607,0.9092490673065186
53,text,1.3582489490509033,0.9451848268508911,Grocery,43,context_bilinear_absolute,False,70,1.3582489490509033,0.9451848268508911
53,visual,1.6580978631973267,0.9226759076118469,Grocery,43,context_bilinear_absolute,False,70,1.6580978631973267,0.9226759076118469
54,text,1.372625708580017,0.9660983085632324,Grocery,43,context_bilinear_absolute,False,70,1.372625708580017,0.9660983085632324
54,visual,1.6769922971725464,0.9370242953300476,Grocery,43,context_bilinear_absolute,False,70,1.6769922971725464,0.9370242953300476
55,text,1.3862693309783936,0.9875341653823853,Grocery,43,context_bilinear_absolute,False,70,1.3862693309783936,0.9875341653823853
55,visual,1.696447730064392,0.9515693783760071,Grocery,43,context_bilinear_absolute,False,70,1.696447730064392,0.9515693783760071
56,text,1.3994369506835938,1.0090168714523315,Grocery,43,context_bilinear_absolute,False,70,1.3994369506835938,1.0090168714523315
56,visual,1.714829683303833,0.9681183099746704,Grocery,43,context_bilinear_absolute,False,70,1.714829683303833,0.9681183099746704
57,text,1.4129668474197388,1.0320897102355957,Grocery,43,context_bilinear_absolute,False,70,1.4129668474197388,1.0320897102355957
57,visual,1.7321135997772217,0.9855861067771912,Grocery,43,context_bilinear_absolute,False,70,1.7321135997772217,0.9855861067771912
58,text,1.4279836416244507,1.0581127405166626,Grocery,43,context_bilinear_absolute,False,70,1.4279836416244507,1.0581127405166626
58,visual,1.7512741088867188,1.00518000125885,Grocery,43,context_bilinear_absolute,False,70,1.7512741088867188,1.00518000125885
59,text,1.4439901113510132,1.083737850189209,Grocery,43,context_bilinear_absolute,False,70,1.4439901113510132,1.083737850189209
59,visual,1.771223783493042,1.0255721807479858,Grocery,43,context_bilinear_absolute,False,70,1.771223783493042,1.0255721807479858
60,text,1.460325837135315,1.1082402467727661,Grocery,43,context_bilinear_absolute,False,70,1.460325837135315,1.1082402467727661
60,visual,1.7921794652938843,1.0455820560455322,Grocery,43,context_bilinear_absolute,False,70,1.7921794652938843,1.0455820560455322
61,text,1.4760222434997559,1.1327332258224487,Grocery,43,context_bilinear_absolute,False,70,1.4760222434997559,1.1327332258224487
61,visual,1.812365174293518,1.0661861896514893,Grocery,43,context_bilinear_absolute,False,70,1.812365174293518,1.0661861896514893
62,text,1.4913033246994019,1.1585798263549805,Grocery,43,context_bilinear_absolute,False,70,1.4913033246994019,1.1585798263549805
62,visual,1.8306829929351807,1.088366985321045,Grocery,43,context_bilinear_absolute,False,70,1.8306829929351807,1.088366985321045
63,text,1.5065044164657593,1.1855052709579468,Grocery,43,context_bilinear_absolute,False,70,1.5065044164657593,1.1855052709579468
63,visual,1.8494839668273926,1.1116787195205688,Grocery,43,context_bilinear_absolute,False,70,1.8494839668273926,1.1116787195205688
64,text,1.5238584280014038,1.2133909463882446,Grocery,43,context_bilinear_absolute,False,70,1.5238584280014038,1.2133909463882446
64,visual,1.8677932024002075,1.1358387470245361,Grocery,43,context_bilinear_absolute,False,70,1.8677932024002075,1.1358387470245361
65,text,1.5425316095352173,1.2430024147033691,Grocery,43,context_bilinear_absolute,False,70,1.5425316095352173,1.2430024147033691
65,visual,1.885707139968872,1.1608083248138428,Grocery,43,context_bilinear_absolute,False,70,1.885707139968872,1.1608083248138428
66,text,1.5592138767242432,1.2702021598815918,Grocery,43,context_bilinear_absolute,False,70,1.5592138767242432,1.2702021598815918
66,visual,1.9029427766799927,1.1851081848144531,Grocery,43,context_bilinear_absolute,False,70,1.9029427766799927,1.1851081848144531
67,text,1.575763463973999,1.2989227771759033,Grocery,43,context_bilinear_absolute,False,70,1.575763463973999,1.2989227771759033
67,visual,1.9186476469039917,1.2109819650650024,Grocery,43,context_bilinear_absolute,False,70,1.9186476469039917,1.2109819650650024
68,text,1.5912736654281616,1.3263148069381714,Grocery,43,context_bilinear_absolute,False,70,1.5912736654281616,1.3263148069381714
68,visual,1.9339680671691895,1.2365642786026,Grocery,43,context_bilinear_absolute,False,70,1.9339680671691895,1.2365642786026
69,text,1.6062803268432617,1.35233473777771,Grocery,43,context_bilinear_absolute,False,70,1.6062803268432617,1.35233473777771
69,visual,1.9478577375411987,1.2610927820205688,Grocery,43,context_bilinear_absolute,False,70,1.9478577375411987,1.2610927820205688
70,text,1.6225504875183105,1.378056526184082,Grocery,43,context_bilinear_absolute,True,70,1.6225504875183105,1.378056526184082
70,visual,1.9628325700759888,1.2864677906036377,Grocery,43,context_bilinear_absolute,True,70,1.9628325700759888,1.2864677906036377
71,text,1.6382774114608765,1.40561044216156,Grocery,43,context_bilinear_absolute,False,70,1.6382774114608765,1.40561044216156
71,visual,1.9792680740356445,1.3115018606185913,Grocery,43,context_bilinear_absolute,False,70,1.9792680740356445,1.3115018606185913
72,text,1.6526975631713867,1.4333224296569824,Grocery,43,context_bilinear_absolute,False,70,1.6526975631713867,1.4333224296569824
72,visual,1.9947839975357056,1.3349189758300781,Grocery,43,context_bilinear_absolute,False,70,1.9947839975357056,1.3349189758300781
73,text,1.6677945852279663,1.462772011756897,Grocery,43,context_bilinear_absolute,False,70,1.6677945852279663,1.462772011756897
73,visual,2.0103509426116943,1.3588088750839233,Grocery,43,context_bilinear_absolute,False,70,2.0103509426116943,1.3588088750839233
74,text,1.6831969022750854,1.4926972389221191,Grocery,43,context_bilinear_absolute,False,70,1.6831969022750854,1.4926972389221191
74,visual,2.0258092880249023,1.3817085027694702,Grocery,43,context_bilinear_absolute,False,70,2.0258092880249023,1.3817085027694702
75,text,1.6994049549102783,1.5223222970962524,Grocery,43,context_bilinear_absolute,False,70,1.6994049549102783,1.5223222970962524
75,visual,2.0410375595092773,1.40377676486969,Grocery,43,context_bilinear_absolute,False,70,2.0410375595092773,1.40377676486969
76,text,1.7154901027679443,1.5508979558944702,Grocery,43,context_bilinear_absolute,False,70,1.7154901027679443,1.5508979558944702
76,visual,2.0543723106384277,1.4260108470916748,Grocery,43,context_bilinear_absolute,False,70,2.0543723106384277,1.4260108470916748
77,text,1.7319165468215942,1.5800479650497437,Grocery,43,context_bilinear_absolute,False,70,1.7319165468215942,1.5800479650497437
77,visual,2.0674920082092285,1.4478048086166382,Grocery,43,context_bilinear_absolute,False,70,2.0674920082092285,1.4478048086166382
78,text,1.7467055320739746,1.6101709604263306,Grocery,43,context_bilinear_absolute,False,70,1.7467055320739746,1.6101709604263306
78,visual,2.0801634788513184,1.4690691232681274,Grocery,43,context_bilinear_absolute,False,70,2.0801634788513184,1.4690691232681274
79,text,1.7615734338760376,1.6405867338180542,Grocery,43,context_bilinear_absolute,False,70,1.7615734338760376,1.6405867338180542
79,visual,2.093336820602417,1.4894481897354126,Grocery,43,context_bilinear_absolute,False,70,2.093336820602417,1.4894481897354126
80,text,1.777459740638733,1.6718151569366455,Grocery,43,context_bilinear_absolute,False,70,1.777459740638733,1.6718151569366455
80,visual,2.107588291168213,1.5091718435287476,Grocery,43,context_bilinear_absolute,False,70,2.107588291168213,1.5091718435287476
81,text,1.7929043769836426,1.7020041942596436,Grocery,43,context_bilinear_absolute,False,70,1.7929043769836426,1.7020041942596436
81,visual,2.122363567352295,1.5280343294143677,Grocery,43,context_bilinear_absolute,False,70,2.122363567352295,1.5280343294143677
82,text,1.8086390495300293,1.7332582473754883,Grocery,43,context_bilinear_absolute,False,70,1.8086390495300293,1.7332582473754883
82,visual,2.1369364261627197,1.5481537580490112,Grocery,43,context_bilinear_absolute,False,70,2.1369364261627197,1.5481537580490112
83,text,1.824819564819336,1.7631356716156006,Grocery,43,context_bilinear_absolute,False,70,1.824819564819336,1.7631356716156006
83,visual,2.151963233947754,1.567865014076233,Grocery,43,context_bilinear_absolute,False,70,2.151963233947754,1.567865014076233
84,text,1.840496301651001,1.7935882806777954,Grocery,43,context_bilinear_absolute,False,70,1.840496301651001,1.7935882806777954
84,visual,2.1665070056915283,1.5882636308670044,Grocery,43,context_bilinear_absolute,False,70,2.1665070056915283,1.5882636308670044
85,text,1.8552309274673462,1.8221672773361206,Grocery,43,context_bilinear_absolute,False,70,1.8552309274673462,1.8221672773361206
85,visual,2.1803972721099854,1.608773112297058,Grocery,43,context_bilinear_absolute,False,70,2.1803972721099854,1.608773112297058
86,text,1.8695398569107056,1.8505882024765015,Grocery,43,context_bilinear_absolute,False,70,1.8695398569107056,1.8505882024765015
86,visual,2.1948118209838867,1.6303638219833374,Grocery,43,context_bilinear_absolute,False,70,2.1948118209838867,1.6303638219833374
87,text,1.8836603164672852,1.8768748044967651,Grocery,43,context_bilinear_absolute,False,70,1.8836603164672852,1.8768748044967651
87,visual,2.2069225311279297,1.6514573097229004,Grocery,43,context_bilinear_absolute,False,70,2.2069225311279297,1.6514573097229004
88,text,1.8983763456344604,1.9008666276931763,Grocery,43,context_bilinear_absolute,False,70,1.8983763456344604,1.9008666276931763
88,visual,2.2185442447662354,1.671944260597229,Grocery,43,context_bilinear_absolute,False,70,2.2185442447662354,1.671944260597229
89,text,1.9125279188156128,1.9252313375473022,Grocery,43,context_bilinear_absolute,False,70,1.9125279188156128,1.9252313375473022
89,visual,2.2292654514312744,1.6918551921844482,Grocery,43,context_bilinear_absolute,False,70,2.2292654514312744,1.6918551921844482
90,text,1.9259607791900635,1.9500386714935303,Grocery,43,context_bilinear_absolute,False,70,1.9259607791900635,1.9500386714935303
90,visual,2.239185094833374,1.7115086317062378,Grocery,43,context_bilinear_absolute,False,70,2.239185094833374,1.7115086317062378
91,text,1.9389036893844604,1.975864052772522,Grocery,43,context_bilinear_absolute,False,70,1.9389036893844604,1.975864052772522
91,visual,2.2476961612701416,1.732050895690918,Grocery,43,context_bilinear_absolute,False,70,2.2476961612701416,1.732050895690918
92,text,1.9519985914230347,2.0016980171203613,Grocery,43,context_bilinear_absolute,False,70,1.9519985914230347,2.0016980171203613
92,visual,2.256772518157959,1.752016544342041,Grocery,43,context_bilinear_absolute,False,70,2.256772518157959,1.752016544342041
93,text,1.9651302099227905,2.0271520614624023,Grocery,43,context_bilinear_absolute,False,70,1.9651302099227905,2.0271520614624023
93,visual,2.2667462825775146,1.7683888673782349,Grocery,43,context_bilinear_absolute,False,70,2.2667462825775146,1.7683888673782349
94,text,1.9773988723754883,2.0515084266662598,Grocery,43,context_bilinear_absolute,False,70,1.9773988723754883,2.0515084266662598
94,visual,2.275269031524658,1.7847216129302979,Grocery,43,context_bilinear_absolute,False,70,2.275269031524658,1.7847216129302979
95,text,1.9882973432540894,2.075138568878174,Grocery,43,context_bilinear_absolute,False,70,1.9882973432540894,2.075138568878174
95,visual,2.2836618423461914,1.8026045560836792,Grocery,43,context_bilinear_absolute,False,70,2.2836618423461914,1.8026045560836792
96,text,1.9993772506713867,2.0997474193573,Grocery,43,context_bilinear_absolute,False,70,1.9993772506713867,2.0997474193573
96,visual,2.293177604675293,1.8212177753448486,Grocery,43,context_bilinear_absolute,False,70,2.293177604675293,1.8212177753448486
97,text,2.011056661605835,2.123839855194092,Grocery,43,context_bilinear_absolute,False,70,2.011056661605835,2.123839855194092
97,visual,2.3025412559509277,1.8407666683197021,Grocery,43,context_bilinear_absolute,False,70,2.3025412559509277,1.8407666683197021
98,text,2.02290415763855,2.146376371383667,Grocery,43,context_bilinear_absolute,False,70,2.02290415763855,2.146376371383667
98,visual,2.3110527992248535,1.8589533567428589,Grocery,43,context_bilinear_absolute,False,70,2.3110527992248535,1.8589533567428589
99,text,2.034092426300049,2.1679255962371826,Grocery,43,context_bilinear_absolute,False,70,2.034092426300049,2.1679255962371826
99,visual,2.3199448585510254,1.8764607906341553,Grocery,43,context_bilinear_absolute,False,70,2.3199448585510254,1.8764607906341553
100,text,2.0449917316436768,2.191253900527954,Grocery,43,context_bilinear_absolute,False,70,2.0449917316436768,2.191253900527954
100,visual,2.328697919845581,1.8935937881469727,Grocery,43,context_bilinear_absolute,False,70,2.328697919845581,1.8935937881469727
1,text,0.08967072516679764,0.0,Grocery,43,context_bilinear_delta,False,76,0.08967072516679764,0.0
1,visual,0.0899118110537529,0.0,Grocery,43,context_bilinear_delta,False,76,0.0899118110537529,0.0
2,text,0.13544762134552002,0.021542135626077652,Grocery,43,context_bilinear_delta,False,76,0.13544762134552002,0.021542135626077652
2,visual,0.1391286551952362,0.021438835188746452,Grocery,43,context_bilinear_delta,False,76,0.1391286551952362,0.021438835188746452
3,text,0.17375613749027252,0.03894442692399025,Grocery,43,context_bilinear_delta,False,76,0.17375613749027252,0.03894442692399025
3,visual,0.17780250310897827,0.03677351400256157,Grocery,43,context_bilinear_delta,False,76,0.17780250310897827,0.03677351400256157
4,text,0.2096959352493286,0.05422636866569519,Grocery,43,context_bilinear_delta,False,76,0.2096959352493286,0.05422636866569519
4,visual,0.21557943522930145,0.0510072335600853,Grocery,43,context_bilinear_delta,False,76,0.21557943522930145,0.0510072335600853
5,text,0.23867540061473846,0.06705483794212341,Grocery,43,context_bilinear_delta,False,76,0.23867540061473846,0.06705483794212341
5,visual,0.2510652542114258,0.06641249358654022,Grocery,43,context_bilinear_delta,False,76,0.2510652542114258,0.06641249358654022
6,text,0.2654031813144684,0.07926179468631744,Grocery,43,context_bilinear_delta,False,76,0.2654031813144684,0.07926179468631744
6,visual,0.28739050030708313,0.0843963474035263,Grocery,43,context_bilinear_delta,False,76,0.28739050030708313,0.0843963474035263
7,text,0.29234758019447327,0.09158695489168167,Grocery,43,context_bilinear_delta,False,76,0.29234758019447327,0.09158695489168167
7,visual,0.3232816457748413,0.10404811054468155,Grocery,43,context_bilinear_delta,False,76,0.3232816457748413,0.10404811054468155
8,text,0.3183382749557495,0.10375480353832245,Grocery,43,context_bilinear_delta,False,76,0.3183382749557495,0.10375480353832245
8,visual,0.35835522413253784,0.12421988695859909,Grocery,43,context_bilinear_delta,False,76,0.35835522413253784,0.12421988695859909
9,text,0.34247490763664246,0.11714068055152893,Grocery,43,context_bilinear_delta,False,76,0.34247490763664246,0.11714068055152893
9,visual,0.39256101846694946,0.14463606476783752,Grocery,43,context_bilinear_delta,False,76,0.39256101846694946,0.14463606476783752
10,text,0.36529219150543213,0.13157548010349274,Grocery,43,context_bilinear_delta,False,76,0.36529219150543213,0.13157548010349274
10,visual,0.4262993335723877,0.16561925411224365,Grocery,43,context_bilinear_delta,False,76,0.4262993335723877,0.16561925411224365
11,text,0.387066513299942,0.1455281525850296,Grocery,43,context_bilinear_delta,False,76,0.387066513299942,0.1455281525850296
11,visual,0.4602237641811371,0.18740710616111755,Grocery,43,context_bilinear_delta,False,76,0.4602237641811371,0.18740710616111755
12,text,0.4077434539794922,0.1555454134941101,Grocery,43,context_bilinear_delta,False,76,0.4077434539794922,0.1555454134941101
12,visual,0.49342960119247437,0.2095283418893814,Grocery,43,context_bilinear_delta,False,76,0.49342960119247437,0.2095283418893814
13,text,0.4296417236328125,0.16501805186271667,Grocery,43,context_bilinear_delta,False,76,0.4296417236328125,0.16501805186271667
13,visual,0.5255956053733826,0.2313200980424881,Grocery,43,context_bilinear_delta,False,76,0.5255956053733826,0.2313200980424881
14,text,0.452049195766449,0.17503465712070465,Grocery,43,context_bilinear_delta,False,76,0.452049195766449,0.17503465712070465
14,visual,0.5565536618232727,0.2516745924949646,Grocery,43,context_bilinear_delta,False,76,0.5565536618232727,0.2516745924949646
15,text,0.47465115785598755,0.1858556717634201,Grocery,43,context_bilinear_delta,False,76,0.47465115785598755,0.1858556717634201
15,visual,0.5875238180160522,0.2720102071762085,Grocery,43,context_bilinear_delta,False,76,0.5875238180160522,0.2720102071762085
16,text,0.49855101108551025,0.19794075191020966,Grocery,43,context_bilinear_delta,False,76,0.49855101108551025,0.19794075191020966
16,visual,0.6180312037467957,0.2914336621761322,Grocery,43,context_bilinear_delta,False,76,0.6180312037467957,0.2914336621761322
17,text,0.522597074508667,0.21073459088802338,Grocery,43,context_bilinear_delta,False,76,0.522597074508667,0.21073459088802338
17,visual,0.6483985185623169,0.3105659782886505,Grocery,43,context_bilinear_delta,False,76,0.6483985185623169,0.3105659782886505
18,text,0.5465154051780701,0.2231280654668808,Grocery,43,context_bilinear_delta,False,76,0.5465154051780701,0.2231280654668808
18,visual,0.6775532960891724,0.32684260606765747,Grocery,43,context_bilinear_delta,False,76,0.6775532960891724,0.32684260606765747
19,text,0.5688350796699524,0.23497126996517181,Grocery,43,context_bilinear_delta,False,76,0.5688350796699524,0.23497126996517181
19,visual,0.7059764862060547,0.34429222345352173,Grocery,43,context_bilinear_delta,False,76,0.7059764862060547,0.34429222345352173
20,text,0.5920379161834717,0.24812760949134827,Grocery,43,context_bilinear_delta,False,76,0.5920379161834717,0.24812760949134827
20,visual,0.7338597774505615,0.36257970333099365,Grocery,43,context_bilinear_delta,False,76,0.7338597774505615,0.36257970333099365
21,text,0.6163306832313538,0.26248297095298767,Grocery,43,context_bilinear_delta,False,76,0.6163306832313538,0.26248297095298767
21,visual,0.7614206075668335,0.3820151686668396,Grocery,43,context_bilinear_delta,False,76,0.7614206075668335,0.3820151686668396
22,text,0.6407653093338013,0.27773749828338623,Grocery,43,context_bilinear_delta,False,76,0.6407653093338013,0.27773749828338623
22,visual,0.7889158129692078,0.4025593400001526,Grocery,43,context_bilinear_delta,False,76,0.7889158129692078,0.4025593400001526
23,text,0.6664885878562927,0.2945179343223572,Grocery,43,context_bilinear_delta,False,76,0.6664885878562927,0.2945179343223572
23,visual,0.8168060183525085,0.4242975413799286,Grocery,43,context_bilinear_delta,False,76,0.8168060183525085,0.4242975413799286
24,text,0.6928367614746094,0.312368780374527,Grocery,43,context_bilinear_delta,False,76,0.6928367614746094,0.312368780374527
24,visual,0.8447868227958679,0.4461601674556732,Grocery,43,context_bilinear_delta,False,76,0.8447868227958679,0.4461601674556732
25,text,0.7200059294700623,0.33154985308647156,Grocery,43,context_bilinear_delta,False,76,0.7200059294700623,0.33154985308647156
25,visual,0.8734203577041626,0.47040966153144836,Grocery,43,context_bilinear_delta,False,76,0.8734203577041626,0.47040966153144836
26,text,0.747134804725647,0.3511040508747101,Grocery,43,context_bilinear_delta,False,76,0.747134804725647,0.3511040508747101
26,visual,0.9020334482192993,0.4952986538410187,Grocery,43,context_bilinear_delta,False,76,0.9020334482192993,0.4952986538410187
27,text,0.7743546962738037,0.37078920006752014,Grocery,43,context_bilinear_delta,False,76,0.7743546962738037,0.37078920006752014
27,visual,0.9317119121551514,0.5221080183982849,Grocery,43,context_bilinear_delta,False,76,0.9317119121551514,0.5221080183982849
28,text,0.8026166558265686,0.3921623229980469,Grocery,43,context_bilinear_delta,False,76,0.8026166558265686,0.3921623229980469
28,visual,0.9626262784004211,0.5502744913101196,Grocery,43,context_bilinear_delta,False,76,0.9626262784004211,0.5502744913101196
29,text,0.8309676051139832,0.41418272256851196,Grocery,43,context_bilinear_delta,False,76,0.8309676051139832,0.41418272256851196
29,visual,0.9950612783432007,0.5802726149559021,Grocery,43,context_bilinear_delta,False,76,0.9950612783432007,0.5802726149559021
30,text,0.8597829937934875,0.43759533762931824,Grocery,43,context_bilinear_delta,False,76,0.8597829937934875,0.43759533762931824
30,visual,1.0288441181182861,0.6121696829795837,Grocery,43,context_bilinear_delta,False,76,1.0288441181182861,0.6121696829795837
31,text,0.8890895247459412,0.4620888829231262,Grocery,43,context_bilinear_delta,False,76,0.8890895247459412,0.4620888829231262
31,visual,1.0645127296447754,0.6454043984413147,Grocery,43,context_bilinear_delta,False,76,1.0645127296447754,0.6454043984413147
32,text,0.9189597964286804,0.4879281520843506,Grocery,43,context_bilinear_delta,False,76,0.9189597964286804,0.4879281520843506
32,visual,1.1015825271606445,0.6802616119384766,Grocery,43,context_bilinear_delta,False,76,1.1015825271606445,0.6802616119384766
33,text,0.9486090540885925,0.5143714547157288,Grocery,43,context_bilinear_delta,False,76,0.9486090540885925,0.5143714547157288
33,visual,1.1390533447265625,0.7145577669143677,Grocery,43,context_bilinear_delta,False,76,1.1390533447265625,0.7145577669143677
34,text,0.9777112603187561,0.5381402373313904,Grocery,43,context_bilinear_delta,False,76,0.9777112603187561,0.5381402373313904
34,visual,1.1777280569076538,0.7476940155029297,Grocery,43,context_bilinear_delta,False,76,1.1777280569076538,0.7476940155029297
35,text,1.0048202276229858,0.5598046779632568,Grocery,43,context_bilinear_delta,False,76,1.0048202276229858,0.5598046779632568
35,visual,1.215543270111084,0.7787711024284363,Grocery,43,context_bilinear_delta,False,76,1.215543270111084,0.7787711024284363
36,text,1.0315911769866943,0.5807370543479919,Grocery,43,context_bilinear_delta,False,76,1.0315911769866943,0.5807370543479919
36,visual,1.2541824579238892,0.8085827231407166,Grocery,43,context_bilinear_delta,False,76,1.2541824579238892,0.8085827231407166
37,text,1.056017518043518,0.5962127447128296,Grocery,43,context_bilinear_delta,False,76,1.056017518043518,0.5962127447128296
37,visual,1.2919085025787354,0.8364987969398499,Grocery,43,context_bilinear_delta,False,76,1.2919085025787354,0.8364987969398499
38,text,1.079699158668518,0.6124505996704102,Grocery,43,context_bilinear_delta,False,76,1.079699158668518,0.6124505996704102
38,visual,1.3294919729232788,0.8626840114593506,Grocery,43,context_bilinear_delta,False,76,1.3294919729232788,0.8626840114593506
39,text,1.103124976158142,0.6273273825645447,Grocery,43,context_bilinear_delta,False,76,1.103124976158142,0.6273273825645447
39,visual,1.3657361268997192,0.8848390579223633,Grocery,43,context_bilinear_delta,False,76,1.3657361268997192,0.8848390579223633
40,text,1.1249077320098877,0.641083300113678,Grocery,43,context_bilinear_delta,False,76,1.1249077320098877,0.641083300113678
40,visual,1.3978127241134644,0.8976575136184692,Grocery,43,context_bilinear_delta,False,76,1.3978127241134644,0.8976575136184692
41,text,1.1464749574661255,0.6548326015472412,Grocery,43,context_bilinear_delta,False,76,1.1464749574661255,0.6548326015472412
41,visual,1.4288634061813354,0.9037813544273376,Grocery,43,context_bilinear_delta,False,76,1.4288634061813354,0.9037813544273376
42,text,1.1674197912216187,0.6666368842124939,Grocery,43,context_bilinear_delta,False,76,1.1674197912216187,0.6666368842124939
42,visual,1.4581953287124634,0.9124735593795776,Grocery,43,context_bilinear_delta,False,76,1.4581953287124634,0.9124735593795776
43,text,1.18722403049469,0.6767879128456116,Grocery,43,context_bilinear_delta,False,76,1.18722403049469,0.6767879128456116
43,visual,1.4848524332046509,0.9209741353988647,Grocery,43,context_bilinear_delta,False,76,1.4848524332046509,0.9209741353988647
44,text,1.2063599824905396,0.6875618696212769,Grocery,43,context_bilinear_delta,False,76,1.2063599824905396,0.6875618696212769
44,visual,1.5097980499267578,0.9237483143806458,Grocery,43,context_bilinear_delta,False,76,1.5097980499267578,0.9237483143806458
45,text,1.2243983745574951,0.6980993151664734,Grocery,43,context_bilinear_delta,False,76,1.2243983745574951,0.6980993151664734
45,visual,1.5318512916564941,0.9210886359214783,Grocery,43,context_bilinear_delta,False,76,1.5318512916564941,0.9210886359214783
46,text,1.2420364618301392,0.7069433331489563,Grocery,43,context_bilinear_delta,False,76,1.2420364618301392,0.7069433331489563
46,visual,1.550188660621643,0.9118112921714783,Grocery,43,context_bilinear_delta,False,76,1.550188660621643,0.9118112921714783
47,text,1.2601275444030762,0.7143872380256653,Grocery,43,context_bilinear_delta,False,76,1.2601275444030762,0.7143872380256653
47,visual,1.568387746810913,0.901034951210022,Grocery,43,context_bilinear_delta,False,76,1.568387746810913,0.901034951210022
48,text,1.2772414684295654,0.7229170203208923,Grocery,43,context_bilinear_delta,False,76,1.2772414684295654,0.7229170203208923
48,visual,1.586607813835144,0.8908264636993408,Grocery,43,context_bilinear_delta,False,76,1.586607813835144,0.8908264636993408
49,text,1.2933413982391357,0.7308825850486755,Grocery,43,context_bilinear_delta,False,76,1.2933413982391357,0.7308825850486755
49,visual,1.6034296751022339,0.8806265592575073,Grocery,43,context_bilinear_delta,False,76,1.6034296751022339,0.8806265592575073
50,text,1.3094027042388916,0.7400338649749756,Grocery,43,context_bilinear_delta,False,76,1.3094027042388916,0.7400338649749756
50,visual,1.6215211153030396,0.8723545074462891,Grocery,43,context_bilinear_delta,False,76,1.6215211153030396,0.8723545074462891
51,text,1.3245720863342285,0.7480137944221497,Grocery,43,context_bilinear_delta,False,76,1.3245720863342285,0.7480137944221497
51,visual,1.6389427185058594,0.8687087297439575,Grocery,43,context_bilinear_delta,False,76,1.6389427185058594,0.8687087297439575
52,text,1.3377372026443481,0.7527457475662231,Grocery,43,context_bilinear_delta,False,76,1.3377372026443481,0.7527457475662231
52,visual,1.654868245124817,0.8647832870483398,Grocery,43,context_bilinear_delta,False,76,1.654868245124817,0.8647832870483398
53,text,1.351104974746704,0.7584723234176636,Grocery,43,context_bilinear_delta,False,76,1.351104974746704,0.7584723234176636
53,visual,1.6698654890060425,0.8578677773475647,Grocery,43,context_bilinear_delta,False,76,1.6698654890060425,0.8578677773475647
54,text,1.3638545274734497,0.7631886601448059,Grocery,43,context_bilinear_delta,False,76,1.3638545274734497,0.7631886601448059
54,visual,1.685436487197876,0.8504533171653748,Grocery,43,context_bilinear_delta,False,76,1.685436487197876,0.8504533171653748
55,text,1.3764103651046753,0.7679047584533691,Grocery,43,context_bilinear_delta,False,76,1.3764103651046753,0.7679047584533691
55,visual,1.701128602027893,0.8445611000061035,Grocery,43,context_bilinear_delta,False,76,1.701128602027893,0.8445611000061035
56,text,1.3893160820007324,0.773170530796051,Grocery,43,context_bilinear_delta,False,76,1.3893160820007324,0.773170530796051
56,visual,1.7168134450912476,0.8432737588882446,Grocery,43,context_bilinear_delta,False,76,1.7168134450912476,0.8432737588882446
57,text,1.4024146795272827,0.7789791822433472,Grocery,43,context_bilinear_delta,False,76,1.4024146795272827,0.7789791822433472
57,visual,1.7330079078674316,0.8443642258644104,Grocery,43,context_bilinear_delta,False,76,1.7330079078674316,0.8443642258644104
58,text,1.4153977632522583,0.7844210863113403,Grocery,43,context_bilinear_delta,False,76,1.4153977632522583,0.7844210863113403
58,visual,1.7480401992797852,0.8429944515228271,Grocery,43,context_bilinear_delta,False,76,1.7480401992797852,0.8429944515228271
59,text,1.429177165031433,0.791318953037262,Grocery,43,context_bilinear_delta,False,76,1.429177165031433,0.791318953037262
59,visual,1.7635270357131958,0.8399686813354492,Grocery,43,context_bilinear_delta,False,76,1.7635270357131958,0.8399686813354492
60,text,1.4431941509246826,0.799554169178009,Grocery,43,context_bilinear_delta,False,76,1.4431941509246826,0.799554169178009
60,visual,1.7786589860916138,0.8374786972999573,Grocery,43,context_bilinear_delta,False,76,1.7786589860916138,0.8374786972999573
61,text,1.4578237533569336,0.808894693851471,Grocery,43,context_bilinear_delta,False,76,1.4578237533569336,0.808894693851471
61,visual,1.794365644454956,0.8377062678337097,Grocery,43,context_bilinear_delta,False,76,1.794365644454956,0.8377062678337097
62,text,1.4725264310836792,0.8175327181816101,Grocery,43,context_bilinear_delta,False,76,1.4725264310836792,0.8175327181816101
62,visual,1.8099333047866821,0.837374746799469,Grocery,43,context_bilinear_delta,False,76,1.8099333047866821,0.837374746799469
63,text,1.486158847808838,0.8256416320800781,Grocery,43,context_bilinear_delta,False,76,1.486158847808838,0.8256416320800781
63,visual,1.8247687816619873,0.8357724547386169,Grocery,43,context_bilinear_delta,False,76,1.8247687816619873,0.8357724547386169
64,text,1.498672366142273,0.833940863609314,Grocery,43,context_bilinear_delta,False,76,1.498672366142273,0.833940863609314
64,visual,1.8398542404174805,0.8350513577461243,Grocery,43,context_bilinear_delta,False,76,1.8398542404174805,0.8350513577461243
65,text,1.5107882022857666,0.8422834277153015,Grocery,43,context_bilinear_delta,False,76,1.5107882022857666,0.8422834277153015
65,visual,1.8543699979782104,0.8380633592605591,Grocery,43,context_bilinear_delta,False,76,1.8543699979782104,0.8380633592605591
66,text,1.522950530052185,0.8500528931617737,Grocery,43,context_bilinear_delta,False,76,1.522950530052185,0.8500528931617737
66,visual,1.8674269914627075,0.8414650559425354,Grocery,43,context_bilinear_delta,False,76,1.8674269914627075,0.8414650559425354
67,text,1.5353442430496216,0.859878659248352,Grocery,43,context_bilinear_delta,False,76,1.5353442430496216,0.859878659248352
67,visual,1.8800212144851685,0.8439713716506958,Grocery,43,context_bilinear_delta,False,76,1.8800212144851685,0.8439713716506958
68,text,1.5482177734375,0.8700162172317505,Grocery,43,context_bilinear_delta,False,76,1.5482177734375,0.8700162172317505
68,visual,1.8913984298706055,0.8412501215934753,Grocery,43,context_bilinear_delta,False,76,1.8913984298706055,0.8412501215934753
69,text,1.5615324974060059,0.8798330426216125,Grocery,43,context_bilinear_delta,False,76,1.5615324974060059,0.8798330426216125
69,visual,1.9033149480819702,0.8385500311851501,Grocery,43,context_bilinear_delta,False,76,1.9033149480819702,0.8385500311851501
70,text,1.5744212865829468,0.8901264071464539,Grocery,43,context_bilinear_delta,False,76,1.5744212865829468,0.8901264071464539
70,visual,1.9146168231964111,0.8415387868881226,Grocery,43,context_bilinear_delta,False,76,1.9146168231964111,0.8415387868881226
71,text,1.5874629020690918,0.8996719717979431,Grocery,43,context_bilinear_delta,False,76,1.5874629020690918,0.8996719717979431
71,visual,1.924808382987976,0.8428488969802856,Grocery,43,context_bilinear_delta,False,76,1.924808382987976,0.8428488969802856
72,text,1.6016209125518799,0.9116992950439453,Grocery,43,context_bilinear_delta,False,76,1.6016209125518799,0.9116992950439453
72,visual,1.9357620477676392,0.8445568680763245,Grocery,43,context_bilinear_delta,False,76,1.9357620477676392,0.8445568680763245
73,text,1.6152393817901611,0.9229806065559387,Grocery,43,context_bilinear_delta,False,76,1.6152393817901611,0.9229806065559387
73,visual,1.946812629699707,0.8475142121315002,Grocery,43,context_bilinear_delta,False,76,1.946812629699707,0.8475142121315002
74,text,1.628720760345459,0.9308196306228638,Grocery,43,context_bilinear_delta,False,76,1.628720760345459,0.9308196306228638
74,visual,1.9583945274353027,0.8490421175956726,Grocery,43,context_bilinear_delta,False,76,1.9583945274353027,0.8490421175956726
75,text,1.6424024105072021,0.9386216998100281,Grocery,43,context_bilinear_delta,False,76,1.6424024105072021,0.9386216998100281
75,visual,1.9707671403884888,0.8519164323806763,Grocery,43,context_bilinear_delta,False,76,1.9707671403884888,0.8519164323806763
76,text,1.655369758605957,0.9483115077018738,Grocery,43,context_bilinear_delta,True,76,1.655369758605957,0.9483115077018738
76,visual,1.9826700687408447,0.8584606051445007,Grocery,43,context_bilinear_delta,True,76,1.9826700687408447,0.8584606051445007
77,text,1.6685935258865356,0.9594771862030029,Grocery,43,context_bilinear_delta,False,76,1.6685935258865356,0.9594771862030029
77,visual,1.9937719106674194,0.8644965291023254,Grocery,43,context_bilinear_delta,False,76,1.9937719106674194,0.8644965291023254
78,text,1.6804817914962769,0.9671320915222168,Grocery,43,context_bilinear_delta,False,76,1.6804817914962769,0.9671320915222168
78,visual,2.003059148788452,0.867733895778656,Grocery,43,context_bilinear_delta,False,76,2.003059148788452,0.867733895778656
79,text,1.6900955438613892,0.9731235504150391,Grocery,43,context_bilinear_delta,False,76,1.6900955438613892,0.9731235504150391
79,visual,2.012483835220337,0.8711903691291809,Grocery,43,context_bilinear_delta,False,76,2.012483835220337,0.8711903691291809
80,text,1.7004934549331665,0.9802470803260803,Grocery,43,context_bilinear_delta,False,76,1.7004934549331665,0.9802470803260803
80,visual,2.0223453044891357,0.876462996006012,Grocery,43,context_bilinear_delta,False,76,2.0223453044891357,0.876462996006012
81,text,1.7121162414550781,0.9879544973373413,Grocery,43,context_bilinear_delta,False,76,1.7121162414550781,0.9879544973373413
81,visual,2.0301175117492676,0.8781521916389465,Grocery,43,context_bilinear_delta,False,76,2.0301175117492676,0.8781521916389465
82,text,1.7235642671585083,0.9963906407356262,Grocery,43,context_bilinear_delta,False,76,1.7235642671585083,0.9963906407356262
82,visual,2.0382509231567383,0.8827378749847412,Grocery,43,context_bilinear_delta,False,76,2.0382509231567383,0.8827378749847412
83,text,1.734503984451294,1.0065791606903076,Grocery,43,context_bilinear_delta,False,76,1.734503984451294,1.0065791606903076
83,visual,2.0485193729400635,0.8895335793495178,Grocery,43,context_bilinear_delta,False,76,2.0485193729400635,0.8895335793495178
84,text,1.7449017763137817,1.0166665315628052,Grocery,43,context_bilinear_delta,False,76,1.7449017763137817,1.0166665315628052
84,visual,2.0586907863616943,0.8938905000686646,Grocery,43,context_bilinear_delta,False,76,2.0586907863616943,0.8938905000686646
85,text,1.7556147575378418,1.026906967163086,Grocery,43,context_bilinear_delta,False,76,1.7556147575378418,1.026906967163086
85,visual,2.0699024200439453,0.898222804069519,Grocery,43,context_bilinear_delta,False,76,2.0699024200439453,0.898222804069519
86,text,1.7655709981918335,1.0360544919967651,Grocery,43,context_bilinear_delta,False,76,1.7655709981918335,1.0360544919967651
86,visual,2.081799268722534,0.9051051139831543,Grocery,43,context_bilinear_delta,False,76,2.081799268722534,0.9051051139831543
87,text,1.7762902975082397,1.0429942607879639,Grocery,43,context_bilinear_delta,False,76,1.7762902975082397,1.0429942607879639
87,visual,2.092449426651001,0.9115477800369263,Grocery,43,context_bilinear_delta,False,76,2.092449426651001,0.9115477800369263
88,text,1.786202073097229,1.0516817569732666,Grocery,43,context_bilinear_delta,False,76,1.786202073097229,1.0516817569732666
88,visual,2.1018316745758057,0.9179275631904602,Grocery,43,context_bilinear_delta,False,76,2.1018316745758057,0.9179275631904602
89,text,1.7953720092773438,1.0631985664367676,Grocery,43,context_bilinear_delta,False,76,1.7953720092773438,1.0631985664367676
89,visual,2.112234115600586,0.9266895055770874,Grocery,43,context_bilinear_delta,False,76,2.112234115600586,0.9266895055770874
90,text,1.8053300380706787,1.0727014541625977,Grocery,43,context_bilinear_delta,False,76,1.8053300380706787,1.0727014541625977
90,visual,2.123220682144165,0.9351961016654968,Grocery,43,context_bilinear_delta,False,76,2.123220682144165,0.9351961016654968
91,text,1.8138984441757202,1.0808196067810059,Grocery,43,context_bilinear_delta,False,76,1.8138984441757202,1.0808196067810059
91,visual,2.1338157653808594,0.943053126335144,Grocery,43,context_bilinear_delta,False,76,2.1338157653808594,0.943053126335144
92,text,1.8253756761550903,1.0902129411697388,Grocery,43,context_bilinear_delta,False,76,1.8253756761550903,1.0902129411697388
92,visual,2.146143913269043,0.9523133635520935,Grocery,43,context_bilinear_delta,False,76,2.146143913269043,0.9523133635520935
93,text,1.8356455564498901,1.100242018699646,Grocery,43,context_bilinear_delta,False,76,1.8356455564498901,1.100242018699646
93,visual,2.1584017276763916,0.9619135856628418,Grocery,43,context_bilinear_delta,False,76,2.1584017276763916,0.9619135856628418
94,text,1.8462529182434082,1.1086193323135376,Grocery,43,context_bilinear_delta,False,76,1.8462529182434082,1.1086193323135376
94,visual,2.1690096855163574,0.9694938063621521,Grocery,43,context_bilinear_delta,False,76,2.1690096855163574,0.9694938063621521
95,text,1.858021855354309,1.1170942783355713,Grocery,43,context_bilinear_delta,False,76,1.858021855354309,1.1170942783355713
95,visual,2.180152177810669,0.980230450630188,Grocery,43,context_bilinear_delta,False,76,2.180152177810669,0.980230450630188
96,text,1.8708176612854004,1.1245839595794678,Grocery,43,context_bilinear_delta,False,76,1.8708176612854004,1.1245839595794678
96,visual,2.1909844875335693,0.989463746547699,Grocery,43,context_bilinear_delta,False,76,2.1909844875335693,0.989463746547699
97,text,1.8845709562301636,1.1341429948806763,Grocery,43,context_bilinear_delta,False,76,1.8845709562301636,1.1341429948806763
97,visual,2.203397035598755,0.9995816349983215,Grocery,43,context_bilinear_delta,False,76,2.203397035598755,0.9995816349983215
98,text,1.8994272947311401,1.142632007598877,Grocery,43,context_bilinear_delta,False,76,1.8994272947311401,1.142632007598877
98,visual,2.214454174041748,1.007488489151001,Grocery,43,context_bilinear_delta,False,76,2.214454174041748,1.007488489151001
99,text,1.9124701023101807,1.15233314037323,Grocery,43,context_bilinear_delta,False,76,1.9124701023101807,1.15233314037323
99,visual,2.2251744270324707,1.017464280128479,Grocery,43,context_bilinear_delta,False,76,2.2251744270324707,1.017464280128479
100,text,1.925638198852539,1.1631220579147339,Grocery,43,context_bilinear_delta,False,76,1.925638198852539,1.1631220579147339
100,visual,2.2346928119659424,1.02703857421875,Grocery,43,context_bilinear_delta,False,76,2.2346928119659424,1.02703857421875
101,text,1.9398149251937866,1.1747804880142212,Grocery,43,context_bilinear_delta,False,76,1.9398149251937866,1.1747804880142212
101,visual,2.2442262172698975,1.0357342958450317,Grocery,43,context_bilinear_delta,False,76,2.2442262172698975,1.0357342958450317
102,text,1.953795075416565,1.1871278285980225,Grocery,43,context_bilinear_delta,False,76,1.953795075416565,1.1871278285980225
102,visual,2.255291700363159,1.045649766921997,Grocery,43,context_bilinear_delta,False,76,2.255291700363159,1.045649766921997
103,text,1.9668492078781128,1.197684407234192,Grocery,43,context_bilinear_delta,False,76,1.9668492078781128,1.197684407234192
103,visual,2.265005350112915,1.053527593612671,Grocery,43,context_bilinear_delta,False,76,2.265005350112915,1.053527593612671
104,text,1.980199933052063,1.210809588432312,Grocery,43,context_bilinear_delta,False,76,1.980199933052063,1.210809588432312
104,visual,2.276287317276001,1.0633891820907593,Grocery,43,context_bilinear_delta,False,76,2.276287317276001,1.0633891820907593
105,text,1.9929322004318237,1.2251428365707397,Grocery,43,context_bilinear_delta,False,76,1.9929322004318237,1.2251428365707397
105,visual,2.288886308670044,1.0741462707519531,Grocery,43,context_bilinear_delta,False,76,2.288886308670044,1.0741462707519531
106,text,2.0041260719299316,1.239559292793274,Grocery,43,context_bilinear_delta,False,76,2.0041260719299316,1.239559292793274
106,visual,2.301490545272827,1.0820058584213257,Grocery,43,context_bilinear_delta,False,76,2.301490545272827,1.0820058584213257
1,text,0.08990936726331711,0.0,Grocery,44,context_static,False,72,0.08990936726331711,0.0
1,visual,0.08989417552947998,0.0,Grocery,44,context_static,False,72,0.08989417552947998,0.0
2,text,0.14008113741874695,0.0,Grocery,44,context_static,False,72,0.14008113741874695,0.0
2,visual,0.1407729536294937,0.0,Grocery,44,context_static,False,72,0.1407729536294937,0.0
3,text,0.17683209478855133,0.0,Grocery,44,context_static,False,72,0.17683209478855133,0.0
3,visual,0.17952822148799896,0.0,Grocery,44,context_static,False,72,0.17952822148799896,0.0
4,text,0.2105514407157898,0.0,Grocery,44,context_static,False,72,0.2105514407157898,0.0
4,visual,0.2155197560787201,0.0,Grocery,44,context_static,False,72,0.2155197560787201,0.0
5,text,0.24121123552322388,0.0,Grocery,44,context_static,False,72,0.24121123552322388,0.0
5,visual,0.2514967620372772,0.0,Grocery,44,context_static,False,72,0.2514967620372772,0.0
6,text,0.272304892539978,0.0,Grocery,44,context_static,False,72,0.272304892539978,0.0
6,visual,0.2878011465072632,0.0,Grocery,44,context_static,False,72,0.2878011465072632,0.0
7,text,0.3042805790901184,0.0,Grocery,44,context_static,False,72,0.3042805790901184,0.0
7,visual,0.32301002740859985,0.0,Grocery,44,context_static,False,72,0.32301002740859985,0.0
8,text,0.3323354125022888,0.0,Grocery,44,context_static,False,72,0.3323354125022888,0.0
8,visual,0.35677772760391235,0.0,Grocery,44,context_static,False,72,0.35677772760391235,0.0
9,text,0.3585875928401947,0.0,Grocery,44,context_static,False,72,0.3585875928401947,0.0
9,visual,0.38992905616760254,0.0,Grocery,44,context_static,False,72,0.38992905616760254,0.0
10,text,0.38454771041870117,0.0,Grocery,44,context_static,False,72,0.38454771041870117,0.0
10,visual,0.4232325553894043,0.0,Grocery,44,context_static,False,72,0.4232325553894043,0.0
11,text,0.41114896535873413,0.0,Grocery,44,context_static,False,72,0.41114896535873413,0.0
11,visual,0.45708540081977844,0.0,Grocery,44,context_static,False,72,0.45708540081977844,0.0
12,text,0.43830758333206177,0.0,Grocery,44,context_static,False,72,0.43830758333206177,0.0
12,visual,0.4913782477378845,0.0,Grocery,44,context_static,False,72,0.4913782477378845,0.0
13,text,0.4634859561920166,0.0,Grocery,44,context_static,False,72,0.4634859561920166,0.0
13,visual,0.5252517461776733,0.0,Grocery,44,context_static,False,72,0.5252517461776733,0.0
14,text,0.489139199256897,0.0,Grocery,44,context_static,False,72,0.489139199256897,0.0
14,visual,0.5585024952888489,0.0,Grocery,44,context_static,False,72,0.5585024952888489,0.0
15,text,0.5132500529289246,0.0,Grocery,44,context_static,False,72,0.5132500529289246,0.0
15,visual,0.590938150882721,0.0,Grocery,44,context_static,False,72,0.590938150882721,0.0
16,text,0.5376683473587036,0.0,Grocery,44,context_static,False,72,0.5376683473587036,0.0
16,visual,0.6229574084281921,0.0,Grocery,44,context_static,False,72,0.6229574084281921,0.0
17,text,0.5611581802368164,0.0,Grocery,44,context_static,False,72,0.5611581802368164,0.0
17,visual,0.6538240909576416,0.0,Grocery,44,context_static,False,72,0.6538240909576416,0.0
18,text,0.5842084884643555,0.0,Grocery,44,context_static,False,72,0.5842084884643555,0.0
18,visual,0.6840310096740723,0.0,Grocery,44,context_static,False,72,0.6840310096740723,0.0
19,text,0.6071555018424988,0.0,Grocery,44,context_static,False,72,0.6071555018424988,0.0
19,visual,0.7135060429573059,0.0,Grocery,44,context_static,False,72,0.7135060429573059,0.0
20,text,0.6302505135536194,0.0,Grocery,44,context_static,False,72,0.6302505135536194,0.0
20,visual,0.7430266737937927,0.0,Grocery,44,context_static,False,72,0.7430266737937927,0.0
21,text,0.6528152823448181,0.0,Grocery,44,context_static,False,72,0.6528152823448181,0.0
21,visual,0.7714227437973022,0.0,Grocery,44,context_static,False,72,0.7714227437973022,0.0
22,text,0.6767202615737915,0.0,Grocery,44,context_static,False,72,0.6767202615737915,0.0
22,visual,0.8011571764945984,0.0,Grocery,44,context_static,False,72,0.8011571764945984,0.0
23,text,0.7001146078109741,0.0,Grocery,44,context_static,False,72,0.7001146078109741,0.0
23,visual,0.8308231234550476,0.0,Grocery,44,context_static,False,72,0.8308231234550476,0.0
24,text,0.723984956741333,0.0,Grocery,44,context_static,False,72,0.723984956741333,0.0
24,visual,0.8594496846199036,0.0,Grocery,44,context_static,False,72,0.8594496846199036,0.0
25,text,0.7479841113090515,0.0,Grocery,44,context_static,False,72,0.7479841113090515,0.0
25,visual,0.8885438442230225,0.0,Grocery,44,context_static,False,72,0.8885438442230225,0.0
26,text,0.7719718217849731,0.0,Grocery,44,context_static,False,72,0.7719718217849731,0.0
26,visual,0.9174981117248535,0.0,Grocery,44,context_static,False,72,0.9174981117248535,0.0
27,text,0.7964469194412231,0.0,Grocery,44,context_static,False,72,0.7964469194412231,0.0
27,visual,0.9471027255058289,0.0,Grocery,44,context_static,False,72,0.9471027255058289,0.0
28,text,0.8204156160354614,0.0,Grocery,44,context_static,False,72,0.8204156160354614,0.0
28,visual,0.9757963418960571,0.0,Grocery,44,context_static,False,72,0.9757963418960571,0.0
29,text,0.8443807363510132,0.0,Grocery,44,context_static,False,72,0.8443807363510132,0.0
29,visual,1.0034146308898926,0.0,Grocery,44,context_static,False,72,1.0034146308898926,0.0
30,text,0.868337869644165,0.0,Grocery,44,context_static,False,72,0.868337869644165,0.0
30,visual,1.0313876867294312,0.0,Grocery,44,context_static,False,72,1.0313876867294312,0.0
31,text,0.8923822641372681,0.0,Grocery,44,context_static,False,72,0.8923822641372681,0.0
31,visual,1.059745192527771,0.0,Grocery,44,context_static,False,72,1.059745192527771,0.0
32,text,0.9167399406433105,0.0,Grocery,44,context_static,False,72,0.9167399406433105,0.0
32,visual,1.089002013206482,0.0,Grocery,44,context_static,False,72,1.089002013206482,0.0
33,text,0.940456748008728,0.0,Grocery,44,context_static,False,72,0.940456748008728,0.0
33,visual,1.117351770401001,0.0,Grocery,44,context_static,False,72,1.117351770401001,0.0
34,text,0.9653847813606262,0.0,Grocery,44,context_static,False,72,0.9653847813606262,0.0
34,visual,1.1470600366592407,0.0,Grocery,44,context_static,False,72,1.1470600366592407,0.0
35,text,0.9905672073364258,0.0,Grocery,44,context_static,False,72,0.9905672073364258,0.0
35,visual,1.1773052215576172,0.0,Grocery,44,context_static,False,72,1.1773052215576172,0.0
36,text,1.0154167413711548,0.0,Grocery,44,context_static,False,72,1.0154167413711548,0.0
36,visual,1.2083061933517456,0.0,Grocery,44,context_static,False,72,1.2083061933517456,0.0
37,text,1.0392906665802002,0.0,Grocery,44,context_static,False,72,1.0392906665802002,0.0
37,visual,1.2394179105758667,0.0,Grocery,44,context_static,False,72,1.2394179105758667,0.0
38,text,1.063412070274353,0.0,Grocery,44,context_static,False,72,1.063412070274353,0.0
38,visual,1.2705727815628052,0.0,Grocery,44,context_static,False,72,1.2705727815628052,0.0
39,text,1.0885335206985474,0.0,Grocery,44,context_static,False,72,1.0885335206985474,0.0
39,visual,1.3041479587554932,0.0,Grocery,44,context_static,False,72,1.3041479587554932,0.0
40,text,1.1118906736373901,0.0,Grocery,44,context_static,False,72,1.1118906736373901,0.0
40,visual,1.3354419469833374,0.0,Grocery,44,context_static,False,72,1.3354419469833374,0.0
41,text,1.1345123052597046,0.0,Grocery,44,context_static,False,72,1.1345123052597046,0.0
41,visual,1.3662009239196777,0.0,Grocery,44,context_static,False,72,1.3662009239196777,0.0
42,text,1.1522376537322998,0.0,Grocery,44,context_static,False,72,1.1522376537322998,0.0
42,visual,1.3930330276489258,0.0,Grocery,44,context_static,False,72,1.3930330276489258,0.0
43,text,1.1676394939422607,0.0,Grocery,44,context_static,False,72,1.1676394939422607,0.0
43,visual,1.41708505153656,0.0,Grocery,44,context_static,False,72,1.41708505153656,0.0
44,text,1.18306565284729,0.0,Grocery,44,context_static,False,72,1.18306565284729,0.0
44,visual,1.4413518905639648,0.0,Grocery,44,context_static,False,72,1.4413518905639648,0.0
45,text,1.1975220441818237,0.0,Grocery,44,context_static,False,72,1.1975220441818237,0.0
45,visual,1.464066505432129,0.0,Grocery,44,context_static,False,72,1.464066505432129,0.0
46,text,1.2111982107162476,0.0,Grocery,44,context_static,False,72,1.2111982107162476,0.0
46,visual,1.4862885475158691,0.0,Grocery,44,context_static,False,72,1.4862885475158691,0.0
47,text,1.22446608543396,0.0,Grocery,44,context_static,False,72,1.22446608543396,0.0
47,visual,1.5064038038253784,0.0,Grocery,44,context_static,False,72,1.5064038038253784,0.0
48,text,1.2384248971939087,0.0,Grocery,44,context_static,False,72,1.2384248971939087,0.0
48,visual,1.5268363952636719,0.0,Grocery,44,context_static,False,72,1.5268363952636719,0.0
49,text,1.2525110244750977,0.0,Grocery,44,context_static,False,72,1.2525110244750977,0.0
49,visual,1.5460610389709473,0.0,Grocery,44,context_static,False,72,1.5460610389709473,0.0
50,text,1.267525553703308,0.0,Grocery,44,context_static,False,72,1.267525553703308,0.0
50,visual,1.5642446279525757,0.0,Grocery,44,context_static,False,72,1.5642446279525757,0.0
51,text,1.2834968566894531,0.0,Grocery,44,context_static,False,72,1.2834968566894531,0.0
51,visual,1.5836831331253052,0.0,Grocery,44,context_static,False,72,1.5836831331253052,0.0
52,text,1.2990920543670654,0.0,Grocery,44,context_static,False,72,1.2990920543670654,0.0
52,visual,1.6026630401611328,0.0,Grocery,44,context_static,False,72,1.6026630401611328,0.0
53,text,1.315334439277649,0.0,Grocery,44,context_static,False,72,1.315334439277649,0.0
53,visual,1.6230921745300293,0.0,Grocery,44,context_static,False,72,1.6230921745300293,0.0
54,text,1.3324872255325317,0.0,Grocery,44,context_static,False,72,1.3324872255325317,0.0
54,visual,1.644731044769287,0.0,Grocery,44,context_static,False,72,1.644731044769287,0.0
55,text,1.3511310815811157,0.0,Grocery,44,context_static,False,72,1.3511310815811157,0.0
55,visual,1.6674652099609375,0.0,Grocery,44,context_static,False,72,1.6674652099609375,0.0
56,text,1.3714736700057983,0.0,Grocery,44,context_static,False,72,1.3714736700057983,0.0
56,visual,1.6923214197158813,0.0,Grocery,44,context_static,False,72,1.6923214197158813,0.0
57,text,1.392482042312622,0.0,Grocery,44,context_static,False,72,1.392482042312622,0.0
57,visual,1.7181260585784912,0.0,Grocery,44,context_static,False,72,1.7181260585784912,0.0
58,text,1.4147542715072632,0.0,Grocery,44,context_static,False,72,1.4147542715072632,0.0
58,visual,1.7447786331176758,0.0,Grocery,44,context_static,False,72,1.7447786331176758,0.0
59,text,1.437015414237976,0.0,Grocery,44,context_static,False,72,1.437015414237976,0.0
59,visual,1.7720189094543457,0.0,Grocery,44,context_static,False,72,1.7720189094543457,0.0
60,text,1.4602185487747192,0.0,Grocery,44,context_static,False,72,1.4602185487747192,0.0
60,visual,1.7986407279968262,0.0,Grocery,44,context_static,False,72,1.7986407279968262,0.0
61,text,1.4812774658203125,0.0,Grocery,44,context_static,False,72,1.4812774658203125,0.0
61,visual,1.8251538276672363,0.0,Grocery,44,context_static,False,72,1.8251538276672363,0.0
62,text,1.501113772392273,0.0,Grocery,44,context_static,False,72,1.501113772392273,0.0
62,visual,1.8523170948028564,0.0,Grocery,44,context_static,False,72,1.8523170948028564,0.0
63,text,1.5209141969680786,0.0,Grocery,44,context_static,False,72,1.5209141969680786,0.0
63,visual,1.8787099123001099,0.0,Grocery,44,context_static,False,72,1.8787099123001099,0.0
64,text,1.5412043333053589,0.0,Grocery,44,context_static,False,72,1.5412043333053589,0.0
64,visual,1.9044694900512695,0.0,Grocery,44,context_static,False,72,1.9044694900512695,0.0
65,text,1.5587364435195923,0.0,Grocery,44,context_static,False,72,1.5587364435195923,0.0
65,visual,1.9284778833389282,0.0,Grocery,44,context_static,False,72,1.9284778833389282,0.0
66,text,1.5738561153411865,0.0,Grocery,44,context_static,False,72,1.5738561153411865,0.0
66,visual,1.9506984949111938,0.0,Grocery,44,context_static,False,72,1.9506984949111938,0.0
67,text,1.5895874500274658,0.0,Grocery,44,context_static,False,72,1.5895874500274658,0.0
67,visual,1.9715919494628906,0.0,Grocery,44,context_static,False,72,1.9715919494628906,0.0
68,text,1.6064084768295288,0.0,Grocery,44,context_static,False,72,1.6064084768295288,0.0
68,visual,1.991684913635254,0.0,Grocery,44,context_static,False,72,1.991684913635254,0.0
69,text,1.6220067739486694,0.0,Grocery,44,context_static,False,72,1.6220067739486694,0.0
69,visual,2.0108554363250732,0.0,Grocery,44,context_static,False,72,2.0108554363250732,0.0
70,text,1.6368123292922974,0.0,Grocery,44,context_static,False,72,1.6368123292922974,0.0
70,visual,2.0305607318878174,0.0,Grocery,44,context_static,False,72,2.0305607318878174,0.0
71,text,1.6508060693740845,0.0,Grocery,44,context_static,False,72,1.6508060693740845,0.0
71,visual,2.048863410949707,0.0,Grocery,44,context_static,False,72,2.048863410949707,0.0
72,text,1.665160894393921,0.0,Grocery,44,context_static,True,72,1.665160894393921,0.0
72,visual,2.0665595531463623,0.0,Grocery,44,context_static,True,72,2.0665595531463623,0.0
73,text,1.6784615516662598,0.0,Grocery,44,context_static,False,72,1.6784615516662598,0.0
73,visual,2.082974433898926,0.0,Grocery,44,context_static,False,72,2.082974433898926,0.0
74,text,1.691672444343567,0.0,Grocery,44,context_static,False,72,1.691672444343567,0.0
74,visual,2.0999317169189453,0.0,Grocery,44,context_static,False,72,2.0999317169189453,0.0
75,text,1.7047675848007202,0.0,Grocery,44,context_static,False,72,1.7047675848007202,0.0
75,visual,2.1157660484313965,0.0,Grocery,44,context_static,False,72,2.1157660484313965,0.0
76,text,1.717811107635498,0.0,Grocery,44,context_static,False,72,1.717811107635498,0.0
76,visual,2.1306469440460205,0.0,Grocery,44,context_static,False,72,2.1306469440460205,0.0
77,text,1.730577826499939,0.0,Grocery,44,context_static,False,72,1.730577826499939,0.0
77,visual,2.1449265480041504,0.0,Grocery,44,context_static,False,72,2.1449265480041504,0.0
78,text,1.742678165435791,0.0,Grocery,44,context_static,False,72,1.742678165435791,0.0
78,visual,2.1588101387023926,0.0,Grocery,44,context_static,False,72,2.1588101387023926,0.0
79,text,1.7535006999969482,0.0,Grocery,44,context_static,False,72,1.7535006999969482,0.0
79,visual,2.171654224395752,0.0,Grocery,44,context_static,False,72,2.171654224395752,0.0
80,text,1.7646623849868774,0.0,Grocery,44,context_static,False,72,1.7646623849868774,0.0
80,visual,2.185199499130249,0.0,Grocery,44,context_static,False,72,2.185199499130249,0.0
81,text,1.7774838209152222,0.0,Grocery,44,context_static,False,72,1.7774838209152222,0.0
81,visual,2.200037956237793,0.0,Grocery,44,context_static,False,72,2.200037956237793,0.0
82,text,1.789041519165039,0.0,Grocery,44,context_static,False,72,1.789041519165039,0.0
82,visual,2.212526321411133,0.0,Grocery,44,context_static,False,72,2.212526321411133,0.0
83,text,1.7992838621139526,0.0,Grocery,44,context_static,False,72,1.7992838621139526,0.0
83,visual,2.2250521183013916,0.0,Grocery,44,context_static,False,72,2.2250521183013916,0.0
84,text,1.8116704225540161,0.0,Grocery,44,context_static,False,72,1.8116704225540161,0.0
84,visual,2.2377634048461914,0.0,Grocery,44,context_static,False,72,2.2377634048461914,0.0
85,text,1.8237369060516357,0.0,Grocery,44,context_static,False,72,1.8237369060516357,0.0
85,visual,2.250807285308838,0.0,Grocery,44,context_static,False,72,2.250807285308838,0.0
86,text,1.8346235752105713,0.0,Grocery,44,context_static,False,72,1.8346235752105713,0.0
86,visual,2.2644691467285156,0.0,Grocery,44,context_static,False,72,2.2644691467285156,0.0
87,text,1.8465750217437744,0.0,Grocery,44,context_static,False,72,1.8465750217437744,0.0
87,visual,2.277791738510132,0.0,Grocery,44,context_static,False,72,2.277791738510132,0.0
88,text,1.8600572347640991,0.0,Grocery,44,context_static,False,72,1.8600572347640991,0.0
88,visual,2.2919044494628906,0.0,Grocery,44,context_static,False,72,2.2919044494628906,0.0
89,text,1.872629165649414,0.0,Grocery,44,context_static,False,72,1.872629165649414,0.0
89,visual,2.3059425354003906,0.0,Grocery,44,context_static,False,72,2.3059425354003906,0.0
90,text,1.885802149772644,0.0,Grocery,44,context_static,False,72,1.885802149772644,0.0
90,visual,2.3194191455841064,0.0,Grocery,44,context_static,False,72,2.3194191455841064,0.0
91,text,1.899875283241272,0.0,Grocery,44,context_static,False,72,1.899875283241272,0.0
91,visual,2.333664655685425,0.0,Grocery,44,context_static,False,72,2.333664655685425,0.0
92,text,1.9139976501464844,0.0,Grocery,44,context_static,False,72,1.9139976501464844,0.0
92,visual,2.3484926223754883,0.0,Grocery,44,context_static,False,72,2.3484926223754883,0.0
93,text,1.9288219213485718,0.0,Grocery,44,context_static,False,72,1.9288219213485718,0.0
93,visual,2.359938621520996,0.0,Grocery,44,context_static,False,72,2.359938621520996,0.0
94,text,1.9448033571243286,0.0,Grocery,44,context_static,False,72,1.9448033571243286,0.0
94,visual,2.3715572357177734,0.0,Grocery,44,context_static,False,72,2.3715572357177734,0.0
95,text,1.9582964181900024,0.0,Grocery,44,context_static,False,72,1.9582964181900024,0.0
95,visual,2.3812191486358643,0.0,Grocery,44,context_static,False,72,2.3812191486358643,0.0
96,text,1.970005750656128,0.0,Grocery,44,context_static,False,72,1.970005750656128,0.0
96,visual,2.390748977661133,0.0,Grocery,44,context_static,False,72,2.390748977661133,0.0
97,text,1.9821758270263672,0.0,Grocery,44,context_static,False,72,1.9821758270263672,0.0
97,visual,2.4010915756225586,0.0,Grocery,44,context_static,False,72,2.4010915756225586,0.0
98,text,1.994932770729065,0.0,Grocery,44,context_static,False,72,1.994932770729065,0.0
98,visual,2.4119906425476074,0.0,Grocery,44,context_static,False,72,2.4119906425476074,0.0
99,text,2.008612871170044,0.0,Grocery,44,context_static,False,72,2.008612871170044,0.0
99,visual,2.424121856689453,0.0,Grocery,44,context_static,False,72,2.424121856689453,0.0
100,text,2.0219993591308594,0.0,Grocery,44,context_static,False,72,2.0219993591308594,0.0
100,visual,2.437523603439331,0.0,Grocery,44,context_static,False,72,2.437523603439331,0.0
101,text,2.033843755722046,0.0,Grocery,44,context_static,False,72,2.033843755722046,0.0
101,visual,2.450212240219116,0.0,Grocery,44,context_static,False,72,2.450212240219116,0.0
102,text,2.0442826747894287,0.0,Grocery,44,context_static,False,72,2.0442826747894287,0.0
102,visual,2.4635133743286133,0.0,Grocery,44,context_static,False,72,2.4635133743286133,0.0
1,text,0.08990451693534851,0.0,Grocery,44,context_attn_dynamic,False,50,0.08990451693534851,0.0
1,visual,0.08980587124824524,0.0,Grocery,44,context_attn_dynamic,False,50,0.08980587124824524,0.0
2,text,0.13942769169807434,0.0,Grocery,44,context_attn_dynamic,False,50,0.13942769169807434,0.0
2,visual,0.14139853417873383,0.0,Grocery,44,context_attn_dynamic,False,50,0.14139853417873383,0.0
3,text,0.17880533635616302,0.0,Grocery,44,context_attn_dynamic,False,50,0.17880533635616302,0.0
3,visual,0.17971467971801758,0.0,Grocery,44,context_attn_dynamic,False,50,0.17971467971801758,0.0
4,text,0.21399612724781036,0.0,Grocery,44,context_attn_dynamic,False,50,0.21399612724781036,0.0
4,visual,0.2157159149646759,0.0,Grocery,44,context_attn_dynamic,False,50,0.2157159149646759,0.0
5,text,0.24459855258464813,0.0,Grocery,44,context_attn_dynamic,False,50,0.24459855258464813,0.0
5,visual,0.25197768211364746,0.0,Grocery,44,context_attn_dynamic,False,50,0.25197768211364746,0.0
6,text,0.2754341959953308,0.0,Grocery,44,context_attn_dynamic,False,50,0.2754341959953308,0.0
6,visual,0.2871338725090027,0.0,Grocery,44,context_attn_dynamic,False,50,0.2871338725090027,0.0
7,text,0.30787912011146545,0.0,Grocery,44,context_attn_dynamic,False,50,0.30787912011146545,0.0
7,visual,0.3196648359298706,0.0,Grocery,44,context_attn_dynamic,False,50,0.3196648359298706,0.0
8,text,0.33709070086479187,0.0,Grocery,44,context_attn_dynamic,False,50,0.33709070086479187,0.0
8,visual,0.35120251774787903,0.0,Grocery,44,context_attn_dynamic,False,50,0.35120251774787903,0.0
9,text,0.36555323004722595,0.0,Grocery,44,context_attn_dynamic,False,50,0.36555323004722595,0.0
9,visual,0.38249945640563965,0.0,Grocery,44,context_attn_dynamic,False,50,0.38249945640563965,0.0
10,text,0.3935582637786865,0.0,Grocery,44,context_attn_dynamic,False,50,0.3935582637786865,0.0
10,visual,0.4134645164012909,0.0,Grocery,44,context_attn_dynamic,False,50,0.4134645164012909,0.0
11,text,0.42212536931037903,0.0,Grocery,44,context_attn_dynamic,False,50,0.42212536931037903,0.0
11,visual,0.4449291229248047,0.0,Grocery,44,context_attn_dynamic,False,50,0.4449291229248047,0.0
12,text,0.4504301846027374,0.0,Grocery,44,context_attn_dynamic,False,50,0.4504301846027374,0.0
12,visual,0.4768792986869812,0.0,Grocery,44,context_attn_dynamic,False,50,0.4768792986869812,0.0
13,text,0.47637712955474854,0.0,Grocery,44,context_attn_dynamic,False,50,0.47637712955474854,0.0
13,visual,0.5084370374679565,0.0,Grocery,44,context_attn_dynamic,False,50,0.5084370374679565,0.0
14,text,0.5028379559516907,0.0,Grocery,44,context_attn_dynamic,False,50,0.5028379559516907,0.0
14,visual,0.5401461124420166,0.0,Grocery,44,context_attn_dynamic,False,50,0.5401461124420166,0.0
15,text,0.5266194343566895,0.0,Grocery,44,context_attn_dynamic,False,50,0.5266194343566895,0.0
15,visual,0.5713804960250854,0.0,Grocery,44,context_attn_dynamic,False,50,0.5713804960250854,0.0
16,text,0.552105188369751,0.0,Grocery,44,context_attn_dynamic,False,50,0.552105188369751,0.0
16,visual,0.602545976638794,0.0,Grocery,44,context_attn_dynamic,False,50,0.602545976638794,0.0
17,text,0.5759480595588684,0.0,Grocery,44,context_attn_dynamic,False,50,0.5759480595588684,0.0
17,visual,0.633233368396759,0.0,Grocery,44,context_attn_dynamic,False,50,0.633233368396759,0.0
18,text,0.5992961525917053,0.0,Grocery,44,context_attn_dynamic,False,50,0.5992961525917053,0.0
18,visual,0.6635887026786804,0.0,Grocery,44,context_attn_dynamic,False,50,0.6635887026786804,0.0
19,text,0.62239009141922,0.0,Grocery,44,context_attn_dynamic,False,50,0.62239009141922,0.0
19,visual,0.6939001679420471,0.0,Grocery,44,context_attn_dynamic,False,50,0.6939001679420471,0.0
20,text,0.6454005837440491,0.0,Grocery,44,context_attn_dynamic,False,50,0.6454005837440491,0.0
20,visual,0.723620593547821,0.0,Grocery,44,context_attn_dynamic,False,50,0.723620593547821,0.0
21,text,0.6689870357513428,0.0,Grocery,44,context_attn_dynamic,False,50,0.6689870357513428,0.0
21,visual,0.7537086009979248,0.0,Grocery,44,context_attn_dynamic,False,50,0.7537086009979248,0.0
22,text,0.6921938061714172,0.0,Grocery,44,context_attn_dynamic,False,50,0.6921938061714172,0.0
22,visual,0.7847724556922913,0.0,Grocery,44,context_attn_dynamic,False,50,0.7847724556922913,0.0
23,text,0.7163159251213074,0.0,Grocery,44,context_attn_dynamic,False,50,0.7163159251213074,0.0
23,visual,0.8159791231155396,0.0,Grocery,44,context_attn_dynamic,False,50,0.8159791231155396,0.0
24,text,0.7418041825294495,0.0,Grocery,44,context_attn_dynamic,False,50,0.7418041825294495,0.0
24,visual,0.8485100865364075,0.0,Grocery,44,context_attn_dynamic,False,50,0.8485100865364075,0.0
25,text,0.7655569314956665,0.0,Grocery,44,context_attn_dynamic,False,50,0.7655569314956665,0.0
25,visual,0.8798124194145203,0.0,Grocery,44,context_attn_dynamic,False,50,0.8798124194145203,0.0
26,text,0.788727879524231,0.0,Grocery,44,context_attn_dynamic,False,50,0.788727879524231,0.0
26,visual,0.9109353423118591,0.0,Grocery,44,context_attn_dynamic,False,50,0.9109353423118591,0.0
27,text,0.8122235536575317,0.0,Grocery,44,context_attn_dynamic,False,50,0.8122235536575317,0.0
27,visual,0.9427323341369629,0.0,Grocery,44,context_attn_dynamic,False,50,0.9427323341369629,0.0
28,text,0.8357845544815063,0.0,Grocery,44,context_attn_dynamic,False,50,0.8357845544815063,0.0
28,visual,0.973860502243042,0.0,Grocery,44,context_attn_dynamic,False,50,0.973860502243042,0.0
29,text,0.8598988652229309,0.0,Grocery,44,context_attn_dynamic,False,50,0.8598988652229309,0.0
29,visual,1.0057966709136963,0.0,Grocery,44,context_attn_dynamic,False,50,1.0057966709136963,0.0
30,text,0.883249044418335,0.0,Grocery,44,context_attn_dynamic,False,50,0.883249044418335,0.0
30,visual,1.0373914241790771,0.0,Grocery,44,context_attn_dynamic,False,50,1.0373914241790771,0.0
31,text,0.907193124294281,0.0,Grocery,44,context_attn_dynamic,False,50,0.907193124294281,0.0
31,visual,1.0700715780258179,0.0,Grocery,44,context_attn_dynamic,False,50,1.0700715780258179,0.0
32,text,0.9305146932601929,0.0,Grocery,44,context_attn_dynamic,False,50,0.9305146932601929,0.0
32,visual,1.100809097290039,0.0,Grocery,44,context_attn_dynamic,False,50,1.100809097290039,0.0
33,text,0.9542281031608582,0.0,Grocery,44,context_attn_dynamic,False,50,0.9542281031608582,0.0
33,visual,1.1312826871871948,0.0,Grocery,44,context_attn_dynamic,False,50,1.1312826871871948,0.0
34,text,0.9780134558677673,0.0,Grocery,44,context_attn_dynamic,False,50,0.9780134558677673,0.0
34,visual,1.1629819869995117,0.0,Grocery,44,context_attn_dynamic,False,50,1.1629819869995117,0.0
35,text,0.999933660030365,0.0,Grocery,44,context_attn_dynamic,False,50,0.999933660030365,0.0
35,visual,1.1943981647491455,0.0,Grocery,44,context_attn_dynamic,False,50,1.1943981647491455,0.0
36,text,1.0216144323349,0.0,Grocery,44,context_attn_dynamic,False,50,1.0216144323349,0.0
36,visual,1.2261956930160522,0.0,Grocery,44,context_attn_dynamic,False,50,1.2261956930160522,0.0
37,text,1.0445243120193481,0.0,Grocery,44,context_attn_dynamic,False,50,1.0445243120193481,0.0
37,visual,1.2595890760421753,0.0,Grocery,44,context_attn_dynamic,False,50,1.2595890760421753,0.0
38,text,1.0678218603134155,0.0,Grocery,44,context_attn_dynamic,False,50,1.0678218603134155,0.0
38,visual,1.293458342552185,0.0,Grocery,44,context_attn_dynamic,False,50,1.293458342552185,0.0
39,text,1.0916006565093994,0.0,Grocery,44,context_attn_dynamic,False,50,1.0916006565093994,0.0
39,visual,1.3276081085205078,0.0,Grocery,44,context_attn_dynamic,False,50,1.3276081085205078,0.0
40,text,1.115888237953186,0.0,Grocery,44,context_attn_dynamic,False,50,1.115888237953186,0.0
40,visual,1.3629859685897827,0.0,Grocery,44,context_attn_dynamic,False,50,1.3629859685897827,0.0
41,text,1.1390101909637451,0.0,Grocery,44,context_attn_dynamic,False,50,1.1390101909637451,0.0
41,visual,1.3982852697372437,0.0,Grocery,44,context_attn_dynamic,False,50,1.3982852697372437,0.0
42,text,1.1599045991897583,0.0,Grocery,44,context_attn_dynamic,False,50,1.1599045991897583,0.0
42,visual,1.4327878952026367,0.0,Grocery,44,context_attn_dynamic,False,50,1.4327878952026367,0.0
43,text,1.181056022644043,0.0,Grocery,44,context_attn_dynamic,False,50,1.181056022644043,0.0
43,visual,1.4680527448654175,0.0,Grocery,44,context_attn_dynamic,False,50,1.4680527448654175,0.0
44,text,1.203560709953308,0.0,Grocery,44,context_attn_dynamic,False,50,1.203560709953308,0.0
44,visual,1.5033825635910034,0.0,Grocery,44,context_attn_dynamic,False,50,1.5033825635910034,0.0
45,text,1.2257163524627686,0.0,Grocery,44,context_attn_dynamic,False,50,1.2257163524627686,0.0
45,visual,1.5408711433410645,0.0,Grocery,44,context_attn_dynamic,False,50,1.5408711433410645,0.0
46,text,1.2470165491104126,0.0,Grocery,44,context_attn_dynamic,False,50,1.2470165491104126,0.0
46,visual,1.5756217241287231,0.0,Grocery,44,context_attn_dynamic,False,50,1.5756217241287231,0.0
47,text,1.2691608667373657,0.0,Grocery,44,context_attn_dynamic,False,50,1.2691608667373657,0.0
47,visual,1.6103123426437378,0.0,Grocery,44,context_attn_dynamic,False,50,1.6103123426437378,0.0
48,text,1.292346715927124,0.0,Grocery,44,context_attn_dynamic,False,50,1.292346715927124,0.0
48,visual,1.6449780464172363,0.0,Grocery,44,context_attn_dynamic,False,50,1.6449780464172363,0.0
49,text,1.3144824504852295,0.0,Grocery,44,context_attn_dynamic,False,50,1.3144824504852295,0.0
49,visual,1.677173137664795,0.0,Grocery,44,context_attn_dynamic,False,50,1.677173137664795,0.0
50,text,1.3346610069274902,0.0,Grocery,44,context_attn_dynamic,True,50,1.3346610069274902,0.0
50,visual,1.7091238498687744,0.0,Grocery,44,context_attn_dynamic,True,50,1.7091238498687744,0.0
51,text,1.3562155961990356,0.0,Grocery,44,context_attn_dynamic,False,50,1.3562155961990356,0.0
51,visual,1.7407684326171875,0.0,Grocery,44,context_attn_dynamic,False,50,1.7407684326171875,0.0
52,text,1.3778101205825806,0.0,Grocery,44,context_attn_dynamic,False,50,1.3778101205825806,0.0
52,visual,1.7722923755645752,0.0,Grocery,44,context_attn_dynamic,False,50,1.7722923755645752,0.0
53,text,1.3971502780914307,0.0,Grocery,44,context_attn_dynamic,False,50,1.3971502780914307,0.0
53,visual,1.8029398918151855,0.0,Grocery,44,context_attn_dynamic,False,50,1.8029398918151855,0.0
54,text,1.417145013809204,0.0,Grocery,44,context_attn_dynamic,False,50,1.417145013809204,0.0
54,visual,1.8339828252792358,0.0,Grocery,44,context_attn_dynamic,False,50,1.8339828252792358,0.0
55,text,1.4371075630187988,0.0,Grocery,44,context_attn_dynamic,False,50,1.4371075630187988,0.0
55,visual,1.8639216423034668,0.0,Grocery,44,context_attn_dynamic,False,50,1.8639216423034668,0.0
56,text,1.455633282661438,0.0,Grocery,44,context_attn_dynamic,False,50,1.455633282661438,0.0
56,visual,1.8930041790008545,0.0,Grocery,44,context_attn_dynamic,False,50,1.8930041790008545,0.0
57,text,1.4748716354370117,0.0,Grocery,44,context_attn_dynamic,False,50,1.4748716354370117,0.0
57,visual,1.9220147132873535,0.0,Grocery,44,context_attn_dynamic,False,50,1.9220147132873535,0.0
58,text,1.491518497467041,0.0,Grocery,44,context_attn_dynamic,False,50,1.491518497467041,0.0
58,visual,1.947185754776001,0.0,Grocery,44,context_attn_dynamic,False,50,1.947185754776001,0.0
59,text,1.5061577558517456,0.0,Grocery,44,context_attn_dynamic,False,50,1.5061577558517456,0.0
59,visual,1.970611810684204,0.0,Grocery,44,context_attn_dynamic,False,50,1.970611810684204,0.0
60,text,1.5182522535324097,0.0,Grocery,44,context_attn_dynamic,False,50,1.5182522535324097,0.0
60,visual,1.992727518081665,0.0,Grocery,44,context_attn_dynamic,False,50,1.992727518081665,0.0
61,text,1.5310643911361694,0.0,Grocery,44,context_attn_dynamic,False,50,1.5310643911361694,0.0
61,visual,2.013503074645996,0.0,Grocery,44,context_attn_dynamic,False,50,2.013503074645996,0.0
62,text,1.545035481452942,0.0,Grocery,44,context_attn_dynamic,False,50,1.545035481452942,0.0
62,visual,2.0332789421081543,0.0,Grocery,44,context_attn_dynamic,False,50,2.0332789421081543,0.0
63,text,1.5574079751968384,0.0,Grocery,44,context_attn_dynamic,False,50,1.5574079751968384,0.0
63,visual,2.0526061058044434,0.0,Grocery,44,context_attn_dynamic,False,50,2.0526061058044434,0.0
64,text,1.567992091178894,0.0,Grocery,44,context_attn_dynamic,False,50,1.567992091178894,0.0
64,visual,2.0717647075653076,0.0,Grocery,44,context_attn_dynamic,False,50,2.0717647075653076,0.0
65,text,1.5799977779388428,0.0,Grocery,44,context_attn_dynamic,False,50,1.5799977779388428,0.0
65,visual,2.0894930362701416,0.0,Grocery,44,context_attn_dynamic,False,50,2.0894930362701416,0.0
66,text,1.5936577320098877,0.0,Grocery,44,context_attn_dynamic,False,50,1.5936577320098877,0.0
66,visual,2.1065356731414795,0.0,Grocery,44,context_attn_dynamic,False,50,2.1065356731414795,0.0
67,text,1.60794198513031,0.0,Grocery,44,context_attn_dynamic,False,50,1.60794198513031,0.0
67,visual,2.1239447593688965,0.0,Grocery,44,context_attn_dynamic,False,50,2.1239447593688965,0.0
68,text,1.622091293334961,0.0,Grocery,44,context_attn_dynamic,False,50,1.622091293334961,0.0
68,visual,2.1412556171417236,0.0,Grocery,44,context_attn_dynamic,False,50,2.1412556171417236,0.0
69,text,1.6354568004608154,0.0,Grocery,44,context_attn_dynamic,False,50,1.6354568004608154,0.0
69,visual,2.1587839126586914,0.0,Grocery,44,context_attn_dynamic,False,50,2.1587839126586914,0.0
70,text,1.6484723091125488,0.0,Grocery,44,context_attn_dynamic,False,50,1.6484723091125488,0.0
70,visual,2.1763269901275635,0.0,Grocery,44,context_attn_dynamic,False,50,2.1763269901275635,0.0
71,text,1.663673758506775,0.0,Grocery,44,context_attn_dynamic,False,50,1.663673758506775,0.0
71,visual,2.1931726932525635,0.0,Grocery,44,context_attn_dynamic,False,50,2.1931726932525635,0.0
72,text,1.6798714399337769,0.0,Grocery,44,context_attn_dynamic,False,50,1.6798714399337769,0.0
72,visual,2.2099552154541016,0.0,Grocery,44,context_attn_dynamic,False,50,2.2099552154541016,0.0
73,text,1.6919865608215332,0.0,Grocery,44,context_attn_dynamic,False,50,1.6919865608215332,0.0
73,visual,2.2262139320373535,0.0,Grocery,44,context_attn_dynamic,False,50,2.2262139320373535,0.0
74,text,1.7031900882720947,0.0,Grocery,44,context_attn_dynamic,False,50,1.7031900882720947,0.0
74,visual,2.2429120540618896,0.0,Grocery,44,context_attn_dynamic,False,50,2.2429120540618896,0.0
75,text,1.717193603515625,0.0,Grocery,44,context_attn_dynamic,False,50,1.717193603515625,0.0
75,visual,2.2599477767944336,0.0,Grocery,44,context_attn_dynamic,False,50,2.2599477767944336,0.0
76,text,1.7319062948226929,0.0,Grocery,44,context_attn_dynamic,False,50,1.7319062948226929,0.0
76,visual,2.2762675285339355,0.0,Grocery,44,context_attn_dynamic,False,50,2.2762675285339355,0.0
77,text,1.74347722530365,0.0,Grocery,44,context_attn_dynamic,False,50,1.74347722530365,0.0
77,visual,2.2934460639953613,0.0,Grocery,44,context_attn_dynamic,False,50,2.2934460639953613,0.0
78,text,1.7529706954956055,0.0,Grocery,44,context_attn_dynamic,False,50,1.7529706954956055,0.0
78,visual,2.311122179031372,0.0,Grocery,44,context_attn_dynamic,False,50,2.311122179031372,0.0
79,text,1.7655609846115112,0.0,Grocery,44,context_attn_dynamic,False,50,1.7655609846115112,0.0
79,visual,2.328841209411621,0.0,Grocery,44,context_attn_dynamic,False,50,2.328841209411621,0.0
80,text,1.7800869941711426,0.0,Grocery,44,context_attn_dynamic,False,50,1.7800869941711426,0.0
80,visual,2.347325086593628,0.0,Grocery,44,context_attn_dynamic,False,50,2.347325086593628,0.0
1,text,0.08990936726331711,0.0,Grocery,44,context_bilinear_absolute,False,91,0.08990936726331711,0.0
1,visual,0.08989417552947998,0.0,Grocery,44,context_bilinear_absolute,False,91,0.08989417552947998,0.0
2,text,0.14008115231990814,0.02652592770755291,Grocery,44,context_bilinear_absolute,False,91,0.14008115231990814,0.02652592770755291
2,visual,0.14077293872833252,0.026113668456673622,Grocery,44,context_bilinear_absolute,False,91,0.14077293872833252,0.026113668456673622
3,text,0.1768345683813095,0.0453595370054245,Grocery,44,context_bilinear_absolute,False,91,0.1768345683813095,0.0453595370054245
3,visual,0.1795274019241333,0.046634234488010406,Grocery,44,context_bilinear_absolute,False,91,0.1795274019241333,0.046634234488010406
4,text,0.21054841578006744,0.06274715065956116,Grocery,44,context_bilinear_absolute,False,91,0.21054841578006744,0.06274715065956116
4,visual,0.2155226767063141,0.06515567004680634,Grocery,44,context_bilinear_absolute,False,91,0.2155226767063141,0.06515567004680634
5,text,0.2412072867155075,0.0800069198012352,Grocery,44,context_bilinear_absolute,False,91,0.2412072867155075,0.0800069198012352
5,visual,0.25150200724601746,0.08614931255578995,Grocery,44,context_bilinear_absolute,False,91,0.25150200724601746,0.08614931255578995
6,text,0.2723047733306885,0.0964055135846138,Grocery,44,context_bilinear_absolute,False,91,0.2723047733306885,0.0964055135846138
6,visual,0.28780654072761536,0.10713744163513184,Grocery,44,context_bilinear_absolute,False,91,0.28780654072761536,0.10713744163513184
7,text,0.3042728900909424,0.11293758451938629,Grocery,44,context_bilinear_absolute,False,91,0.3042728900909424,0.11293758451938629
7,visual,0.3230099380016327,0.12774430215358734,Grocery,44,context_bilinear_absolute,False,91,0.3230099380016327,0.12774430215358734
8,text,0.3323134481906891,0.12357261031866074,Grocery,44,context_bilinear_absolute,False,91,0.3323134481906891,0.12357261031866074
8,visual,0.3567829728126526,0.1471361666917801,Grocery,44,context_bilinear_absolute,False,91,0.3567829728126526,0.1471361666917801
9,text,0.3585687577724457,0.13502949476242065,Grocery,44,context_bilinear_absolute,False,91,0.3585687577724457,0.13502949476242065
9,visual,0.3899330198764801,0.1665199100971222,Grocery,44,context_bilinear_absolute,False,91,0.3899330198764801,0.1665199100971222
10,text,0.3845107853412628,0.14585287868976593,Grocery,44,context_bilinear_absolute,False,91,0.3845107853412628,0.14585287868976593
10,visual,0.42323362827301025,0.1848974972963333,Grocery,44,context_bilinear_absolute,False,91,0.42323362827301025,0.1848974972963333
11,text,0.41111108660697937,0.15813754498958588,Grocery,44,context_bilinear_absolute,False,91,0.41111108660697937,0.15813754498958588
11,visual,0.4570982754230499,0.20281723141670227,Grocery,44,context_bilinear_absolute,False,91,0.4570982754230499,0.20281723141670227
12,text,0.4382750391960144,0.172321617603302,Grocery,44,context_bilinear_absolute,False,91,0.4382750391960144,0.172321617603302
12,visual,0.4914160370826721,0.22148512303829193,Grocery,44,context_bilinear_absolute,False,91,0.4914160370826721,0.22148512303829193
13,text,0.4634455442428589,0.18395864963531494,Grocery,44,context_bilinear_absolute,False,91,0.4634455442428589,0.18395864963531494
13,visual,0.525312066078186,0.24057388305664062,Grocery,44,context_bilinear_absolute,False,91,0.525312066078186,0.24057388305664062
14,text,0.4891045391559601,0.19651557505130768,Grocery,44,context_bilinear_absolute,False,91,0.4891045391559601,0.19651557505130768
14,visual,0.5585693717002869,0.2585117220878601,Grocery,44,context_bilinear_absolute,False,91,0.5585693717002869,0.2585117220878601
15,text,0.5132377743721008,0.20763005316257477,Grocery,44,context_bilinear_absolute,False,91,0.5132377743721008,0.20763005316257477
15,visual,0.5909994840621948,0.27643200755119324,Grocery,44,context_bilinear_absolute,False,91,0.5909994840621948,0.27643200755119324
16,text,0.5376822352409363,0.2187497913837433,Grocery,44,context_bilinear_absolute,False,91,0.5376822352409363,0.2187497913837433
16,visual,0.622995138168335,0.29417139291763306,Grocery,44,context_bilinear_absolute,False,91,0.622995138168335,0.29417139291763306
17,text,0.5612067580223083,0.229732945561409,Grocery,44,context_bilinear_absolute,False,91,0.5612067580223083,0.229732945561409
17,visual,0.6538374423980713,0.3118871748447418,Grocery,44,context_bilinear_absolute,False,91,0.6538374423980713,0.3118871748447418
18,text,0.5842853784561157,0.24080398678779602,Grocery,44,context_bilinear_absolute,False,91,0.5842853784561157,0.24080398678779602
18,visual,0.6840330958366394,0.3301750719547272,Grocery,44,context_bilinear_absolute,False,91,0.6840330958366394,0.3301750719547272
19,text,0.6072781085968018,0.2514697015285492,Grocery,44,context_bilinear_absolute,False,91,0.6072781085968018,0.2514697015285492
19,visual,0.7134889364242554,0.34857749938964844,Grocery,44,context_bilinear_absolute,False,91,0.7134889364242554,0.34857749938964844
20,text,0.6304484605789185,0.26325881481170654,Grocery,44,context_bilinear_absolute,False,91,0.6304484605789185,0.26325881481170654
20,visual,0.7429972887039185,0.3677625060081482,Grocery,44,context_bilinear_absolute,False,91,0.7429972887039185,0.3677625060081482
21,text,0.6530495882034302,0.2747502028942108,Grocery,44,context_bilinear_absolute,False,91,0.6530495882034302,0.2747502028942108
21,visual,0.771361768245697,0.38606756925582886,Grocery,44,context_bilinear_absolute,False,91,0.771361768245697,0.38606756925582886
22,text,0.677044153213501,0.28677016496658325,Grocery,44,context_bilinear_absolute,False,91,0.677044153213501,0.28677016496658325
22,visual,0.8010851740837097,0.4048428237438202,Grocery,44,context_bilinear_absolute,False,91,0.8010851740837097,0.4048428237438202
23,text,0.7005200982093811,0.29924869537353516,Grocery,44,context_bilinear_absolute,False,91,0.7005200982093811,0.29924869537353516
23,visual,0.8307297825813293,0.42271044850349426,Grocery,44,context_bilinear_absolute,False,91,0.8307297825813293,0.42271044850349426
24,text,0.7244868874549866,0.31174349784851074,Grocery,44,context_bilinear_absolute,False,91,0.7244868874549866,0.31174349784851074
24,visual,0.8593456745147705,0.4400308132171631,Grocery,44,context_bilinear_absolute,False,91,0.8593456745147705,0.4400308132171631
25,text,0.7485811710357666,0.3244137465953827,Grocery,44,context_bilinear_absolute,False,91,0.7485811710357666,0.3244137465953827
25,visual,0.8884479999542236,0.45769014954566956,Grocery,44,context_bilinear_absolute,False,91,0.8884479999542236,0.45769014954566956
26,text,0.7726946473121643,0.33741143345832825,Grocery,44,context_bilinear_absolute,False,91,0.7726946473121643,0.33741143345832825
26,visual,0.9174182415008545,0.47589796781539917,Grocery,44,context_bilinear_absolute,False,91,0.9174182415008545,0.47589796781539917
27,text,0.7973317503929138,0.35141366720199585,Grocery,44,context_bilinear_absolute,False,91,0.7973317503929138,0.35141366720199585
27,visual,0.9470317363739014,0.4948863387107849,Grocery,44,context_bilinear_absolute,False,91,0.9470317363739014,0.4948863387107849
28,text,0.8214883208274841,0.36550477147102356,Grocery,44,context_bilinear_absolute,False,91,0.8214883208274841,0.36550477147102356
28,visual,0.9757868647575378,0.5141968727111816,Grocery,44,context_bilinear_absolute,False,91,0.9757868647575378,0.5141968727111816
29,text,0.8457406759262085,0.38026008009910583,Grocery,44,context_bilinear_absolute,False,91,0.8457406759262085,0.38026008009910583
29,visual,1.0035663843154907,0.5331779718399048,Grocery,44,context_bilinear_absolute,False,91,1.0035663843154907,0.5331779718399048
30,text,0.8699235916137695,0.3953903615474701,Grocery,44,context_bilinear_absolute,False,91,0.8699235916137695,0.3953903615474701
30,visual,1.0316746234893799,0.553329348564148,Grocery,44,context_bilinear_absolute,False,91,1.0316746234893799,0.553329348564148
31,text,0.8941881656646729,0.41121575236320496,Grocery,44,context_bilinear_absolute,False,91,0.8941881656646729,0.41121575236320496
31,visual,1.0601279735565186,0.5740486979484558,Grocery,44,context_bilinear_absolute,False,91,1.0601279735565186,0.5740486979484558
32,text,0.9187098145484924,0.428213506937027,Grocery,44,context_bilinear_absolute,False,91,0.9187098145484924,0.428213506937027
32,visual,1.0895087718963623,0.5963574647903442,Grocery,44,context_bilinear_absolute,False,91,1.0895087718963623,0.5963574647903442
33,text,0.9426254630088806,0.4448530375957489,Grocery,44,context_bilinear_absolute,False,91,0.9426254630088806,0.4448530375957489
33,visual,1.1181004047393799,0.6176276803016663,Grocery,44,context_bilinear_absolute,False,91,1.1181004047393799,0.6176276803016663
34,text,0.9675931334495544,0.4623602330684662,Grocery,44,context_bilinear_absolute,False,91,0.9675931334495544,0.4623602330684662
34,visual,1.1478826999664307,0.6408694386482239,Grocery,44,context_bilinear_absolute,False,91,1.1478826999664307,0.6408694386482239
35,text,0.9928697943687439,0.48051539063453674,Grocery,44,context_bilinear_absolute,False,91,0.9928697943687439,0.48051539063453674
35,visual,1.1783785820007324,0.6651613712310791,Grocery,44,context_bilinear_absolute,False,91,1.1783785820007324,0.6651613712310791
36,text,1.0177031755447388,0.498792439699173,Grocery,44,context_bilinear_absolute,False,91,1.0177031755447388,0.498792439699173
36,visual,1.2095049619674683,0.6897676587104797,Grocery,44,context_bilinear_absolute,False,91,1.2095049619674683,0.6897676587104797
37,text,1.0415468215942383,0.5163983106613159,Grocery,44,context_bilinear_absolute,False,91,1.0415468215942383,0.5163983106613159
37,visual,1.2406615018844604,0.7154514789581299,Grocery,44,context_bilinear_absolute,False,91,1.2406615018844604,0.7154514789581299
38,text,1.0657199621200562,0.5339921712875366,Grocery,44,context_bilinear_absolute,False,91,1.0657199621200562,0.5339921712875366
38,visual,1.2721093893051147,0.741773247718811,Grocery,44,context_bilinear_absolute,False,91,1.2721093893051147,0.741773247718811
39,text,1.0907402038574219,0.5519638061523438,Grocery,44,context_bilinear_absolute,False,91,1.0907402038574219,0.5519638061523438
39,visual,1.3061846494674683,0.7697827219963074,Grocery,44,context_bilinear_absolute,False,91,1.3061846494674683,0.7697827219963074
40,text,1.114568829536438,0.5692369937896729,Grocery,44,context_bilinear_absolute,False,91,1.114568829536438,0.5692369937896729
40,visual,1.338102102279663,0.7954596877098083,Grocery,44,context_bilinear_absolute,False,91,1.338102102279663,0.7954596877098083
41,text,1.1380295753479004,0.5867047905921936,Grocery,44,context_bilinear_absolute,False,91,1.1380295753479004,0.5867047905921936
41,visual,1.370299220085144,0.8218278884887695,Grocery,44,context_bilinear_absolute,False,91,1.370299220085144,0.8218278884887695
42,text,1.1572123765945435,0.5992431044578552,Grocery,44,context_bilinear_absolute,False,91,1.1572123765945435,0.5992431044578552
42,visual,1.3988804817199707,0.8437724113464355,Grocery,44,context_bilinear_absolute,False,91,1.3988804817199707,0.8437724113464355
43,text,1.175591230392456,0.6110941171646118,Grocery,44,context_bilinear_absolute,False,91,1.175591230392456,0.6110941171646118
43,visual,1.4263840913772583,0.863774299621582,Grocery,44,context_bilinear_absolute,False,91,1.4263840913772583,0.863774299621582
44,text,1.1928744316101074,0.6233103275299072,Grocery,44,context_bilinear_absolute,False,91,1.1928744316101074,0.6233103275299072
44,visual,1.4520858526229858,0.8816107511520386,Grocery,44,context_bilinear_absolute,False,91,1.4520858526229858,0.8816107511520386
45,text,1.2099765539169312,0.6363856196403503,Grocery,44,context_bilinear_absolute,False,91,1.2099765539169312,0.6363856196403503
45,visual,1.4763364791870117,0.8985159397125244,Grocery,44,context_bilinear_absolute,False,91,1.4763364791870117,0.8985159397125244
46,text,1.2246112823486328,0.6463347673416138,Grocery,44,context_bilinear_absolute,False,91,1.2246112823486328,0.6463347673416138
46,visual,1.4993356466293335,0.914389967918396,Grocery,44,context_bilinear_absolute,False,91,1.4993356466293335,0.914389967918396
47,text,1.2385410070419312,0.6561158895492554,Grocery,44,context_bilinear_absolute,False,91,1.2385410070419312,0.6561158895492554
47,visual,1.5207865238189697,0.9276278614997864,Grocery,44,context_bilinear_absolute,False,91,1.5207865238189697,0.9276278614997864
48,text,1.2525805234909058,0.6666841506958008,Grocery,44,context_bilinear_absolute,False,91,1.2525805234909058,0.6666841506958008
48,visual,1.5439646244049072,0.9435972571372986,Grocery,44,context_bilinear_absolute,False,91,1.5439646244049072,0.9435972571372986
49,text,1.2666473388671875,0.6774027943611145,Grocery,44,context_bilinear_absolute,False,91,1.2666473388671875,0.6774027943611145
49,visual,1.564814567565918,0.9578835964202881,Grocery,44,context_bilinear_absolute,False,91,1.564814567565918,0.9578835964202881
50,text,1.2815998792648315,0.6894440054893494,Grocery,44,context_bilinear_absolute,False,91,1.2815998792648315,0.6894440054893494
50,visual,1.5838541984558105,0.9713670611381531,Grocery,44,context_bilinear_absolute,False,91,1.5838541984558105,0.9713670611381531
51,text,1.2959126234054565,0.7019841074943542,Grocery,44,context_bilinear_absolute,False,91,1.2959126234054565,0.7019841074943542
51,visual,1.6033060550689697,0.9856155514717102,Grocery,44,context_bilinear_absolute,False,91,1.6033060550689697,0.9856155514717102
52,text,1.3095771074295044,0.7145231366157532,Grocery,44,context_bilinear_absolute,False,91,1.3095771074295044,0.7145231366157532
52,visual,1.6228573322296143,0.9996359944343567,Grocery,44,context_bilinear_absolute,False,91,1.6228573322296143,0.9996359944343567
53,text,1.3222975730895996,0.7259954214096069,Grocery,44,context_bilinear_absolute,False,91,1.3222975730895996,0.7259954214096069
53,visual,1.6409437656402588,1.0128878355026245,Grocery,44,context_bilinear_absolute,False,91,1.6409437656402588,1.0128878355026245
54,text,1.3360157012939453,0.7391197681427002,Grocery,44,context_bilinear_absolute,False,91,1.3360157012939453,0.7391197681427002
54,visual,1.659328579902649,1.0271391868591309,Grocery,44,context_bilinear_absolute,False,91,1.659328579902649,1.0271391868591309
55,text,1.3499720096588135,0.7535344958305359,Grocery,44,context_bilinear_absolute,False,91,1.3499720096588135,0.7535344958305359
55,visual,1.6782410144805908,1.0432991981506348,Grocery,44,context_bilinear_absolute,False,91,1.6782410144805908,1.0432991981506348
56,text,1.3652563095092773,0.7699160575866699,Grocery,44,context_bilinear_absolute,False,91,1.3652563095092773,0.7699160575866699
56,visual,1.698784351348877,1.0619393587112427,Grocery,44,context_bilinear_absolute,False,91,1.698784351348877,1.0619393587112427
57,text,1.380507230758667,0.7864277958869934,Grocery,44,context_bilinear_absolute,False,91,1.380507230758667,0.7864277958869934
57,visual,1.7184829711914062,1.080482006072998,Grocery,44,context_bilinear_absolute,False,91,1.7184829711914062,1.080482006072998
58,text,1.3978372812271118,0.8056739568710327,Grocery,44,context_bilinear_absolute,False,91,1.3978372812271118,0.8056739568710327
58,visual,1.7391200065612793,1.1002583503723145,Grocery,44,context_bilinear_absolute,False,91,1.7391200065612793,1.1002583503723145
59,text,1.4140785932540894,0.8250010013580322,Grocery,44,context_bilinear_absolute,False,91,1.4140785932540894,0.8250010013580322
59,visual,1.7597131729125977,1.1206295490264893,Grocery,44,context_bilinear_absolute,False,91,1.7597131729125977,1.1206295490264893
60,text,1.431156039237976,0.8463320732116699,Grocery,44,context_bilinear_absolute,False,91,1.431156039237976,0.8463320732116699
60,visual,1.7815721035003662,1.1427749395370483,Grocery,44,context_bilinear_absolute,False,91,1.7815721035003662,1.1427749395370483
61,text,1.448711633682251,0.8681463003158569,Grocery,44,context_bilinear_absolute,False,91,1.448711633682251,0.8681463003158569
61,visual,1.803101897239685,1.1644247770309448,Grocery,44,context_bilinear_absolute,False,91,1.803101897239685,1.1644247770309448
62,text,1.4662386178970337,0.8903673887252808,Grocery,44,context_bilinear_absolute,False,91,1.4662386178970337,0.8903673887252808
62,visual,1.8243061304092407,1.186198115348816,Grocery,44,context_bilinear_absolute,False,91,1.8243061304092407,1.186198115348816
63,text,1.4819445610046387,0.9120198488235474,Grocery,44,context_bilinear_absolute,False,91,1.4819445610046387,0.9120198488235474
63,visual,1.8456045389175415,1.2086628675460815,Grocery,44,context_bilinear_absolute,False,91,1.8456045389175415,1.2086628675460815
64,text,1.4966124296188354,0.9341430068016052,Grocery,44,context_bilinear_absolute,False,91,1.4966124296188354,0.9341430068016052
64,visual,1.8672778606414795,1.2322382926940918,Grocery,44,context_bilinear_absolute,False,91,1.8672778606414795,1.2322382926940918
65,text,1.5117565393447876,0.9576550722122192,Grocery,44,context_bilinear_absolute,False,91,1.5117565393447876,0.9576550722122192
65,visual,1.8883870840072632,1.2560197114944458,Grocery,44,context_bilinear_absolute,False,91,1.8883870840072632,1.2560197114944458
66,text,1.527055263519287,0.981453001499176,Grocery,44,context_bilinear_absolute,False,91,1.527055263519287,0.981453001499176
66,visual,1.9081218242645264,1.279313087463379,Grocery,44,context_bilinear_absolute,False,91,1.9081218242645264,1.279313087463379
67,text,1.5418504476547241,1.0052419900894165,Grocery,44,context_bilinear_absolute,False,91,1.5418504476547241,1.0052419900894165
67,visual,1.9283874034881592,1.3026927709579468,Grocery,44,context_bilinear_absolute,False,91,1.9283874034881592,1.3026927709579468
68,text,1.55747389793396,1.029974341392517,Grocery,44,context_bilinear_absolute,False,91,1.55747389793396,1.029974341392517
68,visual,1.9482455253601074,1.3274482488632202,Grocery,44,context_bilinear_absolute,False,91,1.9482455253601074,1.3274482488632202
69,text,1.5758596658706665,1.0569499731063843,Grocery,44,context_bilinear_absolute,False,91,1.5758596658706665,1.0569499731063843
69,visual,1.9685041904449463,1.3526519536972046,Grocery,44,context_bilinear_absolute,False,91,1.9685041904449463,1.3526519536972046
70,text,1.5941351652145386,1.084332823753357,Grocery,44,context_bilinear_absolute,False,91,1.5941351652145386,1.084332823753357
70,visual,1.989333152770996,1.3770829439163208,Grocery,44,context_bilinear_absolute,False,91,1.989333152770996,1.3770829439163208
71,text,1.6120234727859497,1.1127116680145264,Grocery,44,context_bilinear_absolute,False,91,1.6120234727859497,1.1127116680145264
71,visual,2.0094611644744873,1.4013962745666504,Grocery,44,context_bilinear_absolute,False,91,2.0094611644744873,1.4013962745666504
72,text,1.6301532983779907,1.1420713663101196,Grocery,44,context_bilinear_absolute,False,91,1.6301532983779907,1.1420713663101196
72,visual,2.0284438133239746,1.4265568256378174,Grocery,44,context_bilinear_absolute,False,91,2.0284438133239746,1.4265568256378174
73,text,1.645324468612671,1.1689634323120117,Grocery,44,context_bilinear_absolute,False,91,1.645324468612671,1.1689634323120117
73,visual,2.044750928878784,1.450338363647461,Grocery,44,context_bilinear_absolute,False,91,2.044750928878784,1.450338363647461
74,text,1.6600658893585205,1.195378065109253,Grocery,44,context_bilinear_absolute,False,91,1.6600658893585205,1.195378065109253
74,visual,2.0604217052459717,1.474245548248291,Grocery,44,context_bilinear_absolute,False,91,2.0604217052459717,1.474245548248291
75,text,1.676702618598938,1.2232915163040161,Grocery,44,context_bilinear_absolute,False,91,1.676702618598938,1.2232915163040161
75,visual,2.0777158737182617,1.4990935325622559,Grocery,44,context_bilinear_absolute,False,91,2.0777158737182617,1.4990935325622559
76,text,1.6914465427398682,1.25023353099823,Grocery,44,context_bilinear_absolute,False,91,1.6914465427398682,1.25023353099823
76,visual,2.0935261249542236,1.5235384702682495,Grocery,44,context_bilinear_absolute,False,91,2.0935261249542236,1.5235384702682495
77,text,1.704612374305725,1.2763185501098633,Grocery,44,context_bilinear_absolute,False,91,1.704612374305725,1.2763185501098633
77,visual,2.1086952686309814,1.5480756759643555,Grocery,44,context_bilinear_absolute,False,91,2.1086952686309814,1.5480756759643555
78,text,1.7174203395843506,1.3030457496643066,Grocery,44,context_bilinear_absolute,False,91,1.7174203395843506,1.3030457496643066
78,visual,2.1230452060699463,1.571838140487671,Grocery,44,context_bilinear_absolute,False,91,2.1230452060699463,1.571838140487671
79,text,1.7313361167907715,1.3309452533721924,Grocery,44,context_bilinear_absolute,False,91,1.7313361167907715,1.3309452533721924
79,visual,2.137561559677124,1.596129059791565,Grocery,44,context_bilinear_absolute,False,91,2.137561559677124,1.596129059791565
80,text,1.7437306642532349,1.3580973148345947,Grocery,44,context_bilinear_absolute,False,91,1.7437306642532349,1.3580973148345947
80,visual,2.1509110927581787,1.619986891746521,Grocery,44,context_bilinear_absolute,False,91,2.1509110927581787,1.619986891746521
81,text,1.7546085119247437,1.3853498697280884,Grocery,44,context_bilinear_absolute,False,91,1.7546085119247437,1.3853498697280884
81,visual,2.1653120517730713,1.6437876224517822,Grocery,44,context_bilinear_absolute,False,91,2.1653120517730713,1.6437876224517822
82,text,1.766155481338501,1.4129278659820557,Grocery,44,context_bilinear_absolute,False,91,1.766155481338501,1.4129278659820557
82,visual,2.180262804031372,1.6683130264282227,Grocery,44,context_bilinear_absolute,False,91,2.180262804031372,1.6683130264282227
83,text,1.7799862623214722,1.4441001415252686,Grocery,44,context_bilinear_absolute,False,91,1.7799862623214722,1.4441001415252686
83,visual,2.196652412414551,1.6957107782363892,Grocery,44,context_bilinear_absolute,False,91,2.196652412414551,1.6957107782363892
84,text,1.7936687469482422,1.474714994430542,Grocery,44,context_bilinear_absolute,False,91,1.7936687469482422,1.474714994430542
84,visual,2.212249517440796,1.7210614681243896,Grocery,44,context_bilinear_absolute,False,91,2.212249517440796,1.7210614681243896
85,text,1.8067617416381836,1.5051641464233398,Grocery,44,context_bilinear_absolute,False,91,1.8067617416381836,1.5051641464233398
85,visual,2.225766658782959,1.74325430393219,Grocery,44,context_bilinear_absolute,False,91,2.225766658782959,1.74325430393219
86,text,1.82072114944458,1.536049485206604,Grocery,44,context_bilinear_absolute,False,91,1.82072114944458,1.536049485206604
86,visual,2.2404494285583496,1.7664666175842285,Grocery,44,context_bilinear_absolute,False,91,2.2404494285583496,1.7664666175842285
87,text,1.8357868194580078,1.5688886642456055,Grocery,44,context_bilinear_absolute,False,91,1.8357868194580078,1.5688886642456055
87,visual,2.255472183227539,1.7916027307510376,Grocery,44,context_bilinear_absolute,False,91,2.255472183227539,1.7916027307510376
88,text,1.8508938550949097,1.603743076324463,Grocery,44,context_bilinear_absolute,False,91,1.8508938550949097,1.603743076324463
88,visual,2.269577980041504,1.8170926570892334,Grocery,44,context_bilinear_absolute,False,91,2.269577980041504,1.8170926570892334
89,text,1.865716576576233,1.6392441987991333,Grocery,44,context_bilinear_absolute,False,91,1.865716576576233,1.6392441987991333
89,visual,2.285274028778076,1.8426258563995361,Grocery,44,context_bilinear_absolute,False,91,2.285274028778076,1.8426258563995361
90,text,1.8814105987548828,1.6772797107696533,Grocery,44,context_bilinear_absolute,False,91,1.8814105987548828,1.6772797107696533
90,visual,2.3019893169403076,1.8674824237823486,Grocery,44,context_bilinear_absolute,False,91,2.3019893169403076,1.8674824237823486
91,text,1.8964922428131104,1.7166123390197754,Grocery,44,context_bilinear_absolute,True,91,1.8964922428131104,1.7166123390197754
91,visual,2.317375659942627,1.8916794061660767,Grocery,44,context_bilinear_absolute,True,91,2.317375659942627,1.8916794061660767
92,text,1.912456750869751,1.7553960084915161,Grocery,44,context_bilinear_absolute,False,91,1.912456750869751,1.7553960084915161
92,visual,2.333625078201294,1.9167869091033936,Grocery,44,context_bilinear_absolute,False,91,2.333625078201294,1.9167869091033936
93,text,1.9287410974502563,1.7950539588928223,Grocery,44,context_bilinear_absolute,False,91,1.9287410974502563,1.7950539588928223
93,visual,2.3502633571624756,1.943982481956482,Grocery,44,context_bilinear_absolute,False,91,2.3502633571624756,1.943982481956482
94,text,1.9428012371063232,1.8327882289886475,Grocery,44,context_bilinear_absolute,False,91,1.9428012371063232,1.8327882289886475
94,visual,2.366579294204712,1.9691909551620483,Grocery,44,context_bilinear_absolute,False,91,2.366579294204712,1.9691909551620483
95,text,1.9574278593063354,1.8721221685409546,Grocery,44,context_bilinear_absolute,False,91,1.9574278593063354,1.8721221685409546
95,visual,2.3826184272766113,1.9943807125091553,Grocery,44,context_bilinear_absolute,False,91,2.3826184272766113,1.9943807125091553
96,text,1.9725303649902344,1.9114686250686646,Grocery,44,context_bilinear_absolute,False,91,1.9725303649902344,1.9114686250686646
96,visual,2.3984322547912598,2.0188488960266113,Grocery,44,context_bilinear_absolute,False,91,2.3984322547912598,2.0188488960266113
97,text,1.9890820980072021,1.9504117965698242,Grocery,44,context_bilinear_absolute,False,91,1.9890820980072021,1.9504117965698242
97,visual,2.415334463119507,2.043393135070801,Grocery,44,context_bilinear_absolute,False,91,2.415334463119507,2.043393135070801
98,text,2.0054664611816406,1.9898135662078857,Grocery,44,context_bilinear_absolute,False,91,2.0054664611816406,1.9898135662078857
98,visual,2.4305319786071777,2.068960428237915,Grocery,44,context_bilinear_absolute,False,91,2.4305319786071777,2.068960428237915
99,text,2.021426200866699,2.023780345916748,Grocery,44,context_bilinear_absolute,False,91,2.021426200866699,2.023780345916748
99,visual,2.4468610286712646,2.0945510864257812,Grocery,44,context_bilinear_absolute,False,91,2.4468610286712646,2.0945510864257812
100,text,2.0361645221710205,2.058098077774048,Grocery,44,context_bilinear_absolute,False,91,2.0361645221710205,2.058098077774048
100,visual,2.4643890857696533,2.121274471282959,Grocery,44,context_bilinear_absolute,False,91,2.4643890857696533,2.121274471282959
101,text,2.049339771270752,2.090590238571167,Grocery,44,context_bilinear_absolute,False,91,2.049339771270752,2.090590238571167
101,visual,2.4797439575195312,2.145385503768921,Grocery,44,context_bilinear_absolute,False,91,2.4797439575195312,2.145385503768921
102,text,2.0633392333984375,2.1225967407226562,Grocery,44,context_bilinear_absolute,False,91,2.0633392333984375,2.1225967407226562
102,visual,2.4952774047851562,2.1710636615753174,Grocery,44,context_bilinear_absolute,False,91,2.4952774047851562,2.1710636615753174
103,text,2.0769100189208984,2.1488735675811768,Grocery,44,context_bilinear_absolute,False,91,2.0769100189208984,2.1488735675811768
103,visual,2.5100631713867188,2.1950619220733643,Grocery,44,context_bilinear_absolute,False,91,2.5100631713867188,2.1950619220733643
104,text,2.088793992996216,2.1739728450775146,Grocery,44,context_bilinear_absolute,False,91,2.088793992996216,2.1739728450775146
104,visual,2.524425506591797,2.220733642578125,Grocery,44,context_bilinear_absolute,False,91,2.524425506591797,2.220733642578125
105,text,2.100597858428955,2.195559024810791,Grocery,44,context_bilinear_absolute,False,91,2.100597858428955,2.195559024810791
105,visual,2.5383622646331787,2.2450249195098877,Grocery,44,context_bilinear_absolute,False,91,2.5383622646331787,2.2450249195098877
106,text,2.11220645904541,2.2206685543060303,Grocery,44,context_bilinear_absolute,False,91,2.11220645904541,2.2206685543060303
106,visual,2.5514883995056152,2.2679738998413086,Grocery,44,context_bilinear_absolute,False,91,2.5514883995056152,2.2679738998413086
107,text,2.1229312419891357,2.245939254760742,Grocery,44,context_bilinear_absolute,False,91,2.1229312419891357,2.245939254760742
107,visual,2.563781499862671,2.290161609649658,Grocery,44,context_bilinear_absolute,False,91,2.563781499862671,2.290161609649658
108,text,2.13303279876709,2.268446922302246,Grocery,44,context_bilinear_absolute,False,91,2.13303279876709,2.268446922302246
108,visual,2.5758702754974365,2.312309503555298,Grocery,44,context_bilinear_absolute,False,91,2.5758702754974365,2.312309503555298
109,text,2.141324043273926,2.2886250019073486,Grocery,44,context_bilinear_absolute,False,91,2.141324043273926,2.2886250019073486
109,visual,2.587592363357544,2.332821846008301,Grocery,44,context_bilinear_absolute,False,91,2.587592363357544,2.332821846008301
110,text,2.150095224380493,2.3110015392303467,Grocery,44,context_bilinear_absolute,False,91,2.150095224380493,2.3110015392303467
110,visual,2.5986263751983643,2.3528430461883545,Grocery,44,context_bilinear_absolute,False,91,2.5986263751983643,2.3528430461883545
111,text,2.159647226333618,2.3353421688079834,Grocery,44,context_bilinear_absolute,False,91,2.159647226333618,2.3353421688079834
111,visual,2.610020637512207,2.3746049404144287,Grocery,44,context_bilinear_absolute,False,91,2.610020637512207,2.3746049404144287
112,text,2.1690609455108643,2.35805606842041,Grocery,44,context_bilinear_absolute,False,91,2.1690609455108643,2.35805606842041
112,visual,2.6209113597869873,2.395047426223755,Grocery,44,context_bilinear_absolute,False,91,2.6209113597869873,2.395047426223755
113,text,2.178419351577759,2.381040334701538,Grocery,44,context_bilinear_absolute,False,91,2.178419351577759,2.381040334701538
113,visual,2.631101369857788,2.4143147468566895,Grocery,44,context_bilinear_absolute,False,91,2.631101369857788,2.4143147468566895
114,text,2.1894125938415527,2.4023866653442383,Grocery,44,context_bilinear_absolute,False,91,2.1894125938415527,2.4023866653442383
114,visual,2.641397476196289,2.433542251586914,Grocery,44,context_bilinear_absolute,False,91,2.641397476196289,2.433542251586914
115,text,2.2013556957244873,2.4264328479766846,Grocery,44,context_bilinear_absolute,False,91,2.2013556957244873,2.4264328479766846
115,visual,2.650765895843506,2.454292058944702,Grocery,44,context_bilinear_absolute,False,91,2.650765895843506,2.454292058944702
116,text,2.212268590927124,2.4506304264068604,Grocery,44,context_bilinear_absolute,False,91,2.212268590927124,2.4506304264068604
116,visual,2.660230875015259,2.473581075668335,Grocery,44,context_bilinear_absolute,False,91,2.660230875015259,2.473581075668335
117,text,2.222511053085327,2.4741876125335693,Grocery,44,context_bilinear_absolute,False,91,2.222511053085327,2.4741876125335693
117,visual,2.6697263717651367,2.491560220718384,Grocery,44,context_bilinear_absolute,False,91,2.6697263717651367,2.491560220718384
118,text,2.2323343753814697,2.496774673461914,Grocery,44,context_bilinear_absolute,False,91,2.2323343753814697,2.496774673461914
118,visual,2.679395914077759,2.5082767009735107,Grocery,44,context_bilinear_absolute,False,91,2.679395914077759,2.5082767009735107
119,text,2.2404870986938477,2.510394334793091,Grocery,44,context_bilinear_absolute,False,91,2.2404870986938477,2.510394334793091
119,visual,2.6887879371643066,2.5228431224823,Grocery,44,context_bilinear_absolute,False,91,2.6887879371643066,2.5228431224823
120,text,2.2491610050201416,2.5250444412231445,Grocery,44,context_bilinear_absolute,False,91,2.2491610050201416,2.5250444412231445
120,visual,2.6981427669525146,2.537532329559326,Grocery,44,context_bilinear_absolute,False,91,2.6981427669525146,2.537532329559326
121,text,2.259826183319092,2.5432870388031006,Grocery,44,context_bilinear_absolute,False,91,2.259826183319092,2.5432870388031006
121,visual,2.707000255584717,2.5548839569091797,Grocery,44,context_bilinear_absolute,False,91,2.707000255584717,2.5548839569091797
1,text,0.08990936726331711,0.0,Grocery,44,context_bilinear_delta,False,62,0.08990936726331711,0.0
1,visual,0.08989418298006058,0.0,Grocery,44,context_bilinear_delta,False,62,0.08989418298006058,0.0
2,text,0.14008115231990814,0.021331937983632088,Grocery,44,context_bilinear_delta,False,62,0.14008115231990814,0.021331937983632088
2,visual,0.14077293872833252,0.017660103738307953,Grocery,44,context_bilinear_delta,False,62,0.14077293872833252,0.017660103738307953
3,text,0.17683281004428864,0.0374613031744957,Grocery,44,context_bilinear_delta,False,62,0.17683281004428864,0.0374613031744957
3,visual,0.17952771484851837,0.03312800079584122,Grocery,44,context_bilinear_delta,False,62,0.17952771484851837,0.03312800079584122
4,text,0.210549995303154,0.05249994248151779,Grocery,44,context_bilinear_delta,False,62,0.210549995303154,0.05249994248151779
4,visual,0.21551991999149323,0.048601843416690826,Grocery,44,context_bilinear_delta,False,62,0.21551991999149323,0.048601843416690826
5,text,0.241209015250206,0.06787290424108505,Grocery,44,context_bilinear_delta,False,62,0.241209015250206,0.06787290424108505
5,visual,0.2514975965023041,0.06753669679164886,Grocery,44,context_bilinear_delta,False,62,0.2514975965023041,0.06753669679164886
6,text,0.27230268716812134,0.08257856220006943,Grocery,44,context_bilinear_delta,False,62,0.27230268716812134,0.08257856220006943
6,visual,0.2878027558326721,0.08679191023111343,Grocery,44,context_bilinear_delta,False,62,0.2878027558326721,0.08679191023111343
7,text,0.30427590012550354,0.09844301640987396,Grocery,44,context_bilinear_delta,False,62,0.30427590012550354,0.09844301640987396
7,visual,0.32301244139671326,0.10622051358222961,Grocery,44,context_bilinear_delta,False,62,0.32301244139671326,0.10622051358222961
8,text,0.3323251008987427,0.10945293307304382,Grocery,44,context_bilinear_delta,False,62,0.3323251008987427,0.10945293307304382
8,visual,0.3567802309989929,0.12469833344221115,Grocery,44,context_bilinear_delta,False,62,0.3567802309989929,0.12469833344221115
9,text,0.35857704281806946,0.12045417726039886,Grocery,44,context_bilinear_delta,False,62,0.35857704281806946,0.12045417726039886
9,visual,0.3899306058883667,0.1430969387292862,Grocery,44,context_bilinear_delta,False,62,0.3899306058883667,0.1430969387292862
10,text,0.38452816009521484,0.1307082325220108,Grocery,44,context_bilinear_delta,False,62,0.38452816009521484,0.1307082325220108
10,visual,0.4232333302497864,0.1612481027841568,Grocery,44,context_bilinear_delta,False,62,0.4232333302497864,0.1612481027841568
11,text,0.4111279547214508,0.14328940212726593,Grocery,44,context_bilinear_delta,False,62,0.4111279547214508,0.14328940212726593
11,visual,0.4570872187614441,0.17856264114379883,Grocery,44,context_bilinear_delta,False,62,0.4570872187614441,0.17856264114379883
12,text,0.43828344345092773,0.15806707739830017,Grocery,44,context_bilinear_delta,False,62,0.43828344345092773,0.15806707739830017
12,visual,0.49138185381889343,0.19645023345947266,Grocery,44,context_bilinear_delta,False,62,0.49138185381889343,0.19645023345947266
13,text,0.46345219016075134,0.16990891098976135,Grocery,44,context_bilinear_delta,False,62,0.46345219016075134,0.16990891098976135
13,visual,0.5252576470375061,0.21456404030323029,Grocery,44,context_bilinear_delta,False,62,0.5252576470375061,0.21456404030323029
14,text,0.4891030490398407,0.18353910744190216,Grocery,44,context_bilinear_delta,False,62,0.4891030490398407,0.18353910744190216
14,visual,0.5585054159164429,0.23257100582122803,Grocery,44,context_bilinear_delta,False,62,0.5585054159164429,0.23257100582122803
15,text,0.5132157206535339,0.19600749015808105,Grocery,44,context_bilinear_delta,False,62,0.5132157206535339,0.19600749015808105
15,visual,0.5909366607666016,0.25043824315071106,Grocery,44,context_bilinear_delta,False,62,0.5909366607666016,0.25043824315071106
16,text,0.5376360416412354,0.20867832005023956,Grocery,44,context_bilinear_delta,False,62,0.5376360416412354,0.20867832005023956
16,visual,0.6229464411735535,0.2684554159641266,Grocery,44,context_bilinear_delta,False,62,0.6229464411735535,0.2684554159641266
17,text,0.5611333250999451,0.2211945354938507,Grocery,44,context_bilinear_delta,False,62,0.5611333250999451,0.2211945354938507
17,visual,0.6538039445877075,0.28575772047042847,Grocery,44,context_bilinear_delta,False,62,0.6538039445877075,0.28575772047042847
18,text,0.5841899514198303,0.2338615208864212,Grocery,44,context_bilinear_delta,False,62,0.5841899514198303,0.2338615208864212
18,visual,0.6840004324913025,0.3030410408973694,Grocery,44,context_bilinear_delta,False,62,0.6840004324913025,0.3030410408973694
19,text,0.6071510314941406,0.24596987664699554,Grocery,44,context_bilinear_delta,False,62,0.6071510314941406,0.24596987664699554
19,visual,0.7134655714035034,0.3195964992046356,Grocery,44,context_bilinear_delta,False,62,0.7134655714035034,0.3195964992046356
20,text,0.63027423620224,0.25960177183151245,Grocery,44,context_bilinear_delta,False,62,0.63027423620224,0.25960177183151245
20,visual,0.742982029914856,0.3371977210044861,Grocery,44,context_bilinear_delta,False,62,0.742982029914856,0.3371977210044861
21,text,0.6528578996658325,0.2728598415851593,Grocery,44,context_bilinear_delta,False,62,0.6528578996658325,0.2728598415851593
21,visual,0.7713612914085388,0.35292303562164307,Grocery,44,context_bilinear_delta,False,62,0.7713612914085388,0.35292303562164307
22,text,0.6768052577972412,0.28717297315597534,Grocery,44,context_bilinear_delta,False,62,0.6768052577972412,0.28717297315597534
22,visual,0.8010939359664917,0.37024545669555664,Grocery,44,context_bilinear_delta,False,62,0.8010939359664917,0.37024545669555664
23,text,0.7002448439598083,0.301988810300827,Grocery,44,context_bilinear_delta,False,62,0.7002448439598083,0.301988810300827
23,visual,0.8307506442070007,0.38679414987564087,Grocery,44,context_bilinear_delta,False,62,0.8307506442070007,0.38679414987564087
24,text,0.7241694927215576,0.31690946221351624,Grocery,44,context_bilinear_delta,False,62,0.7241694927215576,0.31690946221351624
24,visual,0.8593717217445374,0.4033384621143341,Grocery,44,context_bilinear_delta,False,62,0.8593717217445374,0.4033384621143341
25,text,0.7482286095619202,0.33247196674346924,Grocery,44,context_bilinear_delta,False,62,0.7482286095619202,0.33247196674346924
25,visual,0.8884751796722412,0.42112255096435547,Grocery,44,context_bilinear_delta,False,62,0.8884751796722412,0.42112255096435547
26,text,0.7722938656806946,0.3487396836280823,Grocery,44,context_bilinear_delta,False,62,0.7722938656806946,0.3487396836280823
26,visual,0.9174467921257019,0.43980854749679565,Grocery,44,context_bilinear_delta,False,62,0.9174467921257019,0.43980854749679565
27,text,0.7968568205833435,0.3659607768058777,Grocery,44,context_bilinear_delta,False,62,0.7968568205833435,0.3659607768058777
27,visual,0.9470767378807068,0.4599004089832306,Grocery,44,context_bilinear_delta,False,62,0.9470767378807068,0.4599004089832306
28,text,0.8209202289581299,0.3829171061515808,Grocery,44,context_bilinear_delta,False,62,0.8209202289581299,0.3829171061515808
28,visual,0.9758204817771912,0.4803207814693451,Grocery,44,context_bilinear_delta,False,62,0.9758204817771912,0.4803207814693451
29,text,0.845024585723877,0.4001120328903198,Grocery,44,context_bilinear_delta,False,62,0.845024585723877,0.4001120328903198
29,visual,1.0035364627838135,0.4997255504131317,Grocery,44,context_bilinear_delta,False,62,1.0035364627838135,0.4997255504131317
30,text,0.869089663028717,0.4177173972129822,Grocery,44,context_bilinear_delta,False,62,0.869089663028717,0.4177173972129822
30,visual,1.0315814018249512,0.5203508734703064,Grocery,44,context_bilinear_delta,False,62,1.0315814018249512,0.5203508734703064
31,text,0.8932434916496277,0.43608489632606506,Grocery,44,context_bilinear_delta,False,62,0.8932434916496277,0.43608489632606506
31,visual,1.0599932670593262,0.5426509380340576,Grocery,44,context_bilinear_delta,False,62,1.0599932670593262,0.5426509380340576
32,text,0.9176626801490784,0.45535632967948914,Grocery,44,context_bilinear_delta,False,62,0.9176626801490784,0.45535632967948914
32,visual,1.089307188987732,0.565589189529419,Grocery,44,context_bilinear_delta,False,62,1.089307188987732,0.565589189529419
33,text,0.9414472579956055,0.4743688702583313,Grocery,44,context_bilinear_delta,False,62,0.9414472579956055,0.4743688702583313
33,visual,1.117747187614441,0.5857701301574707,Grocery,44,context_bilinear_delta,False,62,1.117747187614441,0.5857701301574707
34,text,0.9664308428764343,0.4940589964389801,Grocery,44,context_bilinear_delta,False,62,0.9664308428764343,0.4940589964389801
34,visual,1.1475263833999634,0.6083875894546509,Grocery,44,context_bilinear_delta,False,62,1.1475263833999634,0.6083875894546509
35,text,0.9917356371879578,0.5144839286804199,Grocery,44,context_bilinear_delta,False,62,0.9917356371879578,0.5144839286804199
35,visual,1.1779701709747314,0.6316916942596436,Grocery,44,context_bilinear_delta,False,62,1.1779701709747314,0.6316916942596436
36,text,1.0164576768875122,0.5343855619430542,Grocery,44,context_bilinear_delta,False,62,1.0164576768875122,0.5343855619430542
36,visual,1.2089709043502808,0.6555948853492737,Grocery,44,context_bilinear_delta,False,62,1.2089709043502808,0.6555948853492737
37,text,1.040122389793396,0.5529558658599854,Grocery,44,context_bilinear_delta,False,62,1.040122389793396,0.5529558658599854
37,visual,1.239953637123108,0.6793801784515381,Grocery,44,context_bilinear_delta,False,62,1.239953637123108,0.6793801784515381
38,text,1.0640915632247925,0.571315586566925,Grocery,44,context_bilinear_delta,False,62,1.0640915632247925,0.571315586566925
38,visual,1.2711511850357056,0.7035220861434937,Grocery,44,context_bilinear_delta,False,62,1.2711511850357056,0.7035220861434937
39,text,1.0890940427780151,0.5898643136024475,Grocery,44,context_bilinear_delta,False,62,1.0890940427780151,0.5898643136024475
39,visual,1.3050837516784668,0.7294525504112244,Grocery,44,context_bilinear_delta,False,62,1.3050837516784668,0.7294525504112244
40,text,1.1126666069030762,0.6068643927574158,Grocery,44,context_bilinear_delta,False,62,1.1126666069030762,0.6068643927574158
40,visual,1.336818814277649,0.7508158683776855,Grocery,44,context_bilinear_delta,False,62,1.336818814277649,0.7508158683776855
41,text,1.135792851448059,0.623969554901123,Grocery,44,context_bilinear_delta,False,62,1.135792851448059,0.623969554901123
41,visual,1.3686093091964722,0.7723336219787598,Grocery,44,context_bilinear_delta,False,62,1.3686093091964722,0.7723336219787598
42,text,1.1541416645050049,0.6329063177108765,Grocery,44,context_bilinear_delta,False,62,1.1541416645050049,0.6329063177108765
42,visual,1.3964744806289673,0.7898662090301514,Grocery,44,context_bilinear_delta,False,62,1.3964744806289673,0.7898662090301514
43,text,1.1710052490234375,0.6389924883842468,Grocery,44,context_bilinear_delta,False,62,1.1710052490234375,0.6389924883842468
43,visual,1.4225358963012695,0.8050855994224548,Grocery,44,context_bilinear_delta,False,62,1.4225358963012695,0.8050855994224548
44,text,1.1868870258331299,0.6450667977333069,Grocery,44,context_bilinear_delta,False,62,1.1868870258331299,0.6450667977333069
44,visual,1.4473316669464111,0.8167446851730347,Grocery,44,context_bilinear_delta,False,62,1.4473316669464111,0.8167446851730347
45,text,1.2019387483596802,0.6513823866844177,Grocery,44,context_bilinear_delta,False,62,1.2019387483596802,0.6513823866844177
45,visual,1.4702104330062866,0.8242396712303162,Grocery,44,context_bilinear_delta,False,62,1.4702104330062866,0.8242396712303162
46,text,1.2162221670150757,0.6562038064002991,Grocery,44,context_bilinear_delta,False,62,1.2162221670150757,0.6562038064002991
46,visual,1.4930312633514404,0.8335869908332825,Grocery,44,context_bilinear_delta,False,62,1.4930312633514404,0.8335869908332825
47,text,1.2297877073287964,0.6592175960540771,Grocery,44,context_bilinear_delta,False,62,1.2297877073287964,0.6592175960540771
47,visual,1.5137656927108765,0.8419516682624817,Grocery,44,context_bilinear_delta,False,62,1.5137656927108765,0.8419516682624817
48,text,1.243570327758789,0.6616337299346924,Grocery,44,context_bilinear_delta,False,62,1.243570327758789,0.6616337299346924
48,visual,1.5358716249465942,0.8523459434509277,Grocery,44,context_bilinear_delta,False,62,1.5358716249465942,0.8523459434509277
49,text,1.258306860923767,0.6665381789207458,Grocery,44,context_bilinear_delta,False,62,1.258306860923767,0.6665381789207458
49,visual,1.5555181503295898,0.8582777976989746,Grocery,44,context_bilinear_delta,False,62,1.5555181503295898,0.8582777976989746
50,text,1.2746535539627075,0.6746922731399536,Grocery,44,context_bilinear_delta,False,62,1.2746535539627075,0.6746922731399536
50,visual,1.5741958618164062,0.8617660403251648,Grocery,44,context_bilinear_delta,False,62,1.5741958618164062,0.8617660403251648
51,text,1.2902896404266357,0.6820921897888184,Grocery,44,context_bilinear_delta,False,62,1.2902896404266357,0.6820921897888184
51,visual,1.5932559967041016,0.8664881587028503,Grocery,44,context_bilinear_delta,False,62,1.5932559967041016,0.8664881587028503
52,text,1.3052324056625366,0.6883965134620667,Grocery,44,context_bilinear_delta,False,62,1.3052324056625366,0.6883965134620667
52,visual,1.6114593744277954,0.8711869120597839,Grocery,44,context_bilinear_delta,False,62,1.6114593744277954,0.8711869120597839
53,text,1.3197582960128784,0.6934285163879395,Grocery,44,context_bilinear_delta,False,62,1.3197582960128784,0.6934285163879395
53,visual,1.629118800163269,0.8775015473365784,Grocery,44,context_bilinear_delta,False,62,1.629118800163269,0.8775015473365784
54,text,1.334500789642334,0.7002049684524536,Grocery,44,context_bilinear_delta,False,62,1.334500789642334,0.7002049684524536
54,visual,1.647273063659668,0.8853700757026672,Grocery,44,context_bilinear_delta,False,62,1.647273063659668,0.8853700757026672
55,text,1.3498969078063965,0.7088227868080139,Grocery,44,context_bilinear_delta,False,62,1.3498969078063965,0.7088227868080139
55,visual,1.6659867763519287,0.8930765986442566,Grocery,44,context_bilinear_delta,False,62,1.6659867763519287,0.8930765986442566
56,text,1.3659685850143433,0.717743456363678,Grocery,44,context_bilinear_delta,False,62,1.3659685850143433,0.717743456363678
56,visual,1.6845073699951172,0.9004967212677002,Grocery,44,context_bilinear_delta,False,62,1.6845073699951172,0.9004967212677002
57,text,1.3822084665298462,0.7258990406990051,Grocery,44,context_bilinear_delta,False,62,1.3822084665298462,0.7258990406990051
57,visual,1.7032214403152466,0.9088184237480164,Grocery,44,context_bilinear_delta,False,62,1.7032214403152466,0.9088184237480164
58,text,1.3983769416809082,0.7339490056037903,Grocery,44,context_bilinear_delta,False,62,1.3983769416809082,0.7339490056037903
58,visual,1.7230075597763062,0.91917884349823,Grocery,44,context_bilinear_delta,False,62,1.7230075597763062,0.91917884349823
59,text,1.415551781654358,0.7442823052406311,Grocery,44,context_bilinear_delta,False,62,1.415551781654358,0.7442823052406311
59,visual,1.7432788610458374,0.9298381805419922,Grocery,44,context_bilinear_delta,False,62,1.7432788610458374,0.9298381805419922
60,text,1.4350788593292236,0.7584937214851379,Grocery,44,context_bilinear_delta,False,62,1.4350788593292236,0.7584937214851379
60,visual,1.7655622959136963,0.9413802623748779,Grocery,44,context_bilinear_delta,False,62,1.7655622959136963,0.9413802623748779
61,text,1.4529412984848022,0.7714024782180786,Grocery,44,context_bilinear_delta,False,62,1.4529412984848022,0.7714024782180786
61,visual,1.7879397869110107,0.9531217813491821,Grocery,44,context_bilinear_delta,False,62,1.7879397869110107,0.9531217813491821
62,text,1.4705053567886353,0.7829180359840393,Grocery,44,context_bilinear_delta,True,62,1.4705053567886353,0.7829180359840393
62,visual,1.81033194065094,0.9657877683639526,Grocery,44,context_bilinear_delta,True,62,1.81033194065094,0.9657877683639526
63,text,1.489371418952942,0.7949115037918091,Grocery,44,context_bilinear_delta,False,62,1.489371418952942,0.7949115037918091
63,visual,1.8343511819839478,0.9807175397872925,Grocery,44,context_bilinear_delta,False,62,1.8343511819839478,0.9807175397872925
64,text,1.506198763847351,0.8069627285003662,Grocery,44,context_bilinear_delta,False,62,1.506198763847351,0.8069627285003662
64,visual,1.8581229448318481,0.9946878552436829,Grocery,44,context_bilinear_delta,False,62,1.8581229448318481,0.9946878552436829
65,text,1.5232824087142944,0.8211230635643005,Grocery,44,context_bilinear_delta,False,62,1.5232824087142944,0.8211230635643005
65,visual,1.8817083835601807,1.00632643699646,Grocery,44,context_bilinear_delta,False,62,1.8817083835601807,1.00632643699646
66,text,1.5389113426208496,0.8330310583114624,Grocery,44,context_bilinear_delta,False,62,1.5389113426208496,0.8330310583114624
66,visual,1.9031381607055664,1.0169819593429565,Grocery,44,context_bilinear_delta,False,62,1.9031381607055664,1.0169819593429565
67,text,1.553782343864441,0.8433617949485779,Grocery,44,context_bilinear_delta,False,62,1.553782343864441,0.8433617949485779
67,visual,1.9227125644683838,1.0272735357284546,Grocery,44,context_bilinear_delta,False,62,1.9227125644683838,1.0272735357284546
68,text,1.5677053928375244,0.8518051505088806,Grocery,44,context_bilinear_delta,False,62,1.5677053928375244,0.8518051505088806
68,visual,1.9418866634368896,1.0382335186004639,Grocery,44,context_bilinear_delta,False,62,1.9418866634368896,1.0382335186004639
69,text,1.581481695175171,0.8599743843078613,Grocery,44,context_bilinear_delta,False,62,1.581481695175171,0.8599743843078613
69,visual,1.9605900049209595,1.0479785203933716,Grocery,44,context_bilinear_delta,False,62,1.9605900049209595,1.0479785203933716
70,text,1.5973187685012817,0.8698348999023438,Grocery,44,context_bilinear_delta,False,62,1.5973187685012817,0.8698348999023438
70,visual,1.9789600372314453,1.0564935207366943,Grocery,44,context_bilinear_delta,False,62,1.9789600372314453,1.0564935207366943
71,text,1.6128337383270264,0.8790618181228638,Grocery,44,context_bilinear_delta,False,62,1.6128337383270264,0.8790618181228638
71,visual,1.9971928596496582,1.0655381679534912,Grocery,44,context_bilinear_delta,False,62,1.9971928596496582,1.0655381679534912
72,text,1.627881407737732,0.8878597617149353,Grocery,44,context_bilinear_delta,False,62,1.627881407737732,0.8878597617149353
72,visual,2.014451742172241,1.073652744293213,Grocery,44,context_bilinear_delta,False,62,2.014451742172241,1.073652744293213
73,text,1.6428402662277222,0.8967821002006531,Grocery,44,context_bilinear_delta,False,62,1.6428402662277222,0.8967821002006531
73,visual,2.030771017074585,1.0816242694854736,Grocery,44,context_bilinear_delta,False,62,2.030771017074585,1.0816242694854736
74,text,1.6582343578338623,0.9053690433502197,Grocery,44,context_bilinear_delta,False,62,1.6582343578338623,0.9053690433502197
74,visual,2.047541856765747,1.0903301239013672,Grocery,44,context_bilinear_delta,False,62,2.047541856765747,1.0903301239013672
75,text,1.672006368637085,0.9126761555671692,Grocery,44,context_bilinear_delta,False,62,1.672006368637085,0.9126761555671692
75,visual,2.06512188911438,1.1002986431121826,Grocery,44,context_bilinear_delta,False,62,2.06512188911438,1.1002986431121826
76,text,1.6855155229568481,0.9195034503936768,Grocery,44,context_bilinear_delta,False,62,1.6855155229568481,0.9195034503936768
76,visual,2.081702947616577,1.1098544597625732,Grocery,44,context_bilinear_delta,False,62,2.081702947616577,1.1098544597625732
77,text,1.70033860206604,0.9275646209716797,Grocery,44,context_bilinear_delta,False,62,1.70033860206604,0.9275646209716797
77,visual,2.0980923175811768,1.1202133893966675,Grocery,44,context_bilinear_delta,False,62,2.0980923175811768,1.1202133893966675
78,text,1.7133064270019531,0.9351353645324707,Grocery,44,context_bilinear_delta,False,62,1.7133064270019531,0.9351353645324707
78,visual,2.1133203506469727,1.129738211631775,Grocery,44,context_bilinear_delta,False,62,2.1133203506469727,1.129738211631775
79,text,1.725820779800415,0.943049430847168,Grocery,44,context_bilinear_delta,False,62,1.725820779800415,0.943049430847168
79,visual,2.127485752105713,1.1384878158569336,Grocery,44,context_bilinear_delta,False,62,2.127485752105713,1.1384878158569336
80,text,1.7397831678390503,0.9527117013931274,Grocery,44,context_bilinear_delta,False,62,1.7397831678390503,0.9527117013931274
80,visual,2.1415202617645264,1.1471214294433594,Grocery,44,context_bilinear_delta,False,62,2.1415202617645264,1.1471214294433594
81,text,1.7522693872451782,0.9623626470565796,Grocery,44,context_bilinear_delta,False,62,1.7522693872451782,0.9623626470565796
81,visual,2.154472827911377,1.1544828414916992,Grocery,44,context_bilinear_delta,False,62,2.154472827911377,1.1544828414916992
82,text,1.7624346017837524,0.9697957634925842,Grocery,44,context_bilinear_delta,False,62,1.7624346017837524,0.9697957634925842
82,visual,2.167902946472168,1.1626207828521729,Grocery,44,context_bilinear_delta,False,62,2.167902946472168,1.1626207828521729
83,text,1.7728829383850098,0.9759939312934875,Grocery,44,context_bilinear_delta,False,62,1.7728829383850098,0.9759939312934875
83,visual,2.1820449829101562,1.1725558042526245,Grocery,44,context_bilinear_delta,False,62,2.1820449829101562,1.1725558042526245
84,text,1.7843644618988037,0.9835795760154724,Grocery,44,context_bilinear_delta,False,62,1.7843644618988037,0.9835795760154724
84,visual,2.1937336921691895,1.1803852319717407,Grocery,44,context_bilinear_delta,False,62,2.1937336921691895,1.1803852319717407
85,text,1.7978688478469849,0.994557797908783,Grocery,44,context_bilinear_delta,False,62,1.7978688478469849,0.994557797908783
85,visual,2.2061731815338135,1.1884739398956299,Grocery,44,context_bilinear_delta,False,62,2.2061731815338135,1.1884739398956299
86,text,1.8108177185058594,1.0050774812698364,Grocery,44,context_bilinear_delta,False,62,1.8108177185058594,1.0050774812698364
86,visual,2.2191555500030518,1.196859359741211,Grocery,44,context_bilinear_delta,False,62,2.2191555500030518,1.196859359741211
87,text,1.8211108446121216,1.0130776166915894,Grocery,44,context_bilinear_delta,False,62,1.8211108446121216,1.0130776166915894
87,visual,2.2312655448913574,1.203774333000183,Grocery,44,context_bilinear_delta,False,62,2.2312655448913574,1.203774333000183
88,text,1.831777811050415,1.0226248502731323,Grocery,44,context_bilinear_delta,False,62,1.831777811050415,1.0226248502731323
88,visual,2.2432498931884766,1.2100688219070435,Grocery,44,context_bilinear_delta,False,62,2.2432498931884766,1.2100688219070435
89,text,1.8438084125518799,1.033157467842102,Grocery,44,context_bilinear_delta,False,62,1.8438084125518799,1.033157467842102
89,visual,2.2562315464019775,1.2181910276412964,Grocery,44,context_bilinear_delta,False,62,2.2562315464019775,1.2181910276412964
90,text,1.857393741607666,1.0455236434936523,Grocery,44,context_bilinear_delta,False,62,1.857393741607666,1.0455236434936523
90,visual,2.269038200378418,1.2268635034561157,Grocery,44,context_bilinear_delta,False,62,2.269038200378418,1.2268635034561157
91,text,1.8684161901474,1.0566340684890747,Grocery,44,context_bilinear_delta,False,62,1.8684161901474,1.0566340684890747
91,visual,2.281229019165039,1.2348310947418213,Grocery,44,context_bilinear_delta,False,62,2.281229019165039,1.2348310947418213
92,text,1.8770017623901367,1.0665576457977295,Grocery,44,context_bilinear_delta,False,62,1.8770017623901367,1.0665576457977295
92,visual,2.2923991680145264,1.2414296865463257,Grocery,44,context_bilinear_delta,False,62,2.2923991680145264,1.2414296865463257
1,text,0.08989151567220688,0.0,Reddit-S,42,context_static,False,40,0.08989151567220688,0.0
1,visual,0.09013501554727554,0.0,Reddit-S,42,context_static,False,40,0.09013501554727554,0.0
2,text,0.14305680990219116,0.0,Reddit-S,42,context_static,False,40,0.14305680990219116,0.0
2,visual,0.14384715259075165,0.0,Reddit-S,42,context_static,False,40,0.14384715259075165,0.0
3,text,0.18695901334285736,0.0,Reddit-S,42,context_static,False,40,0.18695901334285736,0.0
3,visual,0.19082874059677124,0.0,Reddit-S,42,context_static,False,40,0.19082874059677124,0.0
4,text,0.23139624297618866,0.0,Reddit-S,42,context_static,False,40,0.23139624297618866,0.0
4,visual,0.23717762529850006,0.0,Reddit-S,42,context_static,False,40,0.23717762529850006,0.0
5,text,0.2742132246494293,0.0,Reddit-S,42,context_static,False,40,0.2742132246494293,0.0
5,visual,0.28261181712150574,0.0,Reddit-S,42,context_static,False,40,0.28261181712150574,0.0
6,text,0.312547504901886,0.0,Reddit-S,42,context_static,False,40,0.312547504901886,0.0
6,visual,0.32473698258399963,0.0,Reddit-S,42,context_static,False,40,0.32473698258399963,0.0
7,text,0.34932443499565125,0.0,Reddit-S,42,context_static,False,40,0.34932443499565125,0.0
7,visual,0.36526820063591003,0.0,Reddit-S,42,context_static,False,40,0.36526820063591003,0.0
8,text,0.38607120513916016,0.0,Reddit-S,42,context_static,False,40,0.38607120513916016,0.0
8,visual,0.40519699454307556,0.0,Reddit-S,42,context_static,False,40,0.40519699454307556,0.0
9,text,0.4230997860431671,0.0,Reddit-S,42,context_static,False,40,0.4230997860431671,0.0
9,visual,0.4452263116836548,0.0,Reddit-S,42,context_static,False,40,0.4452263116836548,0.0
10,text,0.4611934721469879,0.0,Reddit-S,42,context_static,False,40,0.4611934721469879,0.0
10,visual,0.4854421615600586,0.0,Reddit-S,42,context_static,False,40,0.4854421615600586,0.0
11,text,0.5002583861351013,0.0,Reddit-S,42,context_static,False,40,0.5002583861351013,0.0
11,visual,0.5259845852851868,0.0,Reddit-S,42,context_static,False,40,0.5259845852851868,0.0
12,text,0.5402581095695496,0.0,Reddit-S,42,context_static,False,40,0.5402581095695496,0.0
12,visual,0.566616952419281,0.0,Reddit-S,42,context_static,False,40,0.566616952419281,0.0
13,text,0.5811055898666382,0.0,Reddit-S,42,context_static,False,40,0.5811055898666382,0.0
13,visual,0.607109010219574,0.0,Reddit-S,42,context_static,False,40,0.607109010219574,0.0
14,text,0.6221599578857422,0.0,Reddit-S,42,context_static,False,40,0.6221599578857422,0.0
14,visual,0.6468111276626587,0.0,Reddit-S,42,context_static,False,40,0.6468111276626587,0.0
15,text,0.6627032160758972,0.0,Reddit-S,42,context_static,False,40,0.6627032160758972,0.0
15,visual,0.685248851776123,0.0,Reddit-S,42,context_static,False,40,0.685248851776123,0.0
16,text,0.7025203704833984,0.0,Reddit-S,42,context_static,False,40,0.7025203704833984,0.0
16,visual,0.7224137187004089,0.0,Reddit-S,42,context_static,False,40,0.7224137187004089,0.0
17,text,0.7416051030158997,0.0,Reddit-S,42,context_static,False,40,0.7416051030158997,0.0
17,visual,0.7583478093147278,0.0,Reddit-S,42,context_static,False,40,0.7583478093147278,0.0
18,text,0.779942512512207,0.0,Reddit-S,42,context_static,False,40,0.779942512512207,0.0
18,visual,0.7930099964141846,0.0,Reddit-S,42,context_static,False,40,0.7930099964141846,0.0
19,text,0.8175457715988159,0.0,Reddit-S,42,context_static,False,40,0.8175457715988159,0.0
19,visual,0.8266408443450928,0.0,Reddit-S,42,context_static,False,40,0.8266408443450928,0.0
20,text,0.8544537425041199,0.0,Reddit-S,42,context_static,False,40,0.8544537425041199,0.0
20,visual,0.8592914342880249,0.0,Reddit-S,42,context_static,False,40,0.8592914342880249,0.0
21,text,0.8889350295066833,0.0,Reddit-S,42,context_static,False,40,0.8889350295066833,0.0
21,visual,0.8909879326820374,0.0,Reddit-S,42,context_static,False,40,0.8909879326820374,0.0
22,text,0.9216558933258057,0.0,Reddit-S,42,context_static,False,40,0.9216558933258057,0.0
22,visual,0.92134690284729,0.0,Reddit-S,42,context_static,False,40,0.92134690284729,0.0
23,text,0.953744113445282,0.0,Reddit-S,42,context_static,False,40,0.953744113445282,0.0
23,visual,0.9505117535591125,0.0,Reddit-S,42,context_static,False,40,0.9505117535591125,0.0
24,text,0.9838693737983704,0.0,Reddit-S,42,context_static,False,40,0.9838693737983704,0.0
24,visual,0.9790856242179871,0.0,Reddit-S,42,context_static,False,40,0.9790856242179871,0.0
25,text,1.0140260457992554,0.0,Reddit-S,42,context_static,False,40,1.0140260457992554,0.0
25,visual,1.0073046684265137,0.0,Reddit-S,42,context_static,False,40,1.0073046684265137,0.0
26,text,1.0443006753921509,0.0,Reddit-S,42,context_static,False,40,1.0443006753921509,0.0
26,visual,1.0351486206054688,0.0,Reddit-S,42,context_static,False,40,1.0351486206054688,0.0
27,text,1.0748754739761353,0.0,Reddit-S,42,context_static,False,40,1.0748754739761353,0.0
27,visual,1.0627843141555786,0.0,Reddit-S,42,context_static,False,40,1.0627843141555786,0.0
28,text,1.105128526687622,0.0,Reddit-S,42,context_static,False,40,1.105128526687622,0.0
28,visual,1.090198040008545,0.0,Reddit-S,42,context_static,False,40,1.090198040008545,0.0
29,text,1.1352388858795166,0.0,Reddit-S,42,context_static,False,40,1.1352388858795166,0.0
29,visual,1.1171983480453491,0.0,Reddit-S,42,context_static,False,40,1.1171983480453491,0.0
30,text,1.1655079126358032,0.0,Reddit-S,42,context_static,False,40,1.1655079126358032,0.0
30,visual,1.1441543102264404,0.0,Reddit-S,42,context_static,False,40,1.1441543102264404,0.0
31,text,1.1943849325180054,0.0,Reddit-S,42,context_static,False,40,1.1943849325180054,0.0
31,visual,1.1709189414978027,0.0,Reddit-S,42,context_static,False,40,1.1709189414978027,0.0
32,text,1.2220990657806396,0.0,Reddit-S,42,context_static,False,40,1.2220990657806396,0.0
32,visual,1.1976830959320068,0.0,Reddit-S,42,context_static,False,40,1.1976830959320068,0.0
33,text,1.2489057779312134,0.0,Reddit-S,42,context_static,False,40,1.2489057779312134,0.0
33,visual,1.2239844799041748,0.0,Reddit-S,42,context_static,False,40,1.2239844799041748,0.0
34,text,1.2745710611343384,0.0,Reddit-S,42,context_static,False,40,1.2745710611343384,0.0
34,visual,1.2502377033233643,0.0,Reddit-S,42,context_static,False,40,1.2502377033233643,0.0
35,text,1.2999110221862793,0.0,Reddit-S,42,context_static,False,40,1.2999110221862793,0.0
35,visual,1.2763032913208008,0.0,Reddit-S,42,context_static,False,40,1.2763032913208008,0.0
36,text,1.324169635772705,0.0,Reddit-S,42,context_static,False,40,1.324169635772705,0.0
36,visual,1.3023697137832642,0.0,Reddit-S,42,context_static,False,40,1.3023697137832642,0.0
37,text,1.3468892574310303,0.0,Reddit-S,42,context_static,False,40,1.3468892574310303,0.0
37,visual,1.328200101852417,0.0,Reddit-S,42,context_static,False,40,1.328200101852417,0.0
38,text,1.368738055229187,0.0,Reddit-S,42,context_static,False,40,1.368738055229187,0.0
38,visual,1.353580355644226,0.0,Reddit-S,42,context_static,False,40,1.353580355644226,0.0
39,text,1.3892229795455933,0.0,Reddit-S,42,context_static,False,40,1.3892229795455933,0.0
39,visual,1.3786381483078003,0.0,Reddit-S,42,context_static,False,40,1.3786381483078003,0.0
40,text,1.4085266590118408,0.0,Reddit-S,42,context_static,True,40,1.4085266590118408,0.0
40,visual,1.4034380912780762,0.0,Reddit-S,42,context_static,True,40,1.4034380912780762,0.0
41,text,1.427533745765686,0.0,Reddit-S,42,context_static,False,40,1.427533745765686,0.0
41,visual,1.4278666973114014,0.0,Reddit-S,42,context_static,False,40,1.4278666973114014,0.0
42,text,1.4462352991104126,0.0,Reddit-S,42,context_static,False,40,1.4462352991104126,0.0
42,visual,1.4523755311965942,0.0,Reddit-S,42,context_static,False,40,1.4523755311965942,0.0
43,text,1.463576316833496,0.0,Reddit-S,42,context_static,False,40,1.463576316833496,0.0
43,visual,1.4768733978271484,0.0,Reddit-S,42,context_static,False,40,1.4768733978271484,0.0
44,text,1.4807682037353516,0.0,Reddit-S,42,context_static,False,40,1.4807682037353516,0.0
44,visual,1.501465082168579,0.0,Reddit-S,42,context_static,False,40,1.501465082168579,0.0
45,text,1.4965890645980835,0.0,Reddit-S,42,context_static,False,40,1.4965890645980835,0.0
45,visual,1.5260566473007202,0.0,Reddit-S,42,context_static,False,40,1.5260566473007202,0.0
46,text,1.509917974472046,0.0,Reddit-S,42,context_static,False,40,1.509917974472046,0.0
46,visual,1.5501923561096191,0.0,Reddit-S,42,context_static,False,40,1.5501923561096191,0.0
47,text,1.5224231481552124,0.0,Reddit-S,42,context_static,False,40,1.5224231481552124,0.0
47,visual,1.5739378929138184,0.0,Reddit-S,42,context_static,False,40,1.5739378929138184,0.0
48,text,1.53570556640625,0.0,Reddit-S,42,context_static,False,40,1.53570556640625,0.0
48,visual,1.597374677658081,0.0,Reddit-S,42,context_static,False,40,1.597374677658081,0.0
49,text,1.5483331680297852,0.0,Reddit-S,42,context_static,False,40,1.5483331680297852,0.0
49,visual,1.6202747821807861,0.0,Reddit-S,42,context_static,False,40,1.6202747821807861,0.0
50,text,1.559869647026062,0.0,Reddit-S,42,context_static,False,40,1.559869647026062,0.0
50,visual,1.6420351266860962,0.0,Reddit-S,42,context_static,False,40,1.6420351266860962,0.0
51,text,1.5705106258392334,0.0,Reddit-S,42,context_static,False,40,1.5705106258392334,0.0
51,visual,1.6629530191421509,0.0,Reddit-S,42,context_static,False,40,1.6629530191421509,0.0
52,text,1.5814403295516968,0.0,Reddit-S,42,context_static,False,40,1.5814403295516968,0.0
52,visual,1.683459758758545,0.0,Reddit-S,42,context_static,False,40,1.683459758758545,0.0
53,text,1.5920850038528442,0.0,Reddit-S,42,context_static,False,40,1.5920850038528442,0.0
53,visual,1.703446626663208,0.0,Reddit-S,42,context_static,False,40,1.703446626663208,0.0
54,text,1.602185845375061,0.0,Reddit-S,42,context_static,False,40,1.602185845375061,0.0
54,visual,1.7229982614517212,0.0,Reddit-S,42,context_static,False,40,1.7229982614517212,0.0
55,text,1.6121641397476196,0.0,Reddit-S,42,context_static,False,40,1.6121641397476196,0.0
55,visual,1.7421302795410156,0.0,Reddit-S,42,context_static,False,40,1.7421302795410156,0.0
56,text,1.6220260858535767,0.0,Reddit-S,42,context_static,False,40,1.6220260858535767,0.0
56,visual,1.760827898979187,0.0,Reddit-S,42,context_static,False,40,1.760827898979187,0.0
57,text,1.6319507360458374,0.0,Reddit-S,42,context_static,False,40,1.6319507360458374,0.0
57,visual,1.7789220809936523,0.0,Reddit-S,42,context_static,False,40,1.7789220809936523,0.0
58,text,1.6420613527297974,0.0,Reddit-S,42,context_static,False,40,1.6420613527297974,0.0
58,visual,1.7965410947799683,0.0,Reddit-S,42,context_static,False,40,1.7965410947799683,0.0
59,text,1.6511127948760986,0.0,Reddit-S,42,context_static,False,40,1.6511127948760986,0.0
59,visual,1.813599705696106,0.0,Reddit-S,42,context_static,False,40,1.813599705696106,0.0
60,text,1.659342885017395,0.0,Reddit-S,42,context_static,False,40,1.659342885017395,0.0
60,visual,1.8305240869522095,0.0,Reddit-S,42,context_static,False,40,1.8305240869522095,0.0
61,text,1.6674129962921143,0.0,Reddit-S,42,context_static,False,40,1.6674129962921143,0.0
61,visual,1.8466604948043823,0.0,Reddit-S,42,context_static,False,40,1.8466604948043823,0.0
62,text,1.675291657447815,0.0,Reddit-S,42,context_static,False,40,1.675291657447815,0.0
62,visual,1.8623664379119873,0.0,Reddit-S,42,context_static,False,40,1.8623664379119873,0.0
63,text,1.6826698780059814,0.0,Reddit-S,42,context_static,False,40,1.6826698780059814,0.0
63,visual,1.8772923946380615,0.0,Reddit-S,42,context_static,False,40,1.8772923946380615,0.0
64,text,1.6895616054534912,0.0,Reddit-S,42,context_static,False,40,1.6895616054534912,0.0
64,visual,1.8921059370040894,0.0,Reddit-S,42,context_static,False,40,1.8921059370040894,0.0
65,text,1.6959201097488403,0.0,Reddit-S,42,context_static,False,40,1.6959201097488403,0.0
65,visual,1.9065978527069092,0.0,Reddit-S,42,context_static,False,40,1.9065978527069092,0.0
66,text,1.702136516571045,0.0,Reddit-S,42,context_static,False,40,1.702136516571045,0.0
66,visual,1.920717716217041,0.0,Reddit-S,42,context_static,False,40,1.920717716217041,0.0
67,text,1.7083759307861328,0.0,Reddit-S,42,context_static,False,40,1.7083759307861328,0.0
67,visual,1.9341418743133545,0.0,Reddit-S,42,context_static,False,40,1.9341418743133545,0.0
68,text,1.715055227279663,0.0,Reddit-S,42,context_static,False,40,1.715055227279663,0.0
68,visual,1.9468271732330322,0.0,Reddit-S,42,context_static,False,40,1.9468271732330322,0.0
69,text,1.7223182916641235,0.0,Reddit-S,42,context_static,False,40,1.7223182916641235,0.0
69,visual,1.959229826927185,0.0,Reddit-S,42,context_static,False,40,1.959229826927185,0.0
70,text,1.7295628786087036,0.0,Reddit-S,42,context_static,False,40,1.7295628786087036,0.0
70,visual,1.9712145328521729,0.0,Reddit-S,42,context_static,False,40,1.9712145328521729,0.0
1,text,0.0898633822798729,0.0,Reddit-S,42,context_attn_dynamic,False,42,0.0898633822798729,0.0
1,visual,0.09013591706752777,0.0,Reddit-S,42,context_attn_dynamic,False,42,0.09013591706752777,0.0
2,text,0.14257393777370453,0.0,Reddit-S,42,context_attn_dynamic,False,42,0.14257393777370453,0.0
2,visual,0.14391236007213593,0.0,Reddit-S,42,context_attn_dynamic,False,42,0.14391236007213593,0.0
3,text,0.18712711334228516,0.0,Reddit-S,42,context_attn_dynamic,False,42,0.18712711334228516,0.0
3,visual,0.19218647480010986,0.0,Reddit-S,42,context_attn_dynamic,False,42,0.19218647480010986,0.0
4,text,0.2328605353832245,0.0,Reddit-S,42,context_attn_dynamic,False,42,0.2328605353832245,0.0
4,visual,0.2400597631931305,0.0,Reddit-S,42,context_attn_dynamic,False,42,0.2400597631931305,0.0
5,text,0.2774924635887146,0.0,Reddit-S,42,context_attn_dynamic,False,42,0.2774924635887146,0.0
5,visual,0.2876673638820648,0.0,Reddit-S,42,context_attn_dynamic,False,42,0.2876673638820648,0.0
6,text,0.3188846707344055,0.0,Reddit-S,42,context_attn_dynamic,False,42,0.3188846707344055,0.0
6,visual,0.3329641819000244,0.0,Reddit-S,42,context_attn_dynamic,False,42,0.3329641819000244,0.0
7,text,0.35946130752563477,0.0,Reddit-S,42,context_attn_dynamic,False,42,0.35946130752563477,0.0
7,visual,0.37721848487854004,0.0,Reddit-S,42,context_attn_dynamic,False,42,0.37721848487854004,0.0
8,text,0.40028440952301025,0.0,Reddit-S,42,context_attn_dynamic,False,42,0.40028440952301025,0.0
8,visual,0.4212055504322052,0.0,Reddit-S,42,context_attn_dynamic,False,42,0.4212055504322052,0.0
9,text,0.4417628347873688,0.0,Reddit-S,42,context_attn_dynamic,False,42,0.4417628347873688,0.0
9,visual,0.46500545740127563,0.0,Reddit-S,42,context_attn_dynamic,False,42,0.46500545740127563,0.0
10,text,0.4840806722640991,0.0,Reddit-S,42,context_attn_dynamic,False,42,0.4840806722640991,0.0
10,visual,0.5090153217315674,0.0,Reddit-S,42,context_attn_dynamic,False,42,0.5090153217315674,0.0
11,text,0.5270463228225708,0.0,Reddit-S,42,context_attn_dynamic,False,42,0.5270463228225708,0.0
11,visual,0.5531169772148132,0.0,Reddit-S,42,context_attn_dynamic,False,42,0.5531169772148132,0.0
12,text,0.5702918171882629,0.0,Reddit-S,42,context_attn_dynamic,False,42,0.5702918171882629,0.0
12,visual,0.5970909595489502,0.0,Reddit-S,42,context_attn_dynamic,False,42,0.5970909595489502,0.0
13,text,0.6136494874954224,0.0,Reddit-S,42,context_attn_dynamic,False,42,0.6136494874954224,0.0
13,visual,0.6402820348739624,0.0,Reddit-S,42,context_attn_dynamic,False,42,0.6402820348739624,0.0
14,text,0.6568134427070618,0.0,Reddit-S,42,context_attn_dynamic,False,42,0.6568134427070618,0.0
14,visual,0.6825670003890991,0.0,Reddit-S,42,context_attn_dynamic,False,42,0.6825670003890991,0.0
15,text,0.6994946599006653,0.0,Reddit-S,42,context_attn_dynamic,False,42,0.6994946599006653,0.0
15,visual,0.7237803936004639,0.0,Reddit-S,42,context_attn_dynamic,False,42,0.7237803936004639,0.0
16,text,0.7413275837898254,0.0,Reddit-S,42,context_attn_dynamic,False,42,0.7413275837898254,0.0
16,visual,0.763715922832489,0.0,Reddit-S,42,context_attn_dynamic,False,42,0.763715922832489,0.0
17,text,0.7827751636505127,0.0,Reddit-S,42,context_attn_dynamic,False,42,0.7827751636505127,0.0
17,visual,0.8028572797775269,0.0,Reddit-S,42,context_attn_dynamic,False,42,0.8028572797775269,0.0
18,text,0.8239948153495789,0.0,Reddit-S,42,context_attn_dynamic,False,42,0.8239948153495789,0.0
18,visual,0.84095299243927,0.0,Reddit-S,42,context_attn_dynamic,False,42,0.84095299243927,0.0
19,text,0.8643434047698975,0.0,Reddit-S,42,context_attn_dynamic,False,42,0.8643434047698975,0.0
19,visual,0.8779391050338745,0.0,Reddit-S,42,context_attn_dynamic,False,42,0.8779391050338745,0.0
20,text,0.90314120054245,0.0,Reddit-S,42,context_attn_dynamic,False,42,0.90314120054245,0.0
20,visual,0.9140849113464355,0.0,Reddit-S,42,context_attn_dynamic,False,42,0.9140849113464355,0.0
21,text,0.9403704404830933,0.0,Reddit-S,42,context_attn_dynamic,False,42,0.9403704404830933,0.0
21,visual,0.949360728263855,0.0,Reddit-S,42,context_attn_dynamic,False,42,0.949360728263855,0.0
22,text,0.976868748664856,0.0,Reddit-S,42,context_attn_dynamic,False,42,0.976868748664856,0.0
22,visual,0.9837296605110168,0.0,Reddit-S,42,context_attn_dynamic,False,42,0.9837296605110168,0.0
23,text,1.0135539770126343,0.0,Reddit-S,42,context_attn_dynamic,False,42,1.0135539770126343,0.0
23,visual,1.0172851085662842,0.0,Reddit-S,42,context_attn_dynamic,False,42,1.0172851085662842,0.0
24,text,1.048492670059204,0.0,Reddit-S,42,context_attn_dynamic,False,42,1.048492670059204,0.0
24,visual,1.050512433052063,0.0,Reddit-S,42,context_attn_dynamic,False,42,1.050512433052063,0.0
25,text,1.0818675756454468,0.0,Reddit-S,42,context_attn_dynamic,False,42,1.0818675756454468,0.0
25,visual,1.0833117961883545,0.0,Reddit-S,42,context_attn_dynamic,False,42,1.0833117961883545,0.0
26,text,1.1141184568405151,0.0,Reddit-S,42,context_attn_dynamic,False,42,1.1141184568405151,0.0
26,visual,1.1157679557800293,0.0,Reddit-S,42,context_attn_dynamic,False,42,1.1157679557800293,0.0
27,text,1.1458594799041748,0.0,Reddit-S,42,context_attn_dynamic,False,42,1.1458594799041748,0.0
27,visual,1.1481002569198608,0.0,Reddit-S,42,context_attn_dynamic,False,42,1.1481002569198608,0.0
28,text,1.1782516241073608,0.0,Reddit-S,42,context_attn_dynamic,False,42,1.1782516241073608,0.0
28,visual,1.1803525686264038,0.0,Reddit-S,42,context_attn_dynamic,False,42,1.1803525686264038,0.0
29,text,1.2101480960845947,0.0,Reddit-S,42,context_attn_dynamic,False,42,1.2101480960845947,0.0
29,visual,1.2124724388122559,0.0,Reddit-S,42,context_attn_dynamic,False,42,1.2124724388122559,0.0
30,text,1.2407091856002808,0.0,Reddit-S,42,context_attn_dynamic,False,42,1.2407091856002808,0.0
30,visual,1.2444541454315186,0.0,Reddit-S,42,context_attn_dynamic,False,42,1.2444541454315186,0.0
31,text,1.270193099975586,0.0,Reddit-S,42,context_attn_dynamic,False,42,1.270193099975586,0.0
31,visual,1.2761529684066772,0.0,Reddit-S,42,context_attn_dynamic,False,42,1.2761529684066772,0.0
32,text,1.2987807989120483,0.0,Reddit-S,42,context_attn_dynamic,False,42,1.2987807989120483,0.0
32,visual,1.307640790939331,0.0,Reddit-S,42,context_attn_dynamic,False,42,1.307640790939331,0.0
33,text,1.3262475728988647,0.0,Reddit-S,42,context_attn_dynamic,False,42,1.3262475728988647,0.0
33,visual,1.3387690782546997,0.0,Reddit-S,42,context_attn_dynamic,False,42,1.3387690782546997,0.0
34,text,1.353623390197754,0.0,Reddit-S,42,context_attn_dynamic,False,42,1.353623390197754,0.0
34,visual,1.3696125745773315,0.0,Reddit-S,42,context_attn_dynamic,False,42,1.3696125745773315,0.0
35,text,1.3802582025527954,0.0,Reddit-S,42,context_attn_dynamic,False,42,1.3802582025527954,0.0
35,visual,1.399672269821167,0.0,Reddit-S,42,context_attn_dynamic,False,42,1.399672269821167,0.0
36,text,1.405761480331421,0.0,Reddit-S,42,context_attn_dynamic,False,42,1.405761480331421,0.0
36,visual,1.4290697574615479,0.0,Reddit-S,42,context_attn_dynamic,False,42,1.4290697574615479,0.0
37,text,1.4275133609771729,0.0,Reddit-S,42,context_attn_dynamic,False,42,1.4275133609771729,0.0
37,visual,1.457908034324646,0.0,Reddit-S,42,context_attn_dynamic,False,42,1.457908034324646,0.0
38,text,1.4442566633224487,0.0,Reddit-S,42,context_attn_dynamic,False,42,1.4442566633224487,0.0
38,visual,1.4857356548309326,0.0,Reddit-S,42,context_attn_dynamic,False,42,1.4857356548309326,0.0
39,text,1.4608126878738403,0.0,Reddit-S,42,context_attn_dynamic,False,42,1.4608126878738403,0.0
39,visual,1.513303518295288,0.0,Reddit-S,42,context_attn_dynamic,False,42,1.513303518295288,0.0
40,text,1.4764841794967651,0.0,Reddit-S,42,context_attn_dynamic,False,42,1.4764841794967651,0.0
40,visual,1.5404102802276611,0.0,Reddit-S,42,context_attn_dynamic,False,42,1.5404102802276611,0.0
41,text,1.4923545122146606,0.0,Reddit-S,42,context_attn_dynamic,False,42,1.4923545122146606,0.0
41,visual,1.5661656856536865,0.0,Reddit-S,42,context_attn_dynamic,False,42,1.5661656856536865,0.0
42,text,1.5076619386672974,0.0,Reddit-S,42,context_attn_dynamic,True,42,1.5076619386672974,0.0
42,visual,1.5902791023254395,0.0,Reddit-S,42,context_attn_dynamic,True,42,1.5902791023254395,0.0
43,text,1.5225281715393066,0.0,Reddit-S,42,context_attn_dynamic,False,42,1.5225281715393066,0.0
43,visual,1.6138606071472168,0.0,Reddit-S,42,context_attn_dynamic,False,42,1.6138606071472168,0.0
44,text,1.5365662574768066,0.0,Reddit-S,42,context_attn_dynamic,False,42,1.5365662574768066,0.0
44,visual,1.6372803449630737,0.0,Reddit-S,42,context_attn_dynamic,False,42,1.6372803449630737,0.0
45,text,1.550136685371399,0.0,Reddit-S,42,context_attn_dynamic,False,42,1.550136685371399,0.0
45,visual,1.6603028774261475,0.0,Reddit-S,42,context_attn_dynamic,False,42,1.6603028774261475,0.0
46,text,1.563474178314209,0.0,Reddit-S,42,context_attn_dynamic,False,42,1.563474178314209,0.0
46,visual,1.6826248168945312,0.0,Reddit-S,42,context_attn_dynamic,False,42,1.6826248168945312,0.0
47,text,1.5758601427078247,0.0,Reddit-S,42,context_attn_dynamic,False,42,1.5758601427078247,0.0
47,visual,1.7040079832077026,0.0,Reddit-S,42,context_attn_dynamic,False,42,1.7040079832077026,0.0
48,text,1.5877639055252075,0.0,Reddit-S,42,context_attn_dynamic,False,42,1.5877639055252075,0.0
48,visual,1.7242480516433716,0.0,Reddit-S,42,context_attn_dynamic,False,42,1.7242480516433716,0.0
49,text,1.5994945764541626,0.0,Reddit-S,42,context_attn_dynamic,False,42,1.5994945764541626,0.0
49,visual,1.7440000772476196,0.0,Reddit-S,42,context_attn_dynamic,False,42,1.7440000772476196,0.0
50,text,1.6113630533218384,0.0,Reddit-S,42,context_attn_dynamic,False,42,1.6113630533218384,0.0
50,visual,1.7630679607391357,0.0,Reddit-S,42,context_attn_dynamic,False,42,1.7630679607391357,0.0
51,text,1.6229729652404785,0.0,Reddit-S,42,context_attn_dynamic,False,42,1.6229729652404785,0.0
51,visual,1.7817009687423706,0.0,Reddit-S,42,context_attn_dynamic,False,42,1.7817009687423706,0.0
52,text,1.6338671445846558,0.0,Reddit-S,42,context_attn_dynamic,False,42,1.6338671445846558,0.0
52,visual,1.7993416786193848,0.0,Reddit-S,42,context_attn_dynamic,False,42,1.7993416786193848,0.0
53,text,1.6445457935333252,0.0,Reddit-S,42,context_attn_dynamic,False,42,1.6445457935333252,0.0
53,visual,1.8162013292312622,0.0,Reddit-S,42,context_attn_dynamic,False,42,1.8162013292312622,0.0
54,text,1.6550627946853638,0.0,Reddit-S,42,context_attn_dynamic,False,42,1.6550627946853638,0.0
54,visual,1.8324512243270874,0.0,Reddit-S,42,context_attn_dynamic,False,42,1.8324512243270874,0.0
55,text,1.6655348539352417,0.0,Reddit-S,42,context_attn_dynamic,False,42,1.6655348539352417,0.0
55,visual,1.8481168746948242,0.0,Reddit-S,42,context_attn_dynamic,False,42,1.8481168746948242,0.0
56,text,1.6757405996322632,0.0,Reddit-S,42,context_attn_dynamic,False,42,1.6757405996322632,0.0
56,visual,1.8635989427566528,0.0,Reddit-S,42,context_attn_dynamic,False,42,1.8635989427566528,0.0
57,text,1.685721516609192,0.0,Reddit-S,42,context_attn_dynamic,False,42,1.685721516609192,0.0
57,visual,1.8787840604782104,0.0,Reddit-S,42,context_attn_dynamic,False,42,1.8787840604782104,0.0
58,text,1.6959753036499023,0.0,Reddit-S,42,context_attn_dynamic,False,42,1.6959753036499023,0.0
58,visual,1.8938682079315186,0.0,Reddit-S,42,context_attn_dynamic,False,42,1.8938682079315186,0.0
59,text,1.7055031061172485,0.0,Reddit-S,42,context_attn_dynamic,False,42,1.7055031061172485,0.0
59,visual,1.9080005884170532,0.0,Reddit-S,42,context_attn_dynamic,False,42,1.9080005884170532,0.0
60,text,1.714540719985962,0.0,Reddit-S,42,context_attn_dynamic,False,42,1.714540719985962,0.0
60,visual,1.9215556383132935,0.0,Reddit-S,42,context_attn_dynamic,False,42,1.9215556383132935,0.0
61,text,1.7228620052337646,0.0,Reddit-S,42,context_attn_dynamic,False,42,1.7228620052337646,0.0
61,visual,1.9349807500839233,0.0,Reddit-S,42,context_attn_dynamic,False,42,1.9349807500839233,0.0
62,text,1.7299273014068604,0.0,Reddit-S,42,context_attn_dynamic,False,42,1.7299273014068604,0.0
62,visual,1.9479968547821045,0.0,Reddit-S,42,context_attn_dynamic,False,42,1.9479968547821045,0.0
63,text,1.7361118793487549,0.0,Reddit-S,42,context_attn_dynamic,False,42,1.7361118793487549,0.0
63,visual,1.9606853723526,0.0,Reddit-S,42,context_attn_dynamic,False,42,1.9606853723526,0.0
64,text,1.7422162294387817,0.0,Reddit-S,42,context_attn_dynamic,False,42,1.7422162294387817,0.0
64,visual,1.9733155965805054,0.0,Reddit-S,42,context_attn_dynamic,False,42,1.9733155965805054,0.0
65,text,1.7483168840408325,0.0,Reddit-S,42,context_attn_dynamic,False,42,1.7483168840408325,0.0
65,visual,1.9860241413116455,0.0,Reddit-S,42,context_attn_dynamic,False,42,1.9860241413116455,0.0
66,text,1.7546180486679077,0.0,Reddit-S,42,context_attn_dynamic,False,42,1.7546180486679077,0.0
66,visual,1.9983009099960327,0.0,Reddit-S,42,context_attn_dynamic,False,42,1.9983009099960327,0.0
67,text,1.7613332271575928,0.0,Reddit-S,42,context_attn_dynamic,False,42,1.7613332271575928,0.0
67,visual,2.010065793991089,0.0,Reddit-S,42,context_attn_dynamic,False,42,2.010065793991089,0.0
68,text,1.768080711364746,0.0,Reddit-S,42,context_attn_dynamic,False,42,1.768080711364746,0.0
68,visual,2.0208234786987305,0.0,Reddit-S,42,context_attn_dynamic,False,42,2.0208234786987305,0.0
69,text,1.7740039825439453,0.0,Reddit-S,42,context_attn_dynamic,False,42,1.7740039825439453,0.0
69,visual,2.0306293964385986,0.0,Reddit-S,42,context_attn_dynamic,False,42,2.0306293964385986,0.0
70,text,1.7792577743530273,0.0,Reddit-S,42,context_attn_dynamic,False,42,1.7792577743530273,0.0
70,visual,2.0400562286376953,0.0,Reddit-S,42,context_attn_dynamic,False,42,2.0400562286376953,0.0
71,text,1.7840059995651245,0.0,Reddit-S,42,context_attn_dynamic,False,42,1.7840059995651245,0.0
71,visual,2.04921555519104,0.0,Reddit-S,42,context_attn_dynamic,False,42,2.04921555519104,0.0
72,text,1.7892885208129883,0.0,Reddit-S,42,context_attn_dynamic,False,42,1.7892885208129883,0.0
72,visual,2.057999849319458,0.0,Reddit-S,42,context_attn_dynamic,False,42,2.057999849319458,0.0
1,text,0.08989150822162628,0.0,Reddit-S,42,context_bilinear_absolute,False,67,0.08989150822162628,0.0
1,visual,0.09013501554727554,0.0,Reddit-S,42,context_bilinear_absolute,False,67,0.09013501554727554,0.0
2,text,0.14305680990219116,0.027952412143349648,Reddit-S,42,context_bilinear_absolute,False,67,0.14305680990219116,0.027952412143349648
2,visual,0.14384715259075165,0.02882283553481102,Reddit-S,42,context_bilinear_absolute,False,67,0.14384715259075165,0.02882283553481102
3,text,0.1869528442621231,0.048244234174489975,Reddit-S,42,context_bilinear_absolute,False,67,0.1869528442621231,0.048244234174489975
3,visual,0.19082984328269958,0.05143659561872482,Reddit-S,42,context_bilinear_absolute,False,67,0.19082984328269958,0.05143659561872482
4,text,0.23138533532619476,0.06742150336503983,Reddit-S,42,context_bilinear_absolute,False,67,0.23138533532619476,0.06742150336503983
4,visual,0.2371825873851776,0.0739591121673584,Reddit-S,42,context_bilinear_absolute,False,67,0.2371825873851776,0.0739591121673584
5,text,0.2741921842098236,0.08596524596214294,Reddit-S,42,context_bilinear_absolute,False,67,0.2741921842098236,0.08596524596214294
5,visual,0.28262025117874146,0.09703028202056885,Reddit-S,42,context_bilinear_absolute,False,67,0.28262025117874146,0.09703028202056885
6,text,0.31251752376556396,0.10322754085063934,Reddit-S,42,context_bilinear_absolute,False,67,0.31251752376556396,0.10322754085063934
6,visual,0.3247494697570801,0.11951355636119843,Reddit-S,42,context_bilinear_absolute,False,67,0.3247494697570801,0.11951355636119843
7,text,0.349282830953598,0.12185721844434738,Reddit-S,42,context_bilinear_absolute,False,67,0.349282830953598,0.12185721844434738
7,visual,0.3652859628200531,0.14192639291286469,Reddit-S,42,context_bilinear_absolute,False,67,0.3652859628200531,0.14192639291286469
8,text,0.3860130310058594,0.1424204707145691,Reddit-S,42,context_bilinear_absolute,False,67,0.3860130310058594,0.1424204707145691
8,visual,0.4052262604236603,0.16497792303562164,Reddit-S,42,context_bilinear_absolute,False,67,0.4052262604236603,0.16497792303562164
9,text,0.42302271723747253,0.16418763995170593,Reddit-S,42,context_bilinear_absolute,False,67,0.42302271723747253,0.16418763995170593
9,visual,0.44527292251586914,0.18900416791439056,Reddit-S,42,context_bilinear_absolute,False,67,0.44527292251586914,0.18900416791439056
10,text,0.46109339594841003,0.18692846596240997,Reddit-S,42,context_bilinear_absolute,False,67,0.46109339594841003,0.18692846596240997
10,visual,0.4855096936225891,0.21391336619853973,Reddit-S,42,context_bilinear_absolute,False,67,0.4855096936225891,0.21391336619853973
11,text,0.5001329183578491,0.21118862926959991,Reddit-S,42,context_bilinear_absolute,False,67,0.5001329183578491,0.21118862926959991
11,visual,0.5260757207870483,0.23966829478740692,Reddit-S,42,context_bilinear_absolute,False,67,0.5260757207870483,0.23966829478740692
12,text,0.5401086211204529,0.23722156882286072,Reddit-S,42,context_bilinear_absolute,False,67,0.5401086211204529,0.23722156882286072
12,visual,0.5667346119880676,0.2656036913394928,Reddit-S,42,context_bilinear_absolute,False,67,0.5667346119880676,0.2656036913394928
13,text,0.5809348821640015,0.26439735293388367,Reddit-S,42,context_bilinear_absolute,False,67,0.5809348821640015,0.26439735293388367
13,visual,0.607256293296814,0.2914891839027405,Reddit-S,42,context_bilinear_absolute,False,67,0.607256293296814,0.2914891839027405
14,text,0.6219466924667358,0.29130274057388306,Reddit-S,42,context_bilinear_absolute,False,67,0.6219466924667358,0.29130274057388306
14,visual,0.6469917297363281,0.3170853555202484,Reddit-S,42,context_bilinear_absolute,False,67,0.6469917297363281,0.3170853555202484
15,text,0.6623948812484741,0.3163032829761505,Reddit-S,42,context_bilinear_absolute,False,67,0.6623948812484741,0.3163032829761505
15,visual,0.6854639649391174,0.34163886308670044,Reddit-S,42,context_bilinear_absolute,False,67,0.6854639649391174,0.34163886308670044
16,text,0.7020604014396667,0.33984631299972534,Reddit-S,42,context_bilinear_absolute,False,67,0.7020604014396667,0.33984631299972534
16,visual,0.7226718664169312,0.3657226860523224,Reddit-S,42,context_bilinear_absolute,False,67,0.7226718664169312,0.3657226860523224
17,text,0.7409250736236572,0.3627762198448181,Reddit-S,42,context_bilinear_absolute,False,67,0.7409250736236572,0.3627762198448181
17,visual,0.7586519718170166,0.3892025351524353,Reddit-S,42,context_bilinear_absolute,False,67,0.7586519718170166,0.3892025351524353
18,text,0.778965413570404,0.38439521193504333,Reddit-S,42,context_bilinear_absolute,False,67,0.778965413570404,0.38439521193504333
18,visual,0.7933611869812012,0.41221797466278076,Reddit-S,42,context_bilinear_absolute,False,67,0.7933611869812012,0.41221797466278076
19,text,0.8162060976028442,0.4036251902580261,Reddit-S,42,context_bilinear_absolute,False,67,0.8162060976028442,0.4036251902580261
19,visual,0.8270361423492432,0.4349254369735718,Reddit-S,42,context_bilinear_absolute,False,67,0.8270361423492432,0.4349254369735718
20,text,0.8526808619499207,0.4206565022468567,Reddit-S,42,context_bilinear_absolute,False,67,0.8526808619499207,0.4206565022468567
20,visual,0.8597261309623718,0.4568188786506653,Reddit-S,42,context_bilinear_absolute,False,67,0.8597261309623718,0.4568188786506653
21,text,0.8867104053497314,0.43459653854370117,Reddit-S,42,context_bilinear_absolute,False,67,0.8867104053497314,0.43459653854370117
21,visual,0.8914495706558228,0.47840645909309387,Reddit-S,42,context_bilinear_absolute,False,67,0.8914495706558228,0.47840645909309387
22,text,0.9188065528869629,0.4438762068748474,Reddit-S,42,context_bilinear_absolute,False,67,0.9188065528869629,0.4438762068748474
22,visual,0.9217945337295532,0.49919700622558594,Reddit-S,42,context_bilinear_absolute,False,67,0.9217945337295532,0.49919700622558594
23,text,0.9503770470619202,0.4539484679698944,Reddit-S,42,context_bilinear_absolute,False,67,0.9503770470619202,0.4539484679698944
23,visual,0.9509488940238953,0.5198479890823364,Reddit-S,42,context_bilinear_absolute,False,67,0.9509488940238953,0.5198479890823364
24,text,0.9800668954849243,0.46319109201431274,Reddit-S,42,context_bilinear_absolute,False,67,0.9800668954849243,0.46319109201431274
24,visual,0.9795147180557251,0.5407480597496033,Reddit-S,42,context_bilinear_absolute,False,67,0.9795147180557251,0.5407480597496033
25,text,1.009972333908081,0.47419512271881104,Reddit-S,42,context_bilinear_absolute,False,67,1.009972333908081,0.47419512271881104
25,visual,1.007725477218628,0.5622060894966125,Reddit-S,42,context_bilinear_absolute,False,67,1.007725477218628,0.5622060894966125
26,text,1.0401298999786377,0.4866500496864319,Reddit-S,42,context_bilinear_absolute,False,67,1.0401298999786377,0.4866500496864319
26,visual,1.0355594158172607,0.5832905769348145,Reddit-S,42,context_bilinear_absolute,False,67,1.0355594158172607,0.5832905769348145
27,text,1.0706818103790283,0.5004221200942993,Reddit-S,42,context_bilinear_absolute,False,67,1.0706818103790283,0.5004221200942993
27,visual,1.063196063041687,0.604417622089386,Reddit-S,42,context_bilinear_absolute,False,67,1.063196063041687,0.604417622089386
28,text,1.1010075807571411,0.5147151350975037,Reddit-S,42,context_bilinear_absolute,False,67,1.1010075807571411,0.5147151350975037
28,visual,1.090618371963501,0.6253884434700012,Reddit-S,42,context_bilinear_absolute,False,67,1.090618371963501,0.6253884434700012
29,text,1.1311841011047363,0.5288485288619995,Reddit-S,42,context_bilinear_absolute,False,67,1.1311841011047363,0.5288485288619995
29,visual,1.1176321506500244,0.6465311050415039,Reddit-S,42,context_bilinear_absolute,False,67,1.1176321506500244,0.6465311050415039
30,text,1.1614772081375122,0.5441089868545532,Reddit-S,42,context_bilinear_absolute,False,67,1.1614772081375122,0.5441089868545532
30,visual,1.1446034908294678,0.6681492328643799,Reddit-S,42,context_bilinear_absolute,False,67,1.1446034908294678,0.6681492328643799
31,text,1.1902968883514404,0.559645414352417,Reddit-S,42,context_bilinear_absolute,False,67,1.1902968883514404,0.559645414352417
31,visual,1.1713789701461792,0.6901363730430603,Reddit-S,42,context_bilinear_absolute,False,67,1.1713789701461792,0.6901363730430603
32,text,1.2179125547409058,0.5753873586654663,Reddit-S,42,context_bilinear_absolute,False,67,1.2179125547409058,0.5753873586654663
32,visual,1.1981546878814697,0.7123056054115295,Reddit-S,42,context_bilinear_absolute,False,67,1.1981546878814697,0.7123056054115295
33,text,1.2445404529571533,0.5905997157096863,Reddit-S,42,context_bilinear_absolute,False,67,1.2445404529571533,0.5905997157096863
33,visual,1.2244431972503662,0.733892023563385,Reddit-S,42,context_bilinear_absolute,False,67,1.2244431972503662,0.733892023563385
34,text,1.2699631452560425,0.6043592691421509,Reddit-S,42,context_bilinear_absolute,False,67,1.2699631452560425,0.6043592691421509
34,visual,1.250665307044983,0.7556124925613403,Reddit-S,42,context_bilinear_absolute,False,67,1.250665307044983,0.7556124925613403
35,text,1.2950255870819092,0.6180996298789978,Reddit-S,42,context_bilinear_absolute,False,67,1.2950255870819092,0.6180996298789978
35,visual,1.2766995429992676,0.7775614857673645,Reddit-S,42,context_bilinear_absolute,False,67,1.2766995429992676,0.7775614857673645
36,text,1.3190141916275024,0.6297346353530884,Reddit-S,42,context_bilinear_absolute,False,67,1.3190141916275024,0.6297346353530884
36,visual,1.3027294874191284,0.7993372678756714,Reddit-S,42,context_bilinear_absolute,False,67,1.3027294874191284,0.7993372678756714
37,text,1.3414578437805176,0.6404895186424255,Reddit-S,42,context_bilinear_absolute,False,67,1.3414578437805176,0.6404895186424255
37,visual,1.3285101652145386,0.8208463788032532,Reddit-S,42,context_bilinear_absolute,False,67,1.3285101652145386,0.8208463788032532
38,text,1.3630142211914062,0.6520155668258667,Reddit-S,42,context_bilinear_absolute,False,67,1.3630142211914062,0.6520155668258667
38,visual,1.3538342714309692,0.8420560359954834,Reddit-S,42,context_bilinear_absolute,False,67,1.3538342714309692,0.8420560359954834
39,text,1.3832498788833618,0.6628216505050659,Reddit-S,42,context_bilinear_absolute,False,67,1.3832498788833618,0.6628216505050659
39,visual,1.3788566589355469,0.8633339405059814,Reddit-S,42,context_bilinear_absolute,False,67,1.3788566589355469,0.8633339405059814
40,text,1.4023284912109375,0.6734063029289246,Reddit-S,42,context_bilinear_absolute,False,67,1.4023284912109375,0.6734063029289246
40,visual,1.4036288261413574,0.8846914768218994,Reddit-S,42,context_bilinear_absolute,False,67,1.4036288261413574,0.8846914768218994
41,text,1.421168565750122,0.6845602989196777,Reddit-S,42,context_bilinear_absolute,False,67,1.421168565750122,0.6845602989196777
41,visual,1.4280595779418945,0.9055766463279724,Reddit-S,42,context_bilinear_absolute,False,67,1.4280595779418945,0.9055766463279724
42,text,1.4397790431976318,0.6965789794921875,Reddit-S,42,context_bilinear_absolute,False,67,1.4397790431976318,0.6965789794921875
42,visual,1.452594518661499,0.9274060130119324,Reddit-S,42,context_bilinear_absolute,False,67,1.452594518661499,0.9274060130119324
43,text,1.456947684288025,0.7064614295959473,Reddit-S,42,context_bilinear_absolute,False,67,1.456947684288025,0.7064614295959473
43,visual,1.4771207571029663,0.9496224522590637,Reddit-S,42,context_bilinear_absolute,False,67,1.4771207571029663,0.9496224522590637
44,text,1.4739775657653809,0.716759443283081,Reddit-S,42,context_bilinear_absolute,False,67,1.4739775657653809,0.716759443283081
44,visual,1.5017774105072021,0.972136378288269,Reddit-S,42,context_bilinear_absolute,False,67,1.5017774105072021,0.972136378288269
45,text,1.4896169900894165,0.7293320298194885,Reddit-S,42,context_bilinear_absolute,False,67,1.4896169900894165,0.7293320298194885
45,visual,1.5264649391174316,0.9950224161148071,Reddit-S,42,context_bilinear_absolute,False,67,1.5264649391174316,0.9950224161148071
46,text,1.5028290748596191,0.7376027703285217,Reddit-S,42,context_bilinear_absolute,False,67,1.5028290748596191,0.7376027703285217
46,visual,1.5506534576416016,1.0174436569213867,Reddit-S,42,context_bilinear_absolute,False,67,1.5506534576416016,1.0174436569213867
47,text,1.5151951313018799,0.7438717484474182,Reddit-S,42,context_bilinear_absolute,False,67,1.5151951313018799,0.7438717484474182
47,visual,1.574427843093872,1.0393340587615967,Reddit-S,42,context_bilinear_absolute,False,67,1.574427843093872,1.0393340587615967
48,text,1.5282948017120361,0.7513301372528076,Reddit-S,42,context_bilinear_absolute,False,67,1.5282948017120361,0.7513301372528076
48,visual,1.5979288816452026,1.061766505241394,Reddit-S,42,context_bilinear_absolute,False,67,1.5979288816452026,1.061766505241394
49,text,1.5407367944717407,0.7589420080184937,Reddit-S,42,context_bilinear_absolute,False,67,1.5407367944717407,0.7589420080184937
49,visual,1.620954155921936,1.0841004848480225,Reddit-S,42,context_bilinear_absolute,False,67,1.620954155921936,1.0841004848480225
50,text,1.5522624254226685,0.7660953402519226,Reddit-S,42,context_bilinear_absolute,False,67,1.5522624254226685,0.7660953402519226
50,visual,1.6430120468139648,1.1065895557403564,Reddit-S,42,context_bilinear_absolute,False,67,1.6430120468139648,1.1065895557403564
51,text,1.5626403093338013,0.7732478380203247,Reddit-S,42,context_bilinear_absolute,False,67,1.5626403093338013,0.7732478380203247
51,visual,1.6640502214431763,1.1267328262329102,Reddit-S,42,context_bilinear_absolute,False,67,1.6640502214431763,1.1267328262329102
52,text,1.5732660293579102,0.7812029719352722,Reddit-S,42,context_bilinear_absolute,False,67,1.5732660293579102,0.7812029719352722
52,visual,1.6846654415130615,1.1478790044784546,Reddit-S,42,context_bilinear_absolute,False,67,1.6846654415130615,1.1478790044784546
53,text,1.5835323333740234,0.7900804281234741,Reddit-S,42,context_bilinear_absolute,False,67,1.5835323333740234,0.7900804281234741
53,visual,1.7046897411346436,1.1694964170455933,Reddit-S,42,context_bilinear_absolute,False,67,1.7046897411346436,1.1694964170455933
54,text,1.593029499053955,0.8001453280448914,Reddit-S,42,context_bilinear_absolute,False,67,1.593029499053955,0.8001453280448914
54,visual,1.7242745161056519,1.1907232999801636,Reddit-S,42,context_bilinear_absolute,False,67,1.7242745161056519,1.1907232999801636
55,text,1.6023712158203125,0.8100590109825134,Reddit-S,42,context_bilinear_absolute,False,67,1.6023712158203125,0.8100590109825134
55,visual,1.7435483932495117,1.2119457721710205,Reddit-S,42,context_bilinear_absolute,False,67,1.7435483932495117,1.2119457721710205
56,text,1.6115307807922363,0.8197076916694641,Reddit-S,42,context_bilinear_absolute,False,67,1.6115307807922363,0.8197076916694641
56,visual,1.7623823881149292,1.232131838798523,Reddit-S,42,context_bilinear_absolute,False,67,1.7623823881149292,1.232131838798523
57,text,1.6208784580230713,0.8289008736610413,Reddit-S,42,context_bilinear_absolute,False,67,1.6208784580230713,0.8289008736610413
57,visual,1.7804993391036987,1.2511398792266846,Reddit-S,42,context_bilinear_absolute,False,67,1.7804993391036987,1.2511398792266846
58,text,1.630549430847168,0.8385933041572571,Reddit-S,42,context_bilinear_absolute,False,67,1.630549430847168,0.8385933041572571
58,visual,1.7981115579605103,1.269472360610962,Reddit-S,42,context_bilinear_absolute,False,67,1.7981115579605103,1.269472360610962
59,text,1.6392990350723267,0.8478062152862549,Reddit-S,42,context_bilinear_absolute,False,67,1.6392990350723267,0.8478062152862549
59,visual,1.8151443004608154,1.2877873182296753,Reddit-S,42,context_bilinear_absolute,False,67,1.8151443004608154,1.2877873182296753
60,text,1.647260308265686,0.8565118908882141,Reddit-S,42,context_bilinear_absolute,False,67,1.647260308265686,0.8565118908882141
60,visual,1.83203125,1.3064311742782593,Reddit-S,42,context_bilinear_absolute,False,67,1.83203125,1.3064311742782593
61,text,1.6551403999328613,0.8650656938552856,Reddit-S,42,context_bilinear_absolute,False,67,1.6551403999328613,0.8650656938552856
61,visual,1.8481557369232178,1.324550747871399,Reddit-S,42,context_bilinear_absolute,False,67,1.8481557369232178,1.324550747871399
62,text,1.6626536846160889,0.8736855387687683,Reddit-S,42,context_bilinear_absolute,False,67,1.6626536846160889,0.8736855387687683
62,visual,1.8638087511062622,1.3414299488067627,Reddit-S,42,context_bilinear_absolute,False,67,1.8638087511062622,1.3414299488067627
63,text,1.6695821285247803,0.8833341598510742,Reddit-S,42,context_bilinear_absolute,False,67,1.6695821285247803,0.8833341598510742
63,visual,1.8787645101547241,1.3577041625976562,Reddit-S,42,context_bilinear_absolute,False,67,1.8787645101547241,1.3577041625976562
64,text,1.6760629415512085,0.8933234810829163,Reddit-S,42,context_bilinear_absolute,False,67,1.6760629415512085,0.8933234810829163
64,visual,1.8936365842819214,1.373050570487976,Reddit-S,42,context_bilinear_absolute,False,67,1.8936365842819214,1.373050570487976
65,text,1.6821268796920776,0.9035457372665405,Reddit-S,42,context_bilinear_absolute,False,67,1.6821268796920776,0.9035457372665405
65,visual,1.9082053899765015,1.388716220855713,Reddit-S,42,context_bilinear_absolute,False,67,1.9082053899765015,1.388716220855713
66,text,1.6881301403045654,0.913950502872467,Reddit-S,42,context_bilinear_absolute,False,67,1.6881301403045654,0.913950502872467
66,visual,1.9224567413330078,1.4030163288116455,Reddit-S,42,context_bilinear_absolute,False,67,1.9224567413330078,1.4030163288116455
67,text,1.6941543817520142,0.9236743450164795,Reddit-S,42,context_bilinear_absolute,True,67,1.6941543817520142,0.9236743450164795
67,visual,1.9360158443450928,1.4167183637619019,Reddit-S,42,context_bilinear_absolute,True,67,1.9360158443450928,1.4167183637619019
68,text,1.7005921602249146,0.9328163266181946,Reddit-S,42,context_bilinear_absolute,False,67,1.7005921602249146,0.9328163266181946
68,visual,1.949060082435608,1.4315385818481445,Reddit-S,42,context_bilinear_absolute,False,67,1.949060082435608,1.4315385818481445
69,text,1.7076033353805542,0.9415202736854553,Reddit-S,42,context_bilinear_absolute,False,67,1.7076033353805542,0.9415202736854553
69,visual,1.9618009328842163,1.4468722343444824,Reddit-S,42,context_bilinear_absolute,False,67,1.9618009328842163,1.4468722343444824
70,text,1.7146170139312744,0.9493704438209534,Reddit-S,42,context_bilinear_absolute,False,67,1.7146170139312744,0.9493704438209534
70,visual,1.9741556644439697,1.4621658325195312,Reddit-S,42,context_bilinear_absolute,False,67,1.9741556644439697,1.4621658325195312
71,text,1.7213497161865234,0.9572208523750305,Reddit-S,42,context_bilinear_absolute,False,67,1.7213497161865234,0.9572208523750305
71,visual,1.9859751462936401,1.477373480796814,Reddit-S,42,context_bilinear_absolute,False,67,1.9859751462936401,1.477373480796814
72,text,1.7276360988616943,0.9653613567352295,Reddit-S,42,context_bilinear_absolute,False,67,1.7276360988616943,0.9653613567352295
72,visual,1.9975996017456055,1.49277663230896,Reddit-S,42,context_bilinear_absolute,False,67,1.9975996017456055,1.49277663230896
73,text,1.732774257659912,0.9740554690361023,Reddit-S,42,context_bilinear_absolute,False,67,1.732774257659912,0.9740554690361023
73,visual,2.008859872817993,1.5074236392974854,Reddit-S,42,context_bilinear_absolute,False,67,2.008859872817993,1.5074236392974854
74,text,1.7372244596481323,0.9822120666503906,Reddit-S,42,context_bilinear_absolute,False,67,1.7372244596481323,0.9822120666503906
74,visual,2.0196645259857178,1.5213992595672607,Reddit-S,42,context_bilinear_absolute,False,67,2.0196645259857178,1.5213992595672607
75,text,1.7411078214645386,0.9899682402610779,Reddit-S,42,context_bilinear_absolute,False,67,1.7411078214645386,0.9899682402610779
75,visual,2.0300180912017822,1.5348396301269531,Reddit-S,42,context_bilinear_absolute,False,67,2.0300180912017822,1.5348396301269531
76,text,1.744990587234497,0.9963171482086182,Reddit-S,42,context_bilinear_absolute,False,67,1.744990587234497,0.9963171482086182
76,visual,2.0398147106170654,1.5477889776229858,Reddit-S,42,context_bilinear_absolute,False,67,2.0398147106170654,1.5477889776229858
77,text,1.7490288019180298,1.002124547958374,Reddit-S,42,context_bilinear_absolute,False,67,1.7490288019180298,1.002124547958374
77,visual,2.049356698989868,1.560275912284851,Reddit-S,42,context_bilinear_absolute,False,67,2.049356698989868,1.560275912284851
78,text,1.7531336545944214,1.0077390670776367,Reddit-S,42,context_bilinear_absolute,False,67,1.7531336545944214,1.0077390670776367
78,visual,2.0575881004333496,1.5708645582199097,Reddit-S,42,context_bilinear_absolute,False,67,2.0575881004333496,1.5708645582199097
79,text,1.7572840452194214,1.0134752988815308,Reddit-S,42,context_bilinear_absolute,False,67,1.7572840452194214,1.0134752988815308
79,visual,2.065511465072632,1.581563115119934,Reddit-S,42,context_bilinear_absolute,False,67,2.065511465072632,1.581563115119934
80,text,1.7612040042877197,1.019188404083252,Reddit-S,42,context_bilinear_absolute,False,67,1.7612040042877197,1.019188404083252
80,visual,2.073716163635254,1.593417763710022,Reddit-S,42,context_bilinear_absolute,False,67,2.073716163635254,1.593417763710022
81,text,1.7648388147354126,1.0251708030700684,Reddit-S,42,context_bilinear_absolute,False,67,1.7648388147354126,1.0251708030700684
81,visual,2.0818943977355957,1.6062127351760864,Reddit-S,42,context_bilinear_absolute,False,67,2.0818943977355957,1.6062127351760864
82,text,1.7682557106018066,1.0313752889633179,Reddit-S,42,context_bilinear_absolute,False,67,1.7682557106018066,1.0313752889633179
82,visual,2.0900630950927734,1.6184511184692383,Reddit-S,42,context_bilinear_absolute,False,67,2.0900630950927734,1.6184511184692383
83,text,1.7714025974273682,1.0375698804855347,Reddit-S,42,context_bilinear_absolute,False,67,1.7714025974273682,1.0375698804855347
83,visual,2.0980234146118164,1.629533290863037,Reddit-S,42,context_bilinear_absolute,False,67,2.0980234146118164,1.629533290863037
84,text,1.774273157119751,1.0441274642944336,Reddit-S,42,context_bilinear_absolute,False,67,1.774273157119751,1.0441274642944336
84,visual,2.105534315109253,1.6403745412826538,Reddit-S,42,context_bilinear_absolute,False,67,2.105534315109253,1.6403745412826538
85,text,1.7773547172546387,1.0510023832321167,Reddit-S,42,context_bilinear_absolute,False,67,1.7773547172546387,1.0510023832321167
85,visual,2.1128194332122803,1.6510779857635498,Reddit-S,42,context_bilinear_absolute,False,67,2.1128194332122803,1.6510779857635498
86,text,1.7804393768310547,1.0577079057693481,Reddit-S,42,context_bilinear_absolute,False,67,1.7804393768310547,1.0577079057693481
86,visual,2.119664430618286,1.6610593795776367,Reddit-S,42,context_bilinear_absolute,False,67,2.119664430618286,1.6610593795776367
87,text,1.7836298942565918,1.0639142990112305,Reddit-S,42,context_bilinear_absolute,False,67,1.7836298942565918,1.0639142990112305
87,visual,2.126525640487671,1.671176791191101,Reddit-S,42,context_bilinear_absolute,False,67,2.126525640487671,1.671176791191101
88,text,1.7865582704544067,1.069886565208435,Reddit-S,42,context_bilinear_absolute,False,67,1.7865582704544067,1.069886565208435
88,visual,2.133296251296997,1.6812127828598022,Reddit-S,42,context_bilinear_absolute,False,67,2.133296251296997,1.6812127828598022
89,text,1.7895643711090088,1.075602650642395,Reddit-S,42,context_bilinear_absolute,False,67,1.7895643711090088,1.075602650642395
89,visual,2.1398847103118896,1.6909185647964478,Reddit-S,42,context_bilinear_absolute,False,67,2.1398847103118896,1.6909185647964478
90,text,1.7931609153747559,1.0814226865768433,Reddit-S,42,context_bilinear_absolute,False,67,1.7931609153747559,1.0814226865768433
90,visual,2.146514654159546,1.7003339529037476,Reddit-S,42,context_bilinear_absolute,False,67,2.146514654159546,1.7003339529037476
91,text,1.7973936796188354,1.0872174501419067,Reddit-S,42,context_bilinear_absolute,False,67,1.7973936796188354,1.0872174501419067
91,visual,2.1531147956848145,1.709875226020813,Reddit-S,42,context_bilinear_absolute,False,67,2.1531147956848145,1.709875226020813
92,text,1.8015022277832031,1.0929255485534668,Reddit-S,42,context_bilinear_absolute,False,67,1.8015022277832031,1.0929255485534668
92,visual,2.159438133239746,1.718157410621643,Reddit-S,42,context_bilinear_absolute,False,67,2.159438133239746,1.718157410621643
93,text,1.805508017539978,1.098583459854126,Reddit-S,42,context_bilinear_absolute,False,67,1.805508017539978,1.098583459854126
93,visual,2.1658482551574707,1.7267059087753296,Reddit-S,42,context_bilinear_absolute,False,67,2.1658482551574707,1.7267059087753296
94,text,1.808982253074646,1.1041603088378906,Reddit-S,42,context_bilinear_absolute,False,67,1.808982253074646,1.1041603088378906
94,visual,2.1719658374786377,1.7349156141281128,Reddit-S,42,context_bilinear_absolute,False,67,2.1719658374786377,1.7349156141281128
95,text,1.8120410442352295,1.1095192432403564,Reddit-S,42,context_bilinear_absolute,False,67,1.8120410442352295,1.1095192432403564
95,visual,2.1778347492218018,1.743406057357788,Reddit-S,42,context_bilinear_absolute,False,67,2.1778347492218018,1.743406057357788
96,text,1.8146929740905762,1.1146379709243774,Reddit-S,42,context_bilinear_absolute,False,67,1.8146929740905762,1.1146379709243774
96,visual,2.1835412979125977,1.7515373229980469,Reddit-S,42,context_bilinear_absolute,False,67,2.1835412979125977,1.7515373229980469
97,text,1.8170474767684937,1.1196341514587402,Reddit-S,42,context_bilinear_absolute,False,67,1.8170474767684937,1.1196341514587402
97,visual,2.1891233921051025,1.7587147951126099,Reddit-S,42,context_bilinear_absolute,False,67,2.1891233921051025,1.7587147951126099
1,text,0.08989150822162628,0.0,Reddit-S,42,context_bilinear_delta,False,67,0.08989150822162628,0.0
1,visual,0.09013501554727554,0.0,Reddit-S,42,context_bilinear_delta,False,67,0.09013501554727554,0.0
2,text,0.14305680990219116,0.022362785413861275,Reddit-S,42,context_bilinear_delta,False,67,0.14305680990219116,0.022362785413861275
2,visual,0.14384715259075165,0.023605965077877045,Reddit-S,42,context_bilinear_delta,False,67,0.14384715259075165,0.023605965077877045
3,text,0.1869582086801529,0.04055509716272354,Reddit-S,42,context_bilinear_delta,False,67,0.1869582086801529,0.04055509716272354
3,visual,0.19082799553871155,0.043760210275650024,Reddit-S,42,context_bilinear_delta,False,67,0.19082799553871155,0.043760210275650024
4,text,0.23139505088329315,0.058376625180244446,Reddit-S,42,context_bilinear_delta,False,67,0.23139505088329315,0.058376625180244446
4,visual,0.23717769980430603,0.06433616578578949,Reddit-S,42,context_bilinear_delta,False,67,0.23717769980430603,0.06433616578578949
5,text,0.27420932054519653,0.0748339518904686,Reddit-S,42,context_bilinear_delta,False,67,0.27420932054519653,0.0748339518904686
5,visual,0.28261297941207886,0.08558853715658188,Reddit-S,42,context_bilinear_delta,False,67,0.28261297941207886,0.08558853715658188
6,text,0.31254178285598755,0.09038394689559937,Reddit-S,42,context_bilinear_delta,False,67,0.31254178285598755,0.09038394689559937
6,visual,0.3247382938861847,0.10722751915454865,Reddit-S,42,context_bilinear_delta,False,67,0.3247382938861847,0.10722751915454865
7,text,0.3493151068687439,0.10693231225013733,Reddit-S,42,context_bilinear_delta,False,67,0.3493151068687439,0.10693231225013733
7,visual,0.3652693033218384,0.12868842482566833,Reddit-S,42,context_bilinear_delta,False,67,0.3652693033218384,0.12868842482566833
8,text,0.3860566318035126,0.12545722723007202,Reddit-S,42,context_bilinear_delta,False,67,0.3860566318035126,0.12545722723007202
8,visual,0.405198872089386,0.1507396101951599,Reddit-S,42,context_bilinear_delta,False,67,0.405198872089386,0.1507396101951599
9,text,0.4230797588825226,0.14576347172260284,Reddit-S,42,context_bilinear_delta,False,67,0.4230797588825226,0.14576347172260284
9,visual,0.4452308118343353,0.17393235862255096,Reddit-S,42,context_bilinear_delta,False,67,0.4452308118343353,0.17393235862255096
10,text,0.4611680209636688,0.1671728789806366,Reddit-S,42,context_bilinear_delta,False,67,0.4611680209636688,0.1671728789806366
10,visual,0.4854506254196167,0.1984647661447525,Reddit-S,42,context_bilinear_delta,False,67,0.4854506254196167,0.1984647661447525
11,text,0.5002267956733704,0.1902051866054535,Reddit-S,42,context_bilinear_delta,False,67,0.5002267956733704,0.1902051866054535
11,visual,0.5259984135627747,0.22405222058296204,Reddit-S,42,context_bilinear_delta,False,67,0.5259984135627747,0.22405222058296204
12,text,0.5402201414108276,0.2152973711490631,Reddit-S,42,context_bilinear_delta,False,67,0.5402201414108276,0.2152973711490631
12,visual,0.5666379332542419,0.25025081634521484,Reddit-S,42,context_bilinear_delta,False,67,0.5666379332542419,0.25025081634521484
13,text,0.5810611844062805,0.24160248041152954,Reddit-S,42,context_bilinear_delta,False,67,0.5810611844062805,0.24160248041152954
13,visual,0.607138454914093,0.27622929215431213,Reddit-S,42,context_bilinear_delta,False,67,0.607138454914093,0.27622929215431213
14,text,0.6220998764038086,0.26781195402145386,Reddit-S,42,context_bilinear_delta,False,67,0.6220998764038086,0.26781195402145386
14,visual,0.6468508243560791,0.30177903175354004,Reddit-S,42,context_bilinear_delta,False,67,0.6468508243560791,0.30177903175354004
15,text,0.6626048684120178,0.29273244738578796,Reddit-S,42,context_bilinear_delta,False,67,0.6626048684120178,0.29273244738578796
15,visual,0.685302734375,0.32658320665359497,Reddit-S,42,context_bilinear_delta,False,67,0.685302734375,0.32658320665359497
16,text,0.7023565173149109,0.3164404630661011,Reddit-S,42,context_bilinear_delta,False,67,0.7023565173149109,0.3164404630661011
16,visual,0.7224863767623901,0.35051777958869934,Reddit-S,42,context_bilinear_delta,False,67,0.7224863767623901,0.35051777958869934
17,text,0.7413455843925476,0.339829683303833,Reddit-S,42,context_bilinear_delta,False,67,0.7413455843925476,0.339829683303833
17,visual,0.7584443092346191,0.3738054037094116,Reddit-S,42,context_bilinear_delta,False,67,0.7584443092346191,0.3738054037094116
18,text,0.7795473337173462,0.36134037375450134,Reddit-S,42,context_bilinear_delta,False,67,0.7795473337173462,0.36134037375450134
18,visual,0.7931334376335144,0.39620813727378845,Reddit-S,42,context_bilinear_delta,False,67,0.7931334376335144,0.39620813727378845
19,text,0.8169730305671692,0.3792380094528198,Reddit-S,42,context_bilinear_delta,False,67,0.8169730305671692,0.3792380094528198
19,visual,0.82679283618927,0.417964905500412,Reddit-S,42,context_bilinear_delta,False,67,0.82679283618927,0.417964905500412
20,text,0.8536581993103027,0.39444634318351746,Reddit-S,42,context_bilinear_delta,False,67,0.8536581993103027,0.39444634318351746
20,visual,0.8594681620597839,0.4386409521102905,Reddit-S,42,context_bilinear_delta,False,67,0.8594681620597839,0.4386409521102905
21,text,0.887904167175293,0.4066144824028015,Reddit-S,42,context_bilinear_delta,False,67,0.887904167175293,0.4066144824028015
21,visual,0.8911887407302856,0.45941370725631714,Reddit-S,42,context_bilinear_delta,False,67,0.8911887407302856,0.45941370725631714
22,text,0.9202820062637329,0.41477152705192566,Reddit-S,42,context_bilinear_delta,False,67,0.9202820062637329,0.41477152705192566
22,visual,0.9215508103370667,0.4797767698764801,Reddit-S,42,context_bilinear_delta,False,67,0.9215508103370667,0.4797767698764801
23,text,0.9520732164382935,0.42370134592056274,Reddit-S,42,context_bilinear_delta,False,67,0.9520732164382935,0.42370134592056274
23,visual,0.9507250189781189,0.500268816947937,Reddit-S,42,context_bilinear_delta,False,67,0.9507250189781189,0.500268816947937
24,text,0.9819322228431702,0.43160122632980347,Reddit-S,42,context_bilinear_delta,False,67,0.9819322228431702,0.43160122632980347
24,visual,0.9793150424957275,0.5213495492935181,Reddit-S,42,context_bilinear_delta,False,67,0.9793150424957275,0.5213495492935181
25,text,1.0119260549545288,0.44092726707458496,Reddit-S,42,context_bilinear_delta,False,67,1.0119260549545288,0.44092726707458496
25,visual,1.00755774974823,0.5434911847114563,Reddit-S,42,context_bilinear_delta,False,67,1.00755774974823,0.5434911847114563
26,text,1.0420914888381958,0.4519153833389282,Reddit-S,42,context_bilinear_delta,False,67,1.0420914888381958,0.4519153833389282
26,visual,1.0354235172271729,0.5658164620399475,Reddit-S,42,context_bilinear_delta,False,67,1.0354235172271729,0.5658164620399475
27,text,1.0725953578948975,0.4643251895904541,Reddit-S,42,context_bilinear_delta,False,67,1.0725953578948975,0.4643251895904541
27,visual,1.0630909204483032,0.5883223414421082,Reddit-S,42,context_bilinear_delta,False,67,1.0630909204483032,0.5883223414421082
28,text,1.1028237342834473,0.47688350081443787,Reddit-S,42,context_bilinear_delta,False,67,1.1028237342834473,0.47688350081443787
28,visual,1.090542197227478,0.6106249094009399,Reddit-S,42,context_bilinear_delta,False,67,1.090542197227478,0.6106249094009399
29,text,1.1329271793365479,0.48889070749282837,Reddit-S,42,context_bilinear_delta,False,67,1.1329271793365479,0.48889070749282837
29,visual,1.1175761222839355,0.6322166919708252,Reddit-S,42,context_bilinear_delta,False,67,1.1175761222839355,0.6322166919708252
30,text,1.1631556749343872,0.5021191835403442,Reddit-S,42,context_bilinear_delta,False,67,1.1631556749343872,0.5021191835403442
30,visual,1.144559621810913,0.6537972092628479,Reddit-S,42,context_bilinear_delta,False,67,1.144559621810913,0.6537972092628479
31,text,1.191943645477295,0.5151662230491638,Reddit-S,42,context_bilinear_delta,False,67,1.191943645477295,0.5151662230491638
31,visual,1.1713463068008423,0.6761118173599243,Reddit-S,42,context_bilinear_delta,False,67,1.1713463068008423,0.6761118173599243
32,text,1.2195297479629517,0.5276593565940857,Reddit-S,42,context_bilinear_delta,False,67,1.2195297479629517,0.5276593565940857
32,visual,1.1981346607208252,0.6984053254127502,Reddit-S,42,context_bilinear_delta,False,67,1.1981346607208252,0.6984053254127502
33,text,1.2461432218551636,0.5381949543952942,Reddit-S,42,context_bilinear_delta,False,67,1.2461432218551636,0.5381949543952942
33,visual,1.2244627475738525,0.7201642990112305,Reddit-S,42,context_bilinear_delta,False,67,1.2244627475738525,0.7201642990112305
34,text,1.2715798616409302,0.5473835468292236,Reddit-S,42,context_bilinear_delta,False,67,1.2715798616409302,0.5473835468292236
34,visual,1.2507394552230835,0.7421290874481201,Reddit-S,42,context_bilinear_delta,False,67,1.2507394552230835,0.7421290874481201
35,text,1.2966784238815308,0.5572595596313477,Reddit-S,42,context_bilinear_delta,False,67,1.2966784238815308,0.5572595596313477
35,visual,1.2768226861953735,0.7638941407203674,Reddit-S,42,context_bilinear_delta,False,67,1.2768226861953735,0.7638941407203674
36,text,1.32073175907135,0.5646193027496338,Reddit-S,42,context_bilinear_delta,False,67,1.32073175907135,0.5646193027496338
36,visual,1.3028948307037354,0.7850721478462219,Reddit-S,42,context_bilinear_delta,False,67,1.3028948307037354,0.7850721478462219
37,text,1.343224287033081,0.5703386664390564,Reddit-S,42,context_bilinear_delta,False,67,1.343224287033081,0.5703386664390564
37,visual,1.3287185430526733,0.805211067199707,Reddit-S,42,context_bilinear_delta,False,67,1.3287185430526733,0.805211067199707
38,text,1.3648388385772705,0.5759010910987854,Reddit-S,42,context_bilinear_delta,False,67,1.3648388385772705,0.5759010910987854
38,visual,1.3540794849395752,0.8234444260597229,Reddit-S,42,context_bilinear_delta,False,67,1.3540794849395752,0.8234444260597229
39,text,1.3851202726364136,0.5810962319374084,Reddit-S,42,context_bilinear_delta,False,67,1.3851202726364136,0.5810962319374084
39,visual,1.3791143894195557,0.8407621383666992,Reddit-S,42,context_bilinear_delta,False,67,1.3791143894195557,0.8407621383666992
40,text,1.4042339324951172,0.5864933133125305,Reddit-S,42,context_bilinear_delta,False,67,1.4042339324951172,0.5864933133125305
40,visual,1.4038825035095215,0.8573112487792969,Reddit-S,42,context_bilinear_delta,False,67,1.4038825035095215,0.8573112487792969
41,text,1.4230962991714478,0.5932389497756958,Reddit-S,42,context_bilinear_delta,False,67,1.4230962991714478,0.5932389497756958
41,visual,1.4282578229904175,0.8724439144134521,Reddit-S,42,context_bilinear_delta,False,67,1.4282578229904175,0.8724439144134521
42,text,1.4416879415512085,0.6000384092330933,Reddit-S,42,context_bilinear_delta,False,67,1.4416879415512085,0.6000384092330933
42,visual,1.4527089595794678,0.8876863718032837,Reddit-S,42,context_bilinear_delta,False,67,1.4527089595794678,0.8876863718032837
43,text,1.4588688611984253,0.6050200462341309,Reddit-S,42,context_bilinear_delta,False,67,1.4588688611984253,0.6050200462341309
43,visual,1.4771289825439453,0.9033870100975037,Reddit-S,42,context_bilinear_delta,False,67,1.4771289825439453,0.9033870100975037
44,text,1.4759143590927124,0.6101572513580322,Reddit-S,42,context_bilinear_delta,False,67,1.4759143590927124,0.6101572513580322
44,visual,1.5016289949417114,0.9190828800201416,Reddit-S,42,context_bilinear_delta,False,67,1.5016289949417114,0.9190828800201416
45,text,1.491571068763733,0.6158093810081482,Reddit-S,42,context_bilinear_delta,False,67,1.491571068763733,0.6158093810081482
45,visual,1.5261274576187134,0.9349106550216675,Reddit-S,42,context_bilinear_delta,False,67,1.5261274576187134,0.9349106550216675
46,text,1.5047835111618042,0.6190007925033569,Reddit-S,42,context_bilinear_delta,False,67,1.5047835111618042,0.6190007925033569
46,visual,1.5501534938812256,0.9507560729980469,Reddit-S,42,context_bilinear_delta,False,67,1.5501534938812256,0.9507560729980469
47,text,1.5171518325805664,0.6216013431549072,Reddit-S,42,context_bilinear_delta,False,67,1.5171518325805664,0.6216013431549072
47,visual,1.5737762451171875,0.9657543897628784,Reddit-S,42,context_bilinear_delta,False,67,1.5737762451171875,0.9657543897628784
48,text,1.5302984714508057,0.6265864968299866,Reddit-S,42,context_bilinear_delta,False,67,1.5302984714508057,0.6265864968299866
48,visual,1.597091555595398,0.9810975790023804,Reddit-S,42,context_bilinear_delta,False,67,1.597091555595398,0.9810975790023804
49,text,1.5427825450897217,0.630170464515686,Reddit-S,42,context_bilinear_delta,False,67,1.5427825450897217,0.630170464515686
49,visual,1.6199167966842651,0.996178388595581,Reddit-S,42,context_bilinear_delta,False,67,1.6199167966842651,0.996178388595581
50,text,1.5542447566986084,0.6322721838951111,Reddit-S,42,context_bilinear_delta,False,67,1.5542447566986084,0.6322721838951111
50,visual,1.6416946649551392,1.0108604431152344,Reddit-S,42,context_bilinear_delta,False,67,1.6416946649551392,1.0108604431152344
51,text,1.5646981000900269,0.6339471340179443,Reddit-S,42,context_bilinear_delta,False,67,1.5646981000900269,0.6339471340179443
51,visual,1.662542462348938,1.0212199687957764,Reddit-S,42,context_bilinear_delta,False,67,1.662542462348938,1.0212199687957764
52,text,1.5754262208938599,0.6370700597763062,Reddit-S,42,context_bilinear_delta,False,67,1.5754262208938599,0.6370700597763062
52,visual,1.6829818487167358,1.0320402383804321,Reddit-S,42,context_bilinear_delta,False,67,1.6829818487167358,1.0320402383804321
53,text,1.5858310461044312,0.6414426565170288,Reddit-S,42,context_bilinear_delta,False,67,1.5858310461044312,0.6414426565170288
53,visual,1.7028573751449585,1.0435439348220825,Reddit-S,42,context_bilinear_delta,False,67,1.7028573751449585,1.0435439348220825
54,text,1.5955846309661865,0.6468474268913269,Reddit-S,42,context_bilinear_delta,False,67,1.5955846309661865,0.6468474268913269
54,visual,1.7222838401794434,1.0541340112686157,Reddit-S,42,context_bilinear_delta,False,67,1.7222838401794434,1.0541340112686157
55,text,1.6052186489105225,0.6521965861320496,Reddit-S,42,context_bilinear_delta,False,67,1.6052186489105225,0.6521965861320496
55,visual,1.7412934303283691,1.0637741088867188,Reddit-S,42,context_bilinear_delta,False,67,1.7412934303283691,1.0637741088867188
56,text,1.6146981716156006,0.6577757596969604,Reddit-S,42,context_bilinear_delta,False,67,1.6146981716156006,0.6577757596969604
56,visual,1.7598482370376587,1.0729354619979858,Reddit-S,42,context_bilinear_delta,False,67,1.7598482370376587,1.0729354619979858
57,text,1.6242650747299194,0.6633628606796265,Reddit-S,42,context_bilinear_delta,False,67,1.6242650747299194,0.6633628606796265
57,visual,1.7778081893920898,1.0822017192840576,Reddit-S,42,context_bilinear_delta,False,67,1.7778081893920898,1.0822017192840576
58,text,1.6340609788894653,0.6697620153427124,Reddit-S,42,context_bilinear_delta,False,67,1.6340609788894653,0.6697620153427124
58,visual,1.7952922582626343,1.0910319089889526,Reddit-S,42,context_bilinear_delta,False,67,1.7952922582626343,1.0910319089889526
59,text,1.642861247062683,0.6755095720291138,Reddit-S,42,context_bilinear_delta,False,67,1.642861247062683,0.6755095720291138
59,visual,1.8122307062149048,1.10033118724823,Reddit-S,42,context_bilinear_delta,False,67,1.8122307062149048,1.10033118724823
60,text,1.6508814096450806,0.6808472275733948,Reddit-S,42,context_bilinear_delta,False,67,1.6508814096450806,0.6808472275733948
60,visual,1.8290773630142212,1.1102081537246704,Reddit-S,42,context_bilinear_delta,False,67,1.8290773630142212,1.1102081537246704
61,text,1.658816933631897,0.68592768907547,Reddit-S,42,context_bilinear_delta,False,67,1.658816933631897,0.68592768907547
61,visual,1.845131754875183,1.1189038753509521,Reddit-S,42,context_bilinear_delta,False,67,1.845131754875183,1.1189038753509521
62,text,1.6664656400680542,0.6916255950927734,Reddit-S,42,context_bilinear_delta,False,67,1.6664656400680542,0.6916255950927734
62,visual,1.8607375621795654,1.126275658607483,Reddit-S,42,context_bilinear_delta,False,67,1.8607375621795654,1.126275658607483
63,text,1.6735173463821411,0.6982716917991638,Reddit-S,42,context_bilinear_delta,False,67,1.6735173463821411,0.6982716917991638
63,visual,1.875527262687683,1.1317791938781738,Reddit-S,42,context_bilinear_delta,False,67,1.875527262687683,1.1317791938781738
64,text,1.6800470352172852,0.7050485610961914,Reddit-S,42,context_bilinear_delta,False,67,1.6800470352172852,0.7050485610961914
64,visual,1.8902244567871094,1.1375782489776611,Reddit-S,42,context_bilinear_delta,False,67,1.8902244567871094,1.1375782489776611
65,text,1.6860930919647217,0.7118569016456604,Reddit-S,42,context_bilinear_delta,False,67,1.6860930919647217,0.7118569016456604
65,visual,1.9045929908752441,1.1437124013900757,Reddit-S,42,context_bilinear_delta,False,67,1.9045929908752441,1.1437124013900757
66,text,1.6920781135559082,0.7185429930686951,Reddit-S,42,context_bilinear_delta,False,67,1.6920781135559082,0.7185429930686951
66,visual,1.9185872077941895,1.150103211402893,Reddit-S,42,context_bilinear_delta,False,67,1.9185872077941895,1.150103211402893
67,text,1.698137640953064,0.7241330146789551,Reddit-S,42,context_bilinear_delta,True,67,1.698137640953064,0.7241330146789551
67,visual,1.9319028854370117,1.155959129333496,Reddit-S,42,context_bilinear_delta,True,67,1.9319028854370117,1.155959129333496
68,text,1.7046728134155273,0.7292655110359192,Reddit-S,42,context_bilinear_delta,False,67,1.7046728134155273,0.7292655110359192
68,visual,1.9446758031845093,1.1617597341537476,Reddit-S,42,context_bilinear_delta,False,67,1.9446758031845093,1.1617597341537476
69,text,1.7118210792541504,0.7341724634170532,Reddit-S,42,context_bilinear_delta,False,67,1.7118210792541504,0.7341724634170532
69,visual,1.9571436643600464,1.1674748659133911,Reddit-S,42,context_bilinear_delta,False,67,1.9571436643600464,1.1674748659133911
70,text,1.7189679145812988,0.7386747002601624,Reddit-S,42,context_bilinear_delta,False,67,1.7189679145812988,0.7386747002601624
70,visual,1.9692208766937256,1.1734803915023804,Reddit-S,42,context_bilinear_delta,False,67,1.9692208766937256,1.1734803915023804
71,text,1.725779414176941,0.7430153489112854,Reddit-S,42,context_bilinear_delta,False,67,1.725779414176941,0.7430153489112854
71,visual,1.980756163597107,1.1790558099746704,Reddit-S,42,context_bilinear_delta,False,67,1.980756163597107,1.1790558099746704
72,text,1.73208749294281,0.7473635673522949,Reddit-S,42,context_bilinear_delta,False,67,1.73208749294281,0.7473635673522949
72,visual,1.9919953346252441,1.1845402717590332,Reddit-S,42,context_bilinear_delta,False,67,1.9919953346252441,1.1845402717590332
73,text,1.737281322479248,0.7507193684577942,Reddit-S,42,context_bilinear_delta,False,67,1.737281322479248,0.7507193684577942
73,visual,2.003018379211426,1.1903399229049683,Reddit-S,42,context_bilinear_delta,False,67,2.003018379211426,1.1903399229049683
74,text,1.74180269241333,0.7534193992614746,Reddit-S,42,context_bilinear_delta,False,67,1.74180269241333,0.7534193992614746
74,visual,2.0135815143585205,1.1966570615768433,Reddit-S,42,context_bilinear_delta,False,67,2.0135815143585205,1.1966570615768433
75,text,1.7458242177963257,0.7557492256164551,Reddit-S,42,context_bilinear_delta,False,67,1.7458242177963257,0.7557492256164551
75,visual,2.0236823558807373,1.2030094861984253,Reddit-S,42,context_bilinear_delta,False,67,2.0236823558807373,1.2030094861984253
76,text,1.749932050704956,0.7577905058860779,Reddit-S,42,context_bilinear_delta,False,67,1.749932050704956,0.7577905058860779
76,visual,2.03328800201416,1.2101496458053589,Reddit-S,42,context_bilinear_delta,False,67,2.03328800201416,1.2101496458053589
77,text,1.7541800737380981,0.7596315741539001,Reddit-S,42,context_bilinear_delta,False,67,1.7541800737380981,0.7596315741539001
77,visual,2.0426976680755615,1.2168715000152588,Reddit-S,42,context_bilinear_delta,False,67,2.0426976680755615,1.2168715000152588
78,text,1.7586182355880737,0.7612501382827759,Reddit-S,42,context_bilinear_delta,False,67,1.7586182355880737,0.7612501382827759
78,visual,2.051485776901245,1.2218164205551147,Reddit-S,42,context_bilinear_delta,False,67,2.051485776901245,1.2218164205551147
79,text,1.7629892826080322,0.7628685235977173,Reddit-S,42,context_bilinear_delta,False,67,1.7629892826080322,0.7628685235977173
79,visual,2.059877634048462,1.2259963750839233,Reddit-S,42,context_bilinear_delta,False,67,2.059877634048462,1.2259963750839233
80,text,1.7670061588287354,0.7647265195846558,Reddit-S,42,context_bilinear_delta,False,67,1.7670061588287354,0.7647265195846558
80,visual,2.0684800148010254,1.2303272485733032,Reddit-S,42,context_bilinear_delta,False,67,2.0684800148010254,1.2303272485733032
81,text,1.7706648111343384,0.7668116092681885,Reddit-S,42,context_bilinear_delta,False,67,1.7706648111343384,0.7668116092681885
81,visual,2.0769755840301514,1.2344508171081543,Reddit-S,42,context_bilinear_delta,False,67,2.0769755840301514,1.2344508171081543
82,text,1.774105429649353,0.7684596180915833,Reddit-S,42,context_bilinear_delta,False,67,1.774105429649353,0.7684596180915833
82,visual,2.0854854583740234,1.2391347885131836,Reddit-S,42,context_bilinear_delta,False,67,2.0854854583740234,1.2391347885131836
83,text,1.7772959470748901,0.7696872353553772,Reddit-S,42,context_bilinear_delta,False,67,1.7772959470748901,0.7696872353553772
83,visual,2.0937910079956055,1.2442140579223633,Reddit-S,42,context_bilinear_delta,False,67,2.0937910079956055,1.2442140579223633
84,text,1.7802042961120605,0.7709877490997314,Reddit-S,42,context_bilinear_delta,False,67,1.7802042961120605,0.7709877490997314
84,visual,2.101569652557373,1.2494451999664307,Reddit-S,42,context_bilinear_delta,False,67,2.101569652557373,1.2494451999664307
85,text,1.7833236455917358,0.7727185487747192,Reddit-S,42,context_bilinear_delta,False,67,1.7833236455917358,0.7727185487747192
85,visual,2.1091413497924805,1.2548809051513672,Reddit-S,42,context_bilinear_delta,False,67,2.1091413497924805,1.2548809051513672
86,text,1.7864396572113037,0.7745971083641052,Reddit-S,42,context_bilinear_delta,False,67,1.7864396572113037,0.7745971083641052
86,visual,2.11625337600708,1.2598854303359985,Reddit-S,42,context_bilinear_delta,False,67,2.11625337600708,1.2598854303359985
87,text,1.7894524335861206,0.7767075896263123,Reddit-S,42,context_bilinear_delta,False,67,1.7894524335861206,0.7767075896263123
87,visual,2.1233162879943848,1.2651019096374512,Reddit-S,42,context_bilinear_delta,False,67,2.1233162879943848,1.2651019096374512
88,text,1.7922205924987793,0.7790747284889221,Reddit-S,42,context_bilinear_delta,False,67,1.7922205924987793,0.7790747284889221
88,visual,2.1301989555358887,1.2703551054000854,Reddit-S,42,context_bilinear_delta,False,67,2.1301989555358887,1.2703551054000854
89,text,1.794859766960144,0.7811499238014221,Reddit-S,42,context_bilinear_delta,False,67,1.794859766960144,0.7811499238014221
89,visual,2.1368110179901123,1.275359869003296,Reddit-S,42,context_bilinear_delta,False,67,2.1368110179901123,1.275359869003296
90,text,1.7981164455413818,0.7835677862167358,Reddit-S,42,context_bilinear_delta,False,67,1.7981164455413818,0.7835677862167358
90,visual,2.143420934677124,1.2801728248596191,Reddit-S,42,context_bilinear_delta,False,67,2.143420934677124,1.2801728248596191
91,text,1.8020398616790771,0.7861968874931335,Reddit-S,42,context_bilinear_delta,False,67,1.8020398616790771,0.7861968874931335
91,visual,2.1499295234680176,1.2851221561431885,Reddit-S,42,context_bilinear_delta,False,67,2.1499295234680176,1.2851221561431885
92,text,1.8059123754501343,0.7886225581169128,Reddit-S,42,context_bilinear_delta,False,67,1.8059123754501343,0.7886225581169128
92,visual,2.1563103199005127,1.289673924446106,Reddit-S,42,context_bilinear_delta,False,67,2.1563103199005127,1.289673924446106
93,text,1.8097155094146729,0.7911482453346252,Reddit-S,42,context_bilinear_delta,False,67,1.8097155094146729,0.7911482453346252
93,visual,2.162717342376709,1.2944213151931763,Reddit-S,42,context_bilinear_delta,False,67,2.162717342376709,1.2944213151931763
94,text,1.8130940198898315,0.7936810255050659,Reddit-S,42,context_bilinear_delta,False,67,1.8130940198898315,0.7936810255050659
94,visual,2.168870687484741,1.2991092205047607,Reddit-S,42,context_bilinear_delta,False,67,2.168870687484741,1.2991092205047607
95,text,1.8161429166793823,0.7962861061096191,Reddit-S,42,context_bilinear_delta,False,67,1.8161429166793823,0.7962861061096191
95,visual,2.1746766567230225,1.3037112951278687,Reddit-S,42,context_bilinear_delta,False,67,2.1746766567230225,1.3037112951278687
96,text,1.8188556432724,0.7990031242370605,Reddit-S,42,context_bilinear_delta,False,67,1.8188556432724,0.7990031242370605
96,visual,2.1803598403930664,1.3080376386642456,Reddit-S,42,context_bilinear_delta,False,67,2.1803598403930664,1.3080376386642456
97,text,1.821233868598938,0.8016129732131958,Reddit-S,42,context_bilinear_delta,False,67,1.821233868598938,0.8016129732131958
97,visual,2.185962200164795,1.3121709823608398,Reddit-S,42,context_bilinear_delta,False,67,2.185962200164795,1.3121709823608398
1,text,0.08990403264760971,0.0,Reddit-S,43,context_static,False,71,0.08990403264760971,0.0
1,visual,0.09008748084306717,0.0,Reddit-S,43,context_static,False,71,0.09008748084306717,0.0
2,text,0.13873670995235443,0.0,Reddit-S,43,context_static,False,71,0.13873670995235443,0.0
2,visual,0.1455497443675995,0.0,Reddit-S,43,context_static,False,71,0.1455497443675995,0.0
3,text,0.1798975020647049,0.0,Reddit-S,43,context_static,False,71,0.1798975020647049,0.0
3,visual,0.1914205700159073,0.0,Reddit-S,43,context_static,False,71,0.1914205700159073,0.0
4,text,0.22065138816833496,0.0,Reddit-S,43,context_static,False,71,0.22065138816833496,0.0
4,visual,0.23642097413539886,0.0,Reddit-S,43,context_static,False,71,0.23642097413539886,0.0
5,text,0.2584085166454315,0.0,Reddit-S,43,context_static,False,71,0.2584085166454315,0.0
5,visual,0.27973952889442444,0.0,Reddit-S,43,context_static,False,71,0.27973952889442444,0.0
6,text,0.2936694025993347,0.0,Reddit-S,43,context_static,False,71,0.2936694025993347,0.0
6,visual,0.32066380977630615,0.0,Reddit-S,43,context_static,False,71,0.32066380977630615,0.0
7,text,0.32645976543426514,0.0,Reddit-S,43,context_static,False,71,0.32645976543426514,0.0
7,visual,0.3600481152534485,0.0,Reddit-S,43,context_static,False,71,0.3600481152534485,0.0
8,text,0.3592436611652374,0.0,Reddit-S,43,context_static,False,71,0.3592436611652374,0.0
8,visual,0.39960357546806335,0.0,Reddit-S,43,context_static,False,71,0.39960357546806335,0.0
9,text,0.3934383988380432,0.0,Reddit-S,43,context_static,False,71,0.3934383988380432,0.0
9,visual,0.4400188624858856,0.0,Reddit-S,43,context_static,False,71,0.4400188624858856,0.0
10,text,0.42949941754341125,0.0,Reddit-S,43,context_static,False,71,0.42949941754341125,0.0
10,visual,0.48165595531463623,0.0,Reddit-S,43,context_static,False,71,0.48165595531463623,0.0
11,text,0.46679240465164185,0.0,Reddit-S,43,context_static,False,71,0.46679240465164185,0.0
11,visual,0.5241408944129944,0.0,Reddit-S,43,context_static,False,71,0.5241408944129944,0.0
12,text,0.5046952366828918,0.0,Reddit-S,43,context_static,False,71,0.5046952366828918,0.0
12,visual,0.5666279792785645,0.0,Reddit-S,43,context_static,False,71,0.5666279792785645,0.0
13,text,0.5428386330604553,0.0,Reddit-S,43,context_static,False,71,0.5428386330604553,0.0
13,visual,0.6085000038146973,0.0,Reddit-S,43,context_static,False,71,0.6085000038146973,0.0
14,text,0.5805338025093079,0.0,Reddit-S,43,context_static,False,71,0.5805338025093079,0.0
14,visual,0.6490543484687805,0.0,Reddit-S,43,context_static,False,71,0.6490543484687805,0.0
15,text,0.6171184778213501,0.0,Reddit-S,43,context_static,False,71,0.6171184778213501,0.0
15,visual,0.687938928604126,0.0,Reddit-S,43,context_static,False,71,0.687938928604126,0.0
16,text,0.65367591381073,0.0,Reddit-S,43,context_static,False,71,0.65367591381073,0.0
16,visual,0.7256796360015869,0.0,Reddit-S,43,context_static,False,71,0.7256796360015869,0.0
17,text,0.6896761059761047,0.0,Reddit-S,43,context_static,False,71,0.6896761059761047,0.0
17,visual,0.7624909281730652,0.0,Reddit-S,43,context_static,False,71,0.7624909281730652,0.0
18,text,0.7245328426361084,0.0,Reddit-S,43,context_static,False,71,0.7245328426361084,0.0
18,visual,0.7982432842254639,0.0,Reddit-S,43,context_static,False,71,0.7982432842254639,0.0
19,text,0.7578279376029968,0.0,Reddit-S,43,context_static,False,71,0.7578279376029968,0.0
19,visual,0.8331493139266968,0.0,Reddit-S,43,context_static,False,71,0.8331493139266968,0.0
20,text,0.7905778884887695,0.0,Reddit-S,43,context_static,False,71,0.7905778884887695,0.0
20,visual,0.8672038316726685,0.0,Reddit-S,43,context_static,False,71,0.8672038316726685,0.0
21,text,0.8233159184455872,0.0,Reddit-S,43,context_static,False,71,0.8233159184455872,0.0
21,visual,0.9009348750114441,0.0,Reddit-S,43,context_static,False,71,0.9009348750114441,0.0
22,text,0.8554180860519409,0.0,Reddit-S,43,context_static,False,71,0.8554180860519409,0.0
22,visual,0.9342464804649353,0.0,Reddit-S,43,context_static,False,71,0.9342464804649353,0.0
23,text,0.8879781365394592,0.0,Reddit-S,43,context_static,False,71,0.8879781365394592,0.0
23,visual,0.9672423005104065,0.0,Reddit-S,43,context_static,False,71,0.9672423005104065,0.0
24,text,0.9204925298690796,0.0,Reddit-S,43,context_static,False,71,0.9204925298690796,0.0
24,visual,1.000066876411438,0.0,Reddit-S,43,context_static,False,71,1.000066876411438,0.0
25,text,0.9535742402076721,0.0,Reddit-S,43,context_static,False,71,0.9535742402076721,0.0
25,visual,1.0329437255859375,0.0,Reddit-S,43,context_static,False,71,1.0329437255859375,0.0
26,text,0.9864776134490967,0.0,Reddit-S,43,context_static,False,71,0.9864776134490967,0.0
26,visual,1.0656951665878296,0.0,Reddit-S,43,context_static,False,71,1.0656951665878296,0.0
27,text,1.0190246105194092,0.0,Reddit-S,43,context_static,False,71,1.0190246105194092,0.0
27,visual,1.0984137058258057,0.0,Reddit-S,43,context_static,False,71,1.0984137058258057,0.0
28,text,1.0504835844039917,0.0,Reddit-S,43,context_static,False,71,1.0504835844039917,0.0
28,visual,1.1312073469161987,0.0,Reddit-S,43,context_static,False,71,1.1312073469161987,0.0
29,text,1.0813401937484741,0.0,Reddit-S,43,context_static,False,71,1.0813401937484741,0.0
29,visual,1.164130449295044,0.0,Reddit-S,43,context_static,False,71,1.164130449295044,0.0
30,text,1.1114850044250488,0.0,Reddit-S,43,context_static,False,71,1.1114850044250488,0.0
30,visual,1.19631826877594,0.0,Reddit-S,43,context_static,False,71,1.19631826877594,0.0
31,text,1.1410763263702393,0.0,Reddit-S,43,context_static,False,71,1.1410763263702393,0.0
31,visual,1.2282730340957642,0.0,Reddit-S,43,context_static,False,71,1.2282730340957642,0.0
32,text,1.1695382595062256,0.0,Reddit-S,43,context_static,False,71,1.1695382595062256,0.0
32,visual,1.2597465515136719,0.0,Reddit-S,43,context_static,False,71,1.2597465515136719,0.0
33,text,1.196941614151001,0.0,Reddit-S,43,context_static,False,71,1.196941614151001,0.0
33,visual,1.2896640300750732,0.0,Reddit-S,43,context_static,False,71,1.2896640300750732,0.0
34,text,1.2207802534103394,0.0,Reddit-S,43,context_static,False,71,1.2207802534103394,0.0
34,visual,1.319433331489563,0.0,Reddit-S,43,context_static,False,71,1.319433331489563,0.0
35,text,1.2433055639266968,0.0,Reddit-S,43,context_static,False,71,1.2433055639266968,0.0
35,visual,1.348168134689331,0.0,Reddit-S,43,context_static,False,71,1.348168134689331,0.0
36,text,1.2649223804473877,0.0,Reddit-S,43,context_static,False,71,1.2649223804473877,0.0
36,visual,1.3762032985687256,0.0,Reddit-S,43,context_static,False,71,1.3762032985687256,0.0
37,text,1.2857292890548706,0.0,Reddit-S,43,context_static,False,71,1.2857292890548706,0.0
37,visual,1.4042737483978271,0.0,Reddit-S,43,context_static,False,71,1.4042737483978271,0.0
38,text,1.3051576614379883,0.0,Reddit-S,43,context_static,False,71,1.3051576614379883,0.0
38,visual,1.4321221113204956,0.0,Reddit-S,43,context_static,False,71,1.4321221113204956,0.0
39,text,1.324972152709961,0.0,Reddit-S,43,context_static,False,71,1.324972152709961,0.0
39,visual,1.4592912197113037,0.0,Reddit-S,43,context_static,False,71,1.4592912197113037,0.0
40,text,1.344525694847107,0.0,Reddit-S,43,context_static,False,71,1.344525694847107,0.0
40,visual,1.4858460426330566,0.0,Reddit-S,43,context_static,False,71,1.4858460426330566,0.0
41,text,1.363663911819458,0.0,Reddit-S,43,context_static,False,71,1.363663911819458,0.0
41,visual,1.5118955373764038,0.0,Reddit-S,43,context_static,False,71,1.5118955373764038,0.0
42,text,1.3817917108535767,0.0,Reddit-S,43,context_static,False,71,1.3817917108535767,0.0
42,visual,1.5381348133087158,0.0,Reddit-S,43,context_static,False,71,1.5381348133087158,0.0
43,text,1.3992273807525635,0.0,Reddit-S,43,context_static,False,71,1.3992273807525635,0.0
43,visual,1.5635212659835815,0.0,Reddit-S,43,context_static,False,71,1.5635212659835815,0.0
44,text,1.4167197942733765,0.0,Reddit-S,43,context_static,False,71,1.4167197942733765,0.0
44,visual,1.5883023738861084,0.0,Reddit-S,43,context_static,False,71,1.5883023738861084,0.0
45,text,1.4336234331130981,0.0,Reddit-S,43,context_static,False,71,1.4336234331130981,0.0
45,visual,1.6124866008758545,0.0,Reddit-S,43,context_static,False,71,1.6124866008758545,0.0
46,text,1.4500579833984375,0.0,Reddit-S,43,context_static,False,71,1.4500579833984375,0.0
46,visual,1.6362828016281128,0.0,Reddit-S,43,context_static,False,71,1.6362828016281128,0.0
47,text,1.4666582345962524,0.0,Reddit-S,43,context_static,False,71,1.4666582345962524,0.0
47,visual,1.6604645252227783,0.0,Reddit-S,43,context_static,False,71,1.6604645252227783,0.0
48,text,1.4836745262145996,0.0,Reddit-S,43,context_static,False,71,1.4836745262145996,0.0
48,visual,1.6846923828125,0.0,Reddit-S,43,context_static,False,71,1.6846923828125,0.0
49,text,1.5006922483444214,0.0,Reddit-S,43,context_static,False,71,1.5006922483444214,0.0
49,visual,1.7086126804351807,0.0,Reddit-S,43,context_static,False,71,1.7086126804351807,0.0
50,text,1.51787269115448,0.0,Reddit-S,43,context_static,False,71,1.51787269115448,0.0
50,visual,1.7327605485916138,0.0,Reddit-S,43,context_static,False,71,1.7327605485916138,0.0
51,text,1.5341991186141968,0.0,Reddit-S,43,context_static,False,71,1.5341991186141968,0.0
51,visual,1.75669264793396,0.0,Reddit-S,43,context_static,False,71,1.75669264793396,0.0
52,text,1.5495872497558594,0.0,Reddit-S,43,context_static,False,71,1.5495872497558594,0.0
52,visual,1.7799036502838135,0.0,Reddit-S,43,context_static,False,71,1.7799036502838135,0.0
53,text,1.5648192167282104,0.0,Reddit-S,43,context_static,False,71,1.5648192167282104,0.0
53,visual,1.802263855934143,0.0,Reddit-S,43,context_static,False,71,1.802263855934143,0.0
54,text,1.5799626111984253,0.0,Reddit-S,43,context_static,False,71,1.5799626111984253,0.0
54,visual,1.8236825466156006,0.0,Reddit-S,43,context_static,False,71,1.8236825466156006,0.0
55,text,1.5947078466415405,0.0,Reddit-S,43,context_static,False,71,1.5947078466415405,0.0
55,visual,1.8436505794525146,0.0,Reddit-S,43,context_static,False,71,1.8436505794525146,0.0
56,text,1.6090575456619263,0.0,Reddit-S,43,context_static,False,71,1.6090575456619263,0.0
56,visual,1.8627922534942627,0.0,Reddit-S,43,context_static,False,71,1.8627922534942627,0.0
57,text,1.6226640939712524,0.0,Reddit-S,43,context_static,False,71,1.6226640939712524,0.0
57,visual,1.8813586235046387,0.0,Reddit-S,43,context_static,False,71,1.8813586235046387,0.0
58,text,1.6352359056472778,0.0,Reddit-S,43,context_static,False,71,1.6352359056472778,0.0
58,visual,1.8985861539840698,0.0,Reddit-S,43,context_static,False,71,1.8985861539840698,0.0
59,text,1.6474344730377197,0.0,Reddit-S,43,context_static,False,71,1.6474344730377197,0.0
59,visual,1.9150230884552002,0.0,Reddit-S,43,context_static,False,71,1.9150230884552002,0.0
60,text,1.6591782569885254,0.0,Reddit-S,43,context_static,False,71,1.6591782569885254,0.0
60,visual,1.9309921264648438,0.0,Reddit-S,43,context_static,False,71,1.9309921264648438,0.0
61,text,1.6696603298187256,0.0,Reddit-S,43,context_static,False,71,1.6696603298187256,0.0
61,visual,1.9464846849441528,0.0,Reddit-S,43,context_static,False,71,1.9464846849441528,0.0
62,text,1.6795309782028198,0.0,Reddit-S,43,context_static,False,71,1.6795309782028198,0.0
62,visual,1.9617453813552856,0.0,Reddit-S,43,context_static,False,71,1.9617453813552856,0.0
63,text,1.6892082691192627,0.0,Reddit-S,43,context_static,False,71,1.6892082691192627,0.0
63,visual,1.9768273830413818,0.0,Reddit-S,43,context_static,False,71,1.9768273830413818,0.0
64,text,1.6979005336761475,0.0,Reddit-S,43,context_static,False,71,1.6979005336761475,0.0
64,visual,1.991371989250183,0.0,Reddit-S,43,context_static,False,71,1.991371989250183,0.0
65,text,1.7068960666656494,0.0,Reddit-S,43,context_static,False,71,1.7068960666656494,0.0
65,visual,2.0053954124450684,0.0,Reddit-S,43,context_static,False,71,2.0053954124450684,0.0
66,text,1.7161219120025635,0.0,Reddit-S,43,context_static,False,71,1.7161219120025635,0.0
66,visual,2.0186686515808105,0.0,Reddit-S,43,context_static,False,71,2.0186686515808105,0.0
67,text,1.7254416942596436,0.0,Reddit-S,43,context_static,False,71,1.7254416942596436,0.0
67,visual,2.031595468521118,0.0,Reddit-S,43,context_static,False,71,2.031595468521118,0.0
68,text,1.7341997623443604,0.0,Reddit-S,43,context_static,False,71,1.7341997623443604,0.0
68,visual,2.0444953441619873,0.0,Reddit-S,43,context_static,False,71,2.0444953441619873,0.0
69,text,1.7426623106002808,0.0,Reddit-S,43,context_static,False,71,1.7426623106002808,0.0
69,visual,2.0570476055145264,0.0,Reddit-S,43,context_static,False,71,2.0570476055145264,0.0
70,text,1.7508108615875244,0.0,Reddit-S,43,context_static,False,71,1.7508108615875244,0.0
70,visual,2.0691771507263184,0.0,Reddit-S,43,context_static,False,71,2.0691771507263184,0.0
71,text,1.7589046955108643,0.0,Reddit-S,43,context_static,True,71,1.7589046955108643,0.0
71,visual,2.0807135105133057,0.0,Reddit-S,43,context_static,True,71,2.0807135105133057,0.0
72,text,1.7668343782424927,0.0,Reddit-S,43,context_static,False,71,1.7668343782424927,0.0
72,visual,2.091893434524536,0.0,Reddit-S,43,context_static,False,71,2.091893434524536,0.0
73,text,1.7742873430252075,0.0,Reddit-S,43,context_static,False,71,1.7742873430252075,0.0
73,visual,2.102480411529541,0.0,Reddit-S,43,context_static,False,71,2.102480411529541,0.0
74,text,1.7808107137680054,0.0,Reddit-S,43,context_static,False,71,1.7808107137680054,0.0
74,visual,2.1124424934387207,0.0,Reddit-S,43,context_static,False,71,2.1124424934387207,0.0
75,text,1.7866297960281372,0.0,Reddit-S,43,context_static,False,71,1.7866297960281372,0.0
75,visual,2.122032642364502,0.0,Reddit-S,43,context_static,False,71,2.122032642364502,0.0
76,text,1.7923555374145508,0.0,Reddit-S,43,context_static,False,71,1.7923555374145508,0.0
76,visual,2.131413221359253,0.0,Reddit-S,43,context_static,False,71,2.131413221359253,0.0
77,text,1.797996997833252,0.0,Reddit-S,43,context_static,False,71,1.797996997833252,0.0
77,visual,2.140486001968384,0.0,Reddit-S,43,context_static,False,71,2.140486001968384,0.0
78,text,1.803842544555664,0.0,Reddit-S,43,context_static,False,71,1.803842544555664,0.0
78,visual,2.149202346801758,0.0,Reddit-S,43,context_static,False,71,2.149202346801758,0.0
79,text,1.809622049331665,0.0,Reddit-S,43,context_static,False,71,1.809622049331665,0.0
79,visual,2.1575357913970947,0.0,Reddit-S,43,context_static,False,71,2.1575357913970947,0.0
80,text,1.8154168128967285,0.0,Reddit-S,43,context_static,False,71,1.8154168128967285,0.0
80,visual,2.1650733947753906,0.0,Reddit-S,43,context_static,False,71,2.1650733947753906,0.0
81,text,1.820746660232544,0.0,Reddit-S,43,context_static,False,71,1.820746660232544,0.0
81,visual,2.1726531982421875,0.0,Reddit-S,43,context_static,False,71,2.1726531982421875,0.0
82,text,1.8256834745407104,0.0,Reddit-S,43,context_static,False,71,1.8256834745407104,0.0
82,visual,2.1798839569091797,0.0,Reddit-S,43,context_static,False,71,2.1798839569091797,0.0
83,text,1.8303163051605225,0.0,Reddit-S,43,context_static,False,71,1.8303163051605225,0.0
83,visual,2.186943531036377,0.0,Reddit-S,43,context_static,False,71,2.186943531036377,0.0
84,text,1.8349361419677734,0.0,Reddit-S,43,context_static,False,71,1.8349361419677734,0.0
84,visual,2.1933834552764893,0.0,Reddit-S,43,context_static,False,71,2.1933834552764893,0.0
85,text,1.8392722606658936,0.0,Reddit-S,43,context_static,False,71,1.8392722606658936,0.0
85,visual,2.1996116638183594,0.0,Reddit-S,43,context_static,False,71,2.1996116638183594,0.0
86,text,1.843105673789978,0.0,Reddit-S,43,context_static,False,71,1.843105673789978,0.0
86,visual,2.2057228088378906,0.0,Reddit-S,43,context_static,False,71,2.2057228088378906,0.0
87,text,1.8470999002456665,0.0,Reddit-S,43,context_static,False,71,1.8470999002456665,0.0
87,visual,2.211669921875,0.0,Reddit-S,43,context_static,False,71,2.211669921875,0.0
88,text,1.8510262966156006,0.0,Reddit-S,43,context_static,False,71,1.8510262966156006,0.0
88,visual,2.217823028564453,0.0,Reddit-S,43,context_static,False,71,2.217823028564453,0.0
89,text,1.8549718856811523,0.0,Reddit-S,43,context_static,False,71,1.8549718856811523,0.0
89,visual,2.2240092754364014,0.0,Reddit-S,43,context_static,False,71,2.2240092754364014,0.0
90,text,1.8596224784851074,0.0,Reddit-S,43,context_static,False,71,1.8596224784851074,0.0
90,visual,2.2301244735717773,0.0,Reddit-S,43,context_static,False,71,2.2301244735717773,0.0
91,text,1.8640886545181274,0.0,Reddit-S,43,context_static,False,71,1.8640886545181274,0.0
91,visual,2.2362587451934814,0.0,Reddit-S,43,context_static,False,71,2.2362587451934814,0.0
92,text,1.8681647777557373,0.0,Reddit-S,43,context_static,False,71,1.8681647777557373,0.0
92,visual,2.2420878410339355,0.0,Reddit-S,43,context_static,False,71,2.2420878410339355,0.0
93,text,1.871833324432373,0.0,Reddit-S,43,context_static,False,71,1.871833324432373,0.0
93,visual,2.247960329055786,0.0,Reddit-S,43,context_static,False,71,2.247960329055786,0.0
94,text,1.8752907514572144,0.0,Reddit-S,43,context_static,False,71,1.8752907514572144,0.0
94,visual,2.2538437843322754,0.0,Reddit-S,43,context_static,False,71,2.2538437843322754,0.0
95,text,1.8788952827453613,0.0,Reddit-S,43,context_static,False,71,1.8788952827453613,0.0
95,visual,2.2597248554229736,0.0,Reddit-S,43,context_static,False,71,2.2597248554229736,0.0
96,text,1.8822441101074219,0.0,Reddit-S,43,context_static,False,71,1.8822441101074219,0.0
96,visual,2.2655744552612305,0.0,Reddit-S,43,context_static,False,71,2.2655744552612305,0.0
97,text,1.8854001760482788,0.0,Reddit-S,43,context_static,False,71,1.8854001760482788,0.0
97,visual,2.27140212059021,0.0,Reddit-S,43,context_static,False,71,2.27140212059021,0.0
98,text,1.8885740041732788,0.0,Reddit-S,43,context_static,False,71,1.8885740041732788,0.0
98,visual,2.2770004272460938,0.0,Reddit-S,43,context_static,False,71,2.2770004272460938,0.0
99,text,1.8915902376174927,0.0,Reddit-S,43,context_static,False,71,1.8915902376174927,0.0
99,visual,2.2824583053588867,0.0,Reddit-S,43,context_static,False,71,2.2824583053588867,0.0
100,text,1.8945927619934082,0.0,Reddit-S,43,context_static,False,71,1.8945927619934082,0.0
100,visual,2.287818670272827,0.0,Reddit-S,43,context_static,False,71,2.287818670272827,0.0
101,text,1.8977267742156982,0.0,Reddit-S,43,context_static,False,71,1.8977267742156982,0.0
101,visual,2.293286085128784,0.0,Reddit-S,43,context_static,False,71,2.293286085128784,0.0
1,text,0.08993076533079147,0.0,Reddit-S,43,context_attn_dynamic,False,51,0.08993076533079147,0.0
1,visual,0.09001094847917557,0.0,Reddit-S,43,context_attn_dynamic,False,51,0.09001094847917557,0.0
2,text,0.13873091340065002,0.0,Reddit-S,43,context_attn_dynamic,False,51,0.13873091340065002,0.0
2,visual,0.14625228941440582,0.0,Reddit-S,43,context_attn_dynamic,False,51,0.14625228941440582,0.0
3,text,0.1791098415851593,0.0,Reddit-S,43,context_attn_dynamic,False,51,0.1791098415851593,0.0
3,visual,0.1926194429397583,0.0,Reddit-S,43,context_attn_dynamic,False,51,0.1926194429397583,0.0
4,text,0.2195843905210495,0.0,Reddit-S,43,context_attn_dynamic,False,51,0.2195843905210495,0.0
4,visual,0.23941773176193237,0.0,Reddit-S,43,context_attn_dynamic,False,51,0.23941773176193237,0.0
5,text,0.2586011588573456,0.0,Reddit-S,43,context_attn_dynamic,False,51,0.2586011588573456,0.0
5,visual,0.28469982743263245,0.0,Reddit-S,43,context_attn_dynamic,False,51,0.28469982743263245,0.0
6,text,0.29514724016189575,0.0,Reddit-S,43,context_attn_dynamic,False,51,0.29514724016189575,0.0
6,visual,0.3280954658985138,0.0,Reddit-S,43,context_attn_dynamic,False,51,0.3280954658985138,0.0
7,text,0.32970505952835083,0.0,Reddit-S,43,context_attn_dynamic,False,51,0.32970505952835083,0.0
7,visual,0.3701789081096649,0.0,Reddit-S,43,context_attn_dynamic,False,51,0.3701789081096649,0.0
8,text,0.3648720681667328,0.0,Reddit-S,43,context_attn_dynamic,False,51,0.3648720681667328,0.0
8,visual,0.41250982880592346,0.0,Reddit-S,43,context_attn_dynamic,False,51,0.41250982880592346,0.0
9,text,0.4015001654624939,0.0,Reddit-S,43,context_attn_dynamic,False,51,0.4015001654624939,0.0
9,visual,0.456127792596817,0.0,Reddit-S,43,context_attn_dynamic,False,51,0.456127792596817,0.0
10,text,0.44004228711128235,0.0,Reddit-S,43,context_attn_dynamic,False,51,0.44004228711128235,0.0
10,visual,0.5011107921600342,0.0,Reddit-S,43,context_attn_dynamic,False,51,0.5011107921600342,0.0
11,text,0.47998446226119995,0.0,Reddit-S,43,context_attn_dynamic,False,51,0.47998446226119995,0.0
11,visual,0.5465703010559082,0.0,Reddit-S,43,context_attn_dynamic,False,51,0.5465703010559082,0.0
12,text,0.5203907489776611,0.0,Reddit-S,43,context_attn_dynamic,False,51,0.5203907489776611,0.0
12,visual,0.5913674235343933,0.0,Reddit-S,43,context_attn_dynamic,False,51,0.5913674235343933,0.0
13,text,0.5612671971321106,0.0,Reddit-S,43,context_attn_dynamic,False,51,0.5612671971321106,0.0
13,visual,0.6354256272315979,0.0,Reddit-S,43,context_attn_dynamic,False,51,0.6354256272315979,0.0
14,text,0.6019563674926758,0.0,Reddit-S,43,context_attn_dynamic,False,51,0.6019563674926758,0.0
14,visual,0.6783932447433472,0.0,Reddit-S,43,context_attn_dynamic,False,51,0.6783932447433472,0.0
15,text,0.6421701908111572,0.0,Reddit-S,43,context_attn_dynamic,False,51,0.6421701908111572,0.0
15,visual,0.7201938629150391,0.0,Reddit-S,43,context_attn_dynamic,False,51,0.7201938629150391,0.0
16,text,0.6820605993270874,0.0,Reddit-S,43,context_attn_dynamic,False,51,0.6820605993270874,0.0
16,visual,0.7608892321586609,0.0,Reddit-S,43,context_attn_dynamic,False,51,0.7608892321586609,0.0
17,text,0.7214821577072144,0.0,Reddit-S,43,context_attn_dynamic,False,51,0.7214821577072144,0.0
17,visual,0.8004341125488281,0.0,Reddit-S,43,context_attn_dynamic,False,51,0.8004341125488281,0.0
18,text,0.760389506816864,0.0,Reddit-S,43,context_attn_dynamic,False,51,0.760389506816864,0.0
18,visual,0.8391134142875671,0.0,Reddit-S,43,context_attn_dynamic,False,51,0.8391134142875671,0.0
19,text,0.7977896332740784,0.0,Reddit-S,43,context_attn_dynamic,False,51,0.7977896332740784,0.0
19,visual,0.8770073056221008,0.0,Reddit-S,43,context_attn_dynamic,False,51,0.8770073056221008,0.0
20,text,0.8340390920639038,0.0,Reddit-S,43,context_attn_dynamic,False,51,0.8340390920639038,0.0
20,visual,0.9140347242355347,0.0,Reddit-S,43,context_attn_dynamic,False,51,0.9140347242355347,0.0
21,text,0.8698166608810425,0.0,Reddit-S,43,context_attn_dynamic,False,51,0.8698166608810425,0.0
21,visual,0.9502492547035217,0.0,Reddit-S,43,context_attn_dynamic,False,51,0.9502492547035217,0.0
22,text,0.9046528935432434,0.0,Reddit-S,43,context_attn_dynamic,False,51,0.9046528935432434,0.0
22,visual,0.9858698844909668,0.0,Reddit-S,43,context_attn_dynamic,False,51,0.9858698844909668,0.0
23,text,0.9388996958732605,0.0,Reddit-S,43,context_attn_dynamic,False,51,0.9388996958732605,0.0
23,visual,1.0215203762054443,0.0,Reddit-S,43,context_attn_dynamic,False,51,1.0215203762054443,0.0
24,text,0.9723544716835022,0.0,Reddit-S,43,context_attn_dynamic,False,51,0.9723544716835022,0.0
24,visual,1.056685447692871,0.0,Reddit-S,43,context_attn_dynamic,False,51,1.056685447692871,0.0
25,text,1.0053340196609497,0.0,Reddit-S,43,context_attn_dynamic,False,51,1.0053340196609497,0.0
25,visual,1.0921038389205933,0.0,Reddit-S,43,context_attn_dynamic,False,51,1.0921038389205933,0.0
26,text,1.0377432107925415,0.0,Reddit-S,43,context_attn_dynamic,False,51,1.0377432107925415,0.0
26,visual,1.1278973817825317,0.0,Reddit-S,43,context_attn_dynamic,False,51,1.1278973817825317,0.0
27,text,1.0697968006134033,0.0,Reddit-S,43,context_attn_dynamic,False,51,1.0697968006134033,0.0
27,visual,1.1637849807739258,0.0,Reddit-S,43,context_attn_dynamic,False,51,1.1637849807739258,0.0
28,text,1.1017893552780151,0.0,Reddit-S,43,context_attn_dynamic,False,51,1.1017893552780151,0.0
28,visual,1.1997344493865967,0.0,Reddit-S,43,context_attn_dynamic,False,51,1.1997344493865967,0.0
29,text,1.1319421529769897,0.0,Reddit-S,43,context_attn_dynamic,False,51,1.1319421529769897,0.0
29,visual,1.2362370491027832,0.0,Reddit-S,43,context_attn_dynamic,False,51,1.2362370491027832,0.0
30,text,1.1615900993347168,0.0,Reddit-S,43,context_attn_dynamic,False,51,1.1615900993347168,0.0
30,visual,1.2728346586227417,0.0,Reddit-S,43,context_attn_dynamic,False,51,1.2728346586227417,0.0
31,text,1.1907446384429932,0.0,Reddit-S,43,context_attn_dynamic,False,51,1.1907446384429932,0.0
31,visual,1.3092952966690063,0.0,Reddit-S,43,context_attn_dynamic,False,51,1.3092952966690063,0.0
32,text,1.2191442251205444,0.0,Reddit-S,43,context_attn_dynamic,False,51,1.2191442251205444,0.0
32,visual,1.3457061052322388,0.0,Reddit-S,43,context_attn_dynamic,False,51,1.3457061052322388,0.0
33,text,1.2466672658920288,0.0,Reddit-S,43,context_attn_dynamic,False,51,1.2466672658920288,0.0
33,visual,1.3818385601043701,0.0,Reddit-S,43,context_attn_dynamic,False,51,1.3818385601043701,0.0
34,text,1.2726788520812988,0.0,Reddit-S,43,context_attn_dynamic,False,51,1.2726788520812988,0.0
34,visual,1.4174704551696777,0.0,Reddit-S,43,context_attn_dynamic,False,51,1.4174704551696777,0.0
35,text,1.297051191329956,0.0,Reddit-S,43,context_attn_dynamic,False,51,1.297051191329956,0.0
35,visual,1.4530736207962036,0.0,Reddit-S,43,context_attn_dynamic,False,51,1.4530736207962036,0.0
36,text,1.319958209991455,0.0,Reddit-S,43,context_attn_dynamic,False,51,1.319958209991455,0.0
36,visual,1.4879971742630005,0.0,Reddit-S,43,context_attn_dynamic,False,51,1.4879971742630005,0.0
37,text,1.3421623706817627,0.0,Reddit-S,43,context_attn_dynamic,False,51,1.3421623706817627,0.0
37,visual,1.5213347673416138,0.0,Reddit-S,43,context_attn_dynamic,False,51,1.5213347673416138,0.0
38,text,1.363691806793213,0.0,Reddit-S,43,context_attn_dynamic,False,51,1.363691806793213,0.0
38,visual,1.5534237623214722,0.0,Reddit-S,43,context_attn_dynamic,False,51,1.5534237623214722,0.0
39,text,1.3842192888259888,0.0,Reddit-S,43,context_attn_dynamic,False,51,1.3842192888259888,0.0
39,visual,1.5849237442016602,0.0,Reddit-S,43,context_attn_dynamic,False,51,1.5849237442016602,0.0
40,text,1.404131531715393,0.0,Reddit-S,43,context_attn_dynamic,False,51,1.404131531715393,0.0
40,visual,1.6155660152435303,0.0,Reddit-S,43,context_attn_dynamic,False,51,1.6155660152435303,0.0
41,text,1.4239883422851562,0.0,Reddit-S,43,context_attn_dynamic,False,51,1.4239883422851562,0.0
41,visual,1.6450332403182983,0.0,Reddit-S,43,context_attn_dynamic,False,51,1.6450332403182983,0.0
42,text,1.4439892768859863,0.0,Reddit-S,43,context_attn_dynamic,False,51,1.4439892768859863,0.0
42,visual,1.6734833717346191,0.0,Reddit-S,43,context_attn_dynamic,False,51,1.6734833717346191,0.0
43,text,1.464455008506775,0.0,Reddit-S,43,context_attn_dynamic,False,51,1.464455008506775,0.0
43,visual,1.7008311748504639,0.0,Reddit-S,43,context_attn_dynamic,False,51,1.7008311748504639,0.0
44,text,1.4838441610336304,0.0,Reddit-S,43,context_attn_dynamic,False,51,1.4838441610336304,0.0
44,visual,1.7261619567871094,0.0,Reddit-S,43,context_attn_dynamic,False,51,1.7261619567871094,0.0
45,text,1.5025831460952759,0.0,Reddit-S,43,context_attn_dynamic,False,51,1.5025831460952759,0.0
45,visual,1.7503716945648193,0.0,Reddit-S,43,context_attn_dynamic,False,51,1.7503716945648193,0.0
46,text,1.5213251113891602,0.0,Reddit-S,43,context_attn_dynamic,False,51,1.5213251113891602,0.0
46,visual,1.7739804983139038,0.0,Reddit-S,43,context_attn_dynamic,False,51,1.7739804983139038,0.0
47,text,1.539389967918396,0.0,Reddit-S,43,context_attn_dynamic,False,51,1.539389967918396,0.0
47,visual,1.7952500581741333,0.0,Reddit-S,43,context_attn_dynamic,False,51,1.7952500581741333,0.0
48,text,1.5562222003936768,0.0,Reddit-S,43,context_attn_dynamic,False,51,1.5562222003936768,0.0
48,visual,1.8165853023529053,0.0,Reddit-S,43,context_attn_dynamic,False,51,1.8165853023529053,0.0
49,text,1.571847915649414,0.0,Reddit-S,43,context_attn_dynamic,False,51,1.571847915649414,0.0
49,visual,1.8376117944717407,0.0,Reddit-S,43,context_attn_dynamic,False,51,1.8376117944717407,0.0
50,text,1.5869801044464111,0.0,Reddit-S,43,context_attn_dynamic,False,51,1.5869801044464111,0.0
50,visual,1.8583040237426758,0.0,Reddit-S,43,context_attn_dynamic,False,51,1.8583040237426758,0.0
51,text,1.601607322692871,0.0,Reddit-S,43,context_attn_dynamic,True,51,1.601607322692871,0.0
51,visual,1.8787145614624023,0.0,Reddit-S,43,context_attn_dynamic,True,51,1.8787145614624023,0.0
52,text,1.6155792474746704,0.0,Reddit-S,43,context_attn_dynamic,False,51,1.6155792474746704,0.0
52,visual,1.8987340927124023,0.0,Reddit-S,43,context_attn_dynamic,False,51,1.8987340927124023,0.0
53,text,1.629517674446106,0.0,Reddit-S,43,context_attn_dynamic,False,51,1.629517674446106,0.0
53,visual,1.9185798168182373,0.0,Reddit-S,43,context_attn_dynamic,False,51,1.9185798168182373,0.0
54,text,1.643752098083496,0.0,Reddit-S,43,context_attn_dynamic,False,51,1.643752098083496,0.0
54,visual,1.9384278059005737,0.0,Reddit-S,43,context_attn_dynamic,False,51,1.9384278059005737,0.0
55,text,1.6581873893737793,0.0,Reddit-S,43,context_attn_dynamic,False,51,1.6581873893737793,0.0
55,visual,1.958282709121704,0.0,Reddit-S,43,context_attn_dynamic,False,51,1.958282709121704,0.0
56,text,1.6712836027145386,0.0,Reddit-S,43,context_attn_dynamic,False,51,1.6712836027145386,0.0
56,visual,1.9773792028427124,0.0,Reddit-S,43,context_attn_dynamic,False,51,1.9773792028427124,0.0
57,text,1.6812821626663208,0.0,Reddit-S,43,context_attn_dynamic,False,51,1.6812821626663208,0.0
57,visual,1.9966837167739868,0.0,Reddit-S,43,context_attn_dynamic,False,51,1.9966837167739868,0.0
58,text,1.6899662017822266,0.0,Reddit-S,43,context_attn_dynamic,False,51,1.6899662017822266,0.0
58,visual,2.014482259750366,0.0,Reddit-S,43,context_attn_dynamic,False,51,2.014482259750366,0.0
59,text,1.6986969709396362,0.0,Reddit-S,43,context_attn_dynamic,False,51,1.6986969709396362,0.0
59,visual,2.031763792037964,0.0,Reddit-S,43,context_attn_dynamic,False,51,2.031763792037964,0.0
60,text,1.707409381866455,0.0,Reddit-S,43,context_attn_dynamic,False,51,1.707409381866455,0.0
60,visual,2.0481247901916504,0.0,Reddit-S,43,context_attn_dynamic,False,51,2.0481247901916504,0.0
61,text,1.7151737213134766,0.0,Reddit-S,43,context_attn_dynamic,False,51,1.7151737213134766,0.0
61,visual,2.0639805793762207,0.0,Reddit-S,43,context_attn_dynamic,False,51,2.0639805793762207,0.0
62,text,1.7221020460128784,0.0,Reddit-S,43,context_attn_dynamic,False,51,1.7221020460128784,0.0
62,visual,2.079559326171875,0.0,Reddit-S,43,context_attn_dynamic,False,51,2.079559326171875,0.0
63,text,1.727944254875183,0.0,Reddit-S,43,context_attn_dynamic,False,51,1.727944254875183,0.0
63,visual,2.0947039127349854,0.0,Reddit-S,43,context_attn_dynamic,False,51,2.0947039127349854,0.0
64,text,1.7342863082885742,0.0,Reddit-S,43,context_attn_dynamic,False,51,1.7342863082885742,0.0
64,visual,2.1088690757751465,0.0,Reddit-S,43,context_attn_dynamic,False,51,2.1088690757751465,0.0
65,text,1.7416160106658936,0.0,Reddit-S,43,context_attn_dynamic,False,51,1.7416160106658936,0.0
65,visual,2.1223678588867188,0.0,Reddit-S,43,context_attn_dynamic,False,51,2.1223678588867188,0.0
66,text,1.748541235923767,0.0,Reddit-S,43,context_attn_dynamic,False,51,1.748541235923767,0.0
66,visual,2.135249614715576,0.0,Reddit-S,43,context_attn_dynamic,False,51,2.135249614715576,0.0
67,text,1.754900574684143,0.0,Reddit-S,43,context_attn_dynamic,False,51,1.754900574684143,0.0
67,visual,2.1479854583740234,0.0,Reddit-S,43,context_attn_dynamic,False,51,2.1479854583740234,0.0
68,text,1.7611266374588013,0.0,Reddit-S,43,context_attn_dynamic,False,51,1.7611266374588013,0.0
68,visual,2.160385847091675,0.0,Reddit-S,43,context_attn_dynamic,False,51,2.160385847091675,0.0
69,text,1.7669419050216675,0.0,Reddit-S,43,context_attn_dynamic,False,51,1.7669419050216675,0.0
69,visual,2.1723618507385254,0.0,Reddit-S,43,context_attn_dynamic,False,51,2.1723618507385254,0.0
70,text,1.7726656198501587,0.0,Reddit-S,43,context_attn_dynamic,False,51,1.7726656198501587,0.0
70,visual,2.1835854053497314,0.0,Reddit-S,43,context_attn_dynamic,False,51,2.1835854053497314,0.0
71,text,1.778726577758789,0.0,Reddit-S,43,context_attn_dynamic,False,51,1.778726577758789,0.0
71,visual,2.1943814754486084,0.0,Reddit-S,43,context_attn_dynamic,False,51,2.1943814754486084,0.0
72,text,1.7850558757781982,0.0,Reddit-S,43,context_attn_dynamic,False,51,1.7850558757781982,0.0
72,visual,2.2045609951019287,0.0,Reddit-S,43,context_attn_dynamic,False,51,2.2045609951019287,0.0
73,text,1.7911015748977661,0.0,Reddit-S,43,context_attn_dynamic,False,51,1.7911015748977661,0.0
73,visual,2.214252233505249,0.0,Reddit-S,43,context_attn_dynamic,False,51,2.214252233505249,0.0
74,text,1.796936273574829,0.0,Reddit-S,43,context_attn_dynamic,False,51,1.796936273574829,0.0
74,visual,2.2235376834869385,0.0,Reddit-S,43,context_attn_dynamic,False,51,2.2235376834869385,0.0
75,text,1.8026357889175415,0.0,Reddit-S,43,context_attn_dynamic,False,51,1.8026357889175415,0.0
75,visual,2.2324025630950928,0.0,Reddit-S,43,context_attn_dynamic,False,51,2.2324025630950928,0.0
76,text,1.8080319166183472,0.0,Reddit-S,43,context_attn_dynamic,False,51,1.8080319166183472,0.0
76,visual,2.2404017448425293,0.0,Reddit-S,43,context_attn_dynamic,False,51,2.2404017448425293,0.0
77,text,1.8132188320159912,0.0,Reddit-S,43,context_attn_dynamic,False,51,1.8132188320159912,0.0
77,visual,2.2474491596221924,0.0,Reddit-S,43,context_attn_dynamic,False,51,2.2474491596221924,0.0
78,text,1.8180572986602783,0.0,Reddit-S,43,context_attn_dynamic,False,51,1.8180572986602783,0.0
78,visual,2.253682851791382,0.0,Reddit-S,43,context_attn_dynamic,False,51,2.253682851791382,0.0
79,text,1.822849988937378,0.0,Reddit-S,43,context_attn_dynamic,False,51,1.822849988937378,0.0
79,visual,2.2598378658294678,0.0,Reddit-S,43,context_attn_dynamic,False,51,2.2598378658294678,0.0
80,text,1.8276797533035278,0.0,Reddit-S,43,context_attn_dynamic,False,51,1.8276797533035278,0.0
80,visual,2.2662618160247803,0.0,Reddit-S,43,context_attn_dynamic,False,51,2.2662618160247803,0.0
81,text,1.8325146436691284,0.0,Reddit-S,43,context_attn_dynamic,False,51,1.8325146436691284,0.0
81,visual,2.27272891998291,0.0,Reddit-S,43,context_attn_dynamic,False,51,2.27272891998291,0.0
1,text,0.08990402519702911,0.0,Reddit-S,43,context_bilinear_absolute,False,75,0.08990402519702911,0.0
1,visual,0.09008748084306717,0.0,Reddit-S,43,context_bilinear_absolute,False,75,0.09008748084306717,0.0
2,text,0.13873670995235443,0.02788274548947811,Reddit-S,43,context_bilinear_absolute,False,75,0.13873670995235443,0.02788274548947811
2,visual,0.1455497443675995,0.028267450630664825,Reddit-S,43,context_bilinear_absolute,False,75,0.1455497443675995,0.028267450630664825
3,text,0.17989565432071686,0.04927946999669075,Reddit-S,43,context_bilinear_absolute,False,75,0.17989565432071686,0.04927946999669075
3,visual,0.1914186030626297,0.049635451287031174,Reddit-S,43,context_bilinear_absolute,False,75,0.1914186030626297,0.049635451287031174
4,text,0.2206508219242096,0.073104627430439,Reddit-S,43,context_bilinear_absolute,False,75,0.2206508219242096,0.073104627430439
4,visual,0.2364225685596466,0.0723574087023735,Reddit-S,43,context_bilinear_absolute,False,75,0.2364225685596466,0.0723574087023735
5,text,0.2583945393562317,0.09550771117210388,Reddit-S,43,context_bilinear_absolute,False,75,0.2583945393562317,0.09550771117210388
5,visual,0.27974939346313477,0.09589257836341858,Reddit-S,43,context_bilinear_absolute,False,75,0.27974939346313477,0.09589257836341858
6,text,0.2936341166496277,0.11510642617940903,Reddit-S,43,context_bilinear_absolute,False,75,0.2936341166496277,0.11510642617940903
6,visual,0.3206823170185089,0.11928079277276993,Reddit-S,43,context_bilinear_absolute,False,75,0.3206823170185089,0.11928079277276993
7,text,0.3263988494873047,0.13084125518798828,Reddit-S,43,context_bilinear_absolute,False,75,0.3263988494873047,0.13084125518798828
7,visual,0.3600805103778839,0.14236418902873993,Reddit-S,43,context_bilinear_absolute,False,75,0.3600805103778839,0.14236418902873993
8,text,0.3591618835926056,0.1478632390499115,Reddit-S,43,context_bilinear_absolute,False,75,0.3591618835926056,0.1478632390499115
8,visual,0.399652361869812,0.16610918939113617,Reddit-S,43,context_bilinear_absolute,False,75,0.399652361869812,0.16610918939113617
9,text,0.39333778619766235,0.16763204336166382,Reddit-S,43,context_bilinear_absolute,False,75,0.39333778619766235,0.16763204336166382
9,visual,0.4400852918624878,0.19020968675613403,Reddit-S,43,context_bilinear_absolute,False,75,0.4400852918624878,0.19020968675613403
10,text,0.42938005924224854,0.19030499458312988,Reddit-S,43,context_bilinear_absolute,False,75,0.42938005924224854,0.19030499458312988
10,visual,0.48174166679382324,0.21498563885688782,Reddit-S,43,context_bilinear_absolute,False,75,0.48174166679382324,0.21498563885688782
11,text,0.4666476547718048,0.21481916308403015,Reddit-S,43,context_bilinear_absolute,False,75,0.4666476547718048,0.21481916308403015
11,visual,0.5242478251457214,0.24032030999660492,Reddit-S,43,context_bilinear_absolute,False,75,0.5242478251457214,0.24032030999660492
12,text,0.5045173764228821,0.24066279828548431,Reddit-S,43,context_bilinear_absolute,False,75,0.5045173764228821,0.24066279828548431
12,visual,0.566753625869751,0.2655978500843048,Reddit-S,43,context_bilinear_absolute,False,75,0.566753625869751,0.2655978500843048
13,text,0.5426132082939148,0.26739153265953064,Reddit-S,43,context_bilinear_absolute,False,75,0.5426132082939148,0.26739153265953064
13,visual,0.6086441278457642,0.2908678650856018,Reddit-S,43,context_bilinear_absolute,False,75,0.6086441278457642,0.2908678650856018
14,text,0.5802218317985535,0.29351457953453064,Reddit-S,43,context_bilinear_absolute,False,75,0.5802218317985535,0.29351457953453064
14,visual,0.6492119431495667,0.3157147467136383,Reddit-S,43,context_bilinear_absolute,False,75,0.6492119431495667,0.3157147467136383
15,text,0.6166847944259644,0.3165383040904999,Reddit-S,43,context_bilinear_absolute,False,75,0.6166847944259644,0.3165383040904999
15,visual,0.6881123185157776,0.3392362892627716,Reddit-S,43,context_bilinear_absolute,False,75,0.6881123185157776,0.3392362892627716
16,text,0.6531106233596802,0.34087449312210083,Reddit-S,43,context_bilinear_absolute,False,75,0.6531106233596802,0.34087449312210083
16,visual,0.7258762717247009,0.36260464787483215,Reddit-S,43,context_bilinear_absolute,False,75,0.7258762717247009,0.36260464787483215
17,text,0.6889660954475403,0.3651205897331238,Reddit-S,43,context_bilinear_absolute,False,75,0.6889660954475403,0.3651205897331238
17,visual,0.7627133727073669,0.3859810531139374,Reddit-S,43,context_bilinear_absolute,False,75,0.7627133727073669,0.3859810531139374
18,text,0.7235430479049683,0.38617071509361267,Reddit-S,43,context_bilinear_absolute,False,75,0.7235430479049683,0.38617071509361267
18,visual,0.7984821796417236,0.4091080129146576,Reddit-S,43,context_bilinear_absolute,False,75,0.7984821796417236,0.4091080129146576
19,text,0.7564787268638611,0.40303701162338257,Reddit-S,43,context_bilinear_absolute,False,75,0.7564787268638611,0.40303701162338257
19,visual,0.8334158658981323,0.43225449323654175,Reddit-S,43,context_bilinear_absolute,False,75,0.8334158658981323,0.43225449323654175
20,text,0.7888745665550232,0.41940271854400635,Reddit-S,43,context_bilinear_absolute,False,75,0.7888745665550232,0.41940271854400635
20,visual,0.8675057291984558,0.4551684260368347,Reddit-S,43,context_bilinear_absolute,False,75,0.8675057291984558,0.4551684260368347
21,text,0.821286678314209,0.4360333979129791,Reddit-S,43,context_bilinear_absolute,False,75,0.821286678314209,0.4360333979129791
21,visual,0.9012951850891113,0.47799089550971985,Reddit-S,43,context_bilinear_absolute,False,75,0.9012951850891113,0.47799089550971985
22,text,0.8531301021575928,0.4487419128417969,Reddit-S,43,context_bilinear_absolute,False,75,0.8531301021575928,0.4487419128417969
22,visual,0.9346706867218018,0.5007969737052917,Reddit-S,43,context_bilinear_absolute,False,75,0.9346706867218018,0.5007969737052917
23,text,0.8855080604553223,0.46377140283584595,Reddit-S,43,context_bilinear_absolute,False,75,0.8855080604553223,0.46377140283584595
23,visual,0.9677118062973022,0.5229892134666443,Reddit-S,43,context_bilinear_absolute,False,75,0.9677118062973022,0.5229892134666443
24,text,0.9178807139396667,0.4797154664993286,Reddit-S,43,context_bilinear_absolute,False,75,0.9178807139396667,0.4797154664993286
24,visual,1.0005804300308228,0.5447482466697693,Reddit-S,43,context_bilinear_absolute,False,75,1.0005804300308228,0.5447482466697693
25,text,0.9508761763572693,0.49623021483421326,Reddit-S,43,context_bilinear_absolute,False,75,0.9508761763572693,0.49623021483421326
25,visual,1.0335211753845215,0.5668995380401611,Reddit-S,43,context_bilinear_absolute,False,75,1.0335211753845215,0.5668995380401611
26,text,0.9837239980697632,0.5139448046684265,Reddit-S,43,context_bilinear_absolute,False,75,0.9837239980697632,0.5139448046684265
26,visual,1.0663238763809204,0.5888389348983765,Reddit-S,43,context_bilinear_absolute,False,75,1.0663238763809204,0.5888389348983765
27,text,1.0161329507827759,0.5312016010284424,Reddit-S,43,context_bilinear_absolute,False,75,1.0161329507827759,0.5312016010284424
27,visual,1.0991231203079224,0.6108716130256653,Reddit-S,43,context_bilinear_absolute,False,75,1.0991231203079224,0.6108716130256653
28,text,1.0473657846450806,0.5474118590354919,Reddit-S,43,context_bilinear_absolute,False,75,1.0473657846450806,0.5474118590354919
28,visual,1.131982445716858,0.6332330107688904,Reddit-S,43,context_bilinear_absolute,False,75,1.131982445716858,0.6332330107688904
29,text,1.077962040901184,0.5653126239776611,Reddit-S,43,context_bilinear_absolute,False,75,1.077962040901184,0.5653126239776611
29,visual,1.1649221181869507,0.6557732224464417,Reddit-S,43,context_bilinear_absolute,False,75,1.1649221181869507,0.6557732224464417
30,text,1.107907772064209,0.58445143699646,Reddit-S,43,context_bilinear_absolute,False,75,1.107907772064209,0.58445143699646
30,visual,1.1971524953842163,0.6784518957138062,Reddit-S,43,context_bilinear_absolute,False,75,1.1971524953842163,0.6784518957138062
31,text,1.1372205018997192,0.6028125882148743,Reddit-S,43,context_bilinear_absolute,False,75,1.1372205018997192,0.6028125882148743
31,visual,1.2291200160980225,0.6995260715484619,Reddit-S,43,context_bilinear_absolute,False,75,1.2291200160980225,0.6995260715484619
32,text,1.1653096675872803,0.6211028695106506,Reddit-S,43,context_bilinear_absolute,False,75,1.1653096675872803,0.6211028695106506
32,visual,1.2604310512542725,0.7205668687820435,Reddit-S,43,context_bilinear_absolute,False,75,1.2604310512542725,0.7205668687820435
33,text,1.1923211812973022,0.6394301056861877,Reddit-S,43,context_bilinear_absolute,False,75,1.1923211812973022,0.6394301056861877
33,visual,1.2905484437942505,0.7409757375717163,Reddit-S,43,context_bilinear_absolute,False,75,1.2905484437942505,0.7409757375717163
34,text,1.2165437936782837,0.6526446342468262,Reddit-S,43,context_bilinear_absolute,False,75,1.2165437936782837,0.6526446342468262
34,visual,1.3205758333206177,0.7617399096488953,Reddit-S,43,context_bilinear_absolute,False,75,1.3205758333206177,0.7617399096488953
35,text,1.2390031814575195,0.6623921990394592,Reddit-S,43,context_bilinear_absolute,False,75,1.2390031814575195,0.6623921990394592
35,visual,1.3493283987045288,0.7822191119194031,Reddit-S,43,context_bilinear_absolute,False,75,1.3493283987045288,0.7822191119194031
36,text,1.2607145309448242,0.6700343489646912,Reddit-S,43,context_bilinear_absolute,False,75,1.2607145309448242,0.6700343489646912
36,visual,1.3777780532836914,0.8026888370513916,Reddit-S,43,context_bilinear_absolute,False,75,1.3777780532836914,0.8026888370513916
37,text,1.2815080881118774,0.6748178601264954,Reddit-S,43,context_bilinear_absolute,False,75,1.2815080881118774,0.6748178601264954
37,visual,1.4062764644622803,0.8237065672874451,Reddit-S,43,context_bilinear_absolute,False,75,1.4062764644622803,0.8237065672874451
38,text,1.301439642906189,0.6790428757667542,Reddit-S,43,context_bilinear_absolute,False,75,1.301439642906189,0.6790428757667542
38,visual,1.4338884353637695,0.8444859981536865,Reddit-S,43,context_bilinear_absolute,False,75,1.4338884353637695,0.8444859981536865
39,text,1.3217809200286865,0.6851653456687927,Reddit-S,43,context_bilinear_absolute,False,75,1.3217809200286865,0.6851653456687927
39,visual,1.4606714248657227,0.8648696541786194,Reddit-S,43,context_bilinear_absolute,False,75,1.4606714248657227,0.8648696541786194
40,text,1.3417538404464722,0.692296028137207,Reddit-S,43,context_bilinear_absolute,False,75,1.3417538404464722,0.692296028137207
40,visual,1.4873168468475342,0.8861727118492126,Reddit-S,43,context_bilinear_absolute,False,75,1.4873168468475342,0.8861727118492126
41,text,1.3611929416656494,0.699219822883606,Reddit-S,43,context_bilinear_absolute,False,75,1.3611929416656494,0.699219822883606
41,visual,1.513488531112671,0.9070385694503784,Reddit-S,43,context_bilinear_absolute,False,75,1.513488531112671,0.9070385694503784
42,text,1.3798967599868774,0.7071943879127502,Reddit-S,43,context_bilinear_absolute,False,75,1.3798967599868774,0.7071943879127502
42,visual,1.5398176908493042,0.9286422729492188,Reddit-S,43,context_bilinear_absolute,False,75,1.5398176908493042,0.9286422729492188
43,text,1.3979835510253906,0.7162344455718994,Reddit-S,43,context_bilinear_absolute,False,75,1.3979835510253906,0.7162344455718994
43,visual,1.5651742219924927,0.9490980505943298,Reddit-S,43,context_bilinear_absolute,False,75,1.5651742219924927,0.9490980505943298
44,text,1.4160486459732056,0.7264395356178284,Reddit-S,43,context_bilinear_absolute,False,75,1.4160486459732056,0.7264395356178284
44,visual,1.590248942375183,0.9688117504119873,Reddit-S,43,context_bilinear_absolute,False,75,1.590248942375183,0.9688117504119873
45,text,1.4332668781280518,0.7376441359519958,Reddit-S,43,context_bilinear_absolute,False,75,1.4332668781280518,0.7376441359519958
45,visual,1.6150753498077393,0.9879351854324341,Reddit-S,43,context_bilinear_absolute,False,75,1.6150753498077393,0.9879351854324341
46,text,1.450209617614746,0.75,Reddit-S,43,context_bilinear_absolute,False,75,1.450209617614746,0.75
46,visual,1.6395752429962158,1.0079495906829834,Reddit-S,43,context_bilinear_absolute,False,75,1.6395752429962158,1.0079495906829834
47,text,1.4674891233444214,0.7643216252326965,Reddit-S,43,context_bilinear_absolute,False,75,1.4674891233444214,0.7643216252326965
47,visual,1.664353370666504,1.0285792350769043,Reddit-S,43,context_bilinear_absolute,False,75,1.664353370666504,1.0285792350769043
48,text,1.4848679304122925,0.7799455523490906,Reddit-S,43,context_bilinear_absolute,False,75,1.4848679304122925,0.7799455523490906
48,visual,1.6889820098876953,1.0487734079360962,Reddit-S,43,context_bilinear_absolute,False,75,1.6889820098876953,1.0487734079360962
49,text,1.5020339488983154,0.7956947088241577,Reddit-S,43,context_bilinear_absolute,False,75,1.5020339488983154,0.7956947088241577
49,visual,1.7135634422302246,1.069476842880249,Reddit-S,43,context_bilinear_absolute,False,75,1.7135634422302246,1.069476842880249
50,text,1.5191779136657715,0.8122084140777588,Reddit-S,43,context_bilinear_absolute,False,75,1.5191779136657715,0.8122084140777588
50,visual,1.7382495403289795,1.090221881866455,Reddit-S,43,context_bilinear_absolute,False,75,1.7382495403289795,1.090221881866455
51,text,1.5358564853668213,0.8288320302963257,Reddit-S,43,context_bilinear_absolute,False,75,1.5358564853668213,0.8288320302963257
51,visual,1.762798547744751,1.1114691495895386,Reddit-S,43,context_bilinear_absolute,False,75,1.762798547744751,1.1114691495895386
52,text,1.5519214868545532,0.8465133309364319,Reddit-S,43,context_bilinear_absolute,False,75,1.5519214868545532,0.8465133309364319
52,visual,1.7865525484085083,1.1323211193084717,Reddit-S,43,context_bilinear_absolute,False,75,1.7865525484085083,1.1323211193084717
53,text,1.5676696300506592,0.8650718331336975,Reddit-S,43,context_bilinear_absolute,False,75,1.5676696300506592,0.8650718331336975
53,visual,1.809586524963379,1.153891682624817,Reddit-S,43,context_bilinear_absolute,False,75,1.809586524963379,1.153891682624817
54,text,1.582772135734558,0.8817059397697449,Reddit-S,43,context_bilinear_absolute,False,75,1.582772135734558,0.8817059397697449
54,visual,1.8316560983657837,1.174464225769043,Reddit-S,43,context_bilinear_absolute,False,75,1.8316560983657837,1.174464225769043
55,text,1.5976958274841309,0.897955596446991,Reddit-S,43,context_bilinear_absolute,False,75,1.5976958274841309,0.897955596446991
55,visual,1.852330207824707,1.1937785148620605,Reddit-S,43,context_bilinear_absolute,False,75,1.852330207824707,1.1937785148620605
56,text,1.6124522686004639,0.9151853919029236,Reddit-S,43,context_bilinear_absolute,False,75,1.6124522686004639,0.9151853919029236
56,visual,1.8722041845321655,1.2138397693634033,Reddit-S,43,context_bilinear_absolute,False,75,1.8722041845321655,1.2138397693634033
57,text,1.6256104707717896,0.9310921430587769,Reddit-S,43,context_bilinear_absolute,False,75,1.6256104707717896,0.9310921430587769
57,visual,1.8914637565612793,1.2334784269332886,Reddit-S,43,context_bilinear_absolute,False,75,1.8914637565612793,1.2334784269332886
58,text,1.6374181509017944,0.9454905390739441,Reddit-S,43,context_bilinear_absolute,False,75,1.6374181509017944,0.9454905390739441
58,visual,1.9091706275939941,1.2500433921813965,Reddit-S,43,context_bilinear_absolute,False,75,1.9091706275939941,1.2500433921813965
59,text,1.6493852138519287,0.9600574970245361,Reddit-S,43,context_bilinear_absolute,False,75,1.6493852138519287,0.9600574970245361
59,visual,1.926042914390564,1.2672865390777588,Reddit-S,43,context_bilinear_absolute,False,75,1.926042914390564,1.2672865390777588
60,text,1.6610864400863647,0.974478006362915,Reddit-S,43,context_bilinear_absolute,False,75,1.6610864400863647,0.974478006362915
60,visual,1.9425878524780273,1.28579580783844,Reddit-S,43,context_bilinear_absolute,False,75,1.9425878524780273,1.28579580783844
61,text,1.6712056398391724,0.9876360893249512,Reddit-S,43,context_bilinear_absolute,False,75,1.6712056398391724,0.9876360893249512
61,visual,1.9584877490997314,1.3011654615402222,Reddit-S,43,context_bilinear_absolute,False,75,1.9584877490997314,1.3011654615402222
62,text,1.6806970834732056,1.001326560974121,Reddit-S,43,context_bilinear_absolute,False,75,1.6806970834732056,1.001326560974121
62,visual,1.9742319583892822,1.3170108795166016,Reddit-S,43,context_bilinear_absolute,False,75,1.9742319583892822,1.3170108795166016
63,text,1.6901087760925293,1.0164623260498047,Reddit-S,43,context_bilinear_absolute,False,75,1.6901087760925293,1.0164623260498047
63,visual,1.9897271394729614,1.3345361948013306,Reddit-S,43,context_bilinear_absolute,False,75,1.9897271394729614,1.3345361948013306
64,text,1.6987913846969604,1.0317755937576294,Reddit-S,43,context_bilinear_absolute,False,75,1.6987913846969604,1.0317755937576294
64,visual,2.004750967025757,1.3520780801773071,Reddit-S,43,context_bilinear_absolute,False,75,2.004750967025757,1.3520780801773071
65,text,1.707855463027954,1.0471200942993164,Reddit-S,43,context_bilinear_absolute,False,75,1.707855463027954,1.0471200942993164
65,visual,2.0191757678985596,1.3686680793762207,Reddit-S,43,context_bilinear_absolute,False,75,2.0191757678985596,1.3686680793762207
66,text,1.7170017957687378,1.0612623691558838,Reddit-S,43,context_bilinear_absolute,False,75,1.7170017957687378,1.0612623691558838
66,visual,2.033067226409912,1.3842601776123047,Reddit-S,43,context_bilinear_absolute,False,75,2.033067226409912,1.3842601776123047
67,text,1.7263473272323608,1.0758553743362427,Reddit-S,43,context_bilinear_absolute,False,75,1.7263473272323608,1.0758553743362427
67,visual,2.0464634895324707,1.3999029397964478,Reddit-S,43,context_bilinear_absolute,False,75,2.0464634895324707,1.3999029397964478
68,text,1.7353547811508179,1.0898220539093018,Reddit-S,43,context_bilinear_absolute,False,75,1.7353547811508179,1.0898220539093018
68,visual,2.059741973876953,1.4163256883621216,Reddit-S,43,context_bilinear_absolute,False,75,2.059741973876953,1.4163256883621216
69,text,1.7441307306289673,1.1031570434570312,Reddit-S,43,context_bilinear_absolute,False,75,1.7441307306289673,1.1031570434570312
69,visual,2.072765588760376,1.4324537515640259,Reddit-S,43,context_bilinear_absolute,False,75,2.072765588760376,1.4324537515640259
70,text,1.7525216341018677,1.1153433322906494,Reddit-S,43,context_bilinear_absolute,False,75,1.7525216341018677,1.1153433322906494
70,visual,2.0853166580200195,1.4481321573257446,Reddit-S,43,context_bilinear_absolute,False,75,2.0853166580200195,1.4481321573257446
71,text,1.7608222961425781,1.1267369985580444,Reddit-S,43,context_bilinear_absolute,False,75,1.7608222961425781,1.1267369985580444
71,visual,2.0971267223358154,1.4628456830978394,Reddit-S,43,context_bilinear_absolute,False,75,2.0971267223358154,1.4628456830978394
72,text,1.7688603401184082,1.1375048160552979,Reddit-S,43,context_bilinear_absolute,False,75,1.7688603401184082,1.1375048160552979
72,visual,2.1085355281829834,1.4783985614776611,Reddit-S,43,context_bilinear_absolute,False,75,2.1085355281829834,1.4783985614776611
73,text,1.7763971090316772,1.1470847129821777,Reddit-S,43,context_bilinear_absolute,False,75,1.7763971090316772,1.1470847129821777
73,visual,2.119354009628296,1.4938210248947144,Reddit-S,43,context_bilinear_absolute,False,75,2.119354009628296,1.4938210248947144
74,text,1.782990574836731,1.156745433807373,Reddit-S,43,context_bilinear_absolute,False,75,1.782990574836731,1.156745433807373
74,visual,2.1290762424468994,1.5070147514343262,Reddit-S,43,context_bilinear_absolute,False,75,2.1290762424468994,1.5070147514343262
75,text,1.7890520095825195,1.1653680801391602,Reddit-S,43,context_bilinear_absolute,True,75,1.7890520095825195,1.1653680801391602
75,visual,2.1384313106536865,1.5196336507797241,Reddit-S,43,context_bilinear_absolute,True,75,2.1384313106536865,1.5196336507797241
76,text,1.7951208353042603,1.174505352973938,Reddit-S,43,context_bilinear_absolute,False,75,1.7951208353042603,1.174505352973938
76,visual,2.1475322246551514,1.5318944454193115,Reddit-S,43,context_bilinear_absolute,False,75,2.1475322246551514,1.5318944454193115
77,text,1.8011953830718994,1.1843208074569702,Reddit-S,43,context_bilinear_absolute,False,75,1.8011953830718994,1.1843208074569702
77,visual,2.156421661376953,1.544537901878357,Reddit-S,43,context_bilinear_absolute,False,75,2.156421661376953,1.544537901878357
78,text,1.8075270652770996,1.1940264701843262,Reddit-S,43,context_bilinear_absolute,False,75,1.8075270652770996,1.1940264701843262
78,visual,2.165078639984131,1.5570813417434692,Reddit-S,43,context_bilinear_absolute,False,75,2.165078639984131,1.5570813417434692
79,text,1.8136497735977173,1.202803373336792,Reddit-S,43,context_bilinear_absolute,False,75,1.8136497735977173,1.202803373336792
79,visual,2.173447608947754,1.5688519477844238,Reddit-S,43,context_bilinear_absolute,False,75,2.173447608947754,1.5688519477844238
80,text,1.8198635578155518,1.2106951475143433,Reddit-S,43,context_bilinear_absolute,False,75,1.8198635578155518,1.2106951475143433
80,visual,2.1810824871063232,1.5804609060287476,Reddit-S,43,context_bilinear_absolute,False,75,2.1810824871063232,1.5804609060287476
81,text,1.8255469799041748,1.2188255786895752,Reddit-S,43,context_bilinear_absolute,False,75,1.8255469799041748,1.2188255786895752
81,visual,2.188654661178589,1.5921481847763062,Reddit-S,43,context_bilinear_absolute,False,75,2.188654661178589,1.5921481847763062
82,text,1.8307948112487793,1.2276082038879395,Reddit-S,43,context_bilinear_absolute,False,75,1.8307948112487793,1.2276082038879395
82,visual,2.1957952976226807,1.6035771369934082,Reddit-S,43,context_bilinear_absolute,False,75,2.1957952976226807,1.6035771369934082
83,text,1.835525393486023,1.2365384101867676,Reddit-S,43,context_bilinear_absolute,False,75,1.835525393486023,1.2365384101867676
83,visual,2.2027337551116943,1.6153188943862915,Reddit-S,43,context_bilinear_absolute,False,75,2.2027337551116943,1.6153188943862915
84,text,1.840033769607544,1.243747591972351,Reddit-S,43,context_bilinear_absolute,False,75,1.840033769607544,1.243747591972351
84,visual,2.2092373371124268,1.6268887519836426,Reddit-S,43,context_bilinear_absolute,False,75,2.2092373371124268,1.6268887519836426
85,text,1.844154953956604,1.249921441078186,Reddit-S,43,context_bilinear_absolute,False,75,1.844154953956604,1.249921441078186
85,visual,2.215618848800659,1.6376575231552124,Reddit-S,43,context_bilinear_absolute,False,75,2.215618848800659,1.6376575231552124
86,text,1.8478453159332275,1.2552517652511597,Reddit-S,43,context_bilinear_absolute,False,75,1.8478453159332275,1.2552517652511597
86,visual,2.2217204570770264,1.647447109222412,Reddit-S,43,context_bilinear_absolute,False,75,2.2217204570770264,1.647447109222412
87,text,1.8518263101577759,1.2612193822860718,Reddit-S,43,context_bilinear_absolute,False,75,1.8518263101577759,1.2612193822860718
87,visual,2.2276108264923096,1.6567693948745728,Reddit-S,43,context_bilinear_absolute,False,75,2.2276108264923096,1.6567693948745728
88,text,1.8556671142578125,1.266850471496582,Reddit-S,43,context_bilinear_absolute,False,75,1.8556671142578125,1.266850471496582
88,visual,2.2337024211883545,1.6656662225723267,Reddit-S,43,context_bilinear_absolute,False,75,2.2337024211883545,1.6656662225723267
89,text,1.8593603372573853,1.2731902599334717,Reddit-S,43,context_bilinear_absolute,False,75,1.8593603372573853,1.2731902599334717
89,visual,2.2398459911346436,1.6741547584533691,Reddit-S,43,context_bilinear_absolute,False,75,2.2398459911346436,1.6741547584533691
90,text,1.8634825944900513,1.281050682067871,Reddit-S,43,context_bilinear_absolute,False,75,1.8634825944900513,1.281050682067871
90,visual,2.245943307876587,1.6823292970657349,Reddit-S,43,context_bilinear_absolute,False,75,2.245943307876587,1.6823292970657349
91,text,1.867523193359375,1.2883065938949585,Reddit-S,43,context_bilinear_absolute,False,75,1.867523193359375,1.2883065938949585
91,visual,2.2520740032196045,1.689956784248352,Reddit-S,43,context_bilinear_absolute,False,75,2.2520740032196045,1.689956784248352
92,text,1.8713375329971313,1.2959048748016357,Reddit-S,43,context_bilinear_absolute,False,75,1.8713375329971313,1.2959048748016357
92,visual,2.25783109664917,1.697322130203247,Reddit-S,43,context_bilinear_absolute,False,75,2.25783109664917,1.697322130203247
93,text,1.8748763799667358,1.3026734590530396,Reddit-S,43,context_bilinear_absolute,False,75,1.8748763799667358,1.3026734590530396
93,visual,2.263627290725708,1.704958438873291,Reddit-S,43,context_bilinear_absolute,False,75,2.263627290725708,1.704958438873291
94,text,1.8784010410308838,1.3099439144134521,Reddit-S,43,context_bilinear_absolute,False,75,1.8784010410308838,1.3099439144134521
94,visual,2.269435167312622,1.7126946449279785,Reddit-S,43,context_bilinear_absolute,False,75,2.269435167312622,1.7126946449279785
95,text,1.8820613622665405,1.3164355754852295,Reddit-S,43,context_bilinear_absolute,False,75,1.8820613622665405,1.3164355754852295
95,visual,2.275270462036133,1.7201828956604004,Reddit-S,43,context_bilinear_absolute,False,75,2.275270462036133,1.7201828956604004
96,text,1.8854821920394897,1.3226823806762695,Reddit-S,43,context_bilinear_absolute,False,75,1.8854821920394897,1.3226823806762695
96,visual,2.2810730934143066,1.7274125814437866,Reddit-S,43,context_bilinear_absolute,False,75,2.2810730934143066,1.7274125814437866
97,text,1.888595700263977,1.3281651735305786,Reddit-S,43,context_bilinear_absolute,False,75,1.888595700263977,1.3281651735305786
97,visual,2.286968231201172,1.7352464199066162,Reddit-S,43,context_bilinear_absolute,False,75,2.286968231201172,1.7352464199066162
98,text,1.8917659521102905,1.3331282138824463,Reddit-S,43,context_bilinear_absolute,False,75,1.8917659521102905,1.3331282138824463
98,visual,2.292649507522583,1.7430529594421387,Reddit-S,43,context_bilinear_absolute,False,75,2.292649507522583,1.7430529594421387
99,text,1.8948438167572021,1.3375308513641357,Reddit-S,43,context_bilinear_absolute,False,75,1.8948438167572021,1.3375308513641357
99,visual,2.2981410026550293,1.750528335571289,Reddit-S,43,context_bilinear_absolute,False,75,2.2981410026550293,1.750528335571289
100,text,1.8979066610336304,1.3424663543701172,Reddit-S,43,context_bilinear_absolute,False,75,1.8979066610336304,1.3424663543701172
100,visual,2.3034496307373047,1.7573826313018799,Reddit-S,43,context_bilinear_absolute,False,75,2.3034496307373047,1.7573826313018799
101,text,1.9010754823684692,1.3468676805496216,Reddit-S,43,context_bilinear_absolute,False,75,1.9010754823684692,1.3468676805496216
101,visual,2.3087971210479736,1.764541745185852,Reddit-S,43,context_bilinear_absolute,False,75,2.3087971210479736,1.764541745185852
102,text,1.9040958881378174,1.3520363569259644,Reddit-S,43,context_bilinear_absolute,False,75,1.9040958881378174,1.3520363569259644
102,visual,2.3140153884887695,1.7712631225585938,Reddit-S,43,context_bilinear_absolute,False,75,2.3140153884887695,1.7712631225585938
103,text,1.907057523727417,1.357682704925537,Reddit-S,43,context_bilinear_absolute,False,75,1.907057523727417,1.357682704925537
103,visual,2.319350481033325,1.7777936458587646,Reddit-S,43,context_bilinear_absolute,False,75,2.319350481033325,1.7777936458587646
104,text,1.9099409580230713,1.3640861511230469,Reddit-S,43,context_bilinear_absolute,False,75,1.9099409580230713,1.3640861511230469
104,visual,2.3245391845703125,1.7843708992004395,Reddit-S,43,context_bilinear_absolute,False,75,2.3245391845703125,1.7843708992004395
105,text,1.9129873514175415,1.3705705404281616,Reddit-S,43,context_bilinear_absolute,False,75,1.9129873514175415,1.3705705404281616
105,visual,2.3295671939849854,1.7904876470565796,Reddit-S,43,context_bilinear_absolute,False,75,2.3295671939849854,1.7904876470565796
1,text,0.08990401774644852,0.0,Reddit-S,43,context_bilinear_delta,False,95,0.08990401774644852,0.0
1,visual,0.09008748084306717,0.0,Reddit-S,43,context_bilinear_delta,False,95,0.09008748084306717,0.0
2,text,0.13873670995235443,0.022390076890587807,Reddit-S,43,context_bilinear_delta,False,95,0.13873670995235443,0.022390076890587807
2,visual,0.1455497443675995,0.02380077727138996,Reddit-S,43,context_bilinear_delta,False,95,0.1455497443675995,0.02380077727138996
3,text,0.17989696562290192,0.04014153406023979,Reddit-S,43,context_bilinear_delta,False,95,0.17989696562290192,0.04014153406023979
3,visual,0.19141952693462372,0.042876843363046646,Reddit-S,43,context_bilinear_delta,False,95,0.19141952693462372,0.042876843363046646
4,text,0.2206505835056305,0.06071885675191879,Reddit-S,43,context_bilinear_delta,False,95,0.2206505835056305,0.06071885675191879
4,visual,0.2364201694726944,0.06421977281570435,Reddit-S,43,context_bilinear_delta,False,95,0.2364201694726944,0.06421977281570435
5,text,0.25840267539024353,0.0807725340127945,Reddit-S,43,context_bilinear_delta,False,95,0.25840267539024353,0.0807725340127945
5,visual,0.27973973751068115,0.08628412336111069,Reddit-S,43,context_bilinear_delta,False,95,0.27973973751068115,0.08628412336111069
6,text,0.29365605115890503,0.09922845661640167,Reddit-S,43,context_bilinear_delta,False,95,0.29365605115890503,0.09922845661640167
6,visual,0.3206651508808136,0.108247309923172,Reddit-S,43,context_bilinear_delta,False,95,0.3206651508808136,0.108247309923172
7,text,0.326438844203949,0.11393730342388153,Reddit-S,43,context_bilinear_delta,False,95,0.326438844203949,0.11393730342388153
7,visual,0.3600523769855499,0.13016779720783234,Reddit-S,43,context_bilinear_delta,False,95,0.3600523769855499,0.13016779720783234
8,text,0.3592167794704437,0.13012969493865967,Reddit-S,43,context_bilinear_delta,False,95,0.3592167794704437,0.13012969493865967
8,visual,0.3996123671531677,0.15286365151405334,Reddit-S,43,context_bilinear_delta,False,95,0.3996123671531677,0.15286365151405334
9,text,0.3934057354927063,0.14926517009735107,Reddit-S,43,context_bilinear_delta,False,95,0.3934057354927063,0.14926517009735107
9,visual,0.4400332272052765,0.17649146914482117,Reddit-S,43,context_bilinear_delta,False,95,0.4400332272052765,0.17649146914482117
10,text,0.42945870757102966,0.17127403616905212,Reddit-S,43,context_bilinear_delta,False,95,0.42945870757102966,0.17127403616905212
10,visual,0.4816758632659912,0.20082224905490875,Reddit-S,43,context_bilinear_delta,False,95,0.4816758632659912,0.20082224905490875
11,text,0.46674078702926636,0.19530344009399414,Reddit-S,43,context_bilinear_delta,False,95,0.46674078702926636,0.19530344009399414
11,visual,0.5241659879684448,0.22570358216762543,Reddit-S,43,context_bilinear_delta,False,95,0.5241659879684448,0.22570358216762543
12,text,0.5046283602714539,0.2210197150707245,Reddit-S,43,context_bilinear_delta,False,95,0.5046283602714539,0.2210197150707245
12,visual,0.5666558146476746,0.25068044662475586,Reddit-S,43,context_bilinear_delta,False,95,0.5666558146476746,0.25068044662475586
13,text,0.5427507162094116,0.2478581666946411,Reddit-S,43,context_bilinear_delta,False,95,0.5427507162094116,0.2478581666946411
13,visual,0.6085282564163208,0.27555838227272034,Reddit-S,43,context_bilinear_delta,False,95,0.6085282564163208,0.27555838227272034
14,text,0.5804092884063721,0.2741640508174896,Reddit-S,43,context_bilinear_delta,False,95,0.5804092884063721,0.2741640508174896
14,visual,0.6490795612335205,0.29986199736595154,Reddit-S,43,context_bilinear_delta,False,95,0.6490795612335205,0.29986199736595154
15,text,0.616941511631012,0.29746338725090027,Reddit-S,43,context_bilinear_delta,False,95,0.616941511631012,0.29746338725090027
15,visual,0.6879606246948242,0.3231082558631897,Reddit-S,43,context_bilinear_delta,False,95,0.6879606246948242,0.3231082558631897
16,text,0.6534398794174194,0.32218363881111145,Reddit-S,43,context_bilinear_delta,False,95,0.6534398794174194,0.32218363881111145
16,visual,0.7257011532783508,0.34573274850845337,Reddit-S,43,context_bilinear_delta,False,95,0.7257011532783508,0.34573274850845337
17,text,0.6893672943115234,0.3460994362831116,Reddit-S,43,context_bilinear_delta,False,95,0.6893672943115234,0.3460994362831116
17,visual,0.7625153660774231,0.36809873580932617,Reddit-S,43,context_bilinear_delta,False,95,0.7625153660774231,0.36809873580932617
18,text,0.7240787744522095,0.3660151958465576,Reddit-S,43,context_bilinear_delta,False,95,0.7240787744522095,0.3660151958465576
18,visual,0.798267662525177,0.3905429244041443,Reddit-S,43,context_bilinear_delta,False,95,0.798267662525177,0.3905429244041443
19,text,0.7571895718574524,0.3814258277416229,Reddit-S,43,context_bilinear_delta,False,95,0.7571895718574524,0.3814258277416229
19,visual,0.8331841826438904,0.4135371148586273,Reddit-S,43,context_bilinear_delta,False,95,0.8331841826438904,0.4135371148586273
20,text,0.789749026298523,0.3955765962600708,Reddit-S,43,context_bilinear_delta,False,95,0.789749026298523,0.3955765962600708
20,visual,0.8672562837600708,0.43678799271583557,Reddit-S,43,context_bilinear_delta,False,95,0.8672562837600708,0.43678799271583557
21,text,0.8223012685775757,0.4097777009010315,Reddit-S,43,context_bilinear_delta,False,95,0.8223012685775757,0.4097777009010315
21,visual,0.9010186195373535,0.46075698733329773,Reddit-S,43,context_bilinear_delta,False,95,0.9010186195373535,0.46075698733329773
22,text,0.8542582392692566,0.41992276906967163,Reddit-S,43,context_bilinear_delta,False,95,0.8542582392692566,0.41992276906967163
22,visual,0.9343686699867249,0.48553240299224854,Reddit-S,43,context_bilinear_delta,False,95,0.9343686699867249,0.48553240299224854
23,text,0.8866969347000122,0.4318375587463379,Reddit-S,43,context_bilinear_delta,False,95,0.8866969347000122,0.4318375587463379
23,visual,0.967399537563324,0.5104103088378906,Reddit-S,43,context_bilinear_delta,False,95,0.967399537563324,0.5104103088378906
24,text,0.9191032648086548,0.4446984529495239,Reddit-S,43,context_bilinear_delta,False,95,0.9191032648086548,0.4446984529495239
24,visual,1.0002691745758057,0.5354551672935486,Reddit-S,43,context_bilinear_delta,False,95,1.0002691745758057,0.5354551672935486
25,text,0.9521028995513916,0.458675354719162,Reddit-S,43,context_bilinear_delta,False,95,0.9521028995513916,0.458675354719162
25,visual,1.0332090854644775,0.5610264539718628,Reddit-S,43,context_bilinear_delta,False,95,1.0332090854644775,0.5610264539718628
26,text,0.9849316477775574,0.4742315113544464,Reddit-S,43,context_bilinear_delta,False,95,0.9849316477775574,0.4742315113544464
26,visual,1.0660115480422974,0.5869048237800598,Reddit-S,43,context_bilinear_delta,False,95,1.0660115480422974,0.5869048237800598
27,text,1.0173540115356445,0.4896027147769928,Reddit-S,43,context_bilinear_delta,False,95,1.0173540115356445,0.4896027147769928
27,visual,1.0987977981567383,0.6122958064079285,Reddit-S,43,context_bilinear_delta,False,95,1.0987977981567383,0.6122958064079285
28,text,1.048639178276062,0.5039817690849304,Reddit-S,43,context_bilinear_delta,False,95,1.048639178276062,0.5039817690849304
28,visual,1.1316490173339844,0.6370746493339539,Reddit-S,43,context_bilinear_delta,False,95,1.1316490173339844,0.6370746493339539
29,text,1.079292893409729,0.5197860598564148,Reddit-S,43,context_bilinear_delta,False,95,1.079292893409729,0.5197860598564148
29,visual,1.1645963191986084,0.6613450050354004,Reddit-S,43,context_bilinear_delta,False,95,1.1645963191986084,0.6613450050354004
30,text,1.109277367591858,0.5365126729011536,Reddit-S,43,context_bilinear_delta,False,95,1.109277367591858,0.5365126729011536
30,visual,1.1968131065368652,0.6849631071090698,Reddit-S,43,context_bilinear_delta,False,95,1.1968131065368652,0.6849631071090698
31,text,1.138661503791809,0.5524508357048035,Reddit-S,43,context_bilinear_delta,False,95,1.138661503791809,0.5524508357048035
31,visual,1.2287828922271729,0.7062293887138367,Reddit-S,43,context_bilinear_delta,False,95,1.2287828922271729,0.7062293887138367
32,text,1.1668528318405151,0.5677555799484253,Reddit-S,43,context_bilinear_delta,False,95,1.1668528318405151,0.5677555799484253
32,visual,1.260163426399231,0.7268850207328796,Reddit-S,43,context_bilinear_delta,False,95,1.260163426399231,0.7268850207328796
33,text,1.1940202713012695,0.5840736031532288,Reddit-S,43,context_bilinear_delta,False,95,1.1940202713012695,0.5840736031532288
33,visual,1.2901902198791504,0.7442219853401184,Reddit-S,43,context_bilinear_delta,False,95,1.2901902198791504,0.7442219853401184
34,text,1.2180734872817993,0.5940518379211426,Reddit-S,43,context_bilinear_delta,False,95,1.2180734872817993,0.5940518379211426
34,visual,1.3200854063034058,0.7613292932510376,Reddit-S,43,context_bilinear_delta,False,95,1.3200854063034058,0.7613292932510376
35,text,1.2404320240020752,0.5996983647346497,Reddit-S,43,context_bilinear_delta,False,95,1.2404320240020752,0.5996983647346497
35,visual,1.3486888408660889,0.7770061492919922,Reddit-S,43,context_bilinear_delta,False,95,1.3486888408660889,0.7770061492919922
36,text,1.2620512247085571,0.6038745641708374,Reddit-S,43,context_bilinear_delta,False,95,1.2620512247085571,0.6038745641708374
36,visual,1.3768823146820068,0.7928063273429871,Reddit-S,43,context_bilinear_delta,False,95,1.3768823146820068,0.7928063273429871
37,text,1.2826769351959229,0.6045874357223511,Reddit-S,43,context_bilinear_delta,False,95,1.2826769351959229,0.6045874357223511
37,visual,1.4051374197006226,0.8094483017921448,Reddit-S,43,context_bilinear_delta,False,95,1.4051374197006226,0.8094483017921448
38,text,1.3022689819335938,0.603938102722168,Reddit-S,43,context_bilinear_delta,False,95,1.3022689819335938,0.603938102722168
38,visual,1.4328668117523193,0.8258929252624512,Reddit-S,43,context_bilinear_delta,False,95,1.4328668117523193,0.8258929252624512
39,text,1.3223103284835815,0.6051856875419617,Reddit-S,43,context_bilinear_delta,False,95,1.3223103284835815,0.6051856875419617
39,visual,1.4597119092941284,0.841486394405365,Reddit-S,43,context_bilinear_delta,False,95,1.4597119092941284,0.841486394405365
40,text,1.3420400619506836,0.6076951622962952,Reddit-S,43,context_bilinear_delta,False,95,1.3420400619506836,0.6076951622962952
40,visual,1.486255168914795,0.8571662306785583,Reddit-S,43,context_bilinear_delta,False,95,1.486255168914795,0.8571662306785583
41,text,1.3612128496170044,0.6102043986320496,Reddit-S,43,context_bilinear_delta,False,95,1.3612128496170044,0.6102043986320496
41,visual,1.5122301578521729,0.8717837333679199,Reddit-S,43,context_bilinear_delta,False,95,1.5122301578521729,0.8717837333679199
42,text,1.3794901371002197,0.6131405234336853,Reddit-S,43,context_bilinear_delta,False,95,1.3794901371002197,0.6131405234336853
42,visual,1.5384324789047241,0.8870434761047363,Reddit-S,43,context_bilinear_delta,False,95,1.5384324789047241,0.8870434761047363
43,text,1.3971498012542725,0.6171283721923828,Reddit-S,43,context_bilinear_delta,False,95,1.3971498012542725,0.6171283721923828
43,visual,1.5636564493179321,0.9013079404830933,Reddit-S,43,context_bilinear_delta,False,95,1.5636564493179321,0.9013079404830933
44,text,1.4148643016815186,0.6222869157791138,Reddit-S,43,context_bilinear_delta,False,95,1.4148643016815186,0.6222869157791138
44,visual,1.5883930921554565,0.9146983027458191,Reddit-S,43,context_bilinear_delta,False,95,1.5883930921554565,0.9146983027458191
45,text,1.4318516254425049,0.6280049681663513,Reddit-S,43,context_bilinear_delta,False,95,1.4318516254425049,0.6280049681663513
45,visual,1.612757682800293,0.9264110326766968,Reddit-S,43,context_bilinear_delta,False,95,1.612757682800293,0.9264110326766968
46,text,1.448449730873108,0.6341072916984558,Reddit-S,43,context_bilinear_delta,False,95,1.448449730873108,0.6341072916984558
46,visual,1.6367603540420532,0.9376232624053955,Reddit-S,43,context_bilinear_delta,False,95,1.6367603540420532,0.9376232624053955
47,text,1.465386986732483,0.6410545706748962,Reddit-S,43,context_bilinear_delta,False,95,1.465386986732483,0.6410545706748962
47,visual,1.6611146926879883,0.9487302303314209,Reddit-S,43,context_bilinear_delta,False,95,1.6611146926879883,0.9487302303314209
48,text,1.4826288223266602,0.6483304500579834,Reddit-S,43,context_bilinear_delta,False,95,1.4826288223266602,0.6483304500579834
48,visual,1.6853535175323486,0.9602058529853821,Reddit-S,43,context_bilinear_delta,False,95,1.6853535175323486,0.9602058529853821
49,text,1.499725341796875,0.6561591029167175,Reddit-S,43,context_bilinear_delta,False,95,1.499725341796875,0.6561591029167175
49,visual,1.7093950510025024,0.9721667766571045,Reddit-S,43,context_bilinear_delta,False,95,1.7093950510025024,0.9721667766571045
50,text,1.516763687133789,0.6640062928199768,Reddit-S,43,context_bilinear_delta,False,95,1.516763687133789,0.6640062928199768
50,visual,1.7335869073867798,0.9846367239952087,Reddit-S,43,context_bilinear_delta,False,95,1.7335869073867798,0.9846367239952087
51,text,1.5330770015716553,0.6712102890014648,Reddit-S,43,context_bilinear_delta,False,95,1.5330770015716553,0.6712102890014648
51,visual,1.7576000690460205,0.9967775940895081,Reddit-S,43,context_bilinear_delta,False,95,1.7576000690460205,0.9967775940895081
52,text,1.5486522912979126,0.6796928644180298,Reddit-S,43,context_bilinear_delta,False,95,1.5486522912979126,0.6796928644180298
52,visual,1.7808973789215088,1.0088331699371338,Reddit-S,43,context_bilinear_delta,False,95,1.7808973789215088,1.0088331699371338
53,text,1.5640617609024048,0.6879245638847351,Reddit-S,43,context_bilinear_delta,False,95,1.5640617609024048,0.6879245638847351
53,visual,1.8033227920532227,1.0201324224472046,Reddit-S,43,context_bilinear_delta,False,95,1.8033227920532227,1.0201324224472046
54,text,1.5791572332382202,0.6949278712272644,Reddit-S,43,context_bilinear_delta,False,95,1.5791572332382202,0.6949278712272644
54,visual,1.8248149156570435,1.0303364992141724,Reddit-S,43,context_bilinear_delta,False,95,1.8248149156570435,1.0303364992141724
55,text,1.5938860177993774,0.7015846967697144,Reddit-S,43,context_bilinear_delta,False,95,1.5938860177993774,0.7015846967697144
55,visual,1.8448930978775024,1.0395393371582031,Reddit-S,43,context_bilinear_delta,False,95,1.8448930978775024,1.0395393371582031
56,text,1.6083799600601196,0.709116518497467,Reddit-S,43,context_bilinear_delta,False,95,1.6083799600601196,0.709116518497467
56,visual,1.8641928434371948,1.0480419397354126,Reddit-S,43,context_bilinear_delta,False,95,1.8641928434371948,1.0480419397354126
57,text,1.6220884323120117,0.7167004942893982,Reddit-S,43,context_bilinear_delta,False,95,1.6220884323120117,0.7167004942893982
57,visual,1.8828293085098267,1.0554754734039307,Reddit-S,43,context_bilinear_delta,False,95,1.8828293085098267,1.0554754734039307
58,text,1.634347915649414,0.7234558463096619,Reddit-S,43,context_bilinear_delta,False,95,1.634347915649414,0.7234558463096619
58,visual,1.9000803232192993,1.0613548755645752,Reddit-S,43,context_bilinear_delta,False,95,1.9000803232192993,1.0613548755645752
59,text,1.6463533639907837,0.730440616607666,Reddit-S,43,context_bilinear_delta,False,95,1.6463533639907837,0.730440616607666
59,visual,1.9165478944778442,1.0669630765914917,Reddit-S,43,context_bilinear_delta,False,95,1.9165478944778442,1.0669630765914917
60,text,1.658267617225647,0.7364457249641418,Reddit-S,43,context_bilinear_delta,False,95,1.658267617225647,0.7364457249641418
60,visual,1.9325307607650757,1.0725005865097046,Reddit-S,43,context_bilinear_delta,False,95,1.9325307607650757,1.0725005865097046
61,text,1.6689181327819824,0.7437235713005066,Reddit-S,43,context_bilinear_delta,False,95,1.6689181327819824,0.7437235713005066
61,visual,1.9481233358383179,1.0784417390823364,Reddit-S,43,context_bilinear_delta,False,95,1.9481233358383179,1.0784417390823364
62,text,1.6787668466567993,0.7514464259147644,Reddit-S,43,context_bilinear_delta,False,95,1.6787668466567993,0.7514464259147644
62,visual,1.9635331630706787,1.0849223136901855,Reddit-S,43,context_bilinear_delta,False,95,1.9635331630706787,1.0849223136901855
63,text,1.6882307529449463,0.7571148872375488,Reddit-S,43,context_bilinear_delta,False,95,1.6882307529449463,0.7571148872375488
63,visual,1.9787113666534424,1.0913323163986206,Reddit-S,43,context_bilinear_delta,False,95,1.9787113666534424,1.0913323163986206
64,text,1.696943759918213,0.7619321346282959,Reddit-S,43,context_bilinear_delta,False,95,1.696943759918213,0.7619321346282959
64,visual,1.9934091567993164,1.0976018905639648,Reddit-S,43,context_bilinear_delta,False,95,1.9934091567993164,1.0976018905639648
65,text,1.7059977054595947,0.7681881785392761,Reddit-S,43,context_bilinear_delta,False,95,1.7059977054595947,0.7681881785392761
65,visual,2.007420301437378,1.103430986404419,Reddit-S,43,context_bilinear_delta,False,95,2.007420301437378,1.103430986404419
66,text,1.7150217294692993,0.77387934923172,Reddit-S,43,context_bilinear_delta,False,95,1.7150217294692993,0.77387934923172
66,visual,2.0208194255828857,1.1088073253631592,Reddit-S,43,context_bilinear_delta,False,95,2.0208194255828857,1.1088073253631592
67,text,1.7240604162216187,0.7793304324150085,Reddit-S,43,context_bilinear_delta,False,95,1.7240604162216187,0.7793304324150085
67,visual,2.0338494777679443,1.1140143871307373,Reddit-S,43,context_bilinear_delta,False,95,2.0338494777679443,1.1140143871307373
68,text,1.7327122688293457,0.7843708395957947,Reddit-S,43,context_bilinear_delta,False,95,1.7327122688293457,0.7843708395957947
68,visual,2.046769380569458,1.119594693183899,Reddit-S,43,context_bilinear_delta,False,95,2.046769380569458,1.119594693183899
69,text,1.7414424419403076,0.7898896932601929,Reddit-S,43,context_bilinear_delta,False,95,1.7414424419403076,0.7898896932601929
69,visual,2.059356451034546,1.1247069835662842,Reddit-S,43,context_bilinear_delta,False,95,2.059356451034546,1.1247069835662842
70,text,1.7499622106552124,0.7956725358963013,Reddit-S,43,context_bilinear_delta,False,95,1.7499622106552124,0.7956725358963013
70,visual,2.0714643001556396,1.129166841506958,Reddit-S,43,context_bilinear_delta,False,95,2.0714643001556396,1.129166841506958
71,text,1.758334755897522,0.8014460206031799,Reddit-S,43,context_bilinear_delta,False,95,1.758334755897522,0.8014460206031799
71,visual,2.0829081535339355,1.1329858303070068,Reddit-S,43,context_bilinear_delta,False,95,2.0829081535339355,1.1329858303070068
72,text,1.7663581371307373,0.8069936633110046,Reddit-S,43,context_bilinear_delta,False,95,1.7663581371307373,0.8069936633110046
72,visual,2.0940334796905518,1.1369229555130005,Reddit-S,43,context_bilinear_delta,False,95,2.0940334796905518,1.1369229555130005
73,text,1.773765206336975,0.8115265369415283,Reddit-S,43,context_bilinear_delta,False,95,1.773765206336975,0.8115265369415283
73,visual,2.1045243740081787,1.1408063173294067,Reddit-S,43,context_bilinear_delta,False,95,2.1045243740081787,1.1408063173294067
74,text,1.7801815271377563,0.8163891434669495,Reddit-S,43,context_bilinear_delta,False,95,1.7801815271377563,0.8163891434669495
74,visual,2.113893508911133,1.1427631378173828,Reddit-S,43,context_bilinear_delta,False,95,2.113893508911133,1.1427631378173828
75,text,1.786239504814148,0.8218046426773071,Reddit-S,43,context_bilinear_delta,False,95,1.786239504814148,0.8218046426773071
75,visual,2.1228585243225098,1.1452796459197998,Reddit-S,43,context_bilinear_delta,False,95,2.1228585243225098,1.1452796459197998
76,text,1.7922922372817993,0.8272005915641785,Reddit-S,43,context_bilinear_delta,False,95,1.7922922372817993,0.8272005915641785
76,visual,2.131648063659668,1.1479642391204834,Reddit-S,43,context_bilinear_delta,False,95,2.131648063659668,1.1479642391204834
77,text,1.7982981204986572,0.8326889872550964,Reddit-S,43,context_bilinear_delta,False,95,1.7982981204986572,0.8326889872550964
77,visual,2.1402931213378906,1.1511027812957764,Reddit-S,43,context_bilinear_delta,False,95,2.1402931213378906,1.1511027812957764
78,text,1.8045828342437744,0.8382158279418945,Reddit-S,43,context_bilinear_delta,False,95,1.8045828342437744,0.8382158279418945
78,visual,2.148794651031494,1.1541661024093628,Reddit-S,43,context_bilinear_delta,False,95,2.148794651031494,1.1541661024093628
79,text,1.8106822967529297,0.8431430459022522,Reddit-S,43,context_bilinear_delta,False,95,1.8106822967529297,0.8431430459022522
79,visual,2.156918525695801,1.1582502126693726,Reddit-S,43,context_bilinear_delta,False,95,2.156918525695801,1.1582502126693726
80,text,1.816820740699768,0.8479060530662537,Reddit-S,43,context_bilinear_delta,False,95,1.816820740699768,0.8479060530662537
80,visual,2.1642661094665527,1.1614234447479248,Reddit-S,43,context_bilinear_delta,False,95,2.1642661094665527,1.1614234447479248
81,text,1.822571039199829,0.8528144359588623,Reddit-S,43,context_bilinear_delta,False,95,1.822571039199829,0.8528144359588623
81,visual,2.171668767929077,1.164488673210144,Reddit-S,43,context_bilinear_delta,False,95,2.171668767929077,1.164488673210144
82,text,1.8279062509536743,0.8577415943145752,Reddit-S,43,context_bilinear_delta,False,95,1.8279062509536743,0.8577415943145752
82,visual,2.1787288188934326,1.1673825979232788,Reddit-S,43,context_bilinear_delta,False,95,2.1787288188934326,1.1673825979232788
83,text,1.8328098058700562,0.8624623417854309,Reddit-S,43,context_bilinear_delta,False,95,1.8328098058700562,0.8624623417854309
83,visual,2.185605049133301,1.1701539754867554,Reddit-S,43,context_bilinear_delta,False,95,2.185605049133301,1.1701539754867554
84,text,1.8375437259674072,0.8667021989822388,Reddit-S,43,context_bilinear_delta,False,95,1.8375437259674072,0.8667021989822388
84,visual,2.192007064819336,1.173107624053955,Reddit-S,43,context_bilinear_delta,False,95,2.192007064819336,1.173107624053955
85,text,1.8418091535568237,0.8707469701766968,Reddit-S,43,context_bilinear_delta,False,95,1.8418091535568237,0.8707469701766968
85,visual,2.1981961727142334,1.1763451099395752,Reddit-S,43,context_bilinear_delta,False,95,2.1981961727142334,1.1763451099395752
86,text,1.84561288356781,0.8738325238227844,Reddit-S,43,context_bilinear_delta,False,95,1.84561288356781,0.8738325238227844
86,visual,2.204206705093384,1.1795239448547363,Reddit-S,43,context_bilinear_delta,False,95,2.204206705093384,1.1795239448547363
87,text,1.8496557474136353,0.8768730163574219,Reddit-S,43,context_bilinear_delta,False,95,1.8496557474136353,0.8768730163574219
87,visual,2.2100226879119873,1.1830452680587769,Reddit-S,43,context_bilinear_delta,False,95,2.2100226879119873,1.1830452680587769
88,text,1.8537204265594482,0.8793284296989441,Reddit-S,43,context_bilinear_delta,False,95,1.8537204265594482,0.8793284296989441
88,visual,2.216127395629883,1.1868911981582642,Reddit-S,43,context_bilinear_delta,False,95,2.216127395629883,1.1868911981582642
89,text,1.8576850891113281,0.8814824223518372,Reddit-S,43,context_bilinear_delta,False,95,1.8576850891113281,0.8814824223518372
89,visual,2.2222747802734375,1.190889596939087,Reddit-S,43,context_bilinear_delta,False,95,2.2222747802734375,1.190889596939087
90,text,1.8620798587799072,0.8844691514968872,Reddit-S,43,context_bilinear_delta,False,95,1.8620798587799072,0.8844691514968872
90,visual,2.228307008743286,1.1949468851089478,Reddit-S,43,context_bilinear_delta,False,95,2.228307008743286,1.1949468851089478
91,text,1.8660200834274292,0.8881367444992065,Reddit-S,43,context_bilinear_delta,False,95,1.8660200834274292,0.8881367444992065
91,visual,2.2343032360076904,1.1991736888885498,Reddit-S,43,context_bilinear_delta,False,95,2.2343032360076904,1.1991736888885498
92,text,1.8694612979888916,0.8915610909461975,Reddit-S,43,context_bilinear_delta,False,95,1.8694612979888916,0.8915610909461975
92,visual,2.240003824234009,1.2033737897872925,Reddit-S,43,context_bilinear_delta,False,95,2.240003824234009,1.2033737897872925
93,text,1.8725756406784058,0.8948152661323547,Reddit-S,43,context_bilinear_delta,False,95,1.8725756406784058,0.8948152661323547
93,visual,2.2456657886505127,1.2075623273849487,Reddit-S,43,context_bilinear_delta,False,95,2.2456657886505127,1.2075623273849487
94,text,1.875619649887085,0.8982266783714294,Reddit-S,43,context_bilinear_delta,False,95,1.875619649887085,0.8982266783714294
94,visual,2.2512660026550293,1.2118018865585327,Reddit-S,43,context_bilinear_delta,False,95,2.2512660026550293,1.2118018865585327
95,text,1.878857135772705,0.9014124274253845,Reddit-S,43,context_bilinear_delta,True,95,1.878857135772705,0.9014124274253845
95,visual,2.25681471824646,1.215872049331665,Reddit-S,43,context_bilinear_delta,True,95,2.25681471824646,1.215872049331665
96,text,1.881956696510315,0.9042574167251587,Reddit-S,43,context_bilinear_delta,False,95,1.881956696510315,0.9042574167251587
96,visual,2.2622451782226562,1.219605565071106,Reddit-S,43,context_bilinear_delta,False,95,2.2622451782226562,1.219605565071106
97,text,1.8848466873168945,0.9069365859031677,Reddit-S,43,context_bilinear_delta,False,95,1.8848466873168945,0.9069365859031677
97,visual,2.2677299976348877,1.2233870029449463,Reddit-S,43,context_bilinear_delta,False,95,2.2677299976348877,1.2233870029449463
98,text,1.8877174854278564,0.9097163677215576,Reddit-S,43,context_bilinear_delta,False,95,1.8877174854278564,0.9097163677215576
98,visual,2.2730867862701416,1.2271397113800049,Reddit-S,43,context_bilinear_delta,False,95,2.2730867862701416,1.2271397113800049
99,text,1.890547513961792,0.9127863645553589,Reddit-S,43,context_bilinear_delta,False,95,1.890547513961792,0.9127863645553589
99,visual,2.278424024581909,1.2305874824523926,Reddit-S,43,context_bilinear_delta,False,95,2.278424024581909,1.2305874824523926
100,text,1.893398642539978,0.9163140654563904,Reddit-S,43,context_bilinear_delta,False,95,1.893398642539978,0.9163140654563904
100,visual,2.2836172580718994,1.233654499053955,Reddit-S,43,context_bilinear_delta,False,95,2.2836172580718994,1.233654499053955
101,text,1.896502137184143,0.9200628399848938,Reddit-S,43,context_bilinear_delta,False,95,1.896502137184143,0.9200628399848938
101,visual,2.288801431655884,1.236579179763794,Reddit-S,43,context_bilinear_delta,False,95,2.288801431655884,1.236579179763794
102,text,1.8996340036392212,0.9240316152572632,Reddit-S,43,context_bilinear_delta,False,95,1.8996340036392212,0.9240316152572632
102,visual,2.2938015460968018,1.2391886711120605,Reddit-S,43,context_bilinear_delta,False,95,2.2938015460968018,1.2391886711120605
103,text,1.902796745300293,0.9282297492027283,Reddit-S,43,context_bilinear_delta,False,95,1.902796745300293,0.9282297492027283
103,visual,2.2987918853759766,1.241715908050537,Reddit-S,43,context_bilinear_delta,False,95,2.2987918853759766,1.241715908050537
104,text,1.905845046043396,0.932574450969696,Reddit-S,43,context_bilinear_delta,False,95,1.905845046043396,0.932574450969696
104,visual,2.303619861602783,1.2442299127578735,Reddit-S,43,context_bilinear_delta,False,95,2.303619861602783,1.2442299127578735
105,text,1.9089211225509644,0.9367858171463013,Reddit-S,43,context_bilinear_delta,False,95,1.9089211225509644,0.9367858171463013
105,visual,2.3083176612854004,1.2464662790298462,Reddit-S,43,context_bilinear_delta,False,95,2.3083176612854004,1.2464662790298462
106,text,1.912325143814087,0.9409322738647461,Reddit-S,43,context_bilinear_delta,False,95,1.912325143814087,0.9409322738647461
106,visual,2.312793254852295,1.2485547065734863,Reddit-S,43,context_bilinear_delta,False,95,2.312793254852295,1.2485547065734863
107,text,1.9159435033798218,0.9452465176582336,Reddit-S,43,context_bilinear_delta,False,95,1.9159435033798218,0.9452465176582336
107,visual,2.3170557022094727,1.2503644227981567,Reddit-S,43,context_bilinear_delta,False,95,2.3170557022094727,1.2503644227981567
108,text,1.9192701578140259,0.9494825601577759,Reddit-S,43,context_bilinear_delta,False,95,1.9192701578140259,0.9494825601577759
108,visual,2.3213343620300293,1.252334713935852,Reddit-S,43,context_bilinear_delta,False,95,2.3213343620300293,1.252334713935852
109,text,1.9224218130111694,0.9545496702194214,Reddit-S,43,context_bilinear_delta,False,95,1.9224218130111694,0.9545496702194214
109,visual,2.3254401683807373,1.2545263767242432,Reddit-S,43,context_bilinear_delta,False,95,2.3254401683807373,1.2545263767242432
110,text,1.9256490468978882,0.9599387645721436,Reddit-S,43,context_bilinear_delta,False,95,1.9256490468978882,0.9599387645721436
110,visual,2.329531192779541,1.256793737411499,Reddit-S,43,context_bilinear_delta,False,95,2.329531192779541,1.256793737411499
111,text,1.9287673234939575,0.9646981358528137,Reddit-S,43,context_bilinear_delta,False,95,1.9287673234939575,0.9646981358528137
111,visual,2.333580732345581,1.259071946144104,Reddit-S,43,context_bilinear_delta,False,95,2.333580732345581,1.259071946144104
112,text,1.93168306350708,0.9688507914543152,Reddit-S,43,context_bilinear_delta,False,95,1.93168306350708,0.9688507914543152
112,visual,2.337674617767334,1.2616980075836182,Reddit-S,43,context_bilinear_delta,False,95,2.337674617767334,1.2616980075836182
113,text,1.934596300125122,0.9723238945007324,Reddit-S,43,context_bilinear_delta,False,95,1.934596300125122,0.9723238945007324
113,visual,2.341571092605591,1.2639875411987305,Reddit-S,43,context_bilinear_delta,False,95,2.341571092605591,1.2639875411987305
114,text,1.9373929500579834,0.9752069711685181,Reddit-S,43,context_bilinear_delta,False,95,1.9373929500579834,0.9752069711685181
114,visual,2.345400094985962,1.2665714025497437,Reddit-S,43,context_bilinear_delta,False,95,2.345400094985962,1.2665714025497437
115,text,1.9398921728134155,0.9776378273963928,Reddit-S,43,context_bilinear_delta,False,95,1.9398921728134155,0.9776378273963928
115,visual,2.349156141281128,1.2693382501602173,Reddit-S,43,context_bilinear_delta,False,95,2.349156141281128,1.2693382501602173
116,text,1.9422303438186646,0.9800521731376648,Reddit-S,43,context_bilinear_delta,False,95,1.9422303438186646,0.9800521731376648
116,visual,2.3528037071228027,1.2722572088241577,Reddit-S,43,context_bilinear_delta,False,95,2.3528037071228027,1.2722572088241577
117,text,1.9445288181304932,0.9820802807807922,Reddit-S,43,context_bilinear_delta,False,95,1.9445288181304932,0.9820802807807922
117,visual,2.356597661972046,1.2755783796310425,Reddit-S,43,context_bilinear_delta,False,95,2.356597661972046,1.2755783796310425
118,text,1.946454405784607,0.9841160774230957,Reddit-S,43,context_bilinear_delta,False,95,1.946454405784607,0.9841160774230957
118,visual,2.3603458404541016,1.2786986827850342,Reddit-S,43,context_bilinear_delta,False,95,2.3603458404541016,1.2786986827850342
119,text,1.948044776916504,0.9863318204879761,Reddit-S,43,context_bilinear_delta,False,95,1.948044776916504,0.9863318204879761
119,visual,2.3639309406280518,1.2815920114517212,Reddit-S,43,context_bilinear_delta,False,95,2.3639309406280518,1.2815920114517212
120,text,1.9496318101882935,0.9890813827514648,Reddit-S,43,context_bilinear_delta,False,95,1.9496318101882935,0.9890813827514648
120,visual,2.3673436641693115,1.2839702367782593,Reddit-S,43,context_bilinear_delta,False,95,2.3673436641693115,1.2839702367782593
121,text,1.9513853788375854,0.9918707609176636,Reddit-S,43,context_bilinear_delta,False,95,1.9513853788375854,0.9918707609176636
121,visual,2.3709237575531006,1.2861543893814087,Reddit-S,43,context_bilinear_delta,False,95,2.3709237575531006,1.2861543893814087
122,text,1.953535795211792,0.9945443272590637,Reddit-S,43,context_bilinear_delta,False,95,1.953535795211792,0.9945443272590637
122,visual,2.374605894088745,1.2883795499801636,Reddit-S,43,context_bilinear_delta,False,95,2.374605894088745,1.2883795499801636
123,text,1.9558602571487427,0.997097373008728,Reddit-S,43,context_bilinear_delta,False,95,1.9558602571487427,0.997097373008728
123,visual,2.3785316944122314,1.2907309532165527,Reddit-S,43,context_bilinear_delta,False,95,2.3785316944122314,1.2907309532165527
124,text,1.9583345651626587,0.9995763301849365,Reddit-S,43,context_bilinear_delta,False,95,1.9583345651626587,0.9995763301849365
124,visual,2.382420539855957,1.2928680181503296,Reddit-S,43,context_bilinear_delta,False,95,2.382420539855957,1.2928680181503296
125,text,1.9608869552612305,1.0022368431091309,Reddit-S,43,context_bilinear_delta,False,95,1.9608869552612305,1.0022368431091309
125,visual,2.3863043785095215,1.2950190305709839,Reddit-S,43,context_bilinear_delta,False,95,2.3863043785095215,1.2950190305709839
1,text,0.09000242501497269,0.0,Reddit-S,44,context_static,False,51,0.09000242501497269,0.0
1,visual,0.09011979401111603,0.0,Reddit-S,44,context_static,False,51,0.09011979401111603,0.0
2,text,0.13915449380874634,0.0,Reddit-S,44,context_static,False,51,0.13915449380874634,0.0
2,visual,0.14373008906841278,0.0,Reddit-S,44,context_static,False,51,0.14373008906841278,0.0
3,text,0.18427100777626038,0.0,Reddit-S,44,context_static,False,51,0.18427100777626038,0.0
3,visual,0.19091638922691345,0.0,Reddit-S,44,context_static,False,51,0.19091638922691345,0.0
4,text,0.2284412980079651,0.0,Reddit-S,44,context_static,False,51,0.2284412980079651,0.0
4,visual,0.23783960938453674,0.0,Reddit-S,44,context_static,False,51,0.23783960938453674,0.0
5,text,0.26868852972984314,0.0,Reddit-S,44,context_static,False,51,0.26868852972984314,0.0
5,visual,0.2835121154785156,0.0,Reddit-S,44,context_static,False,51,0.2835121154785156,0.0
6,text,0.30505988001823425,0.0,Reddit-S,44,context_static,False,51,0.30505988001823425,0.0
6,visual,0.32569828629493713,0.0,Reddit-S,44,context_static,False,51,0.32569828629493713,0.0
7,text,0.33889344334602356,0.0,Reddit-S,44,context_static,False,51,0.33889344334602356,0.0
7,visual,0.3653774857521057,0.0,Reddit-S,44,context_static,False,51,0.3653774857521057,0.0
8,text,0.3715847134590149,0.0,Reddit-S,44,context_static,False,51,0.3715847134590149,0.0
8,visual,0.4042297303676605,0.0,Reddit-S,44,context_static,False,51,0.4042297303676605,0.0
9,text,0.4044960141181946,0.0,Reddit-S,44,context_static,False,51,0.4044960141181946,0.0
9,visual,0.4429454505443573,0.0,Reddit-S,44,context_static,False,51,0.4429454505443573,0.0
10,text,0.4386809766292572,0.0,Reddit-S,44,context_static,False,51,0.4386809766292572,0.0
10,visual,0.4828701615333557,0.0,Reddit-S,44,context_static,False,51,0.4828701615333557,0.0
11,text,0.47403091192245483,0.0,Reddit-S,44,context_static,False,51,0.47403091192245483,0.0
11,visual,0.5239073038101196,0.0,Reddit-S,44,context_static,False,51,0.5239073038101196,0.0
12,text,0.5098534226417542,0.0,Reddit-S,44,context_static,False,51,0.5098534226417542,0.0
12,visual,0.5651050806045532,0.0,Reddit-S,44,context_static,False,51,0.5651050806045532,0.0
13,text,0.5463884472846985,0.0,Reddit-S,44,context_static,False,51,0.5463884472846985,0.0
13,visual,0.6053990125656128,0.0,Reddit-S,44,context_static,False,51,0.6053990125656128,0.0
14,text,0.5832546949386597,0.0,Reddit-S,44,context_static,False,51,0.5832546949386597,0.0
14,visual,0.6438472867012024,0.0,Reddit-S,44,context_static,False,51,0.6438472867012024,0.0
15,text,0.6201720237731934,0.0,Reddit-S,44,context_static,False,51,0.6201720237731934,0.0
15,visual,0.6810634732246399,0.0,Reddit-S,44,context_static,False,51,0.6810634732246399,0.0
16,text,0.6561812162399292,0.0,Reddit-S,44,context_static,False,51,0.6561812162399292,0.0
16,visual,0.7167574763298035,0.0,Reddit-S,44,context_static,False,51,0.7167574763298035,0.0
17,text,0.6909754872322083,0.0,Reddit-S,44,context_static,False,51,0.6909754872322083,0.0
17,visual,0.7510049939155579,0.0,Reddit-S,44,context_static,False,51,0.7510049939155579,0.0
18,text,0.725317656993866,0.0,Reddit-S,44,context_static,False,51,0.725317656993866,0.0
18,visual,0.7838450074195862,0.0,Reddit-S,44,context_static,False,51,0.7838450074195862,0.0
19,text,0.7591497898101807,0.0,Reddit-S,44,context_static,False,51,0.7591497898101807,0.0
19,visual,0.8154935240745544,0.0,Reddit-S,44,context_static,False,51,0.8154935240745544,0.0
20,text,0.792608916759491,0.0,Reddit-S,44,context_static,False,51,0.792608916759491,0.0
20,visual,0.8459367752075195,0.0,Reddit-S,44,context_static,False,51,0.8459367752075195,0.0
21,text,0.8260669112205505,0.0,Reddit-S,44,context_static,False,51,0.8260669112205505,0.0
21,visual,0.8755401968955994,0.0,Reddit-S,44,context_static,False,51,0.8755401968955994,0.0
22,text,0.8594827055931091,0.0,Reddit-S,44,context_static,False,51,0.8594827055931091,0.0
22,visual,0.9046409130096436,0.0,Reddit-S,44,context_static,False,51,0.9046409130096436,0.0
23,text,0.8921022415161133,0.0,Reddit-S,44,context_static,False,51,0.8921022415161133,0.0
23,visual,0.9335940480232239,0.0,Reddit-S,44,context_static,False,51,0.9335940480232239,0.0
24,text,0.9253904223442078,0.0,Reddit-S,44,context_static,False,51,0.9253904223442078,0.0
24,visual,0.9618342518806458,0.0,Reddit-S,44,context_static,False,51,0.9618342518806458,0.0
25,text,0.9596667289733887,0.0,Reddit-S,44,context_static,False,51,0.9596667289733887,0.0
25,visual,0.9899847507476807,0.0,Reddit-S,44,context_static,False,51,0.9899847507476807,0.0
26,text,0.9936886429786682,0.0,Reddit-S,44,context_static,False,51,0.9936886429786682,0.0
26,visual,1.0182459354400635,0.0,Reddit-S,44,context_static,False,51,1.0182459354400635,0.0
27,text,1.0280404090881348,0.0,Reddit-S,44,context_static,False,51,1.0280404090881348,0.0
27,visual,1.0465573072433472,0.0,Reddit-S,44,context_static,False,51,1.0465573072433472,0.0
28,text,1.0627551078796387,0.0,Reddit-S,44,context_static,False,51,1.0627551078796387,0.0
28,visual,1.0749626159667969,0.0,Reddit-S,44,context_static,False,51,1.0749626159667969,0.0
29,text,1.0971704721450806,0.0,Reddit-S,44,context_static,False,51,1.0971704721450806,0.0
29,visual,1.1034197807312012,0.0,Reddit-S,44,context_static,False,51,1.1034197807312012,0.0
30,text,1.1306400299072266,0.0,Reddit-S,44,context_static,False,51,1.1306400299072266,0.0
30,visual,1.1320067644119263,0.0,Reddit-S,44,context_static,False,51,1.1320067644119263,0.0
31,text,1.16194748878479,0.0,Reddit-S,44,context_static,False,51,1.16194748878479,0.0
31,visual,1.1611413955688477,0.0,Reddit-S,44,context_static,False,51,1.1611413955688477,0.0
32,text,1.191360354423523,0.0,Reddit-S,44,context_static,False,51,1.191360354423523,0.0
32,visual,1.1902899742126465,0.0,Reddit-S,44,context_static,False,51,1.1902899742126465,0.0
33,text,1.2196859121322632,0.0,Reddit-S,44,context_static,False,51,1.2196859121322632,0.0
33,visual,1.2195649147033691,0.0,Reddit-S,44,context_static,False,51,1.2195649147033691,0.0
34,text,1.246202826499939,0.0,Reddit-S,44,context_static,False,51,1.246202826499939,0.0
34,visual,1.248987078666687,0.0,Reddit-S,44,context_static,False,51,1.248987078666687,0.0
35,text,1.2705578804016113,0.0,Reddit-S,44,context_static,False,51,1.2705578804016113,0.0
35,visual,1.2785758972167969,0.0,Reddit-S,44,context_static,False,51,1.2785758972167969,0.0
36,text,1.2938995361328125,0.0,Reddit-S,44,context_static,False,51,1.2938995361328125,0.0
36,visual,1.3083434104919434,0.0,Reddit-S,44,context_static,False,51,1.3083434104919434,0.0
37,text,1.3171072006225586,0.0,Reddit-S,44,context_static,False,51,1.3171072006225586,0.0
37,visual,1.3381941318511963,0.0,Reddit-S,44,context_static,False,51,1.3381941318511963,0.0
38,text,1.3393356800079346,0.0,Reddit-S,44,context_static,False,51,1.3393356800079346,0.0
38,visual,1.367871880531311,0.0,Reddit-S,44,context_static,False,51,1.367871880531311,0.0
39,text,1.3599399328231812,0.0,Reddit-S,44,context_static,False,51,1.3599399328231812,0.0
39,visual,1.3974272012710571,0.0,Reddit-S,44,context_static,False,51,1.3974272012710571,0.0
40,text,1.3796117305755615,0.0,Reddit-S,44,context_static,False,51,1.3796117305755615,0.0
40,visual,1.4266761541366577,0.0,Reddit-S,44,context_static,False,51,1.4266761541366577,0.0
41,text,1.3978934288024902,0.0,Reddit-S,44,context_static,False,51,1.3978934288024902,0.0
41,visual,1.4557832479476929,0.0,Reddit-S,44,context_static,False,51,1.4557832479476929,0.0
42,text,1.415194034576416,0.0,Reddit-S,44,context_static,False,51,1.415194034576416,0.0
42,visual,1.485028624534607,0.0,Reddit-S,44,context_static,False,51,1.485028624534607,0.0
43,text,1.433150291442871,0.0,Reddit-S,44,context_static,False,51,1.433150291442871,0.0
43,visual,1.5141522884368896,0.0,Reddit-S,44,context_static,False,51,1.5141522884368896,0.0
44,text,1.449966311454773,0.0,Reddit-S,44,context_static,False,51,1.449966311454773,0.0
44,visual,1.5427216291427612,0.0,Reddit-S,44,context_static,False,51,1.5427216291427612,0.0
45,text,1.4649244546890259,0.0,Reddit-S,44,context_static,False,51,1.4649244546890259,0.0
45,visual,1.570725917816162,0.0,Reddit-S,44,context_static,False,51,1.570725917816162,0.0
46,text,1.479124903678894,0.0,Reddit-S,44,context_static,False,51,1.479124903678894,0.0
46,visual,1.5982835292816162,0.0,Reddit-S,44,context_static,False,51,1.5982835292816162,0.0
47,text,1.4918900728225708,0.0,Reddit-S,44,context_static,False,51,1.4918900728225708,0.0
47,visual,1.625175952911377,0.0,Reddit-S,44,context_static,False,51,1.625175952911377,0.0
48,text,1.5036460161209106,0.0,Reddit-S,44,context_static,False,51,1.5036460161209106,0.0
48,visual,1.6516711711883545,0.0,Reddit-S,44,context_static,False,51,1.6516711711883545,0.0
49,text,1.5136418342590332,0.0,Reddit-S,44,context_static,False,51,1.5136418342590332,0.0
49,visual,1.6773780584335327,0.0,Reddit-S,44,context_static,False,51,1.6773780584335327,0.0
50,text,1.5222225189208984,0.0,Reddit-S,44,context_static,False,51,1.5222225189208984,0.0
50,visual,1.7015267610549927,0.0,Reddit-S,44,context_static,False,51,1.7015267610549927,0.0
51,text,1.5314412117004395,0.0,Reddit-S,44,context_static,True,51,1.5314412117004395,0.0
51,visual,1.7252089977264404,0.0,Reddit-S,44,context_static,True,51,1.7252089977264404,0.0
52,text,1.5407123565673828,0.0,Reddit-S,44,context_static,False,51,1.5407123565673828,0.0
52,visual,1.7479944229125977,0.0,Reddit-S,44,context_static,False,51,1.7479944229125977,0.0
53,text,1.5507878065109253,0.0,Reddit-S,44,context_static,False,51,1.5507878065109253,0.0
53,visual,1.7704708576202393,0.0,Reddit-S,44,context_static,False,51,1.7704708576202393,0.0
54,text,1.5595433712005615,0.0,Reddit-S,44,context_static,False,51,1.5595433712005615,0.0
54,visual,1.7921708822250366,0.0,Reddit-S,44,context_static,False,51,1.7921708822250366,0.0
55,text,1.5688037872314453,0.0,Reddit-S,44,context_static,False,51,1.5688037872314453,0.0
55,visual,1.8132259845733643,0.0,Reddit-S,44,context_static,False,51,1.8132259845733643,0.0
56,text,1.5785192251205444,0.0,Reddit-S,44,context_static,False,51,1.5785192251205444,0.0
56,visual,1.8337022066116333,0.0,Reddit-S,44,context_static,False,51,1.8337022066116333,0.0
57,text,1.5883196592330933,0.0,Reddit-S,44,context_static,False,51,1.5883196592330933,0.0
57,visual,1.8537366390228271,0.0,Reddit-S,44,context_static,False,51,1.8537366390228271,0.0
58,text,1.597654938697815,0.0,Reddit-S,44,context_static,False,51,1.597654938697815,0.0
58,visual,1.8730145692825317,0.0,Reddit-S,44,context_static,False,51,1.8730145692825317,0.0
59,text,1.606176495552063,0.0,Reddit-S,44,context_static,False,51,1.606176495552063,0.0
59,visual,1.8909838199615479,0.0,Reddit-S,44,context_static,False,51,1.8909838199615479,0.0
60,text,1.6150263547897339,0.0,Reddit-S,44,context_static,False,51,1.6150263547897339,0.0
60,visual,1.9083720445632935,0.0,Reddit-S,44,context_static,False,51,1.9083720445632935,0.0
61,text,1.6240595579147339,0.0,Reddit-S,44,context_static,False,51,1.6240595579147339,0.0
61,visual,1.9256703853607178,0.0,Reddit-S,44,context_static,False,51,1.9256703853607178,0.0
62,text,1.6329383850097656,0.0,Reddit-S,44,context_static,False,51,1.6329383850097656,0.0
62,visual,1.9429389238357544,0.0,Reddit-S,44,context_static,False,51,1.9429389238357544,0.0
63,text,1.6413679122924805,0.0,Reddit-S,44,context_static,False,51,1.6413679122924805,0.0
63,visual,1.9594371318817139,0.0,Reddit-S,44,context_static,False,51,1.9594371318817139,0.0
64,text,1.6490414142608643,0.0,Reddit-S,44,context_static,False,51,1.6490414142608643,0.0
64,visual,1.9750953912734985,0.0,Reddit-S,44,context_static,False,51,1.9750953912734985,0.0
65,text,1.6565933227539062,0.0,Reddit-S,44,context_static,False,51,1.6565933227539062,0.0
65,visual,1.9902610778808594,0.0,Reddit-S,44,context_static,False,51,1.9902610778808594,0.0
66,text,1.6649274826049805,0.0,Reddit-S,44,context_static,False,51,1.6649274826049805,0.0
66,visual,2.005234479904175,0.0,Reddit-S,44,context_static,False,51,2.005234479904175,0.0
67,text,1.6728707551956177,0.0,Reddit-S,44,context_static,False,51,1.6728707551956177,0.0
67,visual,2.020200490951538,0.0,Reddit-S,44,context_static,False,51,2.020200490951538,0.0
68,text,1.6804112195968628,0.0,Reddit-S,44,context_static,False,51,1.6804112195968628,0.0
68,visual,2.0346193313598633,0.0,Reddit-S,44,context_static,False,51,2.0346193313598633,0.0
69,text,1.6866141557693481,0.0,Reddit-S,44,context_static,False,51,1.6866141557693481,0.0
69,visual,2.0483527183532715,0.0,Reddit-S,44,context_static,False,51,2.0483527183532715,0.0
70,text,1.6919829845428467,0.0,Reddit-S,44,context_static,False,51,1.6919829845428467,0.0
70,visual,2.061260938644409,0.0,Reddit-S,44,context_static,False,51,2.061260938644409,0.0
71,text,1.6971181631088257,0.0,Reddit-S,44,context_static,False,51,1.6971181631088257,0.0
71,visual,2.0732228755950928,0.0,Reddit-S,44,context_static,False,51,2.0732228755950928,0.0
72,text,1.7023687362670898,0.0,Reddit-S,44,context_static,False,51,1.7023687362670898,0.0
72,visual,2.0843703746795654,0.0,Reddit-S,44,context_static,False,51,2.0843703746795654,0.0
73,text,1.707542061805725,0.0,Reddit-S,44,context_static,False,51,1.707542061805725,0.0
73,visual,2.0952348709106445,0.0,Reddit-S,44,context_static,False,51,2.0952348709106445,0.0
74,text,1.7131139039993286,0.0,Reddit-S,44,context_static,False,51,1.7131139039993286,0.0
74,visual,2.1057655811309814,0.0,Reddit-S,44,context_static,False,51,2.1057655811309814,0.0
75,text,1.7188327312469482,0.0,Reddit-S,44,context_static,False,51,1.7188327312469482,0.0
75,visual,2.11621356010437,0.0,Reddit-S,44,context_static,False,51,2.11621356010437,0.0
76,text,1.7241311073303223,0.0,Reddit-S,44,context_static,False,51,1.7241311073303223,0.0
76,visual,2.1260626316070557,0.0,Reddit-S,44,context_static,False,51,2.1260626316070557,0.0
77,text,1.7291467189788818,0.0,Reddit-S,44,context_static,False,51,1.7291467189788818,0.0
77,visual,2.135526657104492,0.0,Reddit-S,44,context_static,False,51,2.135526657104492,0.0
78,text,1.7335025072097778,0.0,Reddit-S,44,context_static,False,51,1.7335025072097778,0.0
78,visual,2.1448917388916016,0.0,Reddit-S,44,context_static,False,51,2.1448917388916016,0.0
79,text,1.7376151084899902,0.0,Reddit-S,44,context_static,False,51,1.7376151084899902,0.0
79,visual,2.1540145874023438,0.0,Reddit-S,44,context_static,False,51,2.1540145874023438,0.0
80,text,1.7414751052856445,0.0,Reddit-S,44,context_static,False,51,1.7414751052856445,0.0
80,visual,2.163172960281372,0.0,Reddit-S,44,context_static,False,51,2.163172960281372,0.0
81,text,1.745516300201416,0.0,Reddit-S,44,context_static,False,51,1.745516300201416,0.0
81,visual,2.172004461288452,0.0,Reddit-S,44,context_static,False,51,2.172004461288452,0.0
1,text,0.09000853449106216,0.0,Reddit-S,44,context_attn_dynamic,False,49,0.09000853449106216,0.0
1,visual,0.09011102467775345,0.0,Reddit-S,44,context_attn_dynamic,False,49,0.09011102467775345,0.0
2,text,0.13765445351600647,0.0,Reddit-S,44,context_attn_dynamic,False,49,0.13765445351600647,0.0
2,visual,0.1442042887210846,0.0,Reddit-S,44,context_attn_dynamic,False,49,0.1442042887210846,0.0
3,text,0.17980021238327026,0.0,Reddit-S,44,context_attn_dynamic,False,49,0.17980021238327026,0.0
3,visual,0.1907595843076706,0.0,Reddit-S,44,context_attn_dynamic,False,49,0.1907595843076706,0.0
4,text,0.2216937243938446,0.0,Reddit-S,44,context_attn_dynamic,False,49,0.2216937243938446,0.0
4,visual,0.23682689666748047,0.0,Reddit-S,44,context_attn_dynamic,False,49,0.23682689666748047,0.0
5,text,0.2611333727836609,0.0,Reddit-S,44,context_attn_dynamic,False,49,0.2611333727836609,0.0
5,visual,0.28171831369400024,0.0,Reddit-S,44,context_attn_dynamic,False,49,0.28171831369400024,0.0
6,text,0.2970309257507324,0.0,Reddit-S,44,context_attn_dynamic,False,49,0.2970309257507324,0.0
6,visual,0.323515921831131,0.0,Reddit-S,44,context_attn_dynamic,False,49,0.323515921831131,0.0
7,text,0.33185455203056335,0.0,Reddit-S,44,context_attn_dynamic,False,49,0.33185455203056335,0.0
7,visual,0.36294808983802795,0.0,Reddit-S,44,context_attn_dynamic,False,49,0.36294808983802795,0.0
8,text,0.3670182228088379,0.0,Reddit-S,44,context_attn_dynamic,False,49,0.3670182228088379,0.0
8,visual,0.4015142619609833,0.0,Reddit-S,44,context_attn_dynamic,False,49,0.4015142619609833,0.0
9,text,0.40266335010528564,0.0,Reddit-S,44,context_attn_dynamic,False,49,0.40266335010528564,0.0
9,visual,0.44022995233535767,0.0,Reddit-S,44,context_attn_dynamic,False,49,0.44022995233535767,0.0
10,text,0.43971526622772217,0.0,Reddit-S,44,context_attn_dynamic,False,49,0.43971526622772217,0.0
10,visual,0.48048558831214905,0.0,Reddit-S,44,context_attn_dynamic,False,49,0.48048558831214905,0.0
11,text,0.4781898856163025,0.0,Reddit-S,44,context_attn_dynamic,False,49,0.4781898856163025,0.0
11,visual,0.5222886204719543,0.0,Reddit-S,44,context_attn_dynamic,False,49,0.5222886204719543,0.0
12,text,0.5179994702339172,0.0,Reddit-S,44,context_attn_dynamic,False,49,0.5179994702339172,0.0
12,visual,0.5644077658653259,0.0,Reddit-S,44,context_attn_dynamic,False,49,0.5644077658653259,0.0
13,text,0.5584378242492676,0.0,Reddit-S,44,context_attn_dynamic,False,49,0.5584378242492676,0.0
13,visual,0.6059595942497253,0.0,Reddit-S,44,context_attn_dynamic,False,49,0.6059595942497253,0.0
14,text,0.5988753437995911,0.0,Reddit-S,44,context_attn_dynamic,False,49,0.5988753437995911,0.0
14,visual,0.6464224457740784,0.0,Reddit-S,44,context_attn_dynamic,False,49,0.6464224457740784,0.0
15,text,0.6387909650802612,0.0,Reddit-S,44,context_attn_dynamic,False,49,0.6387909650802612,0.0
15,visual,0.685926079750061,0.0,Reddit-S,44,context_attn_dynamic,False,49,0.685926079750061,0.0
16,text,0.6784142255783081,0.0,Reddit-S,44,context_attn_dynamic,False,49,0.6784142255783081,0.0
16,visual,0.7242532968521118,0.0,Reddit-S,44,context_attn_dynamic,False,49,0.7242532968521118,0.0
17,text,0.7170318961143494,0.0,Reddit-S,44,context_attn_dynamic,False,49,0.7170318961143494,0.0
17,visual,0.7614061832427979,0.0,Reddit-S,44,context_attn_dynamic,False,49,0.7614061832427979,0.0
18,text,0.754020094871521,0.0,Reddit-S,44,context_attn_dynamic,False,49,0.754020094871521,0.0
18,visual,0.797429621219635,0.0,Reddit-S,44,context_attn_dynamic,False,49,0.797429621219635,0.0
19,text,0.7905834913253784,0.0,Reddit-S,44,context_attn_dynamic,False,49,0.7905834913253784,0.0
19,visual,0.8324568867683411,0.0,Reddit-S,44,context_attn_dynamic,False,49,0.8324568867683411,0.0
20,text,0.8265889286994934,0.0,Reddit-S,44,context_attn_dynamic,False,49,0.8265889286994934,0.0
20,visual,0.866682231426239,0.0,Reddit-S,44,context_attn_dynamic,False,49,0.866682231426239,0.0
21,text,0.8612119555473328,0.0,Reddit-S,44,context_attn_dynamic,False,49,0.8612119555473328,0.0
21,visual,0.9009066820144653,0.0,Reddit-S,44,context_attn_dynamic,False,49,0.9009066820144653,0.0
22,text,0.895087480545044,0.0,Reddit-S,44,context_attn_dynamic,False,49,0.895087480545044,0.0
22,visual,0.9347023367881775,0.0,Reddit-S,44,context_attn_dynamic,False,49,0.9347023367881775,0.0
23,text,0.9288569092750549,0.0,Reddit-S,44,context_attn_dynamic,False,49,0.9288569092750549,0.0
23,visual,0.9680846333503723,0.0,Reddit-S,44,context_attn_dynamic,False,49,0.9680846333503723,0.0
24,text,0.9624533653259277,0.0,Reddit-S,44,context_attn_dynamic,False,49,0.9624533653259277,0.0
24,visual,1.0017122030258179,0.0,Reddit-S,44,context_attn_dynamic,False,49,1.0017122030258179,0.0
25,text,0.9949641823768616,0.0,Reddit-S,44,context_attn_dynamic,False,49,0.9949641823768616,0.0
25,visual,1.0352321863174438,0.0,Reddit-S,44,context_attn_dynamic,False,49,1.0352321863174438,0.0
26,text,1.026943325996399,0.0,Reddit-S,44,context_attn_dynamic,False,49,1.026943325996399,0.0
26,visual,1.0688105821609497,0.0,Reddit-S,44,context_attn_dynamic,False,49,1.0688105821609497,0.0
27,text,1.0585095882415771,0.0,Reddit-S,44,context_attn_dynamic,False,49,1.0585095882415771,0.0
27,visual,1.1024373769760132,0.0,Reddit-S,44,context_attn_dynamic,False,49,1.1024373769760132,0.0
28,text,1.0897148847579956,0.0,Reddit-S,44,context_attn_dynamic,False,49,1.0897148847579956,0.0
28,visual,1.1364156007766724,0.0,Reddit-S,44,context_attn_dynamic,False,49,1.1364156007766724,0.0
29,text,1.1202040910720825,0.0,Reddit-S,44,context_attn_dynamic,False,49,1.1202040910720825,0.0
29,visual,1.1710940599441528,0.0,Reddit-S,44,context_attn_dynamic,False,49,1.1710940599441528,0.0
30,text,1.1504287719726562,0.0,Reddit-S,44,context_attn_dynamic,False,49,1.1504287719726562,0.0
30,visual,1.2063465118408203,0.0,Reddit-S,44,context_attn_dynamic,False,49,1.2063465118408203,0.0
31,text,1.178696870803833,0.0,Reddit-S,44,context_attn_dynamic,False,49,1.178696870803833,0.0
31,visual,1.2422140836715698,0.0,Reddit-S,44,context_attn_dynamic,False,49,1.2422140836715698,0.0
32,text,1.2050977945327759,0.0,Reddit-S,44,context_attn_dynamic,False,49,1.2050977945327759,0.0
32,visual,1.2789784669876099,0.0,Reddit-S,44,context_attn_dynamic,False,49,1.2789784669876099,0.0
33,text,1.2303298711776733,0.0,Reddit-S,44,context_attn_dynamic,False,49,1.2303298711776733,0.0
33,visual,1.3158007860183716,0.0,Reddit-S,44,context_attn_dynamic,False,49,1.3158007860183716,0.0
34,text,1.2540053129196167,0.0,Reddit-S,44,context_attn_dynamic,False,49,1.2540053129196167,0.0
34,visual,1.3531111478805542,0.0,Reddit-S,44,context_attn_dynamic,False,49,1.3531111478805542,0.0
35,text,1.2766411304473877,0.0,Reddit-S,44,context_attn_dynamic,False,49,1.2766411304473877,0.0
35,visual,1.3907088041305542,0.0,Reddit-S,44,context_attn_dynamic,False,49,1.3907088041305542,0.0
36,text,1.2980331182479858,0.0,Reddit-S,44,context_attn_dynamic,False,49,1.2980331182479858,0.0
36,visual,1.428283929824829,0.0,Reddit-S,44,context_attn_dynamic,False,49,1.428283929824829,0.0
37,text,1.3183759450912476,0.0,Reddit-S,44,context_attn_dynamic,False,49,1.3183759450912476,0.0
37,visual,1.4650883674621582,0.0,Reddit-S,44,context_attn_dynamic,False,49,1.4650883674621582,0.0
38,text,1.3378658294677734,0.0,Reddit-S,44,context_attn_dynamic,False,49,1.3378658294677734,0.0
38,visual,1.501573085784912,0.0,Reddit-S,44,context_attn_dynamic,False,49,1.501573085784912,0.0
39,text,1.3577032089233398,0.0,Reddit-S,44,context_attn_dynamic,False,49,1.3577032089233398,0.0
39,visual,1.537521243095398,0.0,Reddit-S,44,context_attn_dynamic,False,49,1.537521243095398,0.0
40,text,1.3762531280517578,0.0,Reddit-S,44,context_attn_dynamic,False,49,1.3762531280517578,0.0
40,visual,1.5730758905410767,0.0,Reddit-S,44,context_attn_dynamic,False,49,1.5730758905410767,0.0
41,text,1.3945766687393188,0.0,Reddit-S,44,context_attn_dynamic,False,49,1.3945766687393188,0.0
41,visual,1.607616901397705,0.0,Reddit-S,44,context_attn_dynamic,False,49,1.607616901397705,0.0
42,text,1.4130088090896606,0.0,Reddit-S,44,context_attn_dynamic,False,49,1.4130088090896606,0.0
42,visual,1.6414097547531128,0.0,Reddit-S,44,context_attn_dynamic,False,49,1.6414097547531128,0.0
43,text,1.430970549583435,0.0,Reddit-S,44,context_attn_dynamic,False,49,1.430970549583435,0.0
43,visual,1.6741472482681274,0.0,Reddit-S,44,context_attn_dynamic,False,49,1.6741472482681274,0.0
44,text,1.4453253746032715,0.0,Reddit-S,44,context_attn_dynamic,False,49,1.4453253746032715,0.0
44,visual,1.7060832977294922,0.0,Reddit-S,44,context_attn_dynamic,False,49,1.7060832977294922,0.0
45,text,1.4608893394470215,0.0,Reddit-S,44,context_attn_dynamic,False,49,1.4608893394470215,0.0
45,visual,1.7370039224624634,0.0,Reddit-S,44,context_attn_dynamic,False,49,1.7370039224624634,0.0
46,text,1.4763511419296265,0.0,Reddit-S,44,context_attn_dynamic,False,49,1.4763511419296265,0.0
46,visual,1.7668263912200928,0.0,Reddit-S,44,context_attn_dynamic,False,49,1.7668263912200928,0.0
47,text,1.4890267848968506,0.0,Reddit-S,44,context_attn_dynamic,False,49,1.4890267848968506,0.0
47,visual,1.7954217195510864,0.0,Reddit-S,44,context_attn_dynamic,False,49,1.7954217195510864,0.0
48,text,1.5006484985351562,0.0,Reddit-S,44,context_attn_dynamic,False,49,1.5006484985351562,0.0
48,visual,1.8225311040878296,0.0,Reddit-S,44,context_attn_dynamic,False,49,1.8225311040878296,0.0
49,text,1.5109167098999023,0.0,Reddit-S,44,context_attn_dynamic,True,49,1.5109167098999023,0.0
49,visual,1.8481993675231934,0.0,Reddit-S,44,context_attn_dynamic,True,49,1.8481993675231934,0.0
50,text,1.5208853483200073,0.0,Reddit-S,44,context_attn_dynamic,False,49,1.5208853483200073,0.0
50,visual,1.8730696439743042,0.0,Reddit-S,44,context_attn_dynamic,False,49,1.8730696439743042,0.0
51,text,1.531083345413208,0.0,Reddit-S,44,context_attn_dynamic,False,49,1.531083345413208,0.0
51,visual,1.8971558809280396,0.0,Reddit-S,44,context_attn_dynamic,False,49,1.8971558809280396,0.0
52,text,1.5422353744506836,0.0,Reddit-S,44,context_attn_dynamic,False,49,1.5422353744506836,0.0
52,visual,1.9204590320587158,0.0,Reddit-S,44,context_attn_dynamic,False,49,1.9204590320587158,0.0
53,text,1.5539507865905762,0.0,Reddit-S,44,context_attn_dynamic,False,49,1.5539507865905762,0.0
53,visual,1.9424774646759033,0.0,Reddit-S,44,context_attn_dynamic,False,49,1.9424774646759033,0.0
54,text,1.5656484365463257,0.0,Reddit-S,44,context_attn_dynamic,False,49,1.5656484365463257,0.0
54,visual,1.9640204906463623,0.0,Reddit-S,44,context_attn_dynamic,False,49,1.9640204906463623,0.0
55,text,1.5763864517211914,0.0,Reddit-S,44,context_attn_dynamic,False,49,1.5763864517211914,0.0
55,visual,1.9848569631576538,0.0,Reddit-S,44,context_attn_dynamic,False,49,1.9848569631576538,0.0
56,text,1.586159348487854,0.0,Reddit-S,44,context_attn_dynamic,False,49,1.586159348487854,0.0
56,visual,2.004786968231201,0.0,Reddit-S,44,context_attn_dynamic,False,49,2.004786968231201,0.0
57,text,1.5938836336135864,0.0,Reddit-S,44,context_attn_dynamic,False,49,1.5938836336135864,0.0
57,visual,2.0239155292510986,0.0,Reddit-S,44,context_attn_dynamic,False,49,2.0239155292510986,0.0
58,text,1.6013269424438477,0.0,Reddit-S,44,context_attn_dynamic,False,49,1.6013269424438477,0.0
58,visual,2.0428102016448975,0.0,Reddit-S,44,context_attn_dynamic,False,49,2.0428102016448975,0.0
59,text,1.6088775396347046,0.0,Reddit-S,44,context_attn_dynamic,False,49,1.6088775396347046,0.0
59,visual,2.0617218017578125,0.0,Reddit-S,44,context_attn_dynamic,False,49,2.0617218017578125,0.0
60,text,1.6177781820297241,0.0,Reddit-S,44,context_attn_dynamic,False,49,1.6177781820297241,0.0
60,visual,2.0802977085113525,0.0,Reddit-S,44,context_attn_dynamic,False,49,2.0802977085113525,0.0
61,text,1.6278259754180908,0.0,Reddit-S,44,context_attn_dynamic,False,49,1.6278259754180908,0.0
61,visual,2.0978546142578125,0.0,Reddit-S,44,context_attn_dynamic,False,49,2.0978546142578125,0.0
62,text,1.6373955011367798,0.0,Reddit-S,44,context_attn_dynamic,False,49,1.6373955011367798,0.0
62,visual,2.11494517326355,0.0,Reddit-S,44,context_attn_dynamic,False,49,2.11494517326355,0.0
63,text,1.6463041305541992,0.0,Reddit-S,44,context_attn_dynamic,False,49,1.6463041305541992,0.0
63,visual,2.131896495819092,0.0,Reddit-S,44,context_attn_dynamic,False,49,2.131896495819092,0.0
64,text,1.6544685363769531,0.0,Reddit-S,44,context_attn_dynamic,False,49,1.6544685363769531,0.0
64,visual,2.148538827896118,0.0,Reddit-S,44,context_attn_dynamic,False,49,2.148538827896118,0.0
65,text,1.6614495515823364,0.0,Reddit-S,44,context_attn_dynamic,False,49,1.6614495515823364,0.0
65,visual,2.1647284030914307,0.0,Reddit-S,44,context_attn_dynamic,False,49,2.1647284030914307,0.0
66,text,1.6672470569610596,0.0,Reddit-S,44,context_attn_dynamic,False,49,1.6672470569610596,0.0
66,visual,2.180091619491577,0.0,Reddit-S,44,context_attn_dynamic,False,49,2.180091619491577,0.0
67,text,1.6727548837661743,0.0,Reddit-S,44,context_attn_dynamic,False,49,1.6727548837661743,0.0
67,visual,2.1948323249816895,0.0,Reddit-S,44,context_attn_dynamic,False,49,2.1948323249816895,0.0
68,text,1.6790003776550293,0.0,Reddit-S,44,context_attn_dynamic,False,49,1.6790003776550293,0.0
68,visual,2.208615303039551,0.0,Reddit-S,44,context_attn_dynamic,False,49,2.208615303039551,0.0
69,text,1.6863960027694702,0.0,Reddit-S,44,context_attn_dynamic,False,49,1.6863960027694702,0.0
69,visual,2.2219767570495605,0.0,Reddit-S,44,context_attn_dynamic,False,49,2.2219767570495605,0.0
70,text,1.6941486597061157,0.0,Reddit-S,44,context_attn_dynamic,False,49,1.6941486597061157,0.0
70,visual,2.2345058917999268,0.0,Reddit-S,44,context_attn_dynamic,False,49,2.2345058917999268,0.0
71,text,1.702057123184204,0.0,Reddit-S,44,context_attn_dynamic,False,49,1.702057123184204,0.0
71,visual,2.2465574741363525,0.0,Reddit-S,44,context_attn_dynamic,False,49,2.2465574741363525,0.0
72,text,1.7095813751220703,0.0,Reddit-S,44,context_attn_dynamic,False,49,1.7095813751220703,0.0
72,visual,2.2583086490631104,0.0,Reddit-S,44,context_attn_dynamic,False,49,2.2583086490631104,0.0
73,text,1.7166786193847656,0.0,Reddit-S,44,context_attn_dynamic,False,49,1.7166786193847656,0.0
73,visual,2.2697629928588867,0.0,Reddit-S,44,context_attn_dynamic,False,49,2.2697629928588867,0.0
74,text,1.723337173461914,0.0,Reddit-S,44,context_attn_dynamic,False,49,1.723337173461914,0.0
74,visual,2.2807857990264893,0.0,Reddit-S,44,context_attn_dynamic,False,49,2.2807857990264893,0.0
75,text,1.7297080755233765,0.0,Reddit-S,44,context_attn_dynamic,False,49,1.7297080755233765,0.0
75,visual,2.291592597961426,0.0,Reddit-S,44,context_attn_dynamic,False,49,2.291592597961426,0.0
76,text,1.7353707551956177,0.0,Reddit-S,44,context_attn_dynamic,False,49,1.7353707551956177,0.0
76,visual,2.30143404006958,0.0,Reddit-S,44,context_attn_dynamic,False,49,2.30143404006958,0.0
77,text,1.7405108213424683,0.0,Reddit-S,44,context_attn_dynamic,False,49,1.7405108213424683,0.0
77,visual,2.311300039291382,0.0,Reddit-S,44,context_attn_dynamic,False,49,2.311300039291382,0.0
78,text,1.7457867860794067,0.0,Reddit-S,44,context_attn_dynamic,False,49,1.7457867860794067,0.0
78,visual,2.320983409881592,0.0,Reddit-S,44,context_attn_dynamic,False,49,2.320983409881592,0.0
79,text,1.7505269050598145,0.0,Reddit-S,44,context_attn_dynamic,False,49,1.7505269050598145,0.0
79,visual,2.330395221710205,0.0,Reddit-S,44,context_attn_dynamic,False,49,2.330395221710205,0.0
1,text,0.09000242501497269,0.0,Reddit-S,44,context_bilinear_absolute,False,49,0.09000242501497269,0.0
1,visual,0.09011979401111603,0.0,Reddit-S,44,context_bilinear_absolute,False,49,0.09011979401111603,0.0
2,text,0.13915449380874634,0.0284876711666584,Reddit-S,44,context_bilinear_absolute,False,49,0.13915449380874634,0.0284876711666584
2,visual,0.14373008906841278,0.027452999725937843,Reddit-S,44,context_bilinear_absolute,False,49,0.14373008906841278,0.027452999725937843
3,text,0.1842660903930664,0.05134355276823044,Reddit-S,44,context_bilinear_absolute,False,49,0.1842660903930664,0.05134355276823044
3,visual,0.19091162085533142,0.04986827075481415,Reddit-S,44,context_bilinear_absolute,False,49,0.19091162085533142,0.04986827075481415
4,text,0.2284296751022339,0.07588830590248108,Reddit-S,44,context_bilinear_absolute,False,49,0.2284296751022339,0.07588830590248108
4,visual,0.23783321678638458,0.07358884811401367,Reddit-S,44,context_bilinear_absolute,False,49,0.23783321678638458,0.07358884811401367
5,text,0.2686630189418793,0.0982603207230568,Reddit-S,44,context_bilinear_absolute,False,49,0.2686630189418793,0.0982603207230568
5,visual,0.28350433707237244,0.09840751439332962,Reddit-S,44,context_bilinear_absolute,False,49,0.28350433707237244,0.09840751439332962
6,text,0.3050191402435303,0.11672569811344147,Reddit-S,44,context_bilinear_absolute,False,49,0.3050191402435303,0.11672569811344147
6,visual,0.32568055391311646,0.12271203100681305,Reddit-S,44,context_bilinear_absolute,False,49,0.32568055391311646,0.12271203100681305
7,text,0.33883923292160034,0.134628027677536,Reddit-S,44,context_bilinear_absolute,False,49,0.33883923292160034,0.134628027677536
7,visual,0.3653534948825836,0.146324023604393,Reddit-S,44,context_bilinear_absolute,False,49,0.3653534948825836,0.146324023604393
8,text,0.37152233719825745,0.1525224894285202,Reddit-S,44,context_bilinear_absolute,False,49,0.37152233719825745,0.1525224894285202
8,visual,0.404206246137619,0.16951435804367065,Reddit-S,44,context_bilinear_absolute,False,49,0.404206246137619,0.16951435804367065
9,text,0.4044254422187805,0.17120857536792755,Reddit-S,44,context_bilinear_absolute,False,49,0.4044254422187805,0.17120857536792755
9,visual,0.44292208552360535,0.19123131036758423,Reddit-S,44,context_bilinear_absolute,False,49,0.44292208552360535,0.19123131036758423
10,text,0.4386155605316162,0.1908547431230545,Reddit-S,44,context_bilinear_absolute,False,49,0.4386155605316162,0.1908547431230545
10,visual,0.48284703493118286,0.2129783034324646,Reddit-S,44,context_bilinear_absolute,False,49,0.48284703493118286,0.2129783034324646
11,text,0.47397902607917786,0.21287448704242706,Reddit-S,44,context_bilinear_absolute,False,49,0.47397902607917786,0.21287448704242706
11,visual,0.5238869786262512,0.23633044958114624,Reddit-S,44,context_bilinear_absolute,False,49,0.5238869786262512,0.23633044958114624
12,text,0.5098162889480591,0.23640868067741394,Reddit-S,44,context_bilinear_absolute,False,49,0.5098162889480591,0.23640868067741394
12,visual,0.5650954246520996,0.2610018253326416,Reddit-S,44,context_bilinear_absolute,False,49,0.5650954246520996,0.2610018253326416
13,text,0.5463681221008301,0.2609105408191681,Reddit-S,44,context_bilinear_absolute,False,49,0.5463681221008301,0.2609105408191681
13,visual,0.6053992509841919,0.28574666380882263,Reddit-S,44,context_bilinear_absolute,False,49,0.6053992509841919,0.28574666380882263
14,text,0.5832356810569763,0.28443631529808044,Reddit-S,44,context_bilinear_absolute,False,49,0.5832356810569763,0.28443631529808044
14,visual,0.6438411474227905,0.30850085616111755,Reddit-S,44,context_bilinear_absolute,False,49,0.6438411474227905,0.30850085616111755
15,text,0.6201502680778503,0.307589590549469,Reddit-S,44,context_bilinear_absolute,False,49,0.6201502680778503,0.307589590549469
15,visual,0.6810476779937744,0.33049750328063965,Reddit-S,44,context_bilinear_absolute,False,49,0.6810476779937744,0.33049750328063965
16,text,0.6561571955680847,0.3306424915790558,Reddit-S,44,context_bilinear_absolute,False,49,0.6561571955680847,0.3306424915790558
16,visual,0.7167250514030457,0.3510338068008423,Reddit-S,44,context_bilinear_absolute,False,49,0.7167250514030457,0.3510338068008423
17,text,0.690933346748352,0.353170245885849,Reddit-S,44,context_bilinear_absolute,False,49,0.690933346748352,0.353170245885849
17,visual,0.7509480118751526,0.3702026605606079,Reddit-S,44,context_bilinear_absolute,False,49,0.7509480118751526,0.3702026605606079
18,text,0.7252396941184998,0.37566664814949036,Reddit-S,44,context_bilinear_absolute,False,49,0.7252396941184998,0.37566664814949036
18,visual,0.7837470173835754,0.38825902342796326,Reddit-S,44,context_bilinear_absolute,False,49,0.7837470173835754,0.38825902342796326
19,text,0.7590101957321167,0.3966493606567383,Reddit-S,44,context_bilinear_absolute,False,49,0.7590101957321167,0.3966493606567383
19,visual,0.8153455257415771,0.4053586423397064,Reddit-S,44,context_bilinear_absolute,False,49,0.8153455257415771,0.4053586423397064
20,text,0.7923634052276611,0.4163999855518341,Reddit-S,44,context_bilinear_absolute,False,49,0.7923634052276611,0.4163999855518341
20,visual,0.8457201719284058,0.42193344235420227,Reddit-S,44,context_bilinear_absolute,False,49,0.8457201719284058,0.42193344235420227
21,text,0.825650155544281,0.43474847078323364,Reddit-S,44,context_bilinear_absolute,False,49,0.825650155544281,0.43474847078323364
21,visual,0.8752771615982056,0.43846389651298523,Reddit-S,44,context_bilinear_absolute,False,49,0.8752771615982056,0.43846389651298523
22,text,0.858887255191803,0.45390477776527405,Reddit-S,44,context_bilinear_absolute,False,49,0.858887255191803,0.45390477776527405
22,visual,0.9043049812316895,0.45515862107276917,Reddit-S,44,context_bilinear_absolute,False,49,0.9043049812316895,0.45515862107276917
23,text,0.8913587331771851,0.4702761471271515,Reddit-S,44,context_bilinear_absolute,False,49,0.8913587331771851,0.4702761471271515
23,visual,0.9331679344177246,0.47234857082366943,Reddit-S,44,context_bilinear_absolute,False,49,0.9331679344177246,0.47234857082366943
24,text,0.9245951175689697,0.48795759677886963,Reddit-S,44,context_bilinear_absolute,False,49,0.9245951175689697,0.48795759677886963
24,visual,0.9613462090492249,0.48920944333076477,Reddit-S,44,context_bilinear_absolute,False,49,0.9613462090492249,0.48920944333076477
25,text,0.9588793516159058,0.5079687833786011,Reddit-S,44,context_bilinear_absolute,False,49,0.9588793516159058,0.5079687833786011
25,visual,0.98943692445755,0.5063034892082214,Reddit-S,44,context_bilinear_absolute,False,49,0.98943692445755,0.5063034892082214
26,text,0.9929267764091492,0.526644229888916,Reddit-S,44,context_bilinear_absolute,False,49,0.9929267764091492,0.526644229888916
26,visual,1.0176292657852173,0.5240887403488159,Reddit-S,44,context_bilinear_absolute,False,49,1.0176292657852173,0.5240887403488159
27,text,1.0272541046142578,0.5470302700996399,Reddit-S,44,context_bilinear_absolute,False,49,1.0272541046142578,0.5470302700996399
27,visual,1.0458383560180664,0.5420736074447632,Reddit-S,44,context_bilinear_absolute,False,49,1.0458383560180664,0.5420736074447632
28,text,1.0619242191314697,0.5681049227714539,Reddit-S,44,context_bilinear_absolute,False,49,1.0619242191314697,0.5681049227714539
28,visual,1.0741453170776367,0.5601513385772705,Reddit-S,44,context_bilinear_absolute,False,49,1.0741453170776367,0.5601513385772705
29,text,1.0961462259292603,0.5902586579322815,Reddit-S,44,context_bilinear_absolute,False,49,1.0961462259292603,0.5902586579322815
29,visual,1.102530598640442,0.5783260464668274,Reddit-S,44,context_bilinear_absolute,False,49,1.102530598640442,0.5783260464668274
30,text,1.1293662786483765,0.612159013748169,Reddit-S,44,context_bilinear_absolute,False,49,1.1293662786483765,0.612159013748169
30,visual,1.1310499906539917,0.5970721244812012,Reddit-S,44,context_bilinear_absolute,False,49,1.1310499906539917,0.5970721244812012
31,text,1.1604371070861816,0.6335446238517761,Reddit-S,44,context_bilinear_absolute,False,49,1.1604371070861816,0.6335446238517761
31,visual,1.1601204872131348,0.6171935796737671,Reddit-S,44,context_bilinear_absolute,False,49,1.1601204872131348,0.6171935796737671
32,text,1.1895902156829834,0.6541941165924072,Reddit-S,44,context_bilinear_absolute,False,49,1.1895902156829834,0.6541941165924072
32,visual,1.18923020362854,0.6380396485328674,Reddit-S,44,context_bilinear_absolute,False,49,1.18923020362854,0.6380396485328674
33,text,1.2176634073257446,0.6746858954429626,Reddit-S,44,context_bilinear_absolute,False,49,1.2176634073257446,0.6746858954429626
33,visual,1.218499779701233,0.6598650217056274,Reddit-S,44,context_bilinear_absolute,False,49,1.218499779701233,0.6598650217056274
34,text,1.2438679933547974,0.69404137134552,Reddit-S,44,context_bilinear_absolute,False,49,1.2438679933547974,0.69404137134552
34,visual,1.2479699850082397,0.6829384565353394,Reddit-S,44,context_bilinear_absolute,False,49,1.2479699850082397,0.6829384565353394
35,text,1.2676559686660767,0.7125308513641357,Reddit-S,44,context_bilinear_absolute,False,49,1.2676559686660767,0.7125308513641357
35,visual,1.27760910987854,0.7062738537788391,Reddit-S,44,context_bilinear_absolute,False,49,1.27760910987854,0.7062738537788391
36,text,1.2903612852096558,0.7311902642250061,Reddit-S,44,context_bilinear_absolute,False,49,1.2903612852096558,0.7311902642250061
36,visual,1.3074477910995483,0.7306921482086182,Reddit-S,44,context_bilinear_absolute,False,49,1.3074477910995483,0.7306921482086182
37,text,1.3131351470947266,0.7509557008743286,Reddit-S,44,context_bilinear_absolute,False,49,1.3131351470947266,0.7509557008743286
37,visual,1.3373870849609375,0.7563560009002686,Reddit-S,44,context_bilinear_absolute,False,49,1.3373870849609375,0.7563560009002686
38,text,1.3349123001098633,0.7698142528533936,Reddit-S,44,context_bilinear_absolute,False,49,1.3349123001098633,0.7698142528533936
38,visual,1.3671367168426514,0.7827540636062622,Reddit-S,44,context_bilinear_absolute,False,49,1.3671367168426514,0.7827540636062622
39,text,1.3550615310668945,0.7878926992416382,Reddit-S,44,context_bilinear_absolute,False,49,1.3550615310668945,0.7878926992416382
39,visual,1.3967665433883667,0.8100165724754333,Reddit-S,44,context_bilinear_absolute,False,49,1.3967665433883667,0.8100165724754333
40,text,1.374476671218872,0.8048089146614075,Reddit-S,44,context_bilinear_absolute,False,49,1.374476671218872,0.8048089146614075
40,visual,1.4260958433151245,0.8375595808029175,Reddit-S,44,context_bilinear_absolute,False,49,1.4260958433151245,0.8375595808029175
41,text,1.3936338424682617,0.8215692043304443,Reddit-S,44,context_bilinear_absolute,False,49,1.3936338424682617,0.8215692043304443
41,visual,1.4553980827331543,0.8655368685722351,Reddit-S,44,context_bilinear_absolute,False,49,1.4553980827331543,0.8655368685722351
42,text,1.4119107723236084,0.8375913500785828,Reddit-S,44,context_bilinear_absolute,False,49,1.4119107723236084,0.8375913500785828
42,visual,1.4849042892456055,0.8944512605667114,Reddit-S,44,context_bilinear_absolute,False,49,1.4849042892456055,0.8944512605667114
43,text,1.4304834604263306,0.8546674847602844,Reddit-S,44,context_bilinear_absolute,False,49,1.4304834604263306,0.8546674847602844
43,visual,1.5142841339111328,0.9230379462242126,Reddit-S,44,context_bilinear_absolute,False,49,1.5142841339111328,0.9230379462242126
44,text,1.4477450847625732,0.8710092902183533,Reddit-S,44,context_bilinear_absolute,False,49,1.4477450847625732,0.8710092902183533
44,visual,1.5431804656982422,0.9515990614891052,Reddit-S,44,context_bilinear_absolute,False,49,1.5431804656982422,0.9515990614891052
45,text,1.4632642269134521,0.8859878182411194,Reddit-S,44,context_bilinear_absolute,False,49,1.4632642269134521,0.8859878182411194
45,visual,1.571576476097107,0.979627251625061,Reddit-S,44,context_bilinear_absolute,False,49,1.571576476097107,0.979627251625061
46,text,1.477955937385559,0.9004441499710083,Reddit-S,44,context_bilinear_absolute,False,49,1.477955937385559,0.9004441499710083
46,visual,1.5995067358016968,1.0074806213378906,Reddit-S,44,context_bilinear_absolute,False,49,1.5995067358016968,1.0074806213378906
47,text,1.4910308122634888,0.9138333201408386,Reddit-S,44,context_bilinear_absolute,False,49,1.4910308122634888,0.9138333201408386
47,visual,1.6267467737197876,1.0334570407867432,Reddit-S,44,context_bilinear_absolute,False,49,1.6267467737197876,1.0334570407867432
48,text,1.5032758712768555,0.9274263978004456,Reddit-S,44,context_bilinear_absolute,False,49,1.5032758712768555,0.9274263978004456
48,visual,1.6536842584609985,1.0598503351211548,Reddit-S,44,context_bilinear_absolute,False,49,1.6536842584609985,1.0598503351211548
49,text,1.514656901359558,0.9395614862442017,Reddit-S,44,context_bilinear_absolute,True,49,1.514656901359558,0.9395614862442017
49,visual,1.6798304319381714,1.0863579511642456,Reddit-S,44,context_bilinear_absolute,True,49,1.6798304319381714,1.0863579511642456
50,text,1.5250720977783203,0.9504804015159607,Reddit-S,44,context_bilinear_absolute,False,49,1.5250720977783203,0.9504804015159607
50,visual,1.7047269344329834,1.1130138635635376,Reddit-S,44,context_bilinear_absolute,False,49,1.7047269344329834,1.1130138635635376
51,text,1.535815954208374,0.961418867111206,Reddit-S,44,context_bilinear_absolute,False,49,1.535815954208374,0.961418867111206
51,visual,1.7292604446411133,1.139947533607483,Reddit-S,44,context_bilinear_absolute,False,49,1.7292604446411133,1.139947533607483
52,text,1.545556664466858,0.9701049327850342,Reddit-S,44,context_bilinear_absolute,False,49,1.545556664466858,0.9701049327850342
52,visual,1.752866268157959,1.16628897190094,Reddit-S,44,context_bilinear_absolute,False,49,1.752866268157959,1.16628897190094
53,text,1.5532146692276,0.9760425090789795,Reddit-S,44,context_bilinear_absolute,False,49,1.5532146692276,0.9760425090789795
53,visual,1.7760131359100342,1.1918549537658691,Reddit-S,44,context_bilinear_absolute,False,49,1.7760131359100342,1.1918549537658691
54,text,1.5617094039916992,0.983233630657196,Reddit-S,44,context_bilinear_absolute,False,49,1.5617094039916992,0.983233630657196
54,visual,1.798211693763733,1.2175856828689575,Reddit-S,44,context_bilinear_absolute,False,49,1.798211693763733,1.2175856828689575
55,text,1.5706578493118286,0.9896023273468018,Reddit-S,44,context_bilinear_absolute,False,49,1.5706578493118286,0.9896023273468018
55,visual,1.819368839263916,1.243767261505127,Reddit-S,44,context_bilinear_absolute,False,49,1.819368839263916,1.243767261505127
56,text,1.580378770828247,0.9973576664924622,Reddit-S,44,context_bilinear_absolute,False,49,1.580378770828247,0.9973576664924622
56,visual,1.8402154445648193,1.2695482969284058,Reddit-S,44,context_bilinear_absolute,False,49,1.8402154445648193,1.2695482969284058
57,text,1.5900986194610596,1.0052998065948486,Reddit-S,44,context_bilinear_absolute,False,49,1.5900986194610596,1.0052998065948486
57,visual,1.8609274625778198,1.2944048643112183,Reddit-S,44,context_bilinear_absolute,False,49,1.8609274625778198,1.2944048643112183
58,text,1.599439024925232,1.0137779712677002,Reddit-S,44,context_bilinear_absolute,False,49,1.599439024925232,1.0137779712677002
58,visual,1.8810821771621704,1.3204008340835571,Reddit-S,44,context_bilinear_absolute,False,49,1.8810821771621704,1.3204008340835571
59,text,1.606975793838501,1.02122163772583,Reddit-S,44,context_bilinear_absolute,False,49,1.606975793838501,1.02122163772583
59,visual,1.8995189666748047,1.3452938795089722,Reddit-S,44,context_bilinear_absolute,False,49,1.8995189666748047,1.3452938795089722
60,text,1.6146306991577148,1.0292669534683228,Reddit-S,44,context_bilinear_absolute,False,49,1.6146306991577148,1.0292669534683228
60,visual,1.917273759841919,1.370159387588501,Reddit-S,44,context_bilinear_absolute,False,49,1.917273759841919,1.370159387588501
61,text,1.6230055093765259,1.0379102230072021,Reddit-S,44,context_bilinear_absolute,False,49,1.6230055093765259,1.0379102230072021
61,visual,1.9349294900894165,1.394606590270996,Reddit-S,44,context_bilinear_absolute,False,49,1.9349294900894165,1.394606590270996
62,text,1.6318107843399048,1.047540545463562,Reddit-S,44,context_bilinear_absolute,False,49,1.6318107843399048,1.047540545463562
62,visual,1.9526172876358032,1.4174391031265259,Reddit-S,44,context_bilinear_absolute,False,49,1.9526172876358032,1.4174391031265259
63,text,1.640557885169983,1.0578089952468872,Reddit-S,44,context_bilinear_absolute,False,49,1.640557885169983,1.0578089952468872
63,visual,1.9696171283721924,1.4388508796691895,Reddit-S,44,context_bilinear_absolute,False,49,1.9696171283721924,1.4388508796691895
64,text,1.6482768058776855,1.0676747560501099,Reddit-S,44,context_bilinear_absolute,False,49,1.6482768058776855,1.0676747560501099
64,visual,1.9854834079742432,1.458503246307373,Reddit-S,44,context_bilinear_absolute,False,49,1.9854834079742432,1.458503246307373
65,text,1.6558735370635986,1.077638864517212,Reddit-S,44,context_bilinear_absolute,False,49,1.6558735370635986,1.077638864517212
65,visual,2.000913619995117,1.4780930280685425,Reddit-S,44,context_bilinear_absolute,False,49,2.000913619995117,1.4780930280685425
66,text,1.6640512943267822,1.088140606880188,Reddit-S,44,context_bilinear_absolute,False,49,1.6640512943267822,1.088140606880188
66,visual,2.0160679817199707,1.4979677200317383,Reddit-S,44,context_bilinear_absolute,False,49,2.0160679817199707,1.4979677200317383
67,text,1.6716455221176147,1.0976482629776,Reddit-S,44,context_bilinear_absolute,False,49,1.6716455221176147,1.0976482629776
67,visual,2.0310280323028564,1.5172522068023682,Reddit-S,44,context_bilinear_absolute,False,49,2.0310280323028564,1.5172522068023682
68,text,1.6785634756088257,1.106990098953247,Reddit-S,44,context_bilinear_absolute,False,49,1.6785634756088257,1.106990098953247
68,visual,2.045233726501465,1.5365623235702515,Reddit-S,44,context_bilinear_absolute,False,49,2.045233726501465,1.5365623235702515
69,text,1.6841230392456055,1.1158753633499146,Reddit-S,44,context_bilinear_absolute,False,49,1.6841230392456055,1.1158753633499146
69,visual,2.0587053298950195,1.5547531843185425,Reddit-S,44,context_bilinear_absolute,False,49,2.0587053298950195,1.5547531843185425
70,text,1.688693881034851,1.1240065097808838,Reddit-S,44,context_bilinear_absolute,False,49,1.688693881034851,1.1240065097808838
70,visual,2.0713891983032227,1.572852373123169,Reddit-S,44,context_bilinear_absolute,False,49,2.0713891983032227,1.572852373123169
71,text,1.693068265914917,1.1318861246109009,Reddit-S,44,context_bilinear_absolute,False,49,1.693068265914917,1.1318861246109009
71,visual,2.08337140083313,1.5907948017120361,Reddit-S,44,context_bilinear_absolute,False,49,2.08337140083313,1.5907948017120361
72,text,1.6974626779556274,1.1395896673202515,Reddit-S,44,context_bilinear_absolute,False,49,1.6974626779556274,1.1395896673202515
72,visual,2.0948214530944824,1.608053207397461,Reddit-S,44,context_bilinear_absolute,False,49,2.0948214530944824,1.608053207397461
73,text,1.7021631002426147,1.1468415260314941,Reddit-S,44,context_bilinear_absolute,False,49,1.7021631002426147,1.1468415260314941
73,visual,2.1060004234313965,1.6233046054840088,Reddit-S,44,context_bilinear_absolute,False,49,2.1060004234313965,1.6233046054840088
74,text,1.707401156425476,1.1542844772338867,Reddit-S,44,context_bilinear_absolute,False,49,1.707401156425476,1.1542844772338867
74,visual,2.1168580055236816,1.6381844282150269,Reddit-S,44,context_bilinear_absolute,False,49,2.1168580055236816,1.6381844282150269
75,text,1.712867259979248,1.161795735359192,Reddit-S,44,context_bilinear_absolute,False,49,1.712867259979248,1.161795735359192
75,visual,2.1274452209472656,1.65190851688385,Reddit-S,44,context_bilinear_absolute,False,49,2.1274452209472656,1.65190851688385
76,text,1.7179392576217651,1.1686668395996094,Reddit-S,44,context_bilinear_absolute,False,49,1.7179392576217651,1.1686668395996094
76,visual,2.1371805667877197,1.665600299835205,Reddit-S,44,context_bilinear_absolute,False,49,2.1371805667877197,1.665600299835205
77,text,1.7226444482803345,1.1754251718521118,Reddit-S,44,context_bilinear_absolute,False,49,1.7226444482803345,1.1754251718521118
77,visual,2.1466102600097656,1.6795556545257568,Reddit-S,44,context_bilinear_absolute,False,49,2.1466102600097656,1.6795556545257568
78,text,1.726768136024475,1.1819449663162231,Reddit-S,44,context_bilinear_absolute,False,49,1.726768136024475,1.1819449663162231
78,visual,2.1558890342712402,1.6940640211105347,Reddit-S,44,context_bilinear_absolute,False,49,2.1558890342712402,1.6940640211105347
79,text,1.7306722402572632,1.1890920400619507,Reddit-S,44,context_bilinear_absolute,False,49,1.7306722402572632,1.1890920400619507
79,visual,2.1647307872772217,1.7078940868377686,Reddit-S,44,context_bilinear_absolute,False,49,2.1647307872772217,1.7078940868377686
1,text,0.09000242501497269,0.0,Reddit-S,44,context_bilinear_delta,False,47,0.09000242501497269,0.0
1,visual,0.09011979401111603,0.0,Reddit-S,44,context_bilinear_delta,False,47,0.09011979401111603,0.0
2,text,0.13915449380874634,0.024019252508878708,Reddit-S,44,context_bilinear_delta,False,47,0.13915449380874634,0.024019252508878708
2,visual,0.14373008906841278,0.021774273365736008,Reddit-S,44,context_bilinear_delta,False,47,0.14373008906841278,0.021774273365736008
3,text,0.18427087366580963,0.0448029600083828,Reddit-S,44,context_bilinear_delta,False,47,0.18427087366580963,0.0448029600083828
3,visual,0.19091536104679108,0.0414847694337368,Reddit-S,44,context_bilinear_delta,False,47,0.19091536104679108,0.0414847694337368
4,text,0.2284398078918457,0.06752990186214447,Reddit-S,44,context_bilinear_delta,False,47,0.2284398078918457,0.06752990186214447
4,visual,0.23783846199512482,0.06354861706495285,Reddit-S,44,context_bilinear_delta,False,47,0.23783846199512482,0.06354861706495285
5,text,0.2686840891838074,0.08844272047281265,Reddit-S,44,context_bilinear_delta,False,47,0.2686840891838074,0.08844272047281265
5,visual,0.2835107743740082,0.08689258247613907,Reddit-S,44,context_bilinear_delta,False,47,0.2835107743740082,0.08689258247613907
6,text,0.3050532937049866,0.1066143736243248,Reddit-S,44,context_bilinear_delta,False,47,0.3050532937049866,0.1066143736243248
6,visual,0.3256961405277252,0.10993128269910812,Reddit-S,44,context_bilinear_delta,False,47,0.3256961405277252,0.10993128269910812
7,text,0.3388853371143341,0.12473411858081818,Reddit-S,44,context_bilinear_delta,False,47,0.3388853371143341,0.12473411858081818
7,visual,0.36537545919418335,0.13200806081295013,Reddit-S,44,context_bilinear_delta,False,47,0.36537545919418335,0.13200806081295013
8,text,0.37157776951789856,0.14322413504123688,Reddit-S,44,context_bilinear_delta,False,47,0.37157776951789856,0.14322413504123688
8,visual,0.4042283892631531,0.15398617088794708,Reddit-S,44,context_bilinear_delta,False,47,0.4042283892631531,0.15398617088794708
9,text,0.4044888913631439,0.1625346839427948,Reddit-S,44,context_bilinear_delta,False,47,0.4044888913631439,0.1625346839427948
9,visual,0.44294390082359314,0.17541971802711487,Reddit-S,44,context_bilinear_delta,False,47,0.44294390082359314,0.17541971802711487
10,text,0.4386764466762543,0.1826009601354599,Reddit-S,44,context_bilinear_delta,False,47,0.4386764466762543,0.1826009601354599
10,visual,0.482867956161499,0.1969868540763855,Reddit-S,44,context_bilinear_delta,False,47,0.482867956161499,0.1969868540763855
11,text,0.4740298092365265,0.2053307443857193,Reddit-S,44,context_bilinear_delta,False,47,0.4740298092365265,0.2053307443857193
11,visual,0.5239033699035645,0.21990856528282166,Reddit-S,44,context_bilinear_delta,False,47,0.5239033699035645,0.21990856528282166
12,text,0.5098543167114258,0.22975210845470428,Reddit-S,44,context_bilinear_delta,False,47,0.5098543167114258,0.22975210845470428
12,visual,0.565098762512207,0.24399623274803162,Reddit-S,44,context_bilinear_delta,False,47,0.565098762512207,0.24399623274803162
13,text,0.546389639377594,0.2551879286766052,Reddit-S,44,context_bilinear_delta,False,47,0.546389639377594,0.2551879286766052
13,visual,0.60538649559021,0.26791390776634216,Reddit-S,44,context_bilinear_delta,False,47,0.60538649559021,0.26791390776634216
14,text,0.583248496055603,0.2794395685195923,Reddit-S,44,context_bilinear_delta,False,47,0.583248496055603,0.2794395685195923
14,visual,0.6438204646110535,0.2891177833080292,Reddit-S,44,context_bilinear_delta,False,47,0.6438204646110535,0.2891177833080292
15,text,0.6201571822166443,0.30307748913764954,Reddit-S,44,context_bilinear_delta,False,47,0.6201571822166443,0.30307748913764954
15,visual,0.6810192465782166,0.3089941143989563,Reddit-S,44,context_bilinear_delta,False,47,0.6810192465782166,0.3089941143989563
16,text,0.6561574935913086,0.3264980912208557,Reddit-S,44,context_bilinear_delta,False,47,0.6561574935913086,0.3264980912208557
16,visual,0.716691255569458,0.32664021849632263,Reddit-S,44,context_bilinear_delta,False,47,0.716691255569458,0.32664021849632263
17,text,0.6909312009811401,0.34949153661727905,Reddit-S,44,context_bilinear_delta,False,47,0.6909312009811401,0.34949153661727905
17,visual,0.7509139776229858,0.34248214960098267,Reddit-S,44,context_bilinear_delta,False,47,0.7509139776229858,0.34248214960098267
18,text,0.7252401113510132,0.37206020951271057,Reddit-S,44,context_bilinear_delta,False,47,0.7252401113510132,0.37206020951271057
18,visual,0.7837250828742981,0.35728466510772705,Reddit-S,44,context_bilinear_delta,False,47,0.7837250828742981,0.35728466510772705
19,text,0.759020984172821,0.39212703704833984,Reddit-S,44,context_bilinear_delta,False,47,0.759020984172821,0.39212703704833984
19,visual,0.8153493404388428,0.37184998393058777,Reddit-S,44,context_bilinear_delta,False,47,0.8153493404388428,0.37184998393058777
20,text,0.7923896312713623,0.41112226247787476,Reddit-S,44,context_bilinear_delta,False,47,0.7923896312713623,0.41112226247787476
20,visual,0.8457683324813843,0.3869355618953705,Reddit-S,44,context_bilinear_delta,False,47,0.8457683324813843,0.3869355618953705
21,text,0.825711190700531,0.4283488392829895,Reddit-S,44,context_bilinear_delta,False,47,0.825711190700531,0.4283488392829895
21,visual,0.8753690123558044,0.40307173132896423,Reddit-S,44,context_bilinear_delta,False,47,0.8753690123558044,0.40307173132896423
22,text,0.8589814901351929,0.4460412859916687,Reddit-S,44,context_bilinear_delta,False,47,0.8589814901351929,0.4460412859916687
22,visual,0.9044613838195801,0.4207337498664856,Reddit-S,44,context_bilinear_delta,False,47,0.9044613838195801,0.4207337498664856
23,text,0.891469419002533,0.4599485993385315,Reddit-S,44,context_bilinear_delta,False,47,0.891469419002533,0.4599485993385315
23,visual,0.9334026575088501,0.4398113489151001,Reddit-S,44,context_bilinear_delta,False,47,0.9334026575088501,0.4398113489151001
24,text,0.9246588349342346,0.47524458169937134,Reddit-S,44,context_bilinear_delta,False,47,0.9246588349342346,0.47524458169937134
24,visual,0.9616455435752869,0.4587458074092865,Reddit-S,44,context_bilinear_delta,False,47,0.9616455435752869,0.4587458074092865
25,text,0.9588735103607178,0.493408739566803,Reddit-S,44,context_bilinear_delta,False,47,0.9588735103607178,0.493408739566803
25,visual,0.9898124933242798,0.47827768325805664,Reddit-S,44,context_bilinear_delta,False,47,0.9898124933242798,0.47827768325805664
26,text,0.9928298592567444,0.5090898275375366,Reddit-S,44,context_bilinear_delta,False,47,0.9928298592567444,0.5090898275375366
26,visual,1.0180939435958862,0.4988607168197632,Reddit-S,44,context_bilinear_delta,False,47,1.0180939435958862,0.4988607168197632
27,text,1.0270963907241821,0.5268862247467041,Reddit-S,44,context_bilinear_delta,False,47,1.0270963907241821,0.5268862247467041
27,visual,1.0464104413986206,0.5206884145736694,Reddit-S,44,context_bilinear_delta,False,47,1.0464104413986206,0.5206884145736694
28,text,1.0617221593856812,0.5453386902809143,Reddit-S,44,context_bilinear_delta,False,47,1.0617221593856812,0.5453386902809143
28,visual,1.074828863143921,0.5431385636329651,Reddit-S,44,context_bilinear_delta,False,47,1.074828863143921,0.5431385636329651
29,text,1.0959724187850952,0.5649089813232422,Reddit-S,44,context_bilinear_delta,False,47,1.0959724187850952,0.5649089813232422
29,visual,1.1033214330673218,0.566020667552948,Reddit-S,44,context_bilinear_delta,False,47,1.1033214330673218,0.566020667552948
30,text,1.1292372941970825,0.5842339396476746,Reddit-S,44,context_bilinear_delta,False,47,1.1292372941970825,0.5842339396476746
30,visual,1.1319454908370972,0.5893192291259766,Reddit-S,44,context_bilinear_delta,False,47,1.1319454908370972,0.5893192291259766
31,text,1.1603389978408813,0.6029241681098938,Reddit-S,44,context_bilinear_delta,False,47,1.1603389978408813,0.6029241681098938
31,visual,1.161109447479248,0.6128271818161011,Reddit-S,44,context_bilinear_delta,False,47,1.161109447479248,0.6128271818161011
32,text,1.1895496845245361,0.6210144758224487,Reddit-S,44,context_bilinear_delta,False,47,1.1895496845245361,0.6210144758224487
32,visual,1.190288782119751,0.6366473436355591,Reddit-S,44,context_bilinear_delta,False,47,1.190288782119751,0.6366473436355591
33,text,1.2176748514175415,0.6383718252182007,Reddit-S,44,context_bilinear_delta,False,47,1.2176748514175415,0.6383718252182007
33,visual,1.2196086645126343,0.6604470014572144,Reddit-S,44,context_bilinear_delta,False,47,1.2196086645126343,0.6604470014572144
34,text,1.2439491748809814,0.6539407968521118,Reddit-S,44,context_bilinear_delta,False,47,1.2439491748809814,0.6539407968521118
34,visual,1.24909245967865,0.6841166019439697,Reddit-S,44,context_bilinear_delta,False,47,1.24909245967865,0.6841166019439697
35,text,1.2680143117904663,0.6685373187065125,Reddit-S,44,context_bilinear_delta,False,47,1.2680143117904663,0.6685373187065125
35,visual,1.2787413597106934,0.707404613494873,Reddit-S,44,context_bilinear_delta,False,47,1.2787413597106934,0.707404613494873
36,text,1.2911043167114258,0.6830597519874573,Reddit-S,44,context_bilinear_delta,False,47,1.2911043167114258,0.6830597519874573
36,visual,1.3085688352584839,0.7308536767959595,Reddit-S,44,context_bilinear_delta,False,47,1.3085688352584839,0.7308536767959595
37,text,1.3141288757324219,0.6978524923324585,Reddit-S,44,context_bilinear_delta,False,47,1.3141288757324219,0.6978524923324585
37,visual,1.3384780883789062,0.7548649907112122,Reddit-S,44,context_bilinear_delta,False,47,1.3384780883789062,0.7548649907112122
38,text,1.336175560951233,0.709778368473053,Reddit-S,44,context_bilinear_delta,False,47,1.336175560951233,0.709778368473053
38,visual,1.3682063817977905,0.7790672183036804,Reddit-S,44,context_bilinear_delta,False,47,1.3682063817977905,0.7790672183036804
39,text,1.3566006422042847,0.7198843359947205,Reddit-S,44,context_bilinear_delta,False,47,1.3566006422042847,0.7198843359947205
39,visual,1.39780592918396,0.8031947612762451,Reddit-S,44,context_bilinear_delta,False,47,1.39780592918396,0.8031947612762451
40,text,1.37610924243927,0.7279233336448669,Reddit-S,44,context_bilinear_delta,False,47,1.37610924243927,0.7279233336448669
40,visual,1.4270983934402466,0.8273010849952698,Reddit-S,44,context_bilinear_delta,False,47,1.4270983934402466,0.8273010849952698
41,text,1.394609808921814,0.734486997127533,Reddit-S,44,context_bilinear_delta,False,47,1.394609808921814,0.734486997127533
41,visual,1.4562783241271973,0.8509140610694885,Reddit-S,44,context_bilinear_delta,False,47,1.4562783241271973,0.8509140610694885
42,text,1.4122016429901123,0.7415374517440796,Reddit-S,44,context_bilinear_delta,False,47,1.4122016429901123,0.7415374517440796
42,visual,1.4855905771255493,0.8743250966072083,Reddit-S,44,context_bilinear_delta,False,47,1.4855905771255493,0.8743250966072083
43,text,1.4303481578826904,0.749234139919281,Reddit-S,44,context_bilinear_delta,False,47,1.4303481578826904,0.749234139919281
43,visual,1.514752745628357,0.8963905572891235,Reddit-S,44,context_bilinear_delta,False,47,1.514752745628357,0.8963905572891235
44,text,1.4472837448120117,0.7563186287879944,Reddit-S,44,context_bilinear_delta,False,47,1.4472837448120117,0.7563186287879944
44,visual,1.5433533191680908,0.9173375368118286,Reddit-S,44,context_bilinear_delta,False,47,1.5433533191680908,0.9173375368118286
45,text,1.4622687101364136,0.7624865770339966,Reddit-S,44,context_bilinear_delta,False,47,1.4622687101364136,0.7624865770339966
45,visual,1.571390151977539,0.9369104504585266,Reddit-S,44,context_bilinear_delta,False,47,1.571390151977539,0.9369104504585266
46,text,1.4763799905776978,0.7670342326164246,Reddit-S,44,context_bilinear_delta,False,47,1.4763799905776978,0.7670342326164246
46,visual,1.5989782810211182,0.9564698934555054,Reddit-S,44,context_bilinear_delta,False,47,1.5989782810211182,0.9564698934555054
47,text,1.489150047302246,0.7720122933387756,Reddit-S,44,context_bilinear_delta,True,47,1.489150047302246,0.7720122933387756
47,visual,1.6258654594421387,0.9746182560920715,Reddit-S,44,context_bilinear_delta,True,47,1.6258654594421387,0.9746182560920715
48,text,1.5015538930892944,0.7779130935668945,Reddit-S,44,context_bilinear_delta,False,47,1.5015538930892944,0.7779130935668945
48,visual,1.6524035930633545,0.9922234416007996,Reddit-S,44,context_bilinear_delta,False,47,1.6524035930633545,0.9922234416007996
49,text,1.512474775314331,0.7808651328086853,Reddit-S,44,context_bilinear_delta,False,47,1.512474775314331,0.7808651328086853
49,visual,1.678186058998108,1.0100873708724976,Reddit-S,44,context_bilinear_delta,False,47,1.678186058998108,1.0100873708724976
50,text,1.5189673900604248,0.7820077538490295,Reddit-S,44,context_bilinear_delta,False,47,1.5189673900604248,0.7820077538490295
50,visual,1.7019259929656982,1.0261969566345215,Reddit-S,44,context_bilinear_delta,False,47,1.7019259929656982,1.0261969566345215
51,text,1.526049017906189,0.7824296951293945,Reddit-S,44,context_bilinear_delta,False,47,1.526049017906189,0.7824296951293945
51,visual,1.7252357006072998,1.0423023700714111,Reddit-S,44,context_bilinear_delta,False,47,1.7252357006072998,1.0423023700714111
52,text,1.533799409866333,0.7831920385360718,Reddit-S,44,context_bilinear_delta,False,47,1.533799409866333,0.7831920385360718
52,visual,1.7477635145187378,1.0580388307571411,Reddit-S,44,context_bilinear_delta,False,47,1.7477635145187378,1.0580388307571411
53,text,1.5423308610916138,0.7847006916999817,Reddit-S,44,context_bilinear_delta,False,47,1.5423308610916138,0.7847006916999817
53,visual,1.7699613571166992,1.0742427110671997,Reddit-S,44,context_bilinear_delta,False,47,1.7699613571166992,1.0742427110671997
54,text,1.5505207777023315,0.7871688008308411,Reddit-S,44,context_bilinear_delta,False,47,1.5505207777023315,0.7871688008308411
54,visual,1.7914559841156006,1.0900373458862305,Reddit-S,44,context_bilinear_delta,False,47,1.7914559841156006,1.0900373458862305
55,text,1.559848666191101,0.7904082536697388,Reddit-S,44,context_bilinear_delta,False,47,1.559848666191101,0.7904082536697388
55,visual,1.8122062683105469,1.1050784587860107,Reddit-S,44,context_bilinear_delta,False,47,1.8122062683105469,1.1050784587860107
56,text,1.5702974796295166,0.7950883507728577,Reddit-S,44,context_bilinear_delta,False,47,1.5702974796295166,0.7950883507728577
56,visual,1.8323209285736084,1.120260238647461,Reddit-S,44,context_bilinear_delta,False,47,1.8323209285736084,1.120260238647461
57,text,1.5810991525650024,0.7996160387992859,Reddit-S,44,context_bilinear_delta,False,47,1.5810991525650024,0.7996160387992859
57,visual,1.8519538640975952,1.1352014541625977,Reddit-S,44,context_bilinear_delta,False,47,1.8519538640975952,1.1352014541625977
58,text,1.5909453630447388,0.8023957014083862,Reddit-S,44,context_bilinear_delta,False,47,1.5909453630447388,0.8023957014083862
58,visual,1.8710635900497437,1.1497106552124023,Reddit-S,44,context_bilinear_delta,False,47,1.8710635900497437,1.1497106552124023
59,text,1.5994436740875244,0.8047266006469727,Reddit-S,44,context_bilinear_delta,False,47,1.5994436740875244,0.8047266006469727
59,visual,1.8892431259155273,1.1631075143814087,Reddit-S,44,context_bilinear_delta,False,47,1.8892431259155273,1.1631075143814087
60,text,1.6077982187271118,0.8084529638290405,Reddit-S,44,context_bilinear_delta,False,47,1.6077982187271118,0.8084529638290405
60,visual,1.9069024324417114,1.1747608184814453,Reddit-S,44,context_bilinear_delta,False,47,1.9069024324417114,1.1747608184814453
61,text,1.616655945777893,0.8137314915657043,Reddit-S,44,context_bilinear_delta,False,47,1.616655945777893,0.8137314915657043
61,visual,1.92427396774292,1.1855380535125732,Reddit-S,44,context_bilinear_delta,False,47,1.92427396774292,1.1855380535125732
62,text,1.625571846961975,0.8190883994102478,Reddit-S,44,context_bilinear_delta,False,47,1.625571846961975,0.8190883994102478
62,visual,1.941382884979248,1.1965879201889038,Reddit-S,44,context_bilinear_delta,False,47,1.941382884979248,1.1965879201889038
63,text,1.6342302560806274,0.8243492245674133,Reddit-S,44,context_bilinear_delta,False,47,1.6342302560806274,0.8243492245674133
63,visual,1.9577170610427856,1.2075238227844238,Reddit-S,44,context_bilinear_delta,False,47,1.9577170610427856,1.2075238227844238
64,text,1.6424524784088135,0.8286906480789185,Reddit-S,44,context_bilinear_delta,False,47,1.6424524784088135,0.8286906480789185
64,visual,1.9734578132629395,1.217816710472107,Reddit-S,44,context_bilinear_delta,False,47,1.9734578132629395,1.217816710472107
65,text,1.6502090692520142,0.8328759074211121,Reddit-S,44,context_bilinear_delta,False,47,1.6502090692520142,0.8328759074211121
65,visual,1.9888451099395752,1.2278337478637695,Reddit-S,44,context_bilinear_delta,False,47,1.9888451099395752,1.2278337478637695
66,text,1.6584136486053467,0.8373536467552185,Reddit-S,44,context_bilinear_delta,False,47,1.6584136486053467,0.8373536467552185
66,visual,2.0040507316589355,1.2376478910446167,Reddit-S,44,context_bilinear_delta,False,47,2.0040507316589355,1.2376478910446167
67,text,1.6663819551467896,0.8419892191886902,Reddit-S,44,context_bilinear_delta,False,47,1.6663819551467896,0.8419892191886902
67,visual,2.019118309020996,1.2470136880874634,Reddit-S,44,context_bilinear_delta,False,47,2.019118309020996,1.2470136880874634
68,text,1.6737689971923828,0.8462003469467163,Reddit-S,44,context_bilinear_delta,False,47,1.6737689971923828,0.8462003469467163
68,visual,2.033515453338623,1.2563416957855225,Reddit-S,44,context_bilinear_delta,False,47,2.033515453338623,1.2563416957855225
69,text,1.680108666419983,0.8505153059959412,Reddit-S,44,context_bilinear_delta,False,47,1.680108666419983,0.8505153059959412
69,visual,2.047105550765991,1.2656089067459106,Reddit-S,44,context_bilinear_delta,False,47,2.047105550765991,1.2656089067459106
70,text,1.6858566999435425,0.8547229766845703,Reddit-S,44,context_bilinear_delta,False,47,1.6858566999435425,0.8547229766845703
70,visual,2.0598623752593994,1.2751826047897339,Reddit-S,44,context_bilinear_delta,False,47,2.0598623752593994,1.2751826047897339
71,text,1.6912107467651367,0.858762264251709,Reddit-S,44,context_bilinear_delta,False,47,1.6912107467651367,0.858762264251709
71,visual,2.0717835426330566,1.2845020294189453,Reddit-S,44,context_bilinear_delta,False,47,2.0717835426330566,1.2845020294189453
72,text,1.6963261365890503,0.8626667857170105,Reddit-S,44,context_bilinear_delta,False,47,1.6963261365890503,0.8626667857170105
72,visual,2.0830190181732178,1.292704463005066,Reddit-S,44,context_bilinear_delta,False,47,2.0830190181732178,1.292704463005066
73,text,1.7012096643447876,0.8659780621528625,Reddit-S,44,context_bilinear_delta,False,47,1.7012096643447876,0.8659780621528625
73,visual,2.0940825939178467,1.299984097480774,Reddit-S,44,context_bilinear_delta,False,47,2.0940825939178467,1.299984097480774
74,text,1.7062158584594727,0.8692960739135742,Reddit-S,44,context_bilinear_delta,False,47,1.7062158584594727,0.8692960739135742
74,visual,2.104862928390503,1.306825041770935,Reddit-S,44,context_bilinear_delta,False,47,2.104862928390503,1.306825041770935
75,text,1.7113677263259888,0.87214195728302,Reddit-S,44,context_bilinear_delta,False,47,1.7113677263259888,0.87214195728302
75,visual,2.1154425144195557,1.313051462173462,Reddit-S,44,context_bilinear_delta,False,47,2.1154425144195557,1.313051462173462
76,text,1.7163047790527344,0.8753557205200195,Reddit-S,44,context_bilinear_delta,False,47,1.7163047790527344,0.8753557205200195
76,visual,2.1254191398620605,1.3195983171463013,Reddit-S,44,context_bilinear_delta,False,47,2.1254191398620605,1.3195983171463013
77,text,1.7209275960922241,0.8785193562507629,Reddit-S,44,context_bilinear_delta,False,47,1.7209275960922241,0.8785193562507629
77,visual,2.134906530380249,1.326176643371582,Reddit-S,44,context_bilinear_delta,False,47,2.134906530380249,1.326176643371582
