dataset,seed,variant,modality,object,V_total,V_within_target,V_between_target,eta_relation,eta_target,node_balanced_within,node_mean_variance,decomposition_error,node_balanced_scope
Movies,42,context_static,text,base_relation_r,0.7468975186347961,0.17295846343040466,0.5739390850067139,0.23156920075416565,0.7684308290481567,0.1161726787686348,0.5935933589935303,0.0,secondary descriptive measure; excluded from strict variance identity
Movies,42,context_static,text,execution_xi_step0,0.7468975186347961,0.17295846343040466,0.5739390850067139,0.23156920075416565,0.7684308290481567,0.1161726862192154,0.5935933589935303,0.0,secondary descriptive measure; excluded from strict variance identity
Movies,42,context_static,text,execution_xi_step1,0.7468975186347961,0.17295846343040466,0.5739390850067139,0.23156920075416565,0.7684308290481567,0.1161726862192154,0.5935933589935303,0.0,secondary descriptive measure; excluded from strict variance identity
Movies,42,context_static,text,operator_modulation_a_step0,0.32064634561538696,0.0704895406961441,0.25015679001808167,0.2198357880115509,0.7801641821861267,0.04707169532775879,0.25529101490974426,2.9802322387695312e-08,secondary descriptive measure; excluded from strict variance identity
Movies,42,context_static,text,operator_modulation_a_step1,0.32064634561538696,0.0704895406961441,0.25015679001808167,0.2198357880115509,0.7801641821861267,0.04707169532775879,0.25529101490974426,2.9802322387695312e-08,secondary descriptive measure; excluded from strict variance identity
Movies,42,context_static,text,operator_delta_message_step0,0.012922589667141438,0.0033751605078577995,0.009547429159283638,0.2611829936504364,0.738817036151886,0.0022568863350898027,0.009631035849452019,0.0,secondary descriptive measure; excluded from strict variance identity
Movies,42,context_static,text,operator_delta_message_step1,0.034860290586948395,0.009052819572389126,0.025807475671172142,0.2596885859966278,0.7403115630149841,0.006022177636623383,0.026210999116301537,-5.587935447692871e-09,secondary descriptive measure; excluded from strict variance identity
Movies,42,context_static,visual,base_relation_r,0.9376155734062195,0.2147408276796341,0.7228747606277466,0.2290286421775818,0.7709713578224182,0.1497039794921875,0.7834738492965698,0.0,secondary descriptive measure; excluded from strict variance identity
Movies,42,context_static,visual,execution_xi_step0,0.9376155734062195,0.2147408276796341,0.7228747606277466,0.2290286421775818,0.7709713578224182,0.1497039794921875,0.7834738492965698,0.0,secondary descriptive measure; excluded from strict variance identity
Movies,42,context_static,visual,execution_xi_step1,0.9376155734062195,0.2147408276796341,0.7228747606277466,0.2290286421775818,0.7709713578224182,0.1497039794921875,0.7834738492965698,0.0,secondary descriptive measure; excluded from strict variance identity
Movies,42,context_static,visual,operator_modulation_a_step0,0.5279350280761719,0.10676416009664536,0.4211708605289459,0.20222973823547363,0.7977702617645264,0.07432019710540771,0.4534224271774292,0.0,secondary descriptive measure; excluded from strict variance identity
Movies,42,context_static,visual,operator_modulation_a_step1,0.5279350280761719,0.10676416009664536,0.4211708605289459,0.20222973823547363,0.7977702617645264,0.07432019710540771,0.4534224271774292,0.0,secondary descriptive measure; excluded from strict variance identity
Movies,42,context_static,visual,operator_delta_message_step0,0.004004434682428837,0.002010899828746915,0.001993534853681922,0.5021682381629944,0.497831791639328,0.0014402117813006043,0.0025931671261787415,0.0,secondary descriptive measure; excluded from strict variance identity
Movies,42,context_static,visual,operator_delta_message_step1,0.013457498513162136,0.0064757573418319225,0.006981740705668926,0.4812006652355194,0.5187993049621582,0.004563088994473219,0.008670941926538944,4.656612873077393e-10,secondary descriptive measure; excluded from strict variance identity
Movies,42,context_attn_dynamic,text,base_relation_r,0.6516521573066711,0.1718008667230606,0.47985130548477173,0.2636389136314392,0.7363610863685608,0.12083739042282104,0.5312149524688721,0.0,secondary descriptive measure; excluded from strict variance identity
Movies,42,context_attn_dynamic,text,execution_xi_step0,0.7653013467788696,0.20091694593429565,0.5643843412399292,0.26253312826156616,0.7374668121337891,0.13809546828269958,0.6060734987258911,5.960464477539063e-08,secondary descriptive measure; excluded from strict variance identity
Movies,42,context_attn_dynamic,text,execution_xi_step1,0.7671591639518738,0.203557088971138,0.5636020302772522,0.26533880829811096,0.7346611618995667,0.1398988962173462,0.6052830815315247,5.960464477539063e-08,secondary descriptive measure; excluded from strict variance identity
Movies,42,context_attn_dynamic,text,operator_modulation_a_step0,0.3250404894351959,0.0854836031794548,0.23955689370632172,0.2629936933517456,0.7370063066482544,0.05839754268527031,0.25794950127601624,-1.4901161193847656e-08,secondary descriptive measure; excluded from strict variance identity
Movies,42,context_attn_dynamic,text,operator_modulation_a_step1,0.3276054561138153,0.08691307157278061,0.2406923621892929,0.2652980089187622,0.734701931476593,0.05939490720629692,0.2595560550689697,1.4901161193847656e-08,secondary descriptive measure; excluded from strict variance identity
Movies,42,context_attn_dynamic,text,operator_delta_message_step0,0.025474054738879204,0.007342612836509943,0.0181314405053854,0.28823888301849365,0.7117610573768616,0.00501427985727787,0.019654393196105957,1.862645149230957e-09,secondary descriptive measure; excluded from strict variance identity
Movies,42,context_attn_dynamic,text,operator_delta_message_step1,0.07631304860115051,0.02150159329175949,0.05481145158410072,0.28175514936447144,0.7182447910308838,0.014684527181088924,0.059536051005125046,3.725290298461914e-09,secondary descriptive measure; excluded from strict variance identity
Movies,42,context_attn_dynamic,visual,base_relation_r,0.8702234625816345,0.23131303489208221,0.6389104723930359,0.2658087909221649,0.7341912984848022,0.16349302232265472,0.7121673822402954,-5.960464477539063e-08,secondary descriptive measure; excluded from strict variance identity
Movies,42,context_attn_dynamic,visual,execution_xi_step0,0.9399065971374512,0.15344181656837463,0.7864648699760437,0.16325218975543976,0.8367478847503662,0.10743631422519684,0.836747944355011,-5.960464477539063e-08,secondary descriptive measure; excluded from strict variance identity
Movies,42,context_attn_dynamic,visual,execution_xi_step1,0.9378206133842468,0.14846624433994293,0.7893543839454651,0.15830984711647034,0.841690182685852,0.1037725880742073,0.8423744440078735,0.0,secondary descriptive measure; excluded from strict variance identity
Movies,42,context_attn_dynamic,visual,operator_modulation_a_step0,0.5016743540763855,0.062400829046964645,0.4392735958099365,0.12438512593507767,0.8756150007247925,0.04336491599678993,0.4635642170906067,-5.960464477539063e-08,secondary descriptive measure; excluded from strict variance identity
Movies,42,context_attn_dynamic,visual,operator_modulation_a_step1,0.4981091618537903,0.059662047773599625,0.43844711780548096,0.11977705359458923,0.8802229762077332,0.04127632826566696,0.4649867117404938,0.0,secondary descriptive measure; excluded from strict variance identity
Movies,42,context_attn_dynamic,visual,operator_delta_message_step0,0.0045893434435129166,0.0019167704740539193,0.00267257378436625,0.417656809091568,0.5823433995246887,0.0014023114927113056,0.003255564719438553,-6.984919309616089e-10,secondary descriptive measure; excluded from strict variance identity
Movies,42,context_attn_dynamic,visual,operator_delta_message_step1,0.013823509216308594,0.005987858399748802,0.007835651747882366,0.4331648647785187,0.5668352246284485,0.004274336155503988,0.009328493848443031,-9.313225746154785e-10,secondary descriptive measure; excluded from strict variance identity
Movies,42,context_bilinear_absolute,text,base_relation_r,0.7520617842674255,0.1780257225036621,0.5740361213684082,0.2367168813943863,0.7632831931114197,0.11941836774349213,0.5906190872192383,-5.960464477539063e-08,secondary descriptive measure; excluded from strict variance identity
Movies,42,context_bilinear_absolute,text,execution_xi_step0,0.7923126816749573,0.18510639667510986,0.6072062849998474,0.23362796008586884,0.76637202501297,0.12421895563602448,0.6250120401382446,0.0,secondary descriptive measure; excluded from strict variance identity
Movies,42,context_bilinear_absolute,text,execution_xi_step1,0.7863419651985168,0.1841597706079483,0.6021822690963745,0.23419806361198425,0.7658020257949829,0.12370967864990234,0.6219237446784973,-5.960464477539063e-08,secondary descriptive measure; excluded from strict variance identity
Movies,42,context_bilinear_absolute,text,operator_modulation_a_step0,0.34727662801742554,0.07785172760486603,0.2694249153137207,0.22417785227298737,0.7758222222328186,0.05200597271323204,0.2736108899116516,0.0,secondary descriptive measure; excluded from strict variance identity
Movies,42,context_bilinear_absolute,text,operator_modulation_a_step1,0.3464899957180023,0.0777626559138298,0.2687273323535919,0.22442972660064697,0.775570273399353,0.052009403705596924,0.2735236585140228,0.0,secondary descriptive measure; excluded from strict variance identity
Movies,42,context_bilinear_absolute,text,operator_delta_message_step0,0.019172662869095802,0.004783607553690672,0.014389055781066418,0.24950146675109863,0.7504985332489014,0.003188453381881118,0.014396769925951958,-9.313225746154785e-10,secondary descriptive measure; excluded from strict variance identity
Movies,42,context_bilinear_absolute,text,operator_delta_message_step1,0.051903653889894485,0.012888883240520954,0.039014771580696106,0.2483232319355011,0.7516767978668213,0.00858251005411148,0.03950126841664314,0.0,secondary descriptive measure; excluded from strict variance identity
Movies,42,context_bilinear_absolute,visual,base_relation_r,0.9172515869140625,0.21169260144233704,0.7055590748786926,0.2307901233434677,0.7692099809646606,0.14663223922252655,0.7709357142448425,-5.960464477539063e-08,secondary descriptive measure; excluded from strict variance identity
Movies,42,context_bilinear_absolute,visual,execution_xi_step0,1.0177875757217407,0.2283032238483429,0.789484441280365,0.22431322932243347,0.7756868600845337,0.15883205831050873,0.8700071573257446,-5.960464477539063e-08,secondary descriptive measure; excluded from strict variance identity
Movies,42,context_bilinear_absolute,visual,execution_xi_step1,0.9875134229660034,0.22388571500778198,0.7636275887489319,0.22671662271022797,0.7732832431793213,0.1555805802345276,0.8415886759757996,1.1920928955078125e-07,secondary descriptive measure; excluded from strict variance identity
Movies,42,context_bilinear_absolute,visual,operator_modulation_a_step0,0.5374473929405212,0.11087708175182343,0.426570326089859,0.20630313456058502,0.7936968803405762,0.07717631757259369,0.4651937782764435,-2.9802322387695312e-08,secondary descriptive measure; excluded from strict variance identity
Movies,42,context_bilinear_absolute,visual,operator_modulation_a_step1,0.5227087140083313,0.10874596238136292,0.4139627516269684,0.2080431431531906,0.7919568419456482,0.0756135806441307,0.451164186000824,0.0,secondary descriptive measure; excluded from strict variance identity
Movies,42,context_bilinear_absolute,visual,operator_delta_message_step0,0.004422372672706842,0.0021774284541606903,0.002244944218546152,0.49236658215522766,0.5076334476470947,0.0015653657028451562,0.002952198265120387,0.0,secondary descriptive measure; excluded from strict variance identity
Movies,42,context_bilinear_absolute,visual,operator_delta_message_step1,0.013115240260958672,0.006366367917507887,0.006748871877789497,0.48541754484176636,0.5145823955535889,0.004515312612056732,0.008689258247613907,4.656612873077393e-10,secondary descriptive measure; excluded from strict variance identity
Movies,42,context_bilinear_delta,text,base_relation_r,0.7841787338256836,0.17484787106513977,0.6093308925628662,0.2229694128036499,0.7770306468009949,0.11723705381155014,0.624405026435852,0.0,secondary descriptive measure; excluded from strict variance identity
Movies,42,context_bilinear_delta,text,execution_xi_step0,0.7841787338256836,0.17484787106513977,0.6093308925628662,0.2229694128036499,0.7770306468009949,0.11723705381155014,0.624405026435852,0.0,secondary descriptive measure; excluded from strict variance identity
Movies,42,context_bilinear_delta,text,execution_xi_step1,0.8205475807189941,0.18262341618537903,0.6379241943359375,0.22256286442279816,0.777437150478363,0.12230519205331802,0.6526229977607727,0.0,secondary descriptive measure; excluded from strict variance identity
Movies,42,context_bilinear_delta,text,operator_modulation_a_step0,0.34157538414001465,0.07342004776000977,0.2681553363800049,0.21494537591934204,0.785054624080658,0.04905484989285469,0.27215033769607544,0.0,secondary descriptive measure; excluded from strict variance identity
Movies,42,context_bilinear_delta,text,operator_modulation_a_step1,0.35103943943977356,0.07685638219118118,0.2741830348968506,0.21893945336341858,0.7810604572296143,0.05127231404185295,0.2783385217189789,2.9802322387695312e-08,secondary descriptive measure; excluded from strict variance identity
Movies,42,context_bilinear_delta,text,operator_delta_message_step0,0.01212411466985941,0.0030776660423725843,0.009046448394656181,0.253846675157547,0.7461532950401306,0.002049099188297987,0.009033821523189545,0.0,secondary descriptive measure; excluded from strict variance identity
Movies,42,context_bilinear_delta,text,operator_delta_message_step1,0.035450249910354614,0.009045857936143875,0.02640438824892044,0.2551704943180084,0.7448294162750244,0.005999165121465921,0.026611335575580597,3.725290298461914e-09,secondary descriptive measure; excluded from strict variance identity
Movies,42,context_bilinear_delta,visual,base_relation_r,0.9078113436698914,0.19747506082057953,0.7103362083435059,0.21752874553203583,0.7824711799621582,0.13662192225456238,0.7670990228652954,5.960464477539063e-08,secondary descriptive measure; excluded from strict variance identity
Movies,42,context_bilinear_delta,visual,execution_xi_step0,0.9078113436698914,0.19747506082057953,0.7103362083435059,0.21752874553203583,0.7824711799621582,0.13662192225456238,0.7670990228652954,5.960464477539063e-08,secondary descriptive measure; excluded from strict variance identity
Movies,42,context_bilinear_delta,visual,execution_xi_step1,1.053602933883667,0.21725352108478546,0.8363494277000427,0.20620056986808777,0.7937994599342346,0.15045525133609772,0.9043484926223755,0.0,secondary descriptive measure; excluded from strict variance identity
Movies,42,context_bilinear_delta,visual,operator_modulation_a_step0,0.5085716843605042,0.0976358950138092,0.41093578934669495,0.19198060035705566,0.8080193996429443,0.06770423799753189,0.44033485651016235,0.0,secondary descriptive measure; excluded from strict variance identity
Movies,42,context_bilinear_delta,visual,operator_modulation_a_step1,0.547003448009491,0.10400468111038208,0.4429987072944641,0.19013532996177673,0.8098645806312561,0.0721682533621788,0.4759090840816498,5.960464477539063e-08,secondary descriptive measure; excluded from strict variance identity
Movies,42,context_bilinear_delta,visual,operator_delta_message_step0,0.0026671208906918764,0.0014289241516962647,0.001238196506164968,0.5357552766799927,0.4642446041107178,0.0010260168928653002,0.0016492109280079603,2.3283064365386963e-10,secondary descriptive measure; excluded from strict variance identity
Movies,42,context_bilinear_delta,visual,operator_delta_message_step1,0.010398349724709988,0.005125429015606642,0.0052729216404259205,0.49290794134140015,0.5070921778678894,0.0036164051853120327,0.006549293641000986,-9.313225746154785e-10,secondary descriptive measure; excluded from strict variance identity
Movies,43,context_static,text,base_relation_r,0.7459253072738647,0.1969611793756485,0.5489641427993774,0.2640494704246521,0.7359505295753479,0.14456287026405334,0.6180627346038818,0.0,secondary descriptive measure; excluded from strict variance identity
Movies,43,context_static,text,execution_xi_step0,0.7459253072738647,0.1969611793756485,0.5489641427993774,0.2640494704246521,0.7359505295753479,0.14456287026405334,0.6180627346038818,0.0,secondary descriptive measure; excluded from strict variance identity
Movies,43,context_static,text,execution_xi_step1,0.7459253072738647,0.1969611793756485,0.5489641427993774,0.2640494704246521,0.7359505295753479,0.14456287026405334,0.6180627346038818,0.0,secondary descriptive measure; excluded from strict variance identity
Movies,43,context_static,text,operator_modulation_a_step0,0.2343224585056305,0.05978934466838837,0.17453311383724213,0.255158394575119,0.7448415756225586,0.04378804191946983,0.19605451822280884,0.0,secondary descriptive measure; excluded from strict variance identity
Movies,43,context_static,text,operator_modulation_a_step1,0.2343224585056305,0.05978934466838837,0.17453311383724213,0.255158394575119,0.7448415756225586,0.04378804191946983,0.19605451822280884,0.0,secondary descriptive measure; excluded from strict variance identity
Movies,43,context_static,text,operator_delta_message_step0,0.0005528402398340404,0.00014848928549326956,0.00040435095434077084,0.2685934901237488,0.7314065098762512,0.00011297423770884052,0.0004933033487759531,0.0,secondary descriptive measure; excluded from strict variance identity
Movies,43,context_static,text,operator_delta_message_step1,0.001181991072371602,0.000324179301969707,0.000857811828609556,0.27426543831825256,0.7257345914840698,0.00024471746291965246,0.0010314369574189186,-5.820766091346741e-11,secondary descriptive measure; excluded from strict variance identity
Movies,43,context_static,visual,base_relation_r,0.7079095840454102,0.2022629678249359,0.5056465864181519,0.2857186496257782,0.7142813205718994,0.14940468966960907,0.615340530872345,0.0,secondary descriptive measure; excluded from strict variance identity
Movies,43,context_static,visual,execution_xi_step0,0.7079095840454102,0.2022629678249359,0.5056465864181519,0.2857186496257782,0.7142813205718994,0.14940468966960907,0.615340530872345,0.0,secondary descriptive measure; excluded from strict variance identity
Movies,43,context_static,visual,execution_xi_step1,0.7079095840454102,0.2022629678249359,0.5056465864181519,0.2857186496257782,0.7142813205718994,0.14940468966960907,0.615340530872345,0.0,secondary descriptive measure; excluded from strict variance identity
Movies,43,context_static,visual,operator_modulation_a_step0,0.4066319465637207,0.12904849648475647,0.27758342027664185,0.31735947728157043,0.6826404333114624,0.0956321433186531,0.3535636365413666,2.9802322387695312e-08,secondary descriptive measure; excluded from strict variance identity
Movies,43,context_static,visual,operator_modulation_a_step1,0.4066319465637207,0.12904849648475647,0.27758342027664185,0.31735947728157043,0.6826404333114624,0.0956321433186531,0.3535636365413666,2.9802322387695312e-08,secondary descriptive measure; excluded from strict variance identity
Movies,43,context_static,visual,operator_delta_message_step0,0.002112568123266101,0.0011627344647422433,0.0009498336003161967,0.5503891110420227,0.4496108591556549,0.0008294546860270202,0.0011585032334551215,5.820766091346741e-11,secondary descriptive measure; excluded from strict variance identity
Movies,43,context_static,visual,operator_delta_message_step1,0.009163912385702133,0.004222865682095289,0.004941047169268131,0.4608147144317627,0.5391853451728821,0.0029666575137525797,0.005587555933743715,-4.656612873077393e-10,secondary descriptive measure; excluded from strict variance identity
Movies,43,context_attn_dynamic,text,base_relation_r,0.7368301749229431,0.19687515497207642,0.5399550795555115,0.2671920359134674,0.7328080534934998,0.13893428444862366,0.5926385521888733,-5.960464477539063e-08,secondary descriptive measure; excluded from strict variance identity
Movies,43,context_attn_dynamic,text,execution_xi_step0,0.9134360551834106,0.2299821376800537,0.6834539175033569,0.25177693367004395,0.748223066329956,0.16158390045166016,0.729272186756134,0.0,secondary descriptive measure; excluded from strict variance identity
Movies,43,context_attn_dynamic,text,execution_xi_step1,0.9180988073348999,0.23194244503974915,0.6861563920974731,0.2526334226131439,0.7473666071891785,0.16361339390277863,0.7320168614387512,0.0,secondary descriptive measure; excluded from strict variance identity
Movies,43,context_attn_dynamic,text,operator_modulation_a_step0,0.3226299583911896,0.07950188964605331,0.24312806129455566,0.24641819298267365,0.7535817623138428,0.05580345541238785,0.25685006380081177,0.0,secondary descriptive measure; excluded from strict variance identity
Movies,43,context_attn_dynamic,text,operator_modulation_a_step1,0.32632848620414734,0.08065828680992126,0.24567024409770966,0.24716900289058685,0.7528311610221863,0.056897327303886414,0.25973793864250183,-4.470348358154297e-08,secondary descriptive measure; excluded from strict variance identity
Movies,43,context_attn_dynamic,text,operator_delta_message_step0,0.0019509528065100312,0.0006686424603685737,0.0012823103461414576,0.34272611141204834,0.6572738885879517,0.00047643986181356013,0.001425288268364966,0.0,secondary descriptive measure; excluded from strict variance identity
Movies,43,context_attn_dynamic,text,operator_delta_message_step1,0.00628273282200098,0.0019226344302296638,0.004360098857432604,0.30601879954338074,0.6939812898635864,0.0013642368139699101,0.004682150203734636,-4.656612873077393e-10,secondary descriptive measure; excluded from strict variance identity
Movies,43,context_attn_dynamic,visual,base_relation_r,0.7673926949501038,0.20202936232089996,0.5653632879257202,0.26326724886894226,0.7367327213287354,0.14403675496578217,0.6422421336174011,5.960464477539063e-08,secondary descriptive measure; excluded from strict variance identity
Movies,43,context_attn_dynamic,visual,execution_xi_step0,0.9571853280067444,0.19772319495677948,0.7594621181488037,0.20656730234622955,0.7934326529502869,0.1385086476802826,0.805112361907959,0.0,secondary descriptive measure; excluded from strict variance identity
Movies,43,context_attn_dynamic,visual,execution_xi_step1,0.9373868107795715,0.18259873986244202,0.7547881007194519,0.19479550421237946,0.8052045106887817,0.1275647133588791,0.8068146705627441,-5.960464477539063e-08,secondary descriptive measure; excluded from strict variance identity
Movies,43,context_attn_dynamic,visual,operator_modulation_a_step0,0.4901565909385681,0.10572144389152527,0.38443514704704285,0.21568912267684937,0.7843108773231506,0.07398325204849243,0.41330546140670776,0.0,secondary descriptive measure; excluded from strict variance identity
Movies,43,context_attn_dynamic,visual,operator_modulation_a_step1,0.48676061630249023,0.09558413177728653,0.3911764919757843,0.19636784493923187,0.8036321997642517,0.06631609797477722,0.4242517054080963,0.0,secondary descriptive measure; excluded from strict variance identity
Movies,43,context_attn_dynamic,visual,operator_delta_message_step0,0.004636688623577356,0.0022325983736664057,0.0024040904827415943,0.4815070629119873,0.5184929966926575,0.0016158433863893151,0.003058654023334384,-2.3283064365386963e-10,secondary descriptive measure; excluded from strict variance identity
Movies,43,context_attn_dynamic,visual,operator_delta_message_step1,0.018010549247264862,0.007951726205646992,0.01005882304161787,0.4415038228034973,0.5584961771965027,0.005645832046866417,0.01208866760134697,0.0,secondary descriptive measure; excluded from strict variance identity
Movies,43,context_bilinear_absolute,text,base_relation_r,0.7447898983955383,0.19709540903568268,0.5476945042610168,0.2646322250366211,0.7353677749633789,0.1415260285139084,0.5803218483924866,0.0,secondary descriptive measure; excluded from strict variance identity
Movies,43,context_bilinear_absolute,text,execution_xi_step0,0.755605936050415,0.1996050477027893,0.556000828742981,0.2641655504703522,0.7358343601226807,0.14331276714801788,0.5890628099441528,5.960464477539063e-08,secondary descriptive measure; excluded from strict variance identity
Movies,43,context_bilinear_absolute,text,execution_xi_step1,0.7578341960906982,0.20003817975521088,0.5577960014343262,0.2639603614807129,0.7360396385192871,0.1436404436826706,0.5909780859947205,0.0,secondary descriptive measure; excluded from strict variance identity
Movies,43,context_bilinear_absolute,text,operator_modulation_a_step0,0.2315392643213272,0.06075802072882652,0.1707812398672104,0.26240915060043335,0.7375908493995667,0.043486934155225754,0.18093165755271912,0.0,secondary descriptive measure; excluded from strict variance identity
Movies,43,context_bilinear_absolute,text,operator_modulation_a_step1,0.23239824175834656,0.060948584228754044,0.1714496612548828,0.26225924491882324,0.7377407550811768,0.043631479144096375,0.18152368068695068,0.0,secondary descriptive measure; excluded from strict variance identity
Movies,43,context_bilinear_absolute,text,operator_delta_message_step0,0.000644071726128459,0.0001903054944705218,0.0004537662607617676,0.29547253251075745,0.7045275568962097,0.00014105848094914109,0.000519588531460613,-2.9103830456733704e-11,secondary descriptive measure; excluded from strict variance identity
Movies,43,context_bilinear_absolute,text,operator_delta_message_step1,0.001493111252784729,0.00043909624218940735,0.0010540151270106435,0.2940813899040222,0.7059186697006226,0.00032396308961324394,0.0011938486713916063,-1.1641532182693481e-10,secondary descriptive measure; excluded from strict variance identity
Movies,43,context_bilinear_absolute,visual,base_relation_r,0.7367022037506104,0.20232896506786346,0.5343732237815857,0.2746414542198181,0.7253585457801819,0.14621654152870178,0.560163140296936,0.0,secondary descriptive measure; excluded from strict variance identity
Movies,43,context_bilinear_absolute,visual,execution_xi_step0,0.803200364112854,0.21838195621967316,0.5848183035850525,0.2718897759914398,0.728110134601593,0.15727770328521729,0.6109762191772461,1.1920928955078125e-07,secondary descriptive measure; excluded from strict variance identity
Movies,43,context_bilinear_absolute,visual,execution_xi_step1,0.7765474319458008,0.2092784196138382,0.567268967628479,0.2694985568523407,0.7305013537406921,0.15043258666992188,0.5911363959312439,5.960464477539063e-08,secondary descriptive measure; excluded from strict variance identity
Movies,43,context_bilinear_absolute,visual,operator_modulation_a_step0,0.48960068821907043,0.1465340256690979,0.34306663274765015,0.2992929220199585,0.7007070183753967,0.10531088709831238,0.3665168583393097,2.9802322387695312e-08,secondary descriptive measure; excluded from strict variance identity
Movies,43,context_bilinear_absolute,visual,operator_modulation_a_step1,0.4759320914745331,0.14043037593364716,0.3355017304420471,0.29506388306617737,0.704936146736145,0.1008250042796135,0.35743480920791626,0.0,secondary descriptive measure; excluded from strict variance identity
Movies,43,context_bilinear_absolute,visual,operator_delta_message_step0,0.0018791483016684651,0.0011273715645074844,0.0007517767953686416,0.5999374985694885,0.4000625014305115,0.0008196246926672757,0.0011019434314221144,-5.820766091346741e-11,secondary descriptive measure; excluded from strict variance identity
Movies,43,context_bilinear_absolute,visual,operator_delta_message_step1,0.006785348989069462,0.003759736893698573,0.003025611862540245,0.5540963411331177,0.4459036588668823,0.0026817824691534042,0.004212667234241962,2.3283064365386963e-10,secondary descriptive measure; excluded from strict variance identity
Movies,43,context_bilinear_delta,text,base_relation_r,0.7163724899291992,0.1882997751235962,0.5280726552009583,0.2628517746925354,0.7371481657028198,0.13844555616378784,0.6022835969924927,5.960464477539063e-08,secondary descriptive measure; excluded from strict variance identity
Movies,43,context_bilinear_delta,text,execution_xi_step0,0.7163724899291992,0.1882997751235962,0.5280726552009583,0.2628517746925354,0.7371481657028198,0.13844555616378784,0.6022835969924927,5.960464477539063e-08,secondary descriptive measure; excluded from strict variance identity
Movies,43,context_bilinear_delta,text,execution_xi_step1,0.7276533842086792,0.1912662535905838,0.5363871455192566,0.2628535330295563,0.7371464967727661,0.14064715802669525,0.6125656962394714,0.0,secondary descriptive measure; excluded from strict variance identity
Movies,43,context_bilinear_delta,text,operator_modulation_a_step0,0.22577786445617676,0.05702425166964531,0.16875359416007996,0.25256794691085815,0.7474319934844971,0.041802968829870224,0.19254016876220703,1.4901161193847656e-08,secondary descriptive measure; excluded from strict variance identity
Movies,43,context_bilinear_delta,text,operator_modulation_a_step1,0.23106591403484344,0.05842145159840584,0.17264443635940552,0.2528345584869385,0.747165322303772,0.04283343628048897,0.19706735014915466,2.9802322387695312e-08,secondary descriptive measure; excluded from strict variance identity
Movies,43,context_bilinear_delta,text,operator_delta_message_step0,0.000544994487427175,0.0001444647496100515,0.0004005297087132931,0.2650756239891052,0.73492431640625,0.00011000197264365852,0.0004991780151613057,2.9103830456733704e-11,secondary descriptive measure; excluded from strict variance identity
Movies,43,context_bilinear_delta,text,operator_delta_message_step1,0.0012089927913621068,0.0003280958626419306,0.0008808969869278371,0.2713795006275177,0.7286205291748047,0.00024789944291114807,0.0010800434974953532,-5.820766091346741e-11,secondary descriptive measure; excluded from strict variance identity
Movies,43,context_bilinear_delta,visual,base_relation_r,0.6161012053489685,0.1733163595199585,0.44278484582901,0.2813115119934082,0.7186884880065918,0.1289318948984146,0.5589605569839478,0.0,secondary descriptive measure; excluded from strict variance identity
Movies,43,context_bilinear_delta,visual,execution_xi_step0,0.6161012053489685,0.1733163595199585,0.44278484582901,0.2813115119934082,0.7186884880065918,0.1289318948984146,0.5589605569839478,0.0,secondary descriptive measure; excluded from strict variance identity
Movies,43,context_bilinear_delta,visual,execution_xi_step1,0.787684977054596,0.22268646955490112,0.56499844789505,0.28271007537841797,0.7172898650169373,0.16597452759742737,0.7180505990982056,5.960464477539063e-08,secondary descriptive measure; excluded from strict variance identity
Movies,43,context_bilinear_delta,visual,operator_modulation_a_step0,0.33428558707237244,0.1055949404835701,0.22869063913822174,0.3158824145793915,0.6841175556182861,0.07893338799476624,0.30585262179374695,1.4901161193847656e-08,secondary descriptive measure; excluded from strict variance identity
Movies,43,context_bilinear_delta,visual,operator_modulation_a_step1,0.3866952061653137,0.12694911658763885,0.25974607467651367,0.32829245924949646,0.6717075109481812,0.09485327452421188,0.35439345240592957,0.0,secondary descriptive measure; excluded from strict variance identity
Movies,43,context_bilinear_delta,visual,operator_delta_message_step0,0.002072729170322418,0.0010953217279165983,0.00097740744240582,0.528444230556488,0.47155579924583435,0.0007808836526237428,0.0011435443302616477,0.0,secondary descriptive measure; excluded from strict variance identity
Movies,43,context_bilinear_delta,visual,operator_delta_message_step1,0.010548746213316917,0.00458684703335166,0.005961900111287832,0.4348239004611969,0.5651761889457703,0.003225283697247505,0.006588303949683905,-9.313225746154785e-10,secondary descriptive measure; excluded from strict variance identity
Movies,44,context_static,text,base_relation_r,0.8156365156173706,0.20607563853263855,0.6095609068870544,0.2526562213897705,0.7473438382148743,0.14592452347278595,0.6801139116287231,-5.960464477539063e-08,secondary descriptive measure; excluded from strict variance identity
Movies,44,context_static,text,execution_xi_step0,0.8156365156173706,0.20607563853263855,0.6095609068870544,0.2526562213897705,0.7473438382148743,0.14592452347278595,0.6801139116287231,-5.960464477539063e-08,secondary descriptive measure; excluded from strict variance identity
Movies,44,context_static,text,execution_xi_step1,0.8156365156173706,0.20607563853263855,0.6095609068870544,0.2526562213897705,0.7473438382148743,0.14592452347278595,0.6801139116287231,-5.960464477539063e-08,secondary descriptive measure; excluded from strict variance identity
Movies,44,context_static,text,operator_modulation_a_step0,0.3272359073162079,0.0706961378455162,0.2565397620201111,0.21604028344154358,0.783959686756134,0.05015508458018303,0.28271016478538513,0.0,secondary descriptive measure; excluded from strict variance identity
Movies,44,context_static,text,operator_modulation_a_step1,0.3272359073162079,0.0706961452960968,0.2565397322177887,0.21604029834270477,0.7839596271514893,0.05015508458018303,0.28271016478538513,2.9802322387695312e-08,secondary descriptive measure; excluded from strict variance identity
Movies,44,context_static,text,operator_delta_message_step0,0.001961907371878624,0.00053567806025967,0.001426229253411293,0.27303943037986755,0.7269605398178101,0.00038912452873773873,0.0016244626604020596,0.0,secondary descriptive measure; excluded from strict variance identity
Movies,44,context_static,text,operator_delta_message_step1,0.0066237314604222775,0.0016237280797213316,0.005000003147870302,0.24513797461986542,0.7548620104789734,0.0011771955760195851,0.005629406776279211,4.656612873077393e-10,secondary descriptive measure; excluded from strict variance identity
Movies,44,context_static,visual,base_relation_r,0.9016290307044983,0.2033298760652542,0.69829922914505,0.22551389038562775,0.7744861841201782,0.13856661319732666,0.7145480513572693,-5.960464477539063e-08,secondary descriptive measure; excluded from strict variance identity
Movies,44,context_static,visual,execution_xi_step0,0.9016290307044983,0.2033298760652542,0.69829922914505,0.22551389038562775,0.7744861841201782,0.13856662809848785,0.7145480513572693,-5.960464477539063e-08,secondary descriptive measure; excluded from strict variance identity
Movies,44,context_static,visual,execution_xi_step1,0.9016290307044983,0.2033298909664154,0.69829922914505,0.22551392018795013,0.7744861841201782,0.13856661319732666,0.7145480513572693,-5.960464477539063e-08,secondary descriptive measure; excluded from strict variance identity
Movies,44,context_static,visual,operator_modulation_a_step0,0.5136789679527283,0.11235915124416351,0.40131980180740356,0.21873418986797333,0.7812657952308655,0.0762975886464119,0.40427273511886597,0.0,secondary descriptive measure; excluded from strict variance identity
Movies,44,context_static,visual,operator_modulation_a_step1,0.5136789679527283,0.11235915124416351,0.40131980180740356,0.21873418986797333,0.7812657952308655,0.0762975886464119,0.40427273511886597,0.0,secondary descriptive measure; excluded from strict variance identity
Movies,44,context_static,visual,operator_delta_message_step0,0.00366627867333591,0.001842727535404265,0.001823551021516323,0.502615213394165,0.4973847270011902,0.0013394751586019993,0.002506405580788851,1.1641532182693481e-10,secondary descriptive measure; excluded from strict variance identity
Movies,44,context_static,visual,operator_delta_message_step1,0.012348251417279243,0.005955015309154987,0.006393237970769405,0.482255756855011,0.5177444219589233,0.004291101358830929,0.008510567247867584,-1.862645149230957e-09,secondary descriptive measure; excluded from strict variance identity
Movies,44,context_attn_dynamic,text,base_relation_r,0.6439226269721985,0.17550083994865417,0.4684218168258667,0.272549569606781,0.7274504899978638,0.12318393588066101,0.5119715332984924,-2.9802322387695312e-08,secondary descriptive measure; excluded from strict variance identity
Movies,44,context_attn_dynamic,text,execution_xi_step0,0.8035517334938049,0.21117688715457916,0.592374861240387,0.2628043591976166,0.7371956706047058,0.14899079501628876,0.6901642084121704,0.0,secondary descriptive measure; excluded from strict variance identity
Movies,44,context_attn_dynamic,text,execution_xi_step1,0.8042477369308472,0.21095390617847443,0.5932938456535339,0.26229965686798096,0.737700343132019,0.14865390956401825,0.6925243139266968,0.0,secondary descriptive measure; excluded from strict variance identity
Movies,44,context_attn_dynamic,text,operator_modulation_a_step0,0.32417845726013184,0.08493832498788834,0.2392401248216629,0.26201102137565613,0.7379889488220215,0.05928444862365723,0.2906770706176758,1.4901161193847656e-08,secondary descriptive measure; excluded from strict variance identity
Movies,44,context_attn_dynamic,text,operator_modulation_a_step1,0.32543694972991943,0.08453556895256042,0.24090135097503662,0.25976020097732544,0.740239679813385,0.05888956040143967,0.29361283779144287,2.9802322387695312e-08,secondary descriptive measure; excluded from strict variance identity
Movies,44,context_attn_dynamic,text,operator_delta_message_step0,0.007266311440616846,0.0020641828887164593,0.005202129017561674,0.2840757668018341,0.7159243226051331,0.0014731382252648473,0.006880311295390129,-4.656612873077393e-10,secondary descriptive measure; excluded from strict variance identity
Movies,44,context_attn_dynamic,text,operator_delta_message_step1,0.024363256990909576,0.006687789689749479,0.01767546683549881,0.27450311183929443,0.7254968881607056,0.004724480211734772,0.023263100534677505,0.0,secondary descriptive measure; excluded from strict variance identity
Movies,44,context_attn_dynamic,visual,base_relation_r,0.822155237197876,0.2053108513355255,0.6168443560600281,0.24972273409366608,0.7502772212028503,0.14446522295475006,0.6758149266242981,5.960464477539063e-08,secondary descriptive measure; excluded from strict variance identity
Movies,44,context_attn_dynamic,visual,execution_xi_step0,0.8829944133758545,0.2033647894859314,0.6796296238899231,0.23031266033649445,0.7696873545646667,0.1414702832698822,0.7331258058547974,0.0,secondary descriptive measure; excluded from strict variance identity
Movies,44,context_attn_dynamic,visual,execution_xi_step1,0.8663133978843689,0.19387297332286835,0.6724403500556946,0.22379080951213837,0.7762091159820557,0.13543932139873505,0.7367888689041138,5.960464477539063e-08,secondary descriptive measure; excluded from strict variance identity
Movies,44,context_attn_dynamic,visual,operator_modulation_a_step0,0.4598696827888489,0.09729903191328049,0.3625706434249878,0.2115795761346817,0.7884204387664795,0.06723948568105698,0.3829626142978668,0.0,secondary descriptive measure; excluded from strict variance identity
Movies,44,context_attn_dynamic,visual,operator_modulation_a_step1,0.451731413602829,0.09119357168674469,0.3605378270149231,0.20187564194202423,0.7981243133544922,0.06353995949029922,0.39088359475135803,0.0,secondary descriptive measure; excluded from strict variance identity
Movies,44,context_attn_dynamic,visual,operator_delta_message_step0,0.005472834222018719,0.0024658963084220886,0.00300693791359663,0.4505702555179596,0.5494297742843628,0.0017861316446214914,0.004094649106264114,0.0,secondary descriptive measure; excluded from strict variance identity
Movies,44,context_attn_dynamic,visual,operator_delta_message_step1,0.019306834787130356,0.007720682304352522,0.011586153879761696,0.39989373087882996,0.6001063585281372,0.005523963365703821,0.014958031475543976,-1.862645149230957e-09,secondary descriptive measure; excluded from strict variance identity
Movies,44,context_bilinear_absolute,text,base_relation_r,0.8584315776824951,0.24136747419834137,0.6170641183853149,0.28117263317108154,0.7188273668289185,0.16859811544418335,0.6952992081642151,0.0,secondary descriptive measure; excluded from strict variance identity
Movies,44,context_bilinear_absolute,text,execution_xi_step0,0.886556088924408,0.24738873541355133,0.639167308807373,0.27904465794563293,0.7209553122520447,0.1729232519865036,0.7217569947242737,5.960464477539063e-08,secondary descriptive measure; excluded from strict variance identity
Movies,44,context_bilinear_absolute,text,execution_xi_step1,0.8953214883804321,0.2491694539785385,0.6461520195007324,0.2783016562461853,0.7216983437538147,0.17417681217193604,0.7301911115646362,0.0,secondary descriptive measure; excluded from strict variance identity
Movies,44,context_bilinear_absolute,text,operator_modulation_a_step0,0.35691049695014954,0.08988070487976074,0.2670297920703888,0.2518298029899597,0.7481701970100403,0.06258655339479446,0.2975124716758728,0.0,secondary descriptive measure; excluded from strict variance identity
Movies,44,context_bilinear_absolute,text,operator_modulation_a_step1,0.359869122505188,0.09066008776426315,0.26920899748802185,0.25192517042160034,0.7480747103691101,0.06313201785087585,0.30030977725982666,2.9802322387695312e-08,secondary descriptive measure; excluded from strict variance identity
Movies,44,context_bilinear_absolute,text,operator_delta_message_step0,0.00410896772518754,0.00121578190010041,0.0028931861743330956,0.29588499665260315,0.704115092754364,0.0008611743105575442,0.0034010852687060833,-4.656612873077393e-10,secondary descriptive measure; excluded from strict variance identity
Movies,44,context_bilinear_absolute,text,operator_delta_message_step1,0.01305901724845171,0.0036378365475684404,0.009421180933713913,0.27856892347335815,0.7214310765266418,0.0025646083522588015,0.01093666348606348,0.0,secondary descriptive measure; excluded from strict variance identity
Movies,44,context_bilinear_absolute,visual,base_relation_r,0.8980222940444946,0.22045473754405975,0.6775674819946289,0.24548916518688202,0.754510760307312,0.15162596106529236,0.7132341265678406,5.960464477539063e-08,secondary descriptive measure; excluded from strict variance identity
Movies,44,context_bilinear_absolute,visual,execution_xi_step0,0.9226242899894714,0.22083359956741333,0.7017906904220581,0.23935376107692719,0.7606462240219116,0.15239611268043518,0.7409791350364685,0.0,secondary descriptive measure; excluded from strict variance identity
Movies,44,context_bilinear_absolute,visual,execution_xi_step1,0.9183024764060974,0.21851329505443573,0.6997892260551453,0.23795351386070251,0.7620465159416199,0.15099306404590607,0.7397247552871704,-5.960464477539063e-08,secondary descriptive measure; excluded from strict variance identity
Movies,44,context_bilinear_absolute,visual,operator_modulation_a_step0,0.5073650479316711,0.11897414177656174,0.3883908987045288,0.2344941645860672,0.765505850315094,0.08185034990310669,0.40438759326934814,0.0,secondary descriptive measure; excluded from strict variance identity
Movies,44,context_bilinear_absolute,visual,operator_modulation_a_step1,0.5022685527801514,0.1171274408698082,0.38514113426208496,0.23319683969020844,0.7668032050132751,0.08070279657840729,0.40098336338996887,-2.9802322387695312e-08,secondary descriptive measure; excluded from strict variance identity
Movies,44,context_bilinear_absolute,visual,operator_delta_message_step0,0.004706158302724361,0.0023632666561752558,0.0023428916465491056,0.5021647214889526,0.49783527851104736,0.001712333527393639,0.0032478375360369682,0.0,secondary descriptive measure; excluded from strict variance identity
Movies,44,context_bilinear_absolute,visual,operator_delta_message_step1,0.01527517568320036,0.0075608775950968266,0.00771429855376482,0.4949781000614166,0.5050219297409058,0.005432157311588526,0.01045924425125122,-4.656612873077393e-10,secondary descriptive measure; excluded from strict variance identity
Movies,44,context_bilinear_delta,text,base_relation_r,0.8215681314468384,0.22028851509094238,0.6012796759605408,0.2681317627429962,0.731868326663971,0.1556810885667801,0.6814143061637878,-5.960464477539063e-08,secondary descriptive measure; excluded from strict variance identity
Movies,44,context_bilinear_delta,text,execution_xi_step0,0.8215681314468384,0.22028848528862,0.6012796759605408,0.26813173294067383,0.731868326663971,0.1556810885667801,0.6814143061637878,-5.960464477539063e-08,secondary descriptive measure; excluded from strict variance identity
Movies,44,context_bilinear_delta,text,execution_xi_step1,0.8783231377601624,0.23225507140159607,0.6460680365562439,0.26443010568618774,0.7355698943138123,0.1641094833612442,0.7306506633758545,5.960464477539063e-08,secondary descriptive measure; excluded from strict variance identity
Movies,44,context_bilinear_delta,text,operator_modulation_a_step0,0.33017244935035706,0.07800789922475815,0.2521645128726959,0.23626410961151123,0.7637357711791992,0.0552387461066246,0.2824951708316803,2.9802322387695312e-08,secondary descriptive measure; excluded from strict variance identity
Movies,44,context_bilinear_delta,text,operator_modulation_a_step1,0.3513200879096985,0.08371535688638687,0.2676047384738922,0.23828798532485962,0.7617120146751404,0.059311117976903915,0.30003705620765686,0.0,secondary descriptive measure; excluded from strict variance identity
Movies,44,context_bilinear_delta,text,operator_delta_message_step0,0.0026502208784222603,0.0007474679150618613,0.0019027526723220944,0.2820398509502411,0.7179600596427917,0.0005396519554778934,0.002193545689806342,3.4924596548080444e-10,secondary descriptive measure; excluded from strict variance identity
Movies,44,context_bilinear_delta,text,operator_delta_message_step1,0.009349221363663673,0.0024865088053047657,0.006862712558358908,0.26595890522003174,0.7340410947799683,0.0017921800026670098,0.007861998863518238,0.0,secondary descriptive measure; excluded from strict variance identity
Movies,44,context_bilinear_delta,visual,base_relation_r,0.9196902513504028,0.21906405687332153,0.7006261944770813,0.2381933033466339,0.7618067264556885,0.14987435936927795,0.7350627183914185,0.0,secondary descriptive measure; excluded from strict variance identity
Movies,44,context_bilinear_delta,visual,execution_xi_step0,0.9196902513504028,0.21906405687332153,0.7006261944770813,0.2381933033466339,0.7618067264556885,0.14987435936927795,0.7350627183914185,0.0,secondary descriptive measure; excluded from strict variance identity
Movies,44,context_bilinear_delta,visual,execution_xi_step1,1.0453486442565918,0.24305079877376556,0.8022977709770203,0.23250693082809448,0.7674930095672607,0.16637557744979858,0.8385971188545227,5.960464477539063e-08,secondary descriptive measure; excluded from strict variance identity
Movies,44,context_bilinear_delta,visual,operator_modulation_a_step0,0.5309996604919434,0.12400799989700317,0.4069916605949402,0.23353686928749084,0.7664631009101868,0.08444030582904816,0.42262813448905945,0.0,secondary descriptive measure; excluded from strict variance identity
Movies,44,context_bilinear_delta,visual,operator_modulation_a_step1,0.5686103105545044,0.13353782892227173,0.4350724220275879,0.2348494678735733,0.7651504278182983,0.09095544368028641,0.45150026679039,5.960464477539063e-08,secondary descriptive measure; excluded from strict variance identity
Movies,44,context_bilinear_delta,visual,operator_delta_message_step0,0.004092853050678968,0.0020973761565983295,0.0019954766612499952,0.5124484300613403,0.4875515103340149,0.0015138420276343822,0.0027409237809479237,2.3283064365386963e-10,secondary descriptive measure; excluded from strict variance identity
Movies,44,context_bilinear_delta,visual,operator_delta_message_step1,0.01572948507964611,0.007543463725596666,0.008186019957065582,0.4795747399330139,0.5204252004623413,0.005397520028054714,0.010732946917414665,1.862645149230957e-09,secondary descriptive measure; excluded from strict variance identity
Grocery,42,context_static,text,base_relation_r,0.961686909198761,0.19420871138572693,0.7674782276153564,0.20194588601589203,0.7980541586875916,0.12009834498167038,0.8021968603134155,0.0,secondary descriptive measure; excluded from strict variance identity
Grocery,42,context_static,text,execution_xi_step0,0.961686909198761,0.19420871138572693,0.7674782276153564,0.20194588601589203,0.7980541586875916,0.12009834498167038,0.8021968603134155,0.0,secondary descriptive measure; excluded from strict variance identity
Grocery,42,context_static,text,execution_xi_step1,0.961686909198761,0.19420871138572693,0.7674782276153564,0.20194588601589203,0.7980541586875916,0.12009834498167038,0.8021968603134155,0.0,secondary descriptive measure; excluded from strict variance identity
Grocery,42,context_static,text,operator_modulation_a_step0,0.5817014575004578,0.11297529935836792,0.46872615814208984,0.19421525299549103,0.8057847619056702,0.07015733420848846,0.4822142720222473,0.0,secondary descriptive measure; excluded from strict variance identity
Grocery,42,context_static,text,operator_modulation_a_step1,0.5817014575004578,0.11297529935836792,0.46872615814208984,0.19421525299549103,0.8057847619056702,0.07015733420848846,0.4822142720222473,0.0,secondary descriptive measure; excluded from strict variance identity
Grocery,42,context_static,text,operator_delta_message_step0,0.04669070616364479,0.01713484898209572,0.02955586090683937,0.3669862747192383,0.6330137848854065,0.010071479715406895,0.030966967344284058,-3.725290298461914e-09,secondary descriptive measure; excluded from strict variance identity
Grocery,42,context_static,text,operator_delta_message_step1,0.12791572511196136,0.04915706813335419,0.07875864952802658,0.3842926025390625,0.6157073378562927,0.028854306787252426,0.08499522507190704,7.450580596923828e-09,secondary descriptive measure; excluded from strict variance identity
Grocery,42,context_static,visual,base_relation_r,0.9563249945640564,0.19556398689746857,0.7607609629631042,0.20449532568454742,0.795504629611969,0.12218444794416428,0.8016616702079773,5.960464477539063e-08,secondary descriptive measure; excluded from strict variance identity
Grocery,42,context_static,visual,execution_xi_step0,0.9563249945640564,0.19556398689746857,0.7607609629631042,0.20449532568454742,0.795504629611969,0.12218444794416428,0.8016616106033325,5.960464477539063e-08,secondary descriptive measure; excluded from strict variance identity
Grocery,42,context_static,visual,execution_xi_step1,0.9563249945640564,0.19556398689746857,0.7607609629631042,0.20449532568454742,0.795504629611969,0.12218444794416428,0.8016616106033325,5.960464477539063e-08,secondary descriptive measure; excluded from strict variance identity
Grocery,42,context_static,visual,operator_modulation_a_step0,0.5583075284957886,0.12314317375421524,0.43516436219215393,0.22056512534618378,0.779434859752655,0.0767919197678566,0.4610830247402191,0.0,secondary descriptive measure; excluded from strict variance identity
Grocery,42,context_static,visual,operator_modulation_a_step1,0.5583075284957886,0.12314315885305405,0.43516436219215393,0.22056511044502258,0.779434859752655,0.0767919197678566,0.4610830247402191,0.0,secondary descriptive measure; excluded from strict variance identity
Grocery,42,context_static,visual,operator_delta_message_step0,0.0516560897231102,0.024255214259028435,0.027400873601436615,0.4695518910884857,0.5304480791091919,0.01466734055429697,0.03061477653682232,1.862645149230957e-09,secondary descriptive measure; excluded from strict variance identity
Grocery,42,context_static,visual,operator_delta_message_step1,0.3280715048313141,0.11009833216667175,0.21797318756580353,0.33559247851371765,0.6644075512886047,0.062326569110155106,0.21002984046936035,-1.4901161193847656e-08,secondary descriptive measure; excluded from strict variance identity
Grocery,42,context_attn_dynamic,text,base_relation_r,0.8442749381065369,0.21285177767276764,0.6314232349395752,0.25211191177368164,0.7478881478309631,0.12771740555763245,0.6562389135360718,-5.960464477539063e-08,secondary descriptive measure; excluded from strict variance identity
Grocery,42,context_attn_dynamic,text,execution_xi_step0,0.9113540053367615,0.20802408456802368,0.7033299207687378,0.22825826704502106,0.7717417478561401,0.12628920376300812,0.750608503818512,0.0,secondary descriptive measure; excluded from strict variance identity
Grocery,42,context_attn_dynamic,text,execution_xi_step1,0.9198542833328247,0.20111413300037384,0.7187401652336121,0.21863694489002228,0.7813630700111389,0.12343423813581467,0.7653835415840149,0.0,secondary descriptive measure; excluded from strict variance identity
Grocery,42,context_attn_dynamic,text,operator_modulation_a_step0,0.48545658588409424,0.10154855251312256,0.3839080333709717,0.2091815322637558,0.790818452835083,0.06055913120508194,0.39261868596076965,0.0,secondary descriptive measure; excluded from strict variance identity
Grocery,42,context_attn_dynamic,text,operator_modulation_a_step1,0.49616092443466187,0.09674518555402756,0.3994157612323761,0.19498752057552338,0.8050125241279602,0.058506544679403305,0.4060215950012207,-2.9802322387695312e-08,secondary descriptive measure; excluded from strict variance identity
Grocery,42,context_attn_dynamic,text,operator_delta_message_step0,0.06489717215299606,0.02050054632127285,0.044396620243787766,0.31589275598526,0.6841071844100952,0.011617222800850868,0.042727451771497726,3.725290298461914e-09,secondary descriptive measure; excluded from strict variance identity
Grocery,42,context_attn_dynamic,text,operator_delta_message_step1,0.16645914316177368,0.053480956703424454,0.11297819763422012,0.32128578424453735,0.6787142753601074,0.03021400421857834,0.10508329421281815,-7.450580596923828e-09,secondary descriptive measure; excluded from strict variance identity
Grocery,42,context_attn_dynamic,visual,base_relation_r,0.8599497079849243,0.1996479332447052,0.6603018045425415,0.23216234147548676,0.7678377032279968,0.12062860280275345,0.6949584484100342,0.0,secondary descriptive measure; excluded from strict variance identity
Grocery,42,context_attn_dynamic,visual,execution_xi_step0,0.9228676557540894,0.17983824014663696,0.7430294752120972,0.19486893713474274,0.8051311373710632,0.11161293089389801,0.7903082370758057,-5.960464477539063e-08,secondary descriptive measure; excluded from strict variance identity
Grocery,42,context_attn_dynamic,visual,execution_xi_step1,0.9257457256317139,0.1729568988084793,0.7527888417243958,0.1868298053741455,0.8131701946258545,0.10808011889457703,0.7851884365081787,0.0,secondary descriptive measure; excluded from strict variance identity
Grocery,42,context_attn_dynamic,visual,operator_modulation_a_step0,0.5594550967216492,0.1063304916024208,0.45312461256980896,0.1900608092546463,0.8099392056465149,0.06631258130073547,0.47836849093437195,0.0,secondary descriptive measure; excluded from strict variance identity
Grocery,42,context_attn_dynamic,visual,operator_modulation_a_step1,0.5681854486465454,0.10014384239912033,0.46804162859916687,0.17625203728675842,0.823747992515564,0.06293975561857224,0.48047882318496704,-2.9802322387695312e-08,secondary descriptive measure; excluded from strict variance identity
Grocery,42,context_attn_dynamic,visual,operator_delta_message_step0,0.07081425189971924,0.029979759827256203,0.040834490209817886,0.4233577251434326,0.5766422748565674,0.01782810129225254,0.042782485485076904,3.725290298461914e-09,secondary descriptive measure; excluded from strict variance identity
Grocery,42,context_attn_dynamic,visual,operator_delta_message_step1,0.458083838224411,0.13420918583869934,0.3238746225833893,0.29297953844070435,0.7070204019546509,0.07584118843078613,0.29563280940055847,2.9802322387695312e-08,secondary descriptive measure; excluded from strict variance identity
Grocery,42,context_bilinear_absolute,text,base_relation_r,0.9501120448112488,0.17189662158489227,0.7782154083251953,0.1809224784374237,0.8190774917602539,0.10476073622703552,0.8011816740036011,0.0,secondary descriptive measure; excluded from strict variance identity
Grocery,42,context_bilinear_absolute,text,execution_xi_step0,1.070965051651001,0.1804044097661972,0.8905607461929321,0.16845032572746277,0.8315497636795044,0.11055310815572739,0.9190996289253235,-1.1920928955078125e-07,secondary descriptive measure; excluded from strict variance identity
Grocery,42,context_bilinear_absolute,text,execution_xi_step1,1.1114604473114014,0.1812051236629486,0.9302552342414856,0.1630333513021469,0.8369665741920471,0.11116674542427063,0.9577092528343201,5.960464477539063e-08,secondary descriptive measure; excluded from strict variance identity
Grocery,42,context_bilinear_absolute,text,operator_modulation_a_step0,0.57011878490448,0.09283602237701416,0.4772827923297882,0.16283628344535828,0.8371637463569641,0.05680254101753235,0.484043151140213,-2.9802322387695312e-08,secondary descriptive measure; excluded from strict variance identity
Grocery,42,context_bilinear_absolute,text,operator_modulation_a_step1,0.5738701820373535,0.0905962884426117,0.4832739233970642,0.15786896646022797,0.8421310782432556,0.05549459904432297,0.4892011284828186,-2.9802322387695312e-08,secondary descriptive measure; excluded from strict variance identity
Grocery,42,context_bilinear_absolute,text,operator_delta_message_step0,0.044512394815683365,0.014593353495001793,0.029919041320681572,0.32784920930862427,0.6721507906913757,0.008693702518939972,0.031139323487877846,0.0,secondary descriptive measure; excluded from strict variance identity
Grocery,42,context_bilinear_absolute,text,operator_delta_message_step1,0.1171489879488945,0.04162872955203056,0.07552026212215424,0.3553486168384552,0.6446514129638672,0.024683983996510506,0.08013415336608887,0.0,secondary descriptive measure; excluded from strict variance identity
Grocery,42,context_bilinear_absolute,visual,base_relation_r,0.9412235617637634,0.17986765503883362,0.7613559365272522,0.19109982252120972,0.8089002370834351,0.11227337270975113,0.8005015850067139,-5.960464477539063e-08,secondary descriptive measure; excluded from strict variance identity
Grocery,42,context_bilinear_absolute,visual,execution_xi_step0,0.99073725938797,0.17931178212165833,0.811425507068634,0.18098822236061096,0.8190118074417114,0.11136923730373383,0.8433059453964233,-5.960464477539063e-08,secondary descriptive measure; excluded from strict variance identity
Grocery,42,context_bilinear_absolute,visual,execution_xi_step1,1.066857099533081,0.18346938490867615,0.8833876252174377,0.17197184264659882,0.8280280828475952,0.11345475912094116,0.9100313782691956,5.960464477539063e-08,secondary descriptive measure; excluded from strict variance identity
Grocery,42,context_bilinear_absolute,visual,operator_modulation_a_step0,0.559924840927124,0.11026827991008759,0.4496566355228424,0.1969340741634369,0.803066074848175,0.06863360106945038,0.4705989360809326,-8.940696716308594e-08,secondary descriptive measure; excluded from strict variance identity
Grocery,42,context_bilinear_absolute,visual,operator_modulation_a_step1,0.5767075419425964,0.10978224873542786,0.4669252932071686,0.19036035239696503,0.8096396327018738,0.06795176863670349,0.4870116114616394,0.0,secondary descriptive measure; excluded from strict variance identity
Grocery,42,context_bilinear_absolute,visual,operator_delta_message_step0,0.05270227789878845,0.024340985342860222,0.02836129255592823,0.4618583023548126,0.538141667842865,0.01479344628751278,0.03300555422902107,0.0,secondary descriptive measure; excluded from strict variance identity
Grocery,42,context_bilinear_absolute,visual,operator_delta_message_step1,0.3714306652545929,0.11194398254156113,0.25948667526245117,0.30138593912124634,0.6986140608787537,0.06324972212314606,0.2527187466621399,0.0,secondary descriptive measure; excluded from strict variance identity
Grocery,42,context_bilinear_delta,text,base_relation_r,0.9435207843780518,0.1850617676973343,0.7584590911865234,0.19613957405090332,0.8038604855537415,0.11251905560493469,0.7834299802780151,-5.960464477539063e-08,secondary descriptive measure; excluded from strict variance identity
Grocery,42,context_bilinear_delta,text,execution_xi_step0,0.9435207843780518,0.1850617527961731,0.7584590911865234,0.19613955914974213,0.8038604855537415,0.11251905560493469,0.7834299802780151,-5.960464477539063e-08,secondary descriptive measure; excluded from strict variance identity
Grocery,42,context_bilinear_delta,text,execution_xi_step1,1.0583072900772095,0.19493383169174194,0.8633734583854675,0.18419398367404938,0.8158060312271118,0.11922759562730789,0.8961554169654846,0.0,secondary descriptive measure; excluded from strict variance identity
Grocery,42,context_bilinear_delta,text,operator_modulation_a_step0,0.5454371571540833,0.10355160385370255,0.4418855607509613,0.18985065817832947,0.8101493716239929,0.06303595751523972,0.45219770073890686,0.0,secondary descriptive measure; excluded from strict variance identity
Grocery,42,context_bilinear_delta,text,operator_modulation_a_step1,0.5685239434242249,0.1046232283115387,0.46390068531036377,0.1840260773897171,0.8159738779067993,0.0635228380560875,0.4730144739151001,2.9802322387695312e-08,secondary descriptive measure; excluded from strict variance identity
Grocery,42,context_bilinear_delta,text,operator_delta_message_step0,0.04149879142642021,0.016807205975055695,0.02469158172607422,0.40500470995903015,0.5949952006340027,0.010133663192391396,0.02916625514626503,3.725290298461914e-09,secondary descriptive measure; excluded from strict variance identity
Grocery,42,context_bilinear_delta,text,operator_delta_message_step1,0.12216225266456604,0.05244932696223259,0.06971292942762375,0.42934152483940125,0.5706585049629211,0.031389109790325165,0.08549168705940247,-7.450580596923828e-09,secondary descriptive measure; excluded from strict variance identity
Grocery,42,context_bilinear_delta,visual,base_relation_r,0.9148961305618286,0.18738225102424622,0.72751384973526,0.20481260120868683,0.7951873540878296,0.11552401632070541,0.7613130211830139,5.960464477539063e-08,secondary descriptive measure; excluded from strict variance identity
Grocery,42,context_bilinear_delta,visual,execution_xi_step0,0.9148961305618286,0.18738225102424622,0.72751384973526,0.20481260120868683,0.7951873540878296,0.11552401632070541,0.7613130211830139,5.960464477539063e-08,secondary descriptive measure; excluded from strict variance identity
Grocery,42,context_bilinear_delta,visual,execution_xi_step1,1.0711227655410767,0.203561469912529,0.867561399936676,0.19004495441913605,0.8099551200866699,0.12493234127759933,0.8929430246353149,-1.1920928955078125e-07,secondary descriptive measure; excluded from strict variance identity
Grocery,42,context_bilinear_delta,visual,operator_modulation_a_step0,0.5186928510665894,0.11107801645994186,0.4076148569583893,0.21414989233016968,0.7858501672744751,0.06919470429420471,0.4277763366699219,-2.9802322387695312e-08,secondary descriptive measure; excluded from strict variance identity
Grocery,42,context_bilinear_delta,visual,operator_modulation_a_step1,0.5590202808380127,0.11626081168651581,0.4427594542503357,0.2079724371433258,0.7920275330543518,0.07194829732179642,0.4615427553653717,0.0,secondary descriptive measure; excluded from strict variance identity
Grocery,42,context_bilinear_delta,visual,operator_delta_message_step0,0.04818188399076462,0.024461576715111732,0.023720303550362587,0.5076923966407776,0.49230751395225525,0.014882884919643402,0.029120057821273804,3.725290298461914e-09,secondary descriptive measure; excluded from strict variance identity
Grocery,42,context_bilinear_delta,visual,operator_delta_message_step1,0.33588144183158875,0.11574020981788635,0.2201412171125412,0.34458649158477783,0.6554134488105774,0.06580746918916702,0.22040235996246338,1.4901161193847656e-08,secondary descriptive measure; excluded from strict variance identity
Grocery,43,context_static,text,base_relation_r,0.9117490649223328,0.2708452641963959,0.640903890132904,0.2970612049102783,0.7029389142990112,0.17395377159118652,0.7669191956520081,-5.960464477539063e-08,secondary descriptive measure; excluded from strict variance identity
Grocery,43,context_static,text,execution_xi_step0,0.9117490649223328,0.2708452641963959,0.640903890132904,0.2970612049102783,0.7029389142990112,0.17395377159118652,0.7669191956520081,-5.960464477539063e-08,secondary descriptive measure; excluded from strict variance identity
Grocery,43,context_static,text,execution_xi_step1,0.9117490649223328,0.2708452641963959,0.640903890132904,0.2970612049102783,0.7029389142990112,0.17395378649234772,0.7669191956520081,-5.960464477539063e-08,secondary descriptive measure; excluded from strict variance identity
Grocery,43,context_static,text,operator_modulation_a_step0,0.4918622374534607,0.15061256289482117,0.3412496745586395,0.30620884895324707,0.6937911510467529,0.09747596085071564,0.41032811999320984,0.0,secondary descriptive measure; excluded from strict variance identity
Grocery,43,context_static,text,operator_modulation_a_step1,0.4918622374534607,0.15061256289482117,0.3412496745586395,0.30620884895324707,0.6937911510467529,0.09747596085071564,0.41032811999320984,0.0,secondary descriptive measure; excluded from strict variance identity
Grocery,43,context_static,text,operator_delta_message_step0,0.013552168384194374,0.005230049602687359,0.008322118781507015,0.3859197497367859,0.6140802502632141,0.003187556052580476,0.009412899613380432,0.0,secondary descriptive measure; excluded from strict variance identity
Grocery,43,context_static,text,operator_delta_message_step1,0.04054128751158714,0.015969952568411827,0.024571334943175316,0.3939182460308075,0.6060817837715149,0.009686307050287724,0.027835721150040627,0.0,secondary descriptive measure; excluded from strict variance identity
Grocery,43,context_static,visual,base_relation_r,0.878856360912323,0.2688503563404083,0.6100060343742371,0.30590933561325073,0.694090723991394,0.17343945801258087,0.7626355886459351,-5.960464477539063e-08,secondary descriptive measure; excluded from strict variance identity
Grocery,43,context_static,visual,execution_xi_step0,0.878856360912323,0.2688503563404083,0.6100060343742371,0.30590933561325073,0.694090723991394,0.17343945801258087,0.7626355886459351,-5.960464477539063e-08,secondary descriptive measure; excluded from strict variance identity
Grocery,43,context_static,visual,execution_xi_step1,0.878856360912323,0.2688503563404083,0.6100060343742371,0.30590933561325073,0.694090723991394,0.17343945801258087,0.7626355886459351,-5.960464477539063e-08,secondary descriptive measure; excluded from strict variance identity
Grocery,43,context_static,visual,operator_modulation_a_step0,0.5482838749885559,0.18218092620372772,0.3661029636859894,0.33227482438087463,0.6677252054214478,0.11870291829109192,0.4934607446193695,-2.9802322387695312e-08,secondary descriptive measure; excluded from strict variance identity
Grocery,43,context_static,visual,operator_modulation_a_step1,0.5482838749885559,0.18218092620372772,0.366102933883667,0.33227482438087463,0.667725145816803,0.11870291829109192,0.4934607446193695,0.0,secondary descriptive measure; excluded from strict variance identity
Grocery,43,context_static,visual,operator_delta_message_step0,0.02168085426092148,0.010047292336821556,0.011633564718067646,0.46341773867607117,0.5365824103355408,0.006146225146949291,0.013097424991428852,-2.7939677238464355e-09,secondary descriptive measure; excluded from strict variance identity
Grocery,43,context_static,visual,operator_delta_message_step1,0.12440167367458344,0.04263672977685928,0.08176494389772415,0.34273436665534973,0.6572656035423279,0.024474801495671272,0.07771550118923187,0.0,secondary descriptive measure; excluded from strict variance identity
Grocery,43,context_attn_dynamic,text,base_relation_r,0.9313299655914307,0.29843732714653015,0.6328925490379333,0.3204421103000641,0.6795578002929688,0.1885688155889511,0.7244734168052673,5.960464477539063e-08,secondary descriptive measure; excluded from strict variance identity
Grocery,43,context_attn_dynamic,text,execution_xi_step0,0.9545685052871704,0.2728636860847473,0.6817048788070679,0.28585028648376465,0.7141497731208801,0.17378012835979462,0.7680888772010803,-5.960464477539063e-08,secondary descriptive measure; excluded from strict variance identity
Grocery,43,context_attn_dynamic,text,execution_xi_step1,0.9559652805328369,0.26403334736824036,0.691931962966919,0.2761955261230469,0.7238044738769531,0.16744408011436462,0.7726374268531799,0.0,secondary descriptive measure; excluded from strict variance identity
Grocery,43,context_attn_dynamic,text,operator_modulation_a_step0,0.5044714212417603,0.13365820050239563,0.370813250541687,0.2649470269680023,0.7350530624389648,0.08377087861299515,0.405268132686615,-2.9802322387695312e-08,secondary descriptive measure; excluded from strict variance identity
Grocery,43,context_attn_dynamic,text,operator_modulation_a_step1,0.5050768256187439,0.1274915486574173,0.3775853216648102,0.2524200975894928,0.7475799918174744,0.07952968031167984,0.4093439280986786,-2.9802322387695312e-08,secondary descriptive measure; excluded from strict variance identity
Grocery,43,context_attn_dynamic,text,operator_delta_message_step0,0.03070417419075966,0.009382902644574642,0.021321270614862442,0.3055904507637024,0.6944094896316528,0.005727829877287149,0.02398816868662834,0.0,secondary descriptive measure; excluded from strict variance identity
Grocery,43,context_attn_dynamic,text,operator_delta_message_step1,0.06997328996658325,0.025002319365739822,0.04497096687555313,0.35731232166290283,0.6426876187324524,0.015052800066769123,0.051404837518930435,3.725290298461914e-09,secondary descriptive measure; excluded from strict variance identity
Grocery,43,context_attn_dynamic,visual,base_relation_r,0.9427417516708374,0.2803453803062439,0.6623963117599487,0.29737240076065063,0.7026275396347046,0.183328315615654,0.7611631751060486,5.960464477539063e-08,secondary descriptive measure; excluded from strict variance identity
Grocery,43,context_attn_dynamic,visual,execution_xi_step0,0.9276412129402161,0.2750977873802185,0.652543306350708,0.2965562343597412,0.7034436464309692,0.1800091713666916,0.7759237289428711,1.1920928955078125e-07,secondary descriptive measure; excluded from strict variance identity
Grocery,43,context_attn_dynamic,visual,execution_xi_step1,0.954634428024292,0.2914619743824005,0.6631724238395691,0.3053126633167267,0.6946873068809509,0.18899163603782654,0.7784537076950073,5.960464477539063e-08,secondary descriptive measure; excluded from strict variance identity
Grocery,43,context_attn_dynamic,visual,operator_modulation_a_step0,0.5027692317962646,0.16385260224342346,0.3389166295528412,0.32590022683143616,0.6740998029708862,0.1096656545996666,0.4229431450366974,0.0,secondary descriptive measure; excluded from strict variance identity
Grocery,43,context_attn_dynamic,visual,operator_modulation_a_step1,0.5288645029067993,0.17763787508010864,0.3512265682220459,0.3358854055404663,0.6641144752502441,0.11709672957658768,0.42626604437828064,5.960464477539063e-08,secondary descriptive measure; excluded from strict variance identity
Grocery,43,context_attn_dynamic,visual,operator_delta_message_step0,0.03190457448363304,0.015010080300271511,0.016894495114684105,0.4704679548740387,0.5295320749282837,0.009244334883987904,0.01998716965317726,-1.862645149230957e-09,secondary descriptive measure; excluded from strict variance identity
Grocery,43,context_attn_dynamic,visual,operator_delta_message_step1,0.17353065311908722,0.06696407496929169,0.10656659305095673,0.3858919143676758,0.6141082048416138,0.03923211619257927,0.11004919558763504,-1.4901161193847656e-08,secondary descriptive measure; excluded from strict variance identity
Grocery,43,context_bilinear_absolute,text,base_relation_r,0.8771320581436157,0.25315627455711365,0.6239757537841797,0.28861820697784424,0.7113817930221558,0.15623216331005096,0.705304741859436,0.0,secondary descriptive measure; excluded from strict variance identity
Grocery,43,context_bilinear_absolute,text,execution_xi_step0,0.9212354421615601,0.25935491919517517,0.6618804335594177,0.2815294563770294,0.7184704542160034,0.15986239910125732,0.7462106943130493,5.960464477539063e-08,secondary descriptive measure; excluded from strict variance identity
Grocery,43,context_bilinear_absolute,text,execution_xi_step1,0.9458389282226562,0.26207754015922546,0.6837614178657532,0.27708473801612854,0.7229152917861938,0.16105931997299194,0.766953706741333,-5.960464477539063e-08,secondary descriptive measure; excluded from strict variance identity
Grocery,43,context_bilinear_absolute,text,operator_modulation_a_step0,0.4758427143096924,0.13433052599430084,0.34151217341423035,0.28230026364326477,0.7176997065544128,0.08198576420545578,0.3778596818447113,2.9802322387695312e-08,secondary descriptive measure; excluded from strict variance identity
Grocery,43,context_bilinear_absolute,text,operator_modulation_a_step1,0.48111823201179504,0.1334875375032425,0.34763067960739136,0.277452677488327,0.7225472927093506,0.08126236498355865,0.3823902904987335,0.0,secondary descriptive measure; excluded from strict variance identity
Grocery,43,context_bilinear_absolute,text,operator_delta_message_step0,0.017863109707832336,0.007217941805720329,0.010645169764757156,0.404069721698761,0.5959303975105286,0.004351349547505379,0.011963319033384323,-1.862645149230957e-09,secondary descriptive measure; excluded from strict variance identity
Grocery,43,context_bilinear_absolute,text,operator_delta_message_step1,0.05168341472744942,0.02145846001803875,0.030224952846765518,0.4151904582977295,0.5848095417022705,0.012899857945740223,0.03490762040019035,1.862645149230957e-09,secondary descriptive measure; excluded from strict variance identity
Grocery,43,context_bilinear_absolute,visual,base_relation_r,0.7887383699417114,0.23636066913604736,0.5523777008056641,0.2996692955493927,0.7003307342529297,0.15281525254249573,0.6907228827476501,0.0,secondary descriptive measure; excluded from strict variance identity
Grocery,43,context_bilinear_absolute,visual,execution_xi_step0,0.851712167263031,0.244895800948143,0.6068163514137268,0.2875335216522217,0.7124664783477783,0.15799647569656372,0.7506167888641357,0.0,secondary descriptive measure; excluded from strict variance identity
Grocery,43,context_bilinear_absolute,visual,execution_xi_step1,0.8250081539154053,0.23034332692623138,0.5946648716926575,0.2792012691497803,0.7207987904548645,0.14728234708309174,0.7174635529518127,-5.960464477539063e-08,secondary descriptive measure; excluded from strict variance identity
Grocery,43,context_bilinear_absolute,visual,operator_modulation_a_step0,0.469192236661911,0.14491544663906097,0.324276864528656,0.30886155366897583,0.6911386251449585,0.09657766669988632,0.43921735882759094,-5.960464477539063e-08,secondary descriptive measure; excluded from strict variance identity
Grocery,43,context_bilinear_absolute,visual,operator_modulation_a_step1,0.45455503463745117,0.13518168032169342,0.31937333941459656,0.29739344120025635,0.7026065587997437,0.08915293961763382,0.4204491078853607,2.9802322387695312e-08,secondary descriptive measure; excluded from strict variance identity
Grocery,43,context_bilinear_absolute,visual,operator_delta_message_step0,0.025318840518593788,0.011178834363818169,0.014140008017420769,0.44152235984802246,0.5584776997566223,0.006731472909450531,0.015197918750345707,-1.862645149230957e-09,secondary descriptive measure; excluded from strict variance identity
Grocery,43,context_bilinear_absolute,visual,operator_delta_message_step1,0.14723195135593414,0.04415101930499077,0.10308092087507248,0.29987388849258423,0.700126051902771,0.024806134402751923,0.09366346895694733,7.450580596923828e-09,secondary descriptive measure; excluded from strict variance identity
Grocery,43,context_bilinear_delta,text,base_relation_r,0.9196321368217468,0.25589150190353394,0.6637406945228577,0.2782542109489441,0.7217458486557007,0.15769422054290771,0.7246565222740173,-5.960464477539063e-08,secondary descriptive measure; excluded from strict variance identity
Grocery,43,context_bilinear_delta,text,execution_xi_step0,0.9196321368217468,0.25589150190353394,0.6637406349182129,0.2782542109489441,0.7217457890510559,0.15769422054290771,0.7246565222740173,0.0,secondary descriptive measure; excluded from strict variance identity
Grocery,43,context_bilinear_delta,text,execution_xi_step1,1.0453392267227173,0.28483641147613525,0.7605027556419373,0.2724822759628296,0.7275176644325256,0.17507654428482056,0.8292812705039978,5.960464477539063e-08,secondary descriptive measure; excluded from strict variance identity
Grocery,43,context_bilinear_delta,text,operator_modulation_a_step0,0.49873337149620056,0.13927555084228516,0.3594578206539154,0.2792585492134094,0.7207414507865906,0.08519773930311203,0.3884519040584564,0.0,secondary descriptive measure; excluded from strict variance identity
Grocery,43,context_bilinear_delta,text,operator_modulation_a_step1,0.5280307531356812,0.14790496230125427,0.3801257908344269,0.28010672330856323,0.7198932766914368,0.09042899310588837,0.4109571874141693,0.0,secondary descriptive measure; excluded from strict variance identity
Grocery,43,context_bilinear_delta,text,operator_delta_message_step0,0.017493152990937233,0.007197553291916847,0.010295599699020386,0.41144973039627075,0.5885502696037292,0.0043907249346375465,0.011821235530078411,0.0,secondary descriptive measure; excluded from strict variance identity
Grocery,43,context_bilinear_delta,text,operator_delta_message_step1,0.05683569610118866,0.023841964080929756,0.03299373388290405,0.4194892644882202,0.5805107951164246,0.01448361761868,0.03882899507880211,0.0,secondary descriptive measure; excluded from strict variance identity
Grocery,43,context_bilinear_delta,visual,base_relation_r,0.9160369038581848,0.2633495330810547,0.6526873707771301,0.2874878942966461,0.7125120759010315,0.16661815345287323,0.7403898239135742,0.0,secondary descriptive measure; excluded from strict variance identity
Grocery,43,context_bilinear_delta,visual,execution_xi_step0,0.9160369038581848,0.26334959268569946,0.6526873707771301,0.2874879837036133,0.7125120759010315,0.16661815345287323,0.7403898239135742,-5.960464477539063e-08,secondary descriptive measure; excluded from strict variance identity
Grocery,43,context_bilinear_delta,visual,execution_xi_step1,1.072731614112854,0.30645182728767395,0.7662798762321472,0.2856742739677429,0.7143257856369019,0.19111761450767517,0.859978973865509,-5.960464477539063e-08,secondary descriptive measure; excluded from strict variance identity
Grocery,43,context_bilinear_delta,visual,operator_modulation_a_step0,0.5548141002655029,0.16971911489963531,0.3850949704647064,0.3059026598930359,0.6940972805023193,0.10755006968975067,0.4564301371574402,2.9802322387695312e-08,secondary descriptive measure; excluded from strict variance identity
Grocery,43,context_bilinear_delta,visual,operator_modulation_a_step1,0.6021351218223572,0.1883026361465454,0.41383251547813416,0.31272488832473755,0.6872751712799072,0.11773049086332321,0.488078773021698,-2.9802322387695312e-08,secondary descriptive measure; excluded from strict variance identity
Grocery,43,context_bilinear_delta,visual,operator_delta_message_step0,0.02443839982151985,0.011873485520482063,0.012564916163682938,0.4858536422252655,0.5141464471817017,0.007334966212511063,0.014644713141024113,-1.862645149230957e-09,secondary descriptive measure; excluded from strict variance identity
Grocery,43,context_bilinear_delta,visual,operator_delta_message_step1,0.15210306644439697,0.057376980781555176,0.0947260856628418,0.3772243559360504,0.622775673866272,0.03292018175125122,0.09139417856931686,0.0,secondary descriptive measure; excluded from strict variance identity
Grocery,44,context_static,text,base_relation_r,0.9522225260734558,0.1883937567472458,0.763828694820404,0.19784635305404663,0.8021535873413086,0.12875600159168243,0.8401458263397217,5.960464477539063e-08,secondary descriptive measure; excluded from strict variance identity
Grocery,44,context_static,text,execution_xi_step0,0.9522225260734558,0.1883937567472458,0.763828694820404,0.19784635305404663,0.8021535873413086,0.12875600159168243,0.8401458263397217,5.960464477539063e-08,secondary descriptive measure; excluded from strict variance identity
Grocery,44,context_static,text,execution_xi_step1,0.9522225260734558,0.1883937567472458,0.7638287544250488,0.19784635305404663,0.8021536469459534,0.12875600159168243,0.8401458263397217,0.0,secondary descriptive measure; excluded from strict variance identity
Grocery,44,context_static,text,operator_modulation_a_step0,0.5866810083389282,0.09672094136476517,0.48996010422706604,0.16486121714115143,0.8351388573646545,0.0664258599281311,0.5110576748847961,-2.9802322387695312e-08,secondary descriptive measure; excluded from strict variance identity
Grocery,44,context_static,text,operator_modulation_a_step1,0.5866810083389282,0.09672094136476517,0.48996010422706604,0.16486121714115143,0.8351388573646545,0.0664258599281311,0.5110577344894409,-2.9802322387695312e-08,secondary descriptive measure; excluded from strict variance identity
Grocery,44,context_static,text,operator_delta_message_step0,0.024822022765874863,0.008464659564197063,0.016357362270355225,0.3410140872001648,0.6589858531951904,0.005043302197009325,0.0172088872641325,0.0,secondary descriptive measure; excluded from strict variance identity
Grocery,44,context_static,text,operator_delta_message_step1,0.0828048512339592,0.02574736811220646,0.05705747753381729,0.31094032526016235,0.6890596151351929,0.015305815264582634,0.057439111173152924,7.450580596923828e-09,secondary descriptive measure; excluded from strict variance identity
Grocery,44,context_static,visual,base_relation_r,0.9159116148948669,0.20189715921878815,0.71401447057724,0.22043301165103912,0.7795670032501221,0.1354643553495407,0.8189313411712646,0.0,secondary descriptive measure; excluded from strict variance identity
Grocery,44,context_static,visual,execution_xi_step0,0.9159116148948669,0.20189715921878815,0.71401447057724,0.22043301165103912,0.7795670032501221,0.1354643553495407,0.8189313411712646,0.0,secondary descriptive measure; excluded from strict variance identity
Grocery,44,context_static,visual,execution_xi_step1,0.9159116148948669,0.20189715921878815,0.7140143513679504,0.22043301165103912,0.7795668840408325,0.1354643553495407,0.8189313411712646,1.1920928955078125e-07,secondary descriptive measure; excluded from strict variance identity
Grocery,44,context_static,visual,operator_modulation_a_step0,0.4915405213832855,0.11354303359985352,0.377997487783432,0.23099425435066223,0.7690057754516602,0.07656168937683105,0.4385177791118622,0.0,secondary descriptive measure; excluded from strict variance identity
Grocery,44,context_static,visual,operator_modulation_a_step1,0.4915405213832855,0.11354303359985352,0.377997487783432,0.23099425435066223,0.7690057754516602,0.07656168937683105,0.4385177791118622,0.0,secondary descriptive measure; excluded from strict variance identity
Grocery,44,context_static,visual,operator_delta_message_step0,0.020829344168305397,0.009926501661539078,0.010902841575443745,0.47656333446502686,0.5234366059303284,0.0059294444508850574,0.012801917269825935,9.313225746154785e-10,secondary descriptive measure; excluded from strict variance identity
Grocery,44,context_static,visual,operator_delta_message_step1,0.11781731992959976,0.03898769989609718,0.07882961630821228,0.33091655373573303,0.6690834164619446,0.02181389555335045,0.07575666159391403,0.0,secondary descriptive measure; excluded from strict variance identity
Grocery,44,context_attn_dynamic,text,base_relation_r,0.9441227912902832,0.2181391417980194,0.7259836196899414,0.2310495525598526,0.7689504027366638,0.1393309086561203,0.7772512435913086,0.0,secondary descriptive measure; excluded from strict variance identity
Grocery,44,context_attn_dynamic,text,execution_xi_step0,0.9423568844795227,0.20968413352966309,0.7326727509498596,0.22251032292842865,0.7774896621704102,0.1376582384109497,0.7782005667686462,0.0,secondary descriptive measure; excluded from strict variance identity
Grocery,44,context_attn_dynamic,text,execution_xi_step1,0.9439816474914551,0.1978345513343811,0.746147096157074,0.20957458019256592,0.7904254198074341,0.13162577152252197,0.7855178713798523,0.0,secondary descriptive measure; excluded from strict variance identity
Grocery,44,context_attn_dynamic,text,operator_modulation_a_step0,0.529289186000824,0.10287033766508102,0.42641884088516235,0.19435563683509827,0.8056443333625793,0.06875203549861908,0.4321187436580658,0.0,secondary descriptive measure; excluded from strict variance identity
Grocery,44,context_attn_dynamic,text,operator_modulation_a_step1,0.5372393131256104,0.0956016480922699,0.44163763523101807,0.17794983088970184,0.8220500946044922,0.06507658958435059,0.4405443072319031,2.9802322387695312e-08,secondary descriptive measure; excluded from strict variance identity
Grocery,44,context_attn_dynamic,text,operator_delta_message_step0,0.01582408882677555,0.005340792704373598,0.01048329472541809,0.33751028776168823,0.662489652633667,0.003191512543708086,0.010656616650521755,1.862645149230957e-09,secondary descriptive measure; excluded from strict variance identity
Grocery,44,context_attn_dynamic,text,operator_delta_message_step1,0.05092160403728485,0.016456451267004013,0.03446515277028084,0.32317230105400085,0.6768277287483215,0.009696452878415585,0.03348400816321373,0.0,secondary descriptive measure; excluded from strict variance identity
Grocery,44,context_attn_dynamic,visual,base_relation_r,0.9296690225601196,0.2267620712518692,0.7029069662094116,0.24391698837280273,0.7560830116271973,0.1402251124382019,0.7503446936607361,0.0,secondary descriptive measure; excluded from strict variance identity
Grocery,44,context_attn_dynamic,visual,execution_xi_step0,0.9516199827194214,0.19813698530197144,0.7534828782081604,0.20821020007133484,0.7917896509170532,0.12383394688367844,0.8098801970481873,1.1920928955078125e-07,secondary descriptive measure; excluded from strict variance identity
Grocery,44,context_attn_dynamic,visual,execution_xi_step1,0.9566371440887451,0.19542308151721954,0.761214017868042,0.2042813003063202,0.7957186698913574,0.12210933864116669,0.8137484788894653,5.960464477539063e-08,secondary descriptive measure; excluded from strict variance identity
Grocery,44,context_attn_dynamic,visual,operator_modulation_a_step0,0.5120532512664795,0.10883664339780807,0.4032166302204132,0.21254946291446686,0.7874505519866943,0.06717006862163544,0.43207594752311707,-2.9802322387695312e-08,secondary descriptive measure; excluded from strict variance identity
Grocery,44,context_attn_dynamic,visual,operator_modulation_a_step1,0.516211211681366,0.10687516629695892,0.4093360900878906,0.20703767240047455,0.7929624319076538,0.0658627450466156,0.435929536819458,-5.960464477539063e-08,secondary descriptive measure; excluded from strict variance identity
Grocery,44,context_attn_dynamic,visual,operator_delta_message_step0,0.011938013136386871,0.005121169611811638,0.006816844455897808,0.4289800524711609,0.5710200071334839,0.0030328913126140833,0.007590556051582098,-9.313225746154785e-10,secondary descriptive measure; excluded from strict variance identity
Grocery,44,context_attn_dynamic,visual,operator_delta_message_step1,0.06255237013101578,0.02000322751700878,0.04254914075136185,0.31978368759155273,0.6802163124084473,0.011090443469583988,0.04052496701478958,0.0,secondary descriptive measure; excluded from strict variance identity
Grocery,44,context_bilinear_absolute,text,base_relation_r,0.9515321850776672,0.20244111120700836,0.7490911483764648,0.21275277435779572,0.7872473001480103,0.1316593885421753,0.8159415125846863,-5.960464477539063e-08,secondary descriptive measure; excluded from strict variance identity
Grocery,44,context_bilinear_absolute,text,execution_xi_step0,1.0675160884857178,0.21300344169139862,0.854512631893158,0.19953183829784393,0.8004681468009949,0.138104647397995,0.9003846645355225,0.0,secondary descriptive measure; excluded from strict variance identity
Grocery,44,context_bilinear_absolute,text,execution_xi_step1,1.1059157848358154,0.21540413796901703,0.8905115723609924,0.19477444887161255,0.8052254915237427,0.13917408883571625,0.923977792263031,5.960464477539063e-08,secondary descriptive measure; excluded from strict variance identity
Grocery,44,context_bilinear_absolute,text,operator_modulation_a_step0,0.5803475379943848,0.10001155734062195,0.48033592104911804,0.17233045399188995,0.8276694416999817,0.06558907777070999,0.4888675808906555,5.960464477539063e-08,secondary descriptive measure; excluded from strict variance identity
Grocery,44,context_bilinear_absolute,text,operator_modulation_a_step1,0.5861437916755676,0.09951414912939072,0.4866296350955963,0.16977770626544952,0.8302223086357117,0.06515926867723465,0.49208855628967285,0.0,secondary descriptive measure; excluded from strict variance identity
Grocery,44,context_bilinear_absolute,text,operator_delta_message_step0,0.028591090813279152,0.011244106106460094,0.017346981912851334,0.39327308535575867,0.6067268252372742,0.006589596159756184,0.01947108656167984,3.725290298461914e-09,secondary descriptive measure; excluded from strict variance identity
Grocery,44,context_bilinear_absolute,text,operator_delta_message_step1,0.08883721381425858,0.03388537839055061,0.05495183542370796,0.38143226504325867,0.6185677647590637,0.019559934735298157,0.06038389727473259,0.0,secondary descriptive measure; excluded from strict variance identity
Grocery,44,context_bilinear_absolute,visual,base_relation_r,0.9554274082183838,0.21937961876392365,0.7360478639602661,0.22961410880088806,0.7703859806060791,0.14187762141227722,0.8302580714225769,-5.960464477539063e-08,secondary descriptive measure; excluded from strict variance identity
Grocery,44,context_bilinear_absolute,visual,execution_xi_step0,1.0279313325881958,0.23186247050762177,0.7960688471794128,0.2255622148513794,0.7744377851486206,0.1499721258878708,0.896781325340271,0.0,secondary descriptive measure; excluded from strict variance identity
Grocery,44,context_bilinear_absolute,visual,execution_xi_step1,1.0404473543167114,0.22828449308872223,0.8121628165245056,0.21940994262695312,0.7805899977684021,0.14718538522720337,0.904622495174408,5.960464477539063e-08,secondary descriptive measure; excluded from strict variance identity
Grocery,44,context_bilinear_absolute,visual,operator_modulation_a_step0,0.5141938924789429,0.12358739972114563,0.390606552362442,0.24035175144672394,0.7596483826637268,0.08005807548761368,0.4446079134941101,-5.960464477539063e-08,secondary descriptive measure; excluded from strict variance identity
Grocery,44,context_bilinear_absolute,visual,operator_modulation_a_step1,0.5142977237701416,0.11986718326807022,0.394430547952652,0.23306964337825775,0.7669304013252258,0.07761922478675842,0.44574761390686035,0.0,secondary descriptive measure; excluded from strict variance identity
Grocery,44,context_bilinear_absolute,visual,operator_delta_message_step0,0.02882908470928669,0.014323246665298939,0.014505837112665176,0.4968332052230835,0.5031667351722717,0.00875851046293974,0.018376410007476807,9.313225746154785e-10,secondary descriptive measure; excluded from strict variance identity
Grocery,44,context_bilinear_absolute,visual,operator_delta_message_step1,0.1679653823375702,0.05725833773612976,0.11070702970027924,0.3408936858177185,0.6591062545776367,0.03241892531514168,0.10826505720615387,1.4901161193847656e-08,secondary descriptive measure; excluded from strict variance identity
Grocery,44,context_bilinear_delta,text,base_relation_r,0.943432629108429,0.19675783812999725,0.7466748356819153,0.20855526626110077,0.7914447784423828,0.12999983131885529,0.8306116461753845,-5.960464477539063e-08,secondary descriptive measure; excluded from strict variance identity
Grocery,44,context_bilinear_delta,text,execution_xi_step0,0.943432629108429,0.19675783812999725,0.7466748356819153,0.20855526626110077,0.7914447784423828,0.12999983131885529,0.8306116461753845,-5.960464477539063e-08,secondary descriptive measure; excluded from strict variance identity
Grocery,44,context_bilinear_delta,text,execution_xi_step1,1.1624113321304321,0.22861625254154205,0.933795154094696,0.1966741383075714,0.803325891494751,0.15069764852523804,1.0215129852294922,-5.960464477539063e-08,secondary descriptive measure; excluded from strict variance identity
Grocery,44,context_bilinear_delta,text,operator_modulation_a_step0,0.5544047355651855,0.09737679362297058,0.45702794194221497,0.17564207315444946,0.8243579268455505,0.06454148143529892,0.4847342073917389,0.0,secondary descriptive measure; excluded from strict variance identity
Grocery,44,context_bilinear_delta,text,operator_modulation_a_step1,0.6185846924781799,0.10891025513410568,0.5096744298934937,0.17606361210346222,0.823936402797699,0.0723656490445137,0.5403653383255005,0.0,secondary descriptive measure; excluded from strict variance identity
Grocery,44,context_bilinear_delta,text,operator_delta_message_step0,0.013616997748613358,0.004755036905407906,0.008861960843205452,0.3491986393928528,0.6508013606071472,0.002807066310197115,0.009439289569854736,0.0,secondary descriptive measure; excluded from strict variance identity
Grocery,44,context_bilinear_delta,text,operator_delta_message_step1,0.049299951642751694,0.016352565959095955,0.032947391271591187,0.3316953778266907,0.6683047413825989,0.009625491686165333,0.033939179033041,-7.450580596923828e-09,secondary descriptive measure; excluded from strict variance identity
Grocery,44,context_bilinear_delta,visual,base_relation_r,0.8618296980857849,0.19580970704555511,0.6660199165344238,0.22720232605934143,0.7727975845336914,0.12783516943454742,0.7725639939308167,5.960464477539063e-08,secondary descriptive measure; excluded from strict variance identity
Grocery,44,context_bilinear_delta,visual,execution_xi_step0,0.8618296980857849,0.19580970704555511,0.6660199165344238,0.22720232605934143,0.7727975845336914,0.12783516943454742,0.7725639939308167,5.960464477539063e-08,secondary descriptive measure; excluded from strict variance identity
Grocery,44,context_bilinear_delta,visual,execution_xi_step1,1.0255677700042725,0.23108479380607605,0.7944828867912292,0.22532376646995544,0.7746761441230774,0.15115322172641754,0.9177582859992981,5.960464477539063e-08,secondary descriptive measure; excluded from strict variance identity
Grocery,44,context_bilinear_delta,visual,operator_modulation_a_step0,0.4368118941783905,0.10477504879236221,0.3320368230342865,0.2398630827665329,0.7601368427276611,0.06921276450157166,0.38951557874679565,2.9802322387695312e-08,secondary descriptive measure; excluded from strict variance identity
Grocery,44,context_bilinear_delta,visual,operator_modulation_a_step1,0.47687315940856934,0.11834609508514404,0.3585270643234253,0.24817101657390594,0.7518289685249329,0.07856932282447815,0.4234331250190735,0.0,secondary descriptive measure; excluded from strict variance identity
Grocery,44,context_bilinear_delta,visual,operator_delta_message_step0,0.010808257386088371,0.0052105821669101715,0.0055976747535169125,0.4820927083492279,0.5179072618484497,0.0031004748307168484,0.0066286250948905945,4.656612873077393e-10,secondary descriptive measure; excluded from strict variance identity
Grocery,44,context_bilinear_delta,visual,operator_delta_message_step1,0.06429634243249893,0.02183138206601143,0.042464956641197205,0.3395431339740753,0.6604567766189575,0.01228413637727499,0.04145021364092827,3.725290298461914e-09,secondary descriptive measure; excluded from strict variance identity
Reddit-S,42,context_static,text,base_relation_r,0.49351656436920166,0.05070997774600983,0.44280657172203064,0.10275233536958694,0.8972476124763489,0.0351703017950058,0.6236640810966492,2.9802322387695312e-08,secondary descriptive measure; excluded from strict variance identity
Reddit-S,42,context_static,text,execution_xi_step0,0.49351656436920166,0.05070997774600983,0.44280657172203064,0.10275233536958694,0.8972476124763489,0.0351703017950058,0.6236640810966492,2.9802322387695312e-08,secondary descriptive measure; excluded from strict variance identity
Reddit-S,42,context_static,text,execution_xi_step1,0.49351656436920166,0.05070997774600983,0.44280657172203064,0.10275233536958694,0.8972476124763489,0.0351703017950058,0.6236640810966492,2.9802322387695312e-08,secondary descriptive measure; excluded from strict variance identity
Reddit-S,42,context_static,text,operator_modulation_a_step0,0.24330246448516846,0.02601245418190956,0.217289999127388,0.10691405832767487,0.8930858969688416,0.01862347684800625,0.3385504484176636,1.4901161193847656e-08,secondary descriptive measure; excluded from strict variance identity
Reddit-S,42,context_static,text,operator_modulation_a_step1,0.24330246448516846,0.02601245604455471,0.217289999127388,0.10691406577825546,0.8930858969688416,0.0186234749853611,0.3385504484176636,1.4901161193847656e-08,secondary descriptive measure; excluded from strict variance identity
Reddit-S,42,context_static,text,operator_delta_message_step0,0.03479177504777908,0.007982002571225166,0.02680976875126362,0.22942210733890533,0.7705777883529663,0.005005388520658016,0.0496177077293396,3.725290298461914e-09,secondary descriptive measure; excluded from strict variance identity
Reddit-S,42,context_static,text,operator_delta_message_step1,0.16509363055229187,0.023884106427431107,0.14120952785015106,0.14467006921768188,0.8553299307823181,0.014920689165592194,0.22310715913772583,0.0,secondary descriptive measure; excluded from strict variance identity
Reddit-S,42,context_static,visual,base_relation_r,0.7140244841575623,0.0825672298669815,0.6314572691917419,0.1156364157795906,0.88436359167099,0.05148087441921234,0.7970399260520935,0.0,secondary descriptive measure; excluded from strict variance identity
Reddit-S,42,context_static,visual,execution_xi_step0,0.7140244841575623,0.0825672298669815,0.6314572691917419,0.1156364157795906,0.88436359167099,0.05148087441921234,0.7970399260520935,0.0,secondary descriptive measure; excluded from strict variance identity
Reddit-S,42,context_static,visual,execution_xi_step1,0.7140244841575623,0.0825672298669815,0.6314572691917419,0.1156364157795906,0.88436359167099,0.05148087814450264,0.7970399260520935,0.0,secondary descriptive measure; excluded from strict variance identity
Reddit-S,42,context_static,visual,operator_modulation_a_step0,0.3489047586917877,0.051366984844207764,0.29753780364990234,0.14722351729869843,0.8527765870094299,0.03124680370092392,0.4070940911769867,-2.9802322387695312e-08,secondary descriptive measure; excluded from strict variance identity
Reddit-S,42,context_static,visual,operator_modulation_a_step1,0.3489047586917877,0.051366984844207764,0.29753777384757996,0.14722351729869843,0.8527764678001404,0.03124680370092392,0.4070940911769867,0.0,secondary descriptive measure; excluded from strict variance identity
Reddit-S,42,context_static,visual,operator_delta_message_step0,0.005563404876738787,0.0007762063760310411,0.004787198267877102,0.13952001929283142,0.8604799509048462,0.0006338511593639851,0.007222326472401619,0.0,secondary descriptive measure; excluded from strict variance identity
Reddit-S,42,context_static,visual,operator_delta_message_step1,0.017169764265418053,0.0016017395537346601,0.0155680226162076,0.09328838437795639,0.9067115187644958,0.0011360731441527605,0.024270543828606606,1.862645149230957e-09,secondary descriptive measure; excluded from strict variance identity
Reddit-S,42,context_attn_dynamic,text,base_relation_r,0.6567137241363525,0.06299809366464615,0.5937156677246094,0.09592930972576141,0.9040707349777222,0.037361178547143936,0.6415551900863647,-5.960464477539063e-08,secondary descriptive measure; excluded from strict variance identity
Reddit-S,42,context_attn_dynamic,text,execution_xi_step0,0.6992638111114502,0.04658423364162445,0.6526796221733093,0.06661897152662277,0.9333810806274414,0.031131865456700325,0.7447354197502136,-5.960464477539063e-08,secondary descriptive measure; excluded from strict variance identity
Reddit-S,42,context_attn_dynamic,text,execution_xi_step1,0.6974830627441406,0.04628848657011986,0.6511945724487305,0.06636503338813782,0.9336349368095398,0.030611537396907806,0.7468506097793579,0.0,secondary descriptive measure; excluded from strict variance identity
Reddit-S,42,context_attn_dynamic,text,operator_modulation_a_step0,0.32228732109069824,0.026015833020210266,0.2962714731693268,0.08072248101234436,0.9192774891853333,0.016882579773664474,0.39383962750434875,2.9802322387695312e-08,secondary descriptive measure; excluded from strict variance identity
Reddit-S,42,context_attn_dynamic,text,operator_modulation_a_step1,0.3239656686782837,0.025994226336479187,0.2979714274406433,0.08023759722709656,0.919762372970581,0.01667017675936222,0.3976668119430542,0.0,secondary descriptive measure; excluded from strict variance identity
Reddit-S,42,context_attn_dynamic,text,operator_delta_message_step0,0.05011170357465744,0.00911943893879652,0.040992263704538345,0.18198221921920776,0.8180177807807922,0.005850132554769516,0.07108067721128464,0.0,secondary descriptive measure; excluded from strict variance identity
Reddit-S,42,context_attn_dynamic,text,operator_delta_message_step1,0.2350040078163147,0.03061090037226677,0.20439311861991882,0.13025693595409393,0.8697431087493896,0.018700508400797844,0.322847455739975,-1.4901161193847656e-08,secondary descriptive measure; excluded from strict variance identity
Reddit-S,42,context_attn_dynamic,visual,base_relation_r,0.6745599508285522,0.07978905737400055,0.5947709083557129,0.11828312277793884,0.8817169070243835,0.04536139965057373,0.6908658146858215,0.0,secondary descriptive measure; excluded from strict variance identity
Reddit-S,42,context_attn_dynamic,visual,execution_xi_step0,0.8530774712562561,0.06762426346540451,0.785453200340271,0.07927095144987106,0.9207290410995483,0.03812694177031517,0.806002676486969,0.0,secondary descriptive measure; excluded from strict variance identity
Reddit-S,42,context_attn_dynamic,visual,execution_xi_step1,0.8633922338485718,0.0702555775642395,0.7931366562843323,0.08137156814336777,0.918628454208374,0.03916928917169571,0.8214983940124512,0.0,secondary descriptive measure; excluded from strict variance identity
Reddit-S,42,context_attn_dynamic,visual,operator_modulation_a_step0,0.45192158222198486,0.03739263489842415,0.4145289659500122,0.08274142444133759,0.917258620262146,0.020073452964425087,0.4129484295845032,-2.9802322387695312e-08,secondary descriptive measure; excluded from strict variance identity
Reddit-S,42,context_attn_dynamic,visual,operator_modulation_a_step1,0.4560225307941437,0.03994469344615936,0.4160778522491455,0.0875936821103096,0.912406325340271,0.02123330347239971,0.4190237522125244,0.0,secondary descriptive measure; excluded from strict variance identity
Reddit-S,42,context_attn_dynamic,visual,operator_delta_message_step0,0.02876569889485836,0.0016546112019568682,0.027111085131764412,0.05752028524875641,0.9424796104431152,0.001205021282657981,0.022286634892225266,1.862645149230957e-09,secondary descriptive measure; excluded from strict variance identity
Reddit-S,42,context_attn_dynamic,visual,operator_delta_message_step1,0.07239477336406708,0.0029107381124049425,0.06948403269052505,0.04020646587014198,0.9597935080528259,0.0020375384483486414,0.06114121153950691,0.0,secondary descriptive measure; excluded from strict variance identity
Reddit-S,42,context_bilinear_absolute,text,base_relation_r,0.4002770185470581,0.04372045397758484,0.35655656456947327,0.10922548919916153,0.8907744884490967,0.02782679721713066,0.5269384384155273,0.0,secondary descriptive measure; excluded from strict variance identity
Reddit-S,42,context_bilinear_absolute,text,execution_xi_step0,0.4227184057235718,0.046063799411058426,0.37665462493896484,0.10897041112184525,0.8910296559333801,0.02920428290963173,0.5662270188331604,-2.9802322387695312e-08,secondary descriptive measure; excluded from strict variance identity
Reddit-S,42,context_bilinear_absolute,text,execution_xi_step1,0.4420269727706909,0.04814329370856285,0.39388370513916016,0.1089148297905922,0.8910852074623108,0.03043520450592041,0.5976225733757019,-2.9802322387695312e-08,secondary descriptive measure; excluded from strict variance identity
Reddit-S,42,context_bilinear_absolute,text,operator_modulation_a_step0,0.20678608119487762,0.02244611084461212,0.1843399554491043,0.10854749381542206,0.891452431678772,0.014628450386226177,0.3104493021965027,1.4901161193847656e-08,secondary descriptive measure; excluded from strict variance identity
Reddit-S,42,context_bilinear_absolute,text,operator_modulation_a_step1,0.20577478408813477,0.02266443707048893,0.1831103414297104,0.11014195531606674,0.8898580074310303,0.014807222411036491,0.3159182071685791,0.0,secondary descriptive measure; excluded from strict variance identity
Reddit-S,42,context_bilinear_absolute,text,operator_delta_message_step0,0.05987374484539032,0.017284465953707695,0.042589280754327774,0.28868189454078674,0.7113181352615356,0.010360101237893105,0.08212904632091522,-3.725290298461914e-09,secondary descriptive measure; excluded from strict variance identity
Reddit-S,42,context_bilinear_absolute,text,operator_delta_message_step1,0.3172086179256439,0.043752338737249374,0.27345630526542664,0.13792923092842102,0.8620708584785461,0.025253215804696083,0.400174617767334,-2.9802322387695312e-08,secondary descriptive measure; excluded from strict variance identity
Reddit-S,42,context_bilinear_absolute,visual,base_relation_r,0.6331052184104919,0.07842455059289932,0.5546807646751404,0.12387285381555557,0.876127302646637,0.04919295758008957,0.7060154676437378,-1.1920928955078125e-07,secondary descriptive measure; excluded from strict variance identity
Reddit-S,42,context_bilinear_absolute,visual,execution_xi_step0,0.7219578623771667,0.08759868144989014,0.6343591809272766,0.12133489549160004,0.8786650896072388,0.05427301675081253,0.819087028503418,0.0,secondary descriptive measure; excluded from strict variance identity
Reddit-S,42,context_bilinear_absolute,visual,execution_xi_step1,0.7132217288017273,0.08390327543020248,0.629318356513977,0.11763981729745865,0.88236004114151,0.051873914897441864,0.811704695224762,1.1920928955078125e-07,secondary descriptive measure; excluded from strict variance identity
Reddit-S,42,context_bilinear_absolute,visual,operator_modulation_a_step0,0.3820613622665405,0.05788014084100723,0.3241811990737915,0.1514943540096283,0.8485055565834045,0.03569274768233299,0.4375048875808716,2.9802322387695312e-08,secondary descriptive measure; excluded from strict variance identity
Reddit-S,42,context_bilinear_absolute,visual,operator_modulation_a_step1,0.3823849856853485,0.05592769384384155,0.32645732164382935,0.14626017212867737,0.8537399172782898,0.034295354038476944,0.43613675236701965,-2.9802322387695312e-08,secondary descriptive measure; excluded from strict variance identity
Reddit-S,42,context_bilinear_absolute,visual,operator_delta_message_step0,0.022966310381889343,0.003323967568576336,0.019642341881990433,0.14473232626914978,0.8552676439285278,0.0025921030901372433,0.027170680463314056,0.0,secondary descriptive measure; excluded from strict variance identity
Reddit-S,42,context_bilinear_absolute,visual,operator_delta_message_step1,0.0721246749162674,0.007040832191705704,0.06508384644985199,0.09762029349803925,0.9023797512054443,0.004993552342057228,0.09362217783927917,0.0,secondary descriptive measure; excluded from strict variance identity
Reddit-S,42,context_bilinear_delta,text,base_relation_r,0.39688533544540405,0.04350236803293228,0.35338297486305237,0.10960941016674042,0.8903906345367432,0.02786833979189396,0.5249598622322083,0.0,secondary descriptive measure; excluded from strict variance identity
Reddit-S,42,context_bilinear_delta,text,execution_xi_step0,0.39688533544540405,0.04350236803293228,0.35338297486305237,0.10960941016674042,0.8903906345367432,0.02786833979189396,0.5249598622322083,0.0,secondary descriptive measure; excluded from strict variance identity
Reddit-S,42,context_bilinear_delta,text,execution_xi_step1,0.43728506565093994,0.04812038689851761,0.3891647160053253,0.11004351824522018,0.8899565935134888,0.030733373016119003,0.603377103805542,-2.9802322387695312e-08,secondary descriptive measure; excluded from strict variance identity
Reddit-S,42,context_bilinear_delta,text,operator_modulation_a_step0,0.20495253801345825,0.022082770243287086,0.18286976218223572,0.10774577409029007,0.8922541737556458,0.01449782494455576,0.3037053942680359,0.0,secondary descriptive measure; excluded from strict variance identity
Reddit-S,42,context_bilinear_delta,text,operator_modulation_a_step1,0.2010696828365326,0.022706950083374977,0.17836272716522217,0.11293075233697891,0.8870692253112793,0.01493659894913435,0.3161867558956146,0.0,secondary descriptive measure; excluded from strict variance identity
Reddit-S,42,context_bilinear_delta,text,operator_delta_message_step0,0.058753374963998795,0.016985619440674782,0.04176775738596916,0.28910031914711,0.7108997106552124,0.01026574894785881,0.0796276405453682,-3.725290298461914e-09,secondary descriptive measure; excluded from strict variance identity
Reddit-S,42,context_bilinear_delta,text,operator_delta_message_step1,0.3099512755870819,0.043399401009082794,0.2665518820285797,0.14002007246017456,0.8599799275398254,0.025171766057610512,0.39506834745407104,0.0,secondary descriptive measure; excluded from strict variance identity
Reddit-S,42,context_bilinear_delta,visual,base_relation_r,0.6245516538619995,0.07783476263284683,0.5467169284820557,0.12462501972913742,0.8753750324249268,0.04910268634557724,0.6981573700904846,-5.960464477539063e-08,secondary descriptive measure; excluded from strict variance identity
Reddit-S,42,context_bilinear_delta,visual,execution_xi_step0,0.6245516538619995,0.07783476263284683,0.5467169284820557,0.12462501972913742,0.8753750324249268,0.04910268634557724,0.6981573700904846,-5.960464477539063e-08,secondary descriptive measure; excluded from strict variance identity
Reddit-S,42,context_bilinear_delta,visual,execution_xi_step1,0.8153306841850281,0.10408332198858261,0.7112473249435425,0.12765780091285706,0.8723421692848206,0.06504742056131363,0.9341773986816406,5.960464477539063e-08,secondary descriptive measure; excluded from strict variance identity
Reddit-S,42,context_bilinear_delta,visual,operator_modulation_a_step0,0.3547893762588501,0.05235733464360237,0.3024320602416992,0.14757300913333893,0.852427065372467,0.03326237201690674,0.4059235155582428,-2.9802322387695312e-08,secondary descriptive measure; excluded from strict variance identity
Reddit-S,42,context_bilinear_delta,visual,operator_modulation_a_step1,0.39162731170654297,0.06226741522550583,0.32935988903045654,0.1589966118335724,0.8410033583641052,0.039263539016246796,0.45301130414009094,0.0,secondary descriptive measure; excluded from strict variance identity
Reddit-S,42,context_bilinear_delta,visual,operator_delta_message_step0,0.021819978952407837,0.0030896253883838654,0.01873035356402397,0.14159616827964783,0.8584038615226746,0.0023956752847880125,0.02473153918981552,0.0,secondary descriptive measure; excluded from strict variance identity
Reddit-S,42,context_bilinear_delta,visual,operator_delta_message_step1,0.07330913096666336,0.007484738249331713,0.06582438945770264,0.10209830850362778,0.8979016542434692,0.005326215643435717,0.09365122020244598,0.0,secondary descriptive measure; excluded from strict variance identity
Reddit-S,43,context_static,text,base_relation_r,0.9185777306556702,0.049310170114040375,0.8692675232887268,0.05368099734187126,0.9463189840316772,0.030123770236968994,0.9319806098937988,5.960464477539063e-08,secondary descriptive measure; excluded from strict variance identity
Reddit-S,43,context_static,text,execution_xi_step0,0.9185777306556702,0.049310170114040375,0.8692675232887268,0.05368099734187126,0.9463189840316772,0.030123770236968994,0.9319806098937988,5.960464477539063e-08,secondary descriptive measure; excluded from strict variance identity
Reddit-S,43,context_static,text,execution_xi_step1,0.9185777306556702,0.049310170114040375,0.8692675232887268,0.05368099734187126,0.9463189840316772,0.030123770236968994,0.9319806098937988,5.960464477539063e-08,secondary descriptive measure; excluded from strict variance identity
Reddit-S,43,context_static,text,operator_modulation_a_step0,0.5264122486114502,0.026415172964334488,0.49999698996543884,0.050179630517959595,0.9498202204704285,0.015044345520436764,0.5555666089057922,8.940696716308594e-08,secondary descriptive measure; excluded from strict variance identity
Reddit-S,43,context_static,text,operator_modulation_a_step1,0.5264122486114502,0.026415172964334488,0.49999698996543884,0.050179630517959595,0.9498202204704285,0.015044345520436764,0.5555665493011475,8.940696716308594e-08,secondary descriptive measure; excluded from strict variance identity
Reddit-S,43,context_static,text,operator_delta_message_step0,0.13929900527000427,0.01515608187764883,0.12414293736219406,0.10880251228809357,0.8911975622177124,0.00986012164503336,0.13680781424045563,-1.4901161193847656e-08,secondary descriptive measure; excluded from strict variance identity
Reddit-S,43,context_static,text,operator_delta_message_step1,0.5658335089683533,0.03691651672124863,0.5289170145988464,0.0652427226305008,0.9347572922706604,0.02231929823756218,0.5463936924934387,0.0,secondary descriptive measure; excluded from strict variance identity
Reddit-S,43,context_static,visual,base_relation_r,0.9615915417671204,0.06387583911418915,0.89771568775177,0.06642720848321915,0.9335727691650391,0.04446806386113167,0.9399253726005554,0.0,secondary descriptive measure; excluded from strict variance identity
Reddit-S,43,context_static,visual,execution_xi_step0,0.9615915417671204,0.06387583911418915,0.8977157473564148,0.06642720848321915,0.9335728287696838,0.04446806386113167,0.9399253726005554,-5.960464477539063e-08,secondary descriptive measure; excluded from strict variance identity
Reddit-S,43,context_static,visual,execution_xi_step1,0.9615915417671204,0.06387583166360855,0.89771568775177,0.06642720103263855,0.9335727691650391,0.04446806386113167,0.9399253726005554,0.0,secondary descriptive measure; excluded from strict variance identity
Reddit-S,43,context_static,visual,operator_modulation_a_step0,0.6452305912971497,0.03693431243300438,0.608296275138855,0.05724203586578369,0.9427579641342163,0.02631109394133091,0.6363793611526489,0.0,secondary descriptive measure; excluded from strict variance identity
Reddit-S,43,context_static,visual,operator_modulation_a_step1,0.6452305912971497,0.03693431243300438,0.608296275138855,0.05724203586578369,0.9427579641342163,0.02631109394133091,0.6363793611526489,0.0,secondary descriptive measure; excluded from strict variance identity
Reddit-S,43,context_static,visual,operator_delta_message_step0,0.051199767738580704,0.00575806712731719,0.04544169828295708,0.11246275901794434,0.8875371813774109,0.003917847294360399,0.04143604636192322,3.725290298461914e-09,secondary descriptive measure; excluded from strict variance identity
Reddit-S,43,context_static,visual,operator_delta_message_step1,0.1310746967792511,0.010904723778367043,0.1201699823141098,0.08319472521543503,0.9168053269386292,0.0071506258100271225,0.11613491177558899,-7.450580596923828e-09,secondary descriptive measure; excluded from strict variance identity
Reddit-S,43,context_attn_dynamic,text,base_relation_r,0.8092371225357056,0.052448663860559464,0.7567885518074036,0.06481248140335083,0.9351876378059387,0.03820295259356499,0.8617749214172363,-1.1920928955078125e-07,secondary descriptive measure; excluded from strict variance identity
Reddit-S,43,context_attn_dynamic,text,execution_xi_step0,0.9241828322410583,0.054870493710041046,0.8693122863769531,0.05937190353870392,0.9406280517578125,0.03919730335474014,0.9333469271659851,5.960464477539063e-08,secondary descriptive measure; excluded from strict variance identity
Reddit-S,43,context_attn_dynamic,text,execution_xi_step1,0.921875,0.05307997763156891,0.8687949180603027,0.057578280568122864,0.9424216151237488,0.03761517256498337,0.9324888586997986,1.1920928955078125e-07,secondary descriptive measure; excluded from strict variance identity
Reddit-S,43,context_attn_dynamic,text,operator_modulation_a_step0,0.476605087518692,0.02631874568760395,0.4502863585948944,0.05522128567099571,0.9447787404060364,0.01805027201771736,0.4951115846633911,-2.9802322387695312e-08,secondary descriptive measure; excluded from strict variance identity
Reddit-S,43,context_attn_dynamic,text,operator_modulation_a_step1,0.47699588537216187,0.025265242904424667,0.4517306983470917,0.05296742171049118,0.9470326900482178,0.017185965552926064,0.4975910186767578,-5.960464477539063e-08,secondary descriptive measure; excluded from strict variance identity
Reddit-S,43,context_attn_dynamic,text,operator_delta_message_step0,0.10785811394453049,0.012259095907211304,0.09559901803731918,0.11365947127342224,0.8863405585289001,0.008076716214418411,0.11063302308320999,0.0,secondary descriptive measure; excluded from strict variance identity
Reddit-S,43,context_attn_dynamic,text,operator_delta_message_step1,0.40609195828437805,0.032928116619586945,0.3731638193130493,0.08108536899089813,0.9189145565032959,0.02159937471151352,0.40824273228645325,2.9802322387695312e-08,secondary descriptive measure; excluded from strict variance identity
Reddit-S,43,context_attn_dynamic,visual,base_relation_r,0.8304649591445923,0.08701885491609573,0.7434461116790771,0.10478329658508301,0.895216703414917,0.06009677052497864,0.8471720218658447,0.0,secondary descriptive measure; excluded from strict variance identity
Reddit-S,43,context_attn_dynamic,visual,execution_xi_step0,0.8685956001281738,0.08997789025306702,0.778617799282074,0.10359008610248566,0.8964100480079651,0.05868915468454361,0.8799614310264587,-5.960464477539063e-08,secondary descriptive measure; excluded from strict variance identity
Reddit-S,43,context_attn_dynamic,visual,execution_xi_step1,0.828632116317749,0.09890258312225342,0.7297295928001404,0.11935644596815109,0.8806436061859131,0.06251528114080429,0.8542935252189636,-5.960464477539063e-08,secondary descriptive measure; excluded from strict variance identity
Reddit-S,43,context_attn_dynamic,visual,operator_modulation_a_step0,0.5014137625694275,0.05340878292918205,0.4480050206184387,0.10651639103889465,0.8934836983680725,0.03554879501461983,0.5032739639282227,-2.9802322387695312e-08,secondary descriptive measure; excluded from strict variance identity
Reddit-S,43,context_attn_dynamic,visual,operator_modulation_a_step1,0.4691985249519348,0.05704464390873909,0.41215381026268005,0.12157890945672989,0.8784209489822388,0.03668767213821411,0.484931617975235,5.960464477539063e-08,secondary descriptive measure; excluded from strict variance identity
Reddit-S,43,context_attn_dynamic,visual,operator_delta_message_step0,0.03020698018372059,0.0034175014588981867,0.026789478957653046,0.11313614994287491,0.8868638277053833,0.002313783159479499,0.026581905782222748,0.0,secondary descriptive measure; excluded from strict variance identity
Reddit-S,43,context_attn_dynamic,visual,operator_delta_message_step1,0.07633251696825027,0.00681789917871356,0.06951460987329483,0.0893184095621109,0.9106814861297607,0.004482949618250132,0.06431449204683304,7.450580596923828e-09,secondary descriptive measure; excluded from strict variance identity
Reddit-S,43,context_bilinear_absolute,text,base_relation_r,0.9166319966316223,0.04229743033647537,0.8743345141410828,0.04614439606666565,0.953855574131012,0.026660721749067307,0.9317232966423035,5.960464477539063e-08,secondary descriptive measure; excluded from strict variance identity
Reddit-S,43,context_bilinear_absolute,text,execution_xi_step0,1.1269176006317139,0.04488153010606766,1.082036018371582,0.039826806634664536,0.9601731300354004,0.02813943661749363,1.1261228322982788,0.0,secondary descriptive measure; excluded from strict variance identity
Reddit-S,43,context_bilinear_absolute,text,execution_xi_step1,1.1924630403518677,0.045330531895160675,1.147132396697998,0.03801420331001282,0.96198570728302,0.028301140293478966,1.1781655550003052,1.1920928955078125e-07,secondary descriptive measure; excluded from strict variance identity
Reddit-S,43,context_bilinear_absolute,text,operator_modulation_a_step0,0.5631063580513,0.02178315259516239,0.5413232445716858,0.03868390619754791,0.9613161683082581,0.012933139689266682,0.5872980356216431,-5.960464477539063e-08,secondary descriptive measure; excluded from strict variance identity
Reddit-S,43,context_bilinear_absolute,text,operator_modulation_a_step1,0.573887825012207,0.02150142565369606,0.5523864030838013,0.037466250360012054,0.9625337719917297,0.012761685065925121,0.5949827432632446,0.0,secondary descriptive measure; excluded from strict variance identity
Reddit-S,43,context_bilinear_absolute,text,operator_delta_message_step0,0.16756229102611542,0.015792740508913994,0.15176956355571747,0.09424997121095657,0.9057500958442688,0.010070282965898514,0.1613015979528427,-1.4901161193847656e-08,secondary descriptive measure; excluded from strict variance identity
Reddit-S,43,context_bilinear_absolute,text,operator_delta_message_step1,0.6816503405570984,0.03658316284418106,0.6450671553611755,0.053668517619371414,0.9463314414024353,0.022268719971179962,0.6424202919006348,0.0,secondary descriptive measure; excluded from strict variance identity
Reddit-S,43,context_bilinear_absolute,visual,base_relation_r,0.9547625184059143,0.05355667695403099,0.901205837726593,0.05609424039721489,0.943905770778656,0.03896442800760269,0.9442157745361328,0.0,secondary descriptive measure; excluded from strict variance identity
Reddit-S,43,context_bilinear_absolute,visual,execution_xi_step0,1.2544329166412354,0.0577748604118824,1.1966581344604492,0.046056557446718216,0.9539434909820557,0.042362045496702194,1.220429539680481,-1.1920928955078125e-07,secondary descriptive measure; excluded from strict variance identity
Reddit-S,43,context_bilinear_absolute,visual,execution_xi_step1,1.2107471227645874,0.05584166198968887,1.1549055576324463,0.04612165689468384,0.9538784027099609,0.04091619700193405,1.1825339794158936,-1.1920928955078125e-07,secondary descriptive measure; excluded from strict variance identity
Reddit-S,43,context_bilinear_absolute,visual,operator_modulation_a_step0,0.6805189847946167,0.029159914702177048,0.6513590216636658,0.042849525809288025,0.957150399684906,0.022513162344694138,0.664933979511261,5.960464477539063e-08,secondary descriptive measure; excluded from strict variance identity
Reddit-S,43,context_bilinear_absolute,visual,operator_modulation_a_step1,0.6671434044837952,0.027672743424773216,0.6394706964492798,0.041479453444480896,0.9585205912590027,0.02170601859688759,0.6514763236045837,-5.960464477539063e-08,secondary descriptive measure; excluded from strict variance identity
Reddit-S,43,context_bilinear_absolute,visual,operator_delta_message_step0,0.061348021030426025,0.006513962522149086,0.05483406409621239,0.10618048161268234,0.8938196301460266,0.004450642969459295,0.0502246655523777,-3.725290298461914e-09,secondary descriptive measure; excluded from strict variance identity
Reddit-S,43,context_bilinear_absolute,visual,operator_delta_message_step1,0.14876385033130646,0.011857372708618641,0.1369064748287201,0.07970600575208664,0.9202939867973328,0.007661848794668913,0.13699714839458466,0.0,secondary descriptive measure; excluded from strict variance identity
Reddit-S,43,context_bilinear_delta,text,base_relation_r,0.9154213666915894,0.0405246876180172,0.8748967051506042,0.0442688912153244,0.9557311534881592,0.026143459603190422,0.9364147782325745,0.0,secondary descriptive measure; excluded from strict variance identity
Reddit-S,43,context_bilinear_delta,text,execution_xi_step0,0.9154213666915894,0.0405246876180172,0.8748966455459595,0.0442688912153244,0.9557310938835144,0.026143459603190422,0.9364147782325745,5.960464477539063e-08,secondary descriptive measure; excluded from strict variance identity
Reddit-S,43,context_bilinear_delta,text,execution_xi_step1,1.1273449659347534,0.04412738233804703,1.0832176208496094,0.03914275020360947,0.9608572721481323,0.028572015464305878,1.1437638998031616,0.0,secondary descriptive measure; excluded from strict variance identity
Reddit-S,43,context_bilinear_delta,text,operator_modulation_a_step0,0.5318713784217834,0.020622113719582558,0.511249303817749,0.03877274692058563,0.9612273573875427,0.012668423354625702,0.5636515617370605,-5.960464477539063e-08,secondary descriptive measure; excluded from strict variance identity
Reddit-S,43,context_bilinear_delta,text,operator_modulation_a_step1,0.5743131637573242,0.021273741498589516,0.5530394315719604,0.03704205900430679,0.9629579782485962,0.01297274511307478,0.6062451004981995,0.0,secondary descriptive measure; excluded from strict variance identity
Reddit-S,43,context_bilinear_delta,text,operator_delta_message_step0,0.19190120697021484,0.01765088550746441,0.17425031960010529,0.091979019343853,0.9080209732055664,0.011599304154515266,0.18379035592079163,0.0,secondary descriptive measure; excluded from strict variance identity
Reddit-S,43,context_bilinear_delta,text,operator_delta_message_step1,0.853472113609314,0.03913874924182892,0.8143332600593567,0.04585826396942139,0.9541416168212891,0.02449212595820427,0.8009563088417053,1.1920928955078125e-07,secondary descriptive measure; excluded from strict variance identity
Reddit-S,43,context_bilinear_delta,visual,base_relation_r,0.9675338864326477,0.06124617159366608,0.9062877297401428,0.06330131739377975,0.9366986751556396,0.03887967765331268,0.9459927082061768,0.0,secondary descriptive measure; excluded from strict variance identity
Reddit-S,43,context_bilinear_delta,visual,execution_xi_step0,0.9675338864326477,0.06124617159366608,0.9062877297401428,0.06330131739377975,0.9366986751556396,0.03887967765331268,0.9459927082061768,0.0,secondary descriptive measure; excluded from strict variance identity
Reddit-S,43,context_bilinear_delta,visual,execution_xi_step1,1.4187631607055664,0.08127864450216293,1.33748459815979,0.057288382202386856,0.9427116513252258,0.05170735344290733,1.3698711395263672,-1.1920928955078125e-07,secondary descriptive measure; excluded from strict variance identity
Reddit-S,43,context_bilinear_delta,visual,operator_modulation_a_step0,0.6545411944389343,0.035409606993198395,0.6191315650939941,0.05409836396574974,0.94590163230896,0.02259361743927002,0.6475043892860413,0.0,secondary descriptive measure; excluded from strict variance identity
Reddit-S,43,context_bilinear_delta,visual,operator_modulation_a_step1,0.7269114255905151,0.039908330887556076,0.6870031356811523,0.054901231080293655,0.9450988173484802,0.025873832404613495,0.7134642004966736,-5.960464477539063e-08,secondary descriptive measure; excluded from strict variance identity
Reddit-S,43,context_bilinear_delta,visual,operator_delta_message_step0,0.06390003859996796,0.00744204455986619,0.0564579963684082,0.11646384745836258,0.883536159992218,0.0050257788971066475,0.05341051518917084,-3.725290298461914e-09,secondary descriptive measure; excluded from strict variance identity
Reddit-S,43,context_bilinear_delta,visual,operator_delta_message_step1,0.18233488500118256,0.015513178892433643,0.16682168841362,0.08508069813251495,0.9149191975593567,0.009980115108191967,0.166302889585495,1.4901161193847656e-08,secondary descriptive measure; excluded from strict variance identity
Reddit-S,44,context_static,text,base_relation_r,0.7651324272155762,0.04156339168548584,0.7235690355300903,0.05432182922959328,0.945678174495697,0.029491037130355835,0.8741299510002136,0.0,secondary descriptive measure; excluded from strict variance identity
Reddit-S,44,context_static,text,execution_xi_step0,0.7651324272155762,0.04156339168548584,0.7235690355300903,0.05432182922959328,0.945678174495697,0.029491037130355835,0.8741299510002136,0.0,secondary descriptive measure; excluded from strict variance identity
Reddit-S,44,context_static,text,execution_xi_step1,0.7651324272155762,0.04156339168548584,0.7235690355300903,0.05432182922959328,0.945678174495697,0.029491037130355835,0.8741299510002136,0.0,secondary descriptive measure; excluded from strict variance identity
Reddit-S,44,context_static,text,operator_modulation_a_step0,0.48585572838783264,0.022735238075256348,0.4631204903125763,0.04679421707987785,0.9532057642936707,0.016635412350296974,0.5319344401359558,0.0,secondary descriptive measure; excluded from strict variance identity
Reddit-S,44,context_static,text,operator_modulation_a_step1,0.48585572838783264,0.022735238075256348,0.4631204903125763,0.04679421707987785,0.9532057642936707,0.016635412350296974,0.5319344401359558,0.0,secondary descriptive measure; excluded from strict variance identity
Reddit-S,44,context_static,text,operator_delta_message_step0,0.08251354843378067,0.010685824789106846,0.0718277245759964,0.12950387597084045,0.8704961538314819,0.006495465058833361,0.08742814511060715,0.0,secondary descriptive measure; excluded from strict variance identity
Reddit-S,44,context_static,text,operator_delta_message_step1,0.24719151854515076,0.025303594768047333,0.22188791632652283,0.10236433148384094,0.8976356387138367,0.015917986631393433,0.3072222173213959,0.0,secondary descriptive measure; excluded from strict variance identity
Reddit-S,44,context_static,visual,base_relation_r,0.7601824998855591,0.047011032700538635,0.7131714820861816,0.06184177100658417,0.9381582736968994,0.033763445913791656,0.8712930679321289,0.0,secondary descriptive measure; excluded from strict variance identity
Reddit-S,44,context_static,visual,execution_xi_step0,0.7601824998855591,0.047011032700538635,0.7131714820861816,0.06184177100658417,0.9381582736968994,0.033763445913791656,0.8712930679321289,0.0,secondary descriptive measure; excluded from strict variance identity
Reddit-S,44,context_static,visual,execution_xi_step1,0.7601824998855591,0.047011032700538635,0.7131714820861816,0.06184177100658417,0.9381582736968994,0.033763445913791656,0.8712930679321289,0.0,secondary descriptive measure; excluded from strict variance identity
Reddit-S,44,context_static,visual,operator_modulation_a_step0,0.44665971398353577,0.027420159429311752,0.4192395508289337,0.06138937175273895,0.9386106133460999,0.018929481506347656,0.5195114016532898,0.0,secondary descriptive measure; excluded from strict variance identity
Reddit-S,44,context_static,visual,operator_modulation_a_step1,0.44665971398353577,0.027420159429311752,0.4192395508289337,0.06138937175273895,0.9386106133460999,0.018929481506347656,0.5195114016532898,0.0,secondary descriptive measure; excluded from strict variance identity
Reddit-S,44,context_static,visual,operator_delta_message_step0,0.01605222374200821,0.0019572372548282146,0.014094986952841282,0.1219293549656868,0.8780706524848938,0.0014485565479844809,0.0149512505158782,-9.313225746154785e-10,secondary descriptive measure; excluded from strict variance identity
Reddit-S,44,context_static,visual,operator_delta_message_step1,0.042512889951467514,0.003700429340824485,0.038812458515167236,0.08704252541065216,0.9129574298858643,0.0027241790667176247,0.04087520390748978,3.725290298461914e-09,secondary descriptive measure; excluded from strict variance identity
Reddit-S,44,context_attn_dynamic,text,base_relation_r,0.658250629901886,0.04642549157142639,0.611825168132782,0.07052859663963318,0.9294714331626892,0.033358149230480194,0.7250646352767944,-5.960464477539063e-08,secondary descriptive measure; excluded from strict variance identity
Reddit-S,44,context_attn_dynamic,text,execution_xi_step0,0.7775723934173584,0.03858942911028862,0.7389829158782959,0.049628086388111115,0.9503718614578247,0.028353547677397728,0.8467820882797241,5.960464477539063e-08,secondary descriptive measure; excluded from strict variance identity
Reddit-S,44,context_attn_dynamic,text,execution_xi_step1,0.7667943835258484,0.04269833490252495,0.7240960597991943,0.055684205144643784,0.9443157911300659,0.02954867109656334,0.8312728404998779,0.0,secondary descriptive measure; excluded from strict variance identity
Reddit-S,44,context_attn_dynamic,text,operator_modulation_a_step0,0.4383403956890106,0.018171682953834534,0.4201687276363373,0.04145564138889313,0.9585443735122681,0.013649484142661095,0.48711657524108887,-2.9802322387695312e-08,secondary descriptive measure; excluded from strict variance identity
Reddit-S,44,context_attn_dynamic,text,operator_modulation_a_step1,0.43014049530029297,0.019054973497986794,0.4110855162143707,0.04429941624403,0.9557005763053894,0.013627731241285801,0.47326233983039856,0.0,secondary descriptive measure; excluded from strict variance identity
Reddit-S,44,context_attn_dynamic,text,operator_delta_message_step0,0.09819954633712769,0.009426625445485115,0.08877291530370712,0.09599459171295166,0.9040053486824036,0.006075527984648943,0.10060486942529678,7.450580596923828e-09,secondary descriptive measure; excluded from strict variance identity
Reddit-S,44,context_attn_dynamic,text,operator_delta_message_step1,0.3033565878868103,0.02407972514629364,0.27927687764167786,0.07937762141227722,0.9206224083900452,0.016031552106142044,0.34498944878578186,-2.9802322387695312e-08,secondary descriptive measure; excluded from strict variance identity
Reddit-S,44,context_attn_dynamic,visual,base_relation_r,0.8210375905036926,0.09419435262680054,0.7268432974815369,0.1147259920835495,0.8852740526199341,0.05589018017053604,0.810965895652771,-5.960464477539063e-08,secondary descriptive measure; excluded from strict variance identity
Reddit-S,44,context_attn_dynamic,visual,execution_xi_step0,0.8664650321006775,0.04631767049431801,0.8201473355293274,0.0534559041261673,0.9465440511703491,0.040423568338155746,0.8886158466339111,0.0,secondary descriptive measure; excluded from strict variance identity
Reddit-S,44,context_attn_dynamic,visual,execution_xi_step1,0.8688622713088989,0.04717138037085533,0.8216909766197205,0.054290976375341415,0.9457091093063354,0.04033607244491577,0.8887972235679626,-5.960464477539063e-08,secondary descriptive measure; excluded from strict variance identity
Reddit-S,44,context_attn_dynamic,visual,operator_modulation_a_step0,0.4718165993690491,0.02748330682516098,0.4443332552909851,0.058249980211257935,0.9417499303817749,0.023267630487680435,0.4945548474788666,2.9802322387695312e-08,secondary descriptive measure; excluded from strict variance identity
Reddit-S,44,context_attn_dynamic,visual,operator_modulation_a_step1,0.47250086069107056,0.02748030796647072,0.44502055644989014,0.058159276843070984,0.9418407082557678,0.023082062602043152,0.4942473769187927,0.0,secondary descriptive measure; excluded from strict variance identity
Reddit-S,44,context_attn_dynamic,visual,operator_delta_message_step0,0.02362067624926567,0.00242075277492404,0.021199923008680344,0.10248447954654694,0.8975154757499695,0.0018469772767275572,0.02158692665398121,0.0,secondary descriptive measure; excluded from strict variance identity
Reddit-S,44,context_attn_dynamic,visual,operator_delta_message_step1,0.06359677761793137,0.004477056674659252,0.05911971628665924,0.07039754092693329,0.9296023845672607,0.0035655174870043993,0.05816441774368286,3.725290298461914e-09,secondary descriptive measure; excluded from strict variance identity
Reddit-S,44,context_bilinear_absolute,text,base_relation_r,0.7613362073898315,0.04074425995349884,0.7205919623374939,0.053516775369644165,0.9464832544326782,0.027856357395648956,0.8640328049659729,0.0,secondary descriptive measure; excluded from strict variance identity
Reddit-S,44,context_bilinear_absolute,text,execution_xi_step0,0.8773595094680786,0.0439334511756897,0.8334261178970337,0.05007462948560715,0.949925422668457,0.03010687790811062,0.9679842591285706,-5.960464477539063e-08,secondary descriptive measure; excluded from strict variance identity
Reddit-S,44,context_bilinear_absolute,text,execution_xi_step1,0.9663124084472656,0.04595866799354553,0.9203537106513977,0.04756087809801102,0.9524390697479248,0.03174496069550514,1.0699111223220825,5.960464477539063e-08,secondary descriptive measure; excluded from strict variance identity
Reddit-S,44,context_bilinear_absolute,text,operator_modulation_a_step0,0.5109363198280334,0.021550945937633514,0.4893853962421417,0.04217932000756264,0.95782071352005,0.015528148971498013,0.5470922589302063,-2.9802322387695312e-08,secondary descriptive measure; excluded from strict variance identity
Reddit-S,44,context_bilinear_absolute,text,operator_modulation_a_step1,0.5294641852378845,0.021512266248464584,0.5079519748687744,0.04063025861978531,0.9593698382377625,0.01573558710515499,0.5645737648010254,-5.960464477539063e-08,secondary descriptive measure; excluded from strict variance identity
Reddit-S,44,context_bilinear_absolute,text,operator_delta_message_step0,0.09152236580848694,0.01104685664176941,0.08047550916671753,0.12070117145776749,0.8792988061904907,0.006663897540420294,0.09735885262489319,0.0,secondary descriptive measure; excluded from strict variance identity
Reddit-S,44,context_bilinear_absolute,text,operator_delta_message_step1,0.28782957792282104,0.02580532804131508,0.2620242238044739,0.08965488523244858,0.9103450179100037,0.016342751681804657,0.3601421117782593,2.9802322387695312e-08,secondary descriptive measure; excluded from strict variance identity
Reddit-S,44,context_bilinear_absolute,visual,base_relation_r,0.7791695594787598,0.047841910272836685,0.7313276529312134,0.06140115484595299,0.9385988712310791,0.0319550484418869,0.8689773678779602,0.0,secondary descriptive measure; excluded from strict variance identity
Reddit-S,44,context_bilinear_absolute,visual,execution_xi_step0,0.880752444267273,0.050097525119781494,0.8306549191474915,0.056880369782447815,0.9431196451187134,0.033568210899829865,0.9674145579338074,0.0,secondary descriptive measure; excluded from strict variance identity
Reddit-S,44,context_bilinear_absolute,visual,execution_xi_step1,0.8632283210754395,0.04867482930421829,0.8145534992218018,0.05638696998357773,0.9436130523681641,0.03264525160193443,0.9486407041549683,0.0,secondary descriptive measure; excluded from strict variance identity
Reddit-S,44,context_bilinear_absolute,visual,operator_modulation_a_step0,0.4864178001880646,0.027972057461738586,0.4584457576274872,0.05750623717904091,0.9424937963485718,0.018171878531575203,0.5357567667961121,-2.9802322387695312e-08,secondary descriptive measure; excluded from strict variance identity
Reddit-S,44,context_bilinear_absolute,visual,operator_modulation_a_step1,0.48035746812820435,0.027019884437322617,0.4533376097679138,0.05624953657388687,0.9437505006790161,0.017518041655421257,0.5307653546333313,-2.9802322387695312e-08,secondary descriptive measure; excluded from strict variance identity
Reddit-S,44,context_bilinear_absolute,visual,operator_delta_message_step0,0.0146885234862566,0.0018018116243183613,0.012886710464954376,0.12266799062490463,0.8773319125175476,0.0013099204516038299,0.013484688475728035,1.862645149230957e-09,secondary descriptive measure; excluded from strict variance identity
Reddit-S,44,context_bilinear_absolute,visual,operator_delta_message_step1,0.03850466385483742,0.0033855168148875237,0.03511914983391762,0.08792485296726227,0.9120752215385437,0.002436332870274782,0.03678453341126442,-3.725290298461914e-09,secondary descriptive measure; excluded from strict variance identity
Reddit-S,44,context_bilinear_delta,text,base_relation_r,0.7548511028289795,0.04245859757065773,0.7123924493789673,0.05624764412641525,0.9437522888183594,0.029731636866927147,0.8706891536712646,5.960464477539063e-08,secondary descriptive measure; excluded from strict variance identity
Reddit-S,44,context_bilinear_delta,text,execution_xi_step0,0.7548511028289795,0.04245859757065773,0.7123924493789673,0.05624764412641525,0.9437522888183594,0.029731638729572296,0.8706891536712646,5.960464477539063e-08,secondary descriptive measure; excluded from strict variance identity
Reddit-S,44,context_bilinear_delta,text,execution_xi_step1,0.9921410083770752,0.05015500262379646,0.9419860243797302,0.05055229365825653,0.949447751045227,0.03531554341316223,1.1477636098861694,0.0,secondary descriptive measure; excluded from strict variance identity
Reddit-S,44,context_bilinear_delta,text,operator_modulation_a_step0,0.471406489610672,0.023014547303318977,0.44839194416999817,0.04882102459669113,0.9511789679527283,0.01642454043030739,0.5237377882003784,0.0,secondary descriptive measure; excluded from strict variance identity
Reddit-S,44,context_bilinear_delta,text,operator_modulation_a_step1,0.5204319357872009,0.024571377784013748,0.49586057662963867,0.04721343144774437,0.9527866244316101,0.01794671267271042,0.5722832083702087,-2.9802322387695312e-08,secondary descriptive measure; excluded from strict variance identity
Reddit-S,44,context_bilinear_delta,text,operator_delta_message_step0,0.08325855433940887,0.010170466266572475,0.07308808714151382,0.12215521186590195,0.8778447508811951,0.0061998856253921986,0.09147142618894577,0.0,secondary descriptive measure; excluded from strict variance identity
Reddit-S,44,context_bilinear_delta,text,operator_delta_message_step1,0.277273029088974,0.025980867445468903,0.2512921690940857,0.09370138496160507,0.9062986373901367,0.016774559393525124,0.355337917804718,0.0,secondary descriptive measure; excluded from strict variance identity
Reddit-S,44,context_bilinear_delta,visual,base_relation_r,0.7802191972732544,0.04742983356118202,0.7327893972396851,0.060790397226810455,0.9392096400260925,0.032896582037210464,0.8871962428092957,-5.960464477539063e-08,secondary descriptive measure; excluded from strict variance identity
Reddit-S,44,context_bilinear_delta,visual,execution_xi_step0,0.7802191972732544,0.04742983356118202,0.7327893972396851,0.060790397226810455,0.9392096400260925,0.032896582037210464,0.8871962428092957,-5.960464477539063e-08,secondary descriptive measure; excluded from strict variance identity
Reddit-S,44,context_bilinear_delta,visual,execution_xi_step1,1.0214449167251587,0.058590903878211975,0.9628540873527527,0.057360805571079254,0.9426392912864685,0.04015660658478737,1.1875230073928833,-5.960464477539063e-08,secondary descriptive measure; excluded from strict variance identity
Reddit-S,44,context_bilinear_delta,visual,operator_modulation_a_step0,0.4419189691543579,0.026516834273934364,0.4154020845890045,0.06000383943319321,0.939996063709259,0.017760001122951508,0.5070170760154724,5.960464477539063e-08,secondary descriptive measure; excluded from strict variance identity
Reddit-S,44,context_bilinear_delta,visual,operator_modulation_a_step1,0.49612608551979065,0.030763918533921242,0.4653621315956116,0.062008265405893326,0.9379916787147522,0.020385446026921272,0.570153534412384,2.9802322387695312e-08,secondary descriptive measure; excluded from strict variance identity
Reddit-S,44,context_bilinear_delta,visual,operator_delta_message_step0,0.012327521108090878,0.0014259902527555823,0.010901530273258686,0.11567534506320953,0.8843246102333069,0.0010576000204309821,0.011072305962443352,9.313225746154785e-10,secondary descriptive measure; excluded from strict variance identity
Reddit-S,44,context_bilinear_delta,visual,operator_delta_message_step1,0.034917205572128296,0.002931711496785283,0.03198549523949623,0.08396179974079132,0.9160382151603699,0.0021773127373307943,0.03216133639216423,0.0,secondary descriptive measure; excluded from strict variance identity
