epoch,modality,W_up_frobenius_norm,dataset,seed,variant,is_best_epoch,selected_best_epoch,up_weight_norm
1,text,0.08931023627519608,Movies,42,global_grounded_dynamic,False,54,0.08931023627519608
1,visual,0.08968505263328552,Movies,42,global_grounded_dynamic,False,54,0.08968505263328552
2,text,0.12859559059143066,Movies,42,global_grounded_dynamic,False,54,0.12859559059143066
2,visual,0.13092301785945892,Movies,42,global_grounded_dynamic,False,54,0.13092301785945892
3,text,0.1619042158126831,Movies,42,global_grounded_dynamic,False,54,0.1619042158126831
3,visual,0.16375911235809326,Movies,42,global_grounded_dynamic,False,54,0.16375911235809326
4,text,0.1922769546508789,Movies,42,global_grounded_dynamic,False,54,0.1922769546508789
4,visual,0.19519099593162537,Movies,42,global_grounded_dynamic,False,54,0.19519099593162537
5,text,0.2183588445186615,Movies,42,global_grounded_dynamic,False,54,0.2183588445186615
5,visual,0.22621816396713257,Movies,42,global_grounded_dynamic,False,54,0.22621816396713257
6,text,0.2448781281709671,Movies,42,global_grounded_dynamic,False,54,0.2448781281709671
6,visual,0.2599698305130005,Movies,42,global_grounded_dynamic,False,54,0.2599698305130005
7,text,0.2704868018627167,Movies,42,global_grounded_dynamic,False,54,0.2704868018627167
7,visual,0.29427099227905273,Movies,42,global_grounded_dynamic,False,54,0.29427099227905273
8,text,0.29176580905914307,Movies,42,global_grounded_dynamic,False,54,0.29176580905914307
8,visual,0.32194095849990845,Movies,42,global_grounded_dynamic,False,54,0.32194095849990845
9,text,0.30968523025512695,Movies,42,global_grounded_dynamic,False,54,0.30968523025512695
9,visual,0.34430021047592163,Movies,42,global_grounded_dynamic,False,54,0.34430021047592163
10,text,0.3247092068195343,Movies,42,global_grounded_dynamic,False,54,0.3247092068195343
10,visual,0.36611247062683105,Movies,42,global_grounded_dynamic,False,54,0.36611247062683105
11,text,0.3402990996837616,Movies,42,global_grounded_dynamic,False,54,0.3402990996837616
11,visual,0.38904616236686707,Movies,42,global_grounded_dynamic,False,54,0.38904616236686707
12,text,0.3554835021495819,Movies,42,global_grounded_dynamic,False,54,0.3554835021495819
12,visual,0.41199439764022827,Movies,42,global_grounded_dynamic,False,54,0.41199439764022827
13,text,0.3698802888393402,Movies,42,global_grounded_dynamic,False,54,0.3698802888393402
13,visual,0.4347977042198181,Movies,42,global_grounded_dynamic,False,54,0.4347977042198181
14,text,0.3835272192955017,Movies,42,global_grounded_dynamic,False,54,0.3835272192955017
14,visual,0.4572908580303192,Movies,42,global_grounded_dynamic,False,54,0.4572908580303192
15,text,0.3970586359500885,Movies,42,global_grounded_dynamic,False,54,0.3970586359500885
15,visual,0.47994014620780945,Movies,42,global_grounded_dynamic,False,54,0.47994014620780945
16,text,0.4095761477947235,Movies,42,global_grounded_dynamic,False,54,0.4095761477947235
16,visual,0.5012120604515076,Movies,42,global_grounded_dynamic,False,54,0.5012120604515076
17,text,0.4213942885398865,Movies,42,global_grounded_dynamic,False,54,0.4213942885398865
17,visual,0.5219159722328186,Movies,42,global_grounded_dynamic,False,54,0.5219159722328186
18,text,0.4327894151210785,Movies,42,global_grounded_dynamic,False,54,0.4327894151210785
18,visual,0.5418267846107483,Movies,42,global_grounded_dynamic,False,54,0.5418267846107483
19,text,0.4438124895095825,Movies,42,global_grounded_dynamic,False,54,0.4438124895095825
19,visual,0.5625473260879517,Movies,42,global_grounded_dynamic,False,54,0.5625473260879517
20,text,0.4547296464443207,Movies,42,global_grounded_dynamic,False,54,0.4547296464443207
20,visual,0.5833112597465515,Movies,42,global_grounded_dynamic,False,54,0.5833112597465515
21,text,0.4653843641281128,Movies,42,global_grounded_dynamic,False,54,0.4653843641281128
21,visual,0.6034369468688965,Movies,42,global_grounded_dynamic,False,54,0.6034369468688965
22,text,0.4759395718574524,Movies,42,global_grounded_dynamic,False,54,0.4759395718574524
22,visual,0.6229113340377808,Movies,42,global_grounded_dynamic,False,54,0.6229113340377808
23,text,0.4856366217136383,Movies,42,global_grounded_dynamic,False,54,0.4856366217136383
23,visual,0.642679750919342,Movies,42,global_grounded_dynamic,False,54,0.642679750919342
24,text,0.4950816333293915,Movies,42,global_grounded_dynamic,False,54,0.4950816333293915
24,visual,0.661485493183136,Movies,42,global_grounded_dynamic,False,54,0.661485493183136
25,text,0.5044248104095459,Movies,42,global_grounded_dynamic,False,54,0.5044248104095459
25,visual,0.6794562935829163,Movies,42,global_grounded_dynamic,False,54,0.6794562935829163
26,text,0.5135471820831299,Movies,42,global_grounded_dynamic,False,54,0.5135471820831299
26,visual,0.6974636912345886,Movies,42,global_grounded_dynamic,False,54,0.6974636912345886
27,text,0.522575318813324,Movies,42,global_grounded_dynamic,False,54,0.522575318813324
27,visual,0.7142102718353271,Movies,42,global_grounded_dynamic,False,54,0.7142102718353271
28,text,0.5310440063476562,Movies,42,global_grounded_dynamic,False,54,0.5310440063476562
28,visual,0.7308266162872314,Movies,42,global_grounded_dynamic,False,54,0.7308266162872314
29,text,0.539459228515625,Movies,42,global_grounded_dynamic,False,54,0.539459228515625
29,visual,0.7465570569038391,Movies,42,global_grounded_dynamic,False,54,0.7465570569038391
30,text,0.5480879545211792,Movies,42,global_grounded_dynamic,False,54,0.5480879545211792
30,visual,0.762557327747345,Movies,42,global_grounded_dynamic,False,54,0.762557327747345
31,text,0.5562763810157776,Movies,42,global_grounded_dynamic,False,54,0.5562763810157776
31,visual,0.7783749103546143,Movies,42,global_grounded_dynamic,False,54,0.7783749103546143
32,text,0.5645902752876282,Movies,42,global_grounded_dynamic,False,54,0.5645902752876282
32,visual,0.7940943241119385,Movies,42,global_grounded_dynamic,False,54,0.7940943241119385
33,text,0.5723087787628174,Movies,42,global_grounded_dynamic,False,54,0.5723087787628174
33,visual,0.8093394041061401,Movies,42,global_grounded_dynamic,False,54,0.8093394041061401
34,text,0.5801130533218384,Movies,42,global_grounded_dynamic,False,54,0.5801130533218384
34,visual,0.8246909379959106,Movies,42,global_grounded_dynamic,False,54,0.8246909379959106
35,text,0.5873340964317322,Movies,42,global_grounded_dynamic,False,54,0.5873340964317322
35,visual,0.8404476046562195,Movies,42,global_grounded_dynamic,False,54,0.8404476046562195
36,text,0.5942918658256531,Movies,42,global_grounded_dynamic,False,54,0.5942918658256531
36,visual,0.8568499088287354,Movies,42,global_grounded_dynamic,False,54,0.8568499088287354
37,text,0.600417971611023,Movies,42,global_grounded_dynamic,False,54,0.600417971611023
37,visual,0.8735225200653076,Movies,42,global_grounded_dynamic,False,54,0.8735225200653076
38,text,0.606727123260498,Movies,42,global_grounded_dynamic,False,54,0.606727123260498
38,visual,0.8889821171760559,Movies,42,global_grounded_dynamic,False,54,0.8889821171760559
39,text,0.6128641366958618,Movies,42,global_grounded_dynamic,False,54,0.6128641366958618
39,visual,0.9047170877456665,Movies,42,global_grounded_dynamic,False,54,0.9047170877456665
40,text,0.6183632612228394,Movies,42,global_grounded_dynamic,False,54,0.6183632612228394
40,visual,0.9199581742286682,Movies,42,global_grounded_dynamic,False,54,0.9199581742286682
41,text,0.6240012645721436,Movies,42,global_grounded_dynamic,False,54,0.6240012645721436
41,visual,0.9333815574645996,Movies,42,global_grounded_dynamic,False,54,0.9333815574645996
42,text,0.6292812824249268,Movies,42,global_grounded_dynamic,False,54,0.6292812824249268
42,visual,0.9468150734901428,Movies,42,global_grounded_dynamic,False,54,0.9468150734901428
43,text,0.634650707244873,Movies,42,global_grounded_dynamic,False,54,0.634650707244873
43,visual,0.9609223008155823,Movies,42,global_grounded_dynamic,False,54,0.9609223008155823
44,text,0.6395516991615295,Movies,42,global_grounded_dynamic,False,54,0.6395516991615295
44,visual,0.9725583791732788,Movies,42,global_grounded_dynamic,False,54,0.9725583791732788
45,text,0.6441850066184998,Movies,42,global_grounded_dynamic,False,54,0.6441850066184998
45,visual,0.982285737991333,Movies,42,global_grounded_dynamic,False,54,0.982285737991333
46,text,0.6489027738571167,Movies,42,global_grounded_dynamic,False,54,0.6489027738571167
46,visual,0.9910547733306885,Movies,42,global_grounded_dynamic,False,54,0.9910547733306885
47,text,0.6535027027130127,Movies,42,global_grounded_dynamic,False,54,0.6535027027130127
47,visual,0.9998731017112732,Movies,42,global_grounded_dynamic,False,54,0.9998731017112732
48,text,0.657644510269165,Movies,42,global_grounded_dynamic,False,54,0.657644510269165
48,visual,1.0081219673156738,Movies,42,global_grounded_dynamic,False,54,1.0081219673156738
49,text,0.661532461643219,Movies,42,global_grounded_dynamic,False,54,0.661532461643219
49,visual,1.015636682510376,Movies,42,global_grounded_dynamic,False,54,1.015636682510376
50,text,0.6653103232383728,Movies,42,global_grounded_dynamic,False,54,0.6653103232383728
50,visual,1.0224660634994507,Movies,42,global_grounded_dynamic,False,54,1.0224660634994507
51,text,0.6689572334289551,Movies,42,global_grounded_dynamic,False,54,0.6689572334289551
51,visual,1.028622031211853,Movies,42,global_grounded_dynamic,False,54,1.028622031211853
52,text,0.6724039912223816,Movies,42,global_grounded_dynamic,False,54,0.6724039912223816
52,visual,1.0341078042984009,Movies,42,global_grounded_dynamic,False,54,1.0341078042984009
53,text,0.675647497177124,Movies,42,global_grounded_dynamic,False,54,0.675647497177124
53,visual,1.039230465888977,Movies,42,global_grounded_dynamic,False,54,1.039230465888977
54,text,0.678719162940979,Movies,42,global_grounded_dynamic,True,54,0.678719162940979
54,visual,1.0446494817733765,Movies,42,global_grounded_dynamic,True,54,1.0446494817733765
55,text,0.6814704537391663,Movies,42,global_grounded_dynamic,False,54,0.6814704537391663
55,visual,1.0500208139419556,Movies,42,global_grounded_dynamic,False,54,1.0500208139419556
56,text,0.6843676567077637,Movies,42,global_grounded_dynamic,False,54,0.6843676567077637
56,visual,1.054481029510498,Movies,42,global_grounded_dynamic,False,54,1.054481029510498
57,text,0.6869692206382751,Movies,42,global_grounded_dynamic,False,54,0.6869692206382751
57,visual,1.0578862428665161,Movies,42,global_grounded_dynamic,False,54,1.0578862428665161
58,text,0.6894577741622925,Movies,42,global_grounded_dynamic,False,54,0.6894577741622925
58,visual,1.0613220930099487,Movies,42,global_grounded_dynamic,False,54,1.0613220930099487
59,text,0.6918951869010925,Movies,42,global_grounded_dynamic,False,54,0.6918951869010925
59,visual,1.0645428895950317,Movies,42,global_grounded_dynamic,False,54,1.0645428895950317
60,text,0.6944419145584106,Movies,42,global_grounded_dynamic,False,54,0.6944419145584106
60,visual,1.0675652027130127,Movies,42,global_grounded_dynamic,False,54,1.0675652027130127
61,text,0.6968875527381897,Movies,42,global_grounded_dynamic,False,54,0.6968875527381897
61,visual,1.0708937644958496,Movies,42,global_grounded_dynamic,False,54,1.0708937644958496
62,text,0.699096143245697,Movies,42,global_grounded_dynamic,False,54,0.699096143245697
62,visual,1.0736503601074219,Movies,42,global_grounded_dynamic,False,54,1.0736503601074219
63,text,0.7012077569961548,Movies,42,global_grounded_dynamic,False,54,0.7012077569961548
63,visual,1.0758676528930664,Movies,42,global_grounded_dynamic,False,54,1.0758676528930664
64,text,0.7034660577774048,Movies,42,global_grounded_dynamic,False,54,0.7034660577774048
64,visual,1.0777920484542847,Movies,42,global_grounded_dynamic,False,54,1.0777920484542847
65,text,0.7056477665901184,Movies,42,global_grounded_dynamic,False,54,0.7056477665901184
65,visual,1.0801634788513184,Movies,42,global_grounded_dynamic,False,54,1.0801634788513184
66,text,0.7077999114990234,Movies,42,global_grounded_dynamic,False,54,0.7077999114990234
66,visual,1.083160638809204,Movies,42,global_grounded_dynamic,False,54,1.083160638809204
67,text,0.7097093462944031,Movies,42,global_grounded_dynamic,False,54,0.7097093462944031
67,visual,1.0862940549850464,Movies,42,global_grounded_dynamic,False,54,1.0862940549850464
68,text,0.7116495370864868,Movies,42,global_grounded_dynamic,False,54,0.7116495370864868
68,visual,1.0896798372268677,Movies,42,global_grounded_dynamic,False,54,1.0896798372268677
69,text,0.7138599753379822,Movies,42,global_grounded_dynamic,False,54,0.7138599753379822
69,visual,1.0924996137619019,Movies,42,global_grounded_dynamic,False,54,1.0924996137619019
70,text,0.716393768787384,Movies,42,global_grounded_dynamic,False,54,0.716393768787384
70,visual,1.095379114151001,Movies,42,global_grounded_dynamic,False,54,1.095379114151001
71,text,0.7187551259994507,Movies,42,global_grounded_dynamic,False,54,0.7187551259994507
71,visual,1.098231315612793,Movies,42,global_grounded_dynamic,False,54,1.098231315612793
72,text,0.7207241058349609,Movies,42,global_grounded_dynamic,False,54,0.7207241058349609
72,visual,1.1009395122528076,Movies,42,global_grounded_dynamic,False,54,1.1009395122528076
73,text,0.7228155136108398,Movies,42,global_grounded_dynamic,False,54,0.7228155136108398
73,visual,1.103595495223999,Movies,42,global_grounded_dynamic,False,54,1.103595495223999
74,text,0.7253183126449585,Movies,42,global_grounded_dynamic,False,54,0.7253183126449585
74,visual,1.1064479351043701,Movies,42,global_grounded_dynamic,False,54,1.1064479351043701
75,text,0.7276600003242493,Movies,42,global_grounded_dynamic,False,54,0.7276600003242493
75,visual,1.1093487739562988,Movies,42,global_grounded_dynamic,False,54,1.1093487739562988
76,text,0.7299794554710388,Movies,42,global_grounded_dynamic,False,54,0.7299794554710388
76,visual,1.1117761135101318,Movies,42,global_grounded_dynamic,False,54,1.1117761135101318
77,text,0.7325698137283325,Movies,42,global_grounded_dynamic,False,54,0.7325698137283325
77,visual,1.1139289140701294,Movies,42,global_grounded_dynamic,False,54,1.1139289140701294
78,text,0.7349165678024292,Movies,42,global_grounded_dynamic,False,54,0.7349165678024292
78,visual,1.1163593530654907,Movies,42,global_grounded_dynamic,False,54,1.1163593530654907
79,text,0.7370902895927429,Movies,42,global_grounded_dynamic,False,54,0.7370902895927429
79,visual,1.119051456451416,Movies,42,global_grounded_dynamic,False,54,1.119051456451416
80,text,0.7393567562103271,Movies,42,global_grounded_dynamic,False,54,0.7393567562103271
80,visual,1.1221582889556885,Movies,42,global_grounded_dynamic,False,54,1.1221582889556885
81,text,0.7417613863945007,Movies,42,global_grounded_dynamic,False,54,0.7417613863945007
81,visual,1.1258398294448853,Movies,42,global_grounded_dynamic,False,54,1.1258398294448853
82,text,0.7442813515663147,Movies,42,global_grounded_dynamic,False,54,0.7442813515663147
82,visual,1.1294496059417725,Movies,42,global_grounded_dynamic,False,54,1.1294496059417725
83,text,0.7469028830528259,Movies,42,global_grounded_dynamic,False,54,0.7469028830528259
83,visual,1.1330065727233887,Movies,42,global_grounded_dynamic,False,54,1.1330065727233887
84,text,0.7495315670967102,Movies,42,global_grounded_dynamic,False,54,0.7495315670967102
84,visual,1.136204481124878,Movies,42,global_grounded_dynamic,False,54,1.136204481124878
1,text,0.08955729007720947,Movies,42,pair_grounded_dynamic,False,49,0.08955729007720947
1,visual,0.08981528878211975,Movies,42,pair_grounded_dynamic,False,49,0.08981528878211975
2,text,0.13215875625610352,Movies,42,pair_grounded_dynamic,False,49,0.13215875625610352
2,visual,0.13523288071155548,Movies,42,pair_grounded_dynamic,False,49,0.13523288071155548
3,text,0.1666533350944519,Movies,42,pair_grounded_dynamic,False,49,0.1666533350944519
3,visual,0.16804735362529755,Movies,42,pair_grounded_dynamic,False,49,0.16804735362529755
4,text,0.19762574136257172,Movies,42,pair_grounded_dynamic,False,49,0.19762574136257172
4,visual,0.19886773824691772,Movies,42,pair_grounded_dynamic,False,49,0.19886773824691772
5,text,0.22607816755771637,Movies,42,pair_grounded_dynamic,False,49,0.22607816755771637
5,visual,0.2312435358762741,Movies,42,pair_grounded_dynamic,False,49,0.2312435358762741
6,text,0.25692400336265564,Movies,42,pair_grounded_dynamic,False,49,0.25692400336265564
6,visual,0.26791301369667053,Movies,42,pair_grounded_dynamic,False,49,0.26791301369667053
7,text,0.2888520359992981,Movies,42,pair_grounded_dynamic,False,49,0.2888520359992981
7,visual,0.3053242266178131,Movies,42,pair_grounded_dynamic,False,49,0.3053242266178131
8,text,0.31786641478538513,Movies,42,pair_grounded_dynamic,False,49,0.31786641478538513
8,visual,0.3388148844242096,Movies,42,pair_grounded_dynamic,False,49,0.3388148844242096
9,text,0.3445552885532379,Movies,42,pair_grounded_dynamic,False,49,0.3445552885532379
9,visual,0.3674682080745697,Movies,42,pair_grounded_dynamic,False,49,0.3674682080745697
10,text,0.3683086931705475,Movies,42,pair_grounded_dynamic,False,49,0.3683086931705475
10,visual,0.39452099800109863,Movies,42,pair_grounded_dynamic,False,49,0.39452099800109863
11,text,0.39174965023994446,Movies,42,pair_grounded_dynamic,False,49,0.39174965023994446
11,visual,0.4212753176689148,Movies,42,pair_grounded_dynamic,False,49,0.4212753176689148
12,text,0.41462841629981995,Movies,42,pair_grounded_dynamic,False,49,0.41462841629981995
12,visual,0.4477928876876831,Movies,42,pair_grounded_dynamic,False,49,0.4477928876876831
13,text,0.4379943311214447,Movies,42,pair_grounded_dynamic,False,49,0.4379943311214447
13,visual,0.47409969568252563,Movies,42,pair_grounded_dynamic,False,49,0.47409969568252563
14,text,0.46087199449539185,Movies,42,pair_grounded_dynamic,False,49,0.46087199449539185
14,visual,0.5002719759941101,Movies,42,pair_grounded_dynamic,False,49,0.5002719759941101
15,text,0.48444652557373047,Movies,42,pair_grounded_dynamic,False,49,0.48444652557373047
15,visual,0.5262426137924194,Movies,42,pair_grounded_dynamic,False,49,0.5262426137924194
16,text,0.5072535872459412,Movies,42,pair_grounded_dynamic,False,49,0.5072535872459412
16,visual,0.5525761842727661,Movies,42,pair_grounded_dynamic,False,49,0.5525761842727661
17,text,0.5291212201118469,Movies,42,pair_grounded_dynamic,False,49,0.5291212201118469
17,visual,0.5787978172302246,Movies,42,pair_grounded_dynamic,False,49,0.5787978172302246
18,text,0.5505788326263428,Movies,42,pair_grounded_dynamic,False,49,0.5505788326263428
18,visual,0.6056808829307556,Movies,42,pair_grounded_dynamic,False,49,0.6056808829307556
19,text,0.5724257826805115,Movies,42,pair_grounded_dynamic,False,49,0.5724257826805115
19,visual,0.6332815289497375,Movies,42,pair_grounded_dynamic,False,49,0.6332815289497375
20,text,0.5943256616592407,Movies,42,pair_grounded_dynamic,False,49,0.5943256616592407
20,visual,0.6615654826164246,Movies,42,pair_grounded_dynamic,False,49,0.6615654826164246
21,text,0.6159730553627014,Movies,42,pair_grounded_dynamic,False,49,0.6159730553627014
21,visual,0.6915950775146484,Movies,42,pair_grounded_dynamic,False,49,0.6915950775146484
22,text,0.6375049948692322,Movies,42,pair_grounded_dynamic,False,49,0.6375049948692322
22,visual,0.7235729098320007,Movies,42,pair_grounded_dynamic,False,49,0.7235729098320007
23,text,0.6593433618545532,Movies,42,pair_grounded_dynamic,False,49,0.6593433618545532
23,visual,0.7573630213737488,Movies,42,pair_grounded_dynamic,False,49,0.7573630213737488
24,text,0.6808030009269714,Movies,42,pair_grounded_dynamic,False,49,0.6808030009269714
24,visual,0.7933672070503235,Movies,42,pair_grounded_dynamic,False,49,0.7933672070503235
25,text,0.7020440697669983,Movies,42,pair_grounded_dynamic,False,49,0.7020440697669983
25,visual,0.8303287029266357,Movies,42,pair_grounded_dynamic,False,49,0.8303287029266357
26,text,0.7226382493972778,Movies,42,pair_grounded_dynamic,False,49,0.7226382493972778
26,visual,0.8688237071037292,Movies,42,pair_grounded_dynamic,False,49,0.8688237071037292
27,text,0.7431268692016602,Movies,42,pair_grounded_dynamic,False,49,0.7431268692016602
27,visual,0.9081756472587585,Movies,42,pair_grounded_dynamic,False,49,0.9081756472587585
28,text,0.7627939581871033,Movies,42,pair_grounded_dynamic,False,49,0.7627939581871033
28,visual,0.9466083645820618,Movies,42,pair_grounded_dynamic,False,49,0.9466083645820618
29,text,0.7819179892539978,Movies,42,pair_grounded_dynamic,False,49,0.7819179892539978
29,visual,0.9862054586410522,Movies,42,pair_grounded_dynamic,False,49,0.9862054586410522
30,text,0.8011897206306458,Movies,42,pair_grounded_dynamic,False,49,0.8011897206306458
30,visual,1.0272371768951416,Movies,42,pair_grounded_dynamic,False,49,1.0272371768951416
31,text,0.8191245198249817,Movies,42,pair_grounded_dynamic,False,49,0.8191245198249817
31,visual,1.0631829500198364,Movies,42,pair_grounded_dynamic,False,49,1.0631829500198364
32,text,0.8353179097175598,Movies,42,pair_grounded_dynamic,False,49,0.8353179097175598
32,visual,1.0953154563903809,Movies,42,pair_grounded_dynamic,False,49,1.0953154563903809
33,text,0.8515677452087402,Movies,42,pair_grounded_dynamic,False,49,0.8515677452087402
33,visual,1.1278681755065918,Movies,42,pair_grounded_dynamic,False,49,1.1278681755065918
34,text,0.865807831287384,Movies,42,pair_grounded_dynamic,False,49,0.865807831287384
34,visual,1.1556943655014038,Movies,42,pair_grounded_dynamic,False,49,1.1556943655014038
35,text,0.8791089057922363,Movies,42,pair_grounded_dynamic,False,49,0.8791089057922363
35,visual,1.1799970865249634,Movies,42,pair_grounded_dynamic,False,49,1.1799970865249634
36,text,0.8943610787391663,Movies,42,pair_grounded_dynamic,False,49,0.8943610787391663
36,visual,1.2020307779312134,Movies,42,pair_grounded_dynamic,False,49,1.2020307779312134
37,text,0.9104458093643188,Movies,42,pair_grounded_dynamic,False,49,0.9104458093643188
37,visual,1.2222051620483398,Movies,42,pair_grounded_dynamic,False,49,1.2222051620483398
38,text,0.9271822571754456,Movies,42,pair_grounded_dynamic,False,49,0.9271822571754456
38,visual,1.2414785623550415,Movies,42,pair_grounded_dynamic,False,49,1.2414785623550415
39,text,0.9436655640602112,Movies,42,pair_grounded_dynamic,False,49,0.9436655640602112
39,visual,1.2638177871704102,Movies,42,pair_grounded_dynamic,False,49,1.2638177871704102
40,text,0.9607839584350586,Movies,42,pair_grounded_dynamic,False,49,0.9607839584350586
40,visual,1.2842986583709717,Movies,42,pair_grounded_dynamic,False,49,1.2842986583709717
41,text,0.9793328642845154,Movies,42,pair_grounded_dynamic,False,49,0.9793328642845154
41,visual,1.305441975593567,Movies,42,pair_grounded_dynamic,False,49,1.305441975593567
42,text,0.9970254898071289,Movies,42,pair_grounded_dynamic,False,49,0.9970254898071289
42,visual,1.3296726942062378,Movies,42,pair_grounded_dynamic,False,49,1.3296726942062378
43,text,1.0150203704833984,Movies,42,pair_grounded_dynamic,False,49,1.0150203704833984
43,visual,1.3510401248931885,Movies,42,pair_grounded_dynamic,False,49,1.3510401248931885
44,text,1.0356532335281372,Movies,42,pair_grounded_dynamic,False,49,1.0356532335281372
44,visual,1.375708818435669,Movies,42,pair_grounded_dynamic,False,49,1.375708818435669
45,text,1.0509626865386963,Movies,42,pair_grounded_dynamic,False,49,1.0509626865386963
45,visual,1.4002915620803833,Movies,42,pair_grounded_dynamic,False,49,1.4002915620803833
46,text,1.0656250715255737,Movies,42,pair_grounded_dynamic,False,49,1.0656250715255737
46,visual,1.4250755310058594,Movies,42,pair_grounded_dynamic,False,49,1.4250755310058594
47,text,1.082354187965393,Movies,42,pair_grounded_dynamic,False,49,1.082354187965393
47,visual,1.4495316743850708,Movies,42,pair_grounded_dynamic,False,49,1.4495316743850708
48,text,1.1007466316223145,Movies,42,pair_grounded_dynamic,False,49,1.1007466316223145
48,visual,1.4724048376083374,Movies,42,pair_grounded_dynamic,False,49,1.4724048376083374
49,text,1.118862271308899,Movies,42,pair_grounded_dynamic,True,49,1.118862271308899
49,visual,1.494735598564148,Movies,42,pair_grounded_dynamic,True,49,1.494735598564148
50,text,1.1409460306167603,Movies,42,pair_grounded_dynamic,False,49,1.1409460306167603
50,visual,1.5213539600372314,Movies,42,pair_grounded_dynamic,False,49,1.5213539600372314
51,text,1.1632530689239502,Movies,42,pair_grounded_dynamic,False,49,1.1632530689239502
51,visual,1.5454384088516235,Movies,42,pair_grounded_dynamic,False,49,1.5454384088516235
52,text,1.1840680837631226,Movies,42,pair_grounded_dynamic,False,49,1.1840680837631226
52,visual,1.5710374116897583,Movies,42,pair_grounded_dynamic,False,49,1.5710374116897583
53,text,1.2054768800735474,Movies,42,pair_grounded_dynamic,False,49,1.2054768800735474
53,visual,1.5964435338974,Movies,42,pair_grounded_dynamic,False,49,1.5964435338974
54,text,1.2246953248977661,Movies,42,pair_grounded_dynamic,False,49,1.2246953248977661
54,visual,1.6172566413879395,Movies,42,pair_grounded_dynamic,False,49,1.6172566413879395
55,text,1.2439231872558594,Movies,42,pair_grounded_dynamic,False,49,1.2439231872558594
55,visual,1.6388672590255737,Movies,42,pair_grounded_dynamic,False,49,1.6388672590255737
56,text,1.2624809741973877,Movies,42,pair_grounded_dynamic,False,49,1.2624809741973877
56,visual,1.6555984020233154,Movies,42,pair_grounded_dynamic,False,49,1.6555984020233154
57,text,1.2830878496170044,Movies,42,pair_grounded_dynamic,False,49,1.2830878496170044
57,visual,1.6713868379592896,Movies,42,pair_grounded_dynamic,False,49,1.6713868379592896
58,text,1.3002326488494873,Movies,42,pair_grounded_dynamic,False,49,1.3002326488494873
58,visual,1.6892789602279663,Movies,42,pair_grounded_dynamic,False,49,1.6892789602279663
59,text,1.3182055950164795,Movies,42,pair_grounded_dynamic,False,49,1.3182055950164795
59,visual,1.7057157754898071,Movies,42,pair_grounded_dynamic,False,49,1.7057157754898071
60,text,1.3362178802490234,Movies,42,pair_grounded_dynamic,False,49,1.3362178802490234
60,visual,1.7229852676391602,Movies,42,pair_grounded_dynamic,False,49,1.7229852676391602
61,text,1.3517166376113892,Movies,42,pair_grounded_dynamic,False,49,1.3517166376113892
61,visual,1.7416503429412842,Movies,42,pair_grounded_dynamic,False,49,1.7416503429412842
62,text,1.3694562911987305,Movies,42,pair_grounded_dynamic,False,49,1.3694562911987305
62,visual,1.7593356370925903,Movies,42,pair_grounded_dynamic,False,49,1.7593356370925903
63,text,1.3882838487625122,Movies,42,pair_grounded_dynamic,False,49,1.3882838487625122
63,visual,1.7782354354858398,Movies,42,pair_grounded_dynamic,False,49,1.7782354354858398
64,text,1.4064981937408447,Movies,42,pair_grounded_dynamic,False,49,1.4064981937408447
64,visual,1.793581485748291,Movies,42,pair_grounded_dynamic,False,49,1.793581485748291
65,text,1.423734188079834,Movies,42,pair_grounded_dynamic,False,49,1.423734188079834
65,visual,1.806776762008667,Movies,42,pair_grounded_dynamic,False,49,1.806776762008667
66,text,1.4403972625732422,Movies,42,pair_grounded_dynamic,False,49,1.4403972625732422
66,visual,1.820246696472168,Movies,42,pair_grounded_dynamic,False,49,1.820246696472168
67,text,1.4565881490707397,Movies,42,pair_grounded_dynamic,False,49,1.4565881490707397
67,visual,1.8328487873077393,Movies,42,pair_grounded_dynamic,False,49,1.8328487873077393
68,text,1.4700117111206055,Movies,42,pair_grounded_dynamic,False,49,1.4700117111206055
68,visual,1.848110318183899,Movies,42,pair_grounded_dynamic,False,49,1.848110318183899
69,text,1.4836976528167725,Movies,42,pair_grounded_dynamic,False,49,1.4836976528167725
69,visual,1.863769292831421,Movies,42,pair_grounded_dynamic,False,49,1.863769292831421
70,text,1.4969507455825806,Movies,42,pair_grounded_dynamic,False,49,1.4969507455825806
70,visual,1.8742420673370361,Movies,42,pair_grounded_dynamic,False,49,1.8742420673370361
71,text,1.5092631578445435,Movies,42,pair_grounded_dynamic,False,49,1.5092631578445435
71,visual,1.8854812383651733,Movies,42,pair_grounded_dynamic,False,49,1.8854812383651733
72,text,1.523759365081787,Movies,42,pair_grounded_dynamic,False,49,1.523759365081787
72,visual,1.9001367092132568,Movies,42,pair_grounded_dynamic,False,49,1.9001367092132568
73,text,1.5383301973342896,Movies,42,pair_grounded_dynamic,False,49,1.5383301973342896
73,visual,1.9118660688400269,Movies,42,pair_grounded_dynamic,False,49,1.9118660688400269
74,text,1.5525996685028076,Movies,42,pair_grounded_dynamic,False,49,1.5525996685028076
74,visual,1.9224752187728882,Movies,42,pair_grounded_dynamic,False,49,1.9224752187728882
75,text,1.5638400316238403,Movies,42,pair_grounded_dynamic,False,49,1.5638400316238403
75,visual,1.9336798191070557,Movies,42,pair_grounded_dynamic,False,49,1.9336798191070557
76,text,1.5721238851547241,Movies,42,pair_grounded_dynamic,False,49,1.5721238851547241
76,visual,1.9455777406692505,Movies,42,pair_grounded_dynamic,False,49,1.9455777406692505
77,text,1.5799853801727295,Movies,42,pair_grounded_dynamic,False,49,1.5799853801727295
77,visual,1.955051302909851,Movies,42,pair_grounded_dynamic,False,49,1.955051302909851
78,text,1.5888482332229614,Movies,42,pair_grounded_dynamic,False,49,1.5888482332229614
78,visual,1.9616100788116455,Movies,42,pair_grounded_dynamic,False,49,1.9616100788116455
79,text,1.5995314121246338,Movies,42,pair_grounded_dynamic,False,49,1.5995314121246338
79,visual,1.9690136909484863,Movies,42,pair_grounded_dynamic,False,49,1.9690136909484863
1,text,0.08959222584962845,Movies,42,context_grounded_static,False,54,0.08959222584962845
1,visual,0.08973188698291779,Movies,42,context_grounded_static,False,54,0.08973188698291779
2,text,0.13190090656280518,Movies,42,context_grounded_static,False,54,0.13190090656280518
2,visual,0.13563066720962524,Movies,42,context_grounded_static,False,54,0.13563066720962524
3,text,0.16657891869544983,Movies,42,context_grounded_static,False,54,0.16657891869544983
3,visual,0.16801965236663818,Movies,42,context_grounded_static,False,54,0.16801965236663818
4,text,0.19855265319347382,Movies,42,context_grounded_static,False,54,0.19855265319347382
4,visual,0.19737188518047333,Movies,42,context_grounded_static,False,54,0.19737188518047333
5,text,0.22742627561092377,Movies,42,context_grounded_static,False,54,0.22742627561092377
5,visual,0.22759445011615753,Movies,42,context_grounded_static,False,54,0.22759445011615753
6,text,0.2587908208370209,Movies,42,context_grounded_static,False,54,0.2587908208370209
6,visual,0.26190125942230225,Movies,42,context_grounded_static,False,54,0.26190125942230225
7,text,0.2907000780105591,Movies,42,context_grounded_static,False,54,0.2907000780105591
7,visual,0.29757896065711975,Movies,42,context_grounded_static,False,54,0.29757896065711975
8,text,0.31872838735580444,Movies,42,context_grounded_static,False,54,0.31872838735580444
8,visual,0.3295896053314209,Movies,42,context_grounded_static,False,54,0.3295896053314209
9,text,0.34394532442092896,Movies,42,context_grounded_static,False,54,0.34394532442092896
9,visual,0.3575041890144348,Movies,42,context_grounded_static,False,54,0.3575041890144348
10,text,0.3653905689716339,Movies,42,context_grounded_static,False,54,0.3653905689716339
10,visual,0.38477644324302673,Movies,42,context_grounded_static,False,54,0.38477644324302673
11,text,0.38681456446647644,Movies,42,context_grounded_static,False,54,0.38681456446647644
11,visual,0.41175204515457153,Movies,42,context_grounded_static,False,54,0.41175204515457153
12,text,0.4079707860946655,Movies,42,context_grounded_static,False,54,0.4079707860946655
12,visual,0.4382157623767853,Movies,42,context_grounded_static,False,54,0.4382157623767853
13,text,0.42959064245224,Movies,42,context_grounded_static,False,54,0.42959064245224
13,visual,0.4638746380805969,Movies,42,context_grounded_static,False,54,0.4638746380805969
14,text,0.45051339268684387,Movies,42,context_grounded_static,False,54,0.45051339268684387
14,visual,0.48854464292526245,Movies,42,context_grounded_static,False,54,0.48854464292526245
15,text,0.47198399901390076,Movies,42,context_grounded_static,False,54,0.47198399901390076
15,visual,0.5127763152122498,Movies,42,context_grounded_static,False,54,0.5127763152122498
16,text,0.4925023913383484,Movies,42,context_grounded_static,False,54,0.4925023913383484
16,visual,0.5360832214355469,Movies,42,context_grounded_static,False,54,0.5360832214355469
17,text,0.5121175646781921,Movies,42,context_grounded_static,False,54,0.5121175646781921
17,visual,0.558814287185669,Movies,42,context_grounded_static,False,54,0.558814287185669
18,text,0.5312350988388062,Movies,42,context_grounded_static,False,54,0.5312350988388062
18,visual,0.5812355875968933,Movies,42,context_grounded_static,False,54,0.5812355875968933
19,text,0.5506121516227722,Movies,42,context_grounded_static,False,54,0.5506121516227722
19,visual,0.6040182113647461,Movies,42,context_grounded_static,False,54,0.6040182113647461
20,text,0.5695541501045227,Movies,42,context_grounded_static,False,54,0.5695541501045227
20,visual,0.6264879107475281,Movies,42,context_grounded_static,False,54,0.6264879107475281
21,text,0.5881194472312927,Movies,42,context_grounded_static,False,54,0.5881194472312927
21,visual,0.6498090028762817,Movies,42,context_grounded_static,False,54,0.6498090028762817
22,text,0.6066097617149353,Movies,42,context_grounded_static,False,54,0.6066097617149353
22,visual,0.6743398904800415,Movies,42,context_grounded_static,False,54,0.6743398904800415
23,text,0.625254213809967,Movies,42,context_grounded_static,False,54,0.625254213809967
23,visual,0.6995804905891418,Movies,42,context_grounded_static,False,54,0.6995804905891418
24,text,0.6439663171768188,Movies,42,context_grounded_static,False,54,0.6439663171768188
24,visual,0.7259108424186707,Movies,42,context_grounded_static,False,54,0.7259108424186707
25,text,0.6614754796028137,Movies,42,context_grounded_static,False,54,0.6614754796028137
25,visual,0.752906858921051,Movies,42,context_grounded_static,False,54,0.752906858921051
26,text,0.6787400245666504,Movies,42,context_grounded_static,False,54,0.6787400245666504
26,visual,0.7813181281089783,Movies,42,context_grounded_static,False,54,0.7813181281089783
27,text,0.6959537863731384,Movies,42,context_grounded_static,False,54,0.6959537863731384
27,visual,0.810958206653595,Movies,42,context_grounded_static,False,54,0.810958206653595
28,text,0.7112130522727966,Movies,42,context_grounded_static,False,54,0.7112130522727966
28,visual,0.8407515287399292,Movies,42,context_grounded_static,False,54,0.8407515287399292
29,text,0.7264444231987,Movies,42,context_grounded_static,False,54,0.7264444231987
29,visual,0.8716068863868713,Movies,42,context_grounded_static,False,54,0.8716068863868713
30,text,0.7421844601631165,Movies,42,context_grounded_static,False,54,0.7421844601631165
30,visual,0.9040512442588806,Movies,42,context_grounded_static,False,54,0.9040512442588806
31,text,0.7551365494728088,Movies,42,context_grounded_static,False,54,0.7551365494728088
31,visual,0.9336704015731812,Movies,42,context_grounded_static,False,54,0.9336704015731812
32,text,0.7661012411117554,Movies,42,context_grounded_static,False,54,0.7661012411117554
32,visual,0.9610471725463867,Movies,42,context_grounded_static,False,54,0.9610471725463867
33,text,0.7786082625389099,Movies,42,context_grounded_static,False,54,0.7786082625389099
33,visual,0.989956259727478,Movies,42,context_grounded_static,False,54,0.989956259727478
34,text,0.7887797951698303,Movies,42,context_grounded_static,False,54,0.7887797951698303
34,visual,1.0147560834884644,Movies,42,context_grounded_static,False,54,1.0147560834884644
35,text,0.7980872988700867,Movies,42,context_grounded_static,False,54,0.7980872988700867
35,visual,1.0362424850463867,Movies,42,context_grounded_static,False,54,1.0362424850463867
36,text,0.8087391257286072,Movies,42,context_grounded_static,False,54,0.8087391257286072
36,visual,1.0593277215957642,Movies,42,context_grounded_static,False,54,1.0593277215957642
37,text,0.8201042413711548,Movies,42,context_grounded_static,False,54,0.8201042413711548
37,visual,1.082548975944519,Movies,42,context_grounded_static,False,54,1.082548975944519
38,text,0.8311178088188171,Movies,42,context_grounded_static,False,54,0.8311178088188171
38,visual,1.1042389869689941,Movies,42,context_grounded_static,False,54,1.1042389869689941
39,text,0.8418169021606445,Movies,42,context_grounded_static,False,54,0.8418169021606445
39,visual,1.1276099681854248,Movies,42,context_grounded_static,False,54,1.1276099681854248
40,text,0.853098452091217,Movies,42,context_grounded_static,False,54,0.853098452091217
40,visual,1.1535284519195557,Movies,42,context_grounded_static,False,54,1.1535284519195557
41,text,0.8654771447181702,Movies,42,context_grounded_static,False,54,0.8654771447181702
41,visual,1.1817468404769897,Movies,42,context_grounded_static,False,54,1.1817468404769897
42,text,0.8781153559684753,Movies,42,context_grounded_static,False,54,0.8781153559684753
42,visual,1.209167718887329,Movies,42,context_grounded_static,False,54,1.209167718887329
43,text,0.8916141986846924,Movies,42,context_grounded_static,False,54,0.8916141986846924
43,visual,1.2391040325164795,Movies,42,context_grounded_static,False,54,1.2391040325164795
44,text,0.9058358669281006,Movies,42,context_grounded_static,False,54,0.9058358669281006
44,visual,1.267019510269165,Movies,42,context_grounded_static,False,54,1.267019510269165
45,text,0.920281171798706,Movies,42,context_grounded_static,False,54,0.920281171798706
45,visual,1.2943419218063354,Movies,42,context_grounded_static,False,54,1.2943419218063354
46,text,0.9352132678031921,Movies,42,context_grounded_static,False,54,0.9352132678031921
46,visual,1.3162760734558105,Movies,42,context_grounded_static,False,54,1.3162760734558105
47,text,0.9490204453468323,Movies,42,context_grounded_static,False,54,0.9490204453468323
47,visual,1.3378322124481201,Movies,42,context_grounded_static,False,54,1.3378322124481201
48,text,0.96331387758255,Movies,42,context_grounded_static,False,54,0.96331387758255
48,visual,1.359086275100708,Movies,42,context_grounded_static,False,54,1.359086275100708
49,text,0.9767658114433289,Movies,42,context_grounded_static,False,54,0.9767658114433289
49,visual,1.379701852798462,Movies,42,context_grounded_static,False,54,1.379701852798462
50,text,0.9911915063858032,Movies,42,context_grounded_static,False,54,0.9911915063858032
50,visual,1.400132179260254,Movies,42,context_grounded_static,False,54,1.400132179260254
51,text,1.0043410062789917,Movies,42,context_grounded_static,False,54,1.0043410062789917
51,visual,1.4196703433990479,Movies,42,context_grounded_static,False,54,1.4196703433990479
52,text,1.0169005393981934,Movies,42,context_grounded_static,False,54,1.0169005393981934
52,visual,1.439196228981018,Movies,42,context_grounded_static,False,54,1.439196228981018
53,text,1.0295732021331787,Movies,42,context_grounded_static,False,54,1.0295732021331787
53,visual,1.4592403173446655,Movies,42,context_grounded_static,False,54,1.4592403173446655
54,text,1.042433261871338,Movies,42,context_grounded_static,True,54,1.042433261871338
54,visual,1.4791702032089233,Movies,42,context_grounded_static,True,54,1.4791702032089233
55,text,1.0554654598236084,Movies,42,context_grounded_static,False,54,1.0554654598236084
55,visual,1.499031901359558,Movies,42,context_grounded_static,False,54,1.499031901359558
56,text,1.068189024925232,Movies,42,context_grounded_static,False,54,1.068189024925232
56,visual,1.5193307399749756,Movies,42,context_grounded_static,False,54,1.5193307399749756
57,text,1.0798934698104858,Movies,42,context_grounded_static,False,54,1.0798934698104858
57,visual,1.539642333984375,Movies,42,context_grounded_static,False,54,1.539642333984375
58,text,1.0931090116500854,Movies,42,context_grounded_static,False,54,1.0931090116500854
58,visual,1.5611416101455688,Movies,42,context_grounded_static,False,54,1.5611416101455688
59,text,1.1077550649642944,Movies,42,context_grounded_static,False,54,1.1077550649642944
59,visual,1.5819445848464966,Movies,42,context_grounded_static,False,54,1.5819445848464966
60,text,1.1226178407669067,Movies,42,context_grounded_static,False,54,1.1226178407669067
60,visual,1.6026339530944824,Movies,42,context_grounded_static,False,54,1.6026339530944824
61,text,1.13554847240448,Movies,42,context_grounded_static,False,54,1.13554847240448
61,visual,1.6229958534240723,Movies,42,context_grounded_static,False,54,1.6229958534240723
62,text,1.1487740278244019,Movies,42,context_grounded_static,False,54,1.1487740278244019
62,visual,1.6437712907791138,Movies,42,context_grounded_static,False,54,1.6437712907791138
63,text,1.1618738174438477,Movies,42,context_grounded_static,False,54,1.1618738174438477
63,visual,1.6629807949066162,Movies,42,context_grounded_static,False,54,1.6629807949066162
64,text,1.1760494709014893,Movies,42,context_grounded_static,False,54,1.1760494709014893
64,visual,1.6824867725372314,Movies,42,context_grounded_static,False,54,1.6824867725372314
65,text,1.190813422203064,Movies,42,context_grounded_static,False,54,1.190813422203064
65,visual,1.7011065483093262,Movies,42,context_grounded_static,False,54,1.7011065483093262
66,text,1.206670880317688,Movies,42,context_grounded_static,False,54,1.206670880317688
66,visual,1.722446084022522,Movies,42,context_grounded_static,False,54,1.722446084022522
67,text,1.2213804721832275,Movies,42,context_grounded_static,False,54,1.2213804721832275
67,visual,1.7423651218414307,Movies,42,context_grounded_static,False,54,1.7423651218414307
68,text,1.237201452255249,Movies,42,context_grounded_static,False,54,1.237201452255249
68,visual,1.7617353200912476,Movies,42,context_grounded_static,False,54,1.7617353200912476
69,text,1.251867651939392,Movies,42,context_grounded_static,False,54,1.251867651939392
69,visual,1.7777854204177856,Movies,42,context_grounded_static,False,54,1.7777854204177856
70,text,1.2674152851104736,Movies,42,context_grounded_static,False,54,1.2674152851104736
70,visual,1.7942500114440918,Movies,42,context_grounded_static,False,54,1.7942500114440918
71,text,1.281136393547058,Movies,42,context_grounded_static,False,54,1.281136393547058
71,visual,1.809736967086792,Movies,42,context_grounded_static,False,54,1.809736967086792
72,text,1.2964613437652588,Movies,42,context_grounded_static,False,54,1.2964613437652588
72,visual,1.8295032978057861,Movies,42,context_grounded_static,False,54,1.8295032978057861
73,text,1.310114860534668,Movies,42,context_grounded_static,False,54,1.310114860534668
73,visual,1.8492720127105713,Movies,42,context_grounded_static,False,54,1.8492720127105713
74,text,1.32431161403656,Movies,42,context_grounded_static,False,54,1.32431161403656
74,visual,1.8694566488265991,Movies,42,context_grounded_static,False,54,1.8694566488265991
75,text,1.3360049724578857,Movies,42,context_grounded_static,False,54,1.3360049724578857
75,visual,1.8872311115264893,Movies,42,context_grounded_static,False,54,1.8872311115264893
76,text,1.3492192029953003,Movies,42,context_grounded_static,False,54,1.3492192029953003
76,visual,1.9046944379806519,Movies,42,context_grounded_static,False,54,1.9046944379806519
77,text,1.3614273071289062,Movies,42,context_grounded_static,False,54,1.3614273071289062
77,visual,1.9214626550674438,Movies,42,context_grounded_static,False,54,1.9214626550674438
78,text,1.374006748199463,Movies,42,context_grounded_static,False,54,1.374006748199463
78,visual,1.938715934753418,Movies,42,context_grounded_static,False,54,1.938715934753418
79,text,1.3863142728805542,Movies,42,context_grounded_static,False,54,1.3863142728805542
79,visual,1.9564323425292969,Movies,42,context_grounded_static,False,54,1.9564323425292969
80,text,1.4004319906234741,Movies,42,context_grounded_static,False,54,1.4004319906234741
80,visual,1.9738444089889526,Movies,42,context_grounded_static,False,54,1.9738444089889526
81,text,1.416186809539795,Movies,42,context_grounded_static,False,54,1.416186809539795
81,visual,1.9923774003982544,Movies,42,context_grounded_static,False,54,1.9923774003982544
82,text,1.4291341304779053,Movies,42,context_grounded_static,False,54,1.4291341304779053
82,visual,2.0078537464141846,Movies,42,context_grounded_static,False,54,2.0078537464141846
83,text,1.4403403997421265,Movies,42,context_grounded_static,False,54,1.4403403997421265
83,visual,2.0218751430511475,Movies,42,context_grounded_static,False,54,2.0218751430511475
84,text,1.4504384994506836,Movies,42,context_grounded_static,False,54,1.4504384994506836
84,visual,2.036118268966675,Movies,42,context_grounded_static,False,54,2.036118268966675
1,text,0.08965571969747543,Movies,42,context_grounded_dynamic,False,77,0.08965571969747543
1,visual,0.0897703468799591,Movies,42,context_grounded_dynamic,False,77,0.0897703468799591
2,text,0.13063770532608032,Movies,42,context_grounded_dynamic,False,77,0.13063770532608032
2,visual,0.13483016192913055,Movies,42,context_grounded_dynamic,False,77,0.13483016192913055
3,text,0.16499276459217072,Movies,42,context_grounded_dynamic,False,77,0.16499276459217072
3,visual,0.16759486496448517,Movies,42,context_grounded_dynamic,False,77,0.16759486496448517
4,text,0.1977853626012802,Movies,42,context_grounded_dynamic,False,77,0.1977853626012802
4,visual,0.19744133949279785,Movies,42,context_grounded_dynamic,False,77,0.19744133949279785
5,text,0.22584551572799683,Movies,42,context_grounded_dynamic,False,77,0.22584551572799683
5,visual,0.22864188253879547,Movies,42,context_grounded_dynamic,False,77,0.22864188253879547
6,text,0.2569497227668762,Movies,42,context_grounded_dynamic,False,77,0.2569497227668762
6,visual,0.26454785466194153,Movies,42,context_grounded_dynamic,False,77,0.26454785466194153
7,text,0.2892974317073822,Movies,42,context_grounded_dynamic,False,77,0.2892974317073822
7,visual,0.30186715722084045,Movies,42,context_grounded_dynamic,False,77,0.30186715722084045
8,text,0.3174452483654022,Movies,42,context_grounded_dynamic,False,77,0.3174452483654022
8,visual,0.33432629704475403,Movies,42,context_grounded_dynamic,False,77,0.33432629704475403
9,text,0.3427428603172302,Movies,42,context_grounded_dynamic,False,77,0.3427428603172302
9,visual,0.3619978725910187,Movies,42,context_grounded_dynamic,False,77,0.3619978725910187
10,text,0.3653233051300049,Movies,42,context_grounded_dynamic,False,77,0.3653233051300049
10,visual,0.3885747194290161,Movies,42,context_grounded_dynamic,False,77,0.3885747194290161
11,text,0.3879292607307434,Movies,42,context_grounded_dynamic,False,77,0.3879292607307434
11,visual,0.4149893820285797,Movies,42,context_grounded_dynamic,False,77,0.4149893820285797
12,text,0.4100559949874878,Movies,42,context_grounded_dynamic,False,77,0.4100559949874878
12,visual,0.44114112854003906,Movies,42,context_grounded_dynamic,False,77,0.44114112854003906
13,text,0.4325372278690338,Movies,42,context_grounded_dynamic,False,77,0.4325372278690338
13,visual,0.4669845402240753,Movies,42,context_grounded_dynamic,False,77,0.4669845402240753
14,text,0.45441803336143494,Movies,42,context_grounded_dynamic,False,77,0.45441803336143494
14,visual,0.49243879318237305,Movies,42,context_grounded_dynamic,False,77,0.49243879318237305
15,text,0.4768069088459015,Movies,42,context_grounded_dynamic,False,77,0.4768069088459015
15,visual,0.5175116062164307,Movies,42,context_grounded_dynamic,False,77,0.5175116062164307
16,text,0.49851298332214355,Movies,42,context_grounded_dynamic,False,77,0.49851298332214355
16,visual,0.5420493483543396,Movies,42,context_grounded_dynamic,False,77,0.5420493483543396
17,text,0.5191106796264648,Movies,42,context_grounded_dynamic,False,77,0.5191106796264648
17,visual,0.5664744973182678,Movies,42,context_grounded_dynamic,False,77,0.5664744973182678
18,text,0.5393645763397217,Movies,42,context_grounded_dynamic,False,77,0.5393645763397217
18,visual,0.591208815574646,Movies,42,context_grounded_dynamic,False,77,0.591208815574646
19,text,0.5598585605621338,Movies,42,context_grounded_dynamic,False,77,0.5598585605621338
19,visual,0.6165295243263245,Movies,42,context_grounded_dynamic,False,77,0.6165295243263245
20,text,0.5798095464706421,Movies,42,context_grounded_dynamic,False,77,0.5798095464706421
20,visual,0.6420978903770447,Movies,42,context_grounded_dynamic,False,77,0.6420978903770447
21,text,0.5989464521408081,Movies,42,context_grounded_dynamic,False,77,0.5989464521408081
21,visual,0.6693611741065979,Movies,42,context_grounded_dynamic,False,77,0.6693611741065979
22,text,0.6176213026046753,Movies,42,context_grounded_dynamic,False,77,0.6176213026046753
22,visual,0.6984176635742188,Movies,42,context_grounded_dynamic,False,77,0.6984176635742188
23,text,0.636296272277832,Movies,42,context_grounded_dynamic,False,77,0.636296272277832
23,visual,0.7290992140769958,Movies,42,context_grounded_dynamic,False,77,0.7290992140769958
24,text,0.6549217104911804,Movies,42,context_grounded_dynamic,False,77,0.6549217104911804
24,visual,0.7619945406913757,Movies,42,context_grounded_dynamic,False,77,0.7619945406913757
25,text,0.6728899478912354,Movies,42,context_grounded_dynamic,False,77,0.6728899478912354
25,visual,0.7958884835243225,Movies,42,context_grounded_dynamic,False,77,0.7958884835243225
26,text,0.6901273727416992,Movies,42,context_grounded_dynamic,False,77,0.6901273727416992
26,visual,0.831899106502533,Movies,42,context_grounded_dynamic,False,77,0.831899106502533
27,text,0.707330584526062,Movies,42,context_grounded_dynamic,False,77,0.707330584526062
27,visual,0.8695222735404968,Movies,42,context_grounded_dynamic,False,77,0.8695222735404968
28,text,0.7233306765556335,Movies,42,context_grounded_dynamic,False,77,0.7233306765556335
28,visual,0.9058204889297485,Movies,42,context_grounded_dynamic,False,77,0.9058204889297485
29,text,0.739431619644165,Movies,42,context_grounded_dynamic,False,77,0.739431619644165
29,visual,0.9438228011131287,Movies,42,context_grounded_dynamic,False,77,0.9438228011131287
30,text,0.7560700178146362,Movies,42,context_grounded_dynamic,False,77,0.7560700178146362
30,visual,0.9820067882537842,Movies,42,context_grounded_dynamic,False,77,0.9820067882537842
31,text,0.7712980508804321,Movies,42,context_grounded_dynamic,False,77,0.7712980508804321
31,visual,1.0162557363510132,Movies,42,context_grounded_dynamic,False,77,1.0162557363510132
32,text,0.7864296436309814,Movies,42,context_grounded_dynamic,False,77,0.7864296436309814
32,visual,1.0495009422302246,Movies,42,context_grounded_dynamic,False,77,1.0495009422302246
33,text,0.7992533445358276,Movies,42,context_grounded_dynamic,False,77,0.7992533445358276
33,visual,1.0799537897109985,Movies,42,context_grounded_dynamic,False,77,1.0799537897109985
34,text,0.8105756044387817,Movies,42,context_grounded_dynamic,False,77,0.8105756044387817
34,visual,1.105359673500061,Movies,42,context_grounded_dynamic,False,77,1.105359673500061
35,text,0.8243278861045837,Movies,42,context_grounded_dynamic,False,77,0.8243278861045837
35,visual,1.1284329891204834,Movies,42,context_grounded_dynamic,False,77,1.1284329891204834
36,text,0.8377265930175781,Movies,42,context_grounded_dynamic,False,77,0.8377265930175781
36,visual,1.146596074104309,Movies,42,context_grounded_dynamic,False,77,1.146596074104309
37,text,0.8508419990539551,Movies,42,context_grounded_dynamic,False,77,0.8508419990539551
37,visual,1.1627709865570068,Movies,42,context_grounded_dynamic,False,77,1.1627709865570068
38,text,0.8646652102470398,Movies,42,context_grounded_dynamic,False,77,0.8646652102470398
38,visual,1.179388403892517,Movies,42,context_grounded_dynamic,False,77,1.179388403892517
39,text,0.8787885308265686,Movies,42,context_grounded_dynamic,False,77,0.8787885308265686
39,visual,1.1964586973190308,Movies,42,context_grounded_dynamic,False,77,1.1964586973190308
40,text,0.8933225274085999,Movies,42,context_grounded_dynamic,False,77,0.8933225274085999
40,visual,1.213139295578003,Movies,42,context_grounded_dynamic,False,77,1.213139295578003
41,text,0.9081787467002869,Movies,42,context_grounded_dynamic,False,77,0.9081787467002869
41,visual,1.229504942893982,Movies,42,context_grounded_dynamic,False,77,1.229504942893982
42,text,0.92228102684021,Movies,42,context_grounded_dynamic,False,77,0.92228102684021
42,visual,1.2483011484146118,Movies,42,context_grounded_dynamic,False,77,1.2483011484146118
43,text,0.9357361793518066,Movies,42,context_grounded_dynamic,False,77,0.9357361793518066
43,visual,1.2680426836013794,Movies,42,context_grounded_dynamic,False,77,1.2680426836013794
44,text,0.9494834542274475,Movies,42,context_grounded_dynamic,False,77,0.9494834542274475
44,visual,1.2872899770736694,Movies,42,context_grounded_dynamic,False,77,1.2872899770736694
45,text,0.9637194871902466,Movies,42,context_grounded_dynamic,False,77,0.9637194871902466
45,visual,1.309895396232605,Movies,42,context_grounded_dynamic,False,77,1.309895396232605
46,text,0.9798603653907776,Movies,42,context_grounded_dynamic,False,77,0.9798603653907776
46,visual,1.3329658508300781,Movies,42,context_grounded_dynamic,False,77,1.3329658508300781
47,text,0.9994493126869202,Movies,42,context_grounded_dynamic,False,77,0.9994493126869202
47,visual,1.354685664176941,Movies,42,context_grounded_dynamic,False,77,1.354685664176941
48,text,1.0186502933502197,Movies,42,context_grounded_dynamic,False,77,1.0186502933502197
48,visual,1.3759026527404785,Movies,42,context_grounded_dynamic,False,77,1.3759026527404785
49,text,1.0370397567749023,Movies,42,context_grounded_dynamic,False,77,1.0370397567749023
49,visual,1.3952668905258179,Movies,42,context_grounded_dynamic,False,77,1.3952668905258179
50,text,1.0557148456573486,Movies,42,context_grounded_dynamic,False,77,1.0557148456573486
50,visual,1.414329171180725,Movies,42,context_grounded_dynamic,False,77,1.414329171180725
51,text,1.0733023881912231,Movies,42,context_grounded_dynamic,False,77,1.0733023881912231
51,visual,1.4332879781723022,Movies,42,context_grounded_dynamic,False,77,1.4332879781723022
52,text,1.0906691551208496,Movies,42,context_grounded_dynamic,False,77,1.0906691551208496
52,visual,1.4499950408935547,Movies,42,context_grounded_dynamic,False,77,1.4499950408935547
53,text,1.1066280603408813,Movies,42,context_grounded_dynamic,False,77,1.1066280603408813
53,visual,1.4610761404037476,Movies,42,context_grounded_dynamic,False,77,1.4610761404037476
54,text,1.1181862354278564,Movies,42,context_grounded_dynamic,False,77,1.1181862354278564
54,visual,1.4730829000473022,Movies,42,context_grounded_dynamic,False,77,1.4730829000473022
55,text,1.1304255723953247,Movies,42,context_grounded_dynamic,False,77,1.1304255723953247
55,visual,1.4856127500534058,Movies,42,context_grounded_dynamic,False,77,1.4856127500534058
56,text,1.1440540552139282,Movies,42,context_grounded_dynamic,False,77,1.1440540552139282
56,visual,1.4988431930541992,Movies,42,context_grounded_dynamic,False,77,1.4988431930541992
57,text,1.1619200706481934,Movies,42,context_grounded_dynamic,False,77,1.1619200706481934
57,visual,1.515270709991455,Movies,42,context_grounded_dynamic,False,77,1.515270709991455
58,text,1.1791865825653076,Movies,42,context_grounded_dynamic,False,77,1.1791865825653076
58,visual,1.5297058820724487,Movies,42,context_grounded_dynamic,False,77,1.5297058820724487
59,text,1.1955676078796387,Movies,42,context_grounded_dynamic,False,77,1.1955676078796387
59,visual,1.5419234037399292,Movies,42,context_grounded_dynamic,False,77,1.5419234037399292
60,text,1.2032570838928223,Movies,42,context_grounded_dynamic,False,77,1.2032570838928223
60,visual,1.553526520729065,Movies,42,context_grounded_dynamic,False,77,1.553526520729065
61,text,1.2103698253631592,Movies,42,context_grounded_dynamic,False,77,1.2103698253631592
61,visual,1.5636383295059204,Movies,42,context_grounded_dynamic,False,77,1.5636383295059204
62,text,1.2194346189498901,Movies,42,context_grounded_dynamic,False,77,1.2194346189498901
62,visual,1.5739179849624634,Movies,42,context_grounded_dynamic,False,77,1.5739179849624634
63,text,1.2298251390457153,Movies,42,context_grounded_dynamic,False,77,1.2298251390457153
63,visual,1.584847092628479,Movies,42,context_grounded_dynamic,False,77,1.584847092628479
64,text,1.2422080039978027,Movies,42,context_grounded_dynamic,False,77,1.2422080039978027
64,visual,1.5983903408050537,Movies,42,context_grounded_dynamic,False,77,1.5983903408050537
65,text,1.2546664476394653,Movies,42,context_grounded_dynamic,False,77,1.2546664476394653
65,visual,1.6118117570877075,Movies,42,context_grounded_dynamic,False,77,1.6118117570877075
66,text,1.266998291015625,Movies,42,context_grounded_dynamic,False,77,1.266998291015625
66,visual,1.6257236003875732,Movies,42,context_grounded_dynamic,False,77,1.6257236003875732
67,text,1.2811989784240723,Movies,42,context_grounded_dynamic,False,77,1.2811989784240723
67,visual,1.6397522687911987,Movies,42,context_grounded_dynamic,False,77,1.6397522687911987
68,text,1.2934606075286865,Movies,42,context_grounded_dynamic,False,77,1.2934606075286865
68,visual,1.6497828960418701,Movies,42,context_grounded_dynamic,False,77,1.6497828960418701
69,text,1.3034433126449585,Movies,42,context_grounded_dynamic,False,77,1.3034433126449585
69,visual,1.660406231880188,Movies,42,context_grounded_dynamic,False,77,1.660406231880188
70,text,1.3133156299591064,Movies,42,context_grounded_dynamic,False,77,1.3133156299591064
70,visual,1.6708869934082031,Movies,42,context_grounded_dynamic,False,77,1.6708869934082031
71,text,1.3250575065612793,Movies,42,context_grounded_dynamic,False,77,1.3250575065612793
71,visual,1.6834001541137695,Movies,42,context_grounded_dynamic,False,77,1.6834001541137695
72,text,1.3352714776992798,Movies,42,context_grounded_dynamic,False,77,1.3352714776992798
72,visual,1.6969878673553467,Movies,42,context_grounded_dynamic,False,77,1.6969878673553467
73,text,1.3463200330734253,Movies,42,context_grounded_dynamic,False,77,1.3463200330734253
73,visual,1.710458517074585,Movies,42,context_grounded_dynamic,False,77,1.710458517074585
74,text,1.357125163078308,Movies,42,context_grounded_dynamic,False,77,1.357125163078308
74,visual,1.723149299621582,Movies,42,context_grounded_dynamic,False,77,1.723149299621582
75,text,1.3686336278915405,Movies,42,context_grounded_dynamic,False,77,1.3686336278915405
75,visual,1.7350705862045288,Movies,42,context_grounded_dynamic,False,77,1.7350705862045288
76,text,1.3801010847091675,Movies,42,context_grounded_dynamic,False,77,1.3801010847091675
76,visual,1.7476987838745117,Movies,42,context_grounded_dynamic,False,77,1.7476987838745117
77,text,1.3925977945327759,Movies,42,context_grounded_dynamic,True,77,1.3925977945327759
77,visual,1.7591547966003418,Movies,42,context_grounded_dynamic,True,77,1.7591547966003418
78,text,1.406255841255188,Movies,42,context_grounded_dynamic,False,77,1.406255841255188
78,visual,1.7700049877166748,Movies,42,context_grounded_dynamic,False,77,1.7700049877166748
79,text,1.420745849609375,Movies,42,context_grounded_dynamic,False,77,1.420745849609375
79,visual,1.7813259363174438,Movies,42,context_grounded_dynamic,False,77,1.7813259363174438
80,text,1.4347500801086426,Movies,42,context_grounded_dynamic,False,77,1.4347500801086426
80,visual,1.793866515159607,Movies,42,context_grounded_dynamic,False,77,1.793866515159607
81,text,1.4483669996261597,Movies,42,context_grounded_dynamic,False,77,1.4483669996261597
81,visual,1.8050932884216309,Movies,42,context_grounded_dynamic,False,77,1.8050932884216309
82,text,1.4609490633010864,Movies,42,context_grounded_dynamic,False,77,1.4609490633010864
82,visual,1.8166518211364746,Movies,42,context_grounded_dynamic,False,77,1.8166518211364746
83,text,1.473854899406433,Movies,42,context_grounded_dynamic,False,77,1.473854899406433
83,visual,1.827056884765625,Movies,42,context_grounded_dynamic,False,77,1.827056884765625
84,text,1.4865902662277222,Movies,42,context_grounded_dynamic,False,77,1.4865902662277222
84,visual,1.838108777999878,Movies,42,context_grounded_dynamic,False,77,1.838108777999878
85,text,1.5004512071609497,Movies,42,context_grounded_dynamic,False,77,1.5004512071609497
85,visual,1.849003791809082,Movies,42,context_grounded_dynamic,False,77,1.849003791809082
86,text,1.5135319232940674,Movies,42,context_grounded_dynamic,False,77,1.5135319232940674
86,visual,1.8612228631973267,Movies,42,context_grounded_dynamic,False,77,1.8612228631973267
87,text,1.5267283916473389,Movies,42,context_grounded_dynamic,False,77,1.5267283916473389
87,visual,1.8742095232009888,Movies,42,context_grounded_dynamic,False,77,1.8742095232009888
88,text,1.539562702178955,Movies,42,context_grounded_dynamic,False,77,1.539562702178955
88,visual,1.8873387575149536,Movies,42,context_grounded_dynamic,False,77,1.8873387575149536
89,text,1.5508408546447754,Movies,42,context_grounded_dynamic,False,77,1.5508408546447754
89,visual,1.8988920450210571,Movies,42,context_grounded_dynamic,False,77,1.8988920450210571
90,text,1.5619032382965088,Movies,42,context_grounded_dynamic,False,77,1.5619032382965088
90,visual,1.9113208055496216,Movies,42,context_grounded_dynamic,False,77,1.9113208055496216
91,text,1.5732676982879639,Movies,42,context_grounded_dynamic,False,77,1.5732676982879639
91,visual,1.923722267150879,Movies,42,context_grounded_dynamic,False,77,1.923722267150879
92,text,1.586383581161499,Movies,42,context_grounded_dynamic,False,77,1.586383581161499
92,visual,1.9382060766220093,Movies,42,context_grounded_dynamic,False,77,1.9382060766220093
93,text,1.5992776155471802,Movies,42,context_grounded_dynamic,False,77,1.5992776155471802
93,visual,1.9515228271484375,Movies,42,context_grounded_dynamic,False,77,1.9515228271484375
94,text,1.6108170747756958,Movies,42,context_grounded_dynamic,False,77,1.6108170747756958
94,visual,1.9639254808425903,Movies,42,context_grounded_dynamic,False,77,1.9639254808425903
95,text,1.6208423376083374,Movies,42,context_grounded_dynamic,False,77,1.6208423376083374
95,visual,1.974610686302185,Movies,42,context_grounded_dynamic,False,77,1.974610686302185
96,text,1.6314159631729126,Movies,42,context_grounded_dynamic,False,77,1.6314159631729126
96,visual,1.9864308834075928,Movies,42,context_grounded_dynamic,False,77,1.9864308834075928
97,text,1.6424695253372192,Movies,42,context_grounded_dynamic,False,77,1.6424695253372192
97,visual,2.0000245571136475,Movies,42,context_grounded_dynamic,False,77,2.0000245571136475
98,text,1.6522696018218994,Movies,42,context_grounded_dynamic,False,77,1.6522696018218994
98,visual,2.013434648513794,Movies,42,context_grounded_dynamic,False,77,2.013434648513794
99,text,1.6639596223831177,Movies,42,context_grounded_dynamic,False,77,1.6639596223831177
99,visual,2.0248942375183105,Movies,42,context_grounded_dynamic,False,77,2.0248942375183105
100,text,1.675803542137146,Movies,42,context_grounded_dynamic,False,77,1.675803542137146
100,visual,2.035369634628296,Movies,42,context_grounded_dynamic,False,77,2.035369634628296
101,text,1.6867107152938843,Movies,42,context_grounded_dynamic,False,77,1.6867107152938843
101,visual,2.0450050830841064,Movies,42,context_grounded_dynamic,False,77,2.0450050830841064
102,text,1.698384404182434,Movies,42,context_grounded_dynamic,False,77,1.698384404182434
102,visual,2.0566933155059814,Movies,42,context_grounded_dynamic,False,77,2.0566933155059814
103,text,1.710326910018921,Movies,42,context_grounded_dynamic,False,77,1.710326910018921
103,visual,2.067793369293213,Movies,42,context_grounded_dynamic,False,77,2.067793369293213
104,text,1.7207683324813843,Movies,42,context_grounded_dynamic,False,77,1.7207683324813843
104,visual,2.0784707069396973,Movies,42,context_grounded_dynamic,False,77,2.0784707069396973
105,text,1.7292572259902954,Movies,42,context_grounded_dynamic,False,77,1.7292572259902954
105,visual,2.0887906551361084,Movies,42,context_grounded_dynamic,False,77,2.0887906551361084
106,text,1.7381025552749634,Movies,42,context_grounded_dynamic,False,77,1.7381025552749634
106,visual,2.097838878631592,Movies,42,context_grounded_dynamic,False,77,2.097838878631592
107,text,1.748661756515503,Movies,42,context_grounded_dynamic,False,77,1.748661756515503
107,visual,2.1072592735290527,Movies,42,context_grounded_dynamic,False,77,2.1072592735290527
1,text,0.09003489464521408,Movies,43,global_grounded_dynamic,False,47,0.09003489464521408
1,visual,0.08917807787656784,Movies,43,global_grounded_dynamic,False,47,0.08917807787656784
2,text,0.13779819011688232,Movies,43,global_grounded_dynamic,False,47,0.13779819011688232
2,visual,0.1368456333875656,Movies,43,global_grounded_dynamic,False,47,0.1368456333875656
3,text,0.17545346915721893,Movies,43,global_grounded_dynamic,False,47,0.17545346915721893
3,visual,0.1743156760931015,Movies,43,global_grounded_dynamic,False,47,0.1743156760931015
4,text,0.20771580934524536,Movies,43,global_grounded_dynamic,False,47,0.20771580934524536
4,visual,0.20809678733348846,Movies,43,global_grounded_dynamic,False,47,0.20809678733348846
5,text,0.23625287413597107,Movies,43,global_grounded_dynamic,False,47,0.23625287413597107
5,visual,0.24174480140209198,Movies,43,global_grounded_dynamic,False,47,0.24174480140209198
6,text,0.2639840841293335,Movies,43,global_grounded_dynamic,False,47,0.2639840841293335
6,visual,0.2779932916164398,Movies,43,global_grounded_dynamic,False,47,0.2779932916164398
7,text,0.29097434878349304,Movies,43,global_grounded_dynamic,False,47,0.29097434878349304
7,visual,0.3149009943008423,Movies,43,global_grounded_dynamic,False,47,0.3149009943008423
8,text,0.31615304946899414,Movies,43,global_grounded_dynamic,False,47,0.31615304946899414
8,visual,0.34671518206596375,Movies,43,global_grounded_dynamic,False,47,0.34671518206596375
9,text,0.3391021490097046,Movies,43,global_grounded_dynamic,False,47,0.3391021490097046
9,visual,0.3720196783542633,Movies,43,global_grounded_dynamic,False,47,0.3720196783542633
10,text,0.35753878951072693,Movies,43,global_grounded_dynamic,False,47,0.35753878951072693
10,visual,0.3935031294822693,Movies,43,global_grounded_dynamic,False,47,0.3935031294822693
11,text,0.37233465909957886,Movies,43,global_grounded_dynamic,False,47,0.37233465909957886
11,visual,0.41464266180992126,Movies,43,global_grounded_dynamic,False,47,0.41464266180992126
12,text,0.38744479417800903,Movies,43,global_grounded_dynamic,False,47,0.38744479417800903
12,visual,0.4366905093193054,Movies,43,global_grounded_dynamic,False,47,0.4366905093193054
13,text,0.402331680059433,Movies,43,global_grounded_dynamic,False,47,0.402331680059433
13,visual,0.45805883407592773,Movies,43,global_grounded_dynamic,False,47,0.45805883407592773
14,text,0.41532886028289795,Movies,43,global_grounded_dynamic,False,47,0.41532886028289795
14,visual,0.4787522256374359,Movies,43,global_grounded_dynamic,False,47,0.4787522256374359
15,text,0.4260513484477997,Movies,43,global_grounded_dynamic,False,47,0.4260513484477997
15,visual,0.4984211027622223,Movies,43,global_grounded_dynamic,False,47,0.4984211027622223
16,text,0.4349019229412079,Movies,43,global_grounded_dynamic,False,47,0.4349019229412079
16,visual,0.5171985626220703,Movies,43,global_grounded_dynamic,False,47,0.5171985626220703
17,text,0.44409310817718506,Movies,43,global_grounded_dynamic,False,47,0.44409310817718506
17,visual,0.5364637970924377,Movies,43,global_grounded_dynamic,False,47,0.5364637970924377
18,text,0.45366689562797546,Movies,43,global_grounded_dynamic,False,47,0.45366689562797546
18,visual,0.5559173226356506,Movies,43,global_grounded_dynamic,False,47,0.5559173226356506
19,text,0.4632633924484253,Movies,43,global_grounded_dynamic,False,47,0.4632633924484253
19,visual,0.5754362940788269,Movies,43,global_grounded_dynamic,False,47,0.5754362940788269
20,text,0.4720461070537567,Movies,43,global_grounded_dynamic,False,47,0.4720461070537567
20,visual,0.5950560569763184,Movies,43,global_grounded_dynamic,False,47,0.5950560569763184
21,text,0.48091137409210205,Movies,43,global_grounded_dynamic,False,47,0.48091137409210205
21,visual,0.6145448088645935,Movies,43,global_grounded_dynamic,False,47,0.6145448088645935
22,text,0.48984137177467346,Movies,43,global_grounded_dynamic,False,47,0.48984137177467346
22,visual,0.6337704658508301,Movies,43,global_grounded_dynamic,False,47,0.6337704658508301
23,text,0.4984155595302582,Movies,43,global_grounded_dynamic,False,47,0.4984155595302582
23,visual,0.6528581380844116,Movies,43,global_grounded_dynamic,False,47,0.6528581380844116
24,text,0.5068597793579102,Movies,43,global_grounded_dynamic,False,47,0.5068597793579102
24,visual,0.6717961430549622,Movies,43,global_grounded_dynamic,False,47,0.6717961430549622
25,text,0.5152499079704285,Movies,43,global_grounded_dynamic,False,47,0.5152499079704285
25,visual,0.6901163458824158,Movies,43,global_grounded_dynamic,False,47,0.6901163458824158
26,text,0.5233075022697449,Movies,43,global_grounded_dynamic,False,47,0.5233075022697449
26,visual,0.7082309722900391,Movies,43,global_grounded_dynamic,False,47,0.7082309722900391
27,text,0.5313610434532166,Movies,43,global_grounded_dynamic,False,47,0.5313610434532166
27,visual,0.7256411910057068,Movies,43,global_grounded_dynamic,False,47,0.7256411910057068
28,text,0.5389265418052673,Movies,43,global_grounded_dynamic,False,47,0.5389265418052673
28,visual,0.742048978805542,Movies,43,global_grounded_dynamic,False,47,0.742048978805542
29,text,0.54599529504776,Movies,43,global_grounded_dynamic,False,47,0.54599529504776
29,visual,0.7580915689468384,Movies,43,global_grounded_dynamic,False,47,0.7580915689468384
30,text,0.5527623891830444,Movies,43,global_grounded_dynamic,False,47,0.5527623891830444
30,visual,0.7739174365997314,Movies,43,global_grounded_dynamic,False,47,0.7739174365997314
31,text,0.5595346689224243,Movies,43,global_grounded_dynamic,False,47,0.5595346689224243
31,visual,0.788475513458252,Movies,43,global_grounded_dynamic,False,47,0.788475513458252
32,text,0.5658058524131775,Movies,43,global_grounded_dynamic,False,47,0.5658058524131775
32,visual,0.8026953339576721,Movies,43,global_grounded_dynamic,False,47,0.8026953339576721
33,text,0.5715771913528442,Movies,43,global_grounded_dynamic,False,47,0.5715771913528442
33,visual,0.8174546360969543,Movies,43,global_grounded_dynamic,False,47,0.8174546360969543
34,text,0.5769441723823547,Movies,43,global_grounded_dynamic,False,47,0.5769441723823547
34,visual,0.8310713768005371,Movies,43,global_grounded_dynamic,False,47,0.8310713768005371
35,text,0.5821548700332642,Movies,43,global_grounded_dynamic,False,47,0.5821548700332642
35,visual,0.8433560132980347,Movies,43,global_grounded_dynamic,False,47,0.8433560132980347
36,text,0.587258517742157,Movies,43,global_grounded_dynamic,False,47,0.587258517742157
36,visual,0.8554078340530396,Movies,43,global_grounded_dynamic,False,47,0.8554078340530396
37,text,0.5918533802032471,Movies,43,global_grounded_dynamic,False,47,0.5918533802032471
37,visual,0.8671669960021973,Movies,43,global_grounded_dynamic,False,47,0.8671669960021973
38,text,0.5959219932556152,Movies,43,global_grounded_dynamic,False,47,0.5959219932556152
38,visual,0.8791559934616089,Movies,43,global_grounded_dynamic,False,47,0.8791559934616089
39,text,0.6001797318458557,Movies,43,global_grounded_dynamic,False,47,0.6001797318458557
39,visual,0.8903370499610901,Movies,43,global_grounded_dynamic,False,47,0.8903370499610901
40,text,0.6046828627586365,Movies,43,global_grounded_dynamic,False,47,0.6046828627586365
40,visual,0.90099036693573,Movies,43,global_grounded_dynamic,False,47,0.90099036693573
41,text,0.6088334918022156,Movies,43,global_grounded_dynamic,False,47,0.6088334918022156
41,visual,0.9116374850273132,Movies,43,global_grounded_dynamic,False,47,0.9116374850273132
42,text,0.6125884652137756,Movies,43,global_grounded_dynamic,False,47,0.6125884652137756
42,visual,0.9216402173042297,Movies,43,global_grounded_dynamic,False,47,0.9216402173042297
43,text,0.6162834167480469,Movies,43,global_grounded_dynamic,False,47,0.6162834167480469
43,visual,0.9321084022521973,Movies,43,global_grounded_dynamic,False,47,0.9321084022521973
44,text,0.6199871301651001,Movies,43,global_grounded_dynamic,False,47,0.6199871301651001
44,visual,0.9419811964035034,Movies,43,global_grounded_dynamic,False,47,0.9419811964035034
45,text,0.6238099932670593,Movies,43,global_grounded_dynamic,False,47,0.6238099932670593
45,visual,0.9522567391395569,Movies,43,global_grounded_dynamic,False,47,0.9522567391395569
46,text,0.6273515820503235,Movies,43,global_grounded_dynamic,False,47,0.6273515820503235
46,visual,0.9620488286018372,Movies,43,global_grounded_dynamic,False,47,0.9620488286018372
47,text,0.6304032206535339,Movies,43,global_grounded_dynamic,True,47,0.6304032206535339
47,visual,0.9713735580444336,Movies,43,global_grounded_dynamic,True,47,0.9713735580444336
48,text,0.6335613131523132,Movies,43,global_grounded_dynamic,False,47,0.6335613131523132
48,visual,0.9804195761680603,Movies,43,global_grounded_dynamic,False,47,0.9804195761680603
49,text,0.6368106603622437,Movies,43,global_grounded_dynamic,False,47,0.6368106603622437
49,visual,0.9887415766716003,Movies,43,global_grounded_dynamic,False,47,0.9887415766716003
50,text,0.6399033069610596,Movies,43,global_grounded_dynamic,False,47,0.6399033069610596
50,visual,0.9971390962600708,Movies,43,global_grounded_dynamic,False,47,0.9971390962600708
51,text,0.6423908472061157,Movies,43,global_grounded_dynamic,False,47,0.6423908472061157
51,visual,1.0051484107971191,Movies,43,global_grounded_dynamic,False,47,1.0051484107971191
52,text,0.6445140838623047,Movies,43,global_grounded_dynamic,False,47,0.6445140838623047
52,visual,1.013061285018921,Movies,43,global_grounded_dynamic,False,47,1.013061285018921
53,text,0.6468877792358398,Movies,43,global_grounded_dynamic,False,47,0.6468877792358398
53,visual,1.0207775831222534,Movies,43,global_grounded_dynamic,False,47,1.0207775831222534
54,text,0.64972323179245,Movies,43,global_grounded_dynamic,False,47,0.64972323179245
54,visual,1.0284067392349243,Movies,43,global_grounded_dynamic,False,47,1.0284067392349243
55,text,0.6524006724357605,Movies,43,global_grounded_dynamic,False,47,0.6524006724357605
55,visual,1.035380482673645,Movies,43,global_grounded_dynamic,False,47,1.035380482673645
56,text,0.6544361710548401,Movies,43,global_grounded_dynamic,False,47,0.6544361710548401
56,visual,1.0418626070022583,Movies,43,global_grounded_dynamic,False,47,1.0418626070022583
57,text,0.6564755439758301,Movies,43,global_grounded_dynamic,False,47,0.6564755439758301
57,visual,1.048457384109497,Movies,43,global_grounded_dynamic,False,47,1.048457384109497
58,text,0.6586992740631104,Movies,43,global_grounded_dynamic,False,47,0.6586992740631104
58,visual,1.0550099611282349,Movies,43,global_grounded_dynamic,False,47,1.0550099611282349
59,text,0.6610486507415771,Movies,43,global_grounded_dynamic,False,47,0.6610486507415771
59,visual,1.0612019300460815,Movies,43,global_grounded_dynamic,False,47,1.0612019300460815
60,text,0.6631417274475098,Movies,43,global_grounded_dynamic,False,47,0.6631417274475098
60,visual,1.0670040845870972,Movies,43,global_grounded_dynamic,False,47,1.0670040845870972
61,text,0.6652252674102783,Movies,43,global_grounded_dynamic,False,47,0.6652252674102783
61,visual,1.0726231336593628,Movies,43,global_grounded_dynamic,False,47,1.0726231336593628
62,text,0.6673755049705505,Movies,43,global_grounded_dynamic,False,47,0.6673755049705505
62,visual,1.0785086154937744,Movies,43,global_grounded_dynamic,False,47,1.0785086154937744
63,text,0.6694999933242798,Movies,43,global_grounded_dynamic,False,47,0.6694999933242798
63,visual,1.0838394165039062,Movies,43,global_grounded_dynamic,False,47,1.0838394165039062
64,text,0.6714830994606018,Movies,43,global_grounded_dynamic,False,47,0.6714830994606018
64,visual,1.089006781578064,Movies,43,global_grounded_dynamic,False,47,1.089006781578064
65,text,0.6738137006759644,Movies,43,global_grounded_dynamic,False,47,0.6738137006759644
65,visual,1.0946019887924194,Movies,43,global_grounded_dynamic,False,47,1.0946019887924194
66,text,0.676148533821106,Movies,43,global_grounded_dynamic,False,47,0.676148533821106
66,visual,1.1001687049865723,Movies,43,global_grounded_dynamic,False,47,1.1001687049865723
67,text,0.6779568791389465,Movies,43,global_grounded_dynamic,False,47,0.6779568791389465
67,visual,1.105390191078186,Movies,43,global_grounded_dynamic,False,47,1.105390191078186
68,text,0.6799038648605347,Movies,43,global_grounded_dynamic,False,47,0.6799038648605347
68,visual,1.1106488704681396,Movies,43,global_grounded_dynamic,False,47,1.1106488704681396
69,text,0.6823169589042664,Movies,43,global_grounded_dynamic,False,47,0.6823169589042664
69,visual,1.1160637140274048,Movies,43,global_grounded_dynamic,False,47,1.1160637140274048
70,text,0.6848054528236389,Movies,43,global_grounded_dynamic,False,47,0.6848054528236389
70,visual,1.1213339567184448,Movies,43,global_grounded_dynamic,False,47,1.1213339567184448
71,text,0.6870490312576294,Movies,43,global_grounded_dynamic,False,47,0.6870490312576294
71,visual,1.126598596572876,Movies,43,global_grounded_dynamic,False,47,1.126598596572876
72,text,0.6895553469657898,Movies,43,global_grounded_dynamic,False,47,0.6895553469657898
72,visual,1.1316499710083008,Movies,43,global_grounded_dynamic,False,47,1.1316499710083008
73,text,0.6922317147254944,Movies,43,global_grounded_dynamic,False,47,0.6922317147254944
73,visual,1.1370278596878052,Movies,43,global_grounded_dynamic,False,47,1.1370278596878052
74,text,0.6950979232788086,Movies,43,global_grounded_dynamic,False,47,0.6950979232788086
74,visual,1.1416693925857544,Movies,43,global_grounded_dynamic,False,47,1.1416693925857544
75,text,0.697747528553009,Movies,43,global_grounded_dynamic,False,47,0.697747528553009
75,visual,1.1461658477783203,Movies,43,global_grounded_dynamic,False,47,1.1461658477783203
76,text,0.7004604339599609,Movies,43,global_grounded_dynamic,False,47,0.7004604339599609
76,visual,1.1508866548538208,Movies,43,global_grounded_dynamic,False,47,1.1508866548538208
77,text,0.7034135460853577,Movies,43,global_grounded_dynamic,False,47,0.7034135460853577
77,visual,1.1560243368148804,Movies,43,global_grounded_dynamic,False,47,1.1560243368148804
1,text,0.0897831991314888,Movies,43,pair_grounded_dynamic,False,35,0.0897831991314888
1,visual,0.08958543092012405,Movies,43,pair_grounded_dynamic,False,35,0.08958543092012405
2,text,0.13711443543434143,Movies,43,pair_grounded_dynamic,False,35,0.13711443543434143
2,visual,0.13761737942695618,Movies,43,pair_grounded_dynamic,False,35,0.13761737942695618
3,text,0.17431452870368958,Movies,43,pair_grounded_dynamic,False,35,0.17431452870368958
3,visual,0.1752086579799652,Movies,43,pair_grounded_dynamic,False,35,0.1752086579799652
4,text,0.20759239792823792,Movies,43,pair_grounded_dynamic,False,35,0.20759239792823792
4,visual,0.20976793766021729,Movies,43,pair_grounded_dynamic,False,35,0.20976793766021729
5,text,0.23666688799858093,Movies,43,pair_grounded_dynamic,False,35,0.23666688799858093
5,visual,0.24361775815486908,Movies,43,pair_grounded_dynamic,False,35,0.24361775815486908
6,text,0.265029639005661,Movies,43,pair_grounded_dynamic,False,35,0.265029639005661
6,visual,0.2801039218902588,Movies,43,pair_grounded_dynamic,False,35,0.2801039218902588
7,text,0.2945507764816284,Movies,43,pair_grounded_dynamic,False,35,0.2945507764816284
7,visual,0.317615270614624,Movies,43,pair_grounded_dynamic,False,35,0.317615270614624
8,text,0.32221680879592896,Movies,43,pair_grounded_dynamic,False,35,0.32221680879592896
8,visual,0.35012826323509216,Movies,43,pair_grounded_dynamic,False,35,0.35012826323509216
9,text,0.3459625244140625,Movies,43,pair_grounded_dynamic,False,35,0.3459625244140625
9,visual,0.37713342905044556,Movies,43,pair_grounded_dynamic,False,35,0.37713342905044556
10,text,0.3666696846485138,Movies,43,pair_grounded_dynamic,False,35,0.3666696846485138
10,visual,0.4020530581474304,Movies,43,pair_grounded_dynamic,False,35,0.4020530581474304
11,text,0.38504648208618164,Movies,43,pair_grounded_dynamic,False,35,0.38504648208618164
11,visual,0.427383691072464,Movies,43,pair_grounded_dynamic,False,35,0.427383691072464
12,text,0.4023796021938324,Movies,43,pair_grounded_dynamic,False,35,0.4023796021938324
12,visual,0.45405128598213196,Movies,43,pair_grounded_dynamic,False,35,0.45405128598213196
13,text,0.41928812861442566,Movies,43,pair_grounded_dynamic,False,35,0.41928812861442566
13,visual,0.4791186451911926,Movies,43,pair_grounded_dynamic,False,35,0.4791186451911926
14,text,0.43408533930778503,Movies,43,pair_grounded_dynamic,False,35,0.43408533930778503
14,visual,0.5029489398002625,Movies,43,pair_grounded_dynamic,False,35,0.5029489398002625
15,text,0.4482409954071045,Movies,43,pair_grounded_dynamic,False,35,0.4482409954071045
15,visual,0.5261777639389038,Movies,43,pair_grounded_dynamic,False,35,0.5261777639389038
16,text,0.4621014893054962,Movies,43,pair_grounded_dynamic,False,35,0.4621014893054962
16,visual,0.5477331876754761,Movies,43,pair_grounded_dynamic,False,35,0.5477331876754761
17,text,0.4756605625152588,Movies,43,pair_grounded_dynamic,False,35,0.4756605625152588
17,visual,0.5688857436180115,Movies,43,pair_grounded_dynamic,False,35,0.5688857436180115
18,text,0.4894222915172577,Movies,43,pair_grounded_dynamic,False,35,0.4894222915172577
18,visual,0.590286374092102,Movies,43,pair_grounded_dynamic,False,35,0.590286374092102
19,text,0.502872884273529,Movies,43,pair_grounded_dynamic,False,35,0.502872884273529
19,visual,0.6111432313919067,Movies,43,pair_grounded_dynamic,False,35,0.6111432313919067
20,text,0.5167045593261719,Movies,43,pair_grounded_dynamic,False,35,0.5167045593261719
20,visual,0.6315194368362427,Movies,43,pair_grounded_dynamic,False,35,0.6315194368362427
21,text,0.5305822491645813,Movies,43,pair_grounded_dynamic,False,35,0.5305822491645813
21,visual,0.6519688367843628,Movies,43,pair_grounded_dynamic,False,35,0.6519688367843628
22,text,0.5448883771896362,Movies,43,pair_grounded_dynamic,False,35,0.5448883771896362
22,visual,0.6729313135147095,Movies,43,pair_grounded_dynamic,False,35,0.6729313135147095
23,text,0.5590682625770569,Movies,43,pair_grounded_dynamic,False,35,0.5590682625770569
23,visual,0.693556547164917,Movies,43,pair_grounded_dynamic,False,35,0.693556547164917
24,text,0.5727458000183105,Movies,43,pair_grounded_dynamic,False,35,0.5727458000183105
24,visual,0.7144047617912292,Movies,43,pair_grounded_dynamic,False,35,0.7144047617912292
25,text,0.5851033926010132,Movies,43,pair_grounded_dynamic,False,35,0.5851033926010132
25,visual,0.7351314425468445,Movies,43,pair_grounded_dynamic,False,35,0.7351314425468445
26,text,0.5972372889518738,Movies,43,pair_grounded_dynamic,False,35,0.5972372889518738
26,visual,0.75694340467453,Movies,43,pair_grounded_dynamic,False,35,0.75694340467453
27,text,0.6095665097236633,Movies,43,pair_grounded_dynamic,False,35,0.6095665097236633
27,visual,0.779268741607666,Movies,43,pair_grounded_dynamic,False,35,0.779268741607666
28,text,0.6218520998954773,Movies,43,pair_grounded_dynamic,False,35,0.6218520998954773
28,visual,0.803257167339325,Movies,43,pair_grounded_dynamic,False,35,0.803257167339325
29,text,0.6338689923286438,Movies,43,pair_grounded_dynamic,False,35,0.6338689923286438
29,visual,0.8263595700263977,Movies,43,pair_grounded_dynamic,False,35,0.8263595700263977
30,text,0.6453385353088379,Movies,43,pair_grounded_dynamic,False,35,0.6453385353088379
30,visual,0.8518211841583252,Movies,43,pair_grounded_dynamic,False,35,0.8518211841583252
31,text,0.6571699976921082,Movies,43,pair_grounded_dynamic,False,35,0.6571699976921082
31,visual,0.8772398829460144,Movies,43,pair_grounded_dynamic,False,35,0.8772398829460144
32,text,0.6685788631439209,Movies,43,pair_grounded_dynamic,False,35,0.6685788631439209
32,visual,0.9051329493522644,Movies,43,pair_grounded_dynamic,False,35,0.9051329493522644
33,text,0.680047869682312,Movies,43,pair_grounded_dynamic,False,35,0.680047869682312
33,visual,0.9327045679092407,Movies,43,pair_grounded_dynamic,False,35,0.9327045679092407
34,text,0.6916887760162354,Movies,43,pair_grounded_dynamic,False,35,0.6916887760162354
34,visual,0.9617017507553101,Movies,43,pair_grounded_dynamic,False,35,0.9617017507553101
35,text,0.7039121389389038,Movies,43,pair_grounded_dynamic,True,35,0.7039121389389038
35,visual,0.9896154403686523,Movies,43,pair_grounded_dynamic,True,35,0.9896154403686523
36,text,0.7159749865531921,Movies,43,pair_grounded_dynamic,False,35,0.7159749865531921
36,visual,1.0189465284347534,Movies,43,pair_grounded_dynamic,False,35,1.0189465284347534
37,text,0.7280164361000061,Movies,43,pair_grounded_dynamic,False,35,0.7280164361000061
37,visual,1.0469187498092651,Movies,43,pair_grounded_dynamic,False,35,1.0469187498092651
38,text,0.7408581376075745,Movies,43,pair_grounded_dynamic,False,35,0.7408581376075745
38,visual,1.0778083801269531,Movies,43,pair_grounded_dynamic,False,35,1.0778083801269531
39,text,0.7549221515655518,Movies,43,pair_grounded_dynamic,False,35,0.7549221515655518
39,visual,1.1085638999938965,Movies,43,pair_grounded_dynamic,False,35,1.1085638999938965
40,text,0.7676860094070435,Movies,43,pair_grounded_dynamic,False,35,0.7676860094070435
40,visual,1.1402872800827026,Movies,43,pair_grounded_dynamic,False,35,1.1402872800827026
41,text,0.7812694311141968,Movies,43,pair_grounded_dynamic,False,35,0.7812694311141968
41,visual,1.1700571775436401,Movies,43,pair_grounded_dynamic,False,35,1.1700571775436401
42,text,0.7942199110984802,Movies,43,pair_grounded_dynamic,False,35,0.7942199110984802
42,visual,1.1998783349990845,Movies,43,pair_grounded_dynamic,False,35,1.1998783349990845
43,text,0.8092988729476929,Movies,43,pair_grounded_dynamic,False,35,0.8092988729476929
43,visual,1.2321940660476685,Movies,43,pair_grounded_dynamic,False,35,1.2321940660476685
44,text,0.8240972757339478,Movies,43,pair_grounded_dynamic,False,35,0.8240972757339478
44,visual,1.2593982219696045,Movies,43,pair_grounded_dynamic,False,35,1.2593982219696045
45,text,0.8379217982292175,Movies,43,pair_grounded_dynamic,False,35,0.8379217982292175
45,visual,1.2840720415115356,Movies,43,pair_grounded_dynamic,False,35,1.2840720415115356
46,text,0.8522111773490906,Movies,43,pair_grounded_dynamic,False,35,0.8522111773490906
46,visual,1.3079086542129517,Movies,43,pair_grounded_dynamic,False,35,1.3079086542129517
47,text,0.8673610091209412,Movies,43,pair_grounded_dynamic,False,35,0.8673610091209412
47,visual,1.3286422491073608,Movies,43,pair_grounded_dynamic,False,35,1.3286422491073608
48,text,0.8831667900085449,Movies,43,pair_grounded_dynamic,False,35,0.8831667900085449
48,visual,1.3498258590698242,Movies,43,pair_grounded_dynamic,False,35,1.3498258590698242
49,text,0.8997731804847717,Movies,43,pair_grounded_dynamic,False,35,0.8997731804847717
49,visual,1.3702691793441772,Movies,43,pair_grounded_dynamic,False,35,1.3702691793441772
50,text,0.9158661365509033,Movies,43,pair_grounded_dynamic,False,35,0.9158661365509033
50,visual,1.3897420167922974,Movies,43,pair_grounded_dynamic,False,35,1.3897420167922974
51,text,0.9271100759506226,Movies,43,pair_grounded_dynamic,False,35,0.9271100759506226
51,visual,1.40836763381958,Movies,43,pair_grounded_dynamic,False,35,1.40836763381958
52,text,0.9396835565567017,Movies,43,pair_grounded_dynamic,False,35,0.9396835565567017
52,visual,1.426855206489563,Movies,43,pair_grounded_dynamic,False,35,1.426855206489563
53,text,0.9532414674758911,Movies,43,pair_grounded_dynamic,False,35,0.9532414674758911
53,visual,1.446005940437317,Movies,43,pair_grounded_dynamic,False,35,1.446005940437317
54,text,0.9654102921485901,Movies,43,pair_grounded_dynamic,False,35,0.9654102921485901
54,visual,1.4662028551101685,Movies,43,pair_grounded_dynamic,False,35,1.4662028551101685
55,text,0.9774786233901978,Movies,43,pair_grounded_dynamic,False,35,0.9774786233901978
55,visual,1.4840034246444702,Movies,43,pair_grounded_dynamic,False,35,1.4840034246444702
56,text,0.988829493522644,Movies,43,pair_grounded_dynamic,False,35,0.988829493522644
56,visual,1.500335454940796,Movies,43,pair_grounded_dynamic,False,35,1.500335454940796
57,text,0.9973676800727844,Movies,43,pair_grounded_dynamic,False,35,0.9973676800727844
57,visual,1.516936182975769,Movies,43,pair_grounded_dynamic,False,35,1.516936182975769
58,text,1.0064637660980225,Movies,43,pair_grounded_dynamic,False,35,1.0064637660980225
58,visual,1.5320134162902832,Movies,43,pair_grounded_dynamic,False,35,1.5320134162902832
59,text,1.0178215503692627,Movies,43,pair_grounded_dynamic,False,35,1.0178215503692627
59,visual,1.5471761226654053,Movies,43,pair_grounded_dynamic,False,35,1.5471761226654053
60,text,1.0264078378677368,Movies,43,pair_grounded_dynamic,False,35,1.0264078378677368
60,visual,1.5623669624328613,Movies,43,pair_grounded_dynamic,False,35,1.5623669624328613
61,text,1.0354554653167725,Movies,43,pair_grounded_dynamic,False,35,1.0354554653167725
61,visual,1.5780731439590454,Movies,43,pair_grounded_dynamic,False,35,1.5780731439590454
62,text,1.0438199043273926,Movies,43,pair_grounded_dynamic,False,35,1.0438199043273926
62,visual,1.5923819541931152,Movies,43,pair_grounded_dynamic,False,35,1.5923819541931152
63,text,1.0529202222824097,Movies,43,pair_grounded_dynamic,False,35,1.0529202222824097
63,visual,1.6048599481582642,Movies,43,pair_grounded_dynamic,False,35,1.6048599481582642
64,text,1.0611982345581055,Movies,43,pair_grounded_dynamic,False,35,1.0611982345581055
64,visual,1.6158010959625244,Movies,43,pair_grounded_dynamic,False,35,1.6158010959625244
65,text,1.068533182144165,Movies,43,pair_grounded_dynamic,False,35,1.068533182144165
65,visual,1.62686288356781,Movies,43,pair_grounded_dynamic,False,35,1.62686288356781
1,text,0.08990588784217834,Movies,43,context_grounded_static,False,51,0.08990588784217834
1,visual,0.08958026021718979,Movies,43,context_grounded_static,False,51,0.08958026021718979
2,text,0.13806143403053284,Movies,43,context_grounded_static,False,51,0.13806143403053284
2,visual,0.13844893872737885,Movies,43,context_grounded_static,False,51,0.13844893872737885
3,text,0.17515134811401367,Movies,43,context_grounded_static,False,51,0.17515134811401367
3,visual,0.17306767404079437,Movies,43,context_grounded_static,False,51,0.17306767404079437
4,text,0.20740662515163422,Movies,43,context_grounded_static,False,51,0.20740662515163422
4,visual,0.20553046464920044,Movies,43,context_grounded_static,False,51,0.20553046464920044
5,text,0.2357218712568283,Movies,43,context_grounded_static,False,51,0.2357218712568283
5,visual,0.2390369325876236,Movies,43,context_grounded_static,False,51,0.2390369325876236
6,text,0.2638530433177948,Movies,43,context_grounded_static,False,51,0.2638530433177948
6,visual,0.2757403254508972,Movies,43,context_grounded_static,False,51,0.2757403254508972
7,text,0.29300472140312195,Movies,43,context_grounded_static,False,51,0.29300472140312195
7,visual,0.3132959008216858,Movies,43,context_grounded_static,False,51,0.3132959008216858
8,text,0.3205414116382599,Movies,43,context_grounded_static,False,51,0.3205414116382599
8,visual,0.344713032245636,Movies,43,context_grounded_static,False,51,0.344713032245636
9,text,0.3447396159172058,Movies,43,context_grounded_static,False,51,0.3447396159172058
9,visual,0.3705187439918518,Movies,43,context_grounded_static,False,51,0.3705187439918518
10,text,0.3657875657081604,Movies,43,context_grounded_static,False,51,0.3657875657081604
10,visual,0.39376863837242126,Movies,43,context_grounded_static,False,51,0.39376863837242126
11,text,0.3844051659107208,Movies,43,context_grounded_static,False,51,0.3844051659107208
11,visual,0.41763630509376526,Movies,43,context_grounded_static,False,51,0.41763630509376526
12,text,0.4020739495754242,Movies,43,context_grounded_static,False,51,0.4020739495754242
12,visual,0.44245827198028564,Movies,43,context_grounded_static,False,51,0.44245827198028564
13,text,0.4195331335067749,Movies,43,context_grounded_static,False,51,0.4195331335067749
13,visual,0.46671101450920105,Movies,43,context_grounded_static,False,51,0.46671101450920105
14,text,0.4349731206893921,Movies,43,context_grounded_static,False,51,0.4349731206893921
14,visual,0.49026793241500854,Movies,43,context_grounded_static,False,51,0.49026793241500854
15,text,0.4497935473918915,Movies,43,context_grounded_static,False,51,0.4497935473918915
15,visual,0.5132707953453064,Movies,43,context_grounded_static,False,51,0.5132707953453064
16,text,0.4645194411277771,Movies,43,context_grounded_static,False,51,0.4645194411277771
16,visual,0.5356053113937378,Movies,43,context_grounded_static,False,51,0.5356053113937378
17,text,0.47865647077560425,Movies,43,context_grounded_static,False,51,0.47865647077560425
17,visual,0.5577746629714966,Movies,43,context_grounded_static,False,51,0.5577746629714966
18,text,0.49215012788772583,Movies,43,context_grounded_static,False,51,0.49215012788772583
18,visual,0.5793665051460266,Movies,43,context_grounded_static,False,51,0.5793665051460266
19,text,0.5054516792297363,Movies,43,context_grounded_static,False,51,0.5054516792297363
19,visual,0.6004853844642639,Movies,43,context_grounded_static,False,51,0.6004853844642639
20,text,0.5187510848045349,Movies,43,context_grounded_static,False,51,0.5187510848045349
20,visual,0.621048629283905,Movies,43,context_grounded_static,False,51,0.621048629283905
21,text,0.5323249101638794,Movies,43,context_grounded_static,False,51,0.5323249101638794
21,visual,0.6414687633514404,Movies,43,context_grounded_static,False,51,0.6414687633514404
22,text,0.5455969572067261,Movies,43,context_grounded_static,False,51,0.5455969572067261
22,visual,0.6623210906982422,Movies,43,context_grounded_static,False,51,0.6623210906982422
23,text,0.5589008927345276,Movies,43,context_grounded_static,False,51,0.5589008927345276
23,visual,0.6833117604255676,Movies,43,context_grounded_static,False,51,0.6833117604255676
24,text,0.5713419318199158,Movies,43,context_grounded_static,False,51,0.5713419318199158
24,visual,0.7047432661056519,Movies,43,context_grounded_static,False,51,0.7047432661056519
25,text,0.5835016369819641,Movies,43,context_grounded_static,False,51,0.5835016369819641
25,visual,0.7260963916778564,Movies,43,context_grounded_static,False,51,0.7260963916778564
26,text,0.5941101908683777,Movies,43,context_grounded_static,False,51,0.5941101908683777
26,visual,0.74833744764328,Movies,43,context_grounded_static,False,51,0.74833744764328
27,text,0.6051592826843262,Movies,43,context_grounded_static,False,51,0.6051592826843262
27,visual,0.7709697484970093,Movies,43,context_grounded_static,False,51,0.7709697484970093
28,text,0.6160808205604553,Movies,43,context_grounded_static,False,51,0.6160808205604553
28,visual,0.7958450317382812,Movies,43,context_grounded_static,False,51,0.7958450317382812
29,text,0.6270754337310791,Movies,43,context_grounded_static,False,51,0.6270754337310791
29,visual,0.8203547596931458,Movies,43,context_grounded_static,False,51,0.8203547596931458
30,text,0.6374121308326721,Movies,43,context_grounded_static,False,51,0.6374121308326721
30,visual,0.8470785617828369,Movies,43,context_grounded_static,False,51,0.8470785617828369
31,text,0.6481422781944275,Movies,43,context_grounded_static,False,51,0.6481422781944275
31,visual,0.8730610013008118,Movies,43,context_grounded_static,False,51,0.8730610013008118
32,text,0.6573235988616943,Movies,43,context_grounded_static,False,51,0.6573235988616943
32,visual,0.9014449119567871,Movies,43,context_grounded_static,False,51,0.9014449119567871
33,text,0.6667186617851257,Movies,43,context_grounded_static,False,51,0.6667186617851257
33,visual,0.9291143417358398,Movies,43,context_grounded_static,False,51,0.9291143417358398
34,text,0.6756564378738403,Movies,43,context_grounded_static,False,51,0.6756564378738403
34,visual,0.9582111239433289,Movies,43,context_grounded_static,False,51,0.9582111239433289
35,text,0.6849357485771179,Movies,43,context_grounded_static,False,51,0.6849357485771179
35,visual,0.9847022891044617,Movies,43,context_grounded_static,False,51,0.9847022891044617
36,text,0.6939156651496887,Movies,43,context_grounded_static,False,51,0.6939156651496887
36,visual,1.012166976928711,Movies,43,context_grounded_static,False,51,1.012166976928711
37,text,0.7028549313545227,Movies,43,context_grounded_static,False,51,0.7028549313545227
37,visual,1.0370577573776245,Movies,43,context_grounded_static,False,51,1.0370577573776245
38,text,0.7118536233901978,Movies,43,context_grounded_static,False,51,0.7118536233901978
38,visual,1.0627517700195312,Movies,43,context_grounded_static,False,51,1.0627517700195312
39,text,0.7210136651992798,Movies,43,context_grounded_static,False,51,0.7210136651992798
39,visual,1.0876808166503906,Movies,43,context_grounded_static,False,51,1.0876808166503906
40,text,0.7302812933921814,Movies,43,context_grounded_static,False,51,0.7302812933921814
40,visual,1.1140415668487549,Movies,43,context_grounded_static,False,51,1.1140415668487549
41,text,0.7398144006729126,Movies,43,context_grounded_static,False,51,0.7398144006729126
41,visual,1.1371937990188599,Movies,43,context_grounded_static,False,51,1.1371937990188599
42,text,0.7480038404464722,Movies,43,context_grounded_static,False,51,0.7480038404464722
42,visual,1.1607202291488647,Movies,43,context_grounded_static,False,51,1.1607202291488647
43,text,0.7565113306045532,Movies,43,context_grounded_static,False,51,0.7565113306045532
43,visual,1.182375192642212,Movies,43,context_grounded_static,False,51,1.182375192642212
44,text,0.7655444741249084,Movies,43,context_grounded_static,False,51,0.7655444741249084
44,visual,1.2003003358840942,Movies,43,context_grounded_static,False,51,1.2003003358840942
45,text,0.77298903465271,Movies,43,context_grounded_static,False,51,0.77298903465271
45,visual,1.2187020778656006,Movies,43,context_grounded_static,False,51,1.2187020778656006
46,text,0.7797984480857849,Movies,43,context_grounded_static,False,51,0.7797984480857849
46,visual,1.2357571125030518,Movies,43,context_grounded_static,False,51,1.2357571125030518
47,text,0.7873169183731079,Movies,43,context_grounded_static,False,51,0.7873169183731079
47,visual,1.2511667013168335,Movies,43,context_grounded_static,False,51,1.2511667013168335
48,text,0.7949842810630798,Movies,43,context_grounded_static,False,51,0.7949842810630798
48,visual,1.2655525207519531,Movies,43,context_grounded_static,False,51,1.2655525207519531
49,text,0.8023256063461304,Movies,43,context_grounded_static,False,51,0.8023256063461304
49,visual,1.2809797525405884,Movies,43,context_grounded_static,False,51,1.2809797525405884
50,text,0.8092702627182007,Movies,43,context_grounded_static,False,51,0.8092702627182007
50,visual,1.2959390878677368,Movies,43,context_grounded_static,False,51,1.2959390878677368
51,text,0.8164964318275452,Movies,43,context_grounded_static,True,51,0.8164964318275452
51,visual,1.3107186555862427,Movies,43,context_grounded_static,True,51,1.3107186555862427
52,text,0.8233501315116882,Movies,43,context_grounded_static,False,51,0.8233501315116882
52,visual,1.325242042541504,Movies,43,context_grounded_static,False,51,1.325242042541504
53,text,0.8298417925834656,Movies,43,context_grounded_static,False,51,0.8298417925834656
53,visual,1.339982509613037,Movies,43,context_grounded_static,False,51,1.339982509613037
54,text,0.836852490901947,Movies,43,context_grounded_static,False,51,0.836852490901947
54,visual,1.3542886972427368,Movies,43,context_grounded_static,False,51,1.3542886972427368
55,text,0.8445518016815186,Movies,43,context_grounded_static,False,51,0.8445518016815186
55,visual,1.3692184686660767,Movies,43,context_grounded_static,False,51,1.3692184686660767
56,text,0.8515852689743042,Movies,43,context_grounded_static,False,51,0.8515852689743042
56,visual,1.3837577104568481,Movies,43,context_grounded_static,False,51,1.3837577104568481
57,text,0.8590637445449829,Movies,43,context_grounded_static,False,51,0.8590637445449829
57,visual,1.3979072570800781,Movies,43,context_grounded_static,False,51,1.3979072570800781
58,text,0.8675385117530823,Movies,43,context_grounded_static,False,51,0.8675385117530823
58,visual,1.4122202396392822,Movies,43,context_grounded_static,False,51,1.4122202396392822
59,text,0.8752762675285339,Movies,43,context_grounded_static,False,51,0.8752762675285339
59,visual,1.426231026649475,Movies,43,context_grounded_static,False,51,1.426231026649475
60,text,0.883427619934082,Movies,43,context_grounded_static,False,51,0.883427619934082
60,visual,1.4410927295684814,Movies,43,context_grounded_static,False,51,1.4410927295684814
61,text,0.8918554186820984,Movies,43,context_grounded_static,False,51,0.8918554186820984
61,visual,1.4552842378616333,Movies,43,context_grounded_static,False,51,1.4552842378616333
62,text,0.9007121324539185,Movies,43,context_grounded_static,False,51,0.9007121324539185
62,visual,1.4701884984970093,Movies,43,context_grounded_static,False,51,1.4701884984970093
63,text,0.9086236953735352,Movies,43,context_grounded_static,False,51,0.9086236953735352
63,visual,1.485855221748352,Movies,43,context_grounded_static,False,51,1.485855221748352
64,text,0.9173214435577393,Movies,43,context_grounded_static,False,51,0.9173214435577393
64,visual,1.502829670906067,Movies,43,context_grounded_static,False,51,1.502829670906067
65,text,0.9264332056045532,Movies,43,context_grounded_static,False,51,0.9264332056045532
65,visual,1.5195256471633911,Movies,43,context_grounded_static,False,51,1.5195256471633911
66,text,0.9346300959587097,Movies,43,context_grounded_static,False,51,0.9346300959587097
66,visual,1.5361733436584473,Movies,43,context_grounded_static,False,51,1.5361733436584473
67,text,0.9424393177032471,Movies,43,context_grounded_static,False,51,0.9424393177032471
67,visual,1.5518674850463867,Movies,43,context_grounded_static,False,51,1.5518674850463867
68,text,0.9504753351211548,Movies,43,context_grounded_static,False,51,0.9504753351211548
68,visual,1.5660480260849,Movies,43,context_grounded_static,False,51,1.5660480260849
69,text,0.9597210884094238,Movies,43,context_grounded_static,False,51,0.9597210884094238
69,visual,1.5804574489593506,Movies,43,context_grounded_static,False,51,1.5804574489593506
70,text,0.9684678912162781,Movies,43,context_grounded_static,False,51,0.9684678912162781
70,visual,1.5945265293121338,Movies,43,context_grounded_static,False,51,1.5945265293121338
71,text,0.9760388135910034,Movies,43,context_grounded_static,False,51,0.9760388135910034
71,visual,1.6072266101837158,Movies,43,context_grounded_static,False,51,1.6072266101837158
72,text,0.983868420124054,Movies,43,context_grounded_static,False,51,0.983868420124054
72,visual,1.6206732988357544,Movies,43,context_grounded_static,False,51,1.6206732988357544
73,text,0.9916197657585144,Movies,43,context_grounded_static,False,51,0.9916197657585144
73,visual,1.6337257623672485,Movies,43,context_grounded_static,False,51,1.6337257623672485
74,text,1.0000416040420532,Movies,43,context_grounded_static,False,51,1.0000416040420532
74,visual,1.6467293500900269,Movies,43,context_grounded_static,False,51,1.6467293500900269
75,text,1.007915735244751,Movies,43,context_grounded_static,False,51,1.007915735244751
75,visual,1.657603144645691,Movies,43,context_grounded_static,False,51,1.657603144645691
76,text,1.0141512155532837,Movies,43,context_grounded_static,False,51,1.0141512155532837
76,visual,1.6666951179504395,Movies,43,context_grounded_static,False,51,1.6666951179504395
77,text,1.019433856010437,Movies,43,context_grounded_static,False,51,1.019433856010437
77,visual,1.6763025522232056,Movies,43,context_grounded_static,False,51,1.6763025522232056
78,text,1.0252984762191772,Movies,43,context_grounded_static,False,51,1.0252984762191772
78,visual,1.686062216758728,Movies,43,context_grounded_static,False,51,1.686062216758728
79,text,1.0317271947860718,Movies,43,context_grounded_static,False,51,1.0317271947860718
79,visual,1.6958401203155518,Movies,43,context_grounded_static,False,51,1.6958401203155518
80,text,1.0386461019515991,Movies,43,context_grounded_static,False,51,1.0386461019515991
80,visual,1.705976963043213,Movies,43,context_grounded_static,False,51,1.705976963043213
81,text,1.0448716878890991,Movies,43,context_grounded_static,False,51,1.0448716878890991
81,visual,1.715985894203186,Movies,43,context_grounded_static,False,51,1.715985894203186
1,text,0.08981847763061523,Movies,43,context_grounded_dynamic,False,34,0.08981847763061523
1,visual,0.08962824940681458,Movies,43,context_grounded_dynamic,False,34,0.08962824940681458
2,text,0.13757295906543732,Movies,43,context_grounded_dynamic,False,34,0.13757295906543732
2,visual,0.1378781497478485,Movies,43,context_grounded_dynamic,False,34,0.1378781497478485
3,text,0.1740458756685257,Movies,43,context_grounded_dynamic,False,34,0.1740458756685257
3,visual,0.1731758862733841,Movies,43,context_grounded_dynamic,False,34,0.1731758862733841
4,text,0.20657850801944733,Movies,43,context_grounded_dynamic,False,34,0.20657850801944733
4,visual,0.20625068247318268,Movies,43,context_grounded_dynamic,False,34,0.20625068247318268
5,text,0.2350144237279892,Movies,43,context_grounded_dynamic,False,34,0.2350144237279892
5,visual,0.23979076743125916,Movies,43,context_grounded_dynamic,False,34,0.23979076743125916
6,text,0.2633751928806305,Movies,43,context_grounded_dynamic,False,34,0.2633751928806305
6,visual,0.27614322304725647,Movies,43,context_grounded_dynamic,False,34,0.27614322304725647
7,text,0.29252779483795166,Movies,43,context_grounded_dynamic,False,34,0.29252779483795166
7,visual,0.31337419152259827,Movies,43,context_grounded_dynamic,False,34,0.31337419152259827
8,text,0.3192251920700073,Movies,43,context_grounded_dynamic,False,34,0.3192251920700073
8,visual,0.34587693214416504,Movies,43,context_grounded_dynamic,False,34,0.34587693214416504
9,text,0.34276536107063293,Movies,43,context_grounded_dynamic,False,34,0.34276536107063293
9,visual,0.37280726432800293,Movies,43,context_grounded_dynamic,False,34,0.37280726432800293
10,text,0.3625575304031372,Movies,43,context_grounded_dynamic,False,34,0.3625575304031372
10,visual,0.39619147777557373,Movies,43,context_grounded_dynamic,False,34,0.39619147777557373
11,text,0.3797343075275421,Movies,43,context_grounded_dynamic,False,34,0.3797343075275421
11,visual,0.419599711894989,Movies,43,context_grounded_dynamic,False,34,0.419599711894989
12,text,0.3961232304573059,Movies,43,context_grounded_dynamic,False,34,0.3961232304573059
12,visual,0.4444632828235626,Movies,43,context_grounded_dynamic,False,34,0.4444632828235626
13,text,0.4125820994377136,Movies,43,context_grounded_dynamic,False,34,0.4125820994377136
13,visual,0.4680562913417816,Movies,43,context_grounded_dynamic,False,34,0.4680562913417816
14,text,0.42659708857536316,Movies,43,context_grounded_dynamic,False,34,0.42659708857536316
14,visual,0.4908982515335083,Movies,43,context_grounded_dynamic,False,34,0.4908982515335083
15,text,0.43960076570510864,Movies,43,context_grounded_dynamic,False,34,0.43960076570510864
15,visual,0.5137349367141724,Movies,43,context_grounded_dynamic,False,34,0.5137349367141724
16,text,0.452380895614624,Movies,43,context_grounded_dynamic,False,34,0.452380895614624
16,visual,0.5353816747665405,Movies,43,context_grounded_dynamic,False,34,0.5353816747665405
17,text,0.4651925265789032,Movies,43,context_grounded_dynamic,False,34,0.4651925265789032
17,visual,0.5568813681602478,Movies,43,context_grounded_dynamic,False,34,0.5568813681602478
18,text,0.478080153465271,Movies,43,context_grounded_dynamic,False,34,0.478080153465271
18,visual,0.5787121057510376,Movies,43,context_grounded_dynamic,False,34,0.5787121057510376
19,text,0.4907197654247284,Movies,43,context_grounded_dynamic,False,34,0.4907197654247284
19,visual,0.5997963547706604,Movies,43,context_grounded_dynamic,False,34,0.5997963547706604
20,text,0.5035426616668701,Movies,43,context_grounded_dynamic,False,34,0.5035426616668701
20,visual,0.6205260753631592,Movies,43,context_grounded_dynamic,False,34,0.6205260753631592
21,text,0.5163605809211731,Movies,43,context_grounded_dynamic,False,34,0.5163605809211731
21,visual,0.6411541104316711,Movies,43,context_grounded_dynamic,False,34,0.6411541104316711
22,text,0.5295601487159729,Movies,43,context_grounded_dynamic,False,34,0.5295601487159729
22,visual,0.6629989147186279,Movies,43,context_grounded_dynamic,False,34,0.6629989147186279
23,text,0.5428330898284912,Movies,43,context_grounded_dynamic,False,34,0.5428330898284912
23,visual,0.6847938299179077,Movies,43,context_grounded_dynamic,False,34,0.6847938299179077
24,text,0.5559692978858948,Movies,43,context_grounded_dynamic,False,34,0.5559692978858948
24,visual,0.7073320746421814,Movies,43,context_grounded_dynamic,False,34,0.7073320746421814
25,text,0.5681658387184143,Movies,43,context_grounded_dynamic,False,34,0.5681658387184143
25,visual,0.7295473217964172,Movies,43,context_grounded_dynamic,False,34,0.7295473217964172
26,text,0.5806398391723633,Movies,43,context_grounded_dynamic,False,34,0.5806398391723633
26,visual,0.7535825967788696,Movies,43,context_grounded_dynamic,False,34,0.7535825967788696
27,text,0.5930298566818237,Movies,43,context_grounded_dynamic,False,34,0.5930298566818237
27,visual,0.7779490351676941,Movies,43,context_grounded_dynamic,False,34,0.7779490351676941
28,text,0.605143129825592,Movies,43,context_grounded_dynamic,False,34,0.605143129825592
28,visual,0.8040890693664551,Movies,43,context_grounded_dynamic,False,34,0.8040890693664551
29,text,0.6169226169586182,Movies,43,context_grounded_dynamic,False,34,0.6169226169586182
29,visual,0.8298963904380798,Movies,43,context_grounded_dynamic,False,34,0.8298963904380798
30,text,0.6289764046669006,Movies,43,context_grounded_dynamic,False,34,0.6289764046669006
30,visual,0.8581612706184387,Movies,43,context_grounded_dynamic,False,34,0.8581612706184387
31,text,0.640508770942688,Movies,43,context_grounded_dynamic,False,34,0.640508770942688
31,visual,0.8877797722816467,Movies,43,context_grounded_dynamic,False,34,0.8877797722816467
32,text,0.6529461145401001,Movies,43,context_grounded_dynamic,False,34,0.6529461145401001
32,visual,0.9190588593482971,Movies,43,context_grounded_dynamic,False,34,0.9190588593482971
33,text,0.6639770865440369,Movies,43,context_grounded_dynamic,False,34,0.6639770865440369
33,visual,0.951242983341217,Movies,43,context_grounded_dynamic,False,34,0.951242983341217
34,text,0.675930917263031,Movies,43,context_grounded_dynamic,True,34,0.675930917263031
34,visual,0.9816579222679138,Movies,43,context_grounded_dynamic,True,34,0.9816579222679138
35,text,0.688247561454773,Movies,43,context_grounded_dynamic,False,34,0.688247561454773
35,visual,1.01349937915802,Movies,43,context_grounded_dynamic,False,34,1.01349937915802
36,text,0.6997747421264648,Movies,43,context_grounded_dynamic,False,34,0.6997747421264648
36,visual,1.0423990488052368,Movies,43,context_grounded_dynamic,False,34,1.0423990488052368
37,text,0.7104174494743347,Movies,43,context_grounded_dynamic,False,34,0.7104174494743347
37,visual,1.0724751949310303,Movies,43,context_grounded_dynamic,False,34,1.0724751949310303
38,text,0.7207517623901367,Movies,43,context_grounded_dynamic,False,34,0.7207517623901367
38,visual,1.0991805791854858,Movies,43,context_grounded_dynamic,False,34,1.0991805791854858
39,text,0.7319703102111816,Movies,43,context_grounded_dynamic,False,34,0.7319703102111816
39,visual,1.1260536909103394,Movies,43,context_grounded_dynamic,False,34,1.1260536909103394
40,text,0.7426778078079224,Movies,43,context_grounded_dynamic,False,34,0.7426778078079224
40,visual,1.1504467725753784,Movies,43,context_grounded_dynamic,False,34,1.1504467725753784
41,text,0.7539401054382324,Movies,43,context_grounded_dynamic,False,34,0.7539401054382324
41,visual,1.173457145690918,Movies,43,context_grounded_dynamic,False,34,1.173457145690918
42,text,0.7646080255508423,Movies,43,context_grounded_dynamic,False,34,0.7646080255508423
42,visual,1.195055365562439,Movies,43,context_grounded_dynamic,False,34,1.195055365562439
43,text,0.7757381796836853,Movies,43,context_grounded_dynamic,False,34,0.7757381796836853
43,visual,1.2162350416183472,Movies,43,context_grounded_dynamic,False,34,1.2162350416183472
44,text,0.7875141501426697,Movies,43,context_grounded_dynamic,False,34,0.7875141501426697
44,visual,1.2348681688308716,Movies,43,context_grounded_dynamic,False,34,1.2348681688308716
45,text,0.799237072467804,Movies,43,context_grounded_dynamic,False,34,0.799237072467804
45,visual,1.2526707649230957,Movies,43,context_grounded_dynamic,False,34,1.2526707649230957
46,text,0.8099146485328674,Movies,43,context_grounded_dynamic,False,34,0.8099146485328674
46,visual,1.2694244384765625,Movies,43,context_grounded_dynamic,False,34,1.2694244384765625
47,text,0.8208891749382019,Movies,43,context_grounded_dynamic,False,34,0.8208891749382019
47,visual,1.287016749382019,Movies,43,context_grounded_dynamic,False,34,1.287016749382019
48,text,0.8332646489143372,Movies,43,context_grounded_dynamic,False,34,0.8332646489143372
48,visual,1.3039007186889648,Movies,43,context_grounded_dynamic,False,34,1.3039007186889648
49,text,0.8465197086334229,Movies,43,context_grounded_dynamic,False,34,0.8465197086334229
49,visual,1.3208389282226562,Movies,43,context_grounded_dynamic,False,34,1.3208389282226562
50,text,0.8593683838844299,Movies,43,context_grounded_dynamic,False,34,0.8593683838844299
50,visual,1.3368250131607056,Movies,43,context_grounded_dynamic,False,34,1.3368250131607056
51,text,0.8728076815605164,Movies,43,context_grounded_dynamic,False,34,0.8728076815605164
51,visual,1.3553850650787354,Movies,43,context_grounded_dynamic,False,34,1.3553850650787354
52,text,0.8859882950782776,Movies,43,context_grounded_dynamic,False,34,0.8859882950782776
52,visual,1.3738949298858643,Movies,43,context_grounded_dynamic,False,34,1.3738949298858643
53,text,0.8998211622238159,Movies,43,context_grounded_dynamic,False,34,0.8998211622238159
53,visual,1.3920261859893799,Movies,43,context_grounded_dynamic,False,34,1.3920261859893799
54,text,0.9150335192680359,Movies,43,context_grounded_dynamic,False,34,0.9150335192680359
54,visual,1.4091280698776245,Movies,43,context_grounded_dynamic,False,34,1.4091280698776245
55,text,0.930773138999939,Movies,43,context_grounded_dynamic,False,34,0.930773138999939
55,visual,1.4268916845321655,Movies,43,context_grounded_dynamic,False,34,1.4268916845321655
56,text,0.9463967680931091,Movies,43,context_grounded_dynamic,False,34,0.9463967680931091
56,visual,1.4454892873764038,Movies,43,context_grounded_dynamic,False,34,1.4454892873764038
57,text,0.9630932807922363,Movies,43,context_grounded_dynamic,False,34,0.9630932807922363
57,visual,1.463600754737854,Movies,43,context_grounded_dynamic,False,34,1.463600754737854
58,text,0.980070948600769,Movies,43,context_grounded_dynamic,False,34,0.980070948600769
58,visual,1.4812251329421997,Movies,43,context_grounded_dynamic,False,34,1.4812251329421997
59,text,0.9988623857498169,Movies,43,context_grounded_dynamic,False,34,0.9988623857498169
59,visual,1.4991815090179443,Movies,43,context_grounded_dynamic,False,34,1.4991815090179443
60,text,1.016113519668579,Movies,43,context_grounded_dynamic,False,34,1.016113519668579
60,visual,1.5126389265060425,Movies,43,context_grounded_dynamic,False,34,1.5126389265060425
61,text,1.0307425260543823,Movies,43,context_grounded_dynamic,False,34,1.0307425260543823
61,visual,1.5254932641983032,Movies,43,context_grounded_dynamic,False,34,1.5254932641983032
62,text,1.0452547073364258,Movies,43,context_grounded_dynamic,False,34,1.0452547073364258
62,visual,1.5382856130599976,Movies,43,context_grounded_dynamic,False,34,1.5382856130599976
63,text,1.059755802154541,Movies,43,context_grounded_dynamic,False,34,1.059755802154541
63,visual,1.5510755777359009,Movies,43,context_grounded_dynamic,False,34,1.5510755777359009
64,text,1.073897123336792,Movies,43,context_grounded_dynamic,False,34,1.073897123336792
64,visual,1.563478946685791,Movies,43,context_grounded_dynamic,False,34,1.563478946685791
1,text,0.0896843746304512,Movies,44,global_grounded_dynamic,False,58,0.0896843746304512
1,visual,0.0894358828663826,Movies,44,global_grounded_dynamic,False,58,0.0894358828663826
2,text,0.1391354650259018,Movies,44,global_grounded_dynamic,False,58,0.1391354650259018
2,visual,0.13732534646987915,Movies,44,global_grounded_dynamic,False,58,0.13732534646987915
3,text,0.17212314903736115,Movies,44,global_grounded_dynamic,False,58,0.17212314903736115
3,visual,0.1716882288455963,Movies,44,global_grounded_dynamic,False,58,0.1716882288455963
4,text,0.2028743326663971,Movies,44,global_grounded_dynamic,False,58,0.2028743326663971
4,visual,0.20400752127170563,Movies,44,global_grounded_dynamic,False,58,0.20400752127170563
5,text,0.2290968894958496,Movies,44,global_grounded_dynamic,False,58,0.2290968894958496
5,visual,0.23453687131404877,Movies,44,global_grounded_dynamic,False,58,0.23453687131404877
6,text,0.25530096888542175,Movies,44,global_grounded_dynamic,False,58,0.25530096888542175
6,visual,0.26891419291496277,Movies,44,global_grounded_dynamic,False,58,0.26891419291496277
7,text,0.27857962250709534,Movies,44,global_grounded_dynamic,False,58,0.27857962250709534
7,visual,0.30405130982398987,Movies,44,global_grounded_dynamic,False,58,0.30405130982398987
8,text,0.30132022500038147,Movies,44,global_grounded_dynamic,False,58,0.30132022500038147
8,visual,0.338323175907135,Movies,44,global_grounded_dynamic,False,58,0.338323175907135
9,text,0.32161009311676025,Movies,44,global_grounded_dynamic,False,58,0.32161009311676025
9,visual,0.36605480313301086,Movies,44,global_grounded_dynamic,False,58,0.36605480313301086
10,text,0.34036681056022644,Movies,44,global_grounded_dynamic,False,58,0.34036681056022644
10,visual,0.39121291041374207,Movies,44,global_grounded_dynamic,False,58,0.39121291041374207
11,text,0.3562520146369934,Movies,44,global_grounded_dynamic,False,58,0.3562520146369934
11,visual,0.41427940130233765,Movies,44,global_grounded_dynamic,False,58,0.41427940130233765
12,text,0.3719266653060913,Movies,44,global_grounded_dynamic,False,58,0.3719266653060913
12,visual,0.43776535987854004,Movies,44,global_grounded_dynamic,False,58,0.43776535987854004
13,text,0.387707382440567,Movies,44,global_grounded_dynamic,False,58,0.387707382440567
13,visual,0.46013498306274414,Movies,44,global_grounded_dynamic,False,58,0.46013498306274414
14,text,0.40058571100234985,Movies,44,global_grounded_dynamic,False,58,0.40058571100234985
14,visual,0.4808371365070343,Movies,44,global_grounded_dynamic,False,58,0.4808371365070343
15,text,0.41129976511001587,Movies,44,global_grounded_dynamic,False,58,0.41129976511001587
15,visual,0.501479983329773,Movies,44,global_grounded_dynamic,False,58,0.501479983329773
16,text,0.4217245280742645,Movies,44,global_grounded_dynamic,False,58,0.4217245280742645
16,visual,0.521417498588562,Movies,44,global_grounded_dynamic,False,58,0.521417498588562
17,text,0.4317116439342499,Movies,44,global_grounded_dynamic,False,58,0.4317116439342499
17,visual,0.5413531064987183,Movies,44,global_grounded_dynamic,False,58,0.5413531064987183
18,text,0.44200342893600464,Movies,44,global_grounded_dynamic,False,58,0.44200342893600464
18,visual,0.5608527064323425,Movies,44,global_grounded_dynamic,False,58,0.5608527064323425
19,text,0.45233210921287537,Movies,44,global_grounded_dynamic,False,58,0.45233210921287537
19,visual,0.5800759792327881,Movies,44,global_grounded_dynamic,False,58,0.5800759792327881
20,text,0.46211379766464233,Movies,44,global_grounded_dynamic,False,58,0.46211379766464233
20,visual,0.5986472368240356,Movies,44,global_grounded_dynamic,False,58,0.5986472368240356
21,text,0.4717784821987152,Movies,44,global_grounded_dynamic,False,58,0.4717784821987152
21,visual,0.6170228123664856,Movies,44,global_grounded_dynamic,False,58,0.6170228123664856
22,text,0.48140180110931396,Movies,44,global_grounded_dynamic,False,58,0.48140180110931396
22,visual,0.6349446177482605,Movies,44,global_grounded_dynamic,False,58,0.6349446177482605
23,text,0.49109479784965515,Movies,44,global_grounded_dynamic,False,58,0.49109479784965515
23,visual,0.6529300808906555,Movies,44,global_grounded_dynamic,False,58,0.6529300808906555
24,text,0.5007781386375427,Movies,44,global_grounded_dynamic,False,58,0.5007781386375427
24,visual,0.6713547110557556,Movies,44,global_grounded_dynamic,False,58,0.6713547110557556
25,text,0.5105271935462952,Movies,44,global_grounded_dynamic,False,58,0.5105271935462952
25,visual,0.6896472573280334,Movies,44,global_grounded_dynamic,False,58,0.6896472573280334
26,text,0.5197957754135132,Movies,44,global_grounded_dynamic,False,58,0.5197957754135132
26,visual,0.70782470703125,Movies,44,global_grounded_dynamic,False,58,0.70782470703125
27,text,0.5294343829154968,Movies,44,global_grounded_dynamic,False,58,0.5294343829154968
27,visual,0.724945604801178,Movies,44,global_grounded_dynamic,False,58,0.724945604801178
28,text,0.5380910038948059,Movies,44,global_grounded_dynamic,False,58,0.5380910038948059
28,visual,0.741703987121582,Movies,44,global_grounded_dynamic,False,58,0.741703987121582
29,text,0.5467562675476074,Movies,44,global_grounded_dynamic,False,58,0.5467562675476074
29,visual,0.7577521800994873,Movies,44,global_grounded_dynamic,False,58,0.7577521800994873
30,text,0.5548897385597229,Movies,44,global_grounded_dynamic,False,58,0.5548897385597229
30,visual,0.7739858031272888,Movies,44,global_grounded_dynamic,False,58,0.7739858031272888
31,text,0.5633448362350464,Movies,44,global_grounded_dynamic,False,58,0.5633448362350464
31,visual,0.7900840044021606,Movies,44,global_grounded_dynamic,False,58,0.7900840044021606
32,text,0.5711807012557983,Movies,44,global_grounded_dynamic,False,58,0.5711807012557983
32,visual,0.8064834475517273,Movies,44,global_grounded_dynamic,False,58,0.8064834475517273
33,text,0.5787327885627747,Movies,44,global_grounded_dynamic,False,58,0.5787327885627747
33,visual,0.822363555431366,Movies,44,global_grounded_dynamic,False,58,0.822363555431366
34,text,0.5862087607383728,Movies,44,global_grounded_dynamic,False,58,0.5862087607383728
34,visual,0.8388763666152954,Movies,44,global_grounded_dynamic,False,58,0.8388763666152954
35,text,0.5930823087692261,Movies,44,global_grounded_dynamic,False,58,0.5930823087692261
35,visual,0.8556742668151855,Movies,44,global_grounded_dynamic,False,58,0.8556742668151855
36,text,0.5999886393547058,Movies,44,global_grounded_dynamic,False,58,0.5999886393547058
36,visual,0.8717895746231079,Movies,44,global_grounded_dynamic,False,58,0.8717895746231079
37,text,0.6071794033050537,Movies,44,global_grounded_dynamic,False,58,0.6071794033050537
37,visual,0.8877009153366089,Movies,44,global_grounded_dynamic,False,58,0.8877009153366089
38,text,0.6135364174842834,Movies,44,global_grounded_dynamic,False,58,0.6135364174842834
38,visual,0.9019495248794556,Movies,44,global_grounded_dynamic,False,58,0.9019495248794556
39,text,0.619110643863678,Movies,44,global_grounded_dynamic,False,58,0.619110643863678
39,visual,0.9149654507637024,Movies,44,global_grounded_dynamic,False,58,0.9149654507637024
40,text,0.6245953440666199,Movies,44,global_grounded_dynamic,False,58,0.6245953440666199
40,visual,0.9275023937225342,Movies,44,global_grounded_dynamic,False,58,0.9275023937225342
41,text,0.6299906969070435,Movies,44,global_grounded_dynamic,False,58,0.6299906969070435
41,visual,0.9390842914581299,Movies,44,global_grounded_dynamic,False,58,0.9390842914581299
42,text,0.6348530650138855,Movies,44,global_grounded_dynamic,False,58,0.6348530650138855
42,visual,0.9498079419136047,Movies,44,global_grounded_dynamic,False,58,0.9498079419136047
43,text,0.6391084790229797,Movies,44,global_grounded_dynamic,False,58,0.6391084790229797
43,visual,0.9598925113677979,Movies,44,global_grounded_dynamic,False,58,0.9598925113677979
44,text,0.6431174278259277,Movies,44,global_grounded_dynamic,False,58,0.6431174278259277
44,visual,0.9697672128677368,Movies,44,global_grounded_dynamic,False,58,0.9697672128677368
45,text,0.6470479965209961,Movies,44,global_grounded_dynamic,False,58,0.6470479965209961
45,visual,0.9794861674308777,Movies,44,global_grounded_dynamic,False,58,0.9794861674308777
46,text,0.6504704356193542,Movies,44,global_grounded_dynamic,False,58,0.6504704356193542
46,visual,0.9875428676605225,Movies,44,global_grounded_dynamic,False,58,0.9875428676605225
47,text,0.6534901857376099,Movies,44,global_grounded_dynamic,False,58,0.6534901857376099
47,visual,0.9941609501838684,Movies,44,global_grounded_dynamic,False,58,0.9941609501838684
48,text,0.6566058397293091,Movies,44,global_grounded_dynamic,False,58,0.6566058397293091
48,visual,1.0009701251983643,Movies,44,global_grounded_dynamic,False,58,1.0009701251983643
49,text,0.6597360968589783,Movies,44,global_grounded_dynamic,False,58,0.6597360968589783
49,visual,1.0085926055908203,Movies,44,global_grounded_dynamic,False,58,1.0085926055908203
50,text,0.6628368496894836,Movies,44,global_grounded_dynamic,False,58,0.6628368496894836
50,visual,1.0157434940338135,Movies,44,global_grounded_dynamic,False,58,1.0157434940338135
51,text,0.6659186482429504,Movies,44,global_grounded_dynamic,False,58,0.6659186482429504
51,visual,1.0216307640075684,Movies,44,global_grounded_dynamic,False,58,1.0216307640075684
52,text,0.6686223745346069,Movies,44,global_grounded_dynamic,False,58,0.6686223745346069
52,visual,1.027127742767334,Movies,44,global_grounded_dynamic,False,58,1.027127742767334
53,text,0.6712509393692017,Movies,44,global_grounded_dynamic,False,58,0.6712509393692017
53,visual,1.031867504119873,Movies,44,global_grounded_dynamic,False,58,1.031867504119873
54,text,0.6740630269050598,Movies,44,global_grounded_dynamic,False,58,0.6740630269050598
54,visual,1.0373778343200684,Movies,44,global_grounded_dynamic,False,58,1.0373778343200684
55,text,0.6769168972969055,Movies,44,global_grounded_dynamic,False,58,0.6769168972969055
55,visual,1.0429884195327759,Movies,44,global_grounded_dynamic,False,58,1.0429884195327759
56,text,0.6798202991485596,Movies,44,global_grounded_dynamic,False,58,0.6798202991485596
56,visual,1.0479329824447632,Movies,44,global_grounded_dynamic,False,58,1.0479329824447632
57,text,0.6827437877655029,Movies,44,global_grounded_dynamic,False,58,0.6827437877655029
57,visual,1.05238938331604,Movies,44,global_grounded_dynamic,False,58,1.05238938331604
58,text,0.685593843460083,Movies,44,global_grounded_dynamic,True,58,0.685593843460083
58,visual,1.057229995727539,Movies,44,global_grounded_dynamic,True,58,1.057229995727539
59,text,0.6883978843688965,Movies,44,global_grounded_dynamic,False,58,0.6883978843688965
59,visual,1.0619202852249146,Movies,44,global_grounded_dynamic,False,58,1.0619202852249146
60,text,0.691189706325531,Movies,44,global_grounded_dynamic,False,58,0.691189706325531
60,visual,1.0663502216339111,Movies,44,global_grounded_dynamic,False,58,1.0663502216339111
61,text,0.6941620111465454,Movies,44,global_grounded_dynamic,False,58,0.6941620111465454
61,visual,1.0705878734588623,Movies,44,global_grounded_dynamic,False,58,1.0705878734588623
62,text,0.6970189809799194,Movies,44,global_grounded_dynamic,False,58,0.6970189809799194
62,visual,1.0744744539260864,Movies,44,global_grounded_dynamic,False,58,1.0744744539260864
63,text,0.6998172998428345,Movies,44,global_grounded_dynamic,False,58,0.6998172998428345
63,visual,1.0796117782592773,Movies,44,global_grounded_dynamic,False,58,1.0796117782592773
64,text,0.7026028633117676,Movies,44,global_grounded_dynamic,False,58,0.7026028633117676
64,visual,1.0851430892944336,Movies,44,global_grounded_dynamic,False,58,1.0851430892944336
65,text,0.7053715586662292,Movies,44,global_grounded_dynamic,False,58,0.7053715586662292
65,visual,1.090719223022461,Movies,44,global_grounded_dynamic,False,58,1.090719223022461
66,text,0.7081844806671143,Movies,44,global_grounded_dynamic,False,58,0.7081844806671143
66,visual,1.095262885093689,Movies,44,global_grounded_dynamic,False,58,1.095262885093689
67,text,0.7112158536911011,Movies,44,global_grounded_dynamic,False,58,0.7112158536911011
67,visual,1.100056529045105,Movies,44,global_grounded_dynamic,False,58,1.100056529045105
68,text,0.7140841484069824,Movies,44,global_grounded_dynamic,False,58,0.7140841484069824
68,visual,1.1052191257476807,Movies,44,global_grounded_dynamic,False,58,1.1052191257476807
69,text,0.7171095609664917,Movies,44,global_grounded_dynamic,False,58,0.7171095609664917
69,visual,1.1107110977172852,Movies,44,global_grounded_dynamic,False,58,1.1107110977172852
70,text,0.7197695970535278,Movies,44,global_grounded_dynamic,False,58,0.7197695970535278
70,visual,1.1162370443344116,Movies,44,global_grounded_dynamic,False,58,1.1162370443344116
71,text,0.7228906750679016,Movies,44,global_grounded_dynamic,False,58,0.7228906750679016
71,visual,1.1220859289169312,Movies,44,global_grounded_dynamic,False,58,1.1220859289169312
72,text,0.7259984612464905,Movies,44,global_grounded_dynamic,False,58,0.7259984612464905
72,visual,1.1274861097335815,Movies,44,global_grounded_dynamic,False,58,1.1274861097335815
73,text,0.7288051247596741,Movies,44,global_grounded_dynamic,False,58,0.7288051247596741
73,visual,1.1324189901351929,Movies,44,global_grounded_dynamic,False,58,1.1324189901351929
74,text,0.731386125087738,Movies,44,global_grounded_dynamic,False,58,0.731386125087738
74,visual,1.1371161937713623,Movies,44,global_grounded_dynamic,False,58,1.1371161937713623
75,text,0.7339140772819519,Movies,44,global_grounded_dynamic,False,58,0.7339140772819519
75,visual,1.1415694952011108,Movies,44,global_grounded_dynamic,False,58,1.1415694952011108
76,text,0.7365313172340393,Movies,44,global_grounded_dynamic,False,58,0.7365313172340393
76,visual,1.1457501649856567,Movies,44,global_grounded_dynamic,False,58,1.1457501649856567
77,text,0.7393909096717834,Movies,44,global_grounded_dynamic,False,58,0.7393909096717834
77,visual,1.1497724056243896,Movies,44,global_grounded_dynamic,False,58,1.1497724056243896
78,text,0.7422871589660645,Movies,44,global_grounded_dynamic,False,58,0.7422871589660645
78,visual,1.1544296741485596,Movies,44,global_grounded_dynamic,False,58,1.1544296741485596
79,text,0.7450756430625916,Movies,44,global_grounded_dynamic,False,58,0.7450756430625916
79,visual,1.1585307121276855,Movies,44,global_grounded_dynamic,False,58,1.1585307121276855
80,text,0.7476516962051392,Movies,44,global_grounded_dynamic,False,58,0.7476516962051392
80,visual,1.1621249914169312,Movies,44,global_grounded_dynamic,False,58,1.1621249914169312
81,text,0.7497285008430481,Movies,44,global_grounded_dynamic,False,58,0.7497285008430481
81,visual,1.1648225784301758,Movies,44,global_grounded_dynamic,False,58,1.1648225784301758
82,text,0.7519358992576599,Movies,44,global_grounded_dynamic,False,58,0.7519358992576599
82,visual,1.1678727865219116,Movies,44,global_grounded_dynamic,False,58,1.1678727865219116
83,text,0.7544132471084595,Movies,44,global_grounded_dynamic,False,58,0.7544132471084595
83,visual,1.1714671850204468,Movies,44,global_grounded_dynamic,False,58,1.1714671850204468
84,text,0.7567585706710815,Movies,44,global_grounded_dynamic,False,58,0.7567585706710815
84,visual,1.1747246980667114,Movies,44,global_grounded_dynamic,False,58,1.1747246980667114
85,text,0.7589085102081299,Movies,44,global_grounded_dynamic,False,58,0.7589085102081299
85,visual,1.1770412921905518,Movies,44,global_grounded_dynamic,False,58,1.1770412921905518
86,text,0.7610896229743958,Movies,44,global_grounded_dynamic,False,58,0.7610896229743958
86,visual,1.1795198917388916,Movies,44,global_grounded_dynamic,False,58,1.1795198917388916
87,text,0.7629837989807129,Movies,44,global_grounded_dynamic,False,58,0.7629837989807129
87,visual,1.182312250137329,Movies,44,global_grounded_dynamic,False,58,1.182312250137329
88,text,0.7647991180419922,Movies,44,global_grounded_dynamic,False,58,0.7647991180419922
88,visual,1.1851800680160522,Movies,44,global_grounded_dynamic,False,58,1.1851800680160522
1,text,0.08961759507656097,Movies,44,pair_grounded_dynamic,False,47,0.08961759507656097
1,visual,0.08983103930950165,Movies,44,pair_grounded_dynamic,False,47,0.08983103930950165
2,text,0.13933707773685455,Movies,44,pair_grounded_dynamic,False,47,0.13933707773685455
2,visual,0.1387578547000885,Movies,44,pair_grounded_dynamic,False,47,0.1387578547000885
3,text,0.1739218831062317,Movies,44,pair_grounded_dynamic,False,47,0.1739218831062317
3,visual,0.17512929439544678,Movies,44,pair_grounded_dynamic,False,47,0.17512929439544678
4,text,0.20550450682640076,Movies,44,pair_grounded_dynamic,False,47,0.20550450682640076
4,visual,0.21003933250904083,Movies,44,pair_grounded_dynamic,False,47,0.21003933250904083
5,text,0.23191170394420624,Movies,44,pair_grounded_dynamic,False,47,0.23191170394420624
5,visual,0.2432238757610321,Movies,44,pair_grounded_dynamic,False,47,0.2432238757610321
6,text,0.25891274213790894,Movies,44,pair_grounded_dynamic,False,47,0.25891274213790894
6,visual,0.28015100955963135,Movies,44,pair_grounded_dynamic,False,47,0.28015100955963135
7,text,0.2861461639404297,Movies,44,pair_grounded_dynamic,False,47,0.2861461639404297
7,visual,0.31836867332458496,Movies,44,pair_grounded_dynamic,False,47,0.31836867332458496
8,text,0.3134087920188904,Movies,44,pair_grounded_dynamic,False,47,0.3134087920188904
8,visual,0.35583633184432983,Movies,44,pair_grounded_dynamic,False,47,0.35583633184432983
9,text,0.3372841775417328,Movies,44,pair_grounded_dynamic,False,47,0.3372841775417328
9,visual,0.3869791030883789,Movies,44,pair_grounded_dynamic,False,47,0.3869791030883789
10,text,0.3583645820617676,Movies,44,pair_grounded_dynamic,False,47,0.3583645820617676
10,visual,0.4166179895401001,Movies,44,pair_grounded_dynamic,False,47,0.4166179895401001
11,text,0.3768938183784485,Movies,44,pair_grounded_dynamic,False,47,0.3768938183784485
11,visual,0.4448692202568054,Movies,44,pair_grounded_dynamic,False,47,0.4448692202568054
12,text,0.3946459889411926,Movies,44,pair_grounded_dynamic,False,47,0.3946459889411926
12,visual,0.4723323881626129,Movies,44,pair_grounded_dynamic,False,47,0.4723323881626129
13,text,0.4124085009098053,Movies,44,pair_grounded_dynamic,False,47,0.4124085009098053
13,visual,0.4982953369617462,Movies,44,pair_grounded_dynamic,False,47,0.4982953369617462
14,text,0.4273907542228699,Movies,44,pair_grounded_dynamic,False,47,0.4273907542228699
14,visual,0.5221855640411377,Movies,44,pair_grounded_dynamic,False,47,0.5221855640411377
15,text,0.44114598631858826,Movies,44,pair_grounded_dynamic,False,47,0.44114598631858826
15,visual,0.5455704927444458,Movies,44,pair_grounded_dynamic,False,47,0.5455704927444458
16,text,0.45485740900039673,Movies,44,pair_grounded_dynamic,False,47,0.45485740900039673
16,visual,0.5685526728630066,Movies,44,pair_grounded_dynamic,False,47,0.5685526728630066
17,text,0.4679793119430542,Movies,44,pair_grounded_dynamic,False,47,0.4679793119430542
17,visual,0.5900532603263855,Movies,44,pair_grounded_dynamic,False,47,0.5900532603263855
18,text,0.4810868799686432,Movies,44,pair_grounded_dynamic,False,47,0.4810868799686432
18,visual,0.6114474534988403,Movies,44,pair_grounded_dynamic,False,47,0.6114474534988403
19,text,0.49397149682044983,Movies,44,pair_grounded_dynamic,False,47,0.49397149682044983
19,visual,0.6322394609451294,Movies,44,pair_grounded_dynamic,False,47,0.6322394609451294
20,text,0.5065208077430725,Movies,44,pair_grounded_dynamic,False,47,0.5065208077430725
20,visual,0.6511319875717163,Movies,44,pair_grounded_dynamic,False,47,0.6511319875717163
21,text,0.5190627574920654,Movies,44,pair_grounded_dynamic,False,47,0.5190627574920654
21,visual,0.6700287461280823,Movies,44,pair_grounded_dynamic,False,47,0.6700287461280823
22,text,0.5314913392066956,Movies,44,pair_grounded_dynamic,False,47,0.5314913392066956
22,visual,0.6888049244880676,Movies,44,pair_grounded_dynamic,False,47,0.6888049244880676
23,text,0.5435684323310852,Movies,44,pair_grounded_dynamic,False,47,0.5435684323310852
23,visual,0.7073608636856079,Movies,44,pair_grounded_dynamic,False,47,0.7073608636856079
24,text,0.5553440451622009,Movies,44,pair_grounded_dynamic,False,47,0.5553440451622009
24,visual,0.7268553376197815,Movies,44,pair_grounded_dynamic,False,47,0.7268553376197815
25,text,0.5668702125549316,Movies,44,pair_grounded_dynamic,False,47,0.5668702125549316
25,visual,0.7471751570701599,Movies,44,pair_grounded_dynamic,False,47,0.7471751570701599
26,text,0.5774127244949341,Movies,44,pair_grounded_dynamic,False,47,0.5774127244949341
26,visual,0.7678754925727844,Movies,44,pair_grounded_dynamic,False,47,0.7678754925727844
27,text,0.5884546637535095,Movies,44,pair_grounded_dynamic,False,47,0.5884546637535095
27,visual,0.7897816300392151,Movies,44,pair_grounded_dynamic,False,47,0.7897816300392151
28,text,0.5988195538520813,Movies,44,pair_grounded_dynamic,False,47,0.5988195538520813
28,visual,0.8124610185623169,Movies,44,pair_grounded_dynamic,False,47,0.8124610185623169
29,text,0.6083576083183289,Movies,44,pair_grounded_dynamic,False,47,0.6083576083183289
29,visual,0.8365380167961121,Movies,44,pair_grounded_dynamic,False,47,0.8365380167961121
30,text,0.6186472773551941,Movies,44,pair_grounded_dynamic,False,47,0.6186472773551941
30,visual,0.8624750375747681,Movies,44,pair_grounded_dynamic,False,47,0.8624750375747681
31,text,0.6282849907875061,Movies,44,pair_grounded_dynamic,False,47,0.6282849907875061
31,visual,0.889459490776062,Movies,44,pair_grounded_dynamic,False,47,0.889459490776062
32,text,0.6378405094146729,Movies,44,pair_grounded_dynamic,False,47,0.6378405094146729
32,visual,0.9169338941574097,Movies,44,pair_grounded_dynamic,False,47,0.9169338941574097
33,text,0.6478471159934998,Movies,44,pair_grounded_dynamic,False,47,0.6478471159934998
33,visual,0.9439435005187988,Movies,44,pair_grounded_dynamic,False,47,0.9439435005187988
34,text,0.657074511051178,Movies,44,pair_grounded_dynamic,False,47,0.657074511051178
34,visual,0.9724685549736023,Movies,44,pair_grounded_dynamic,False,47,0.9724685549736023
35,text,0.6667658090591431,Movies,44,pair_grounded_dynamic,False,47,0.6667658090591431
35,visual,1.0025688409805298,Movies,44,pair_grounded_dynamic,False,47,1.0025688409805298
36,text,0.6770731210708618,Movies,44,pair_grounded_dynamic,False,47,0.6770731210708618
36,visual,1.0342923402786255,Movies,44,pair_grounded_dynamic,False,47,1.0342923402786255
37,text,0.6879558563232422,Movies,44,pair_grounded_dynamic,False,47,0.6879558563232422
37,visual,1.0685524940490723,Movies,44,pair_grounded_dynamic,False,47,1.0685524940490723
38,text,0.6992183327674866,Movies,44,pair_grounded_dynamic,False,47,0.6992183327674866
38,visual,1.1026675701141357,Movies,44,pair_grounded_dynamic,False,47,1.1026675701141357
39,text,0.7107679843902588,Movies,44,pair_grounded_dynamic,False,47,0.7107679843902588
39,visual,1.1362179517745972,Movies,44,pair_grounded_dynamic,False,47,1.1362179517745972
40,text,0.7233748435974121,Movies,44,pair_grounded_dynamic,False,47,0.7233748435974121
40,visual,1.1727670431137085,Movies,44,pair_grounded_dynamic,False,47,1.1727670431137085
41,text,0.735975444316864,Movies,44,pair_grounded_dynamic,False,47,0.735975444316864
41,visual,1.208343267440796,Movies,44,pair_grounded_dynamic,False,47,1.208343267440796
42,text,0.7486359477043152,Movies,44,pair_grounded_dynamic,False,47,0.7486359477043152
42,visual,1.2413386106491089,Movies,44,pair_grounded_dynamic,False,47,1.2413386106491089
43,text,0.7629040479660034,Movies,44,pair_grounded_dynamic,False,47,0.7629040479660034
43,visual,1.2749762535095215,Movies,44,pair_grounded_dynamic,False,47,1.2749762535095215
44,text,0.7765284776687622,Movies,44,pair_grounded_dynamic,False,47,0.7765284776687622
44,visual,1.307766318321228,Movies,44,pair_grounded_dynamic,False,47,1.307766318321228
45,text,0.7902805805206299,Movies,44,pair_grounded_dynamic,False,47,0.7902805805206299
45,visual,1.3415260314941406,Movies,44,pair_grounded_dynamic,False,47,1.3415260314941406
46,text,0.803987979888916,Movies,44,pair_grounded_dynamic,False,47,0.803987979888916
46,visual,1.3713659048080444,Movies,44,pair_grounded_dynamic,False,47,1.3713659048080444
47,text,0.818459153175354,Movies,44,pair_grounded_dynamic,True,47,0.818459153175354
47,visual,1.400683879852295,Movies,44,pair_grounded_dynamic,True,47,1.400683879852295
48,text,0.832565188407898,Movies,44,pair_grounded_dynamic,False,47,0.832565188407898
48,visual,1.4292551279067993,Movies,44,pair_grounded_dynamic,False,47,1.4292551279067993
49,text,0.8466908931732178,Movies,44,pair_grounded_dynamic,False,47,0.8466908931732178
49,visual,1.455472469329834,Movies,44,pair_grounded_dynamic,False,47,1.455472469329834
50,text,0.861845850944519,Movies,44,pair_grounded_dynamic,False,47,0.861845850944519
50,visual,1.47709059715271,Movies,44,pair_grounded_dynamic,False,47,1.47709059715271
51,text,0.8772296905517578,Movies,44,pair_grounded_dynamic,False,47,0.8772296905517578
51,visual,1.5000553131103516,Movies,44,pair_grounded_dynamic,False,47,1.5000553131103516
52,text,0.8934802412986755,Movies,44,pair_grounded_dynamic,False,47,0.8934802412986755
52,visual,1.5221556425094604,Movies,44,pair_grounded_dynamic,False,47,1.5221556425094604
53,text,0.9087281227111816,Movies,44,pair_grounded_dynamic,False,47,0.9087281227111816
53,visual,1.5443648099899292,Movies,44,pair_grounded_dynamic,False,47,1.5443648099899292
54,text,0.923989474773407,Movies,44,pair_grounded_dynamic,False,47,0.923989474773407
54,visual,1.565659999847412,Movies,44,pair_grounded_dynamic,False,47,1.565659999847412
55,text,0.9374457597732544,Movies,44,pair_grounded_dynamic,False,47,0.9374457597732544
55,visual,1.5877923965454102,Movies,44,pair_grounded_dynamic,False,47,1.5877923965454102
56,text,0.9522550106048584,Movies,44,pair_grounded_dynamic,False,47,0.9522550106048584
56,visual,1.6106153726577759,Movies,44,pair_grounded_dynamic,False,47,1.6106153726577759
57,text,0.9678744673728943,Movies,44,pair_grounded_dynamic,False,47,0.9678744673728943
57,visual,1.633041262626648,Movies,44,pair_grounded_dynamic,False,47,1.633041262626648
58,text,0.9836764335632324,Movies,44,pair_grounded_dynamic,False,47,0.9836764335632324
58,visual,1.6529827117919922,Movies,44,pair_grounded_dynamic,False,47,1.6529827117919922
59,text,0.9997729659080505,Movies,44,pair_grounded_dynamic,False,47,0.9997729659080505
59,visual,1.672052264213562,Movies,44,pair_grounded_dynamic,False,47,1.672052264213562
60,text,1.014789342880249,Movies,44,pair_grounded_dynamic,False,47,1.014789342880249
60,visual,1.6902838945388794,Movies,44,pair_grounded_dynamic,False,47,1.6902838945388794
61,text,1.029581904411316,Movies,44,pair_grounded_dynamic,False,47,1.029581904411316
61,visual,1.708327054977417,Movies,44,pair_grounded_dynamic,False,47,1.708327054977417
62,text,1.0455222129821777,Movies,44,pair_grounded_dynamic,False,47,1.0455222129821777
62,visual,1.729789137840271,Movies,44,pair_grounded_dynamic,False,47,1.729789137840271
63,text,1.0582836866378784,Movies,44,pair_grounded_dynamic,False,47,1.0582836866378784
63,visual,1.748986005783081,Movies,44,pair_grounded_dynamic,False,47,1.748986005783081
64,text,1.0715548992156982,Movies,44,pair_grounded_dynamic,False,47,1.0715548992156982
64,visual,1.7638970613479614,Movies,44,pair_grounded_dynamic,False,47,1.7638970613479614
65,text,1.0845953226089478,Movies,44,pair_grounded_dynamic,False,47,1.0845953226089478
65,visual,1.7774757146835327,Movies,44,pair_grounded_dynamic,False,47,1.7774757146835327
66,text,1.0980262756347656,Movies,44,pair_grounded_dynamic,False,47,1.0980262756347656
66,visual,1.790691614151001,Movies,44,pair_grounded_dynamic,False,47,1.790691614151001
67,text,1.1088731288909912,Movies,44,pair_grounded_dynamic,False,47,1.1088731288909912
67,visual,1.8030802011489868,Movies,44,pair_grounded_dynamic,False,47,1.8030802011489868
68,text,1.1173491477966309,Movies,44,pair_grounded_dynamic,False,47,1.1173491477966309
68,visual,1.8179410696029663,Movies,44,pair_grounded_dynamic,False,47,1.8179410696029663
69,text,1.127429485321045,Movies,44,pair_grounded_dynamic,False,47,1.127429485321045
69,visual,1.8342312574386597,Movies,44,pair_grounded_dynamic,False,47,1.8342312574386597
70,text,1.1385184526443481,Movies,44,pair_grounded_dynamic,False,47,1.1385184526443481
70,visual,1.851218581199646,Movies,44,pair_grounded_dynamic,False,47,1.851218581199646
71,text,1.1502573490142822,Movies,44,pair_grounded_dynamic,False,47,1.1502573490142822
71,visual,1.866716742515564,Movies,44,pair_grounded_dynamic,False,47,1.866716742515564
72,text,1.1634632349014282,Movies,44,pair_grounded_dynamic,False,47,1.1634632349014282
72,visual,1.8811379671096802,Movies,44,pair_grounded_dynamic,False,47,1.8811379671096802
73,text,1.178603172302246,Movies,44,pair_grounded_dynamic,False,47,1.178603172302246
73,visual,1.8958520889282227,Movies,44,pair_grounded_dynamic,False,47,1.8958520889282227
74,text,1.1967508792877197,Movies,44,pair_grounded_dynamic,False,47,1.1967508792877197
74,visual,1.9109711647033691,Movies,44,pair_grounded_dynamic,False,47,1.9109711647033691
75,text,1.2113838195800781,Movies,44,pair_grounded_dynamic,False,47,1.2113838195800781
75,visual,1.9267512559890747,Movies,44,pair_grounded_dynamic,False,47,1.9267512559890747
76,text,1.2238608598709106,Movies,44,pair_grounded_dynamic,False,47,1.2238608598709106
76,visual,1.9449807405471802,Movies,44,pair_grounded_dynamic,False,47,1.9449807405471802
77,text,1.2363477945327759,Movies,44,pair_grounded_dynamic,False,47,1.2363477945327759
77,visual,1.9607397317886353,Movies,44,pair_grounded_dynamic,False,47,1.9607397317886353
1,text,0.08950676769018173,Movies,44,context_grounded_static,False,60,0.08950676769018173
1,visual,0.08982386440038681,Movies,44,context_grounded_static,False,60,0.08982386440038681
2,text,0.1394709348678589,Movies,44,context_grounded_static,False,60,0.1394709348678589
2,visual,0.13856114447116852,Movies,44,context_grounded_static,False,60,0.13856114447116852
3,text,0.17295700311660767,Movies,44,context_grounded_static,False,60,0.17295700311660767
3,visual,0.17341235280036926,Movies,44,context_grounded_static,False,60,0.17341235280036926
4,text,0.20516353845596313,Movies,44,context_grounded_static,False,60,0.20516353845596313
4,visual,0.20746946334838867,Movies,44,context_grounded_static,False,60,0.20746946334838867
5,text,0.2317875623703003,Movies,44,context_grounded_static,False,60,0.2317875623703003
5,visual,0.2393532693386078,Movies,44,context_grounded_static,False,60,0.2393532693386078
6,text,0.25969094038009644,Movies,44,context_grounded_static,False,60,0.25969094038009644
6,visual,0.27475932240486145,Movies,44,context_grounded_static,False,60,0.27475932240486145
7,text,0.28866705298423767,Movies,44,context_grounded_static,False,60,0.28866705298423767
7,visual,0.31175246834754944,Movies,44,context_grounded_static,False,60,0.31175246834754944
8,text,0.31805503368377686,Movies,44,context_grounded_static,False,60,0.31805503368377686
8,visual,0.34796586632728577,Movies,44,context_grounded_static,False,60,0.34796586632728577
9,text,0.34237098693847656,Movies,44,context_grounded_static,False,60,0.34237098693847656
9,visual,0.3782801628112793,Movies,44,context_grounded_static,False,60,0.3782801628112793
10,text,0.36334696412086487,Movies,44,context_grounded_static,False,60,0.36334696412086487
10,visual,0.40705016255378723,Movies,44,context_grounded_static,False,60,0.40705016255378723
11,text,0.3820074200630188,Movies,44,context_grounded_static,False,60,0.3820074200630188
11,visual,0.434505820274353,Movies,44,context_grounded_static,False,60,0.434505820274353
12,text,0.4001714587211609,Movies,44,context_grounded_static,False,60,0.4001714587211609
12,visual,0.4610002636909485,Movies,44,context_grounded_static,False,60,0.4610002636909485
13,text,0.41825658082962036,Movies,44,context_grounded_static,False,60,0.41825658082962036
13,visual,0.4859802722930908,Movies,44,context_grounded_static,False,60,0.4859802722930908
14,text,0.4332382082939148,Movies,44,context_grounded_static,False,60,0.4332382082939148
14,visual,0.5091549754142761,Movies,44,context_grounded_static,False,60,0.5091549754142761
15,text,0.44688746333122253,Movies,44,context_grounded_static,False,60,0.44688746333122253
15,visual,0.5317016839981079,Movies,44,context_grounded_static,False,60,0.5317016839981079
16,text,0.4607102572917938,Movies,44,context_grounded_static,False,60,0.4607102572917938
16,visual,0.5538469552993774,Movies,44,context_grounded_static,False,60,0.5538469552993774
17,text,0.4743526875972748,Movies,44,context_grounded_static,False,60,0.4743526875972748
17,visual,0.5747833847999573,Movies,44,context_grounded_static,False,60,0.5747833847999573
18,text,0.4877761900424957,Movies,44,context_grounded_static,False,60,0.4877761900424957
18,visual,0.5957797169685364,Movies,44,context_grounded_static,False,60,0.5957797169685364
19,text,0.5007201433181763,Movies,44,context_grounded_static,False,60,0.5007201433181763
19,visual,0.6163315176963806,Movies,44,context_grounded_static,False,60,0.6163315176963806
20,text,0.5132113099098206,Movies,44,context_grounded_static,False,60,0.5132113099098206
20,visual,0.635159432888031,Movies,44,context_grounded_static,False,60,0.635159432888031
21,text,0.5256354808807373,Movies,44,context_grounded_static,False,60,0.5256354808807373
21,visual,0.6538737416267395,Movies,44,context_grounded_static,False,60,0.6538737416267395
22,text,0.5382421016693115,Movies,44,context_grounded_static,False,60,0.5382421016693115
22,visual,0.6722238063812256,Movies,44,context_grounded_static,False,60,0.6722238063812256
23,text,0.5507386326789856,Movies,44,context_grounded_static,False,60,0.5507386326789856
23,visual,0.6904903054237366,Movies,44,context_grounded_static,False,60,0.6904903054237366
24,text,0.5630294680595398,Movies,44,context_grounded_static,False,60,0.5630294680595398
24,visual,0.7089326977729797,Movies,44,context_grounded_static,False,60,0.7089326977729797
25,text,0.5756078362464905,Movies,44,context_grounded_static,False,60,0.5756078362464905
25,visual,0.7275780439376831,Movies,44,context_grounded_static,False,60,0.7275780439376831
26,text,0.5879471898078918,Movies,44,context_grounded_static,False,60,0.5879471898078918
26,visual,0.7466139793395996,Movies,44,context_grounded_static,False,60,0.7466139793395996
27,text,0.6008398532867432,Movies,44,context_grounded_static,False,60,0.6008398532867432
27,visual,0.7651569843292236,Movies,44,context_grounded_static,False,60,0.7651569843292236
28,text,0.613431990146637,Movies,44,context_grounded_static,False,60,0.613431990146637
28,visual,0.7842525243759155,Movies,44,context_grounded_static,False,60,0.7842525243759155
29,text,0.6267349720001221,Movies,44,context_grounded_static,False,60,0.6267349720001221
29,visual,0.8036062121391296,Movies,44,context_grounded_static,False,60,0.8036062121391296
30,text,0.6402276158332825,Movies,44,context_grounded_static,False,60,0.6402276158332825
30,visual,0.8233004212379456,Movies,44,context_grounded_static,False,60,0.8233004212379456
31,text,0.6541970372200012,Movies,44,context_grounded_static,False,60,0.6541970372200012
31,visual,0.8440332412719727,Movies,44,context_grounded_static,False,60,0.8440332412719727
32,text,0.6692476272583008,Movies,44,context_grounded_static,False,60,0.6692476272583008
32,visual,0.8643785715103149,Movies,44,context_grounded_static,False,60,0.8643785715103149
33,text,0.683859646320343,Movies,44,context_grounded_static,False,60,0.683859646320343
33,visual,0.8855063319206238,Movies,44,context_grounded_static,False,60,0.8855063319206238
34,text,0.6982501745223999,Movies,44,context_grounded_static,False,60,0.6982501745223999
34,visual,0.9065484404563904,Movies,44,context_grounded_static,False,60,0.9065484404563904
35,text,0.7135705947875977,Movies,44,context_grounded_static,False,60,0.7135705947875977
35,visual,0.929110586643219,Movies,44,context_grounded_static,False,60,0.929110586643219
36,text,0.7291985154151917,Movies,44,context_grounded_static,False,60,0.7291985154151917
36,visual,0.9537166357040405,Movies,44,context_grounded_static,False,60,0.9537166357040405
37,text,0.7449468374252319,Movies,44,context_grounded_static,False,60,0.7449468374252319
37,visual,0.9783006906509399,Movies,44,context_grounded_static,False,60,0.9783006906509399
38,text,0.7603698372840881,Movies,44,context_grounded_static,False,60,0.7603698372840881
38,visual,1.0037140846252441,Movies,44,context_grounded_static,False,60,1.0037140846252441
39,text,0.7765681743621826,Movies,44,context_grounded_static,False,60,0.7765681743621826
39,visual,1.0293232202529907,Movies,44,context_grounded_static,False,60,1.0293232202529907
40,text,0.79506915807724,Movies,44,context_grounded_static,False,60,0.79506915807724
40,visual,1.0577384233474731,Movies,44,context_grounded_static,False,60,1.0577384233474731
41,text,0.8131688237190247,Movies,44,context_grounded_static,False,60,0.8131688237190247
41,visual,1.0849937200546265,Movies,44,context_grounded_static,False,60,1.0849937200546265
42,text,0.8317551016807556,Movies,44,context_grounded_static,False,60,0.8317551016807556
42,visual,1.111256718635559,Movies,44,context_grounded_static,False,60,1.111256718635559
43,text,0.849872350692749,Movies,44,context_grounded_static,False,60,0.849872350692749
43,visual,1.137302279472351,Movies,44,context_grounded_static,False,60,1.137302279472351
44,text,0.8653743267059326,Movies,44,context_grounded_static,False,60,0.8653743267059326
44,visual,1.1628036499023438,Movies,44,context_grounded_static,False,60,1.1628036499023438
45,text,0.8798484206199646,Movies,44,context_grounded_static,False,60,0.8798484206199646
45,visual,1.1889394521713257,Movies,44,context_grounded_static,False,60,1.1889394521713257
46,text,0.8919525146484375,Movies,44,context_grounded_static,False,60,0.8919525146484375
46,visual,1.21383798122406,Movies,44,context_grounded_static,False,60,1.21383798122406
47,text,0.9040256142616272,Movies,44,context_grounded_static,False,60,0.9040256142616272
47,visual,1.2369297742843628,Movies,44,context_grounded_static,False,60,1.2369297742843628
48,text,0.9154612421989441,Movies,44,context_grounded_static,False,60,0.9154612421989441
48,visual,1.2596338987350464,Movies,44,context_grounded_static,False,60,1.2596338987350464
49,text,0.927345335483551,Movies,44,context_grounded_static,False,60,0.927345335483551
49,visual,1.2822630405426025,Movies,44,context_grounded_static,False,60,1.2822630405426025
50,text,0.9392656683921814,Movies,44,context_grounded_static,False,60,0.9392656683921814
50,visual,1.3034967184066772,Movies,44,context_grounded_static,False,60,1.3034967184066772
51,text,0.9510498642921448,Movies,44,context_grounded_static,False,60,0.9510498642921448
51,visual,1.3240045309066772,Movies,44,context_grounded_static,False,60,1.3240045309066772
52,text,0.9634721875190735,Movies,44,context_grounded_static,False,60,0.9634721875190735
52,visual,1.3445481061935425,Movies,44,context_grounded_static,False,60,1.3445481061935425
53,text,0.9752893447875977,Movies,44,context_grounded_static,False,60,0.9752893447875977
53,visual,1.3646900653839111,Movies,44,context_grounded_static,False,60,1.3646900653839111
54,text,0.9883871674537659,Movies,44,context_grounded_static,False,60,0.9883871674537659
54,visual,1.3835725784301758,Movies,44,context_grounded_static,False,60,1.3835725784301758
55,text,1.0008174180984497,Movies,44,context_grounded_static,False,60,1.0008174180984497
55,visual,1.4024057388305664,Movies,44,context_grounded_static,False,60,1.4024057388305664
56,text,1.014697551727295,Movies,44,context_grounded_static,False,60,1.014697551727295
56,visual,1.4226864576339722,Movies,44,context_grounded_static,False,60,1.4226864576339722
57,text,1.0305167436599731,Movies,44,context_grounded_static,False,60,1.0305167436599731
57,visual,1.4450796842575073,Movies,44,context_grounded_static,False,60,1.4450796842575073
58,text,1.0459171533584595,Movies,44,context_grounded_static,False,60,1.0459171533584595
58,visual,1.4673815965652466,Movies,44,context_grounded_static,False,60,1.4673815965652466
59,text,1.0615897178649902,Movies,44,context_grounded_static,False,60,1.0615897178649902
59,visual,1.488720178604126,Movies,44,context_grounded_static,False,60,1.488720178604126
60,text,1.0771613121032715,Movies,44,context_grounded_static,True,60,1.0771613121032715
60,visual,1.5087671279907227,Movies,44,context_grounded_static,True,60,1.5087671279907227
61,text,1.0947108268737793,Movies,44,context_grounded_static,False,60,1.0947108268737793
61,visual,1.5305767059326172,Movies,44,context_grounded_static,False,60,1.5305767059326172
62,text,1.1121352910995483,Movies,44,context_grounded_static,False,60,1.1121352910995483
62,visual,1.5542525053024292,Movies,44,context_grounded_static,False,60,1.5542525053024292
63,text,1.1285146474838257,Movies,44,context_grounded_static,False,60,1.1285146474838257
63,visual,1.5789717435836792,Movies,44,context_grounded_static,False,60,1.5789717435836792
64,text,1.143973469734192,Movies,44,context_grounded_static,False,60,1.143973469734192
64,visual,1.6042324304580688,Movies,44,context_grounded_static,False,60,1.6042324304580688
65,text,1.1589882373809814,Movies,44,context_grounded_static,False,60,1.1589882373809814
65,visual,1.6295669078826904,Movies,44,context_grounded_static,False,60,1.6295669078826904
66,text,1.1751376390457153,Movies,44,context_grounded_static,False,60,1.1751376390457153
66,visual,1.6558793783187866,Movies,44,context_grounded_static,False,60,1.6558793783187866
67,text,1.187699556350708,Movies,44,context_grounded_static,False,60,1.187699556350708
67,visual,1.6815199851989746,Movies,44,context_grounded_static,False,60,1.6815199851989746
68,text,1.2009212970733643,Movies,44,context_grounded_static,False,60,1.2009212970733643
68,visual,1.7048338651657104,Movies,44,context_grounded_static,False,60,1.7048338651657104
69,text,1.2128145694732666,Movies,44,context_grounded_static,False,60,1.2128145694732666
69,visual,1.7260035276412964,Movies,44,context_grounded_static,False,60,1.7260035276412964
70,text,1.2278701066970825,Movies,44,context_grounded_static,False,60,1.2278701066970825
70,visual,1.7485543489456177,Movies,44,context_grounded_static,False,60,1.7485543489456177
71,text,1.240513801574707,Movies,44,context_grounded_static,False,60,1.240513801574707
71,visual,1.7698078155517578,Movies,44,context_grounded_static,False,60,1.7698078155517578
72,text,1.2507050037384033,Movies,44,context_grounded_static,False,60,1.2507050037384033
72,visual,1.788974642753601,Movies,44,context_grounded_static,False,60,1.788974642753601
73,text,1.2605793476104736,Movies,44,context_grounded_static,False,60,1.2605793476104736
73,visual,1.8067148923873901,Movies,44,context_grounded_static,False,60,1.8067148923873901
74,text,1.2707186937332153,Movies,44,context_grounded_static,False,60,1.2707186937332153
74,visual,1.8236881494522095,Movies,44,context_grounded_static,False,60,1.8236881494522095
75,text,1.280759572982788,Movies,44,context_grounded_static,False,60,1.280759572982788
75,visual,1.8412307500839233,Movies,44,context_grounded_static,False,60,1.8412307500839233
76,text,1.2893520593643188,Movies,44,context_grounded_static,False,60,1.2893520593643188
76,visual,1.8587197065353394,Movies,44,context_grounded_static,False,60,1.8587197065353394
77,text,1.2977458238601685,Movies,44,context_grounded_static,False,60,1.2977458238601685
77,visual,1.8769481182098389,Movies,44,context_grounded_static,False,60,1.8769481182098389
78,text,1.3074415922164917,Movies,44,context_grounded_static,False,60,1.3074415922164917
78,visual,1.8943694829940796,Movies,44,context_grounded_static,False,60,1.8943694829940796
79,text,1.3189938068389893,Movies,44,context_grounded_static,False,60,1.3189938068389893
79,visual,1.910353183746338,Movies,44,context_grounded_static,False,60,1.910353183746338
80,text,1.3284220695495605,Movies,44,context_grounded_static,False,60,1.3284220695495605
80,visual,1.9242702722549438,Movies,44,context_grounded_static,False,60,1.9242702722549438
81,text,1.3377971649169922,Movies,44,context_grounded_static,False,60,1.3377971649169922
81,visual,1.9398577213287354,Movies,44,context_grounded_static,False,60,1.9398577213287354
82,text,1.3470115661621094,Movies,44,context_grounded_static,False,60,1.3470115661621094
82,visual,1.9550247192382812,Movies,44,context_grounded_static,False,60,1.9550247192382812
83,text,1.3550410270690918,Movies,44,context_grounded_static,False,60,1.3550410270690918
83,visual,1.9697120189666748,Movies,44,context_grounded_static,False,60,1.9697120189666748
84,text,1.3625340461730957,Movies,44,context_grounded_static,False,60,1.3625340461730957
84,visual,1.9839677810668945,Movies,44,context_grounded_static,False,60,1.9839677810668945
85,text,1.3685964345932007,Movies,44,context_grounded_static,False,60,1.3685964345932007
85,visual,1.998242974281311,Movies,44,context_grounded_static,False,60,1.998242974281311
86,text,1.3752009868621826,Movies,44,context_grounded_static,False,60,1.3752009868621826
86,visual,2.0109617710113525,Movies,44,context_grounded_static,False,60,2.0109617710113525
87,text,1.3825221061706543,Movies,44,context_grounded_static,False,60,1.3825221061706543
87,visual,2.024134635925293,Movies,44,context_grounded_static,False,60,2.024134635925293
88,text,1.3888909816741943,Movies,44,context_grounded_static,False,60,1.3888909816741943
88,visual,2.0362281799316406,Movies,44,context_grounded_static,False,60,2.0362281799316406
89,text,1.395147681236267,Movies,44,context_grounded_static,False,60,1.395147681236267
89,visual,2.04647159576416,Movies,44,context_grounded_static,False,60,2.04647159576416
90,text,1.4025421142578125,Movies,44,context_grounded_static,False,60,1.4025421142578125
90,visual,2.0584020614624023,Movies,44,context_grounded_static,False,60,2.0584020614624023
1,text,0.08952826261520386,Movies,44,context_grounded_dynamic,False,57,0.08952826261520386
1,visual,0.08983156830072403,Movies,44,context_grounded_dynamic,False,57,0.08983156830072403
2,text,0.13908040523529053,Movies,44,context_grounded_dynamic,False,57,0.13908040523529053
2,visual,0.1387563794851303,Movies,44,context_grounded_dynamic,False,57,0.1387563794851303
3,text,0.17353790998458862,Movies,44,context_grounded_dynamic,False,57,0.17353790998458862
3,visual,0.17446984350681305,Movies,44,context_grounded_dynamic,False,57,0.17446984350681305
4,text,0.20505963265895844,Movies,44,context_grounded_dynamic,False,57,0.20505963265895844
4,visual,0.20908349752426147,Movies,44,context_grounded_dynamic,False,57,0.20908349752426147
5,text,0.2302577793598175,Movies,44,context_grounded_dynamic,False,57,0.2302577793598175
5,visual,0.24172475934028625,Movies,44,context_grounded_dynamic,False,57,0.24172475934028625
6,text,0.2566174268722534,Movies,44,context_grounded_dynamic,False,57,0.2566174268722534
6,visual,0.2780226469039917,Movies,44,context_grounded_dynamic,False,57,0.2780226469039917
7,text,0.2840678095817566,Movies,44,context_grounded_dynamic,False,57,0.2840678095817566
7,visual,0.31591352820396423,Movies,44,context_grounded_dynamic,False,57,0.31591352820396423
8,text,0.31174495816230774,Movies,44,context_grounded_dynamic,False,57,0.31174495816230774
8,visual,0.3529399335384369,Movies,44,context_grounded_dynamic,False,57,0.3529399335384369
9,text,0.335418701171875,Movies,44,context_grounded_dynamic,False,57,0.335418701171875
9,visual,0.38354364037513733,Movies,44,context_grounded_dynamic,False,57,0.38354364037513733
10,text,0.35597264766693115,Movies,44,context_grounded_dynamic,False,57,0.35597264766693115
10,visual,0.412515252828598,Movies,44,context_grounded_dynamic,False,57,0.412515252828598
11,text,0.37407785654067993,Movies,44,context_grounded_dynamic,False,57,0.37407785654067993
11,visual,0.4401145577430725,Movies,44,context_grounded_dynamic,False,57,0.4401145577430725
12,text,0.3913046419620514,Movies,44,context_grounded_dynamic,False,57,0.3913046419620514
12,visual,0.46698513627052307,Movies,44,context_grounded_dynamic,False,57,0.46698513627052307
13,text,0.40856102108955383,Movies,44,context_grounded_dynamic,False,57,0.40856102108955383
13,visual,0.4924081861972809,Movies,44,context_grounded_dynamic,False,57,0.4924081861972809
14,text,0.42283883690834045,Movies,44,context_grounded_dynamic,False,57,0.42283883690834045
14,visual,0.5158354640007019,Movies,44,context_grounded_dynamic,False,57,0.5158354640007019
15,text,0.4359982907772064,Movies,44,context_grounded_dynamic,False,57,0.4359982907772064
15,visual,0.5387501120567322,Movies,44,context_grounded_dynamic,False,57,0.5387501120567322
16,text,0.4493265151977539,Movies,44,context_grounded_dynamic,False,57,0.4493265151977539
16,visual,0.5613080263137817,Movies,44,context_grounded_dynamic,False,57,0.5613080263137817
17,text,0.4621866047382355,Movies,44,context_grounded_dynamic,False,57,0.4621866047382355
17,visual,0.582675576210022,Movies,44,context_grounded_dynamic,False,57,0.582675576210022
18,text,0.47502291202545166,Movies,44,context_grounded_dynamic,False,57,0.47502291202545166
18,visual,0.6039116382598877,Movies,44,context_grounded_dynamic,False,57,0.6039116382598877
19,text,0.48776140809059143,Movies,44,context_grounded_dynamic,False,57,0.48776140809059143
19,visual,0.6246421337127686,Movies,44,context_grounded_dynamic,False,57,0.6246421337127686
20,text,0.5000753402709961,Movies,44,context_grounded_dynamic,False,57,0.5000753402709961
20,visual,0.6437782645225525,Movies,44,context_grounded_dynamic,False,57,0.6437782645225525
21,text,0.5120636820793152,Movies,44,context_grounded_dynamic,False,57,0.5120636820793152
21,visual,0.6631267666816711,Movies,44,context_grounded_dynamic,False,57,0.6631267666816711
22,text,0.5242965221405029,Movies,44,context_grounded_dynamic,False,57,0.5242965221405029
22,visual,0.6825177073478699,Movies,44,context_grounded_dynamic,False,57,0.6825177073478699
23,text,0.5364341735839844,Movies,44,context_grounded_dynamic,False,57,0.5364341735839844
23,visual,0.7019833922386169,Movies,44,context_grounded_dynamic,False,57,0.7019833922386169
24,text,0.5482370853424072,Movies,44,context_grounded_dynamic,False,57,0.5482370853424072
24,visual,0.7224363088607788,Movies,44,context_grounded_dynamic,False,57,0.7224363088607788
25,text,0.5600729584693909,Movies,44,context_grounded_dynamic,False,57,0.5600729584693909
25,visual,0.743782103061676,Movies,44,context_grounded_dynamic,False,57,0.743782103061676
26,text,0.5714647769927979,Movies,44,context_grounded_dynamic,False,57,0.5714647769927979
26,visual,0.7660189867019653,Movies,44,context_grounded_dynamic,False,57,0.7660189867019653
27,text,0.582983136177063,Movies,44,context_grounded_dynamic,False,57,0.582983136177063
27,visual,0.7892922759056091,Movies,44,context_grounded_dynamic,False,57,0.7892922759056091
28,text,0.5941424369812012,Movies,44,context_grounded_dynamic,False,57,0.5941424369812012
28,visual,0.8138435482978821,Movies,44,context_grounded_dynamic,False,57,0.8138435482978821
29,text,0.6055005192756653,Movies,44,context_grounded_dynamic,False,57,0.6055005192756653
29,visual,0.8399916887283325,Movies,44,context_grounded_dynamic,False,57,0.8399916887283325
30,text,0.616645336151123,Movies,44,context_grounded_dynamic,False,57,0.616645336151123
30,visual,0.8678287863731384,Movies,44,context_grounded_dynamic,False,57,0.8678287863731384
31,text,0.6279590129852295,Movies,44,context_grounded_dynamic,False,57,0.6279590129852295
31,visual,0.8976616263389587,Movies,44,context_grounded_dynamic,False,57,0.8976616263389587
32,text,0.6398139595985413,Movies,44,context_grounded_dynamic,False,57,0.6398139595985413
32,visual,0.9284477233886719,Movies,44,context_grounded_dynamic,False,57,0.9284477233886719
33,text,0.6503917574882507,Movies,44,context_grounded_dynamic,False,57,0.6503917574882507
33,visual,0.9610736966133118,Movies,44,context_grounded_dynamic,False,57,0.9610736966133118
34,text,0.6617841720581055,Movies,44,context_grounded_dynamic,False,57,0.6617841720581055
34,visual,0.9947136044502258,Movies,44,context_grounded_dynamic,False,57,0.9947136044502258
35,text,0.6733568906784058,Movies,44,context_grounded_dynamic,False,57,0.6733568906784058
35,visual,1.0310537815093994,Movies,44,context_grounded_dynamic,False,57,1.0310537815093994
36,text,0.6846022009849548,Movies,44,context_grounded_dynamic,False,57,0.6846022009849548
36,visual,1.0685104131698608,Movies,44,context_grounded_dynamic,False,57,1.0685104131698608
37,text,0.696632981300354,Movies,44,context_grounded_dynamic,False,57,0.696632981300354
37,visual,1.106016755104065,Movies,44,context_grounded_dynamic,False,57,1.106016755104065
38,text,0.7087202072143555,Movies,44,context_grounded_dynamic,False,57,0.7087202072143555
38,visual,1.143463373184204,Movies,44,context_grounded_dynamic,False,57,1.143463373184204
39,text,0.7211751937866211,Movies,44,context_grounded_dynamic,False,57,0.7211751937866211
39,visual,1.1808123588562012,Movies,44,context_grounded_dynamic,False,57,1.1808123588562012
40,text,0.7354743480682373,Movies,44,context_grounded_dynamic,False,57,0.7354743480682373
40,visual,1.2213928699493408,Movies,44,context_grounded_dynamic,False,57,1.2213928699493408
41,text,0.749992311000824,Movies,44,context_grounded_dynamic,False,57,0.749992311000824
41,visual,1.261154294013977,Movies,44,context_grounded_dynamic,False,57,1.261154294013977
42,text,0.7659561634063721,Movies,44,context_grounded_dynamic,False,57,0.7659561634063721
42,visual,1.3026231527328491,Movies,44,context_grounded_dynamic,False,57,1.3026231527328491
43,text,0.7809365391731262,Movies,44,context_grounded_dynamic,False,57,0.7809365391731262
43,visual,1.3393959999084473,Movies,44,context_grounded_dynamic,False,57,1.3393959999084473
44,text,0.7947738766670227,Movies,44,context_grounded_dynamic,False,57,0.7947738766670227
44,visual,1.3724135160446167,Movies,44,context_grounded_dynamic,False,57,1.3724135160446167
45,text,0.8090018630027771,Movies,44,context_grounded_dynamic,False,57,0.8090018630027771
45,visual,1.401969313621521,Movies,44,context_grounded_dynamic,False,57,1.401969313621521
46,text,0.8237119317054749,Movies,44,context_grounded_dynamic,False,57,0.8237119317054749
46,visual,1.4299355745315552,Movies,44,context_grounded_dynamic,False,57,1.4299355745315552
47,text,0.8381560444831848,Movies,44,context_grounded_dynamic,False,57,0.8381560444831848
47,visual,1.4552878141403198,Movies,44,context_grounded_dynamic,False,57,1.4552878141403198
48,text,0.8532734513282776,Movies,44,context_grounded_dynamic,False,57,0.8532734513282776
48,visual,1.4799977540969849,Movies,44,context_grounded_dynamic,False,57,1.4799977540969849
49,text,0.8686503767967224,Movies,44,context_grounded_dynamic,False,57,0.8686503767967224
49,visual,1.5023012161254883,Movies,44,context_grounded_dynamic,False,57,1.5023012161254883
50,text,0.8839426636695862,Movies,44,context_grounded_dynamic,False,57,0.8839426636695862
50,visual,1.5239602327346802,Movies,44,context_grounded_dynamic,False,57,1.5239602327346802
51,text,0.8980013132095337,Movies,44,context_grounded_dynamic,False,57,0.8980013132095337
51,visual,1.5441726446151733,Movies,44,context_grounded_dynamic,False,57,1.5441726446151733
52,text,0.9100760817527771,Movies,44,context_grounded_dynamic,False,57,0.9100760817527771
52,visual,1.5634576082229614,Movies,44,context_grounded_dynamic,False,57,1.5634576082229614
53,text,0.9219856262207031,Movies,44,context_grounded_dynamic,False,57,0.9219856262207031
53,visual,1.581402063369751,Movies,44,context_grounded_dynamic,False,57,1.581402063369751
54,text,0.9349451065063477,Movies,44,context_grounded_dynamic,False,57,0.9349451065063477
54,visual,1.6001460552215576,Movies,44,context_grounded_dynamic,False,57,1.6001460552215576
55,text,0.9475356340408325,Movies,44,context_grounded_dynamic,False,57,0.9475356340408325
55,visual,1.6179959774017334,Movies,44,context_grounded_dynamic,False,57,1.6179959774017334
56,text,0.9607295989990234,Movies,44,context_grounded_dynamic,False,57,0.9607295989990234
56,visual,1.6352618932724,Movies,44,context_grounded_dynamic,False,57,1.6352618932724
57,text,0.9741086959838867,Movies,44,context_grounded_dynamic,True,57,0.9741086959838867
57,visual,1.6530386209487915,Movies,44,context_grounded_dynamic,True,57,1.6530386209487915
58,text,0.9904776811599731,Movies,44,context_grounded_dynamic,False,57,0.9904776811599731
58,visual,1.6734246015548706,Movies,44,context_grounded_dynamic,False,57,1.6734246015548706
59,text,1.0051243305206299,Movies,44,context_grounded_dynamic,False,57,1.0051243305206299
59,visual,1.6926497220993042,Movies,44,context_grounded_dynamic,False,57,1.6926497220993042
60,text,1.018093466758728,Movies,44,context_grounded_dynamic,False,57,1.018093466758728
60,visual,1.7104820013046265,Movies,44,context_grounded_dynamic,False,57,1.7104820013046265
61,text,1.0314335823059082,Movies,44,context_grounded_dynamic,False,57,1.0314335823059082
61,visual,1.7270642518997192,Movies,44,context_grounded_dynamic,False,57,1.7270642518997192
62,text,1.0452051162719727,Movies,44,context_grounded_dynamic,False,57,1.0452051162719727
62,visual,1.7434278726577759,Movies,44,context_grounded_dynamic,False,57,1.7434278726577759
63,text,1.0575655698776245,Movies,44,context_grounded_dynamic,False,57,1.0575655698776245
63,visual,1.7593215703964233,Movies,44,context_grounded_dynamic,False,57,1.7593215703964233
64,text,1.067056655883789,Movies,44,context_grounded_dynamic,False,57,1.067056655883789
64,visual,1.77499258518219,Movies,44,context_grounded_dynamic,False,57,1.77499258518219
65,text,1.0736150741577148,Movies,44,context_grounded_dynamic,False,57,1.0736150741577148
65,visual,1.7913391590118408,Movies,44,context_grounded_dynamic,False,57,1.7913391590118408
66,text,1.080074429512024,Movies,44,context_grounded_dynamic,False,57,1.080074429512024
66,visual,1.8086020946502686,Movies,44,context_grounded_dynamic,False,57,1.8086020946502686
67,text,1.089463710784912,Movies,44,context_grounded_dynamic,False,57,1.089463710784912
67,visual,1.8272970914840698,Movies,44,context_grounded_dynamic,False,57,1.8272970914840698
68,text,1.099997639656067,Movies,44,context_grounded_dynamic,False,57,1.099997639656067
68,visual,1.8452445268630981,Movies,44,context_grounded_dynamic,False,57,1.8452445268630981
69,text,1.1101771593093872,Movies,44,context_grounded_dynamic,False,57,1.1101771593093872
69,visual,1.8628166913986206,Movies,44,context_grounded_dynamic,False,57,1.8628166913986206
70,text,1.122931718826294,Movies,44,context_grounded_dynamic,False,57,1.122931718826294
70,visual,1.8812144994735718,Movies,44,context_grounded_dynamic,False,57,1.8812144994735718
71,text,1.1383427381515503,Movies,44,context_grounded_dynamic,False,57,1.1383427381515503
71,visual,1.9015889167785645,Movies,44,context_grounded_dynamic,False,57,1.9015889167785645
72,text,1.1557843685150146,Movies,44,context_grounded_dynamic,False,57,1.1557843685150146
72,visual,1.9209223985671997,Movies,44,context_grounded_dynamic,False,57,1.9209223985671997
73,text,1.1735185384750366,Movies,44,context_grounded_dynamic,False,57,1.1735185384750366
73,visual,1.9401384592056274,Movies,44,context_grounded_dynamic,False,57,1.9401384592056274
74,text,1.1915192604064941,Movies,44,context_grounded_dynamic,False,57,1.1915192604064941
74,visual,1.9584691524505615,Movies,44,context_grounded_dynamic,False,57,1.9584691524505615
75,text,1.2079228162765503,Movies,44,context_grounded_dynamic,False,57,1.2079228162765503
75,visual,1.9742738008499146,Movies,44,context_grounded_dynamic,False,57,1.9742738008499146
76,text,1.2240623235702515,Movies,44,context_grounded_dynamic,False,57,1.2240623235702515
76,visual,1.9907598495483398,Movies,44,context_grounded_dynamic,False,57,1.9907598495483398
77,text,1.2385979890823364,Movies,44,context_grounded_dynamic,False,57,1.2385979890823364
77,visual,2.009279251098633,Movies,44,context_grounded_dynamic,False,57,2.009279251098633
78,text,1.2501399517059326,Movies,44,context_grounded_dynamic,False,57,1.2501399517059326
78,visual,2.0269479751586914,Movies,44,context_grounded_dynamic,False,57,2.0269479751586914
79,text,1.262611746788025,Movies,44,context_grounded_dynamic,False,57,1.262611746788025
79,visual,2.0441951751708984,Movies,44,context_grounded_dynamic,False,57,2.0441951751708984
80,text,1.274130940437317,Movies,44,context_grounded_dynamic,False,57,1.274130940437317
80,visual,2.059678077697754,Movies,44,context_grounded_dynamic,False,57,2.059678077697754
81,text,1.2865372896194458,Movies,44,context_grounded_dynamic,False,57,1.2865372896194458
81,visual,2.07498836517334,Movies,44,context_grounded_dynamic,False,57,2.07498836517334
82,text,1.3003854751586914,Movies,44,context_grounded_dynamic,False,57,1.3003854751586914
82,visual,2.0893492698669434,Movies,44,context_grounded_dynamic,False,57,2.0893492698669434
83,text,1.3142164945602417,Movies,44,context_grounded_dynamic,False,57,1.3142164945602417
83,visual,2.102482318878174,Movies,44,context_grounded_dynamic,False,57,2.102482318878174
84,text,1.3255199193954468,Movies,44,context_grounded_dynamic,False,57,1.3255199193954468
84,visual,2.1133430004119873,Movies,44,context_grounded_dynamic,False,57,2.1133430004119873
85,text,1.33560049533844,Movies,44,context_grounded_dynamic,False,57,1.33560049533844
85,visual,2.12496018409729,Movies,44,context_grounded_dynamic,False,57,2.12496018409729
86,text,1.3461722135543823,Movies,44,context_grounded_dynamic,False,57,1.3461722135543823
86,visual,2.1362545490264893,Movies,44,context_grounded_dynamic,False,57,2.1362545490264893
87,text,1.3562573194503784,Movies,44,context_grounded_dynamic,False,57,1.3562573194503784
87,visual,2.14766001701355,Movies,44,context_grounded_dynamic,False,57,2.14766001701355
1,text,0.0896456316113472,Grocery,42,global_grounded_dynamic,False,140,0.0896456316113472
1,visual,0.08985699713230133,Grocery,42,global_grounded_dynamic,False,140,0.08985699713230133
2,text,0.1350547969341278,Grocery,42,global_grounded_dynamic,False,140,0.1350547969341278
2,visual,0.13885177671909332,Grocery,42,global_grounded_dynamic,False,140,0.13885177671909332
3,text,0.17017453908920288,Grocery,42,global_grounded_dynamic,False,140,0.17017453908920288
3,visual,0.17927804589271545,Grocery,42,global_grounded_dynamic,False,140,0.17927804589271545
4,text,0.20051530003547668,Grocery,42,global_grounded_dynamic,False,140,0.20051530003547668
4,visual,0.21848627924919128,Grocery,42,global_grounded_dynamic,False,140,0.21848627924919128
5,text,0.22778184711933136,Grocery,42,global_grounded_dynamic,False,140,0.22778184711933136
5,visual,0.2576245665550232,Grocery,42,global_grounded_dynamic,False,140,0.2576245665550232
6,text,0.25383853912353516,Grocery,42,global_grounded_dynamic,False,140,0.25383853912353516
6,visual,0.29746556282043457,Grocery,42,global_grounded_dynamic,False,140,0.29746556282043457
7,text,0.2761688232421875,Grocery,42,global_grounded_dynamic,False,140,0.2761688232421875
7,visual,0.33442819118499756,Grocery,42,global_grounded_dynamic,False,140,0.33442819118499756
8,text,0.2958419620990753,Grocery,42,global_grounded_dynamic,False,140,0.2958419620990753
8,visual,0.3703214228153229,Grocery,42,global_grounded_dynamic,False,140,0.3703214228153229
9,text,0.3149626851081848,Grocery,42,global_grounded_dynamic,False,140,0.3149626851081848
9,visual,0.40581539273262024,Grocery,42,global_grounded_dynamic,False,140,0.40581539273262024
10,text,0.332003653049469,Grocery,42,global_grounded_dynamic,False,140,0.332003653049469
10,visual,0.4401893615722656,Grocery,42,global_grounded_dynamic,False,140,0.4401893615722656
11,text,0.34749677777290344,Grocery,42,global_grounded_dynamic,False,140,0.34749677777290344
11,visual,0.47231772541999817,Grocery,42,global_grounded_dynamic,False,140,0.47231772541999817
12,text,0.36190634965896606,Grocery,42,global_grounded_dynamic,False,140,0.36190634965896606
12,visual,0.5039203763008118,Grocery,42,global_grounded_dynamic,False,140,0.5039203763008118
13,text,0.37624186277389526,Grocery,42,global_grounded_dynamic,False,140,0.37624186277389526
13,visual,0.5345238447189331,Grocery,42,global_grounded_dynamic,False,140,0.5345238447189331
14,text,0.38980376720428467,Grocery,42,global_grounded_dynamic,False,140,0.38980376720428467
14,visual,0.5639390349388123,Grocery,42,global_grounded_dynamic,False,140,0.5639390349388123
15,text,0.4025420546531677,Grocery,42,global_grounded_dynamic,False,140,0.4025420546531677
15,visual,0.5915448665618896,Grocery,42,global_grounded_dynamic,False,140,0.5915448665618896
16,text,0.4150770902633667,Grocery,42,global_grounded_dynamic,False,140,0.4150770902633667
16,visual,0.6178562045097351,Grocery,42,global_grounded_dynamic,False,140,0.6178562045097351
17,text,0.4270143508911133,Grocery,42,global_grounded_dynamic,False,140,0.4270143508911133
17,visual,0.6419988870620728,Grocery,42,global_grounded_dynamic,False,140,0.6419988870620728
18,text,0.438091903924942,Grocery,42,global_grounded_dynamic,False,140,0.438091903924942
18,visual,0.6647388935089111,Grocery,42,global_grounded_dynamic,False,140,0.6647388935089111
19,text,0.44859910011291504,Grocery,42,global_grounded_dynamic,False,140,0.44859910011291504
19,visual,0.6863968968391418,Grocery,42,global_grounded_dynamic,False,140,0.6863968968391418
20,text,0.4588181972503662,Grocery,42,global_grounded_dynamic,False,140,0.4588181972503662
20,visual,0.7062909603118896,Grocery,42,global_grounded_dynamic,False,140,0.7062909603118896
21,text,0.4688064754009247,Grocery,42,global_grounded_dynamic,False,140,0.4688064754009247
21,visual,0.7256137132644653,Grocery,42,global_grounded_dynamic,False,140,0.7256137132644653
22,text,0.4788095951080322,Grocery,42,global_grounded_dynamic,False,140,0.4788095951080322
22,visual,0.7453863620758057,Grocery,42,global_grounded_dynamic,False,140,0.7453863620758057
23,text,0.48881667852401733,Grocery,42,global_grounded_dynamic,False,140,0.48881667852401733
23,visual,0.7650700211524963,Grocery,42,global_grounded_dynamic,False,140,0.7650700211524963
24,text,0.4992673397064209,Grocery,42,global_grounded_dynamic,False,140,0.4992673397064209
24,visual,0.7843604683876038,Grocery,42,global_grounded_dynamic,False,140,0.7843604683876038
25,text,0.5096547603607178,Grocery,42,global_grounded_dynamic,False,140,0.5096547603607178
25,visual,0.8037903308868408,Grocery,42,global_grounded_dynamic,False,140,0.8037903308868408
26,text,0.5206118822097778,Grocery,42,global_grounded_dynamic,False,140,0.5206118822097778
26,visual,0.8237078785896301,Grocery,42,global_grounded_dynamic,False,140,0.8237078785896301
27,text,0.5319674015045166,Grocery,42,global_grounded_dynamic,False,140,0.5319674015045166
27,visual,0.8436573147773743,Grocery,42,global_grounded_dynamic,False,140,0.8436573147773743
28,text,0.5433735847473145,Grocery,42,global_grounded_dynamic,False,140,0.5433735847473145
28,visual,0.8642736077308655,Grocery,42,global_grounded_dynamic,False,140,0.8642736077308655
29,text,0.5548962354660034,Grocery,42,global_grounded_dynamic,False,140,0.5548962354660034
29,visual,0.8840152621269226,Grocery,42,global_grounded_dynamic,False,140,0.8840152621269226
30,text,0.5668789148330688,Grocery,42,global_grounded_dynamic,False,140,0.5668789148330688
30,visual,0.9033138751983643,Grocery,42,global_grounded_dynamic,False,140,0.9033138751983643
31,text,0.5788950324058533,Grocery,42,global_grounded_dynamic,False,140,0.5788950324058533
31,visual,0.9226310849189758,Grocery,42,global_grounded_dynamic,False,140,0.9226310849189758
32,text,0.5915203094482422,Grocery,42,global_grounded_dynamic,False,140,0.5915203094482422
32,visual,0.9415109753608704,Grocery,42,global_grounded_dynamic,False,140,0.9415109753608704
33,text,0.6041780114173889,Grocery,42,global_grounded_dynamic,False,140,0.6041780114173889
33,visual,0.9599617719650269,Grocery,42,global_grounded_dynamic,False,140,0.9599617719650269
34,text,0.6171548962593079,Grocery,42,global_grounded_dynamic,False,140,0.6171548962593079
34,visual,0.9776355624198914,Grocery,42,global_grounded_dynamic,False,140,0.9776355624198914
35,text,0.6300365328788757,Grocery,42,global_grounded_dynamic,False,140,0.6300365328788757
35,visual,0.9953024983406067,Grocery,42,global_grounded_dynamic,False,140,0.9953024983406067
36,text,0.6429702639579773,Grocery,42,global_grounded_dynamic,False,140,0.6429702639579773
36,visual,1.0122696161270142,Grocery,42,global_grounded_dynamic,False,140,1.0122696161270142
37,text,0.6557300090789795,Grocery,42,global_grounded_dynamic,False,140,0.6557300090789795
37,visual,1.028931736946106,Grocery,42,global_grounded_dynamic,False,140,1.028931736946106
38,text,0.6688708662986755,Grocery,42,global_grounded_dynamic,False,140,0.6688708662986755
38,visual,1.04505455493927,Grocery,42,global_grounded_dynamic,False,140,1.04505455493927
39,text,0.681635320186615,Grocery,42,global_grounded_dynamic,False,140,0.681635320186615
39,visual,1.0603545904159546,Grocery,42,global_grounded_dynamic,False,140,1.0603545904159546
40,text,0.6941677331924438,Grocery,42,global_grounded_dynamic,False,140,0.6941677331924438
40,visual,1.0755337476730347,Grocery,42,global_grounded_dynamic,False,140,1.0755337476730347
41,text,0.7066354751586914,Grocery,42,global_grounded_dynamic,False,140,0.7066354751586914
41,visual,1.0902290344238281,Grocery,42,global_grounded_dynamic,False,140,1.0902290344238281
42,text,0.7193869352340698,Grocery,42,global_grounded_dynamic,False,140,0.7193869352340698
42,visual,1.1042718887329102,Grocery,42,global_grounded_dynamic,False,140,1.1042718887329102
43,text,0.7320747971534729,Grocery,42,global_grounded_dynamic,False,140,0.7320747971534729
43,visual,1.117745280265808,Grocery,42,global_grounded_dynamic,False,140,1.117745280265808
44,text,0.7443745732307434,Grocery,42,global_grounded_dynamic,False,140,0.7443745732307434
44,visual,1.1310315132141113,Grocery,42,global_grounded_dynamic,False,140,1.1310315132141113
45,text,0.7569339871406555,Grocery,42,global_grounded_dynamic,False,140,0.7569339871406555
45,visual,1.1437724828720093,Grocery,42,global_grounded_dynamic,False,140,1.1437724828720093
46,text,0.7689186334609985,Grocery,42,global_grounded_dynamic,False,140,0.7689186334609985
46,visual,1.1561018228530884,Grocery,42,global_grounded_dynamic,False,140,1.1561018228530884
47,text,0.7803491353988647,Grocery,42,global_grounded_dynamic,False,140,0.7803491353988647
47,visual,1.1678245067596436,Grocery,42,global_grounded_dynamic,False,140,1.1678245067596436
48,text,0.7912415266036987,Grocery,42,global_grounded_dynamic,False,140,0.7912415266036987
48,visual,1.1795545816421509,Grocery,42,global_grounded_dynamic,False,140,1.1795545816421509
49,text,0.8025516867637634,Grocery,42,global_grounded_dynamic,False,140,0.8025516867637634
49,visual,1.1914831399917603,Grocery,42,global_grounded_dynamic,False,140,1.1914831399917603
50,text,0.8134886026382446,Grocery,42,global_grounded_dynamic,False,140,0.8134886026382446
50,visual,1.2031687498092651,Grocery,42,global_grounded_dynamic,False,140,1.2031687498092651
51,text,0.8251537680625916,Grocery,42,global_grounded_dynamic,False,140,0.8251537680625916
51,visual,1.2148114442825317,Grocery,42,global_grounded_dynamic,False,140,1.2148114442825317
52,text,0.8361268043518066,Grocery,42,global_grounded_dynamic,False,140,0.8361268043518066
52,visual,1.2259355783462524,Grocery,42,global_grounded_dynamic,False,140,1.2259355783462524
53,text,0.8479088544845581,Grocery,42,global_grounded_dynamic,False,140,0.8479088544845581
53,visual,1.2362995147705078,Grocery,42,global_grounded_dynamic,False,140,1.2362995147705078
54,text,0.8596794009208679,Grocery,42,global_grounded_dynamic,False,140,0.8596794009208679
54,visual,1.246645212173462,Grocery,42,global_grounded_dynamic,False,140,1.246645212173462
55,text,0.8707281947135925,Grocery,42,global_grounded_dynamic,False,140,0.8707281947135925
55,visual,1.2564151287078857,Grocery,42,global_grounded_dynamic,False,140,1.2564151287078857
56,text,0.8821003437042236,Grocery,42,global_grounded_dynamic,False,140,0.8821003437042236
56,visual,1.2665910720825195,Grocery,42,global_grounded_dynamic,False,140,1.2665910720825195
57,text,0.8933599591255188,Grocery,42,global_grounded_dynamic,False,140,0.8933599591255188
57,visual,1.276121735572815,Grocery,42,global_grounded_dynamic,False,140,1.276121735572815
58,text,0.9043713808059692,Grocery,42,global_grounded_dynamic,False,140,0.9043713808059692
58,visual,1.2851121425628662,Grocery,42,global_grounded_dynamic,False,140,1.2851121425628662
59,text,0.9164474606513977,Grocery,42,global_grounded_dynamic,False,140,0.9164474606513977
59,visual,1.294098138809204,Grocery,42,global_grounded_dynamic,False,140,1.294098138809204
60,text,0.9273532629013062,Grocery,42,global_grounded_dynamic,False,140,0.9273532629013062
60,visual,1.3021533489227295,Grocery,42,global_grounded_dynamic,False,140,1.3021533489227295
61,text,0.937928318977356,Grocery,42,global_grounded_dynamic,False,140,0.937928318977356
61,visual,1.3100875616073608,Grocery,42,global_grounded_dynamic,False,140,1.3100875616073608
62,text,0.9484902620315552,Grocery,42,global_grounded_dynamic,False,140,0.9484902620315552
62,visual,1.317596197128296,Grocery,42,global_grounded_dynamic,False,140,1.317596197128296
63,text,0.9589632153511047,Grocery,42,global_grounded_dynamic,False,140,0.9589632153511047
63,visual,1.3247597217559814,Grocery,42,global_grounded_dynamic,False,140,1.3247597217559814
64,text,0.9684205055236816,Grocery,42,global_grounded_dynamic,False,140,0.9684205055236816
64,visual,1.3308228254318237,Grocery,42,global_grounded_dynamic,False,140,1.3308228254318237
65,text,0.9777039885520935,Grocery,42,global_grounded_dynamic,False,140,0.9777039885520935
65,visual,1.3360111713409424,Grocery,42,global_grounded_dynamic,False,140,1.3360111713409424
66,text,0.9872770309448242,Grocery,42,global_grounded_dynamic,False,140,0.9872770309448242
66,visual,1.3414028882980347,Grocery,42,global_grounded_dynamic,False,140,1.3414028882980347
67,text,0.996640682220459,Grocery,42,global_grounded_dynamic,False,140,0.996640682220459
67,visual,1.3470981121063232,Grocery,42,global_grounded_dynamic,False,140,1.3470981121063232
68,text,1.004795789718628,Grocery,42,global_grounded_dynamic,False,140,1.004795789718628
68,visual,1.3528262376785278,Grocery,42,global_grounded_dynamic,False,140,1.3528262376785278
69,text,1.0120993852615356,Grocery,42,global_grounded_dynamic,False,140,1.0120993852615356
69,visual,1.357974886894226,Grocery,42,global_grounded_dynamic,False,140,1.357974886894226
70,text,1.019963026046753,Grocery,42,global_grounded_dynamic,False,140,1.019963026046753
70,visual,1.363152027130127,Grocery,42,global_grounded_dynamic,False,140,1.363152027130127
71,text,1.0276179313659668,Grocery,42,global_grounded_dynamic,False,140,1.0276179313659668
71,visual,1.3684628009796143,Grocery,42,global_grounded_dynamic,False,140,1.3684628009796143
72,text,1.035209059715271,Grocery,42,global_grounded_dynamic,False,140,1.035209059715271
72,visual,1.3733429908752441,Grocery,42,global_grounded_dynamic,False,140,1.3733429908752441
73,text,1.0425859689712524,Grocery,42,global_grounded_dynamic,False,140,1.0425859689712524
73,visual,1.3782109022140503,Grocery,42,global_grounded_dynamic,False,140,1.3782109022140503
74,text,1.0491176843643188,Grocery,42,global_grounded_dynamic,False,140,1.0491176843643188
74,visual,1.3829997777938843,Grocery,42,global_grounded_dynamic,False,140,1.3829997777938843
75,text,1.0560147762298584,Grocery,42,global_grounded_dynamic,False,140,1.0560147762298584
75,visual,1.3873738050460815,Grocery,42,global_grounded_dynamic,False,140,1.3873738050460815
76,text,1.0628093481063843,Grocery,42,global_grounded_dynamic,False,140,1.0628093481063843
76,visual,1.3917254209518433,Grocery,42,global_grounded_dynamic,False,140,1.3917254209518433
77,text,1.0702825784683228,Grocery,42,global_grounded_dynamic,False,140,1.0702825784683228
77,visual,1.3960562944412231,Grocery,42,global_grounded_dynamic,False,140,1.3960562944412231
78,text,1.0765725374221802,Grocery,42,global_grounded_dynamic,False,140,1.0765725374221802
78,visual,1.3995611667633057,Grocery,42,global_grounded_dynamic,False,140,1.3995611667633057
79,text,1.0823894739151,Grocery,42,global_grounded_dynamic,False,140,1.0823894739151
79,visual,1.4031987190246582,Grocery,42,global_grounded_dynamic,False,140,1.4031987190246582
80,text,1.0869710445404053,Grocery,42,global_grounded_dynamic,False,140,1.0869710445404053
80,visual,1.406721830368042,Grocery,42,global_grounded_dynamic,False,140,1.406721830368042
81,text,1.090551495552063,Grocery,42,global_grounded_dynamic,False,140,1.090551495552063
81,visual,1.409993290901184,Grocery,42,global_grounded_dynamic,False,140,1.409993290901184
82,text,1.0951128005981445,Grocery,42,global_grounded_dynamic,False,140,1.0951128005981445
82,visual,1.4128514528274536,Grocery,42,global_grounded_dynamic,False,140,1.4128514528274536
83,text,1.100129246711731,Grocery,42,global_grounded_dynamic,False,140,1.100129246711731
83,visual,1.4153269529342651,Grocery,42,global_grounded_dynamic,False,140,1.4153269529342651
84,text,1.1053166389465332,Grocery,42,global_grounded_dynamic,False,140,1.1053166389465332
84,visual,1.4177826642990112,Grocery,42,global_grounded_dynamic,False,140,1.4177826642990112
85,text,1.1100651025772095,Grocery,42,global_grounded_dynamic,False,140,1.1100651025772095
85,visual,1.42038094997406,Grocery,42,global_grounded_dynamic,False,140,1.42038094997406
86,text,1.1144200563430786,Grocery,42,global_grounded_dynamic,False,140,1.1144200563430786
86,visual,1.4228779077529907,Grocery,42,global_grounded_dynamic,False,140,1.4228779077529907
87,text,1.1184353828430176,Grocery,42,global_grounded_dynamic,False,140,1.1184353828430176
87,visual,1.425950288772583,Grocery,42,global_grounded_dynamic,False,140,1.425950288772583
88,text,1.1228011846542358,Grocery,42,global_grounded_dynamic,False,140,1.1228011846542358
88,visual,1.4289560317993164,Grocery,42,global_grounded_dynamic,False,140,1.4289560317993164
89,text,1.1269649267196655,Grocery,42,global_grounded_dynamic,False,140,1.1269649267196655
89,visual,1.431710958480835,Grocery,42,global_grounded_dynamic,False,140,1.431710958480835
90,text,1.1314477920532227,Grocery,42,global_grounded_dynamic,False,140,1.1314477920532227
90,visual,1.4347988367080688,Grocery,42,global_grounded_dynamic,False,140,1.4347988367080688
91,text,1.1361178159713745,Grocery,42,global_grounded_dynamic,False,140,1.1361178159713745
91,visual,1.4373598098754883,Grocery,42,global_grounded_dynamic,False,140,1.4373598098754883
92,text,1.1412808895111084,Grocery,42,global_grounded_dynamic,False,140,1.1412808895111084
92,visual,1.4398193359375,Grocery,42,global_grounded_dynamic,False,140,1.4398193359375
93,text,1.1464791297912598,Grocery,42,global_grounded_dynamic,False,140,1.1464791297912598
93,visual,1.442286491394043,Grocery,42,global_grounded_dynamic,False,140,1.442286491394043
94,text,1.1519033908843994,Grocery,42,global_grounded_dynamic,False,140,1.1519033908843994
94,visual,1.4449626207351685,Grocery,42,global_grounded_dynamic,False,140,1.4449626207351685
95,text,1.1571325063705444,Grocery,42,global_grounded_dynamic,False,140,1.1571325063705444
95,visual,1.447816014289856,Grocery,42,global_grounded_dynamic,False,140,1.447816014289856
96,text,1.1618149280548096,Grocery,42,global_grounded_dynamic,False,140,1.1618149280548096
96,visual,1.4512354135513306,Grocery,42,global_grounded_dynamic,False,140,1.4512354135513306
97,text,1.1671137809753418,Grocery,42,global_grounded_dynamic,False,140,1.1671137809753418
97,visual,1.455596685409546,Grocery,42,global_grounded_dynamic,False,140,1.455596685409546
98,text,1.1727039813995361,Grocery,42,global_grounded_dynamic,False,140,1.1727039813995361
98,visual,1.4594823122024536,Grocery,42,global_grounded_dynamic,False,140,1.4594823122024536
99,text,1.178221583366394,Grocery,42,global_grounded_dynamic,False,140,1.178221583366394
99,visual,1.4629093408584595,Grocery,42,global_grounded_dynamic,False,140,1.4629093408584595
100,text,1.1836140155792236,Grocery,42,global_grounded_dynamic,False,140,1.1836140155792236
100,visual,1.466475009918213,Grocery,42,global_grounded_dynamic,False,140,1.466475009918213
101,text,1.1886063814163208,Grocery,42,global_grounded_dynamic,False,140,1.1886063814163208
101,visual,1.4700095653533936,Grocery,42,global_grounded_dynamic,False,140,1.4700095653533936
102,text,1.1932700872421265,Grocery,42,global_grounded_dynamic,False,140,1.1932700872421265
102,visual,1.4737154245376587,Grocery,42,global_grounded_dynamic,False,140,1.4737154245376587
103,text,1.1974031925201416,Grocery,42,global_grounded_dynamic,False,140,1.1974031925201416
103,visual,1.4774770736694336,Grocery,42,global_grounded_dynamic,False,140,1.4774770736694336
104,text,1.2024842500686646,Grocery,42,global_grounded_dynamic,False,140,1.2024842500686646
104,visual,1.4813096523284912,Grocery,42,global_grounded_dynamic,False,140,1.4813096523284912
105,text,1.2076336145401,Grocery,42,global_grounded_dynamic,False,140,1.2076336145401
105,visual,1.4847991466522217,Grocery,42,global_grounded_dynamic,False,140,1.4847991466522217
106,text,1.213060975074768,Grocery,42,global_grounded_dynamic,False,140,1.213060975074768
106,visual,1.4882732629776,Grocery,42,global_grounded_dynamic,False,140,1.4882732629776
107,text,1.2177437543869019,Grocery,42,global_grounded_dynamic,False,140,1.2177437543869019
107,visual,1.492130994796753,Grocery,42,global_grounded_dynamic,False,140,1.492130994796753
108,text,1.2222952842712402,Grocery,42,global_grounded_dynamic,False,140,1.2222952842712402
108,visual,1.4960147142410278,Grocery,42,global_grounded_dynamic,False,140,1.4960147142410278
109,text,1.227137565612793,Grocery,42,global_grounded_dynamic,False,140,1.227137565612793
109,visual,1.4998959302902222,Grocery,42,global_grounded_dynamic,False,140,1.4998959302902222
110,text,1.2323356866836548,Grocery,42,global_grounded_dynamic,False,140,1.2323356866836548
110,visual,1.5034639835357666,Grocery,42,global_grounded_dynamic,False,140,1.5034639835357666
111,text,1.2369706630706787,Grocery,42,global_grounded_dynamic,False,140,1.2369706630706787
111,visual,1.5070669651031494,Grocery,42,global_grounded_dynamic,False,140,1.5070669651031494
112,text,1.2415472269058228,Grocery,42,global_grounded_dynamic,False,140,1.2415472269058228
112,visual,1.5106526613235474,Grocery,42,global_grounded_dynamic,False,140,1.5106526613235474
113,text,1.246975064277649,Grocery,42,global_grounded_dynamic,False,140,1.246975064277649
113,visual,1.5142805576324463,Grocery,42,global_grounded_dynamic,False,140,1.5142805576324463
114,text,1.2524096965789795,Grocery,42,global_grounded_dynamic,False,140,1.2524096965789795
114,visual,1.5178630352020264,Grocery,42,global_grounded_dynamic,False,140,1.5178630352020264
115,text,1.257739782333374,Grocery,42,global_grounded_dynamic,False,140,1.257739782333374
115,visual,1.5209535360336304,Grocery,42,global_grounded_dynamic,False,140,1.5209535360336304
116,text,1.2625747919082642,Grocery,42,global_grounded_dynamic,False,140,1.2625747919082642
116,visual,1.5242364406585693,Grocery,42,global_grounded_dynamic,False,140,1.5242364406585693
117,text,1.2669360637664795,Grocery,42,global_grounded_dynamic,False,140,1.2669360637664795
117,visual,1.527942180633545,Grocery,42,global_grounded_dynamic,False,140,1.527942180633545
118,text,1.271205186843872,Grocery,42,global_grounded_dynamic,False,140,1.271205186843872
118,visual,1.532001256942749,Grocery,42,global_grounded_dynamic,False,140,1.532001256942749
119,text,1.274970293045044,Grocery,42,global_grounded_dynamic,False,140,1.274970293045044
119,visual,1.5355371236801147,Grocery,42,global_grounded_dynamic,False,140,1.5355371236801147
120,text,1.27947199344635,Grocery,42,global_grounded_dynamic,False,140,1.27947199344635
120,visual,1.538439154624939,Grocery,42,global_grounded_dynamic,False,140,1.538439154624939
121,text,1.2840263843536377,Grocery,42,global_grounded_dynamic,False,140,1.2840263843536377
121,visual,1.541712999343872,Grocery,42,global_grounded_dynamic,False,140,1.541712999343872
122,text,1.287673830986023,Grocery,42,global_grounded_dynamic,False,140,1.287673830986023
122,visual,1.5452194213867188,Grocery,42,global_grounded_dynamic,False,140,1.5452194213867188
123,text,1.2910822629928589,Grocery,42,global_grounded_dynamic,False,140,1.2910822629928589
123,visual,1.548924207687378,Grocery,42,global_grounded_dynamic,False,140,1.548924207687378
124,text,1.294830083847046,Grocery,42,global_grounded_dynamic,False,140,1.294830083847046
124,visual,1.5521405935287476,Grocery,42,global_grounded_dynamic,False,140,1.5521405935287476
125,text,1.2990038394927979,Grocery,42,global_grounded_dynamic,False,140,1.2990038394927979
125,visual,1.5549569129943848,Grocery,42,global_grounded_dynamic,False,140,1.5549569129943848
126,text,1.3026790618896484,Grocery,42,global_grounded_dynamic,False,140,1.3026790618896484
126,visual,1.5578205585479736,Grocery,42,global_grounded_dynamic,False,140,1.5578205585479736
127,text,1.3063979148864746,Grocery,42,global_grounded_dynamic,False,140,1.3063979148864746
127,visual,1.5605231523513794,Grocery,42,global_grounded_dynamic,False,140,1.5605231523513794
128,text,1.3103187084197998,Grocery,42,global_grounded_dynamic,False,140,1.3103187084197998
128,visual,1.5643867254257202,Grocery,42,global_grounded_dynamic,False,140,1.5643867254257202
129,text,1.3138878345489502,Grocery,42,global_grounded_dynamic,False,140,1.3138878345489502
129,visual,1.5678852796554565,Grocery,42,global_grounded_dynamic,False,140,1.5678852796554565
130,text,1.3172833919525146,Grocery,42,global_grounded_dynamic,False,140,1.3172833919525146
130,visual,1.5704810619354248,Grocery,42,global_grounded_dynamic,False,140,1.5704810619354248
131,text,1.3211431503295898,Grocery,42,global_grounded_dynamic,False,140,1.3211431503295898
131,visual,1.5727379322052002,Grocery,42,global_grounded_dynamic,False,140,1.5727379322052002
132,text,1.3252055644989014,Grocery,42,global_grounded_dynamic,False,140,1.3252055644989014
132,visual,1.5752151012420654,Grocery,42,global_grounded_dynamic,False,140,1.5752151012420654
133,text,1.3286277055740356,Grocery,42,global_grounded_dynamic,False,140,1.3286277055740356
133,visual,1.5774644613265991,Grocery,42,global_grounded_dynamic,False,140,1.5774644613265991
134,text,1.3321051597595215,Grocery,42,global_grounded_dynamic,False,140,1.3321051597595215
134,visual,1.5800538063049316,Grocery,42,global_grounded_dynamic,False,140,1.5800538063049316
135,text,1.3356057405471802,Grocery,42,global_grounded_dynamic,False,140,1.3356057405471802
135,visual,1.5828711986541748,Grocery,42,global_grounded_dynamic,False,140,1.5828711986541748
136,text,1.3392890691757202,Grocery,42,global_grounded_dynamic,False,140,1.3392890691757202
136,visual,1.585774540901184,Grocery,42,global_grounded_dynamic,False,140,1.585774540901184
137,text,1.3428508043289185,Grocery,42,global_grounded_dynamic,False,140,1.3428508043289185
137,visual,1.5882383584976196,Grocery,42,global_grounded_dynamic,False,140,1.5882383584976196
138,text,1.3460896015167236,Grocery,42,global_grounded_dynamic,False,140,1.3460896015167236
138,visual,1.5902539491653442,Grocery,42,global_grounded_dynamic,False,140,1.5902539491653442
139,text,1.348966121673584,Grocery,42,global_grounded_dynamic,False,140,1.348966121673584
139,visual,1.5923168659210205,Grocery,42,global_grounded_dynamic,False,140,1.5923168659210205
140,text,1.3529293537139893,Grocery,42,global_grounded_dynamic,True,140,1.3529293537139893
140,visual,1.5946812629699707,Grocery,42,global_grounded_dynamic,True,140,1.5946812629699707
141,text,1.3569222688674927,Grocery,42,global_grounded_dynamic,False,140,1.3569222688674927
141,visual,1.5974057912826538,Grocery,42,global_grounded_dynamic,False,140,1.5974057912826538
142,text,1.3602882623672485,Grocery,42,global_grounded_dynamic,False,140,1.3602882623672485
142,visual,1.600113034248352,Grocery,42,global_grounded_dynamic,False,140,1.600113034248352
143,text,1.3629142045974731,Grocery,42,global_grounded_dynamic,False,140,1.3629142045974731
143,visual,1.6026859283447266,Grocery,42,global_grounded_dynamic,False,140,1.6026859283447266
144,text,1.3663921356201172,Grocery,42,global_grounded_dynamic,False,140,1.3663921356201172
144,visual,1.6052042245864868,Grocery,42,global_grounded_dynamic,False,140,1.6052042245864868
145,text,1.3705406188964844,Grocery,42,global_grounded_dynamic,False,140,1.3705406188964844
145,visual,1.6076273918151855,Grocery,42,global_grounded_dynamic,False,140,1.6076273918151855
146,text,1.3740204572677612,Grocery,42,global_grounded_dynamic,False,140,1.3740204572677612
146,visual,1.6098344326019287,Grocery,42,global_grounded_dynamic,False,140,1.6098344326019287
147,text,1.3771024942398071,Grocery,42,global_grounded_dynamic,False,140,1.3771024942398071
147,visual,1.6120030879974365,Grocery,42,global_grounded_dynamic,False,140,1.6120030879974365
148,text,1.3802627325057983,Grocery,42,global_grounded_dynamic,False,140,1.3802627325057983
148,visual,1.614657998085022,Grocery,42,global_grounded_dynamic,False,140,1.614657998085022
149,text,1.3832874298095703,Grocery,42,global_grounded_dynamic,False,140,1.3832874298095703
149,visual,1.617759108543396,Grocery,42,global_grounded_dynamic,False,140,1.617759108543396
150,text,1.387054443359375,Grocery,42,global_grounded_dynamic,False,140,1.387054443359375
150,visual,1.6209747791290283,Grocery,42,global_grounded_dynamic,False,140,1.6209747791290283
151,text,1.390445590019226,Grocery,42,global_grounded_dynamic,False,140,1.390445590019226
151,visual,1.624076008796692,Grocery,42,global_grounded_dynamic,False,140,1.624076008796692
152,text,1.3937066793441772,Grocery,42,global_grounded_dynamic,False,140,1.3937066793441772
152,visual,1.6272233724594116,Grocery,42,global_grounded_dynamic,False,140,1.6272233724594116
153,text,1.3972153663635254,Grocery,42,global_grounded_dynamic,False,140,1.3972153663635254
153,visual,1.62990140914917,Grocery,42,global_grounded_dynamic,False,140,1.62990140914917
154,text,1.4003381729125977,Grocery,42,global_grounded_dynamic,False,140,1.4003381729125977
154,visual,1.6328814029693604,Grocery,42,global_grounded_dynamic,False,140,1.6328814029693604
155,text,1.4036697149276733,Grocery,42,global_grounded_dynamic,False,140,1.4036697149276733
155,visual,1.6362004280090332,Grocery,42,global_grounded_dynamic,False,140,1.6362004280090332
156,text,1.4071688652038574,Grocery,42,global_grounded_dynamic,False,140,1.4071688652038574
156,visual,1.6390529870986938,Grocery,42,global_grounded_dynamic,False,140,1.6390529870986938
157,text,1.4105778932571411,Grocery,42,global_grounded_dynamic,False,140,1.4105778932571411
157,visual,1.6414072513580322,Grocery,42,global_grounded_dynamic,False,140,1.6414072513580322
158,text,1.413788914680481,Grocery,42,global_grounded_dynamic,False,140,1.413788914680481
158,visual,1.6439390182495117,Grocery,42,global_grounded_dynamic,False,140,1.6439390182495117
159,text,1.417557954788208,Grocery,42,global_grounded_dynamic,False,140,1.417557954788208
159,visual,1.6466031074523926,Grocery,42,global_grounded_dynamic,False,140,1.6466031074523926
160,text,1.4218698740005493,Grocery,42,global_grounded_dynamic,False,140,1.4218698740005493
160,visual,1.649906873703003,Grocery,42,global_grounded_dynamic,False,140,1.649906873703003
161,text,1.4257709980010986,Grocery,42,global_grounded_dynamic,False,140,1.4257709980010986
161,visual,1.6530578136444092,Grocery,42,global_grounded_dynamic,False,140,1.6530578136444092
162,text,1.428877830505371,Grocery,42,global_grounded_dynamic,False,140,1.428877830505371
162,visual,1.6557283401489258,Grocery,42,global_grounded_dynamic,False,140,1.6557283401489258
163,text,1.4323389530181885,Grocery,42,global_grounded_dynamic,False,140,1.4323389530181885
163,visual,1.658005714416504,Grocery,42,global_grounded_dynamic,False,140,1.658005714416504
164,text,1.4362778663635254,Grocery,42,global_grounded_dynamic,False,140,1.4362778663635254
164,visual,1.6605168581008911,Grocery,42,global_grounded_dynamic,False,140,1.6605168581008911
165,text,1.439634919166565,Grocery,42,global_grounded_dynamic,False,140,1.439634919166565
165,visual,1.6629245281219482,Grocery,42,global_grounded_dynamic,False,140,1.6629245281219482
166,text,1.4431008100509644,Grocery,42,global_grounded_dynamic,False,140,1.4431008100509644
166,visual,1.6656529903411865,Grocery,42,global_grounded_dynamic,False,140,1.6656529903411865
167,text,1.4471156597137451,Grocery,42,global_grounded_dynamic,False,140,1.4471156597137451
167,visual,1.6683950424194336,Grocery,42,global_grounded_dynamic,False,140,1.6683950424194336
168,text,1.451287865638733,Grocery,42,global_grounded_dynamic,False,140,1.451287865638733
168,visual,1.6709275245666504,Grocery,42,global_grounded_dynamic,False,140,1.6709275245666504
169,text,1.454365849494934,Grocery,42,global_grounded_dynamic,False,140,1.454365849494934
169,visual,1.6735498905181885,Grocery,42,global_grounded_dynamic,False,140,1.6735498905181885
170,text,1.4571613073349,Grocery,42,global_grounded_dynamic,False,140,1.4571613073349
170,visual,1.6759352684020996,Grocery,42,global_grounded_dynamic,False,140,1.6759352684020996
1,text,0.08988182991743088,Grocery,42,pair_grounded_dynamic,False,83,0.08988182991743088
1,visual,0.09002254903316498,Grocery,42,pair_grounded_dynamic,False,83,0.09002254903316498
2,text,0.13925716280937195,Grocery,42,pair_grounded_dynamic,False,83,0.13925716280937195
2,visual,0.13990333676338196,Grocery,42,pair_grounded_dynamic,False,83,0.13990333676338196
3,text,0.17900247871875763,Grocery,42,pair_grounded_dynamic,False,83,0.17900247871875763
3,visual,0.18093986809253693,Grocery,42,pair_grounded_dynamic,False,83,0.18093986809253693
4,text,0.2163890302181244,Grocery,42,pair_grounded_dynamic,False,83,0.2163890302181244
4,visual,0.218311607837677,Grocery,42,pair_grounded_dynamic,False,83,0.218311607837677
5,text,0.2513485252857208,Grocery,42,pair_grounded_dynamic,False,83,0.2513485252857208
5,visual,0.25618261098861694,Grocery,42,pair_grounded_dynamic,False,83,0.25618261098861694
6,text,0.28527194261550903,Grocery,42,pair_grounded_dynamic,False,83,0.28527194261550903
6,visual,0.29546746611595154,Grocery,42,pair_grounded_dynamic,False,83,0.29546746611595154
7,text,0.3182092010974884,Grocery,42,pair_grounded_dynamic,False,83,0.3182092010974884
7,visual,0.33317258954048157,Grocery,42,pair_grounded_dynamic,False,83,0.33317258954048157
8,text,0.3507460057735443,Grocery,42,pair_grounded_dynamic,False,83,0.3507460057735443
8,visual,0.3699415326118469,Grocery,42,pair_grounded_dynamic,False,83,0.3699415326118469
9,text,0.37956374883651733,Grocery,42,pair_grounded_dynamic,False,83,0.37956374883651733
9,visual,0.40595051646232605,Grocery,42,pair_grounded_dynamic,False,83,0.40595051646232605
10,text,0.40960410237312317,Grocery,42,pair_grounded_dynamic,False,83,0.40960410237312317
10,visual,0.4418239891529083,Grocery,42,pair_grounded_dynamic,False,83,0.4418239891529083
11,text,0.43668216466903687,Grocery,42,pair_grounded_dynamic,False,83,0.43668216466903687
11,visual,0.4759409427642822,Grocery,42,pair_grounded_dynamic,False,83,0.4759409427642822
12,text,0.46343088150024414,Grocery,42,pair_grounded_dynamic,False,83,0.46343088150024414
12,visual,0.5104312896728516,Grocery,42,pair_grounded_dynamic,False,83,0.5104312896728516
13,text,0.4895341992378235,Grocery,42,pair_grounded_dynamic,False,83,0.4895341992378235
13,visual,0.5451037883758545,Grocery,42,pair_grounded_dynamic,False,83,0.5451037883758545
14,text,0.5141845941543579,Grocery,42,pair_grounded_dynamic,False,83,0.5141845941543579
14,visual,0.5785427093505859,Grocery,42,pair_grounded_dynamic,False,83,0.5785427093505859
15,text,0.5378749966621399,Grocery,42,pair_grounded_dynamic,False,83,0.5378749966621399
15,visual,0.6108164191246033,Grocery,42,pair_grounded_dynamic,False,83,0.6108164191246033
16,text,0.5611568689346313,Grocery,42,pair_grounded_dynamic,False,83,0.5611568689346313
16,visual,0.642678439617157,Grocery,42,pair_grounded_dynamic,False,83,0.642678439617157
17,text,0.5845771431922913,Grocery,42,pair_grounded_dynamic,False,83,0.5845771431922913
17,visual,0.6744646430015564,Grocery,42,pair_grounded_dynamic,False,83,0.6744646430015564
18,text,0.6083241105079651,Grocery,42,pair_grounded_dynamic,False,83,0.6083241105079651
18,visual,0.7064327001571655,Grocery,42,pair_grounded_dynamic,False,83,0.7064327001571655
19,text,0.6316668391227722,Grocery,42,pair_grounded_dynamic,False,83,0.6316668391227722
19,visual,0.7385185956954956,Grocery,42,pair_grounded_dynamic,False,83,0.7385185956954956
20,text,0.6557610630989075,Grocery,42,pair_grounded_dynamic,False,83,0.6557610630989075
20,visual,0.7702736258506775,Grocery,42,pair_grounded_dynamic,False,83,0.7702736258506775
21,text,0.6798031330108643,Grocery,42,pair_grounded_dynamic,False,83,0.6798031330108643
21,visual,0.8025904893875122,Grocery,42,pair_grounded_dynamic,False,83,0.8025904893875122
22,text,0.7045382261276245,Grocery,42,pair_grounded_dynamic,False,83,0.7045382261276245
22,visual,0.8353917598724365,Grocery,42,pair_grounded_dynamic,False,83,0.8353917598724365
23,text,0.7295651435852051,Grocery,42,pair_grounded_dynamic,False,83,0.7295651435852051
23,visual,0.8685541749000549,Grocery,42,pair_grounded_dynamic,False,83,0.8685541749000549
24,text,0.7531766891479492,Grocery,42,pair_grounded_dynamic,False,83,0.7531766891479492
24,visual,0.901925802230835,Grocery,42,pair_grounded_dynamic,False,83,0.901925802230835
25,text,0.7778435349464417,Grocery,42,pair_grounded_dynamic,False,83,0.7778435349464417
25,visual,0.9358895421028137,Grocery,42,pair_grounded_dynamic,False,83,0.9358895421028137
26,text,0.8012803792953491,Grocery,42,pair_grounded_dynamic,False,83,0.8012803792953491
26,visual,0.9704864621162415,Grocery,42,pair_grounded_dynamic,False,83,0.9704864621162415
27,text,0.825450599193573,Grocery,42,pair_grounded_dynamic,False,83,0.825450599193573
27,visual,1.0062049627304077,Grocery,42,pair_grounded_dynamic,False,83,1.0062049627304077
28,text,0.8483569622039795,Grocery,42,pair_grounded_dynamic,False,83,0.8483569622039795
28,visual,1.039359211921692,Grocery,42,pair_grounded_dynamic,False,83,1.039359211921692
29,text,0.871197521686554,Grocery,42,pair_grounded_dynamic,False,83,0.871197521686554
29,visual,1.0723528861999512,Grocery,42,pair_grounded_dynamic,False,83,1.0723528861999512
30,text,0.8925172090530396,Grocery,42,pair_grounded_dynamic,False,83,0.8925172090530396
30,visual,1.1048859357833862,Grocery,42,pair_grounded_dynamic,False,83,1.1048859357833862
31,text,0.914413332939148,Grocery,42,pair_grounded_dynamic,False,83,0.914413332939148
31,visual,1.1375340223312378,Grocery,42,pair_grounded_dynamic,False,83,1.1375340223312378
32,text,0.9365812540054321,Grocery,42,pair_grounded_dynamic,False,83,0.9365812540054321
32,visual,1.169453501701355,Grocery,42,pair_grounded_dynamic,False,83,1.169453501701355
33,text,0.9569490551948547,Grocery,42,pair_grounded_dynamic,False,83,0.9569490551948547
33,visual,1.2010239362716675,Grocery,42,pair_grounded_dynamic,False,83,1.2010239362716675
34,text,0.9773252010345459,Grocery,42,pair_grounded_dynamic,False,83,0.9773252010345459
34,visual,1.2324330806732178,Grocery,42,pair_grounded_dynamic,False,83,1.2324330806732178
35,text,0.9977146983146667,Grocery,42,pair_grounded_dynamic,False,83,0.9977146983146667
35,visual,1.2641172409057617,Grocery,42,pair_grounded_dynamic,False,83,1.2641172409057617
36,text,1.018843173980713,Grocery,42,pair_grounded_dynamic,False,83,1.018843173980713
36,visual,1.2954392433166504,Grocery,42,pair_grounded_dynamic,False,83,1.2954392433166504
37,text,1.0391016006469727,Grocery,42,pair_grounded_dynamic,False,83,1.0391016006469727
37,visual,1.326524019241333,Grocery,42,pair_grounded_dynamic,False,83,1.326524019241333
38,text,1.059462308883667,Grocery,42,pair_grounded_dynamic,False,83,1.059462308883667
38,visual,1.357653260231018,Grocery,42,pair_grounded_dynamic,False,83,1.357653260231018
39,text,1.079172134399414,Grocery,42,pair_grounded_dynamic,False,83,1.079172134399414
39,visual,1.3890188932418823,Grocery,42,pair_grounded_dynamic,False,83,1.3890188932418823
40,text,1.0988906621932983,Grocery,42,pair_grounded_dynamic,False,83,1.0988906621932983
40,visual,1.4199551343917847,Grocery,42,pair_grounded_dynamic,False,83,1.4199551343917847
41,text,1.1181104183197021,Grocery,42,pair_grounded_dynamic,False,83,1.1181104183197021
41,visual,1.4514564275741577,Grocery,42,pair_grounded_dynamic,False,83,1.4514564275741577
42,text,1.136837363243103,Grocery,42,pair_grounded_dynamic,False,83,1.136837363243103
42,visual,1.4841160774230957,Grocery,42,pair_grounded_dynamic,False,83,1.4841160774230957
43,text,1.1547977924346924,Grocery,42,pair_grounded_dynamic,False,83,1.1547977924346924
43,visual,1.515625,Grocery,42,pair_grounded_dynamic,False,83,1.515625
44,text,1.1729966402053833,Grocery,42,pair_grounded_dynamic,False,83,1.1729966402053833
44,visual,1.546815037727356,Grocery,42,pair_grounded_dynamic,False,83,1.546815037727356
45,text,1.191007137298584,Grocery,42,pair_grounded_dynamic,False,83,1.191007137298584
45,visual,1.5788341760635376,Grocery,42,pair_grounded_dynamic,False,83,1.5788341760635376
46,text,1.209058165550232,Grocery,42,pair_grounded_dynamic,False,83,1.209058165550232
46,visual,1.6094273328781128,Grocery,42,pair_grounded_dynamic,False,83,1.6094273328781128
47,text,1.2269830703735352,Grocery,42,pair_grounded_dynamic,False,83,1.2269830703735352
47,visual,1.640160322189331,Grocery,42,pair_grounded_dynamic,False,83,1.640160322189331
48,text,1.2437025308609009,Grocery,42,pair_grounded_dynamic,False,83,1.2437025308609009
48,visual,1.6694918870925903,Grocery,42,pair_grounded_dynamic,False,83,1.6694918870925903
49,text,1.2592658996582031,Grocery,42,pair_grounded_dynamic,False,83,1.2592658996582031
49,visual,1.6980595588684082,Grocery,42,pair_grounded_dynamic,False,83,1.6980595588684082
50,text,1.2751038074493408,Grocery,42,pair_grounded_dynamic,False,83,1.2751038074493408
50,visual,1.7254843711853027,Grocery,42,pair_grounded_dynamic,False,83,1.7254843711853027
51,text,1.2915799617767334,Grocery,42,pair_grounded_dynamic,False,83,1.2915799617767334
51,visual,1.7517266273498535,Grocery,42,pair_grounded_dynamic,False,83,1.7517266273498535
52,text,1.3078137636184692,Grocery,42,pair_grounded_dynamic,False,83,1.3078137636184692
52,visual,1.7774012088775635,Grocery,42,pair_grounded_dynamic,False,83,1.7774012088775635
53,text,1.320839524269104,Grocery,42,pair_grounded_dynamic,False,83,1.320839524269104
53,visual,1.8019906282424927,Grocery,42,pair_grounded_dynamic,False,83,1.8019906282424927
54,text,1.334928035736084,Grocery,42,pair_grounded_dynamic,False,83,1.334928035736084
54,visual,1.8258098363876343,Grocery,42,pair_grounded_dynamic,False,83,1.8258098363876343
55,text,1.3498107194900513,Grocery,42,pair_grounded_dynamic,False,83,1.3498107194900513
55,visual,1.847994327545166,Grocery,42,pair_grounded_dynamic,False,83,1.847994327545166
56,text,1.3662737607955933,Grocery,42,pair_grounded_dynamic,False,83,1.3662737607955933
56,visual,1.8703290224075317,Grocery,42,pair_grounded_dynamic,False,83,1.8703290224075317
57,text,1.383413553237915,Grocery,42,pair_grounded_dynamic,False,83,1.383413553237915
57,visual,1.8921393156051636,Grocery,42,pair_grounded_dynamic,False,83,1.8921393156051636
58,text,1.3968024253845215,Grocery,42,pair_grounded_dynamic,False,83,1.3968024253845215
58,visual,1.912928819656372,Grocery,42,pair_grounded_dynamic,False,83,1.912928819656372
59,text,1.410246729850769,Grocery,42,pair_grounded_dynamic,False,83,1.410246729850769
59,visual,1.9338459968566895,Grocery,42,pair_grounded_dynamic,False,83,1.9338459968566895
60,text,1.424793004989624,Grocery,42,pair_grounded_dynamic,False,83,1.424793004989624
60,visual,1.955357313156128,Grocery,42,pair_grounded_dynamic,False,83,1.955357313156128
61,text,1.4375927448272705,Grocery,42,pair_grounded_dynamic,False,83,1.4375927448272705
61,visual,1.9748398065567017,Grocery,42,pair_grounded_dynamic,False,83,1.9748398065567017
62,text,1.4514330625534058,Grocery,42,pair_grounded_dynamic,False,83,1.4514330625534058
62,visual,1.9933058023452759,Grocery,42,pair_grounded_dynamic,False,83,1.9933058023452759
63,text,1.4658013582229614,Grocery,42,pair_grounded_dynamic,False,83,1.4658013582229614
63,visual,2.0114023685455322,Grocery,42,pair_grounded_dynamic,False,83,2.0114023685455322
64,text,1.478394627571106,Grocery,42,pair_grounded_dynamic,False,83,1.478394627571106
64,visual,2.0304338932037354,Grocery,42,pair_grounded_dynamic,False,83,2.0304338932037354
65,text,1.4910870790481567,Grocery,42,pair_grounded_dynamic,False,83,1.4910870790481567
65,visual,2.0490362644195557,Grocery,42,pair_grounded_dynamic,False,83,2.0490362644195557
66,text,1.5029234886169434,Grocery,42,pair_grounded_dynamic,False,83,1.5029234886169434
66,visual,2.066540002822876,Grocery,42,pair_grounded_dynamic,False,83,2.066540002822876
67,text,1.5164625644683838,Grocery,42,pair_grounded_dynamic,False,83,1.5164625644683838
67,visual,2.0840368270874023,Grocery,42,pair_grounded_dynamic,False,83,2.0840368270874023
68,text,1.53119695186615,Grocery,42,pair_grounded_dynamic,False,83,1.53119695186615
68,visual,2.1007025241851807,Grocery,42,pair_grounded_dynamic,False,83,2.1007025241851807
69,text,1.5474193096160889,Grocery,42,pair_grounded_dynamic,False,83,1.5474193096160889
69,visual,2.1183536052703857,Grocery,42,pair_grounded_dynamic,False,83,2.1183536052703857
70,text,1.563252329826355,Grocery,42,pair_grounded_dynamic,False,83,1.563252329826355
70,visual,2.1374216079711914,Grocery,42,pair_grounded_dynamic,False,83,2.1374216079711914
71,text,1.5769003629684448,Grocery,42,pair_grounded_dynamic,False,83,1.5769003629684448
71,visual,2.1558611392974854,Grocery,42,pair_grounded_dynamic,False,83,2.1558611392974854
72,text,1.5903615951538086,Grocery,42,pair_grounded_dynamic,False,83,1.5903615951538086
72,visual,2.1728415489196777,Grocery,42,pair_grounded_dynamic,False,83,2.1728415489196777
73,text,1.6056835651397705,Grocery,42,pair_grounded_dynamic,False,83,1.6056835651397705
73,visual,2.1896443367004395,Grocery,42,pair_grounded_dynamic,False,83,2.1896443367004395
74,text,1.6193815469741821,Grocery,42,pair_grounded_dynamic,False,83,1.6193815469741821
74,visual,2.2068161964416504,Grocery,42,pair_grounded_dynamic,False,83,2.2068161964416504
75,text,1.6345438957214355,Grocery,42,pair_grounded_dynamic,False,83,1.6345438957214355
75,visual,2.223906993865967,Grocery,42,pair_grounded_dynamic,False,83,2.223906993865967
76,text,1.6510019302368164,Grocery,42,pair_grounded_dynamic,False,83,1.6510019302368164
76,visual,2.241537094116211,Grocery,42,pair_grounded_dynamic,False,83,2.241537094116211
77,text,1.6701664924621582,Grocery,42,pair_grounded_dynamic,False,83,1.6701664924621582
77,visual,2.2604925632476807,Grocery,42,pair_grounded_dynamic,False,83,2.2604925632476807
78,text,1.6867642402648926,Grocery,42,pair_grounded_dynamic,False,83,1.6867642402648926
78,visual,2.27774977684021,Grocery,42,pair_grounded_dynamic,False,83,2.27774977684021
79,text,1.7009685039520264,Grocery,42,pair_grounded_dynamic,False,83,1.7009685039520264
79,visual,2.2948737144470215,Grocery,42,pair_grounded_dynamic,False,83,2.2948737144470215
80,text,1.7144434452056885,Grocery,42,pair_grounded_dynamic,False,83,1.7144434452056885
80,visual,2.3118772506713867,Grocery,42,pair_grounded_dynamic,False,83,2.3118772506713867
81,text,1.7279926538467407,Grocery,42,pair_grounded_dynamic,False,83,1.7279926538467407
81,visual,2.329359531402588,Grocery,42,pair_grounded_dynamic,False,83,2.329359531402588
82,text,1.7403148412704468,Grocery,42,pair_grounded_dynamic,False,83,1.7403148412704468
82,visual,2.3458163738250732,Grocery,42,pair_grounded_dynamic,False,83,2.3458163738250732
83,text,1.753977656364441,Grocery,42,pair_grounded_dynamic,True,83,1.753977656364441
83,visual,2.362863779067993,Grocery,42,pair_grounded_dynamic,True,83,2.362863779067993
84,text,1.7701181173324585,Grocery,42,pair_grounded_dynamic,False,83,1.7701181173324585
84,visual,2.380291700363159,Grocery,42,pair_grounded_dynamic,False,83,2.380291700363159
85,text,1.787217140197754,Grocery,42,pair_grounded_dynamic,False,83,1.787217140197754
85,visual,2.3975870609283447,Grocery,42,pair_grounded_dynamic,False,83,2.3975870609283447
86,text,1.8021342754364014,Grocery,42,pair_grounded_dynamic,False,83,1.8021342754364014
86,visual,2.413311004638672,Grocery,42,pair_grounded_dynamic,False,83,2.413311004638672
87,text,1.8150650262832642,Grocery,42,pair_grounded_dynamic,False,83,1.8150650262832642
87,visual,2.4273619651794434,Grocery,42,pair_grounded_dynamic,False,83,2.4273619651794434
88,text,1.8275175094604492,Grocery,42,pair_grounded_dynamic,False,83,1.8275175094604492
88,visual,2.439993143081665,Grocery,42,pair_grounded_dynamic,False,83,2.439993143081665
89,text,1.8412193059921265,Grocery,42,pair_grounded_dynamic,False,83,1.8412193059921265
89,visual,2.45308518409729,Grocery,42,pair_grounded_dynamic,False,83,2.45308518409729
90,text,1.8541690111160278,Grocery,42,pair_grounded_dynamic,False,83,1.8541690111160278
90,visual,2.466219902038574,Grocery,42,pair_grounded_dynamic,False,83,2.466219902038574
91,text,1.8683558702468872,Grocery,42,pair_grounded_dynamic,False,83,1.8683558702468872
91,visual,2.479445219039917,Grocery,42,pair_grounded_dynamic,False,83,2.479445219039917
92,text,1.8815462589263916,Grocery,42,pair_grounded_dynamic,False,83,1.8815462589263916
92,visual,2.491023302078247,Grocery,42,pair_grounded_dynamic,False,83,2.491023302078247
93,text,1.8927165269851685,Grocery,42,pair_grounded_dynamic,False,83,1.8927165269851685
93,visual,2.502453565597534,Grocery,42,pair_grounded_dynamic,False,83,2.502453565597534
94,text,1.9042712450027466,Grocery,42,pair_grounded_dynamic,False,83,1.9042712450027466
94,visual,2.5146896839141846,Grocery,42,pair_grounded_dynamic,False,83,2.5146896839141846
95,text,1.9156699180603027,Grocery,42,pair_grounded_dynamic,False,83,1.9156699180603027
95,visual,2.5250766277313232,Grocery,42,pair_grounded_dynamic,False,83,2.5250766277313232
96,text,1.926161527633667,Grocery,42,pair_grounded_dynamic,False,83,1.926161527633667
96,visual,2.5354843139648438,Grocery,42,pair_grounded_dynamic,False,83,2.5354843139648438
97,text,1.9359568357467651,Grocery,42,pair_grounded_dynamic,False,83,1.9359568357467651
97,visual,2.547179937362671,Grocery,42,pair_grounded_dynamic,False,83,2.547179937362671
98,text,1.9467978477478027,Grocery,42,pair_grounded_dynamic,False,83,1.9467978477478027
98,visual,2.5598790645599365,Grocery,42,pair_grounded_dynamic,False,83,2.5598790645599365
99,text,1.957834005355835,Grocery,42,pair_grounded_dynamic,False,83,1.957834005355835
99,visual,2.5721869468688965,Grocery,42,pair_grounded_dynamic,False,83,2.5721869468688965
100,text,1.9673328399658203,Grocery,42,pair_grounded_dynamic,False,83,1.9673328399658203
100,visual,2.583908796310425,Grocery,42,pair_grounded_dynamic,False,83,2.583908796310425
101,text,1.9752624034881592,Grocery,42,pair_grounded_dynamic,False,83,1.9752624034881592
101,visual,2.5959463119506836,Grocery,42,pair_grounded_dynamic,False,83,2.5959463119506836
102,text,1.9832407236099243,Grocery,42,pair_grounded_dynamic,False,83,1.9832407236099243
102,visual,2.606680393218994,Grocery,42,pair_grounded_dynamic,False,83,2.606680393218994
103,text,1.9926120042800903,Grocery,42,pair_grounded_dynamic,False,83,1.9926120042800903
103,visual,2.616621971130371,Grocery,42,pair_grounded_dynamic,False,83,2.616621971130371
104,text,2.003643751144409,Grocery,42,pair_grounded_dynamic,False,83,2.003643751144409
104,visual,2.6285884380340576,Grocery,42,pair_grounded_dynamic,False,83,2.6285884380340576
105,text,2.0135843753814697,Grocery,42,pair_grounded_dynamic,False,83,2.0135843753814697
105,visual,2.638902187347412,Grocery,42,pair_grounded_dynamic,False,83,2.638902187347412
106,text,2.0244481563568115,Grocery,42,pair_grounded_dynamic,False,83,2.0244481563568115
106,visual,2.648517370223999,Grocery,42,pair_grounded_dynamic,False,83,2.648517370223999
107,text,2.036746025085449,Grocery,42,pair_grounded_dynamic,False,83,2.036746025085449
107,visual,2.6584410667419434,Grocery,42,pair_grounded_dynamic,False,83,2.6584410667419434
108,text,2.0474328994750977,Grocery,42,pair_grounded_dynamic,False,83,2.0474328994750977
108,visual,2.667619228363037,Grocery,42,pair_grounded_dynamic,False,83,2.667619228363037
109,text,2.058976650238037,Grocery,42,pair_grounded_dynamic,False,83,2.058976650238037
109,visual,2.6767189502716064,Grocery,42,pair_grounded_dynamic,False,83,2.6767189502716064
110,text,2.07039737701416,Grocery,42,pair_grounded_dynamic,False,83,2.07039737701416
110,visual,2.685929775238037,Grocery,42,pair_grounded_dynamic,False,83,2.685929775238037
111,text,2.080427646636963,Grocery,42,pair_grounded_dynamic,False,83,2.080427646636963
111,visual,2.6955888271331787,Grocery,42,pair_grounded_dynamic,False,83,2.6955888271331787
112,text,2.089905023574829,Grocery,42,pair_grounded_dynamic,False,83,2.089905023574829
112,visual,2.7041940689086914,Grocery,42,pair_grounded_dynamic,False,83,2.7041940689086914
113,text,2.1010308265686035,Grocery,42,pair_grounded_dynamic,False,83,2.1010308265686035
113,visual,2.713228464126587,Grocery,42,pair_grounded_dynamic,False,83,2.713228464126587
1,text,0.08990387618541718,Grocery,42,context_grounded_static,False,70,0.08990387618541718
1,visual,0.08995795994997025,Grocery,42,context_grounded_static,False,70,0.08995795994997025
2,text,0.13910315930843353,Grocery,42,context_grounded_static,False,70,0.13910315930843353
2,visual,0.1403781771659851,Grocery,42,context_grounded_static,False,70,0.1403781771659851
3,text,0.17980298399925232,Grocery,42,context_grounded_static,False,70,0.17980298399925232
3,visual,0.18035206198692322,Grocery,42,context_grounded_static,False,70,0.18035206198692322
4,text,0.21731580793857574,Grocery,42,context_grounded_static,False,70,0.21731580793857574
4,visual,0.21827347576618195,Grocery,42,context_grounded_static,False,70,0.21827347576618195
5,text,0.2515178918838501,Grocery,42,context_grounded_static,False,70,0.2515178918838501
5,visual,0.25690096616744995,Grocery,42,context_grounded_static,False,70,0.25690096616744995
6,text,0.28408148884773254,Grocery,42,context_grounded_static,False,70,0.28408148884773254
6,visual,0.297080934047699,Grocery,42,context_grounded_static,False,70,0.297080934047699
7,text,0.314781129360199,Grocery,42,context_grounded_static,False,70,0.314781129360199
7,visual,0.3353551924228668,Grocery,42,context_grounded_static,False,70,0.3353551924228668
8,text,0.34445920586586,Grocery,42,context_grounded_static,False,70,0.34445920586586
8,visual,0.3725021183490753,Grocery,42,context_grounded_static,False,70,0.3725021183490753
9,text,0.3701475262641907,Grocery,42,context_grounded_static,False,70,0.3701475262641907
9,visual,0.4083985984325409,Grocery,42,context_grounded_static,False,70,0.4083985984325409
10,text,0.3969842493534088,Grocery,42,context_grounded_static,False,70,0.3969842493534088
10,visual,0.44407346844673157,Grocery,42,context_grounded_static,False,70,0.44407346844673157
11,text,0.41992732882499695,Grocery,42,context_grounded_static,False,70,0.41992732882499695
11,visual,0.4775785505771637,Grocery,42,context_grounded_static,False,70,0.4775785505771637
12,text,0.44314780831336975,Grocery,42,context_grounded_static,False,70,0.44314780831336975
12,visual,0.5115417838096619,Grocery,42,context_grounded_static,False,70,0.5115417838096619
13,text,0.4658690392971039,Grocery,42,context_grounded_static,False,70,0.4658690392971039
13,visual,0.5456949472427368,Grocery,42,context_grounded_static,False,70,0.5456949472427368
14,text,0.4871287941932678,Grocery,42,context_grounded_static,False,70,0.4871287941932678
14,visual,0.5785766839981079,Grocery,42,context_grounded_static,False,70,0.5785766839981079
15,text,0.5078371167182922,Grocery,42,context_grounded_static,False,70,0.5078371167182922
15,visual,0.6106758117675781,Grocery,42,context_grounded_static,False,70,0.6106758117675781
16,text,0.5278528332710266,Grocery,42,context_grounded_static,False,70,0.5278528332710266
16,visual,0.6425089836120605,Grocery,42,context_grounded_static,False,70,0.6425089836120605
17,text,0.5478764772415161,Grocery,42,context_grounded_static,False,70,0.5478764772415161
17,visual,0.6745219826698303,Grocery,42,context_grounded_static,False,70,0.6745219826698303
18,text,0.5683550238609314,Grocery,42,context_grounded_static,False,70,0.5683550238609314
18,visual,0.7067193388938904,Grocery,42,context_grounded_static,False,70,0.7067193388938904
19,text,0.5884840488433838,Grocery,42,context_grounded_static,False,70,0.5884840488433838
19,visual,0.7389099597930908,Grocery,42,context_grounded_static,False,70,0.7389099597930908
20,text,0.6090561151504517,Grocery,42,context_grounded_static,False,70,0.6090561151504517
20,visual,0.7708014845848083,Grocery,42,context_grounded_static,False,70,0.7708014845848083
21,text,0.6300442218780518,Grocery,42,context_grounded_static,False,70,0.6300442218780518
21,visual,0.8034757971763611,Grocery,42,context_grounded_static,False,70,0.8034757971763611
22,text,0.6516545414924622,Grocery,42,context_grounded_static,False,70,0.6516545414924622
22,visual,0.8369517922401428,Grocery,42,context_grounded_static,False,70,0.8369517922401428
23,text,0.6732011437416077,Grocery,42,context_grounded_static,False,70,0.6732011437416077
23,visual,0.8719304800033569,Grocery,42,context_grounded_static,False,70,0.8719304800033569
24,text,0.6951887607574463,Grocery,42,context_grounded_static,False,70,0.6951887607574463
24,visual,0.9076461791992188,Grocery,42,context_grounded_static,False,70,0.9076461791992188
25,text,0.7157903909683228,Grocery,42,context_grounded_static,False,70,0.7157903909683228
25,visual,0.9430992603302002,Grocery,42,context_grounded_static,False,70,0.9430992603302002
26,text,0.7364625930786133,Grocery,42,context_grounded_static,False,70,0.7364625930786133
26,visual,0.9774757027626038,Grocery,42,context_grounded_static,False,70,0.9774757027626038
27,text,0.7573661804199219,Grocery,42,context_grounded_static,False,70,0.7573661804199219
27,visual,1.0133318901062012,Grocery,42,context_grounded_static,False,70,1.0133318901062012
28,text,0.7766119837760925,Grocery,42,context_grounded_static,False,70,0.7766119837760925
28,visual,1.0464979410171509,Grocery,42,context_grounded_static,False,70,1.0464979410171509
29,text,0.7960575222969055,Grocery,42,context_grounded_static,False,70,0.7960575222969055
29,visual,1.0794322490692139,Grocery,42,context_grounded_static,False,70,1.0794322490692139
30,text,0.8153953552246094,Grocery,42,context_grounded_static,False,70,0.8153953552246094
30,visual,1.1130625009536743,Grocery,42,context_grounded_static,False,70,1.1130625009536743
31,text,0.8342867493629456,Grocery,42,context_grounded_static,False,70,0.8342867493629456
31,visual,1.1472961902618408,Grocery,42,context_grounded_static,False,70,1.1472961902618408
32,text,0.8537337779998779,Grocery,42,context_grounded_static,False,70,0.8537337779998779
32,visual,1.180665373802185,Grocery,42,context_grounded_static,False,70,1.180665373802185
33,text,0.873565137386322,Grocery,42,context_grounded_static,False,70,0.873565137386322
33,visual,1.2156552076339722,Grocery,42,context_grounded_static,False,70,1.2156552076339722
34,text,0.8922325372695923,Grocery,42,context_grounded_static,False,70,0.8922325372695923
34,visual,1.2505733966827393,Grocery,42,context_grounded_static,False,70,1.2505733966827393
35,text,0.9106631875038147,Grocery,42,context_grounded_static,False,70,0.9106631875038147
35,visual,1.284590244293213,Grocery,42,context_grounded_static,False,70,1.284590244293213
36,text,0.92979496717453,Grocery,42,context_grounded_static,False,70,0.92979496717453
36,visual,1.31894850730896,Grocery,42,context_grounded_static,False,70,1.31894850730896
37,text,0.9486754536628723,Grocery,42,context_grounded_static,False,70,0.9486754536628723
37,visual,1.3525387048721313,Grocery,42,context_grounded_static,False,70,1.3525387048721313
38,text,0.9672209620475769,Grocery,42,context_grounded_static,False,70,0.9672209620475769
38,visual,1.383791446685791,Grocery,42,context_grounded_static,False,70,1.383791446685791
39,text,0.9853865504264832,Grocery,42,context_grounded_static,False,70,0.9853865504264832
39,visual,1.4159600734710693,Grocery,42,context_grounded_static,False,70,1.4159600734710693
40,text,1.0044963359832764,Grocery,42,context_grounded_static,False,70,1.0044963359832764
40,visual,1.4493472576141357,Grocery,42,context_grounded_static,False,70,1.4493472576141357
41,text,1.0236835479736328,Grocery,42,context_grounded_static,False,70,1.0236835479736328
41,visual,1.4802740812301636,Grocery,42,context_grounded_static,False,70,1.4802740812301636
42,text,1.0414708852767944,Grocery,42,context_grounded_static,False,70,1.0414708852767944
42,visual,1.5120607614517212,Grocery,42,context_grounded_static,False,70,1.5120607614517212
43,text,1.060593843460083,Grocery,42,context_grounded_static,False,70,1.060593843460083
43,visual,1.5438792705535889,Grocery,42,context_grounded_static,False,70,1.5438792705535889
44,text,1.0808027982711792,Grocery,42,context_grounded_static,False,70,1.0808027982711792
44,visual,1.5761651992797852,Grocery,42,context_grounded_static,False,70,1.5761651992797852
45,text,1.1009516716003418,Grocery,42,context_grounded_static,False,70,1.1009516716003418
45,visual,1.6069003343582153,Grocery,42,context_grounded_static,False,70,1.6069003343582153
46,text,1.1222209930419922,Grocery,42,context_grounded_static,False,70,1.1222209930419922
46,visual,1.6353732347488403,Grocery,42,context_grounded_static,False,70,1.6353732347488403
47,text,1.141303300857544,Grocery,42,context_grounded_static,False,70,1.141303300857544
47,visual,1.6605544090270996,Grocery,42,context_grounded_static,False,70,1.6605544090270996
48,text,1.1594970226287842,Grocery,42,context_grounded_static,False,70,1.1594970226287842
48,visual,1.6820465326309204,Grocery,42,context_grounded_static,False,70,1.6820465326309204
49,text,1.1773730516433716,Grocery,42,context_grounded_static,False,70,1.1773730516433716
49,visual,1.7030320167541504,Grocery,42,context_grounded_static,False,70,1.7030320167541504
50,text,1.1941025257110596,Grocery,42,context_grounded_static,False,70,1.1941025257110596
50,visual,1.7233107089996338,Grocery,42,context_grounded_static,False,70,1.7233107089996338
51,text,1.2114441394805908,Grocery,42,context_grounded_static,False,70,1.2114441394805908
51,visual,1.7435096502304077,Grocery,42,context_grounded_static,False,70,1.7435096502304077
52,text,1.228050947189331,Grocery,42,context_grounded_static,False,70,1.228050947189331
52,visual,1.761898159980774,Grocery,42,context_grounded_static,False,70,1.761898159980774
53,text,1.2440634965896606,Grocery,42,context_grounded_static,False,70,1.2440634965896606
53,visual,1.7802104949951172,Grocery,42,context_grounded_static,False,70,1.7802104949951172
54,text,1.258913278579712,Grocery,42,context_grounded_static,False,70,1.258913278579712
54,visual,1.7964847087860107,Grocery,42,context_grounded_static,False,70,1.7964847087860107
55,text,1.2724515199661255,Grocery,42,context_grounded_static,False,70,1.2724515199661255
55,visual,1.8126943111419678,Grocery,42,context_grounded_static,False,70,1.8126943111419678
56,text,1.285881757736206,Grocery,42,context_grounded_static,False,70,1.285881757736206
56,visual,1.8274409770965576,Grocery,42,context_grounded_static,False,70,1.8274409770965576
57,text,1.2990161180496216,Grocery,42,context_grounded_static,False,70,1.2990161180496216
57,visual,1.8414136171340942,Grocery,42,context_grounded_static,False,70,1.8414136171340942
58,text,1.3124914169311523,Grocery,42,context_grounded_static,False,70,1.3124914169311523
58,visual,1.8568729162216187,Grocery,42,context_grounded_static,False,70,1.8568729162216187
59,text,1.3258925676345825,Grocery,42,context_grounded_static,False,70,1.3258925676345825
59,visual,1.872820496559143,Grocery,42,context_grounded_static,False,70,1.872820496559143
60,text,1.3398313522338867,Grocery,42,context_grounded_static,False,70,1.3398313522338867
60,visual,1.8891209363937378,Grocery,42,context_grounded_static,False,70,1.8891209363937378
61,text,1.3546991348266602,Grocery,42,context_grounded_static,False,70,1.3546991348266602
61,visual,1.905805230140686,Grocery,42,context_grounded_static,False,70,1.905805230140686
62,text,1.3699944019317627,Grocery,42,context_grounded_static,False,70,1.3699944019317627
62,visual,1.9228819608688354,Grocery,42,context_grounded_static,False,70,1.9228819608688354
63,text,1.3850616216659546,Grocery,42,context_grounded_static,False,70,1.3850616216659546
63,visual,1.9385749101638794,Grocery,42,context_grounded_static,False,70,1.9385749101638794
64,text,1.4013515710830688,Grocery,42,context_grounded_static,False,70,1.4013515710830688
64,visual,1.9549832344055176,Grocery,42,context_grounded_static,False,70,1.9549832344055176
65,text,1.4171720743179321,Grocery,42,context_grounded_static,False,70,1.4171720743179321
65,visual,1.9709142446517944,Grocery,42,context_grounded_static,False,70,1.9709142446517944
66,text,1.433130145072937,Grocery,42,context_grounded_static,False,70,1.433130145072937
66,visual,1.9864951372146606,Grocery,42,context_grounded_static,False,70,1.9864951372146606
67,text,1.449975609779358,Grocery,42,context_grounded_static,False,70,1.449975609779358
67,visual,2.002617120742798,Grocery,42,context_grounded_static,False,70,2.002617120742798
68,text,1.4665954113006592,Grocery,42,context_grounded_static,False,70,1.4665954113006592
68,visual,2.019430637359619,Grocery,42,context_grounded_static,False,70,2.019430637359619
69,text,1.4812631607055664,Grocery,42,context_grounded_static,False,70,1.4812631607055664
69,visual,2.0343637466430664,Grocery,42,context_grounded_static,False,70,2.0343637466430664
70,text,1.4970953464508057,Grocery,42,context_grounded_static,True,70,1.4970953464508057
70,visual,2.049997091293335,Grocery,42,context_grounded_static,True,70,2.049997091293335
71,text,1.5143200159072876,Grocery,42,context_grounded_static,False,70,1.5143200159072876
71,visual,2.066776752471924,Grocery,42,context_grounded_static,False,70,2.066776752471924
72,text,1.5332225561141968,Grocery,42,context_grounded_static,False,70,1.5332225561141968
72,visual,2.084282398223877,Grocery,42,context_grounded_static,False,70,2.084282398223877
73,text,1.5508264303207397,Grocery,42,context_grounded_static,False,70,1.5508264303207397
73,visual,2.102776527404785,Grocery,42,context_grounded_static,False,70,2.102776527404785
74,text,1.5690679550170898,Grocery,42,context_grounded_static,False,70,1.5690679550170898
74,visual,2.1201984882354736,Grocery,42,context_grounded_static,False,70,2.1201984882354736
75,text,1.5861867666244507,Grocery,42,context_grounded_static,False,70,1.5861867666244507
75,visual,2.1368072032928467,Grocery,42,context_grounded_static,False,70,2.1368072032928467
76,text,1.6033868789672852,Grocery,42,context_grounded_static,False,70,1.6033868789672852
76,visual,2.1530377864837646,Grocery,42,context_grounded_static,False,70,2.1530377864837646
77,text,1.6207672357559204,Grocery,42,context_grounded_static,False,70,1.6207672357559204
77,visual,2.169619560241699,Grocery,42,context_grounded_static,False,70,2.169619560241699
78,text,1.638725757598877,Grocery,42,context_grounded_static,False,70,1.638725757598877
78,visual,2.1868114471435547,Grocery,42,context_grounded_static,False,70,2.1868114471435547
79,text,1.6584409475326538,Grocery,42,context_grounded_static,False,70,1.6584409475326538
79,visual,2.2053184509277344,Grocery,42,context_grounded_static,False,70,2.2053184509277344
80,text,1.6745051145553589,Grocery,42,context_grounded_static,False,70,1.6745051145553589
80,visual,2.2219040393829346,Grocery,42,context_grounded_static,False,70,2.2219040393829346
81,text,1.6897506713867188,Grocery,42,context_grounded_static,False,70,1.6897506713867188
81,visual,2.2391347885131836,Grocery,42,context_grounded_static,False,70,2.2391347885131836
82,text,1.7061115503311157,Grocery,42,context_grounded_static,False,70,1.7061115503311157
82,visual,2.25534725189209,Grocery,42,context_grounded_static,False,70,2.25534725189209
83,text,1.7239934206008911,Grocery,42,context_grounded_static,False,70,1.7239934206008911
83,visual,2.271360158920288,Grocery,42,context_grounded_static,False,70,2.271360158920288
84,text,1.7426570653915405,Grocery,42,context_grounded_static,False,70,1.7426570653915405
84,visual,2.2879934310913086,Grocery,42,context_grounded_static,False,70,2.2879934310913086
85,text,1.7614964246749878,Grocery,42,context_grounded_static,False,70,1.7614964246749878
85,visual,2.305588960647583,Grocery,42,context_grounded_static,False,70,2.305588960647583
86,text,1.778546690940857,Grocery,42,context_grounded_static,False,70,1.778546690940857
86,visual,2.321319818496704,Grocery,42,context_grounded_static,False,70,2.321319818496704
87,text,1.7959697246551514,Grocery,42,context_grounded_static,False,70,1.7959697246551514
87,visual,2.335965156555176,Grocery,42,context_grounded_static,False,70,2.335965156555176
88,text,1.8141762018203735,Grocery,42,context_grounded_static,False,70,1.8141762018203735
88,visual,2.348958730697632,Grocery,42,context_grounded_static,False,70,2.348958730697632
89,text,1.8326665163040161,Grocery,42,context_grounded_static,False,70,1.8326665163040161
89,visual,2.3624091148376465,Grocery,42,context_grounded_static,False,70,2.3624091148376465
90,text,1.851732611656189,Grocery,42,context_grounded_static,False,70,1.851732611656189
90,visual,2.377127170562744,Grocery,42,context_grounded_static,False,70,2.377127170562744
91,text,1.8698617219924927,Grocery,42,context_grounded_static,False,70,1.8698617219924927
91,visual,2.3925070762634277,Grocery,42,context_grounded_static,False,70,2.3925070762634277
92,text,1.8883047103881836,Grocery,42,context_grounded_static,False,70,1.8883047103881836
92,visual,2.409407377243042,Grocery,42,context_grounded_static,False,70,2.409407377243042
93,text,1.902869462966919,Grocery,42,context_grounded_static,False,70,1.902869462966919
93,visual,2.4229376316070557,Grocery,42,context_grounded_static,False,70,2.4229376316070557
94,text,1.918278694152832,Grocery,42,context_grounded_static,False,70,1.918278694152832
94,visual,2.437255859375,Grocery,42,context_grounded_static,False,70,2.437255859375
95,text,1.9315582513809204,Grocery,42,context_grounded_static,False,70,1.9315582513809204
95,visual,2.4514787197113037,Grocery,42,context_grounded_static,False,70,2.4514787197113037
96,text,1.9444682598114014,Grocery,42,context_grounded_static,False,70,1.9444682598114014
96,visual,2.465165138244629,Grocery,42,context_grounded_static,False,70,2.465165138244629
97,text,1.9592183828353882,Grocery,42,context_grounded_static,False,70,1.9592183828353882
97,visual,2.47806978225708,Grocery,42,context_grounded_static,False,70,2.47806978225708
98,text,1.9721282720565796,Grocery,42,context_grounded_static,False,70,1.9721282720565796
98,visual,2.489899158477783,Grocery,42,context_grounded_static,False,70,2.489899158477783
99,text,1.9825018644332886,Grocery,42,context_grounded_static,False,70,1.9825018644332886
99,visual,2.5009210109710693,Grocery,42,context_grounded_static,False,70,2.5009210109710693
100,text,1.9937046766281128,Grocery,42,context_grounded_static,False,70,1.9937046766281128
100,visual,2.5099639892578125,Grocery,42,context_grounded_static,False,70,2.5099639892578125
1,text,0.08987424522638321,Grocery,42,context_grounded_dynamic,False,124,0.08987424522638321
1,visual,0.0899549275636673,Grocery,42,context_grounded_dynamic,False,124,0.0899549275636673
2,text,0.13962885737419128,Grocery,42,context_grounded_dynamic,False,124,0.13962885737419128
2,visual,0.1403258591890335,Grocery,42,context_grounded_dynamic,False,124,0.1403258591890335
3,text,0.1796010285615921,Grocery,42,context_grounded_dynamic,False,124,0.1796010285615921
3,visual,0.18152691423892975,Grocery,42,context_grounded_dynamic,False,124,0.18152691423892975
4,text,0.21750439703464508,Grocery,42,context_grounded_dynamic,False,124,0.21750439703464508
4,visual,0.21910111606121063,Grocery,42,context_grounded_dynamic,False,124,0.21910111606121063
5,text,0.25227025151252747,Grocery,42,context_grounded_dynamic,False,124,0.25227025151252747
5,visual,0.2572435736656189,Grocery,42,context_grounded_dynamic,False,124,0.2572435736656189
6,text,0.285901814699173,Grocery,42,context_grounded_dynamic,False,124,0.285901814699173
6,visual,0.2966744601726532,Grocery,42,context_grounded_dynamic,False,124,0.2966744601726532
7,text,0.318442702293396,Grocery,42,context_grounded_dynamic,False,124,0.318442702293396
7,visual,0.334332138299942,Grocery,42,context_grounded_dynamic,False,124,0.334332138299942
8,text,0.35071468353271484,Grocery,42,context_grounded_dynamic,False,124,0.35071468353271484
8,visual,0.37097835540771484,Grocery,42,context_grounded_dynamic,False,124,0.37097835540771484
9,text,0.3796088397502899,Grocery,42,context_grounded_dynamic,False,124,0.3796088397502899
9,visual,0.4067669212818146,Grocery,42,context_grounded_dynamic,False,124,0.4067669212818146
10,text,0.40968039631843567,Grocery,42,context_grounded_dynamic,False,124,0.40968039631843567
10,visual,0.44249507784843445,Grocery,42,context_grounded_dynamic,False,124,0.44249507784843445
11,text,0.43662476539611816,Grocery,42,context_grounded_dynamic,False,124,0.43662476539611816
11,visual,0.4764055609703064,Grocery,42,context_grounded_dynamic,False,124,0.4764055609703064
12,text,0.4634181559085846,Grocery,42,context_grounded_dynamic,False,124,0.4634181559085846
12,visual,0.5107839703559875,Grocery,42,context_grounded_dynamic,False,124,0.5107839703559875
13,text,0.489755779504776,Grocery,42,context_grounded_dynamic,False,124,0.489755779504776
13,visual,0.5454866290092468,Grocery,42,context_grounded_dynamic,False,124,0.5454866290092468
14,text,0.5146981477737427,Grocery,42,context_grounded_dynamic,False,124,0.5146981477737427
14,visual,0.5791519284248352,Grocery,42,context_grounded_dynamic,False,124,0.5791519284248352
15,text,0.5387014150619507,Grocery,42,context_grounded_dynamic,False,124,0.5387014150619507
15,visual,0.612077534198761,Grocery,42,context_grounded_dynamic,False,124,0.612077534198761
16,text,0.5625534057617188,Grocery,42,context_grounded_dynamic,False,124,0.5625534057617188
16,visual,0.6447831392288208,Grocery,42,context_grounded_dynamic,False,124,0.6447831392288208
17,text,0.5866304039955139,Grocery,42,context_grounded_dynamic,False,124,0.5866304039955139
17,visual,0.677554726600647,Grocery,42,context_grounded_dynamic,False,124,0.677554726600647
18,text,0.6112340092658997,Grocery,42,context_grounded_dynamic,False,124,0.6112340092658997
18,visual,0.7107992172241211,Grocery,42,context_grounded_dynamic,False,124,0.7107992172241211
19,text,0.6356133818626404,Grocery,42,context_grounded_dynamic,False,124,0.6356133818626404
19,visual,0.744648277759552,Grocery,42,context_grounded_dynamic,False,124,0.744648277759552
20,text,0.6608100533485413,Grocery,42,context_grounded_dynamic,False,124,0.6608100533485413
20,visual,0.7777842283248901,Grocery,42,context_grounded_dynamic,False,124,0.7777842283248901
21,text,0.6857202053070068,Grocery,42,context_grounded_dynamic,False,124,0.6857202053070068
21,visual,0.8117674589157104,Grocery,42,context_grounded_dynamic,False,124,0.8117674589157104
22,text,0.7110831141471863,Grocery,42,context_grounded_dynamic,False,124,0.7110831141471863
22,visual,0.8465896248817444,Grocery,42,context_grounded_dynamic,False,124,0.8465896248817444
23,text,0.7370730638504028,Grocery,42,context_grounded_dynamic,False,124,0.7370730638504028
23,visual,0.8817322254180908,Grocery,42,context_grounded_dynamic,False,124,0.8817322254180908
24,text,0.7605116367340088,Grocery,42,context_grounded_dynamic,False,124,0.7605116367340088
24,visual,0.9164307117462158,Grocery,42,context_grounded_dynamic,False,124,0.9164307117462158
25,text,0.7827429175376892,Grocery,42,context_grounded_dynamic,False,124,0.7827429175376892
25,visual,0.9510200619697571,Grocery,42,context_grounded_dynamic,False,124,0.9510200619697571
26,text,0.8050022721290588,Grocery,42,context_grounded_dynamic,False,124,0.8050022721290588
26,visual,0.9839906096458435,Grocery,42,context_grounded_dynamic,False,124,0.9839906096458435
27,text,0.8263355493545532,Grocery,42,context_grounded_dynamic,False,124,0.8263355493545532
27,visual,1.017270565032959,Grocery,42,context_grounded_dynamic,False,124,1.017270565032959
28,text,0.8461320400238037,Grocery,42,context_grounded_dynamic,False,124,0.8461320400238037
28,visual,1.0499050617218018,Grocery,42,context_grounded_dynamic,False,124,1.0499050617218018
29,text,0.8661864399909973,Grocery,42,context_grounded_dynamic,False,124,0.8661864399909973
29,visual,1.0821735858917236,Grocery,42,context_grounded_dynamic,False,124,1.0821735858917236
30,text,0.885936439037323,Grocery,42,context_grounded_dynamic,False,124,0.885936439037323
30,visual,1.1136608123779297,Grocery,42,context_grounded_dynamic,False,124,1.1136608123779297
31,text,0.9041140079498291,Grocery,42,context_grounded_dynamic,False,124,0.9041140079498291
31,visual,1.1457451581954956,Grocery,42,context_grounded_dynamic,False,124,1.1457451581954956
32,text,0.9227439761161804,Grocery,42,context_grounded_dynamic,False,124,0.9227439761161804
32,visual,1.178376317024231,Grocery,42,context_grounded_dynamic,False,124,1.178376317024231
33,text,0.9425113797187805,Grocery,42,context_grounded_dynamic,False,124,0.9425113797187805
33,visual,1.2128733396530151,Grocery,42,context_grounded_dynamic,False,124,1.2128733396530151
34,text,0.9603805541992188,Grocery,42,context_grounded_dynamic,False,124,0.9603805541992188
34,visual,1.2466509342193604,Grocery,42,context_grounded_dynamic,False,124,1.2466509342193604
35,text,0.9779120087623596,Grocery,42,context_grounded_dynamic,False,124,0.9779120087623596
35,visual,1.2795318365097046,Grocery,42,context_grounded_dynamic,False,124,1.2795318365097046
36,text,0.9960852265357971,Grocery,42,context_grounded_dynamic,False,124,0.9960852265357971
36,visual,1.3134865760803223,Grocery,42,context_grounded_dynamic,False,124,1.3134865760803223
37,text,1.0141792297363281,Grocery,42,context_grounded_dynamic,False,124,1.0141792297363281
37,visual,1.347597599029541,Grocery,42,context_grounded_dynamic,False,124,1.347597599029541
38,text,1.032588243484497,Grocery,42,context_grounded_dynamic,False,124,1.032588243484497
38,visual,1.379851222038269,Grocery,42,context_grounded_dynamic,False,124,1.379851222038269
39,text,1.052112102508545,Grocery,42,context_grounded_dynamic,False,124,1.052112102508545
39,visual,1.4126347303390503,Grocery,42,context_grounded_dynamic,False,124,1.4126347303390503
40,text,1.0718778371810913,Grocery,42,context_grounded_dynamic,False,124,1.0718778371810913
40,visual,1.4459882974624634,Grocery,42,context_grounded_dynamic,False,124,1.4459882974624634
41,text,1.0914788246154785,Grocery,42,context_grounded_dynamic,False,124,1.0914788246154785
41,visual,1.4809153079986572,Grocery,42,context_grounded_dynamic,False,124,1.4809153079986572
42,text,1.1101371049880981,Grocery,42,context_grounded_dynamic,False,124,1.1101371049880981
42,visual,1.515130639076233,Grocery,42,context_grounded_dynamic,False,124,1.515130639076233
43,text,1.1280035972595215,Grocery,42,context_grounded_dynamic,False,124,1.1280035972595215
43,visual,1.547760009765625,Grocery,42,context_grounded_dynamic,False,124,1.547760009765625
44,text,1.1470861434936523,Grocery,42,context_grounded_dynamic,False,124,1.1470861434936523
44,visual,1.5806952714920044,Grocery,42,context_grounded_dynamic,False,124,1.5806952714920044
45,text,1.1660884618759155,Grocery,42,context_grounded_dynamic,False,124,1.1660884618759155
45,visual,1.612998366355896,Grocery,42,context_grounded_dynamic,False,124,1.612998366355896
46,text,1.1854900121688843,Grocery,42,context_grounded_dynamic,False,124,1.1854900121688843
46,visual,1.6434136629104614,Grocery,42,context_grounded_dynamic,False,124,1.6434136629104614
47,text,1.2024389505386353,Grocery,42,context_grounded_dynamic,False,124,1.2024389505386353
47,visual,1.6714881658554077,Grocery,42,context_grounded_dynamic,False,124,1.6714881658554077
48,text,1.2186493873596191,Grocery,42,context_grounded_dynamic,False,124,1.2186493873596191
48,visual,1.700705885887146,Grocery,42,context_grounded_dynamic,False,124,1.700705885887146
49,text,1.2364393472671509,Grocery,42,context_grounded_dynamic,False,124,1.2364393472671509
49,visual,1.7306525707244873,Grocery,42,context_grounded_dynamic,False,124,1.7306525707244873
50,text,1.2540591955184937,Grocery,42,context_grounded_dynamic,False,124,1.2540591955184937
50,visual,1.7599427700042725,Grocery,42,context_grounded_dynamic,False,124,1.7599427700042725
51,text,1.2724549770355225,Grocery,42,context_grounded_dynamic,False,124,1.2724549770355225
51,visual,1.7886964082717896,Grocery,42,context_grounded_dynamic,False,124,1.7886964082717896
52,text,1.290601372718811,Grocery,42,context_grounded_dynamic,False,124,1.290601372718811
52,visual,1.8157669305801392,Grocery,42,context_grounded_dynamic,False,124,1.8157669305801392
53,text,1.3049196004867554,Grocery,42,context_grounded_dynamic,False,124,1.3049196004867554
53,visual,1.8424776792526245,Grocery,42,context_grounded_dynamic,False,124,1.8424776792526245
54,text,1.3194407224655151,Grocery,42,context_grounded_dynamic,False,124,1.3194407224655151
54,visual,1.8684237003326416,Grocery,42,context_grounded_dynamic,False,124,1.8684237003326416
55,text,1.3354185819625854,Grocery,42,context_grounded_dynamic,False,124,1.3354185819625854
55,visual,1.8953518867492676,Grocery,42,context_grounded_dynamic,False,124,1.8953518867492676
56,text,1.3523896932601929,Grocery,42,context_grounded_dynamic,False,124,1.3523896932601929
56,visual,1.9212321043014526,Grocery,42,context_grounded_dynamic,False,124,1.9212321043014526
57,text,1.3685234785079956,Grocery,42,context_grounded_dynamic,False,124,1.3685234785079956
57,visual,1.9460797309875488,Grocery,42,context_grounded_dynamic,False,124,1.9460797309875488
58,text,1.3829076290130615,Grocery,42,context_grounded_dynamic,False,124,1.3829076290130615
58,visual,1.968996286392212,Grocery,42,context_grounded_dynamic,False,124,1.968996286392212
59,text,1.398324966430664,Grocery,42,context_grounded_dynamic,False,124,1.398324966430664
59,visual,1.9921345710754395,Grocery,42,context_grounded_dynamic,False,124,1.9921345710754395
60,text,1.4125689268112183,Grocery,42,context_grounded_dynamic,False,124,1.4125689268112183
60,visual,2.0140774250030518,Grocery,42,context_grounded_dynamic,False,124,2.0140774250030518
61,text,1.427976369857788,Grocery,42,context_grounded_dynamic,False,124,1.427976369857788
61,visual,2.0362589359283447,Grocery,42,context_grounded_dynamic,False,124,2.0362589359283447
62,text,1.4456628561019897,Grocery,42,context_grounded_dynamic,False,124,1.4456628561019897
62,visual,2.057262897491455,Grocery,42,context_grounded_dynamic,False,124,2.057262897491455
63,text,1.4630519151687622,Grocery,42,context_grounded_dynamic,False,124,1.4630519151687622
63,visual,2.076979160308838,Grocery,42,context_grounded_dynamic,False,124,2.076979160308838
64,text,1.4801721572875977,Grocery,42,context_grounded_dynamic,False,124,1.4801721572875977
64,visual,2.097759485244751,Grocery,42,context_grounded_dynamic,False,124,2.097759485244751
65,text,1.497322678565979,Grocery,42,context_grounded_dynamic,False,124,1.497322678565979
65,visual,2.1192409992218018,Grocery,42,context_grounded_dynamic,False,124,2.1192409992218018
66,text,1.5123211145401,Grocery,42,context_grounded_dynamic,False,124,1.5123211145401
66,visual,2.137424945831299,Grocery,42,context_grounded_dynamic,False,124,2.137424945831299
67,text,1.5253124237060547,Grocery,42,context_grounded_dynamic,False,124,1.5253124237060547
67,visual,2.1530697345733643,Grocery,42,context_grounded_dynamic,False,124,2.1530697345733643
68,text,1.5355379581451416,Grocery,42,context_grounded_dynamic,False,124,1.5355379581451416
68,visual,2.1658082008361816,Grocery,42,context_grounded_dynamic,False,124,2.1658082008361816
69,text,1.5449131727218628,Grocery,42,context_grounded_dynamic,False,124,1.5449131727218628
69,visual,2.178267478942871,Grocery,42,context_grounded_dynamic,False,124,2.178267478942871
70,text,1.5564627647399902,Grocery,42,context_grounded_dynamic,False,124,1.5564627647399902
70,visual,2.190948486328125,Grocery,42,context_grounded_dynamic,False,124,2.190948486328125
71,text,1.5685827732086182,Grocery,42,context_grounded_dynamic,False,124,1.5685827732086182
71,visual,2.2024152278900146,Grocery,42,context_grounded_dynamic,False,124,2.2024152278900146
72,text,1.5807859897613525,Grocery,42,context_grounded_dynamic,False,124,1.5807859897613525
72,visual,2.2132301330566406,Grocery,42,context_grounded_dynamic,False,124,2.2132301330566406
73,text,1.5929173231124878,Grocery,42,context_grounded_dynamic,False,124,1.5929173231124878
73,visual,2.224982738494873,Grocery,42,context_grounded_dynamic,False,124,2.224982738494873
74,text,1.604928970336914,Grocery,42,context_grounded_dynamic,False,124,1.604928970336914
74,visual,2.2369303703308105,Grocery,42,context_grounded_dynamic,False,124,2.2369303703308105
75,text,1.617671012878418,Grocery,42,context_grounded_dynamic,False,124,1.617671012878418
75,visual,2.2506039142608643,Grocery,42,context_grounded_dynamic,False,124,2.2506039142608643
76,text,1.6316545009613037,Grocery,42,context_grounded_dynamic,False,124,1.6316545009613037
76,visual,2.2651255130767822,Grocery,42,context_grounded_dynamic,False,124,2.2651255130767822
77,text,1.6450695991516113,Grocery,42,context_grounded_dynamic,False,124,1.6450695991516113
77,visual,2.2804434299468994,Grocery,42,context_grounded_dynamic,False,124,2.2804434299468994
78,text,1.6590285301208496,Grocery,42,context_grounded_dynamic,False,124,1.6590285301208496
78,visual,2.2942285537719727,Grocery,42,context_grounded_dynamic,False,124,2.2942285537719727
79,text,1.6708968877792358,Grocery,42,context_grounded_dynamic,False,124,1.6708968877792358
79,visual,2.3067586421966553,Grocery,42,context_grounded_dynamic,False,124,2.3067586421966553
80,text,1.681961178779602,Grocery,42,context_grounded_dynamic,False,124,1.681961178779602
80,visual,2.319895029067993,Grocery,42,context_grounded_dynamic,False,124,2.319895029067993
81,text,1.69319486618042,Grocery,42,context_grounded_dynamic,False,124,1.69319486618042
81,visual,2.334825038909912,Grocery,42,context_grounded_dynamic,False,124,2.334825038909912
82,text,1.7041879892349243,Grocery,42,context_grounded_dynamic,False,124,1.7041879892349243
82,visual,2.348330497741699,Grocery,42,context_grounded_dynamic,False,124,2.348330497741699
83,text,1.717207908630371,Grocery,42,context_grounded_dynamic,False,124,1.717207908630371
83,visual,2.3613011837005615,Grocery,42,context_grounded_dynamic,False,124,2.3613011837005615
84,text,1.7340880632400513,Grocery,42,context_grounded_dynamic,False,124,1.7340880632400513
84,visual,2.3774654865264893,Grocery,42,context_grounded_dynamic,False,124,2.3774654865264893
85,text,1.7497665882110596,Grocery,42,context_grounded_dynamic,False,124,1.7497665882110596
85,visual,2.39227294921875,Grocery,42,context_grounded_dynamic,False,124,2.39227294921875
86,text,1.7642563581466675,Grocery,42,context_grounded_dynamic,False,124,1.7642563581466675
86,visual,2.406249523162842,Grocery,42,context_grounded_dynamic,False,124,2.406249523162842
87,text,1.7753995656967163,Grocery,42,context_grounded_dynamic,False,124,1.7753995656967163
87,visual,2.4196317195892334,Grocery,42,context_grounded_dynamic,False,124,2.4196317195892334
88,text,1.7866703271865845,Grocery,42,context_grounded_dynamic,False,124,1.7866703271865845
88,visual,2.4326882362365723,Grocery,42,context_grounded_dynamic,False,124,2.4326882362365723
89,text,1.7991440296173096,Grocery,42,context_grounded_dynamic,False,124,1.7991440296173096
89,visual,2.447521448135376,Grocery,42,context_grounded_dynamic,False,124,2.447521448135376
90,text,1.813186764717102,Grocery,42,context_grounded_dynamic,False,124,1.813186764717102
90,visual,2.461644411087036,Grocery,42,context_grounded_dynamic,False,124,2.461644411087036
91,text,1.8280224800109863,Grocery,42,context_grounded_dynamic,False,124,1.8280224800109863
91,visual,2.4738240242004395,Grocery,42,context_grounded_dynamic,False,124,2.4738240242004395
92,text,1.8421493768692017,Grocery,42,context_grounded_dynamic,False,124,1.8421493768692017
92,visual,2.4851388931274414,Grocery,42,context_grounded_dynamic,False,124,2.4851388931274414
93,text,1.8557754755020142,Grocery,42,context_grounded_dynamic,False,124,1.8557754755020142
93,visual,2.4978787899017334,Grocery,42,context_grounded_dynamic,False,124,2.4978787899017334
94,text,1.8694382905960083,Grocery,42,context_grounded_dynamic,False,124,1.8694382905960083
94,visual,2.509999990463257,Grocery,42,context_grounded_dynamic,False,124,2.509999990463257
95,text,1.8799993991851807,Grocery,42,context_grounded_dynamic,False,124,1.8799993991851807
95,visual,2.521470546722412,Grocery,42,context_grounded_dynamic,False,124,2.521470546722412
96,text,1.891741156578064,Grocery,42,context_grounded_dynamic,False,124,1.891741156578064
96,visual,2.5341906547546387,Grocery,42,context_grounded_dynamic,False,124,2.5341906547546387
97,text,1.9045183658599854,Grocery,42,context_grounded_dynamic,False,124,1.9045183658599854
97,visual,2.547539710998535,Grocery,42,context_grounded_dynamic,False,124,2.547539710998535
98,text,1.9165462255477905,Grocery,42,context_grounded_dynamic,False,124,1.9165462255477905
98,visual,2.560523509979248,Grocery,42,context_grounded_dynamic,False,124,2.560523509979248
99,text,1.9270710945129395,Grocery,42,context_grounded_dynamic,False,124,1.9270710945129395
99,visual,2.572746515274048,Grocery,42,context_grounded_dynamic,False,124,2.572746515274048
100,text,1.937203288078308,Grocery,42,context_grounded_dynamic,False,124,1.937203288078308
100,visual,2.584888219833374,Grocery,42,context_grounded_dynamic,False,124,2.584888219833374
101,text,1.947371482849121,Grocery,42,context_grounded_dynamic,False,124,1.947371482849121
101,visual,2.5974912643432617,Grocery,42,context_grounded_dynamic,False,124,2.5974912643432617
102,text,1.9578571319580078,Grocery,42,context_grounded_dynamic,False,124,1.9578571319580078
102,visual,2.6089184284210205,Grocery,42,context_grounded_dynamic,False,124,2.6089184284210205
103,text,1.9689340591430664,Grocery,42,context_grounded_dynamic,False,124,1.9689340591430664
103,visual,2.618541955947876,Grocery,42,context_grounded_dynamic,False,124,2.618541955947876
104,text,1.9796876907348633,Grocery,42,context_grounded_dynamic,False,124,1.9796876907348633
104,visual,2.627899646759033,Grocery,42,context_grounded_dynamic,False,124,2.627899646759033
105,text,1.9893825054168701,Grocery,42,context_grounded_dynamic,False,124,1.9893825054168701
105,visual,2.6377177238464355,Grocery,42,context_grounded_dynamic,False,124,2.6377177238464355
106,text,1.999340295791626,Grocery,42,context_grounded_dynamic,False,124,1.999340295791626
106,visual,2.647916555404663,Grocery,42,context_grounded_dynamic,False,124,2.647916555404663
107,text,2.009859561920166,Grocery,42,context_grounded_dynamic,False,124,2.009859561920166
107,visual,2.6566596031188965,Grocery,42,context_grounded_dynamic,False,124,2.6566596031188965
108,text,2.020416021347046,Grocery,42,context_grounded_dynamic,False,124,2.020416021347046
108,visual,2.6644272804260254,Grocery,42,context_grounded_dynamic,False,124,2.6644272804260254
109,text,2.02887225151062,Grocery,42,context_grounded_dynamic,False,124,2.02887225151062
109,visual,2.6723403930664062,Grocery,42,context_grounded_dynamic,False,124,2.6723403930664062
110,text,2.0368154048919678,Grocery,42,context_grounded_dynamic,False,124,2.0368154048919678
110,visual,2.6813743114471436,Grocery,42,context_grounded_dynamic,False,124,2.6813743114471436
111,text,2.045377016067505,Grocery,42,context_grounded_dynamic,False,124,2.045377016067505
111,visual,2.689051628112793,Grocery,42,context_grounded_dynamic,False,124,2.689051628112793
112,text,2.0550482273101807,Grocery,42,context_grounded_dynamic,False,124,2.0550482273101807
112,visual,2.695401906967163,Grocery,42,context_grounded_dynamic,False,124,2.695401906967163
113,text,2.065948724746704,Grocery,42,context_grounded_dynamic,False,124,2.065948724746704
113,visual,2.7028472423553467,Grocery,42,context_grounded_dynamic,False,124,2.7028472423553467
114,text,2.0749197006225586,Grocery,42,context_grounded_dynamic,False,124,2.0749197006225586
114,visual,2.709691047668457,Grocery,42,context_grounded_dynamic,False,124,2.709691047668457
115,text,2.0845251083374023,Grocery,42,context_grounded_dynamic,False,124,2.0845251083374023
115,visual,2.7178151607513428,Grocery,42,context_grounded_dynamic,False,124,2.7178151607513428
116,text,2.093302011489868,Grocery,42,context_grounded_dynamic,False,124,2.093302011489868
116,visual,2.726351022720337,Grocery,42,context_grounded_dynamic,False,124,2.726351022720337
117,text,2.1013271808624268,Grocery,42,context_grounded_dynamic,False,124,2.1013271808624268
117,visual,2.734179973602295,Grocery,42,context_grounded_dynamic,False,124,2.734179973602295
118,text,2.1106512546539307,Grocery,42,context_grounded_dynamic,False,124,2.1106512546539307
118,visual,2.7423181533813477,Grocery,42,context_grounded_dynamic,False,124,2.7423181533813477
119,text,2.120316505432129,Grocery,42,context_grounded_dynamic,False,124,2.120316505432129
119,visual,2.750276565551758,Grocery,42,context_grounded_dynamic,False,124,2.750276565551758
120,text,2.1299729347229004,Grocery,42,context_grounded_dynamic,False,124,2.1299729347229004
120,visual,2.75809645652771,Grocery,42,context_grounded_dynamic,False,124,2.75809645652771
121,text,2.1375350952148438,Grocery,42,context_grounded_dynamic,False,124,2.1375350952148438
121,visual,2.764467477798462,Grocery,42,context_grounded_dynamic,False,124,2.764467477798462
122,text,2.1445229053497314,Grocery,42,context_grounded_dynamic,False,124,2.1445229053497314
122,visual,2.7710185050964355,Grocery,42,context_grounded_dynamic,False,124,2.7710185050964355
123,text,2.1516363620758057,Grocery,42,context_grounded_dynamic,False,124,2.1516363620758057
123,visual,2.776573896408081,Grocery,42,context_grounded_dynamic,False,124,2.776573896408081
124,text,2.1578173637390137,Grocery,42,context_grounded_dynamic,True,124,2.1578173637390137
124,visual,2.7813785076141357,Grocery,42,context_grounded_dynamic,True,124,2.7813785076141357
125,text,2.166241407394409,Grocery,42,context_grounded_dynamic,False,124,2.166241407394409
125,visual,2.7876741886138916,Grocery,42,context_grounded_dynamic,False,124,2.7876741886138916
126,text,2.174865245819092,Grocery,42,context_grounded_dynamic,False,124,2.174865245819092
126,visual,2.7941951751708984,Grocery,42,context_grounded_dynamic,False,124,2.7941951751708984
127,text,2.183248996734619,Grocery,42,context_grounded_dynamic,False,124,2.183248996734619
127,visual,2.8007686138153076,Grocery,42,context_grounded_dynamic,False,124,2.8007686138153076
128,text,2.189605236053467,Grocery,42,context_grounded_dynamic,False,124,2.189605236053467
128,visual,2.807187557220459,Grocery,42,context_grounded_dynamic,False,124,2.807187557220459
129,text,2.195206880569458,Grocery,42,context_grounded_dynamic,False,124,2.195206880569458
129,visual,2.8139238357543945,Grocery,42,context_grounded_dynamic,False,124,2.8139238357543945
130,text,2.2002921104431152,Grocery,42,context_grounded_dynamic,False,124,2.2002921104431152
130,visual,2.8197643756866455,Grocery,42,context_grounded_dynamic,False,124,2.8197643756866455
131,text,2.2055375576019287,Grocery,42,context_grounded_dynamic,False,124,2.2055375576019287
131,visual,2.825441837310791,Grocery,42,context_grounded_dynamic,False,124,2.825441837310791
132,text,2.211183786392212,Grocery,42,context_grounded_dynamic,False,124,2.211183786392212
132,visual,2.8313486576080322,Grocery,42,context_grounded_dynamic,False,124,2.8313486576080322
133,text,2.2167699337005615,Grocery,42,context_grounded_dynamic,False,124,2.2167699337005615
133,visual,2.836822748184204,Grocery,42,context_grounded_dynamic,False,124,2.836822748184204
134,text,2.2234513759613037,Grocery,42,context_grounded_dynamic,False,124,2.2234513759613037
134,visual,2.8416802883148193,Grocery,42,context_grounded_dynamic,False,124,2.8416802883148193
135,text,2.231318235397339,Grocery,42,context_grounded_dynamic,False,124,2.231318235397339
135,visual,2.846531391143799,Grocery,42,context_grounded_dynamic,False,124,2.846531391143799
136,text,2.2401881217956543,Grocery,42,context_grounded_dynamic,False,124,2.2401881217956543
136,visual,2.852684736251831,Grocery,42,context_grounded_dynamic,False,124,2.852684736251831
137,text,2.2481725215911865,Grocery,42,context_grounded_dynamic,False,124,2.2481725215911865
137,visual,2.858900785446167,Grocery,42,context_grounded_dynamic,False,124,2.858900785446167
138,text,2.256134033203125,Grocery,42,context_grounded_dynamic,False,124,2.256134033203125
138,visual,2.864675760269165,Grocery,42,context_grounded_dynamic,False,124,2.864675760269165
139,text,2.2641687393188477,Grocery,42,context_grounded_dynamic,False,124,2.2641687393188477
139,visual,2.8710715770721436,Grocery,42,context_grounded_dynamic,False,124,2.8710715770721436
140,text,2.271211624145508,Grocery,42,context_grounded_dynamic,False,124,2.271211624145508
140,visual,2.8767712116241455,Grocery,42,context_grounded_dynamic,False,124,2.8767712116241455
141,text,2.277658700942993,Grocery,42,context_grounded_dynamic,False,124,2.277658700942993
141,visual,2.882436752319336,Grocery,42,context_grounded_dynamic,False,124,2.882436752319336
142,text,2.2838780879974365,Grocery,42,context_grounded_dynamic,False,124,2.2838780879974365
142,visual,2.887115001678467,Grocery,42,context_grounded_dynamic,False,124,2.887115001678467
143,text,2.289599657058716,Grocery,42,context_grounded_dynamic,False,124,2.289599657058716
143,visual,2.8903536796569824,Grocery,42,context_grounded_dynamic,False,124,2.8903536796569824
144,text,2.2955875396728516,Grocery,42,context_grounded_dynamic,False,124,2.2955875396728516
144,visual,2.893463134765625,Grocery,42,context_grounded_dynamic,False,124,2.893463134765625
145,text,2.3019216060638428,Grocery,42,context_grounded_dynamic,False,124,2.3019216060638428
145,visual,2.8977835178375244,Grocery,42,context_grounded_dynamic,False,124,2.8977835178375244
146,text,2.3085997104644775,Grocery,42,context_grounded_dynamic,False,124,2.3085997104644775
146,visual,2.9025793075561523,Grocery,42,context_grounded_dynamic,False,124,2.9025793075561523
147,text,2.3155932426452637,Grocery,42,context_grounded_dynamic,False,124,2.3155932426452637
147,visual,2.90702223777771,Grocery,42,context_grounded_dynamic,False,124,2.90702223777771
148,text,2.323371171951294,Grocery,42,context_grounded_dynamic,False,124,2.323371171951294
148,visual,2.9106669425964355,Grocery,42,context_grounded_dynamic,False,124,2.9106669425964355
149,text,2.3310205936431885,Grocery,42,context_grounded_dynamic,False,124,2.3310205936431885
149,visual,2.9145922660827637,Grocery,42,context_grounded_dynamic,False,124,2.9145922660827637
150,text,2.338040828704834,Grocery,42,context_grounded_dynamic,False,124,2.338040828704834
150,visual,2.9185023307800293,Grocery,42,context_grounded_dynamic,False,124,2.9185023307800293
151,text,2.3444344997406006,Grocery,42,context_grounded_dynamic,False,124,2.3444344997406006
151,visual,2.922161340713501,Grocery,42,context_grounded_dynamic,False,124,2.922161340713501
152,text,2.35119366645813,Grocery,42,context_grounded_dynamic,False,124,2.35119366645813
152,visual,2.92623233795166,Grocery,42,context_grounded_dynamic,False,124,2.92623233795166
153,text,2.3573050498962402,Grocery,42,context_grounded_dynamic,False,124,2.3573050498962402
153,visual,2.929795742034912,Grocery,42,context_grounded_dynamic,False,124,2.929795742034912
154,text,2.362762451171875,Grocery,42,context_grounded_dynamic,False,124,2.362762451171875
154,visual,2.933074474334717,Grocery,42,context_grounded_dynamic,False,124,2.933074474334717
1,text,0.09011884778738022,Grocery,43,global_grounded_dynamic,False,234,0.09011884778738022
1,visual,0.08966737985610962,Grocery,43,global_grounded_dynamic,False,234,0.08966737985610962
2,text,0.13100634515285492,Grocery,43,global_grounded_dynamic,False,234,0.13100634515285492
2,visual,0.13661769032478333,Grocery,43,global_grounded_dynamic,False,234,0.13661769032478333
3,text,0.16494154930114746,Grocery,43,global_grounded_dynamic,False,234,0.16494154930114746
3,visual,0.17564834654331207,Grocery,43,global_grounded_dynamic,False,234,0.17564834654331207
4,text,0.19488945603370667,Grocery,43,global_grounded_dynamic,False,234,0.19488945603370667
4,visual,0.21228019893169403,Grocery,43,global_grounded_dynamic,False,234,0.21228019893169403
5,text,0.2218768447637558,Grocery,43,global_grounded_dynamic,False,234,0.2218768447637558
5,visual,0.2495589256286621,Grocery,43,global_grounded_dynamic,False,234,0.2495589256286621
6,text,0.24704815447330475,Grocery,43,global_grounded_dynamic,False,234,0.24704815447330475
6,visual,0.28927940130233765,Grocery,43,global_grounded_dynamic,False,234,0.28927940130233765
7,text,0.2702485918998718,Grocery,43,global_grounded_dynamic,False,234,0.2702485918998718
7,visual,0.329256147146225,Grocery,43,global_grounded_dynamic,False,234,0.329256147146225
8,text,0.2923566401004791,Grocery,43,global_grounded_dynamic,False,234,0.2923566401004791
8,visual,0.3677457273006439,Grocery,43,global_grounded_dynamic,False,234,0.3677457273006439
9,text,0.311434268951416,Grocery,43,global_grounded_dynamic,False,234,0.311434268951416
9,visual,0.4056960940361023,Grocery,43,global_grounded_dynamic,False,234,0.4056960940361023
10,text,0.3283618688583374,Grocery,43,global_grounded_dynamic,False,234,0.3283618688583374
10,visual,0.44361934065818787,Grocery,43,global_grounded_dynamic,False,234,0.44361934065818787
11,text,0.34397563338279724,Grocery,43,global_grounded_dynamic,False,234,0.34397563338279724
11,visual,0.48101815581321716,Grocery,43,global_grounded_dynamic,False,234,0.48101815581321716
12,text,0.35759058594703674,Grocery,43,global_grounded_dynamic,False,234,0.35759058594703674
12,visual,0.5177022814750671,Grocery,43,global_grounded_dynamic,False,234,0.5177022814750671
13,text,0.37166255712509155,Grocery,43,global_grounded_dynamic,False,234,0.37166255712509155
13,visual,0.5521525144577026,Grocery,43,global_grounded_dynamic,False,234,0.5521525144577026
14,text,0.38566315174102783,Grocery,43,global_grounded_dynamic,False,234,0.38566315174102783
14,visual,0.5845624804496765,Grocery,43,global_grounded_dynamic,False,234,0.5845624804496765
15,text,0.39979344606399536,Grocery,43,global_grounded_dynamic,False,234,0.39979344606399536
15,visual,0.6150567531585693,Grocery,43,global_grounded_dynamic,False,234,0.6150567531585693
16,text,0.4142305254936218,Grocery,43,global_grounded_dynamic,False,234,0.4142305254936218
16,visual,0.6429239511489868,Grocery,43,global_grounded_dynamic,False,234,0.6429239511489868
17,text,0.4288889467716217,Grocery,43,global_grounded_dynamic,False,234,0.4288889467716217
17,visual,0.6708226799964905,Grocery,43,global_grounded_dynamic,False,234,0.6708226799964905
18,text,0.44367164373397827,Grocery,43,global_grounded_dynamic,False,234,0.44367164373397827
18,visual,0.6971728205680847,Grocery,43,global_grounded_dynamic,False,234,0.6971728205680847
19,text,0.45821815729141235,Grocery,43,global_grounded_dynamic,False,234,0.45821815729141235
19,visual,0.7226590514183044,Grocery,43,global_grounded_dynamic,False,234,0.7226590514183044
20,text,0.4722992181777954,Grocery,43,global_grounded_dynamic,False,234,0.4722992181777954
20,visual,0.7480416297912598,Grocery,43,global_grounded_dynamic,False,234,0.7480416297912598
21,text,0.4864766299724579,Grocery,43,global_grounded_dynamic,False,234,0.4864766299724579
21,visual,0.7724331021308899,Grocery,43,global_grounded_dynamic,False,234,0.7724331021308899
22,text,0.5007143616676331,Grocery,43,global_grounded_dynamic,False,234,0.5007143616676331
22,visual,0.796287477016449,Grocery,43,global_grounded_dynamic,False,234,0.796287477016449
23,text,0.5141394734382629,Grocery,43,global_grounded_dynamic,False,234,0.5141394734382629
23,visual,0.8196870684623718,Grocery,43,global_grounded_dynamic,False,234,0.8196870684623718
24,text,0.5273612141609192,Grocery,43,global_grounded_dynamic,False,234,0.5273612141609192
24,visual,0.8419117331504822,Grocery,43,global_grounded_dynamic,False,234,0.8419117331504822
25,text,0.5405706763267517,Grocery,43,global_grounded_dynamic,False,234,0.5405706763267517
25,visual,0.8615472316741943,Grocery,43,global_grounded_dynamic,False,234,0.8615472316741943
26,text,0.5538331270217896,Grocery,43,global_grounded_dynamic,False,234,0.5538331270217896
26,visual,0.8802995681762695,Grocery,43,global_grounded_dynamic,False,234,0.8802995681762695
27,text,0.5668589472770691,Grocery,43,global_grounded_dynamic,False,234,0.5668589472770691
27,visual,0.8977375030517578,Grocery,43,global_grounded_dynamic,False,234,0.8977375030517578
28,text,0.5795515775680542,Grocery,43,global_grounded_dynamic,False,234,0.5795515775680542
28,visual,0.9145417809486389,Grocery,43,global_grounded_dynamic,False,234,0.9145417809486389
29,text,0.5920056700706482,Grocery,43,global_grounded_dynamic,False,234,0.5920056700706482
29,visual,0.9309903383255005,Grocery,43,global_grounded_dynamic,False,234,0.9309903383255005
30,text,0.6040683388710022,Grocery,43,global_grounded_dynamic,False,234,0.6040683388710022
30,visual,0.9462481737136841,Grocery,43,global_grounded_dynamic,False,234,0.9462481737136841
31,text,0.6162660121917725,Grocery,43,global_grounded_dynamic,False,234,0.6162660121917725
31,visual,0.9600008726119995,Grocery,43,global_grounded_dynamic,False,234,0.9600008726119995
32,text,0.6279745101928711,Grocery,43,global_grounded_dynamic,False,234,0.6279745101928711
32,visual,0.9730517268180847,Grocery,43,global_grounded_dynamic,False,234,0.9730517268180847
33,text,0.6387982964515686,Grocery,43,global_grounded_dynamic,False,234,0.6387982964515686
33,visual,0.9857065677642822,Grocery,43,global_grounded_dynamic,False,234,0.9857065677642822
34,text,0.6493786573410034,Grocery,43,global_grounded_dynamic,False,234,0.6493786573410034
34,visual,0.9974938035011292,Grocery,43,global_grounded_dynamic,False,234,0.9974938035011292
35,text,0.660101592540741,Grocery,43,global_grounded_dynamic,False,234,0.660101592540741
35,visual,1.0088632106781006,Grocery,43,global_grounded_dynamic,False,234,1.0088632106781006
36,text,0.6703794002532959,Grocery,43,global_grounded_dynamic,False,234,0.6703794002532959
36,visual,1.0201687812805176,Grocery,43,global_grounded_dynamic,False,234,1.0201687812805176
37,text,0.6806795597076416,Grocery,43,global_grounded_dynamic,False,234,0.6806795597076416
37,visual,1.0306321382522583,Grocery,43,global_grounded_dynamic,False,234,1.0306321382522583
38,text,0.6903765797615051,Grocery,43,global_grounded_dynamic,False,234,0.6903765797615051
38,visual,1.0404859781265259,Grocery,43,global_grounded_dynamic,False,234,1.0404859781265259
39,text,0.6994970440864563,Grocery,43,global_grounded_dynamic,False,234,0.6994970440864563
39,visual,1.0503342151641846,Grocery,43,global_grounded_dynamic,False,234,1.0503342151641846
40,text,0.7087578773498535,Grocery,43,global_grounded_dynamic,False,234,0.7087578773498535
40,visual,1.059389591217041,Grocery,43,global_grounded_dynamic,False,234,1.059389591217041
41,text,0.7180402874946594,Grocery,43,global_grounded_dynamic,False,234,0.7180402874946594
41,visual,1.0686208009719849,Grocery,43,global_grounded_dynamic,False,234,1.0686208009719849
42,text,0.7277693748474121,Grocery,43,global_grounded_dynamic,False,234,0.7277693748474121
42,visual,1.0781179666519165,Grocery,43,global_grounded_dynamic,False,234,1.0781179666519165
43,text,0.7373232245445251,Grocery,43,global_grounded_dynamic,False,234,0.7373232245445251
43,visual,1.0863006114959717,Grocery,43,global_grounded_dynamic,False,234,1.0863006114959717
44,text,0.7457741498947144,Grocery,43,global_grounded_dynamic,False,234,0.7457741498947144
44,visual,1.0946083068847656,Grocery,43,global_grounded_dynamic,False,234,1.0946083068847656
45,text,0.7546137571334839,Grocery,43,global_grounded_dynamic,False,234,0.7546137571334839
45,visual,1.1032439470291138,Grocery,43,global_grounded_dynamic,False,234,1.1032439470291138
46,text,0.7633470892906189,Grocery,43,global_grounded_dynamic,False,234,0.7633470892906189
46,visual,1.1105726957321167,Grocery,43,global_grounded_dynamic,False,234,1.1105726957321167
47,text,0.7721962928771973,Grocery,43,global_grounded_dynamic,False,234,0.7721962928771973
47,visual,1.1178637742996216,Grocery,43,global_grounded_dynamic,False,234,1.1178637742996216
48,text,0.7803528308868408,Grocery,43,global_grounded_dynamic,False,234,0.7803528308868408
48,visual,1.124163269996643,Grocery,43,global_grounded_dynamic,False,234,1.124163269996643
49,text,0.7879318594932556,Grocery,43,global_grounded_dynamic,False,234,0.7879318594932556
49,visual,1.1295524835586548,Grocery,43,global_grounded_dynamic,False,234,1.1295524835586548
50,text,0.7951451539993286,Grocery,43,global_grounded_dynamic,False,234,0.7951451539993286
50,visual,1.1345748901367188,Grocery,43,global_grounded_dynamic,False,234,1.1345748901367188
51,text,0.8026517629623413,Grocery,43,global_grounded_dynamic,False,234,0.8026517629623413
51,visual,1.138964056968689,Grocery,43,global_grounded_dynamic,False,234,1.138964056968689
52,text,0.8103668093681335,Grocery,43,global_grounded_dynamic,False,234,0.8103668093681335
52,visual,1.1437273025512695,Grocery,43,global_grounded_dynamic,False,234,1.1437273025512695
53,text,0.8179095983505249,Grocery,43,global_grounded_dynamic,False,234,0.8179095983505249
53,visual,1.1482964754104614,Grocery,43,global_grounded_dynamic,False,234,1.1482964754104614
54,text,0.8247591853141785,Grocery,43,global_grounded_dynamic,False,234,0.8247591853141785
54,visual,1.1531214714050293,Grocery,43,global_grounded_dynamic,False,234,1.1531214714050293
55,text,0.831225574016571,Grocery,43,global_grounded_dynamic,False,234,0.831225574016571
55,visual,1.1580626964569092,Grocery,43,global_grounded_dynamic,False,234,1.1580626964569092
56,text,0.8380857110023499,Grocery,43,global_grounded_dynamic,False,234,0.8380857110023499
56,visual,1.1628870964050293,Grocery,43,global_grounded_dynamic,False,234,1.1628870964050293
57,text,0.8449715375900269,Grocery,43,global_grounded_dynamic,False,234,0.8449715375900269
57,visual,1.168105959892273,Grocery,43,global_grounded_dynamic,False,234,1.168105959892273
58,text,0.851916491985321,Grocery,43,global_grounded_dynamic,False,234,0.851916491985321
58,visual,1.1729704141616821,Grocery,43,global_grounded_dynamic,False,234,1.1729704141616821
59,text,0.8581348657608032,Grocery,43,global_grounded_dynamic,False,234,0.8581348657608032
59,visual,1.1781100034713745,Grocery,43,global_grounded_dynamic,False,234,1.1781100034713745
60,text,0.8646941184997559,Grocery,43,global_grounded_dynamic,False,234,0.8646941184997559
60,visual,1.1828516721725464,Grocery,43,global_grounded_dynamic,False,234,1.1828516721725464
61,text,0.8718366026878357,Grocery,43,global_grounded_dynamic,False,234,0.8718366026878357
61,visual,1.1881980895996094,Grocery,43,global_grounded_dynamic,False,234,1.1881980895996094
62,text,0.8792459964752197,Grocery,43,global_grounded_dynamic,False,234,0.8792459964752197
62,visual,1.1930044889450073,Grocery,43,global_grounded_dynamic,False,234,1.1930044889450073
63,text,0.88680100440979,Grocery,43,global_grounded_dynamic,False,234,0.88680100440979
63,visual,1.198028326034546,Grocery,43,global_grounded_dynamic,False,234,1.198028326034546
64,text,0.8946643471717834,Grocery,43,global_grounded_dynamic,False,234,0.8946643471717834
64,visual,1.2030302286148071,Grocery,43,global_grounded_dynamic,False,234,1.2030302286148071
65,text,0.9028269052505493,Grocery,43,global_grounded_dynamic,False,234,0.9028269052505493
65,visual,1.2082222700119019,Grocery,43,global_grounded_dynamic,False,234,1.2082222700119019
66,text,0.9109143614768982,Grocery,43,global_grounded_dynamic,False,234,0.9109143614768982
66,visual,1.2136467695236206,Grocery,43,global_grounded_dynamic,False,234,1.2136467695236206
67,text,0.9193048477172852,Grocery,43,global_grounded_dynamic,False,234,0.9193048477172852
67,visual,1.2190998792648315,Grocery,43,global_grounded_dynamic,False,234,1.2190998792648315
68,text,0.9272212386131287,Grocery,43,global_grounded_dynamic,False,234,0.9272212386131287
68,visual,1.2246869802474976,Grocery,43,global_grounded_dynamic,False,234,1.2246869802474976
69,text,0.9355231523513794,Grocery,43,global_grounded_dynamic,False,234,0.9355231523513794
69,visual,1.229482650756836,Grocery,43,global_grounded_dynamic,False,234,1.229482650756836
70,text,0.9443479776382446,Grocery,43,global_grounded_dynamic,False,234,0.9443479776382446
70,visual,1.2347702980041504,Grocery,43,global_grounded_dynamic,False,234,1.2347702980041504
71,text,0.952512264251709,Grocery,43,global_grounded_dynamic,False,234,0.952512264251709
71,visual,1.2393746376037598,Grocery,43,global_grounded_dynamic,False,234,1.2393746376037598
72,text,0.9603555202484131,Grocery,43,global_grounded_dynamic,False,234,0.9603555202484131
72,visual,1.2441860437393188,Grocery,43,global_grounded_dynamic,False,234,1.2441860437393188
73,text,0.9684891104698181,Grocery,43,global_grounded_dynamic,False,234,0.9684891104698181
73,visual,1.2489573955535889,Grocery,43,global_grounded_dynamic,False,234,1.2489573955535889
74,text,0.9767084717750549,Grocery,43,global_grounded_dynamic,False,234,0.9767084717750549
74,visual,1.2529268264770508,Grocery,43,global_grounded_dynamic,False,234,1.2529268264770508
75,text,0.9849553108215332,Grocery,43,global_grounded_dynamic,False,234,0.9849553108215332
75,visual,1.2572089433670044,Grocery,43,global_grounded_dynamic,False,234,1.2572089433670044
76,text,0.993475615978241,Grocery,43,global_grounded_dynamic,False,234,0.993475615978241
76,visual,1.2616887092590332,Grocery,43,global_grounded_dynamic,False,234,1.2616887092590332
77,text,1.001463770866394,Grocery,43,global_grounded_dynamic,False,234,1.001463770866394
77,visual,1.2657421827316284,Grocery,43,global_grounded_dynamic,False,234,1.2657421827316284
78,text,1.0091947317123413,Grocery,43,global_grounded_dynamic,False,234,1.0091947317123413
78,visual,1.2701029777526855,Grocery,43,global_grounded_dynamic,False,234,1.2701029777526855
79,text,1.0162945985794067,Grocery,43,global_grounded_dynamic,False,234,1.0162945985794067
79,visual,1.2742559909820557,Grocery,43,global_grounded_dynamic,False,234,1.2742559909820557
80,text,1.0228272676467896,Grocery,43,global_grounded_dynamic,False,234,1.0228272676467896
80,visual,1.2782365083694458,Grocery,43,global_grounded_dynamic,False,234,1.2782365083694458
81,text,1.0297425985336304,Grocery,43,global_grounded_dynamic,False,234,1.0297425985336304
81,visual,1.282251000404358,Grocery,43,global_grounded_dynamic,False,234,1.282251000404358
82,text,1.0373148918151855,Grocery,43,global_grounded_dynamic,False,234,1.0373148918151855
82,visual,1.286110758781433,Grocery,43,global_grounded_dynamic,False,234,1.286110758781433
83,text,1.0441559553146362,Grocery,43,global_grounded_dynamic,False,234,1.0441559553146362
83,visual,1.2896844148635864,Grocery,43,global_grounded_dynamic,False,234,1.2896844148635864
84,text,1.050400972366333,Grocery,43,global_grounded_dynamic,False,234,1.050400972366333
84,visual,1.293181300163269,Grocery,43,global_grounded_dynamic,False,234,1.293181300163269
85,text,1.0556037425994873,Grocery,43,global_grounded_dynamic,False,234,1.0556037425994873
85,visual,1.296838402748108,Grocery,43,global_grounded_dynamic,False,234,1.296838402748108
86,text,1.0610665082931519,Grocery,43,global_grounded_dynamic,False,234,1.0610665082931519
86,visual,1.3004814386367798,Grocery,43,global_grounded_dynamic,False,234,1.3004814386367798
87,text,1.067026972770691,Grocery,43,global_grounded_dynamic,False,234,1.067026972770691
87,visual,1.30389404296875,Grocery,43,global_grounded_dynamic,False,234,1.30389404296875
88,text,1.0725774765014648,Grocery,43,global_grounded_dynamic,False,234,1.0725774765014648
88,visual,1.3072501420974731,Grocery,43,global_grounded_dynamic,False,234,1.3072501420974731
89,text,1.0782781839370728,Grocery,43,global_grounded_dynamic,False,234,1.0782781839370728
89,visual,1.3106207847595215,Grocery,43,global_grounded_dynamic,False,234,1.3106207847595215
90,text,1.0837873220443726,Grocery,43,global_grounded_dynamic,False,234,1.0837873220443726
90,visual,1.3140798807144165,Grocery,43,global_grounded_dynamic,False,234,1.3140798807144165
91,text,1.089281439781189,Grocery,43,global_grounded_dynamic,False,234,1.089281439781189
91,visual,1.3174387216567993,Grocery,43,global_grounded_dynamic,False,234,1.3174387216567993
92,text,1.0950281620025635,Grocery,43,global_grounded_dynamic,False,234,1.0950281620025635
92,visual,1.3209179639816284,Grocery,43,global_grounded_dynamic,False,234,1.3209179639816284
93,text,1.100138783454895,Grocery,43,global_grounded_dynamic,False,234,1.100138783454895
93,visual,1.324449062347412,Grocery,43,global_grounded_dynamic,False,234,1.324449062347412
94,text,1.1054835319519043,Grocery,43,global_grounded_dynamic,False,234,1.1054835319519043
94,visual,1.327889323234558,Grocery,43,global_grounded_dynamic,False,234,1.327889323234558
95,text,1.1114475727081299,Grocery,43,global_grounded_dynamic,False,234,1.1114475727081299
95,visual,1.3313336372375488,Grocery,43,global_grounded_dynamic,False,234,1.3313336372375488
96,text,1.117542028427124,Grocery,43,global_grounded_dynamic,False,234,1.117542028427124
96,visual,1.3343086242675781,Grocery,43,global_grounded_dynamic,False,234,1.3343086242675781
97,text,1.123553991317749,Grocery,43,global_grounded_dynamic,False,234,1.123553991317749
97,visual,1.3373225927352905,Grocery,43,global_grounded_dynamic,False,234,1.3373225927352905
98,text,1.129420280456543,Grocery,43,global_grounded_dynamic,False,234,1.129420280456543
98,visual,1.340235948562622,Grocery,43,global_grounded_dynamic,False,234,1.340235948562622
99,text,1.1354737281799316,Grocery,43,global_grounded_dynamic,False,234,1.1354737281799316
99,visual,1.3435739278793335,Grocery,43,global_grounded_dynamic,False,234,1.3435739278793335
100,text,1.1410785913467407,Grocery,43,global_grounded_dynamic,False,234,1.1410785913467407
100,visual,1.3469794988632202,Grocery,43,global_grounded_dynamic,False,234,1.3469794988632202
101,text,1.1467193365097046,Grocery,43,global_grounded_dynamic,False,234,1.1467193365097046
101,visual,1.350767731666565,Grocery,43,global_grounded_dynamic,False,234,1.350767731666565
102,text,1.1523813009262085,Grocery,43,global_grounded_dynamic,False,234,1.1523813009262085
102,visual,1.3540453910827637,Grocery,43,global_grounded_dynamic,False,234,1.3540453910827637
103,text,1.1573567390441895,Grocery,43,global_grounded_dynamic,False,234,1.1573567390441895
103,visual,1.3569388389587402,Grocery,43,global_grounded_dynamic,False,234,1.3569388389587402
104,text,1.1617786884307861,Grocery,43,global_grounded_dynamic,False,234,1.1617786884307861
104,visual,1.3598952293395996,Grocery,43,global_grounded_dynamic,False,234,1.3598952293395996
105,text,1.166286587715149,Grocery,43,global_grounded_dynamic,False,234,1.166286587715149
105,visual,1.3629263639450073,Grocery,43,global_grounded_dynamic,False,234,1.3629263639450073
106,text,1.1706714630126953,Grocery,43,global_grounded_dynamic,False,234,1.1706714630126953
106,visual,1.3662587404251099,Grocery,43,global_grounded_dynamic,False,234,1.3662587404251099
107,text,1.1750363111495972,Grocery,43,global_grounded_dynamic,False,234,1.1750363111495972
107,visual,1.369437336921692,Grocery,43,global_grounded_dynamic,False,234,1.369437336921692
108,text,1.1789109706878662,Grocery,43,global_grounded_dynamic,False,234,1.1789109706878662
108,visual,1.372650384902954,Grocery,43,global_grounded_dynamic,False,234,1.372650384902954
109,text,1.1831787824630737,Grocery,43,global_grounded_dynamic,False,234,1.1831787824630737
109,visual,1.3756550550460815,Grocery,43,global_grounded_dynamic,False,234,1.3756550550460815
110,text,1.187977910041809,Grocery,43,global_grounded_dynamic,False,234,1.187977910041809
110,visual,1.379335641860962,Grocery,43,global_grounded_dynamic,False,234,1.379335641860962
111,text,1.1919788122177124,Grocery,43,global_grounded_dynamic,False,234,1.1919788122177124
111,visual,1.3827102184295654,Grocery,43,global_grounded_dynamic,False,234,1.3827102184295654
112,text,1.1954461336135864,Grocery,43,global_grounded_dynamic,False,234,1.1954461336135864
112,visual,1.386023759841919,Grocery,43,global_grounded_dynamic,False,234,1.386023759841919
113,text,1.1991010904312134,Grocery,43,global_grounded_dynamic,False,234,1.1991010904312134
113,visual,1.389380693435669,Grocery,43,global_grounded_dynamic,False,234,1.389380693435669
114,text,1.202832579612732,Grocery,43,global_grounded_dynamic,False,234,1.202832579612732
114,visual,1.392610788345337,Grocery,43,global_grounded_dynamic,False,234,1.392610788345337
115,text,1.206076741218567,Grocery,43,global_grounded_dynamic,False,234,1.206076741218567
115,visual,1.3958699703216553,Grocery,43,global_grounded_dynamic,False,234,1.3958699703216553
116,text,1.2091128826141357,Grocery,43,global_grounded_dynamic,False,234,1.2091128826141357
116,visual,1.39946711063385,Grocery,43,global_grounded_dynamic,False,234,1.39946711063385
117,text,1.2129045724868774,Grocery,43,global_grounded_dynamic,False,234,1.2129045724868774
117,visual,1.4028151035308838,Grocery,43,global_grounded_dynamic,False,234,1.4028151035308838
118,text,1.2170690298080444,Grocery,43,global_grounded_dynamic,False,234,1.2170690298080444
118,visual,1.405950665473938,Grocery,43,global_grounded_dynamic,False,234,1.405950665473938
119,text,1.2210859060287476,Grocery,43,global_grounded_dynamic,False,234,1.2210859060287476
119,visual,1.409079909324646,Grocery,43,global_grounded_dynamic,False,234,1.409079909324646
120,text,1.2246912717819214,Grocery,43,global_grounded_dynamic,False,234,1.2246912717819214
120,visual,1.4127540588378906,Grocery,43,global_grounded_dynamic,False,234,1.4127540588378906
121,text,1.2284396886825562,Grocery,43,global_grounded_dynamic,False,234,1.2284396886825562
121,visual,1.4159210920333862,Grocery,43,global_grounded_dynamic,False,234,1.4159210920333862
122,text,1.2329586744308472,Grocery,43,global_grounded_dynamic,False,234,1.2329586744308472
122,visual,1.418990969657898,Grocery,43,global_grounded_dynamic,False,234,1.418990969657898
123,text,1.237485408782959,Grocery,43,global_grounded_dynamic,False,234,1.237485408782959
123,visual,1.421815276145935,Grocery,43,global_grounded_dynamic,False,234,1.421815276145935
124,text,1.2416356801986694,Grocery,43,global_grounded_dynamic,False,234,1.2416356801986694
124,visual,1.424586534500122,Grocery,43,global_grounded_dynamic,False,234,1.424586534500122
125,text,1.245627999305725,Grocery,43,global_grounded_dynamic,False,234,1.245627999305725
125,visual,1.4274135828018188,Grocery,43,global_grounded_dynamic,False,234,1.4274135828018188
126,text,1.2502182722091675,Grocery,43,global_grounded_dynamic,False,234,1.2502182722091675
126,visual,1.4306880235671997,Grocery,43,global_grounded_dynamic,False,234,1.4306880235671997
127,text,1.254794716835022,Grocery,43,global_grounded_dynamic,False,234,1.254794716835022
127,visual,1.4344666004180908,Grocery,43,global_grounded_dynamic,False,234,1.4344666004180908
128,text,1.2586188316345215,Grocery,43,global_grounded_dynamic,False,234,1.2586188316345215
128,visual,1.437753438949585,Grocery,43,global_grounded_dynamic,False,234,1.437753438949585
129,text,1.2623087167739868,Grocery,43,global_grounded_dynamic,False,234,1.2623087167739868
129,visual,1.4408453702926636,Grocery,43,global_grounded_dynamic,False,234,1.4408453702926636
130,text,1.2658452987670898,Grocery,43,global_grounded_dynamic,False,234,1.2658452987670898
130,visual,1.4438552856445312,Grocery,43,global_grounded_dynamic,False,234,1.4438552856445312
131,text,1.2698850631713867,Grocery,43,global_grounded_dynamic,False,234,1.2698850631713867
131,visual,1.4469366073608398,Grocery,43,global_grounded_dynamic,False,234,1.4469366073608398
132,text,1.2736207246780396,Grocery,43,global_grounded_dynamic,False,234,1.2736207246780396
132,visual,1.4498564004898071,Grocery,43,global_grounded_dynamic,False,234,1.4498564004898071
133,text,1.2765402793884277,Grocery,43,global_grounded_dynamic,False,234,1.2765402793884277
133,visual,1.4525407552719116,Grocery,43,global_grounded_dynamic,False,234,1.4525407552719116
134,text,1.2793995141983032,Grocery,43,global_grounded_dynamic,False,234,1.2793995141983032
134,visual,1.4553241729736328,Grocery,43,global_grounded_dynamic,False,234,1.4553241729736328
135,text,1.2832374572753906,Grocery,43,global_grounded_dynamic,False,234,1.2832374572753906
135,visual,1.4583417177200317,Grocery,43,global_grounded_dynamic,False,234,1.4583417177200317
136,text,1.2865153551101685,Grocery,43,global_grounded_dynamic,False,234,1.2865153551101685
136,visual,1.4609601497650146,Grocery,43,global_grounded_dynamic,False,234,1.4609601497650146
137,text,1.2893742322921753,Grocery,43,global_grounded_dynamic,False,234,1.2893742322921753
137,visual,1.4633761644363403,Grocery,43,global_grounded_dynamic,False,234,1.4633761644363403
138,text,1.29205322265625,Grocery,43,global_grounded_dynamic,False,234,1.29205322265625
138,visual,1.4657303094863892,Grocery,43,global_grounded_dynamic,False,234,1.4657303094863892
139,text,1.2947571277618408,Grocery,43,global_grounded_dynamic,False,234,1.2947571277618408
139,visual,1.4682986736297607,Grocery,43,global_grounded_dynamic,False,234,1.4682986736297607
140,text,1.2976099252700806,Grocery,43,global_grounded_dynamic,False,234,1.2976099252700806
140,visual,1.4708153009414673,Grocery,43,global_grounded_dynamic,False,234,1.4708153009414673
141,text,1.30024254322052,Grocery,43,global_grounded_dynamic,False,234,1.30024254322052
141,visual,1.4732471704483032,Grocery,43,global_grounded_dynamic,False,234,1.4732471704483032
142,text,1.3024754524230957,Grocery,43,global_grounded_dynamic,False,234,1.3024754524230957
142,visual,1.4756710529327393,Grocery,43,global_grounded_dynamic,False,234,1.4756710529327393
143,text,1.305000901222229,Grocery,43,global_grounded_dynamic,False,234,1.305000901222229
143,visual,1.4780218601226807,Grocery,43,global_grounded_dynamic,False,234,1.4780218601226807
144,text,1.3080333471298218,Grocery,43,global_grounded_dynamic,False,234,1.3080333471298218
144,visual,1.4803862571716309,Grocery,43,global_grounded_dynamic,False,234,1.4803862571716309
145,text,1.3111127614974976,Grocery,43,global_grounded_dynamic,False,234,1.3111127614974976
145,visual,1.4826711416244507,Grocery,43,global_grounded_dynamic,False,234,1.4826711416244507
146,text,1.314162015914917,Grocery,43,global_grounded_dynamic,False,234,1.314162015914917
146,visual,1.484825611114502,Grocery,43,global_grounded_dynamic,False,234,1.484825611114502
147,text,1.3172507286071777,Grocery,43,global_grounded_dynamic,False,234,1.3172507286071777
147,visual,1.4866533279418945,Grocery,43,global_grounded_dynamic,False,234,1.4866533279418945
148,text,1.3206721544265747,Grocery,43,global_grounded_dynamic,False,234,1.3206721544265747
148,visual,1.488481044769287,Grocery,43,global_grounded_dynamic,False,234,1.488481044769287
149,text,1.3233295679092407,Grocery,43,global_grounded_dynamic,False,234,1.3233295679092407
149,visual,1.4906867742538452,Grocery,43,global_grounded_dynamic,False,234,1.4906867742538452
150,text,1.32576322555542,Grocery,43,global_grounded_dynamic,False,234,1.32576322555542
150,visual,1.4931577444076538,Grocery,43,global_grounded_dynamic,False,234,1.4931577444076538
151,text,1.328273057937622,Grocery,43,global_grounded_dynamic,False,234,1.328273057937622
151,visual,1.4952374696731567,Grocery,43,global_grounded_dynamic,False,234,1.4952374696731567
152,text,1.330883502960205,Grocery,43,global_grounded_dynamic,False,234,1.330883502960205
152,visual,1.4970725774765015,Grocery,43,global_grounded_dynamic,False,234,1.4970725774765015
153,text,1.3334144353866577,Grocery,43,global_grounded_dynamic,False,234,1.3334144353866577
153,visual,1.4990181922912598,Grocery,43,global_grounded_dynamic,False,234,1.4990181922912598
154,text,1.335861325263977,Grocery,43,global_grounded_dynamic,False,234,1.335861325263977
154,visual,1.5012019872665405,Grocery,43,global_grounded_dynamic,False,234,1.5012019872665405
155,text,1.3384486436843872,Grocery,43,global_grounded_dynamic,False,234,1.3384486436843872
155,visual,1.503406286239624,Grocery,43,global_grounded_dynamic,False,234,1.503406286239624
156,text,1.3413814306259155,Grocery,43,global_grounded_dynamic,False,234,1.3413814306259155
156,visual,1.5057575702667236,Grocery,43,global_grounded_dynamic,False,234,1.5057575702667236
157,text,1.3439323902130127,Grocery,43,global_grounded_dynamic,False,234,1.3439323902130127
157,visual,1.5083268880844116,Grocery,43,global_grounded_dynamic,False,234,1.5083268880844116
158,text,1.347051978111267,Grocery,43,global_grounded_dynamic,False,234,1.347051978111267
158,visual,1.5109937191009521,Grocery,43,global_grounded_dynamic,False,234,1.5109937191009521
159,text,1.3499231338500977,Grocery,43,global_grounded_dynamic,False,234,1.3499231338500977
159,visual,1.51336669921875,Grocery,43,global_grounded_dynamic,False,234,1.51336669921875
160,text,1.3532021045684814,Grocery,43,global_grounded_dynamic,False,234,1.3532021045684814
160,visual,1.5158967971801758,Grocery,43,global_grounded_dynamic,False,234,1.5158967971801758
161,text,1.3562616109848022,Grocery,43,global_grounded_dynamic,False,234,1.3562616109848022
161,visual,1.5188068151474,Grocery,43,global_grounded_dynamic,False,234,1.5188068151474
162,text,1.3587284088134766,Grocery,43,global_grounded_dynamic,False,234,1.3587284088134766
162,visual,1.5215116739273071,Grocery,43,global_grounded_dynamic,False,234,1.5215116739273071
163,text,1.361581802368164,Grocery,43,global_grounded_dynamic,False,234,1.361581802368164
163,visual,1.5242233276367188,Grocery,43,global_grounded_dynamic,False,234,1.5242233276367188
164,text,1.3646668195724487,Grocery,43,global_grounded_dynamic,False,234,1.3646668195724487
164,visual,1.5267081260681152,Grocery,43,global_grounded_dynamic,False,234,1.5267081260681152
165,text,1.367838978767395,Grocery,43,global_grounded_dynamic,False,234,1.367838978767395
165,visual,1.5291200876235962,Grocery,43,global_grounded_dynamic,False,234,1.5291200876235962
166,text,1.371153712272644,Grocery,43,global_grounded_dynamic,False,234,1.371153712272644
166,visual,1.5315340757369995,Grocery,43,global_grounded_dynamic,False,234,1.5315340757369995
167,text,1.374325156211853,Grocery,43,global_grounded_dynamic,False,234,1.374325156211853
167,visual,1.534440279006958,Grocery,43,global_grounded_dynamic,False,234,1.534440279006958
168,text,1.3769941329956055,Grocery,43,global_grounded_dynamic,False,234,1.3769941329956055
168,visual,1.5375773906707764,Grocery,43,global_grounded_dynamic,False,234,1.5375773906707764
169,text,1.3802117109298706,Grocery,43,global_grounded_dynamic,False,234,1.3802117109298706
169,visual,1.5402367115020752,Grocery,43,global_grounded_dynamic,False,234,1.5402367115020752
170,text,1.3835043907165527,Grocery,43,global_grounded_dynamic,False,234,1.3835043907165527
170,visual,1.5425150394439697,Grocery,43,global_grounded_dynamic,False,234,1.5425150394439697
171,text,1.3871880769729614,Grocery,43,global_grounded_dynamic,False,234,1.3871880769729614
171,visual,1.545060634613037,Grocery,43,global_grounded_dynamic,False,234,1.545060634613037
172,text,1.3903249502182007,Grocery,43,global_grounded_dynamic,False,234,1.3903249502182007
172,visual,1.5480984449386597,Grocery,43,global_grounded_dynamic,False,234,1.5480984449386597
173,text,1.3927786350250244,Grocery,43,global_grounded_dynamic,False,234,1.3927786350250244
173,visual,1.5512951612472534,Grocery,43,global_grounded_dynamic,False,234,1.5512951612472534
174,text,1.3957935571670532,Grocery,43,global_grounded_dynamic,False,234,1.3957935571670532
174,visual,1.5544109344482422,Grocery,43,global_grounded_dynamic,False,234,1.5544109344482422
175,text,1.3991276025772095,Grocery,43,global_grounded_dynamic,False,234,1.3991276025772095
175,visual,1.55733323097229,Grocery,43,global_grounded_dynamic,False,234,1.55733323097229
176,text,1.4019001722335815,Grocery,43,global_grounded_dynamic,False,234,1.4019001722335815
176,visual,1.5603270530700684,Grocery,43,global_grounded_dynamic,False,234,1.5603270530700684
177,text,1.4044198989868164,Grocery,43,global_grounded_dynamic,False,234,1.4044198989868164
177,visual,1.5632654428482056,Grocery,43,global_grounded_dynamic,False,234,1.5632654428482056
178,text,1.4069600105285645,Grocery,43,global_grounded_dynamic,False,234,1.4069600105285645
178,visual,1.5660806894302368,Grocery,43,global_grounded_dynamic,False,234,1.5660806894302368
179,text,1.4096689224243164,Grocery,43,global_grounded_dynamic,False,234,1.4096689224243164
179,visual,1.5688629150390625,Grocery,43,global_grounded_dynamic,False,234,1.5688629150390625
180,text,1.412461519241333,Grocery,43,global_grounded_dynamic,False,234,1.412461519241333
180,visual,1.5717540979385376,Grocery,43,global_grounded_dynamic,False,234,1.5717540979385376
181,text,1.415208339691162,Grocery,43,global_grounded_dynamic,False,234,1.415208339691162
181,visual,1.5745959281921387,Grocery,43,global_grounded_dynamic,False,234,1.5745959281921387
182,text,1.4183392524719238,Grocery,43,global_grounded_dynamic,False,234,1.4183392524719238
182,visual,1.5774897336959839,Grocery,43,global_grounded_dynamic,False,234,1.5774897336959839
183,text,1.4212992191314697,Grocery,43,global_grounded_dynamic,False,234,1.4212992191314697
183,visual,1.5804704427719116,Grocery,43,global_grounded_dynamic,False,234,1.5804704427719116
184,text,1.4241127967834473,Grocery,43,global_grounded_dynamic,False,234,1.4241127967834473
184,visual,1.5832988023757935,Grocery,43,global_grounded_dynamic,False,234,1.5832988023757935
185,text,1.4268765449523926,Grocery,43,global_grounded_dynamic,False,234,1.4268765449523926
185,visual,1.5860532522201538,Grocery,43,global_grounded_dynamic,False,234,1.5860532522201538
186,text,1.4296907186508179,Grocery,43,global_grounded_dynamic,False,234,1.4296907186508179
186,visual,1.588906168937683,Grocery,43,global_grounded_dynamic,False,234,1.588906168937683
187,text,1.4324800968170166,Grocery,43,global_grounded_dynamic,False,234,1.4324800968170166
187,visual,1.5918796062469482,Grocery,43,global_grounded_dynamic,False,234,1.5918796062469482
188,text,1.4351071119308472,Grocery,43,global_grounded_dynamic,False,234,1.4351071119308472
188,visual,1.5948282480239868,Grocery,43,global_grounded_dynamic,False,234,1.5948282480239868
189,text,1.4378650188446045,Grocery,43,global_grounded_dynamic,False,234,1.4378650188446045
189,visual,1.5977177619934082,Grocery,43,global_grounded_dynamic,False,234,1.5977177619934082
190,text,1.4402490854263306,Grocery,43,global_grounded_dynamic,False,234,1.4402490854263306
190,visual,1.6006041765213013,Grocery,43,global_grounded_dynamic,False,234,1.6006041765213013
191,text,1.442578673362732,Grocery,43,global_grounded_dynamic,False,234,1.442578673362732
191,visual,1.6032016277313232,Grocery,43,global_grounded_dynamic,False,234,1.6032016277313232
192,text,1.4450383186340332,Grocery,43,global_grounded_dynamic,False,234,1.4450383186340332
192,visual,1.6058861017227173,Grocery,43,global_grounded_dynamic,False,234,1.6058861017227173
193,text,1.4475314617156982,Grocery,43,global_grounded_dynamic,False,234,1.4475314617156982
193,visual,1.6085710525512695,Grocery,43,global_grounded_dynamic,False,234,1.6085710525512695
194,text,1.4499952793121338,Grocery,43,global_grounded_dynamic,False,234,1.4499952793121338
194,visual,1.6112323999404907,Grocery,43,global_grounded_dynamic,False,234,1.6112323999404907
195,text,1.4526410102844238,Grocery,43,global_grounded_dynamic,False,234,1.4526410102844238
195,visual,1.6137036085128784,Grocery,43,global_grounded_dynamic,False,234,1.6137036085128784
196,text,1.4553128480911255,Grocery,43,global_grounded_dynamic,False,234,1.4553128480911255
196,visual,1.6160674095153809,Grocery,43,global_grounded_dynamic,False,234,1.6160674095153809
197,text,1.4578213691711426,Grocery,43,global_grounded_dynamic,False,234,1.4578213691711426
197,visual,1.6183778047561646,Grocery,43,global_grounded_dynamic,False,234,1.6183778047561646
198,text,1.4602279663085938,Grocery,43,global_grounded_dynamic,False,234,1.4602279663085938
198,visual,1.6207057237625122,Grocery,43,global_grounded_dynamic,False,234,1.6207057237625122
199,text,1.46265709400177,Grocery,43,global_grounded_dynamic,False,234,1.46265709400177
199,visual,1.6229641437530518,Grocery,43,global_grounded_dynamic,False,234,1.6229641437530518
200,text,1.4648351669311523,Grocery,43,global_grounded_dynamic,False,234,1.4648351669311523
200,visual,1.6250561475753784,Grocery,43,global_grounded_dynamic,False,234,1.6250561475753784
201,text,1.4669839143753052,Grocery,43,global_grounded_dynamic,False,234,1.4669839143753052
201,visual,1.6270734071731567,Grocery,43,global_grounded_dynamic,False,234,1.6270734071731567
202,text,1.46915602684021,Grocery,43,global_grounded_dynamic,False,234,1.46915602684021
202,visual,1.629099726676941,Grocery,43,global_grounded_dynamic,False,234,1.629099726676941
203,text,1.4711692333221436,Grocery,43,global_grounded_dynamic,False,234,1.4711692333221436
203,visual,1.631105661392212,Grocery,43,global_grounded_dynamic,False,234,1.631105661392212
204,text,1.4730337858200073,Grocery,43,global_grounded_dynamic,False,234,1.4730337858200073
204,visual,1.6331835985183716,Grocery,43,global_grounded_dynamic,False,234,1.6331835985183716
205,text,1.4750540256500244,Grocery,43,global_grounded_dynamic,False,234,1.4750540256500244
205,visual,1.635292887687683,Grocery,43,global_grounded_dynamic,False,234,1.635292887687683
206,text,1.4770750999450684,Grocery,43,global_grounded_dynamic,False,234,1.4770750999450684
206,visual,1.6373289823532104,Grocery,43,global_grounded_dynamic,False,234,1.6373289823532104
207,text,1.4790476560592651,Grocery,43,global_grounded_dynamic,False,234,1.4790476560592651
207,visual,1.639312982559204,Grocery,43,global_grounded_dynamic,False,234,1.639312982559204
208,text,1.4809186458587646,Grocery,43,global_grounded_dynamic,False,234,1.4809186458587646
208,visual,1.6412526369094849,Grocery,43,global_grounded_dynamic,False,234,1.6412526369094849
209,text,1.482635736465454,Grocery,43,global_grounded_dynamic,False,234,1.482635736465454
209,visual,1.6431691646575928,Grocery,43,global_grounded_dynamic,False,234,1.6431691646575928
210,text,1.4842536449432373,Grocery,43,global_grounded_dynamic,False,234,1.4842536449432373
210,visual,1.645173192024231,Grocery,43,global_grounded_dynamic,False,234,1.645173192024231
211,text,1.486160159111023,Grocery,43,global_grounded_dynamic,False,234,1.486160159111023
211,visual,1.6471177339553833,Grocery,43,global_grounded_dynamic,False,234,1.6471177339553833
212,text,1.4880802631378174,Grocery,43,global_grounded_dynamic,False,234,1.4880802631378174
212,visual,1.6488170623779297,Grocery,43,global_grounded_dynamic,False,234,1.6488170623779297
213,text,1.4898165464401245,Grocery,43,global_grounded_dynamic,False,234,1.4898165464401245
213,visual,1.6505666971206665,Grocery,43,global_grounded_dynamic,False,234,1.6505666971206665
214,text,1.491537094116211,Grocery,43,global_grounded_dynamic,False,234,1.491537094116211
214,visual,1.6522893905639648,Grocery,43,global_grounded_dynamic,False,234,1.6522893905639648
215,text,1.4935369491577148,Grocery,43,global_grounded_dynamic,False,234,1.4935369491577148
215,visual,1.6539249420166016,Grocery,43,global_grounded_dynamic,False,234,1.6539249420166016
216,text,1.4953699111938477,Grocery,43,global_grounded_dynamic,False,234,1.4953699111938477
216,visual,1.6554803848266602,Grocery,43,global_grounded_dynamic,False,234,1.6554803848266602
217,text,1.4972243309020996,Grocery,43,global_grounded_dynamic,False,234,1.4972243309020996
217,visual,1.6570543050765991,Grocery,43,global_grounded_dynamic,False,234,1.6570543050765991
218,text,1.4990200996398926,Grocery,43,global_grounded_dynamic,False,234,1.4990200996398926
218,visual,1.6585326194763184,Grocery,43,global_grounded_dynamic,False,234,1.6585326194763184
219,text,1.500846266746521,Grocery,43,global_grounded_dynamic,False,234,1.500846266746521
219,visual,1.6600068807601929,Grocery,43,global_grounded_dynamic,False,234,1.6600068807601929
220,text,1.5026711225509644,Grocery,43,global_grounded_dynamic,False,234,1.5026711225509644
220,visual,1.661426305770874,Grocery,43,global_grounded_dynamic,False,234,1.661426305770874
221,text,1.5043816566467285,Grocery,43,global_grounded_dynamic,False,234,1.5043816566467285
221,visual,1.662923812866211,Grocery,43,global_grounded_dynamic,False,234,1.662923812866211
222,text,1.5062342882156372,Grocery,43,global_grounded_dynamic,False,234,1.5062342882156372
222,visual,1.6644920110702515,Grocery,43,global_grounded_dynamic,False,234,1.6644920110702515
223,text,1.508115291595459,Grocery,43,global_grounded_dynamic,False,234,1.508115291595459
223,visual,1.6661540269851685,Grocery,43,global_grounded_dynamic,False,234,1.6661540269851685
224,text,1.510053277015686,Grocery,43,global_grounded_dynamic,False,234,1.510053277015686
224,visual,1.6678271293640137,Grocery,43,global_grounded_dynamic,False,234,1.6678271293640137
225,text,1.5118643045425415,Grocery,43,global_grounded_dynamic,False,234,1.5118643045425415
225,visual,1.6695117950439453,Grocery,43,global_grounded_dynamic,False,234,1.6695117950439453
226,text,1.5136690139770508,Grocery,43,global_grounded_dynamic,False,234,1.5136690139770508
226,visual,1.6711997985839844,Grocery,43,global_grounded_dynamic,False,234,1.6711997985839844
227,text,1.5154551267623901,Grocery,43,global_grounded_dynamic,False,234,1.5154551267623901
227,visual,1.6728557348251343,Grocery,43,global_grounded_dynamic,False,234,1.6728557348251343
228,text,1.5171319246292114,Grocery,43,global_grounded_dynamic,False,234,1.5171319246292114
228,visual,1.6744990348815918,Grocery,43,global_grounded_dynamic,False,234,1.6744990348815918
229,text,1.5185532569885254,Grocery,43,global_grounded_dynamic,False,234,1.5185532569885254
229,visual,1.676101803779602,Grocery,43,global_grounded_dynamic,False,234,1.676101803779602
230,text,1.519766926765442,Grocery,43,global_grounded_dynamic,False,234,1.519766926765442
230,visual,1.677740216255188,Grocery,43,global_grounded_dynamic,False,234,1.677740216255188
231,text,1.5210102796554565,Grocery,43,global_grounded_dynamic,False,234,1.5210102796554565
231,visual,1.6791841983795166,Grocery,43,global_grounded_dynamic,False,234,1.6791841983795166
232,text,1.5223172903060913,Grocery,43,global_grounded_dynamic,False,234,1.5223172903060913
232,visual,1.6806931495666504,Grocery,43,global_grounded_dynamic,False,234,1.6806931495666504
233,text,1.5235059261322021,Grocery,43,global_grounded_dynamic,False,234,1.5235059261322021
233,visual,1.6821866035461426,Grocery,43,global_grounded_dynamic,False,234,1.6821866035461426
234,text,1.5246998071670532,Grocery,43,global_grounded_dynamic,True,234,1.5246998071670532
234,visual,1.6837114095687866,Grocery,43,global_grounded_dynamic,True,234,1.6837114095687866
235,text,1.5259184837341309,Grocery,43,global_grounded_dynamic,False,234,1.5259184837341309
235,visual,1.6852506399154663,Grocery,43,global_grounded_dynamic,False,234,1.6852506399154663
236,text,1.5272200107574463,Grocery,43,global_grounded_dynamic,False,234,1.5272200107574463
236,visual,1.6868585348129272,Grocery,43,global_grounded_dynamic,False,234,1.6868585348129272
237,text,1.5284677743911743,Grocery,43,global_grounded_dynamic,False,234,1.5284677743911743
237,visual,1.688421607017517,Grocery,43,global_grounded_dynamic,False,234,1.688421607017517
238,text,1.529762625694275,Grocery,43,global_grounded_dynamic,False,234,1.529762625694275
238,visual,1.6899555921554565,Grocery,43,global_grounded_dynamic,False,234,1.6899555921554565
239,text,1.5311691761016846,Grocery,43,global_grounded_dynamic,False,234,1.5311691761016846
239,visual,1.6914764642715454,Grocery,43,global_grounded_dynamic,False,234,1.6914764642715454
240,text,1.5326193571090698,Grocery,43,global_grounded_dynamic,False,234,1.5326193571090698
240,visual,1.6930571794509888,Grocery,43,global_grounded_dynamic,False,234,1.6930571794509888
241,text,1.534100890159607,Grocery,43,global_grounded_dynamic,False,234,1.534100890159607
241,visual,1.6946122646331787,Grocery,43,global_grounded_dynamic,False,234,1.6946122646331787
242,text,1.5355042219161987,Grocery,43,global_grounded_dynamic,False,234,1.5355042219161987
242,visual,1.696223497390747,Grocery,43,global_grounded_dynamic,False,234,1.696223497390747
243,text,1.536839485168457,Grocery,43,global_grounded_dynamic,False,234,1.536839485168457
243,visual,1.6976896524429321,Grocery,43,global_grounded_dynamic,False,234,1.6976896524429321
244,text,1.5380151271820068,Grocery,43,global_grounded_dynamic,False,234,1.5380151271820068
244,visual,1.6991348266601562,Grocery,43,global_grounded_dynamic,False,234,1.6991348266601562
245,text,1.5390968322753906,Grocery,43,global_grounded_dynamic,False,234,1.5390968322753906
245,visual,1.7005478143692017,Grocery,43,global_grounded_dynamic,False,234,1.7005478143692017
246,text,1.540101408958435,Grocery,43,global_grounded_dynamic,False,234,1.540101408958435
246,visual,1.7019339799880981,Grocery,43,global_grounded_dynamic,False,234,1.7019339799880981
247,text,1.5409280061721802,Grocery,43,global_grounded_dynamic,False,234,1.5409280061721802
247,visual,1.703328013420105,Grocery,43,global_grounded_dynamic,False,234,1.703328013420105
248,text,1.5418641567230225,Grocery,43,global_grounded_dynamic,False,234,1.5418641567230225
248,visual,1.7047194242477417,Grocery,43,global_grounded_dynamic,False,234,1.7047194242477417
249,text,1.5429295301437378,Grocery,43,global_grounded_dynamic,False,234,1.5429295301437378
249,visual,1.7060761451721191,Grocery,43,global_grounded_dynamic,False,234,1.7060761451721191
250,text,1.5441136360168457,Grocery,43,global_grounded_dynamic,False,234,1.5441136360168457
250,visual,1.7074459791183472,Grocery,43,global_grounded_dynamic,False,234,1.7074459791183472
251,text,1.5453431606292725,Grocery,43,global_grounded_dynamic,False,234,1.5453431606292725
251,visual,1.7088290452957153,Grocery,43,global_grounded_dynamic,False,234,1.7088290452957153
252,text,1.5466526746749878,Grocery,43,global_grounded_dynamic,False,234,1.5466526746749878
252,visual,1.7100692987442017,Grocery,43,global_grounded_dynamic,False,234,1.7100692987442017
253,text,1.5478991270065308,Grocery,43,global_grounded_dynamic,False,234,1.5478991270065308
253,visual,1.7112445831298828,Grocery,43,global_grounded_dynamic,False,234,1.7112445831298828
254,text,1.549256443977356,Grocery,43,global_grounded_dynamic,False,234,1.549256443977356
254,visual,1.7123626470565796,Grocery,43,global_grounded_dynamic,False,234,1.7123626470565796
255,text,1.5506654977798462,Grocery,43,global_grounded_dynamic,False,234,1.5506654977798462
255,visual,1.7134827375411987,Grocery,43,global_grounded_dynamic,False,234,1.7134827375411987
256,text,1.5520380735397339,Grocery,43,global_grounded_dynamic,False,234,1.5520380735397339
256,visual,1.714597463607788,Grocery,43,global_grounded_dynamic,False,234,1.714597463607788
257,text,1.553370475769043,Grocery,43,global_grounded_dynamic,False,234,1.553370475769043
257,visual,1.7157487869262695,Grocery,43,global_grounded_dynamic,False,234,1.7157487869262695
258,text,1.5545294284820557,Grocery,43,global_grounded_dynamic,False,234,1.5545294284820557
258,visual,1.716871976852417,Grocery,43,global_grounded_dynamic,False,234,1.716871976852417
259,text,1.5554982423782349,Grocery,43,global_grounded_dynamic,False,234,1.5554982423782349
259,visual,1.7181211709976196,Grocery,43,global_grounded_dynamic,False,234,1.7181211709976196
260,text,1.5564725399017334,Grocery,43,global_grounded_dynamic,False,234,1.5564725399017334
260,visual,1.7193399667739868,Grocery,43,global_grounded_dynamic,False,234,1.7193399667739868
261,text,1.5574530363082886,Grocery,43,global_grounded_dynamic,False,234,1.5574530363082886
261,visual,1.7206159830093384,Grocery,43,global_grounded_dynamic,False,234,1.7206159830093384
262,text,1.5585055351257324,Grocery,43,global_grounded_dynamic,False,234,1.5585055351257324
262,visual,1.7218458652496338,Grocery,43,global_grounded_dynamic,False,234,1.7218458652496338
263,text,1.5595957040786743,Grocery,43,global_grounded_dynamic,False,234,1.5595957040786743
263,visual,1.7231414318084717,Grocery,43,global_grounded_dynamic,False,234,1.7231414318084717
264,text,1.5605727434158325,Grocery,43,global_grounded_dynamic,False,234,1.5605727434158325
264,visual,1.7243585586547852,Grocery,43,global_grounded_dynamic,False,234,1.7243585586547852
1,text,0.08999861776828766,Grocery,43,pair_grounded_dynamic,False,155,0.08999861776828766
1,visual,0.08992180228233337,Grocery,43,pair_grounded_dynamic,False,155,0.08992180228233337
2,text,0.13469143211841583,Grocery,43,pair_grounded_dynamic,False,155,0.13469143211841583
2,visual,0.13949383795261383,Grocery,43,pair_grounded_dynamic,False,155,0.13949383795261383
3,text,0.17008888721466064,Grocery,43,pair_grounded_dynamic,False,155,0.17008888721466064
3,visual,0.1765538603067398,Grocery,43,pair_grounded_dynamic,False,155,0.1765538603067398
4,text,0.202383354306221,Grocery,43,pair_grounded_dynamic,False,155,0.202383354306221
4,visual,0.21141104400157928,Grocery,43,pair_grounded_dynamic,False,155,0.21141104400157928
5,text,0.23045596480369568,Grocery,43,pair_grounded_dynamic,False,155,0.23045596480369568
5,visual,0.24669663608074188,Grocery,43,pair_grounded_dynamic,False,155,0.24669663608074188
6,text,0.2576752007007599,Grocery,43,pair_grounded_dynamic,False,155,0.2576752007007599
6,visual,0.28442251682281494,Grocery,43,pair_grounded_dynamic,False,155,0.28442251682281494
7,text,0.2838904559612274,Grocery,43,pair_grounded_dynamic,False,155,0.2838904559612274
7,visual,0.32284054160118103,Grocery,43,pair_grounded_dynamic,False,155,0.32284054160118103
8,text,0.3092602789402008,Grocery,43,pair_grounded_dynamic,False,155,0.3092602789402008
8,visual,0.35972097516059875,Grocery,43,pair_grounded_dynamic,False,155,0.35972097516059875
9,text,0.3330290913581848,Grocery,43,pair_grounded_dynamic,False,155,0.3330290913581848
9,visual,0.39621585607528687,Grocery,43,pair_grounded_dynamic,False,155,0.39621585607528687
10,text,0.357024222612381,Grocery,43,pair_grounded_dynamic,False,155,0.357024222612381
10,visual,0.4326903820037842,Grocery,43,pair_grounded_dynamic,False,155,0.4326903820037842
11,text,0.3806201219558716,Grocery,43,pair_grounded_dynamic,False,155,0.3806201219558716
11,visual,0.4692317843437195,Grocery,43,pair_grounded_dynamic,False,155,0.4692317843437195
12,text,0.40277165174484253,Grocery,43,pair_grounded_dynamic,False,155,0.40277165174484253
12,visual,0.50553297996521,Grocery,43,pair_grounded_dynamic,False,155,0.50553297996521
13,text,0.4240621030330658,Grocery,43,pair_grounded_dynamic,False,155,0.4240621030330658
13,visual,0.5410009622573853,Grocery,43,pair_grounded_dynamic,False,155,0.5410009622573853
14,text,0.44476595520973206,Grocery,43,pair_grounded_dynamic,False,155,0.44476595520973206
14,visual,0.5753771662712097,Grocery,43,pair_grounded_dynamic,False,155,0.5753771662712097
15,text,0.464400053024292,Grocery,43,pair_grounded_dynamic,False,155,0.464400053024292
15,visual,0.6076913475990295,Grocery,43,pair_grounded_dynamic,False,155,0.6076913475990295
16,text,0.48360562324523926,Grocery,43,pair_grounded_dynamic,False,155,0.48360562324523926
16,visual,0.6388362646102905,Grocery,43,pair_grounded_dynamic,False,155,0.6388362646102905
17,text,0.5033311247825623,Grocery,43,pair_grounded_dynamic,False,155,0.5033311247825623
17,visual,0.6698476672172546,Grocery,43,pair_grounded_dynamic,False,155,0.6698476672172546
18,text,0.5230130553245544,Grocery,43,pair_grounded_dynamic,False,155,0.5230130553245544
18,visual,0.6996528506278992,Grocery,43,pair_grounded_dynamic,False,155,0.6996528506278992
19,text,0.5431403517723083,Grocery,43,pair_grounded_dynamic,False,155,0.5431403517723083
19,visual,0.7288220524787903,Grocery,43,pair_grounded_dynamic,False,155,0.7288220524787903
20,text,0.5629975199699402,Grocery,43,pair_grounded_dynamic,False,155,0.5629975199699402
20,visual,0.7578486800193787,Grocery,43,pair_grounded_dynamic,False,155,0.7578486800193787
21,text,0.5830597877502441,Grocery,43,pair_grounded_dynamic,False,155,0.5830597877502441
21,visual,0.7868210077285767,Grocery,43,pair_grounded_dynamic,False,155,0.7868210077285767
22,text,0.6031169295310974,Grocery,43,pair_grounded_dynamic,False,155,0.6031169295310974
22,visual,0.8150993585586548,Grocery,43,pair_grounded_dynamic,False,155,0.8150993585586548
23,text,0.6232778429985046,Grocery,43,pair_grounded_dynamic,False,155,0.6232778429985046
23,visual,0.8432153463363647,Grocery,43,pair_grounded_dynamic,False,155,0.8432153463363647
24,text,0.6425369381904602,Grocery,43,pair_grounded_dynamic,False,155,0.6425369381904602
24,visual,0.8710016012191772,Grocery,43,pair_grounded_dynamic,False,155,0.8710016012191772
25,text,0.6618651151657104,Grocery,43,pair_grounded_dynamic,False,155,0.6618651151657104
25,visual,0.8991033434867859,Grocery,43,pair_grounded_dynamic,False,155,0.8991033434867859
26,text,0.6807500720024109,Grocery,43,pair_grounded_dynamic,False,155,0.6807500720024109
26,visual,0.926194429397583,Grocery,43,pair_grounded_dynamic,False,155,0.926194429397583
27,text,0.6994116306304932,Grocery,43,pair_grounded_dynamic,False,155,0.6994116306304932
27,visual,0.9527719020843506,Grocery,43,pair_grounded_dynamic,False,155,0.9527719020843506
28,text,0.7178627848625183,Grocery,43,pair_grounded_dynamic,False,155,0.7178627848625183
28,visual,0.979651927947998,Grocery,43,pair_grounded_dynamic,False,155,0.979651927947998
29,text,0.7354896664619446,Grocery,43,pair_grounded_dynamic,False,155,0.7354896664619446
29,visual,1.005655288696289,Grocery,43,pair_grounded_dynamic,False,155,1.005655288696289
30,text,0.7539326548576355,Grocery,43,pair_grounded_dynamic,False,155,0.7539326548576355
30,visual,1.0324488878250122,Grocery,43,pair_grounded_dynamic,False,155,1.0324488878250122
31,text,0.7724943161010742,Grocery,43,pair_grounded_dynamic,False,155,0.7724943161010742
31,visual,1.0592713356018066,Grocery,43,pair_grounded_dynamic,False,155,1.0592713356018066
32,text,0.7912898659706116,Grocery,43,pair_grounded_dynamic,False,155,0.7912898659706116
32,visual,1.086883783340454,Grocery,43,pair_grounded_dynamic,False,155,1.086883783340454
33,text,0.8089491724967957,Grocery,43,pair_grounded_dynamic,False,155,0.8089491724967957
33,visual,1.1143184900283813,Grocery,43,pair_grounded_dynamic,False,155,1.1143184900283813
34,text,0.8266990184783936,Grocery,43,pair_grounded_dynamic,False,155,0.8266990184783936
34,visual,1.1421164274215698,Grocery,43,pair_grounded_dynamic,False,155,1.1421164274215698
35,text,0.845346987247467,Grocery,43,pair_grounded_dynamic,False,155,0.845346987247467
35,visual,1.1709049940109253,Grocery,43,pair_grounded_dynamic,False,155,1.1709049940109253
36,text,0.8656821846961975,Grocery,43,pair_grounded_dynamic,False,155,0.8656821846961975
36,visual,1.201474905014038,Grocery,43,pair_grounded_dynamic,False,155,1.201474905014038
37,text,0.8865562677383423,Grocery,43,pair_grounded_dynamic,False,155,0.8865562677383423
37,visual,1.233210563659668,Grocery,43,pair_grounded_dynamic,False,155,1.233210563659668
38,text,0.9083731770515442,Grocery,43,pair_grounded_dynamic,False,155,0.9083731770515442
38,visual,1.2658220529556274,Grocery,43,pair_grounded_dynamic,False,155,1.2658220529556274
39,text,0.9307780265808105,Grocery,43,pair_grounded_dynamic,False,155,0.9307780265808105
39,visual,1.299431562423706,Grocery,43,pair_grounded_dynamic,False,155,1.299431562423706
40,text,0.9545426368713379,Grocery,43,pair_grounded_dynamic,False,155,0.9545426368713379
40,visual,1.3342721462249756,Grocery,43,pair_grounded_dynamic,False,155,1.3342721462249756
41,text,0.980496346950531,Grocery,43,pair_grounded_dynamic,False,155,0.980496346950531
41,visual,1.3718502521514893,Grocery,43,pair_grounded_dynamic,False,155,1.3718502521514893
42,text,1.0082800388336182,Grocery,43,pair_grounded_dynamic,False,155,1.0082800388336182
42,visual,1.4110465049743652,Grocery,43,pair_grounded_dynamic,False,155,1.4110465049743652
43,text,1.0359091758728027,Grocery,43,pair_grounded_dynamic,False,155,1.0359091758728027
43,visual,1.4500079154968262,Grocery,43,pair_grounded_dynamic,False,155,1.4500079154968262
44,text,1.0661418437957764,Grocery,43,pair_grounded_dynamic,False,155,1.0661418437957764
44,visual,1.4903465509414673,Grocery,43,pair_grounded_dynamic,False,155,1.4903465509414673
45,text,1.0966424942016602,Grocery,43,pair_grounded_dynamic,False,155,1.0966424942016602
45,visual,1.528809905052185,Grocery,43,pair_grounded_dynamic,False,155,1.528809905052185
46,text,1.1275253295898438,Grocery,43,pair_grounded_dynamic,False,155,1.1275253295898438
46,visual,1.564963459968567,Grocery,43,pair_grounded_dynamic,False,155,1.564963459968567
47,text,1.1575274467468262,Grocery,43,pair_grounded_dynamic,False,155,1.1575274467468262
47,visual,1.6017268896102905,Grocery,43,pair_grounded_dynamic,False,155,1.6017268896102905
48,text,1.186232566833496,Grocery,43,pair_grounded_dynamic,False,155,1.186232566833496
48,visual,1.638331651687622,Grocery,43,pair_grounded_dynamic,False,155,1.638331651687622
49,text,1.2161363363265991,Grocery,43,pair_grounded_dynamic,False,155,1.2161363363265991
49,visual,1.6735310554504395,Grocery,43,pair_grounded_dynamic,False,155,1.6735310554504395
50,text,1.2452330589294434,Grocery,43,pair_grounded_dynamic,False,155,1.2452330589294434
50,visual,1.7064907550811768,Grocery,43,pair_grounded_dynamic,False,155,1.7064907550811768
51,text,1.275359034538269,Grocery,43,pair_grounded_dynamic,False,155,1.275359034538269
51,visual,1.7381157875061035,Grocery,43,pair_grounded_dynamic,False,155,1.7381157875061035
52,text,1.303754210472107,Grocery,43,pair_grounded_dynamic,False,155,1.303754210472107
52,visual,1.7668659687042236,Grocery,43,pair_grounded_dynamic,False,155,1.7668659687042236
53,text,1.3320660591125488,Grocery,43,pair_grounded_dynamic,False,155,1.3320660591125488
53,visual,1.7942029237747192,Grocery,43,pair_grounded_dynamic,False,155,1.7942029237747192
54,text,1.3600558042526245,Grocery,43,pair_grounded_dynamic,False,155,1.3600558042526245
54,visual,1.8191614151000977,Grocery,43,pair_grounded_dynamic,False,155,1.8191614151000977
55,text,1.3877586126327515,Grocery,43,pair_grounded_dynamic,False,155,1.3877586126327515
55,visual,1.8429207801818848,Grocery,43,pair_grounded_dynamic,False,155,1.8429207801818848
56,text,1.413110613822937,Grocery,43,pair_grounded_dynamic,False,155,1.413110613822937
56,visual,1.8655412197113037,Grocery,43,pair_grounded_dynamic,False,155,1.8655412197113037
57,text,1.4401549100875854,Grocery,43,pair_grounded_dynamic,False,155,1.4401549100875854
57,visual,1.8885976076126099,Grocery,43,pair_grounded_dynamic,False,155,1.8885976076126099
58,text,1.4678043127059937,Grocery,43,pair_grounded_dynamic,False,155,1.4678043127059937
58,visual,1.9119173288345337,Grocery,43,pair_grounded_dynamic,False,155,1.9119173288345337
59,text,1.491320252418518,Grocery,43,pair_grounded_dynamic,False,155,1.491320252418518
59,visual,1.9352774620056152,Grocery,43,pair_grounded_dynamic,False,155,1.9352774620056152
60,text,1.513903260231018,Grocery,43,pair_grounded_dynamic,False,155,1.513903260231018
60,visual,1.9585518836975098,Grocery,43,pair_grounded_dynamic,False,155,1.9585518836975098
61,text,1.538969874382019,Grocery,43,pair_grounded_dynamic,False,155,1.538969874382019
61,visual,1.9817780256271362,Grocery,43,pair_grounded_dynamic,False,155,1.9817780256271362
62,text,1.5610039234161377,Grocery,43,pair_grounded_dynamic,False,155,1.5610039234161377
62,visual,2.0035712718963623,Grocery,43,pair_grounded_dynamic,False,155,2.0035712718963623
63,text,1.5818637609481812,Grocery,43,pair_grounded_dynamic,False,155,1.5818637609481812
63,visual,2.0247209072113037,Grocery,43,pair_grounded_dynamic,False,155,2.0247209072113037
64,text,1.602526307106018,Grocery,43,pair_grounded_dynamic,False,155,1.602526307106018
64,visual,2.0448062419891357,Grocery,43,pair_grounded_dynamic,False,155,2.0448062419891357
65,text,1.623699426651001,Grocery,43,pair_grounded_dynamic,False,155,1.623699426651001
65,visual,2.0644850730895996,Grocery,43,pair_grounded_dynamic,False,155,2.0644850730895996
66,text,1.645119309425354,Grocery,43,pair_grounded_dynamic,False,155,1.645119309425354
66,visual,2.083724021911621,Grocery,43,pair_grounded_dynamic,False,155,2.083724021911621
67,text,1.6660785675048828,Grocery,43,pair_grounded_dynamic,False,155,1.6660785675048828
67,visual,2.102687358856201,Grocery,43,pair_grounded_dynamic,False,155,2.102687358856201
68,text,1.685320258140564,Grocery,43,pair_grounded_dynamic,False,155,1.685320258140564
68,visual,2.12117338180542,Grocery,43,pair_grounded_dynamic,False,155,2.12117338180542
69,text,1.7058840990066528,Grocery,43,pair_grounded_dynamic,False,155,1.7058840990066528
69,visual,2.138749837875366,Grocery,43,pair_grounded_dynamic,False,155,2.138749837875366
70,text,1.726667046546936,Grocery,43,pair_grounded_dynamic,False,155,1.726667046546936
70,visual,2.1561572551727295,Grocery,43,pair_grounded_dynamic,False,155,2.1561572551727295
71,text,1.744892954826355,Grocery,43,pair_grounded_dynamic,False,155,1.744892954826355
71,visual,2.1730682849884033,Grocery,43,pair_grounded_dynamic,False,155,2.1730682849884033
72,text,1.7627570629119873,Grocery,43,pair_grounded_dynamic,False,155,1.7627570629119873
72,visual,2.189183235168457,Grocery,43,pair_grounded_dynamic,False,155,2.189183235168457
73,text,1.7816767692565918,Grocery,43,pair_grounded_dynamic,False,155,1.7816767692565918
73,visual,2.2054245471954346,Grocery,43,pair_grounded_dynamic,False,155,2.2054245471954346
74,text,1.8015313148498535,Grocery,43,pair_grounded_dynamic,False,155,1.8015313148498535
74,visual,2.2222580909729004,Grocery,43,pair_grounded_dynamic,False,155,2.2222580909729004
75,text,1.8225208520889282,Grocery,43,pair_grounded_dynamic,False,155,1.8225208520889282
75,visual,2.238290786743164,Grocery,43,pair_grounded_dynamic,False,155,2.238290786743164
76,text,1.8405342102050781,Grocery,43,pair_grounded_dynamic,False,155,1.8405342102050781
76,visual,2.2539587020874023,Grocery,43,pair_grounded_dynamic,False,155,2.2539587020874023
77,text,1.8608993291854858,Grocery,43,pair_grounded_dynamic,False,155,1.8608993291854858
77,visual,2.269770383834839,Grocery,43,pair_grounded_dynamic,False,155,2.269770383834839
78,text,1.8822687864303589,Grocery,43,pair_grounded_dynamic,False,155,1.8822687864303589
78,visual,2.286442518234253,Grocery,43,pair_grounded_dynamic,False,155,2.286442518234253
79,text,1.9014756679534912,Grocery,43,pair_grounded_dynamic,False,155,1.9014756679534912
79,visual,2.30322003364563,Grocery,43,pair_grounded_dynamic,False,155,2.30322003364563
80,text,1.9180126190185547,Grocery,43,pair_grounded_dynamic,False,155,1.9180126190185547
80,visual,2.320824384689331,Grocery,43,pair_grounded_dynamic,False,155,2.320824384689331
81,text,1.936928629875183,Grocery,43,pair_grounded_dynamic,False,155,1.936928629875183
81,visual,2.3379197120666504,Grocery,43,pair_grounded_dynamic,False,155,2.3379197120666504
82,text,1.9524860382080078,Grocery,43,pair_grounded_dynamic,False,155,1.9524860382080078
82,visual,2.3534762859344482,Grocery,43,pair_grounded_dynamic,False,155,2.3534762859344482
83,text,1.9684737920761108,Grocery,43,pair_grounded_dynamic,False,155,1.9684737920761108
83,visual,2.3680055141448975,Grocery,43,pair_grounded_dynamic,False,155,2.3680055141448975
84,text,1.9849811792373657,Grocery,43,pair_grounded_dynamic,False,155,1.9849811792373657
84,visual,2.382363796234131,Grocery,43,pair_grounded_dynamic,False,155,2.382363796234131
85,text,2.0028605461120605,Grocery,43,pair_grounded_dynamic,False,155,2.0028605461120605
85,visual,2.397634267807007,Grocery,43,pair_grounded_dynamic,False,155,2.397634267807007
86,text,2.0168395042419434,Grocery,43,pair_grounded_dynamic,False,155,2.0168395042419434
86,visual,2.4127895832061768,Grocery,43,pair_grounded_dynamic,False,155,2.4127895832061768
87,text,2.0313937664031982,Grocery,43,pair_grounded_dynamic,False,155,2.0313937664031982
87,visual,2.428081750869751,Grocery,43,pair_grounded_dynamic,False,155,2.428081750869751
88,text,2.0475597381591797,Grocery,43,pair_grounded_dynamic,False,155,2.0475597381591797
88,visual,2.443004608154297,Grocery,43,pair_grounded_dynamic,False,155,2.443004608154297
89,text,2.0606210231781006,Grocery,43,pair_grounded_dynamic,False,155,2.0606210231781006
89,visual,2.456735134124756,Grocery,43,pair_grounded_dynamic,False,155,2.456735134124756
90,text,2.0746421813964844,Grocery,43,pair_grounded_dynamic,False,155,2.0746421813964844
90,visual,2.4703402519226074,Grocery,43,pair_grounded_dynamic,False,155,2.4703402519226074
91,text,2.088740825653076,Grocery,43,pair_grounded_dynamic,False,155,2.088740825653076
91,visual,2.48355770111084,Grocery,43,pair_grounded_dynamic,False,155,2.48355770111084
92,text,2.103827476501465,Grocery,43,pair_grounded_dynamic,False,155,2.103827476501465
92,visual,2.4971187114715576,Grocery,43,pair_grounded_dynamic,False,155,2.4971187114715576
93,text,2.11645245552063,Grocery,43,pair_grounded_dynamic,False,155,2.11645245552063
93,visual,2.509850263595581,Grocery,43,pair_grounded_dynamic,False,155,2.509850263595581
94,text,2.1270766258239746,Grocery,43,pair_grounded_dynamic,False,155,2.1270766258239746
94,visual,2.522125005722046,Grocery,43,pair_grounded_dynamic,False,155,2.522125005722046
95,text,2.1383728981018066,Grocery,43,pair_grounded_dynamic,False,155,2.1383728981018066
95,visual,2.533478021621704,Grocery,43,pair_grounded_dynamic,False,155,2.533478021621704
96,text,2.152250051498413,Grocery,43,pair_grounded_dynamic,False,155,2.152250051498413
96,visual,2.543577194213867,Grocery,43,pair_grounded_dynamic,False,155,2.543577194213867
97,text,2.1667239665985107,Grocery,43,pair_grounded_dynamic,False,155,2.1667239665985107
97,visual,2.554685354232788,Grocery,43,pair_grounded_dynamic,False,155,2.554685354232788
98,text,2.178004026412964,Grocery,43,pair_grounded_dynamic,False,155,2.178004026412964
98,visual,2.5637423992156982,Grocery,43,pair_grounded_dynamic,False,155,2.5637423992156982
99,text,2.187493324279785,Grocery,43,pair_grounded_dynamic,False,155,2.187493324279785
99,visual,2.572620153427124,Grocery,43,pair_grounded_dynamic,False,155,2.572620153427124
100,text,2.1993439197540283,Grocery,43,pair_grounded_dynamic,False,155,2.1993439197540283
100,visual,2.58184552192688,Grocery,43,pair_grounded_dynamic,False,155,2.58184552192688
101,text,2.2100393772125244,Grocery,43,pair_grounded_dynamic,False,155,2.2100393772125244
101,visual,2.5905380249023438,Grocery,43,pair_grounded_dynamic,False,155,2.5905380249023438
102,text,2.2216739654541016,Grocery,43,pair_grounded_dynamic,False,155,2.2216739654541016
102,visual,2.600059747695923,Grocery,43,pair_grounded_dynamic,False,155,2.600059747695923
103,text,2.2348320484161377,Grocery,43,pair_grounded_dynamic,False,155,2.2348320484161377
103,visual,2.6098389625549316,Grocery,43,pair_grounded_dynamic,False,155,2.6098389625549316
104,text,2.2470855712890625,Grocery,43,pair_grounded_dynamic,False,155,2.2470855712890625
104,visual,2.619145631790161,Grocery,43,pair_grounded_dynamic,False,155,2.619145631790161
105,text,2.2592742443084717,Grocery,43,pair_grounded_dynamic,False,155,2.2592742443084717
105,visual,2.627861976623535,Grocery,43,pair_grounded_dynamic,False,155,2.627861976623535
106,text,2.268183946609497,Grocery,43,pair_grounded_dynamic,False,155,2.268183946609497
106,visual,2.635554313659668,Grocery,43,pair_grounded_dynamic,False,155,2.635554313659668
107,text,2.275923252105713,Grocery,43,pair_grounded_dynamic,False,155,2.275923252105713
107,visual,2.643305778503418,Grocery,43,pair_grounded_dynamic,False,155,2.643305778503418
108,text,2.2837822437286377,Grocery,43,pair_grounded_dynamic,False,155,2.2837822437286377
108,visual,2.651374101638794,Grocery,43,pair_grounded_dynamic,False,155,2.651374101638794
109,text,2.293273448944092,Grocery,43,pair_grounded_dynamic,False,155,2.293273448944092
109,visual,2.6596333980560303,Grocery,43,pair_grounded_dynamic,False,155,2.6596333980560303
110,text,2.3043394088745117,Grocery,43,pair_grounded_dynamic,False,155,2.3043394088745117
110,visual,2.6683754920959473,Grocery,43,pair_grounded_dynamic,False,155,2.6683754920959473
111,text,2.3150763511657715,Grocery,43,pair_grounded_dynamic,False,155,2.3150763511657715
111,visual,2.6767170429229736,Grocery,43,pair_grounded_dynamic,False,155,2.6767170429229736
112,text,2.3242430686950684,Grocery,43,pair_grounded_dynamic,False,155,2.3242430686950684
112,visual,2.682455539703369,Grocery,43,pair_grounded_dynamic,False,155,2.682455539703369
113,text,2.332765817642212,Grocery,43,pair_grounded_dynamic,False,155,2.332765817642212
113,visual,2.687476396560669,Grocery,43,pair_grounded_dynamic,False,155,2.687476396560669
114,text,2.3398334980010986,Grocery,43,pair_grounded_dynamic,False,155,2.3398334980010986
114,visual,2.6918082237243652,Grocery,43,pair_grounded_dynamic,False,155,2.6918082237243652
115,text,2.3455257415771484,Grocery,43,pair_grounded_dynamic,False,155,2.3455257415771484
115,visual,2.697270393371582,Grocery,43,pair_grounded_dynamic,False,155,2.697270393371582
116,text,2.352970600128174,Grocery,43,pair_grounded_dynamic,False,155,2.352970600128174
116,visual,2.7030515670776367,Grocery,43,pair_grounded_dynamic,False,155,2.7030515670776367
117,text,2.360442876815796,Grocery,43,pair_grounded_dynamic,False,155,2.360442876815796
117,visual,2.7095725536346436,Grocery,43,pair_grounded_dynamic,False,155,2.7095725536346436
118,text,2.3680691719055176,Grocery,43,pair_grounded_dynamic,False,155,2.3680691719055176
118,visual,2.7171826362609863,Grocery,43,pair_grounded_dynamic,False,155,2.7171826362609863
119,text,2.3756163120269775,Grocery,43,pair_grounded_dynamic,False,155,2.3756163120269775
119,visual,2.724914312362671,Grocery,43,pair_grounded_dynamic,False,155,2.724914312362671
120,text,2.382225751876831,Grocery,43,pair_grounded_dynamic,False,155,2.382225751876831
120,visual,2.7325258255004883,Grocery,43,pair_grounded_dynamic,False,155,2.7325258255004883
121,text,2.3891243934631348,Grocery,43,pair_grounded_dynamic,False,155,2.3891243934631348
121,visual,2.7396109104156494,Grocery,43,pair_grounded_dynamic,False,155,2.7396109104156494
122,text,2.3981194496154785,Grocery,43,pair_grounded_dynamic,False,155,2.3981194496154785
122,visual,2.746138334274292,Grocery,43,pair_grounded_dynamic,False,155,2.746138334274292
123,text,2.4062154293060303,Grocery,43,pair_grounded_dynamic,False,155,2.4062154293060303
123,visual,2.751189708709717,Grocery,43,pair_grounded_dynamic,False,155,2.751189708709717
124,text,2.413132667541504,Grocery,43,pair_grounded_dynamic,False,155,2.413132667541504
124,visual,2.75580096244812,Grocery,43,pair_grounded_dynamic,False,155,2.75580096244812
125,text,2.42033314704895,Grocery,43,pair_grounded_dynamic,False,155,2.42033314704895
125,visual,2.760634660720825,Grocery,43,pair_grounded_dynamic,False,155,2.760634660720825
126,text,2.426516532897949,Grocery,43,pair_grounded_dynamic,False,155,2.426516532897949
126,visual,2.7663068771362305,Grocery,43,pair_grounded_dynamic,False,155,2.7663068771362305
127,text,2.4323763847351074,Grocery,43,pair_grounded_dynamic,False,155,2.4323763847351074
127,visual,2.7714498043060303,Grocery,43,pair_grounded_dynamic,False,155,2.7714498043060303
128,text,2.4391002655029297,Grocery,43,pair_grounded_dynamic,False,155,2.4391002655029297
128,visual,2.7760684490203857,Grocery,43,pair_grounded_dynamic,False,155,2.7760684490203857
129,text,2.4467735290527344,Grocery,43,pair_grounded_dynamic,False,155,2.4467735290527344
129,visual,2.7803730964660645,Grocery,43,pair_grounded_dynamic,False,155,2.7803730964660645
130,text,2.454028606414795,Grocery,43,pair_grounded_dynamic,False,155,2.454028606414795
130,visual,2.785266637802124,Grocery,43,pair_grounded_dynamic,False,155,2.785266637802124
131,text,2.4589734077453613,Grocery,43,pair_grounded_dynamic,False,155,2.4589734077453613
131,visual,2.7897300720214844,Grocery,43,pair_grounded_dynamic,False,155,2.7897300720214844
132,text,2.4646880626678467,Grocery,43,pair_grounded_dynamic,False,155,2.4646880626678467
132,visual,2.7944915294647217,Grocery,43,pair_grounded_dynamic,False,155,2.7944915294647217
133,text,2.469731569290161,Grocery,43,pair_grounded_dynamic,False,155,2.469731569290161
133,visual,2.799065351486206,Grocery,43,pair_grounded_dynamic,False,155,2.799065351486206
134,text,2.4742813110351562,Grocery,43,pair_grounded_dynamic,False,155,2.4742813110351562
134,visual,2.80177903175354,Grocery,43,pair_grounded_dynamic,False,155,2.80177903175354
135,text,2.4811995029449463,Grocery,43,pair_grounded_dynamic,False,155,2.4811995029449463
135,visual,2.8047406673431396,Grocery,43,pair_grounded_dynamic,False,155,2.8047406673431396
136,text,2.4905202388763428,Grocery,43,pair_grounded_dynamic,False,155,2.4905202388763428
136,visual,2.8076136112213135,Grocery,43,pair_grounded_dynamic,False,155,2.8076136112213135
137,text,2.4993300437927246,Grocery,43,pair_grounded_dynamic,False,155,2.4993300437927246
137,visual,2.8111398220062256,Grocery,43,pair_grounded_dynamic,False,155,2.8111398220062256
138,text,2.506633996963501,Grocery,43,pair_grounded_dynamic,False,155,2.506633996963501
138,visual,2.8146448135375977,Grocery,43,pair_grounded_dynamic,False,155,2.8146448135375977
139,text,2.5139646530151367,Grocery,43,pair_grounded_dynamic,False,155,2.5139646530151367
139,visual,2.8185272216796875,Grocery,43,pair_grounded_dynamic,False,155,2.8185272216796875
140,text,2.5219199657440186,Grocery,43,pair_grounded_dynamic,False,155,2.5219199657440186
140,visual,2.822410821914673,Grocery,43,pair_grounded_dynamic,False,155,2.822410821914673
141,text,2.5275020599365234,Grocery,43,pair_grounded_dynamic,False,155,2.5275020599365234
141,visual,2.8263168334960938,Grocery,43,pair_grounded_dynamic,False,155,2.8263168334960938
142,text,2.531446933746338,Grocery,43,pair_grounded_dynamic,False,155,2.531446933746338
142,visual,2.830397129058838,Grocery,43,pair_grounded_dynamic,False,155,2.830397129058838
143,text,2.5364885330200195,Grocery,43,pair_grounded_dynamic,False,155,2.5364885330200195
143,visual,2.8355300426483154,Grocery,43,pair_grounded_dynamic,False,155,2.8355300426483154
144,text,2.5425949096679688,Grocery,43,pair_grounded_dynamic,False,155,2.5425949096679688
144,visual,2.8414175510406494,Grocery,43,pair_grounded_dynamic,False,155,2.8414175510406494
145,text,2.548513412475586,Grocery,43,pair_grounded_dynamic,False,155,2.548513412475586
145,visual,2.848508834838867,Grocery,43,pair_grounded_dynamic,False,155,2.848508834838867
146,text,2.5547378063201904,Grocery,43,pair_grounded_dynamic,False,155,2.5547378063201904
146,visual,2.855516195297241,Grocery,43,pair_grounded_dynamic,False,155,2.855516195297241
147,text,2.562635898590088,Grocery,43,pair_grounded_dynamic,False,155,2.562635898590088
147,visual,2.8625271320343018,Grocery,43,pair_grounded_dynamic,False,155,2.8625271320343018
148,text,2.5706093311309814,Grocery,43,pair_grounded_dynamic,False,155,2.5706093311309814
148,visual,2.8705179691314697,Grocery,43,pair_grounded_dynamic,False,155,2.8705179691314697
149,text,2.577404499053955,Grocery,43,pair_grounded_dynamic,False,155,2.577404499053955
149,visual,2.8773632049560547,Grocery,43,pair_grounded_dynamic,False,155,2.8773632049560547
150,text,2.5843563079833984,Grocery,43,pair_grounded_dynamic,False,155,2.5843563079833984
150,visual,2.8838260173797607,Grocery,43,pair_grounded_dynamic,False,155,2.8838260173797607
151,text,2.5910017490386963,Grocery,43,pair_grounded_dynamic,False,155,2.5910017490386963
151,visual,2.8898262977600098,Grocery,43,pair_grounded_dynamic,False,155,2.8898262977600098
152,text,2.5973901748657227,Grocery,43,pair_grounded_dynamic,False,155,2.5973901748657227
152,visual,2.8949711322784424,Grocery,43,pair_grounded_dynamic,False,155,2.8949711322784424
153,text,2.6035914421081543,Grocery,43,pair_grounded_dynamic,False,155,2.6035914421081543
153,visual,2.8998799324035645,Grocery,43,pair_grounded_dynamic,False,155,2.8998799324035645
154,text,2.6089768409729004,Grocery,43,pair_grounded_dynamic,False,155,2.6089768409729004
154,visual,2.90472674369812,Grocery,43,pair_grounded_dynamic,False,155,2.90472674369812
155,text,2.614102840423584,Grocery,43,pair_grounded_dynamic,True,155,2.614102840423584
155,visual,2.909022569656372,Grocery,43,pair_grounded_dynamic,True,155,2.909022569656372
156,text,2.6191933155059814,Grocery,43,pair_grounded_dynamic,False,155,2.6191933155059814
156,visual,2.9133858680725098,Grocery,43,pair_grounded_dynamic,False,155,2.9133858680725098
157,text,2.624803304672241,Grocery,43,pair_grounded_dynamic,False,155,2.624803304672241
157,visual,2.918916940689087,Grocery,43,pair_grounded_dynamic,False,155,2.918916940689087
158,text,2.6301958560943604,Grocery,43,pair_grounded_dynamic,False,155,2.6301958560943604
158,visual,2.9244914054870605,Grocery,43,pair_grounded_dynamic,False,155,2.9244914054870605
159,text,2.636268138885498,Grocery,43,pair_grounded_dynamic,False,155,2.636268138885498
159,visual,2.930196523666382,Grocery,43,pair_grounded_dynamic,False,155,2.930196523666382
160,text,2.6423141956329346,Grocery,43,pair_grounded_dynamic,False,155,2.6423141956329346
160,visual,2.935624599456787,Grocery,43,pair_grounded_dynamic,False,155,2.935624599456787
161,text,2.647810697555542,Grocery,43,pair_grounded_dynamic,False,155,2.647810697555542
161,visual,2.9406373500823975,Grocery,43,pair_grounded_dynamic,False,155,2.9406373500823975
162,text,2.653249979019165,Grocery,43,pair_grounded_dynamic,False,155,2.653249979019165
162,visual,2.9447827339172363,Grocery,43,pair_grounded_dynamic,False,155,2.9447827339172363
163,text,2.658538818359375,Grocery,43,pair_grounded_dynamic,False,155,2.658538818359375
163,visual,2.9484002590179443,Grocery,43,pair_grounded_dynamic,False,155,2.9484002590179443
164,text,2.663120985031128,Grocery,43,pair_grounded_dynamic,False,155,2.663120985031128
164,visual,2.951829195022583,Grocery,43,pair_grounded_dynamic,False,155,2.951829195022583
165,text,2.666862964630127,Grocery,43,pair_grounded_dynamic,False,155,2.666862964630127
165,visual,2.95570969581604,Grocery,43,pair_grounded_dynamic,False,155,2.95570969581604
166,text,2.670393943786621,Grocery,43,pair_grounded_dynamic,False,155,2.670393943786621
166,visual,2.9592199325561523,Grocery,43,pair_grounded_dynamic,False,155,2.9592199325561523
167,text,2.674237012863159,Grocery,43,pair_grounded_dynamic,False,155,2.674237012863159
167,visual,2.9623594284057617,Grocery,43,pair_grounded_dynamic,False,155,2.9623594284057617
168,text,2.678130865097046,Grocery,43,pair_grounded_dynamic,False,155,2.678130865097046
168,visual,2.9646987915039062,Grocery,43,pair_grounded_dynamic,False,155,2.9646987915039062
169,text,2.682188034057617,Grocery,43,pair_grounded_dynamic,False,155,2.682188034057617
169,visual,2.9671571254730225,Grocery,43,pair_grounded_dynamic,False,155,2.9671571254730225
170,text,2.6866562366485596,Grocery,43,pair_grounded_dynamic,False,155,2.6866562366485596
170,visual,2.969552755355835,Grocery,43,pair_grounded_dynamic,False,155,2.969552755355835
171,text,2.689817428588867,Grocery,43,pair_grounded_dynamic,False,155,2.689817428588867
171,visual,2.9722840785980225,Grocery,43,pair_grounded_dynamic,False,155,2.9722840785980225
172,text,2.6924259662628174,Grocery,43,pair_grounded_dynamic,False,155,2.6924259662628174
172,visual,2.974762201309204,Grocery,43,pair_grounded_dynamic,False,155,2.974762201309204
173,text,2.6950502395629883,Grocery,43,pair_grounded_dynamic,False,155,2.6950502395629883
173,visual,2.9775078296661377,Grocery,43,pair_grounded_dynamic,False,155,2.9775078296661377
174,text,2.698301076889038,Grocery,43,pair_grounded_dynamic,False,155,2.698301076889038
174,visual,2.9798872470855713,Grocery,43,pair_grounded_dynamic,False,155,2.9798872470855713
175,text,2.701578140258789,Grocery,43,pair_grounded_dynamic,False,155,2.701578140258789
175,visual,2.9824397563934326,Grocery,43,pair_grounded_dynamic,False,155,2.9824397563934326
176,text,2.7046759128570557,Grocery,43,pair_grounded_dynamic,False,155,2.7046759128570557
176,visual,2.9844768047332764,Grocery,43,pair_grounded_dynamic,False,155,2.9844768047332764
177,text,2.7084314823150635,Grocery,43,pair_grounded_dynamic,False,155,2.7084314823150635
177,visual,2.986719846725464,Grocery,43,pair_grounded_dynamic,False,155,2.986719846725464
178,text,2.711254596710205,Grocery,43,pair_grounded_dynamic,False,155,2.711254596710205
178,visual,2.989260196685791,Grocery,43,pair_grounded_dynamic,False,155,2.989260196685791
179,text,2.714249610900879,Grocery,43,pair_grounded_dynamic,False,155,2.714249610900879
179,visual,2.9919092655181885,Grocery,43,pair_grounded_dynamic,False,155,2.9919092655181885
180,text,2.7166545391082764,Grocery,43,pair_grounded_dynamic,False,155,2.7166545391082764
180,visual,2.9945297241210938,Grocery,43,pair_grounded_dynamic,False,155,2.9945297241210938
181,text,2.718656539916992,Grocery,43,pair_grounded_dynamic,False,155,2.718656539916992
181,visual,2.9969065189361572,Grocery,43,pair_grounded_dynamic,False,155,2.9969065189361572
182,text,2.7209787368774414,Grocery,43,pair_grounded_dynamic,False,155,2.7209787368774414
182,visual,2.9994912147521973,Grocery,43,pair_grounded_dynamic,False,155,2.9994912147521973
183,text,2.723923921585083,Grocery,43,pair_grounded_dynamic,False,155,2.723923921585083
183,visual,3.0024514198303223,Grocery,43,pair_grounded_dynamic,False,155,3.0024514198303223
184,text,2.726224660873413,Grocery,43,pair_grounded_dynamic,False,155,2.726224660873413
184,visual,3.0051486492156982,Grocery,43,pair_grounded_dynamic,False,155,3.0051486492156982
185,text,2.7287049293518066,Grocery,43,pair_grounded_dynamic,False,155,2.7287049293518066
185,visual,3.0078227519989014,Grocery,43,pair_grounded_dynamic,False,155,3.0078227519989014
1,text,0.09001272171735764,Grocery,43,context_grounded_static,False,105,0.09001272171735764
1,visual,0.08995507657527924,Grocery,43,context_grounded_static,False,105,0.08995507657527924
2,text,0.13449738919734955,Grocery,43,context_grounded_static,False,105,0.13449738919734955
2,visual,0.13854096829891205,Grocery,43,context_grounded_static,False,105,0.13854096829891205
3,text,0.17193977534770966,Grocery,43,context_grounded_static,False,105,0.17193977534770966
3,visual,0.1785227656364441,Grocery,43,context_grounded_static,False,105,0.1785227656364441
4,text,0.20608806610107422,Grocery,43,context_grounded_static,False,105,0.20608806610107422
4,visual,0.2165621817111969,Grocery,43,context_grounded_static,False,105,0.2165621817111969
5,text,0.23682595789432526,Grocery,43,context_grounded_static,False,105,0.23682595789432526
5,visual,0.25388628244400024,Grocery,43,context_grounded_static,False,105,0.25388628244400024
6,text,0.2667158544063568,Grocery,43,context_grounded_static,False,105,0.2667158544063568
6,visual,0.293445348739624,Grocery,43,context_grounded_static,False,105,0.293445348739624
7,text,0.2943632900714874,Grocery,43,context_grounded_static,False,105,0.2943632900714874
7,visual,0.33336541056632996,Grocery,43,context_grounded_static,False,105,0.33336541056632996
8,text,0.32162660360336304,Grocery,43,context_grounded_static,False,105,0.32162660360336304
8,visual,0.37214037775993347,Grocery,43,context_grounded_static,False,105,0.37214037775993347
9,text,0.34687039256095886,Grocery,43,context_grounded_static,False,105,0.34687039256095886
9,visual,0.4104498624801636,Grocery,43,context_grounded_static,False,105,0.4104498624801636
10,text,0.37167444825172424,Grocery,43,context_grounded_static,False,105,0.37167444825172424
10,visual,0.4485756754875183,Grocery,43,context_grounded_static,False,105,0.4485756754875183
11,text,0.39544111490249634,Grocery,43,context_grounded_static,False,105,0.39544111490249634
11,visual,0.4865089952945709,Grocery,43,context_grounded_static,False,105,0.4865089952945709
12,text,0.41675007343292236,Grocery,43,context_grounded_static,False,105,0.41675007343292236
12,visual,0.5231776833534241,Grocery,43,context_grounded_static,False,105,0.5231776833534241
13,text,0.43695762753486633,Grocery,43,context_grounded_static,False,105,0.43695762753486633
13,visual,0.5585190057754517,Grocery,43,context_grounded_static,False,105,0.5585190057754517
14,text,0.45571890473365784,Grocery,43,context_grounded_static,False,105,0.45571890473365784
14,visual,0.5925502181053162,Grocery,43,context_grounded_static,False,105,0.5925502181053162
15,text,0.4738213121891022,Grocery,43,context_grounded_static,False,105,0.4738213121891022
15,visual,0.6240803599357605,Grocery,43,context_grounded_static,False,105,0.6240803599357605
16,text,0.491958349943161,Grocery,43,context_grounded_static,False,105,0.491958349943161
16,visual,0.6540005803108215,Grocery,43,context_grounded_static,False,105,0.6540005803108215
17,text,0.5106772184371948,Grocery,43,context_grounded_static,False,105,0.5106772184371948
17,visual,0.6835469007492065,Grocery,43,context_grounded_static,False,105,0.6835469007492065
18,text,0.5293241143226624,Grocery,43,context_grounded_static,False,105,0.5293241143226624
18,visual,0.7114203572273254,Grocery,43,context_grounded_static,False,105,0.7114203572273254
19,text,0.5485284328460693,Grocery,43,context_grounded_static,False,105,0.5485284328460693
19,visual,0.7380792498588562,Grocery,43,context_grounded_static,False,105,0.7380792498588562
20,text,0.567367434501648,Grocery,43,context_grounded_static,False,105,0.567367434501648
20,visual,0.7638071179389954,Grocery,43,context_grounded_static,False,105,0.7638071179389954
21,text,0.5866067409515381,Grocery,43,context_grounded_static,False,105,0.5866067409515381
21,visual,0.7889418005943298,Grocery,43,context_grounded_static,False,105,0.7889418005943298
22,text,0.6056544780731201,Grocery,43,context_grounded_static,False,105,0.6056544780731201
22,visual,0.8127865195274353,Grocery,43,context_grounded_static,False,105,0.8127865195274353
23,text,0.6248915791511536,Grocery,43,context_grounded_static,False,105,0.6248915791511536
23,visual,0.8360994458198547,Grocery,43,context_grounded_static,False,105,0.8360994458198547
24,text,0.6433039903640747,Grocery,43,context_grounded_static,False,105,0.6433039903640747
24,visual,0.8590469360351562,Grocery,43,context_grounded_static,False,105,0.8590469360351562
25,text,0.661114513874054,Grocery,43,context_grounded_static,False,105,0.661114513874054
25,visual,0.881743848323822,Grocery,43,context_grounded_static,False,105,0.881743848323822
26,text,0.6789790987968445,Grocery,43,context_grounded_static,False,105,0.6789790987968445
26,visual,0.9039039611816406,Grocery,43,context_grounded_static,False,105,0.9039039611816406
27,text,0.6970970034599304,Grocery,43,context_grounded_static,False,105,0.6970970034599304
27,visual,0.9255032539367676,Grocery,43,context_grounded_static,False,105,0.9255032539367676
28,text,0.7148916125297546,Grocery,43,context_grounded_static,False,105,0.7148916125297546
28,visual,0.9475629925727844,Grocery,43,context_grounded_static,False,105,0.9475629925727844
29,text,0.7318376302719116,Grocery,43,context_grounded_static,False,105,0.7318376302719116
29,visual,0.969557523727417,Grocery,43,context_grounded_static,False,105,0.969557523727417
30,text,0.7496911287307739,Grocery,43,context_grounded_static,False,105,0.7496911287307739
30,visual,0.993054986000061,Grocery,43,context_grounded_static,False,105,0.993054986000061
31,text,0.7675734758377075,Grocery,43,context_grounded_static,False,105,0.7675734758377075
31,visual,1.0162092447280884,Grocery,43,context_grounded_static,False,105,1.0162092447280884
32,text,0.785566508769989,Grocery,43,context_grounded_static,False,105,0.785566508769989
32,visual,1.039799690246582,Grocery,43,context_grounded_static,False,105,1.039799690246582
33,text,0.8031442165374756,Grocery,43,context_grounded_static,False,105,0.8031442165374756
33,visual,1.0637702941894531,Grocery,43,context_grounded_static,False,105,1.0637702941894531
34,text,0.8209896683692932,Grocery,43,context_grounded_static,False,105,0.8209896683692932
34,visual,1.08842134475708,Grocery,43,context_grounded_static,False,105,1.08842134475708
35,text,0.8391854763031006,Grocery,43,context_grounded_static,False,105,0.8391854763031006
35,visual,1.1137508153915405,Grocery,43,context_grounded_static,False,105,1.1137508153915405
36,text,0.8583396673202515,Grocery,43,context_grounded_static,False,105,0.8583396673202515
36,visual,1.1395841836929321,Grocery,43,context_grounded_static,False,105,1.1395841836929321
37,text,0.8778330683708191,Grocery,43,context_grounded_static,False,105,0.8778330683708191
37,visual,1.1668154001235962,Grocery,43,context_grounded_static,False,105,1.1668154001235962
38,text,0.8980664610862732,Grocery,43,context_grounded_static,False,105,0.8980664610862732
38,visual,1.196309208869934,Grocery,43,context_grounded_static,False,105,1.196309208869934
39,text,0.9181361198425293,Grocery,43,context_grounded_static,False,105,0.9181361198425293
39,visual,1.225664496421814,Grocery,43,context_grounded_static,False,105,1.225664496421814
40,text,0.9392315149307251,Grocery,43,context_grounded_static,False,105,0.9392315149307251
40,visual,1.2561805248260498,Grocery,43,context_grounded_static,False,105,1.2561805248260498
41,text,0.9599125981330872,Grocery,43,context_grounded_static,False,105,0.9599125981330872
41,visual,1.2866154909133911,Grocery,43,context_grounded_static,False,105,1.2866154909133911
42,text,0.9800233244895935,Grocery,43,context_grounded_static,False,105,0.9800233244895935
42,visual,1.3167848587036133,Grocery,43,context_grounded_static,False,105,1.3167848587036133
43,text,1.0003432035446167,Grocery,43,context_grounded_static,False,105,1.0003432035446167
43,visual,1.346050500869751,Grocery,43,context_grounded_static,False,105,1.346050500869751
44,text,1.0192557573318481,Grocery,43,context_grounded_static,False,105,1.0192557573318481
44,visual,1.3715771436691284,Grocery,43,context_grounded_static,False,105,1.3715771436691284
45,text,1.038268804550171,Grocery,43,context_grounded_static,False,105,1.038268804550171
45,visual,1.3964366912841797,Grocery,43,context_grounded_static,False,105,1.3964366912841797
46,text,1.0574071407318115,Grocery,43,context_grounded_static,False,105,1.0574071407318115
46,visual,1.4184483289718628,Grocery,43,context_grounded_static,False,105,1.4184483289718628
47,text,1.0771034955978394,Grocery,43,context_grounded_static,False,105,1.0771034955978394
47,visual,1.4410828351974487,Grocery,43,context_grounded_static,False,105,1.4410828351974487
48,text,1.097414255142212,Grocery,43,context_grounded_static,False,105,1.097414255142212
48,visual,1.4638524055480957,Grocery,43,context_grounded_static,False,105,1.4638524055480957
49,text,1.1178452968597412,Grocery,43,context_grounded_static,False,105,1.1178452968597412
49,visual,1.4842522144317627,Grocery,43,context_grounded_static,False,105,1.4842522144317627
50,text,1.139377474784851,Grocery,43,context_grounded_static,False,105,1.139377474784851
50,visual,1.504257321357727,Grocery,43,context_grounded_static,False,105,1.504257321357727
51,text,1.1610510349273682,Grocery,43,context_grounded_static,False,105,1.1610510349273682
51,visual,1.5223677158355713,Grocery,43,context_grounded_static,False,105,1.5223677158355713
52,text,1.1829853057861328,Grocery,43,context_grounded_static,False,105,1.1829853057861328
52,visual,1.5418424606323242,Grocery,43,context_grounded_static,False,105,1.5418424606323242
53,text,1.2059181928634644,Grocery,43,context_grounded_static,False,105,1.2059181928634644
53,visual,1.560672640800476,Grocery,43,context_grounded_static,False,105,1.560672640800476
54,text,1.2291909456253052,Grocery,43,context_grounded_static,False,105,1.2291909456253052
54,visual,1.5794212818145752,Grocery,43,context_grounded_static,False,105,1.5794212818145752
55,text,1.2529239654541016,Grocery,43,context_grounded_static,False,105,1.2529239654541016
55,visual,1.600074052810669,Grocery,43,context_grounded_static,False,105,1.600074052810669
56,text,1.275860071182251,Grocery,43,context_grounded_static,False,105,1.275860071182251
56,visual,1.6205657720565796,Grocery,43,context_grounded_static,False,105,1.6205657720565796
57,text,1.2995835542678833,Grocery,43,context_grounded_static,False,105,1.2995835542678833
57,visual,1.6424425840377808,Grocery,43,context_grounded_static,False,105,1.6424425840377808
58,text,1.32345712184906,Grocery,43,context_grounded_static,False,105,1.32345712184906
58,visual,1.6646181344985962,Grocery,43,context_grounded_static,False,105,1.6646181344985962
59,text,1.3469163179397583,Grocery,43,context_grounded_static,False,105,1.3469163179397583
59,visual,1.687265396118164,Grocery,43,context_grounded_static,False,105,1.687265396118164
60,text,1.3720519542694092,Grocery,43,context_grounded_static,False,105,1.3720519542694092
60,visual,1.711087942123413,Grocery,43,context_grounded_static,False,105,1.711087942123413
61,text,1.3962987661361694,Grocery,43,context_grounded_static,False,105,1.3962987661361694
61,visual,1.7340826988220215,Grocery,43,context_grounded_static,False,105,1.7340826988220215
62,text,1.4217000007629395,Grocery,43,context_grounded_static,False,105,1.4217000007629395
62,visual,1.7577153444290161,Grocery,43,context_grounded_static,False,105,1.7577153444290161
63,text,1.4467979669570923,Grocery,43,context_grounded_static,False,105,1.4467979669570923
63,visual,1.7814066410064697,Grocery,43,context_grounded_static,False,105,1.7814066410064697
64,text,1.4683786630630493,Grocery,43,context_grounded_static,False,105,1.4683786630630493
64,visual,1.8032876253128052,Grocery,43,context_grounded_static,False,105,1.8032876253128052
65,text,1.490931510925293,Grocery,43,context_grounded_static,False,105,1.490931510925293
65,visual,1.8256553411483765,Grocery,43,context_grounded_static,False,105,1.8256553411483765
66,text,1.5136455297470093,Grocery,43,context_grounded_static,False,105,1.5136455297470093
66,visual,1.8475027084350586,Grocery,43,context_grounded_static,False,105,1.8475027084350586
67,text,1.5353715419769287,Grocery,43,context_grounded_static,False,105,1.5353715419769287
67,visual,1.8661812543869019,Grocery,43,context_grounded_static,False,105,1.8661812543869019
68,text,1.5587081909179688,Grocery,43,context_grounded_static,False,105,1.5587081909179688
68,visual,1.8840258121490479,Grocery,43,context_grounded_static,False,105,1.8840258121490479
69,text,1.5807071924209595,Grocery,43,context_grounded_static,False,105,1.5807071924209595
69,visual,1.9011216163635254,Grocery,43,context_grounded_static,False,105,1.9011216163635254
70,text,1.6015170812606812,Grocery,43,context_grounded_static,False,105,1.6015170812606812
70,visual,1.9191569089889526,Grocery,43,context_grounded_static,False,105,1.9191569089889526
71,text,1.6209138631820679,Grocery,43,context_grounded_static,False,105,1.6209138631820679
71,visual,1.9359899759292603,Grocery,43,context_grounded_static,False,105,1.9359899759292603
72,text,1.6412333250045776,Grocery,43,context_grounded_static,False,105,1.6412333250045776
72,visual,1.9526772499084473,Grocery,43,context_grounded_static,False,105,1.9526772499084473
73,text,1.6622391939163208,Grocery,43,context_grounded_static,False,105,1.6622391939163208
73,visual,1.9705315828323364,Grocery,43,context_grounded_static,False,105,1.9705315828323364
74,text,1.6826728582382202,Grocery,43,context_grounded_static,False,105,1.6826728582382202
74,visual,1.9886585474014282,Grocery,43,context_grounded_static,False,105,1.9886585474014282
75,text,1.7011048793792725,Grocery,43,context_grounded_static,False,105,1.7011048793792725
75,visual,2.0039920806884766,Grocery,43,context_grounded_static,False,105,2.0039920806884766
76,text,1.720123052597046,Grocery,43,context_grounded_static,False,105,1.720123052597046
76,visual,2.01843523979187,Grocery,43,context_grounded_static,False,105,2.01843523979187
77,text,1.7396912574768066,Grocery,43,context_grounded_static,False,105,1.7396912574768066
77,visual,2.0328571796417236,Grocery,43,context_grounded_static,False,105,2.0328571796417236
78,text,1.7592641115188599,Grocery,43,context_grounded_static,False,105,1.7592641115188599
78,visual,2.04647159576416,Grocery,43,context_grounded_static,False,105,2.04647159576416
79,text,1.7773888111114502,Grocery,43,context_grounded_static,False,105,1.7773888111114502
79,visual,2.0606939792633057,Grocery,43,context_grounded_static,False,105,2.0606939792633057
80,text,1.7939056158065796,Grocery,43,context_grounded_static,False,105,1.7939056158065796
80,visual,2.073702573776245,Grocery,43,context_grounded_static,False,105,2.073702573776245
81,text,1.8108259439468384,Grocery,43,context_grounded_static,False,105,1.8108259439468384
81,visual,2.08652400970459,Grocery,43,context_grounded_static,False,105,2.08652400970459
82,text,1.8263521194458008,Grocery,43,context_grounded_static,False,105,1.8263521194458008
82,visual,2.099735975265503,Grocery,43,context_grounded_static,False,105,2.099735975265503
83,text,1.839715600013733,Grocery,43,context_grounded_static,False,105,1.839715600013733
83,visual,2.112405776977539,Grocery,43,context_grounded_static,False,105,2.112405776977539
84,text,1.8541498184204102,Grocery,43,context_grounded_static,False,105,1.8541498184204102
84,visual,2.1246838569641113,Grocery,43,context_grounded_static,False,105,2.1246838569641113
85,text,1.869553565979004,Grocery,43,context_grounded_static,False,105,1.869553565979004
85,visual,2.1364669799804688,Grocery,43,context_grounded_static,False,105,2.1364669799804688
86,text,1.884753942489624,Grocery,43,context_grounded_static,False,105,1.884753942489624
86,visual,2.147554874420166,Grocery,43,context_grounded_static,False,105,2.147554874420166
87,text,1.9009159803390503,Grocery,43,context_grounded_static,False,105,1.9009159803390503
87,visual,2.1594948768615723,Grocery,43,context_grounded_static,False,105,2.1594948768615723
88,text,1.915413737297058,Grocery,43,context_grounded_static,False,105,1.915413737297058
88,visual,2.1712217330932617,Grocery,43,context_grounded_static,False,105,2.1712217330932617
89,text,1.9292709827423096,Grocery,43,context_grounded_static,False,105,1.9292709827423096
89,visual,2.182187080383301,Grocery,43,context_grounded_static,False,105,2.182187080383301
90,text,1.9435983896255493,Grocery,43,context_grounded_static,False,105,1.9435983896255493
90,visual,2.192502498626709,Grocery,43,context_grounded_static,False,105,2.192502498626709
91,text,1.9591898918151855,Grocery,43,context_grounded_static,False,105,1.9591898918151855
91,visual,2.2035744190216064,Grocery,43,context_grounded_static,False,105,2.2035744190216064
92,text,1.975925326347351,Grocery,43,context_grounded_static,False,105,1.975925326347351
92,visual,2.215622901916504,Grocery,43,context_grounded_static,False,105,2.215622901916504
93,text,1.9918954372406006,Grocery,43,context_grounded_static,False,105,1.9918954372406006
93,visual,2.2277848720550537,Grocery,43,context_grounded_static,False,105,2.2277848720550537
94,text,2.007362127304077,Grocery,43,context_grounded_static,False,105,2.007362127304077
94,visual,2.240098476409912,Grocery,43,context_grounded_static,False,105,2.240098476409912
95,text,2.0230307579040527,Grocery,43,context_grounded_static,False,105,2.0230307579040527
95,visual,2.2524008750915527,Grocery,43,context_grounded_static,False,105,2.2524008750915527
96,text,2.0397212505340576,Grocery,43,context_grounded_static,False,105,2.0397212505340576
96,visual,2.2645316123962402,Grocery,43,context_grounded_static,False,105,2.2645316123962402
97,text,2.055147647857666,Grocery,43,context_grounded_static,False,105,2.055147647857666
97,visual,2.275972604751587,Grocery,43,context_grounded_static,False,105,2.275972604751587
98,text,2.0696585178375244,Grocery,43,context_grounded_static,False,105,2.0696585178375244
98,visual,2.2863895893096924,Grocery,43,context_grounded_static,False,105,2.2863895893096924
99,text,2.083709478378296,Grocery,43,context_grounded_static,False,105,2.083709478378296
99,visual,2.297135829925537,Grocery,43,context_grounded_static,False,105,2.297135829925537
100,text,2.0980048179626465,Grocery,43,context_grounded_static,False,105,2.0980048179626465
100,visual,2.3083815574645996,Grocery,43,context_grounded_static,False,105,2.3083815574645996
101,text,2.1104767322540283,Grocery,43,context_grounded_static,False,105,2.1104767322540283
101,visual,2.318964958190918,Grocery,43,context_grounded_static,False,105,2.318964958190918
102,text,2.122215509414673,Grocery,43,context_grounded_static,False,105,2.122215509414673
102,visual,2.329193115234375,Grocery,43,context_grounded_static,False,105,2.329193115234375
103,text,2.1338319778442383,Grocery,43,context_grounded_static,False,105,2.1338319778442383
103,visual,2.3382537364959717,Grocery,43,context_grounded_static,False,105,2.3382537364959717
104,text,2.145897150039673,Grocery,43,context_grounded_static,False,105,2.145897150039673
104,visual,2.3476040363311768,Grocery,43,context_grounded_static,False,105,2.3476040363311768
105,text,2.15724778175354,Grocery,43,context_grounded_static,True,105,2.15724778175354
105,visual,2.3574860095977783,Grocery,43,context_grounded_static,True,105,2.3574860095977783
106,text,2.166983127593994,Grocery,43,context_grounded_static,False,105,2.166983127593994
106,visual,2.365983486175537,Grocery,43,context_grounded_static,False,105,2.365983486175537
107,text,2.1779985427856445,Grocery,43,context_grounded_static,False,105,2.1779985427856445
107,visual,2.3737740516662598,Grocery,43,context_grounded_static,False,105,2.3737740516662598
108,text,2.187793731689453,Grocery,43,context_grounded_static,False,105,2.187793731689453
108,visual,2.380847692489624,Grocery,43,context_grounded_static,False,105,2.380847692489624
109,text,2.1982083320617676,Grocery,43,context_grounded_static,False,105,2.1982083320617676
109,visual,2.389113426208496,Grocery,43,context_grounded_static,False,105,2.389113426208496
110,text,2.2080130577087402,Grocery,43,context_grounded_static,False,105,2.2080130577087402
110,visual,2.3971519470214844,Grocery,43,context_grounded_static,False,105,2.3971519470214844
111,text,2.2186801433563232,Grocery,43,context_grounded_static,False,105,2.2186801433563232
111,visual,2.405419111251831,Grocery,43,context_grounded_static,False,105,2.405419111251831
112,text,2.2292261123657227,Grocery,43,context_grounded_static,False,105,2.2292261123657227
112,visual,2.413461923599243,Grocery,43,context_grounded_static,False,105,2.413461923599243
113,text,2.2407588958740234,Grocery,43,context_grounded_static,False,105,2.2407588958740234
113,visual,2.4234910011291504,Grocery,43,context_grounded_static,False,105,2.4234910011291504
114,text,2.2508580684661865,Grocery,43,context_grounded_static,False,105,2.2508580684661865
114,visual,2.4318037033081055,Grocery,43,context_grounded_static,False,105,2.4318037033081055
115,text,2.2615184783935547,Grocery,43,context_grounded_static,False,105,2.2615184783935547
115,visual,2.440343141555786,Grocery,43,context_grounded_static,False,105,2.440343141555786
116,text,2.272343158721924,Grocery,43,context_grounded_static,False,105,2.272343158721924
116,visual,2.44899320602417,Grocery,43,context_grounded_static,False,105,2.44899320602417
117,text,2.2831194400787354,Grocery,43,context_grounded_static,False,105,2.2831194400787354
117,visual,2.4582862854003906,Grocery,43,context_grounded_static,False,105,2.4582862854003906
118,text,2.294320583343506,Grocery,43,context_grounded_static,False,105,2.294320583343506
118,visual,2.4681143760681152,Grocery,43,context_grounded_static,False,105,2.4681143760681152
119,text,2.3052785396575928,Grocery,43,context_grounded_static,False,105,2.3052785396575928
119,visual,2.477348804473877,Grocery,43,context_grounded_static,False,105,2.477348804473877
120,text,2.316114902496338,Grocery,43,context_grounded_static,False,105,2.316114902496338
120,visual,2.485212564468384,Grocery,43,context_grounded_static,False,105,2.485212564468384
121,text,2.3256757259368896,Grocery,43,context_grounded_static,False,105,2.3256757259368896
121,visual,2.491563320159912,Grocery,43,context_grounded_static,False,105,2.491563320159912
122,text,2.334927797317505,Grocery,43,context_grounded_static,False,105,2.334927797317505
122,visual,2.4990055561065674,Grocery,43,context_grounded_static,False,105,2.4990055561065674
123,text,2.3449344635009766,Grocery,43,context_grounded_static,False,105,2.3449344635009766
123,visual,2.5071017742156982,Grocery,43,context_grounded_static,False,105,2.5071017742156982
124,text,2.3529505729675293,Grocery,43,context_grounded_static,False,105,2.3529505729675293
124,visual,2.5124990940093994,Grocery,43,context_grounded_static,False,105,2.5124990940093994
125,text,2.3610892295837402,Grocery,43,context_grounded_static,False,105,2.3610892295837402
125,visual,2.516411781311035,Grocery,43,context_grounded_static,False,105,2.516411781311035
126,text,2.36968731880188,Grocery,43,context_grounded_static,False,105,2.36968731880188
126,visual,2.520142078399658,Grocery,43,context_grounded_static,False,105,2.520142078399658
127,text,2.3778038024902344,Grocery,43,context_grounded_static,False,105,2.3778038024902344
127,visual,2.5231122970581055,Grocery,43,context_grounded_static,False,105,2.5231122970581055
128,text,2.3863933086395264,Grocery,43,context_grounded_static,False,105,2.3863933086395264
128,visual,2.5265793800354004,Grocery,43,context_grounded_static,False,105,2.5265793800354004
129,text,2.3968470096588135,Grocery,43,context_grounded_static,False,105,2.3968470096588135
129,visual,2.5306990146636963,Grocery,43,context_grounded_static,False,105,2.5306990146636963
130,text,2.4070844650268555,Grocery,43,context_grounded_static,False,105,2.4070844650268555
130,visual,2.5342869758605957,Grocery,43,context_grounded_static,False,105,2.5342869758605957
131,text,2.416353940963745,Grocery,43,context_grounded_static,False,105,2.416353940963745
131,visual,2.5364885330200195,Grocery,43,context_grounded_static,False,105,2.5364885330200195
132,text,2.426027774810791,Grocery,43,context_grounded_static,False,105,2.426027774810791
132,visual,2.539499282836914,Grocery,43,context_grounded_static,False,105,2.539499282836914
133,text,2.4345149993896484,Grocery,43,context_grounded_static,False,105,2.4345149993896484
133,visual,2.543382406234741,Grocery,43,context_grounded_static,False,105,2.543382406234741
134,text,2.443045139312744,Grocery,43,context_grounded_static,False,105,2.443045139312744
134,visual,2.5493454933166504,Grocery,43,context_grounded_static,False,105,2.5493454933166504
135,text,2.4502925872802734,Grocery,43,context_grounded_static,False,105,2.4502925872802734
135,visual,2.554715156555176,Grocery,43,context_grounded_static,False,105,2.554715156555176
1,text,0.0899764746427536,Grocery,43,context_grounded_dynamic,False,60,0.0899764746427536
1,visual,0.08989318460226059,Grocery,43,context_grounded_dynamic,False,60,0.08989318460226059
2,text,0.13439670205116272,Grocery,43,context_grounded_dynamic,False,60,0.13439670205116272
2,visual,0.13887333869934082,Grocery,43,context_grounded_dynamic,False,60,0.13887333869934082
3,text,0.17037971317768097,Grocery,43,context_grounded_dynamic,False,60,0.17037971317768097
3,visual,0.1763262301683426,Grocery,43,context_grounded_dynamic,False,60,0.1763262301683426
4,text,0.2029963582754135,Grocery,43,context_grounded_dynamic,False,60,0.2029963582754135
4,visual,0.21139872074127197,Grocery,43,context_grounded_dynamic,False,60,0.21139872074127197
5,text,0.23116178810596466,Grocery,43,context_grounded_dynamic,False,60,0.23116178810596466
5,visual,0.24699249863624573,Grocery,43,context_grounded_dynamic,False,60,0.24699249863624573
6,text,0.25829359889030457,Grocery,43,context_grounded_dynamic,False,60,0.25829359889030457
6,visual,0.28521156311035156,Grocery,43,context_grounded_dynamic,False,60,0.28521156311035156
7,text,0.28432175517082214,Grocery,43,context_grounded_dynamic,False,60,0.28432175517082214
7,visual,0.3241375982761383,Grocery,43,context_grounded_dynamic,False,60,0.3241375982761383
8,text,0.30932945013046265,Grocery,43,context_grounded_dynamic,False,60,0.30932945013046265
8,visual,0.3617278039455414,Grocery,43,context_grounded_dynamic,False,60,0.3617278039455414
9,text,0.3325132131576538,Grocery,43,context_grounded_dynamic,False,60,0.3325132131576538
9,visual,0.3991696834564209,Grocery,43,context_grounded_dynamic,False,60,0.3991696834564209
10,text,0.3554700016975403,Grocery,43,context_grounded_dynamic,False,60,0.3554700016975403
10,visual,0.4365393817424774,Grocery,43,context_grounded_dynamic,False,60,0.4365393817424774
11,text,0.3780871629714966,Grocery,43,context_grounded_dynamic,False,60,0.3780871629714966
11,visual,0.4739888310432434,Grocery,43,context_grounded_dynamic,False,60,0.4739888310432434
12,text,0.39965498447418213,Grocery,43,context_grounded_dynamic,False,60,0.39965498447418213
12,visual,0.5110796093940735,Grocery,43,context_grounded_dynamic,False,60,0.5110796093940735
13,text,0.4205695688724518,Grocery,43,context_grounded_dynamic,False,60,0.4205695688724518
13,visual,0.5471284985542297,Grocery,43,context_grounded_dynamic,False,60,0.5471284985542297
14,text,0.44150811433792114,Grocery,43,context_grounded_dynamic,False,60,0.44150811433792114
14,visual,0.5820014476776123,Grocery,43,context_grounded_dynamic,False,60,0.5820014476776123
15,text,0.4609646201133728,Grocery,43,context_grounded_dynamic,False,60,0.4609646201133728
15,visual,0.6146945357322693,Grocery,43,context_grounded_dynamic,False,60,0.6146945357322693
16,text,0.4804181158542633,Grocery,43,context_grounded_dynamic,False,60,0.4804181158542633
16,visual,0.6461633443832397,Grocery,43,context_grounded_dynamic,False,60,0.6461633443832397
17,text,0.500289797782898,Grocery,43,context_grounded_dynamic,False,60,0.500289797782898
17,visual,0.6777235865592957,Grocery,43,context_grounded_dynamic,False,60,0.6777235865592957
18,text,0.5199046730995178,Grocery,43,context_grounded_dynamic,False,60,0.5199046730995178
18,visual,0.7083613276481628,Grocery,43,context_grounded_dynamic,False,60,0.7083613276481628
19,text,0.5399957299232483,Grocery,43,context_grounded_dynamic,False,60,0.5399957299232483
19,visual,0.7387647032737732,Grocery,43,context_grounded_dynamic,False,60,0.7387647032737732
20,text,0.5597493648529053,Grocery,43,context_grounded_dynamic,False,60,0.5597493648529053
20,visual,0.768743634223938,Grocery,43,context_grounded_dynamic,False,60,0.768743634223938
21,text,0.5797132849693298,Grocery,43,context_grounded_dynamic,False,60,0.5797132849693298
21,visual,0.7988278865814209,Grocery,43,context_grounded_dynamic,False,60,0.7988278865814209
22,text,0.5997929573059082,Grocery,43,context_grounded_dynamic,False,60,0.5997929573059082
22,visual,0.8284690976142883,Grocery,43,context_grounded_dynamic,False,60,0.8284690976142883
23,text,0.6201045513153076,Grocery,43,context_grounded_dynamic,False,60,0.6201045513153076
23,visual,0.8578525185585022,Grocery,43,context_grounded_dynamic,False,60,0.8578525185585022
24,text,0.6397295594215393,Grocery,43,context_grounded_dynamic,False,60,0.6397295594215393
24,visual,0.8872929215431213,Grocery,43,context_grounded_dynamic,False,60,0.8872929215431213
25,text,0.6598944067955017,Grocery,43,context_grounded_dynamic,False,60,0.6598944067955017
25,visual,0.9172862768173218,Grocery,43,context_grounded_dynamic,False,60,0.9172862768173218
26,text,0.6797978281974792,Grocery,43,context_grounded_dynamic,False,60,0.6797978281974792
26,visual,0.9464191198348999,Grocery,43,context_grounded_dynamic,False,60,0.9464191198348999
27,text,0.6997205018997192,Grocery,43,context_grounded_dynamic,False,60,0.6997205018997192
27,visual,0.9755818843841553,Grocery,43,context_grounded_dynamic,False,60,0.9755818843841553
28,text,0.7191105484962463,Grocery,43,context_grounded_dynamic,False,60,0.7191105484962463
28,visual,1.0047813653945923,Grocery,43,context_grounded_dynamic,False,60,1.0047813653945923
29,text,0.7376292943954468,Grocery,43,context_grounded_dynamic,False,60,0.7376292943954468
29,visual,1.0334497690200806,Grocery,43,context_grounded_dynamic,False,60,1.0334497690200806
30,text,0.7569897770881653,Grocery,43,context_grounded_dynamic,False,60,0.7569897770881653
30,visual,1.063031554222107,Grocery,43,context_grounded_dynamic,False,60,1.063031554222107
31,text,0.7768335938453674,Grocery,43,context_grounded_dynamic,False,60,0.7768335938453674
31,visual,1.0928094387054443,Grocery,43,context_grounded_dynamic,False,60,1.0928094387054443
32,text,0.7973607182502747,Grocery,43,context_grounded_dynamic,False,60,0.7973607182502747
32,visual,1.124650478363037,Grocery,43,context_grounded_dynamic,False,60,1.124650478363037
33,text,0.8159680366516113,Grocery,43,context_grounded_dynamic,False,60,0.8159680366516113
33,visual,1.1561484336853027,Grocery,43,context_grounded_dynamic,False,60,1.1561484336853027
34,text,0.8348989486694336,Grocery,43,context_grounded_dynamic,False,60,0.8348989486694336
34,visual,1.1880602836608887,Grocery,43,context_grounded_dynamic,False,60,1.1880602836608887
35,text,0.8551232814788818,Grocery,43,context_grounded_dynamic,False,60,0.8551232814788818
35,visual,1.2204612493515015,Grocery,43,context_grounded_dynamic,False,60,1.2204612493515015
36,text,0.8756324052810669,Grocery,43,context_grounded_dynamic,False,60,0.8756324052810669
36,visual,1.2535901069641113,Grocery,43,context_grounded_dynamic,False,60,1.2535901069641113
37,text,0.8962278962135315,Grocery,43,context_grounded_dynamic,False,60,0.8962278962135315
37,visual,1.287648320198059,Grocery,43,context_grounded_dynamic,False,60,1.287648320198059
38,text,0.9178007245063782,Grocery,43,context_grounded_dynamic,False,60,0.9178007245063782
38,visual,1.3213224411010742,Grocery,43,context_grounded_dynamic,False,60,1.3213224411010742
39,text,0.9399643540382385,Grocery,43,context_grounded_dynamic,False,60,0.9399643540382385
39,visual,1.3556312322616577,Grocery,43,context_grounded_dynamic,False,60,1.3556312322616577
40,text,0.9605787992477417,Grocery,43,context_grounded_dynamic,False,60,0.9605787992477417
40,visual,1.3900723457336426,Grocery,43,context_grounded_dynamic,False,60,1.3900723457336426
41,text,0.9827556014060974,Grocery,43,context_grounded_dynamic,False,60,0.9827556014060974
41,visual,1.4259564876556396,Grocery,43,context_grounded_dynamic,False,60,1.4259564876556396
42,text,1.0065022706985474,Grocery,43,context_grounded_dynamic,False,60,1.0065022706985474
42,visual,1.4607068300247192,Grocery,43,context_grounded_dynamic,False,60,1.4607068300247192
43,text,1.029236078262329,Grocery,43,context_grounded_dynamic,False,60,1.029236078262329
43,visual,1.4946882724761963,Grocery,43,context_grounded_dynamic,False,60,1.4946882724761963
44,text,1.0539586544036865,Grocery,43,context_grounded_dynamic,False,60,1.0539586544036865
44,visual,1.5267047882080078,Grocery,43,context_grounded_dynamic,False,60,1.5267047882080078
45,text,1.080927848815918,Grocery,43,context_grounded_dynamic,False,60,1.080927848815918
45,visual,1.558828353881836,Grocery,43,context_grounded_dynamic,False,60,1.558828353881836
46,text,1.1092703342437744,Grocery,43,context_grounded_dynamic,False,60,1.1092703342437744
46,visual,1.5887303352355957,Grocery,43,context_grounded_dynamic,False,60,1.5887303352355957
47,text,1.1385608911514282,Grocery,43,context_grounded_dynamic,False,60,1.1385608911514282
47,visual,1.618372917175293,Grocery,43,context_grounded_dynamic,False,60,1.618372917175293
48,text,1.1665712594985962,Grocery,43,context_grounded_dynamic,False,60,1.1665712594985962
48,visual,1.6475567817687988,Grocery,43,context_grounded_dynamic,False,60,1.6475567817687988
49,text,1.1945772171020508,Grocery,43,context_grounded_dynamic,False,60,1.1945772171020508
49,visual,1.6766810417175293,Grocery,43,context_grounded_dynamic,False,60,1.6766810417175293
50,text,1.2234761714935303,Grocery,43,context_grounded_dynamic,False,60,1.2234761714935303
50,visual,1.70595121383667,Grocery,43,context_grounded_dynamic,False,60,1.70595121383667
51,text,1.2513599395751953,Grocery,43,context_grounded_dynamic,False,60,1.2513599395751953
51,visual,1.7335675954818726,Grocery,43,context_grounded_dynamic,False,60,1.7335675954818726
52,text,1.2795311212539673,Grocery,43,context_grounded_dynamic,False,60,1.2795311212539673
52,visual,1.761031150817871,Grocery,43,context_grounded_dynamic,False,60,1.761031150817871
53,text,1.30766761302948,Grocery,43,context_grounded_dynamic,False,60,1.30766761302948
53,visual,1.7901394367218018,Grocery,43,context_grounded_dynamic,False,60,1.7901394367218018
54,text,1.334254264831543,Grocery,43,context_grounded_dynamic,False,60,1.334254264831543
54,visual,1.8185927867889404,Grocery,43,context_grounded_dynamic,False,60,1.8185927867889404
55,text,1.3612335920333862,Grocery,43,context_grounded_dynamic,False,60,1.3612335920333862
55,visual,1.8467369079589844,Grocery,43,context_grounded_dynamic,False,60,1.8467369079589844
56,text,1.3875982761383057,Grocery,43,context_grounded_dynamic,False,60,1.3875982761383057
56,visual,1.8739408254623413,Grocery,43,context_grounded_dynamic,False,60,1.8739408254623413
57,text,1.4126728773117065,Grocery,43,context_grounded_dynamic,False,60,1.4126728773117065
57,visual,1.9002768993377686,Grocery,43,context_grounded_dynamic,False,60,1.9002768993377686
58,text,1.4395450353622437,Grocery,43,context_grounded_dynamic,False,60,1.4395450353622437
58,visual,1.9259430170059204,Grocery,43,context_grounded_dynamic,False,60,1.9259430170059204
59,text,1.465229868888855,Grocery,43,context_grounded_dynamic,False,60,1.465229868888855
59,visual,1.94978928565979,Grocery,43,context_grounded_dynamic,False,60,1.94978928565979
60,text,1.4915560483932495,Grocery,43,context_grounded_dynamic,True,60,1.4915560483932495
60,visual,1.9726407527923584,Grocery,43,context_grounded_dynamic,True,60,1.9726407527923584
61,text,1.5133687257766724,Grocery,43,context_grounded_dynamic,False,60,1.5133687257766724
61,visual,1.9944201707839966,Grocery,43,context_grounded_dynamic,False,60,1.9944201707839966
62,text,1.5323437452316284,Grocery,43,context_grounded_dynamic,False,60,1.5323437452316284
62,visual,2.0140461921691895,Grocery,43,context_grounded_dynamic,False,60,2.0140461921691895
63,text,1.5493732690811157,Grocery,43,context_grounded_dynamic,False,60,1.5493732690811157
63,visual,2.0323731899261475,Grocery,43,context_grounded_dynamic,False,60,2.0323731899261475
64,text,1.5684775114059448,Grocery,43,context_grounded_dynamic,False,60,1.5684775114059448
64,visual,2.050895929336548,Grocery,43,context_grounded_dynamic,False,60,2.050895929336548
65,text,1.589024543762207,Grocery,43,context_grounded_dynamic,False,60,1.589024543762207
65,visual,2.069359540939331,Grocery,43,context_grounded_dynamic,False,60,2.069359540939331
66,text,1.610249400138855,Grocery,43,context_grounded_dynamic,False,60,1.610249400138855
66,visual,2.08856201171875,Grocery,43,context_grounded_dynamic,False,60,2.08856201171875
67,text,1.6286280155181885,Grocery,43,context_grounded_dynamic,False,60,1.6286280155181885
67,visual,2.10727596282959,Grocery,43,context_grounded_dynamic,False,60,2.10727596282959
68,text,1.6453369855880737,Grocery,43,context_grounded_dynamic,False,60,1.6453369855880737
68,visual,2.1257271766662598,Grocery,43,context_grounded_dynamic,False,60,2.1257271766662598
69,text,1.6635172367095947,Grocery,43,context_grounded_dynamic,False,60,1.6635172367095947
69,visual,2.144040822982788,Grocery,43,context_grounded_dynamic,False,60,2.144040822982788
70,text,1.684293270111084,Grocery,43,context_grounded_dynamic,False,60,1.684293270111084
70,visual,2.1611521244049072,Grocery,43,context_grounded_dynamic,False,60,2.1611521244049072
71,text,1.704252004623413,Grocery,43,context_grounded_dynamic,False,60,1.704252004623413
71,visual,2.1776134967803955,Grocery,43,context_grounded_dynamic,False,60,2.1776134967803955
72,text,1.724670648574829,Grocery,43,context_grounded_dynamic,False,60,1.724670648574829
72,visual,2.194598913192749,Grocery,43,context_grounded_dynamic,False,60,2.194598913192749
73,text,1.7433476448059082,Grocery,43,context_grounded_dynamic,False,60,1.7433476448059082
73,visual,2.2113215923309326,Grocery,43,context_grounded_dynamic,False,60,2.2113215923309326
74,text,1.762012004852295,Grocery,43,context_grounded_dynamic,False,60,1.762012004852295
74,visual,2.2270421981811523,Grocery,43,context_grounded_dynamic,False,60,2.2270421981811523
75,text,1.7801213264465332,Grocery,43,context_grounded_dynamic,False,60,1.7801213264465332
75,visual,2.242311477661133,Grocery,43,context_grounded_dynamic,False,60,2.242311477661133
76,text,1.7959694862365723,Grocery,43,context_grounded_dynamic,False,60,1.7959694862365723
76,visual,2.2573938369750977,Grocery,43,context_grounded_dynamic,False,60,2.2573938369750977
77,text,1.8110321760177612,Grocery,43,context_grounded_dynamic,False,60,1.8110321760177612
77,visual,2.272732734680176,Grocery,43,context_grounded_dynamic,False,60,2.272732734680176
78,text,1.8281595706939697,Grocery,43,context_grounded_dynamic,False,60,1.8281595706939697
78,visual,2.2873458862304688,Grocery,43,context_grounded_dynamic,False,60,2.2873458862304688
79,text,1.8446006774902344,Grocery,43,context_grounded_dynamic,False,60,1.8446006774902344
79,visual,2.3009421825408936,Grocery,43,context_grounded_dynamic,False,60,2.3009421825408936
80,text,1.858496069908142,Grocery,43,context_grounded_dynamic,False,60,1.858496069908142
80,visual,2.3148765563964844,Grocery,43,context_grounded_dynamic,False,60,2.3148765563964844
81,text,1.8723337650299072,Grocery,43,context_grounded_dynamic,False,60,1.8723337650299072
81,visual,2.328188419342041,Grocery,43,context_grounded_dynamic,False,60,2.328188419342041
82,text,1.8871188163757324,Grocery,43,context_grounded_dynamic,False,60,1.8871188163757324
82,visual,2.3424110412597656,Grocery,43,context_grounded_dynamic,False,60,2.3424110412597656
83,text,1.8982514142990112,Grocery,43,context_grounded_dynamic,False,60,1.8982514142990112
83,visual,2.355057954788208,Grocery,43,context_grounded_dynamic,False,60,2.355057954788208
84,text,1.9085886478424072,Grocery,43,context_grounded_dynamic,False,60,1.9085886478424072
84,visual,2.3658804893493652,Grocery,43,context_grounded_dynamic,False,60,2.3658804893493652
85,text,1.9214328527450562,Grocery,43,context_grounded_dynamic,False,60,1.9214328527450562
85,visual,2.3761253356933594,Grocery,43,context_grounded_dynamic,False,60,2.3761253356933594
86,text,1.9364808797836304,Grocery,43,context_grounded_dynamic,False,60,1.9364808797836304
86,visual,2.3868579864501953,Grocery,43,context_grounded_dynamic,False,60,2.3868579864501953
87,text,1.9486007690429688,Grocery,43,context_grounded_dynamic,False,60,1.9486007690429688
87,visual,2.396902084350586,Grocery,43,context_grounded_dynamic,False,60,2.396902084350586
88,text,1.958051085472107,Grocery,43,context_grounded_dynamic,False,60,1.958051085472107
88,visual,2.40779709815979,Grocery,43,context_grounded_dynamic,False,60,2.40779709815979
89,text,1.9687803983688354,Grocery,43,context_grounded_dynamic,False,60,1.9687803983688354
89,visual,2.4186055660247803,Grocery,43,context_grounded_dynamic,False,60,2.4186055660247803
90,text,1.9815231561660767,Grocery,43,context_grounded_dynamic,False,60,1.9815231561660767
90,visual,2.4293205738067627,Grocery,43,context_grounded_dynamic,False,60,2.4293205738067627
1,text,0.08985497057437897,Grocery,44,global_grounded_dynamic,False,101,0.08985497057437897
1,visual,0.08947845548391342,Grocery,44,global_grounded_dynamic,False,101,0.08947845548391342
2,text,0.1365080326795578,Grocery,44,global_grounded_dynamic,False,101,0.1365080326795578
2,visual,0.13676485419273376,Grocery,44,global_grounded_dynamic,False,101,0.13676485419273376
3,text,0.17089101672172546,Grocery,44,global_grounded_dynamic,False,101,0.17089101672172546
3,visual,0.17332054674625397,Grocery,44,global_grounded_dynamic,False,101,0.17332054674625397
4,text,0.20190462470054626,Grocery,44,global_grounded_dynamic,False,101,0.20190462470054626
4,visual,0.2093382179737091,Grocery,44,global_grounded_dynamic,False,101,0.2093382179737091
5,text,0.22855690121650696,Grocery,44,global_grounded_dynamic,False,101,0.22855690121650696
5,visual,0.2442307025194168,Grocery,44,global_grounded_dynamic,False,101,0.2442307025194168
6,text,0.2527081370353699,Grocery,44,global_grounded_dynamic,False,101,0.2527081370353699
6,visual,0.280423104763031,Grocery,44,global_grounded_dynamic,False,101,0.280423104763031
7,text,0.2752956449985504,Grocery,44,global_grounded_dynamic,False,101,0.2752956449985504
7,visual,0.3181018531322479,Grocery,44,global_grounded_dynamic,False,101,0.3181018531322479
8,text,0.2955227792263031,Grocery,44,global_grounded_dynamic,False,101,0.2955227792263031
8,visual,0.3527877628803253,Grocery,44,global_grounded_dynamic,False,101,0.3527877628803253
9,text,0.3132063150405884,Grocery,44,global_grounded_dynamic,False,101,0.3132063150405884
9,visual,0.38672497868537903,Grocery,44,global_grounded_dynamic,False,101,0.38672497868537903
10,text,0.3306140601634979,Grocery,44,global_grounded_dynamic,False,101,0.3306140601634979
10,visual,0.42036178708076477,Grocery,44,global_grounded_dynamic,False,101,0.42036178708076477
11,text,0.34778937697410583,Grocery,44,global_grounded_dynamic,False,101,0.34778937697410583
11,visual,0.45339879393577576,Grocery,44,global_grounded_dynamic,False,101,0.45339879393577576
12,text,0.3645166754722595,Grocery,44,global_grounded_dynamic,False,101,0.3645166754722595
12,visual,0.48614901304244995,Grocery,44,global_grounded_dynamic,False,101,0.48614901304244995
13,text,0.3806837499141693,Grocery,44,global_grounded_dynamic,False,101,0.3806837499141693
13,visual,0.5191512703895569,Grocery,44,global_grounded_dynamic,False,101,0.5191512703895569
14,text,0.39698928594589233,Grocery,44,global_grounded_dynamic,False,101,0.39698928594589233
14,visual,0.5526531934738159,Grocery,44,global_grounded_dynamic,False,101,0.5526531934738159
15,text,0.4133799374103546,Grocery,44,global_grounded_dynamic,False,101,0.4133799374103546
15,visual,0.5854108929634094,Grocery,44,global_grounded_dynamic,False,101,0.5854108929634094
16,text,0.42897480726242065,Grocery,44,global_grounded_dynamic,False,101,0.42897480726242065
16,visual,0.6174538731575012,Grocery,44,global_grounded_dynamic,False,101,0.6174538731575012
17,text,0.44374215602874756,Grocery,44,global_grounded_dynamic,False,101,0.44374215602874756
17,visual,0.648711621761322,Grocery,44,global_grounded_dynamic,False,101,0.648711621761322
18,text,0.45830845832824707,Grocery,44,global_grounded_dynamic,False,101,0.45830845832824707
18,visual,0.6778601408004761,Grocery,44,global_grounded_dynamic,False,101,0.6778601408004761
19,text,0.4723278880119324,Grocery,44,global_grounded_dynamic,False,101,0.4723278880119324
19,visual,0.7055851221084595,Grocery,44,global_grounded_dynamic,False,101,0.7055851221084595
20,text,0.4860672056674957,Grocery,44,global_grounded_dynamic,False,101,0.4860672056674957
20,visual,0.7318413257598877,Grocery,44,global_grounded_dynamic,False,101,0.7318413257598877
21,text,0.49953436851501465,Grocery,44,global_grounded_dynamic,False,101,0.49953436851501465
21,visual,0.7560200691223145,Grocery,44,global_grounded_dynamic,False,101,0.7560200691223145
22,text,0.5121021270751953,Grocery,44,global_grounded_dynamic,False,101,0.5121021270751953
22,visual,0.7785026431083679,Grocery,44,global_grounded_dynamic,False,101,0.7785026431083679
23,text,0.5242885947227478,Grocery,44,global_grounded_dynamic,False,101,0.5242885947227478
23,visual,0.8001349568367004,Grocery,44,global_grounded_dynamic,False,101,0.8001349568367004
24,text,0.5364952087402344,Grocery,44,global_grounded_dynamic,False,101,0.5364952087402344
24,visual,0.8197158575057983,Grocery,44,global_grounded_dynamic,False,101,0.8197158575057983
25,text,0.5486246347427368,Grocery,44,global_grounded_dynamic,False,101,0.5486246347427368
25,visual,0.838148295879364,Grocery,44,global_grounded_dynamic,False,101,0.838148295879364
26,text,0.561216413974762,Grocery,44,global_grounded_dynamic,False,101,0.561216413974762
26,visual,0.8558403253555298,Grocery,44,global_grounded_dynamic,False,101,0.8558403253555298
27,text,0.5739909410476685,Grocery,44,global_grounded_dynamic,False,101,0.5739909410476685
27,visual,0.8718556761741638,Grocery,44,global_grounded_dynamic,False,101,0.8718556761741638
28,text,0.5873513221740723,Grocery,44,global_grounded_dynamic,False,101,0.5873513221740723
28,visual,0.8874432444572449,Grocery,44,global_grounded_dynamic,False,101,0.8874432444572449
29,text,0.6007741689682007,Grocery,44,global_grounded_dynamic,False,101,0.6007741689682007
29,visual,0.9024372100830078,Grocery,44,global_grounded_dynamic,False,101,0.9024372100830078
30,text,0.61429363489151,Grocery,44,global_grounded_dynamic,False,101,0.61429363489151
30,visual,0.9166717529296875,Grocery,44,global_grounded_dynamic,False,101,0.9166717529296875
31,text,0.6279078722000122,Grocery,44,global_grounded_dynamic,False,101,0.6279078722000122
31,visual,0.9309667348861694,Grocery,44,global_grounded_dynamic,False,101,0.9309667348861694
32,text,0.6420171856880188,Grocery,44,global_grounded_dynamic,False,101,0.6420171856880188
32,visual,0.9455968141555786,Grocery,44,global_grounded_dynamic,False,101,0.9455968141555786
33,text,0.6556556820869446,Grocery,44,global_grounded_dynamic,False,101,0.6556556820869446
33,visual,0.9590575098991394,Grocery,44,global_grounded_dynamic,False,101,0.9590575098991394
34,text,0.6685615181922913,Grocery,44,global_grounded_dynamic,False,101,0.6685615181922913
34,visual,0.971298098564148,Grocery,44,global_grounded_dynamic,False,101,0.971298098564148
35,text,0.6814530491828918,Grocery,44,global_grounded_dynamic,False,101,0.6814530491828918
35,visual,0.9831411242485046,Grocery,44,global_grounded_dynamic,False,101,0.9831411242485046
36,text,0.6943257451057434,Grocery,44,global_grounded_dynamic,False,101,0.6943257451057434
36,visual,0.9943947792053223,Grocery,44,global_grounded_dynamic,False,101,0.9943947792053223
37,text,0.7067735195159912,Grocery,44,global_grounded_dynamic,False,101,0.7067735195159912
37,visual,1.0049593448638916,Grocery,44,global_grounded_dynamic,False,101,1.0049593448638916
38,text,0.7187949419021606,Grocery,44,global_grounded_dynamic,False,101,0.7187949419021606
38,visual,1.0148872137069702,Grocery,44,global_grounded_dynamic,False,101,1.0148872137069702
39,text,0.7305811047554016,Grocery,44,global_grounded_dynamic,False,101,0.7305811047554016
39,visual,1.0242332220077515,Grocery,44,global_grounded_dynamic,False,101,1.0242332220077515
40,text,0.7418428659439087,Grocery,44,global_grounded_dynamic,False,101,0.7418428659439087
40,visual,1.0332973003387451,Grocery,44,global_grounded_dynamic,False,101,1.0332973003387451
41,text,0.753130316734314,Grocery,44,global_grounded_dynamic,False,101,0.753130316734314
41,visual,1.042353868484497,Grocery,44,global_grounded_dynamic,False,101,1.042353868484497
42,text,0.7648541331291199,Grocery,44,global_grounded_dynamic,False,101,0.7648541331291199
42,visual,1.0501447916030884,Grocery,44,global_grounded_dynamic,False,101,1.0501447916030884
43,text,0.7762854695320129,Grocery,44,global_grounded_dynamic,False,101,0.7762854695320129
43,visual,1.0576204061508179,Grocery,44,global_grounded_dynamic,False,101,1.0576204061508179
44,text,0.786741316318512,Grocery,44,global_grounded_dynamic,False,101,0.786741316318512
44,visual,1.0652666091918945,Grocery,44,global_grounded_dynamic,False,101,1.0652666091918945
45,text,0.7970166206359863,Grocery,44,global_grounded_dynamic,False,101,0.7970166206359863
45,visual,1.0728871822357178,Grocery,44,global_grounded_dynamic,False,101,1.0728871822357178
46,text,0.80760657787323,Grocery,44,global_grounded_dynamic,False,101,0.80760657787323
46,visual,1.079761028289795,Grocery,44,global_grounded_dynamic,False,101,1.079761028289795
47,text,0.8178404569625854,Grocery,44,global_grounded_dynamic,False,101,0.8178404569625854
47,visual,1.0864629745483398,Grocery,44,global_grounded_dynamic,False,101,1.0864629745483398
48,text,0.8281891345977783,Grocery,44,global_grounded_dynamic,False,101,0.8281891345977783
48,visual,1.0930951833724976,Grocery,44,global_grounded_dynamic,False,101,1.0930951833724976
49,text,0.8388547301292419,Grocery,44,global_grounded_dynamic,False,101,0.8388547301292419
49,visual,1.0998328924179077,Grocery,44,global_grounded_dynamic,False,101,1.0998328924179077
50,text,0.8497228622436523,Grocery,44,global_grounded_dynamic,False,101,0.8497228622436523
50,visual,1.1065551042556763,Grocery,44,global_grounded_dynamic,False,101,1.1065551042556763
51,text,0.8604035973548889,Grocery,44,global_grounded_dynamic,False,101,0.8604035973548889
51,visual,1.1124001741409302,Grocery,44,global_grounded_dynamic,False,101,1.1124001741409302
52,text,0.8708159923553467,Grocery,44,global_grounded_dynamic,False,101,0.8708159923553467
52,visual,1.118109107017517,Grocery,44,global_grounded_dynamic,False,101,1.118109107017517
53,text,0.8807984590530396,Grocery,44,global_grounded_dynamic,False,101,0.8807984590530396
53,visual,1.1238113641738892,Grocery,44,global_grounded_dynamic,False,101,1.1238113641738892
54,text,0.8905127048492432,Grocery,44,global_grounded_dynamic,False,101,0.8905127048492432
54,visual,1.1293615102767944,Grocery,44,global_grounded_dynamic,False,101,1.1293615102767944
55,text,0.899742841720581,Grocery,44,global_grounded_dynamic,False,101,0.899742841720581
55,visual,1.1346368789672852,Grocery,44,global_grounded_dynamic,False,101,1.1346368789672852
56,text,0.9084076881408691,Grocery,44,global_grounded_dynamic,False,101,0.9084076881408691
56,visual,1.1393128633499146,Grocery,44,global_grounded_dynamic,False,101,1.1393128633499146
57,text,0.9173904061317444,Grocery,44,global_grounded_dynamic,False,101,0.9173904061317444
57,visual,1.1435142755508423,Grocery,44,global_grounded_dynamic,False,101,1.1435142755508423
58,text,0.9265592098236084,Grocery,44,global_grounded_dynamic,False,101,0.9265592098236084
58,visual,1.1480035781860352,Grocery,44,global_grounded_dynamic,False,101,1.1480035781860352
59,text,0.9345992803573608,Grocery,44,global_grounded_dynamic,False,101,0.9345992803573608
59,visual,1.1528583765029907,Grocery,44,global_grounded_dynamic,False,101,1.1528583765029907
60,text,0.9427421689033508,Grocery,44,global_grounded_dynamic,False,101,0.9427421689033508
60,visual,1.1574206352233887,Grocery,44,global_grounded_dynamic,False,101,1.1574206352233887
61,text,0.9509867429733276,Grocery,44,global_grounded_dynamic,False,101,0.9509867429733276
61,visual,1.161671757698059,Grocery,44,global_grounded_dynamic,False,101,1.161671757698059
62,text,0.9593929052352905,Grocery,44,global_grounded_dynamic,False,101,0.9593929052352905
62,visual,1.166110873222351,Grocery,44,global_grounded_dynamic,False,101,1.166110873222351
63,text,0.9675695300102234,Grocery,44,global_grounded_dynamic,False,101,0.9675695300102234
63,visual,1.1703367233276367,Grocery,44,global_grounded_dynamic,False,101,1.1703367233276367
64,text,0.9751994609832764,Grocery,44,global_grounded_dynamic,False,101,0.9751994609832764
64,visual,1.1748614311218262,Grocery,44,global_grounded_dynamic,False,101,1.1748614311218262
65,text,0.9824114441871643,Grocery,44,global_grounded_dynamic,False,101,0.9824114441871643
65,visual,1.179174780845642,Grocery,44,global_grounded_dynamic,False,101,1.179174780845642
66,text,0.9897565245628357,Grocery,44,global_grounded_dynamic,False,101,0.9897565245628357
66,visual,1.1832199096679688,Grocery,44,global_grounded_dynamic,False,101,1.1832199096679688
67,text,0.9970760941505432,Grocery,44,global_grounded_dynamic,False,101,0.9970760941505432
67,visual,1.1874423027038574,Grocery,44,global_grounded_dynamic,False,101,1.1874423027038574
68,text,1.0045149326324463,Grocery,44,global_grounded_dynamic,False,101,1.0045149326324463
68,visual,1.191447377204895,Grocery,44,global_grounded_dynamic,False,101,1.191447377204895
69,text,1.0122390985488892,Grocery,44,global_grounded_dynamic,False,101,1.0122390985488892
69,visual,1.1957921981811523,Grocery,44,global_grounded_dynamic,False,101,1.1957921981811523
70,text,1.0199716091156006,Grocery,44,global_grounded_dynamic,False,101,1.0199716091156006
70,visual,1.1996616125106812,Grocery,44,global_grounded_dynamic,False,101,1.1996616125106812
71,text,1.0272140502929688,Grocery,44,global_grounded_dynamic,False,101,1.0272140502929688
71,visual,1.2034510374069214,Grocery,44,global_grounded_dynamic,False,101,1.2034510374069214
72,text,1.0353493690490723,Grocery,44,global_grounded_dynamic,False,101,1.0353493690490723
72,visual,1.2076040506362915,Grocery,44,global_grounded_dynamic,False,101,1.2076040506362915
73,text,1.0437260866165161,Grocery,44,global_grounded_dynamic,False,101,1.0437260866165161
73,visual,1.2115435600280762,Grocery,44,global_grounded_dynamic,False,101,1.2115435600280762
74,text,1.0521445274353027,Grocery,44,global_grounded_dynamic,False,101,1.0521445274353027
74,visual,1.2157272100448608,Grocery,44,global_grounded_dynamic,False,101,1.2157272100448608
75,text,1.0610039234161377,Grocery,44,global_grounded_dynamic,False,101,1.0610039234161377
75,visual,1.2194339036941528,Grocery,44,global_grounded_dynamic,False,101,1.2194339036941528
76,text,1.069750189781189,Grocery,44,global_grounded_dynamic,False,101,1.069750189781189
76,visual,1.2235437631607056,Grocery,44,global_grounded_dynamic,False,101,1.2235437631607056
77,text,1.0777050256729126,Grocery,44,global_grounded_dynamic,False,101,1.0777050256729126
77,visual,1.227304220199585,Grocery,44,global_grounded_dynamic,False,101,1.227304220199585
78,text,1.0856255292892456,Grocery,44,global_grounded_dynamic,False,101,1.0856255292892456
78,visual,1.2309448719024658,Grocery,44,global_grounded_dynamic,False,101,1.2309448719024658
79,text,1.0933666229248047,Grocery,44,global_grounded_dynamic,False,101,1.0933666229248047
79,visual,1.2347654104232788,Grocery,44,global_grounded_dynamic,False,101,1.2347654104232788
80,text,1.1010857820510864,Grocery,44,global_grounded_dynamic,False,101,1.1010857820510864
80,visual,1.2384268045425415,Grocery,44,global_grounded_dynamic,False,101,1.2384268045425415
81,text,1.10874605178833,Grocery,44,global_grounded_dynamic,False,101,1.10874605178833
81,visual,1.241741418838501,Grocery,44,global_grounded_dynamic,False,101,1.241741418838501
82,text,1.1165990829467773,Grocery,44,global_grounded_dynamic,False,101,1.1165990829467773
82,visual,1.245428442955017,Grocery,44,global_grounded_dynamic,False,101,1.245428442955017
83,text,1.1248881816864014,Grocery,44,global_grounded_dynamic,False,101,1.1248881816864014
83,visual,1.2496166229248047,Grocery,44,global_grounded_dynamic,False,101,1.2496166229248047
84,text,1.1328564882278442,Grocery,44,global_grounded_dynamic,False,101,1.1328564882278442
84,visual,1.2533093690872192,Grocery,44,global_grounded_dynamic,False,101,1.2533093690872192
85,text,1.1409790515899658,Grocery,44,global_grounded_dynamic,False,101,1.1409790515899658
85,visual,1.2567811012268066,Grocery,44,global_grounded_dynamic,False,101,1.2567811012268066
86,text,1.149155616760254,Grocery,44,global_grounded_dynamic,False,101,1.149155616760254
86,visual,1.2609285116195679,Grocery,44,global_grounded_dynamic,False,101,1.2609285116195679
87,text,1.1568644046783447,Grocery,44,global_grounded_dynamic,False,101,1.1568644046783447
87,visual,1.2646875381469727,Grocery,44,global_grounded_dynamic,False,101,1.2646875381469727
88,text,1.1639755964279175,Grocery,44,global_grounded_dynamic,False,101,1.1639755964279175
88,visual,1.2685184478759766,Grocery,44,global_grounded_dynamic,False,101,1.2685184478759766
89,text,1.1713498830795288,Grocery,44,global_grounded_dynamic,False,101,1.1713498830795288
89,visual,1.2721651792526245,Grocery,44,global_grounded_dynamic,False,101,1.2721651792526245
90,text,1.1789262294769287,Grocery,44,global_grounded_dynamic,False,101,1.1789262294769287
90,visual,1.2759557962417603,Grocery,44,global_grounded_dynamic,False,101,1.2759557962417603
91,text,1.185841679573059,Grocery,44,global_grounded_dynamic,False,101,1.185841679573059
91,visual,1.2796591520309448,Grocery,44,global_grounded_dynamic,False,101,1.2796591520309448
92,text,1.1926887035369873,Grocery,44,global_grounded_dynamic,False,101,1.1926887035369873
92,visual,1.2830846309661865,Grocery,44,global_grounded_dynamic,False,101,1.2830846309661865
93,text,1.1996318101882935,Grocery,44,global_grounded_dynamic,False,101,1.1996318101882935
93,visual,1.2868776321411133,Grocery,44,global_grounded_dynamic,False,101,1.2868776321411133
94,text,1.206969141960144,Grocery,44,global_grounded_dynamic,False,101,1.206969141960144
94,visual,1.2907285690307617,Grocery,44,global_grounded_dynamic,False,101,1.2907285690307617
95,text,1.2142360210418701,Grocery,44,global_grounded_dynamic,False,101,1.2142360210418701
95,visual,1.2939045429229736,Grocery,44,global_grounded_dynamic,False,101,1.2939045429229736
96,text,1.2214776277542114,Grocery,44,global_grounded_dynamic,False,101,1.2214776277542114
96,visual,1.2970341444015503,Grocery,44,global_grounded_dynamic,False,101,1.2970341444015503
97,text,1.2285995483398438,Grocery,44,global_grounded_dynamic,False,101,1.2285995483398438
97,visual,1.3005856275558472,Grocery,44,global_grounded_dynamic,False,101,1.3005856275558472
98,text,1.2367554903030396,Grocery,44,global_grounded_dynamic,False,101,1.2367554903030396
98,visual,1.3043173551559448,Grocery,44,global_grounded_dynamic,False,101,1.3043173551559448
99,text,1.2445803880691528,Grocery,44,global_grounded_dynamic,False,101,1.2445803880691528
99,visual,1.3077200651168823,Grocery,44,global_grounded_dynamic,False,101,1.3077200651168823
100,text,1.2520335912704468,Grocery,44,global_grounded_dynamic,False,101,1.2520335912704468
100,visual,1.3107823133468628,Grocery,44,global_grounded_dynamic,False,101,1.3107823133468628
101,text,1.2593907117843628,Grocery,44,global_grounded_dynamic,True,101,1.2593907117843628
101,visual,1.314439058303833,Grocery,44,global_grounded_dynamic,True,101,1.314439058303833
102,text,1.266692042350769,Grocery,44,global_grounded_dynamic,False,101,1.266692042350769
102,visual,1.3180783987045288,Grocery,44,global_grounded_dynamic,False,101,1.3180783987045288
103,text,1.2736464738845825,Grocery,44,global_grounded_dynamic,False,101,1.2736464738845825
103,visual,1.3211374282836914,Grocery,44,global_grounded_dynamic,False,101,1.3211374282836914
104,text,1.2799110412597656,Grocery,44,global_grounded_dynamic,False,101,1.2799110412597656
104,visual,1.3244107961654663,Grocery,44,global_grounded_dynamic,False,101,1.3244107961654663
105,text,1.2858675718307495,Grocery,44,global_grounded_dynamic,False,101,1.2858675718307495
105,visual,1.3277591466903687,Grocery,44,global_grounded_dynamic,False,101,1.3277591466903687
106,text,1.2920185327529907,Grocery,44,global_grounded_dynamic,False,101,1.2920185327529907
106,visual,1.331099510192871,Grocery,44,global_grounded_dynamic,False,101,1.331099510192871
107,text,1.2984619140625,Grocery,44,global_grounded_dynamic,False,101,1.2984619140625
107,visual,1.334368348121643,Grocery,44,global_grounded_dynamic,False,101,1.334368348121643
108,text,1.3046839237213135,Grocery,44,global_grounded_dynamic,False,101,1.3046839237213135
108,visual,1.3371593952178955,Grocery,44,global_grounded_dynamic,False,101,1.3371593952178955
109,text,1.3100751638412476,Grocery,44,global_grounded_dynamic,False,101,1.3100751638412476
109,visual,1.339965581893921,Grocery,44,global_grounded_dynamic,False,101,1.339965581893921
110,text,1.315136432647705,Grocery,44,global_grounded_dynamic,False,101,1.315136432647705
110,visual,1.342922568321228,Grocery,44,global_grounded_dynamic,False,101,1.342922568321228
111,text,1.3197153806686401,Grocery,44,global_grounded_dynamic,False,101,1.3197153806686401
111,visual,1.3451390266418457,Grocery,44,global_grounded_dynamic,False,101,1.3451390266418457
112,text,1.3239003419876099,Grocery,44,global_grounded_dynamic,False,101,1.3239003419876099
112,visual,1.3467811346054077,Grocery,44,global_grounded_dynamic,False,101,1.3467811346054077
113,text,1.327800989151001,Grocery,44,global_grounded_dynamic,False,101,1.327800989151001
113,visual,1.3484700918197632,Grocery,44,global_grounded_dynamic,False,101,1.3484700918197632
114,text,1.3320261240005493,Grocery,44,global_grounded_dynamic,False,101,1.3320261240005493
114,visual,1.3501383066177368,Grocery,44,global_grounded_dynamic,False,101,1.3501383066177368
115,text,1.3364392518997192,Grocery,44,global_grounded_dynamic,False,101,1.3364392518997192
115,visual,1.35171377658844,Grocery,44,global_grounded_dynamic,False,101,1.35171377658844
116,text,1.3406946659088135,Grocery,44,global_grounded_dynamic,False,101,1.3406946659088135
116,visual,1.3531934022903442,Grocery,44,global_grounded_dynamic,False,101,1.3531934022903442
117,text,1.3446141481399536,Grocery,44,global_grounded_dynamic,False,101,1.3446141481399536
117,visual,1.3551565408706665,Grocery,44,global_grounded_dynamic,False,101,1.3551565408706665
118,text,1.3483669757843018,Grocery,44,global_grounded_dynamic,False,101,1.3483669757843018
118,visual,1.3574460744857788,Grocery,44,global_grounded_dynamic,False,101,1.3574460744857788
119,text,1.352332353591919,Grocery,44,global_grounded_dynamic,False,101,1.352332353591919
119,visual,1.3596035242080688,Grocery,44,global_grounded_dynamic,False,101,1.3596035242080688
120,text,1.3566181659698486,Grocery,44,global_grounded_dynamic,False,101,1.3566181659698486
120,visual,1.3618212938308716,Grocery,44,global_grounded_dynamic,False,101,1.3618212938308716
121,text,1.360884428024292,Grocery,44,global_grounded_dynamic,False,101,1.360884428024292
121,visual,1.3641719818115234,Grocery,44,global_grounded_dynamic,False,101,1.3641719818115234
122,text,1.3651832342147827,Grocery,44,global_grounded_dynamic,False,101,1.3651832342147827
122,visual,1.3661935329437256,Grocery,44,global_grounded_dynamic,False,101,1.3661935329437256
123,text,1.3695297241210938,Grocery,44,global_grounded_dynamic,False,101,1.3695297241210938
123,visual,1.3685226440429688,Grocery,44,global_grounded_dynamic,False,101,1.3685226440429688
124,text,1.3739442825317383,Grocery,44,global_grounded_dynamic,False,101,1.3739442825317383
124,visual,1.3712953329086304,Grocery,44,global_grounded_dynamic,False,101,1.3712953329086304
125,text,1.3778784275054932,Grocery,44,global_grounded_dynamic,False,101,1.3778784275054932
125,visual,1.3738980293273926,Grocery,44,global_grounded_dynamic,False,101,1.3738980293273926
126,text,1.381788730621338,Grocery,44,global_grounded_dynamic,False,101,1.381788730621338
126,visual,1.3765960931777954,Grocery,44,global_grounded_dynamic,False,101,1.3765960931777954
127,text,1.3864166736602783,Grocery,44,global_grounded_dynamic,False,101,1.3864166736602783
127,visual,1.3793079853057861,Grocery,44,global_grounded_dynamic,False,101,1.3793079853057861
128,text,1.3916594982147217,Grocery,44,global_grounded_dynamic,False,101,1.3916594982147217
128,visual,1.3822349309921265,Grocery,44,global_grounded_dynamic,False,101,1.3822349309921265
129,text,1.3972769975662231,Grocery,44,global_grounded_dynamic,False,101,1.3972769975662231
129,visual,1.3850589990615845,Grocery,44,global_grounded_dynamic,False,101,1.3850589990615845
130,text,1.4022340774536133,Grocery,44,global_grounded_dynamic,False,101,1.4022340774536133
130,visual,1.3878363370895386,Grocery,44,global_grounded_dynamic,False,101,1.3878363370895386
131,text,1.4062366485595703,Grocery,44,global_grounded_dynamic,False,101,1.4062366485595703
131,visual,1.3907811641693115,Grocery,44,global_grounded_dynamic,False,101,1.3907811641693115
1,text,0.08986466377973557,Grocery,44,pair_grounded_dynamic,False,74,0.08986466377973557
1,visual,0.08979999274015427,Grocery,44,pair_grounded_dynamic,False,74,0.08979999274015427
2,text,0.1368551105260849,Grocery,44,pair_grounded_dynamic,False,74,0.1368551105260849
2,visual,0.14000481367111206,Grocery,44,pair_grounded_dynamic,False,74,0.14000481367111206
3,text,0.17115098237991333,Grocery,44,pair_grounded_dynamic,False,74,0.17115098237991333
3,visual,0.17361818253993988,Grocery,44,pair_grounded_dynamic,False,74,0.17361818253993988
4,text,0.2055950164794922,Grocery,44,pair_grounded_dynamic,False,74,0.2055950164794922
4,visual,0.20706748962402344,Grocery,44,pair_grounded_dynamic,False,74,0.20706748962402344
5,text,0.23527337610721588,Grocery,44,pair_grounded_dynamic,False,74,0.23527337610721588
5,visual,0.24146704375743866,Grocery,44,pair_grounded_dynamic,False,74,0.24146704375743866
6,text,0.262343168258667,Grocery,44,pair_grounded_dynamic,False,74,0.262343168258667
6,visual,0.2784319221973419,Grocery,44,pair_grounded_dynamic,False,74,0.2784319221973419
7,text,0.28922098875045776,Grocery,44,pair_grounded_dynamic,False,74,0.28922098875045776
7,visual,0.31726548075675964,Grocery,44,pair_grounded_dynamic,False,74,0.31726548075675964
8,text,0.3156245946884155,Grocery,44,pair_grounded_dynamic,False,74,0.3156245946884155
8,visual,0.3529341518878937,Grocery,44,pair_grounded_dynamic,False,74,0.3529341518878937
9,text,0.34066614508628845,Grocery,44,pair_grounded_dynamic,False,74,0.34066614508628845
9,visual,0.3878672420978546,Grocery,44,pair_grounded_dynamic,False,74,0.3878672420978546
10,text,0.3665068447589874,Grocery,44,pair_grounded_dynamic,False,74,0.3665068447589874
10,visual,0.42382556200027466,Grocery,44,pair_grounded_dynamic,False,74,0.42382556200027466
11,text,0.3894968032836914,Grocery,44,pair_grounded_dynamic,False,74,0.3894968032836914
11,visual,0.459586501121521,Grocery,44,pair_grounded_dynamic,False,74,0.459586501121521
12,text,0.4116400182247162,Grocery,44,pair_grounded_dynamic,False,74,0.4116400182247162
12,visual,0.49534112215042114,Grocery,44,pair_grounded_dynamic,False,74,0.49534112215042114
13,text,0.43541815876960754,Grocery,44,pair_grounded_dynamic,False,74,0.43541815876960754
13,visual,0.5313818454742432,Grocery,44,pair_grounded_dynamic,False,74,0.5313818454742432
14,text,0.4605208933353424,Grocery,44,pair_grounded_dynamic,False,74,0.4605208933353424
14,visual,0.5673760175704956,Grocery,44,pair_grounded_dynamic,False,74,0.5673760175704956
15,text,0.4861955940723419,Grocery,44,pair_grounded_dynamic,False,74,0.4861955940723419
15,visual,0.6024656295776367,Grocery,44,pair_grounded_dynamic,False,74,0.6024656295776367
16,text,0.5123801231384277,Grocery,44,pair_grounded_dynamic,False,74,0.5123801231384277
16,visual,0.6366506814956665,Grocery,44,pair_grounded_dynamic,False,74,0.6366506814956665
17,text,0.5390247106552124,Grocery,44,pair_grounded_dynamic,False,74,0.5390247106552124
17,visual,0.6702220439910889,Grocery,44,pair_grounded_dynamic,False,74,0.6702220439910889
18,text,0.5662531852722168,Grocery,44,pair_grounded_dynamic,False,74,0.5662531852722168
18,visual,0.7016419768333435,Grocery,44,pair_grounded_dynamic,False,74,0.7016419768333435
19,text,0.5931941270828247,Grocery,44,pair_grounded_dynamic,False,74,0.5931941270828247
19,visual,0.7321789860725403,Grocery,44,pair_grounded_dynamic,False,74,0.7321789860725403
20,text,0.6186683177947998,Grocery,44,pair_grounded_dynamic,False,74,0.6186683177947998
20,visual,0.7620740532875061,Grocery,44,pair_grounded_dynamic,False,74,0.7620740532875061
21,text,0.6444140076637268,Grocery,44,pair_grounded_dynamic,False,74,0.6444140076637268
21,visual,0.7919881343841553,Grocery,44,pair_grounded_dynamic,False,74,0.7919881343841553
22,text,0.6704856157302856,Grocery,44,pair_grounded_dynamic,False,74,0.6704856157302856
22,visual,0.822405993938446,Grocery,44,pair_grounded_dynamic,False,74,0.822405993938446
23,text,0.6957247853279114,Grocery,44,pair_grounded_dynamic,False,74,0.6957247853279114
23,visual,0.852745771408081,Grocery,44,pair_grounded_dynamic,False,74,0.852745771408081
24,text,0.7211914658546448,Grocery,44,pair_grounded_dynamic,False,74,0.7211914658546448
24,visual,0.8836910128593445,Grocery,44,pair_grounded_dynamic,False,74,0.8836910128593445
25,text,0.7467147707939148,Grocery,44,pair_grounded_dynamic,False,74,0.7467147707939148
25,visual,0.9154998064041138,Grocery,44,pair_grounded_dynamic,False,74,0.9154998064041138
26,text,0.7726720571517944,Grocery,44,pair_grounded_dynamic,False,74,0.7726720571517944
26,visual,0.947844922542572,Grocery,44,pair_grounded_dynamic,False,74,0.947844922542572
27,text,0.7993378043174744,Grocery,44,pair_grounded_dynamic,False,74,0.7993378043174744
27,visual,0.9814234972000122,Grocery,44,pair_grounded_dynamic,False,74,0.9814234972000122
28,text,0.826641857624054,Grocery,44,pair_grounded_dynamic,False,74,0.826641857624054
28,visual,1.0157709121704102,Grocery,44,pair_grounded_dynamic,False,74,1.0157709121704102
29,text,0.8538768291473389,Grocery,44,pair_grounded_dynamic,False,74,0.8538768291473389
29,visual,1.051203966140747,Grocery,44,pair_grounded_dynamic,False,74,1.051203966140747
30,text,0.882235586643219,Grocery,44,pair_grounded_dynamic,False,74,0.882235586643219
30,visual,1.087313175201416,Grocery,44,pair_grounded_dynamic,False,74,1.087313175201416
31,text,0.9113741517066956,Grocery,44,pair_grounded_dynamic,False,74,0.9113741517066956
31,visual,1.1250286102294922,Grocery,44,pair_grounded_dynamic,False,74,1.1250286102294922
32,text,0.9391541481018066,Grocery,44,pair_grounded_dynamic,False,74,0.9391541481018066
32,visual,1.162540078163147,Grocery,44,pair_grounded_dynamic,False,74,1.162540078163147
33,text,0.9671490788459778,Grocery,44,pair_grounded_dynamic,False,74,0.9671490788459778
33,visual,1.2012581825256348,Grocery,44,pair_grounded_dynamic,False,74,1.2012581825256348
34,text,0.9954794049263,Grocery,44,pair_grounded_dynamic,False,74,0.9954794049263
34,visual,1.2396146059036255,Grocery,44,pair_grounded_dynamic,False,74,1.2396146059036255
35,text,1.024420976638794,Grocery,44,pair_grounded_dynamic,False,74,1.024420976638794
35,visual,1.2774837017059326,Grocery,44,pair_grounded_dynamic,False,74,1.2774837017059326
36,text,1.0530154705047607,Grocery,44,pair_grounded_dynamic,False,74,1.0530154705047607
36,visual,1.3162413835525513,Grocery,44,pair_grounded_dynamic,False,74,1.3162413835525513
37,text,1.0811704397201538,Grocery,44,pair_grounded_dynamic,False,74,1.0811704397201538
37,visual,1.3540687561035156,Grocery,44,pair_grounded_dynamic,False,74,1.3540687561035156
38,text,1.1081452369689941,Grocery,44,pair_grounded_dynamic,False,74,1.1081452369689941
38,visual,1.3913360834121704,Grocery,44,pair_grounded_dynamic,False,74,1.3913360834121704
39,text,1.13215172290802,Grocery,44,pair_grounded_dynamic,False,74,1.13215172290802
39,visual,1.427369236946106,Grocery,44,pair_grounded_dynamic,False,74,1.427369236946106
40,text,1.1558148860931396,Grocery,44,pair_grounded_dynamic,False,74,1.1558148860931396
40,visual,1.4617358446121216,Grocery,44,pair_grounded_dynamic,False,74,1.4617358446121216
41,text,1.1817346811294556,Grocery,44,pair_grounded_dynamic,False,74,1.1817346811294556
41,visual,1.4951536655426025,Grocery,44,pair_grounded_dynamic,False,74,1.4951536655426025
42,text,1.2079437971115112,Grocery,44,pair_grounded_dynamic,False,74,1.2079437971115112
42,visual,1.5271021127700806,Grocery,44,pair_grounded_dynamic,False,74,1.5271021127700806
43,text,1.2299822568893433,Grocery,44,pair_grounded_dynamic,False,74,1.2299822568893433
43,visual,1.5564547777175903,Grocery,44,pair_grounded_dynamic,False,74,1.5564547777175903
44,text,1.24883234500885,Grocery,44,pair_grounded_dynamic,False,74,1.24883234500885
44,visual,1.585268259048462,Grocery,44,pair_grounded_dynamic,False,74,1.585268259048462
45,text,1.2648513317108154,Grocery,44,pair_grounded_dynamic,False,74,1.2648513317108154
45,visual,1.6122395992279053,Grocery,44,pair_grounded_dynamic,False,74,1.6122395992279053
46,text,1.281489610671997,Grocery,44,pair_grounded_dynamic,False,74,1.281489610671997
46,visual,1.639054775238037,Grocery,44,pair_grounded_dynamic,False,74,1.639054775238037
47,text,1.2995423078536987,Grocery,44,pair_grounded_dynamic,False,74,1.2995423078536987
47,visual,1.664950966835022,Grocery,44,pair_grounded_dynamic,False,74,1.664950966835022
48,text,1.316931962966919,Grocery,44,pair_grounded_dynamic,False,74,1.316931962966919
48,visual,1.6883317232131958,Grocery,44,pair_grounded_dynamic,False,74,1.6883317232131958
49,text,1.3367058038711548,Grocery,44,pair_grounded_dynamic,False,74,1.3367058038711548
49,visual,1.711860179901123,Grocery,44,pair_grounded_dynamic,False,74,1.711860179901123
50,text,1.3562184572219849,Grocery,44,pair_grounded_dynamic,False,74,1.3562184572219849
50,visual,1.7340296506881714,Grocery,44,pair_grounded_dynamic,False,74,1.7340296506881714
51,text,1.3766584396362305,Grocery,44,pair_grounded_dynamic,False,74,1.3766584396362305
51,visual,1.7566194534301758,Grocery,44,pair_grounded_dynamic,False,74,1.7566194534301758
52,text,1.3949812650680542,Grocery,44,pair_grounded_dynamic,False,74,1.3949812650680542
52,visual,1.776906967163086,Grocery,44,pair_grounded_dynamic,False,74,1.776906967163086
53,text,1.4134737253189087,Grocery,44,pair_grounded_dynamic,False,74,1.4134737253189087
53,visual,1.7963513135910034,Grocery,44,pair_grounded_dynamic,False,74,1.7963513135910034
54,text,1.4343994855880737,Grocery,44,pair_grounded_dynamic,False,74,1.4343994855880737
54,visual,1.8157802820205688,Grocery,44,pair_grounded_dynamic,False,74,1.8157802820205688
55,text,1.4532982110977173,Grocery,44,pair_grounded_dynamic,False,74,1.4532982110977173
55,visual,1.8351142406463623,Grocery,44,pair_grounded_dynamic,False,74,1.8351142406463623
56,text,1.4686025381088257,Grocery,44,pair_grounded_dynamic,False,74,1.4686025381088257
56,visual,1.8529752492904663,Grocery,44,pair_grounded_dynamic,False,74,1.8529752492904663
57,text,1.4825390577316284,Grocery,44,pair_grounded_dynamic,False,74,1.4825390577316284
57,visual,1.8701534271240234,Grocery,44,pair_grounded_dynamic,False,74,1.8701534271240234
58,text,1.4960219860076904,Grocery,44,pair_grounded_dynamic,False,74,1.4960219860076904
58,visual,1.8872315883636475,Grocery,44,pair_grounded_dynamic,False,74,1.8872315883636475
59,text,1.509935975074768,Grocery,44,pair_grounded_dynamic,False,74,1.509935975074768
59,visual,1.9032351970672607,Grocery,44,pair_grounded_dynamic,False,74,1.9032351970672607
60,text,1.5258533954620361,Grocery,44,pair_grounded_dynamic,False,74,1.5258533954620361
60,visual,1.9199943542480469,Grocery,44,pair_grounded_dynamic,False,74,1.9199943542480469
61,text,1.5428482294082642,Grocery,44,pair_grounded_dynamic,False,74,1.5428482294082642
61,visual,1.9372203350067139,Grocery,44,pair_grounded_dynamic,False,74,1.9372203350067139
62,text,1.559074878692627,Grocery,44,pair_grounded_dynamic,False,74,1.559074878692627
62,visual,1.9531464576721191,Grocery,44,pair_grounded_dynamic,False,74,1.9531464576721191
63,text,1.5762187242507935,Grocery,44,pair_grounded_dynamic,False,74,1.5762187242507935
63,visual,1.9696398973464966,Grocery,44,pair_grounded_dynamic,False,74,1.9696398973464966
64,text,1.5932539701461792,Grocery,44,pair_grounded_dynamic,False,74,1.5932539701461792
64,visual,1.9859248399734497,Grocery,44,pair_grounded_dynamic,False,74,1.9859248399734497
65,text,1.6115992069244385,Grocery,44,pair_grounded_dynamic,False,74,1.6115992069244385
65,visual,2.0031049251556396,Grocery,44,pair_grounded_dynamic,False,74,2.0031049251556396
66,text,1.6283797025680542,Grocery,44,pair_grounded_dynamic,False,74,1.6283797025680542
66,visual,2.0186214447021484,Grocery,44,pair_grounded_dynamic,False,74,2.0186214447021484
67,text,1.6450674533843994,Grocery,44,pair_grounded_dynamic,False,74,1.6450674533843994
67,visual,2.034358024597168,Grocery,44,pair_grounded_dynamic,False,74,2.034358024597168
68,text,1.6623436212539673,Grocery,44,pair_grounded_dynamic,False,74,1.6623436212539673
68,visual,2.0505552291870117,Grocery,44,pair_grounded_dynamic,False,74,2.0505552291870117
69,text,1.679607629776001,Grocery,44,pair_grounded_dynamic,False,74,1.679607629776001
69,visual,2.066770553588867,Grocery,44,pair_grounded_dynamic,False,74,2.066770553588867
70,text,1.6956514120101929,Grocery,44,pair_grounded_dynamic,False,74,1.6956514120101929
70,visual,2.082608938217163,Grocery,44,pair_grounded_dynamic,False,74,2.082608938217163
71,text,1.7089956998825073,Grocery,44,pair_grounded_dynamic,False,74,1.7089956998825073
71,visual,2.096562623977661,Grocery,44,pair_grounded_dynamic,False,74,2.096562623977661
72,text,1.7209954261779785,Grocery,44,pair_grounded_dynamic,False,74,1.7209954261779785
72,visual,2.109898567199707,Grocery,44,pair_grounded_dynamic,False,74,2.109898567199707
73,text,1.733040452003479,Grocery,44,pair_grounded_dynamic,False,74,1.733040452003479
73,visual,2.1232216358184814,Grocery,44,pair_grounded_dynamic,False,74,2.1232216358184814
74,text,1.7468284368515015,Grocery,44,pair_grounded_dynamic,True,74,1.7468284368515015
74,visual,2.1367573738098145,Grocery,44,pair_grounded_dynamic,True,74,2.1367573738098145
75,text,1.7623761892318726,Grocery,44,pair_grounded_dynamic,False,74,1.7623761892318726
75,visual,2.1510632038116455,Grocery,44,pair_grounded_dynamic,False,74,2.1510632038116455
76,text,1.7757185697555542,Grocery,44,pair_grounded_dynamic,False,74,1.7757185697555542
76,visual,2.163884401321411,Grocery,44,pair_grounded_dynamic,False,74,2.163884401321411
77,text,1.789251446723938,Grocery,44,pair_grounded_dynamic,False,74,1.789251446723938
77,visual,2.1765644550323486,Grocery,44,pair_grounded_dynamic,False,74,2.1765644550323486
78,text,1.8018189668655396,Grocery,44,pair_grounded_dynamic,False,74,1.8018189668655396
78,visual,2.1892588138580322,Grocery,44,pair_grounded_dynamic,False,74,2.1892588138580322
79,text,1.813834309577942,Grocery,44,pair_grounded_dynamic,False,74,1.813834309577942
79,visual,2.2025277614593506,Grocery,44,pair_grounded_dynamic,False,74,2.2025277614593506
80,text,1.8300141096115112,Grocery,44,pair_grounded_dynamic,False,74,1.8300141096115112
80,visual,2.21795392036438,Grocery,44,pair_grounded_dynamic,False,74,2.21795392036438
81,text,1.8449627161026,Grocery,44,pair_grounded_dynamic,False,74,1.8449627161026
81,visual,2.231907844543457,Grocery,44,pair_grounded_dynamic,False,74,2.231907844543457
82,text,1.861406683921814,Grocery,44,pair_grounded_dynamic,False,74,1.861406683921814
82,visual,2.246509075164795,Grocery,44,pair_grounded_dynamic,False,74,2.246509075164795
83,text,1.8756228685379028,Grocery,44,pair_grounded_dynamic,False,74,1.8756228685379028
83,visual,2.259626865386963,Grocery,44,pair_grounded_dynamic,False,74,2.259626865386963
84,text,1.8907866477966309,Grocery,44,pair_grounded_dynamic,False,74,1.8907866477966309
84,visual,2.2728564739227295,Grocery,44,pair_grounded_dynamic,False,74,2.2728564739227295
85,text,1.9061797857284546,Grocery,44,pair_grounded_dynamic,False,74,1.9061797857284546
85,visual,2.2867767810821533,Grocery,44,pair_grounded_dynamic,False,74,2.2867767810821533
86,text,1.9180359840393066,Grocery,44,pair_grounded_dynamic,False,74,1.9180359840393066
86,visual,2.299208641052246,Grocery,44,pair_grounded_dynamic,False,74,2.299208641052246
87,text,1.9321777820587158,Grocery,44,pair_grounded_dynamic,False,74,1.9321777820587158
87,visual,2.311673402786255,Grocery,44,pair_grounded_dynamic,False,74,2.311673402786255
88,text,1.9490420818328857,Grocery,44,pair_grounded_dynamic,False,74,1.9490420818328857
88,visual,2.323697566986084,Grocery,44,pair_grounded_dynamic,False,74,2.323697566986084
89,text,1.9651119709014893,Grocery,44,pair_grounded_dynamic,False,74,1.9651119709014893
89,visual,2.3352134227752686,Grocery,44,pair_grounded_dynamic,False,74,2.3352134227752686
90,text,1.9824527502059937,Grocery,44,pair_grounded_dynamic,False,74,1.9824527502059937
90,visual,2.3478989601135254,Grocery,44,pair_grounded_dynamic,False,74,2.3478989601135254
91,text,1.9997575283050537,Grocery,44,pair_grounded_dynamic,False,74,1.9997575283050537
91,visual,2.3608670234680176,Grocery,44,pair_grounded_dynamic,False,74,2.3608670234680176
92,text,2.01534366607666,Grocery,44,pair_grounded_dynamic,False,74,2.01534366607666
92,visual,2.3749282360076904,Grocery,44,pair_grounded_dynamic,False,74,2.3749282360076904
93,text,2.0313830375671387,Grocery,44,pair_grounded_dynamic,False,74,2.0313830375671387
93,visual,2.3879363536834717,Grocery,44,pair_grounded_dynamic,False,74,2.3879363536834717
94,text,2.0510058403015137,Grocery,44,pair_grounded_dynamic,False,74,2.0510058403015137
94,visual,2.401768445968628,Grocery,44,pair_grounded_dynamic,False,74,2.401768445968628
95,text,2.0675692558288574,Grocery,44,pair_grounded_dynamic,False,74,2.0675692558288574
95,visual,2.414273738861084,Grocery,44,pair_grounded_dynamic,False,74,2.414273738861084
96,text,2.0830137729644775,Grocery,44,pair_grounded_dynamic,False,74,2.0830137729644775
96,visual,2.42681622505188,Grocery,44,pair_grounded_dynamic,False,74,2.42681622505188
97,text,2.098191738128662,Grocery,44,pair_grounded_dynamic,False,74,2.098191738128662
97,visual,2.4387521743774414,Grocery,44,pair_grounded_dynamic,False,74,2.4387521743774414
98,text,2.1111557483673096,Grocery,44,pair_grounded_dynamic,False,74,2.1111557483673096
98,visual,2.4506449699401855,Grocery,44,pair_grounded_dynamic,False,74,2.4506449699401855
99,text,2.1243298053741455,Grocery,44,pair_grounded_dynamic,False,74,2.1243298053741455
99,visual,2.463207721710205,Grocery,44,pair_grounded_dynamic,False,74,2.463207721710205
100,text,2.138458251953125,Grocery,44,pair_grounded_dynamic,False,74,2.138458251953125
100,visual,2.4748823642730713,Grocery,44,pair_grounded_dynamic,False,74,2.4748823642730713
101,text,2.1486384868621826,Grocery,44,pair_grounded_dynamic,False,74,2.1486384868621826
101,visual,2.4831631183624268,Grocery,44,pair_grounded_dynamic,False,74,2.4831631183624268
102,text,2.156843423843384,Grocery,44,pair_grounded_dynamic,False,74,2.156843423843384
102,visual,2.489981174468994,Grocery,44,pair_grounded_dynamic,False,74,2.489981174468994
103,text,2.1663286685943604,Grocery,44,pair_grounded_dynamic,False,74,2.1663286685943604
103,visual,2.4980080127716064,Grocery,44,pair_grounded_dynamic,False,74,2.4980080127716064
104,text,2.176281452178955,Grocery,44,pair_grounded_dynamic,False,74,2.176281452178955
104,visual,2.50616455078125,Grocery,44,pair_grounded_dynamic,False,74,2.50616455078125
1,text,0.08981475979089737,Grocery,44,context_grounded_static,False,101,0.08981475979089737
1,visual,0.08981751650571823,Grocery,44,context_grounded_static,False,101,0.08981751650571823
2,text,0.1362387090921402,Grocery,44,context_grounded_static,False,101,0.1362387090921402
2,visual,0.1400657594203949,Grocery,44,context_grounded_static,False,101,0.1400657594203949
3,text,0.17066806554794312,Grocery,44,context_grounded_static,False,101,0.17066806554794312
3,visual,0.1732916235923767,Grocery,44,context_grounded_static,False,101,0.1732916235923767
4,text,0.20466069877147675,Grocery,44,context_grounded_static,False,101,0.20466069877147675
4,visual,0.20622745156288147,Grocery,44,context_grounded_static,False,101,0.20622745156288147
5,text,0.23387601971626282,Grocery,44,context_grounded_static,False,101,0.23387601971626282
5,visual,0.24092212319374084,Grocery,44,context_grounded_static,False,101,0.24092212319374084
6,text,0.2603914141654968,Grocery,44,context_grounded_static,False,101,0.2603914141654968
6,visual,0.2778945863246918,Grocery,44,context_grounded_static,False,101,0.2778945863246918
7,text,0.2869734764099121,Grocery,44,context_grounded_static,False,101,0.2869734764099121
7,visual,0.31613078713417053,Grocery,44,context_grounded_static,False,101,0.31613078713417053
8,text,0.3130999505519867,Grocery,44,context_grounded_static,False,101,0.3130999505519867
8,visual,0.3505095839500427,Grocery,44,context_grounded_static,False,101,0.3505095839500427
9,text,0.3369196355342865,Grocery,44,context_grounded_static,False,101,0.3369196355342865
9,visual,0.3842795193195343,Grocery,44,context_grounded_static,False,101,0.3842795193195343
10,text,0.3607724905014038,Grocery,44,context_grounded_static,False,101,0.3607724905014038
10,visual,0.41951829195022583,Grocery,44,context_grounded_static,False,101,0.41951829195022583
11,text,0.38215652108192444,Grocery,44,context_grounded_static,False,101,0.38215652108192444
11,visual,0.45489150285720825,Grocery,44,context_grounded_static,False,101,0.45489150285720825
12,text,0.40219128131866455,Grocery,44,context_grounded_static,False,101,0.40219128131866455
12,visual,0.4901202619075775,Grocery,44,context_grounded_static,False,101,0.4901202619075775
13,text,0.4223872125148773,Grocery,44,context_grounded_static,False,101,0.4223872125148773
13,visual,0.5259848833084106,Grocery,44,context_grounded_static,False,101,0.5259848833084106
14,text,0.4429303705692291,Grocery,44,context_grounded_static,False,101,0.4429303705692291
14,visual,0.561903715133667,Grocery,44,context_grounded_static,False,101,0.561903715133667
15,text,0.4636748135089874,Grocery,44,context_grounded_static,False,101,0.4636748135089874
15,visual,0.596617579460144,Grocery,44,context_grounded_static,False,101,0.596617579460144
16,text,0.4835214912891388,Grocery,44,context_grounded_static,False,101,0.4835214912891388
16,visual,0.6309894919395447,Grocery,44,context_grounded_static,False,101,0.6309894919395447
17,text,0.5036435127258301,Grocery,44,context_grounded_static,False,101,0.5036435127258301
17,visual,0.6641698479652405,Grocery,44,context_grounded_static,False,101,0.6641698479652405
18,text,0.5236198902130127,Grocery,44,context_grounded_static,False,101,0.5236198902130127
18,visual,0.6944655776023865,Grocery,44,context_grounded_static,False,101,0.6944655776023865
19,text,0.5430850982666016,Grocery,44,context_grounded_static,False,101,0.5430850982666016
19,visual,0.7236643433570862,Grocery,44,context_grounded_static,False,101,0.7236643433570862
20,text,0.5615491271018982,Grocery,44,context_grounded_static,False,101,0.5615491271018982
20,visual,0.7524294257164001,Grocery,44,context_grounded_static,False,101,0.7524294257164001
21,text,0.5804294347763062,Grocery,44,context_grounded_static,False,101,0.5804294347763062
21,visual,0.7802303433418274,Grocery,44,context_grounded_static,False,101,0.7802303433418274
22,text,0.5996124744415283,Grocery,44,context_grounded_static,False,101,0.5996124744415283
22,visual,0.8077774047851562,Grocery,44,context_grounded_static,False,101,0.8077774047851562
23,text,0.6182113885879517,Grocery,44,context_grounded_static,False,101,0.6182113885879517
23,visual,0.8344831466674805,Grocery,44,context_grounded_static,False,101,0.8344831466674805
24,text,0.6369261145591736,Grocery,44,context_grounded_static,False,101,0.6369261145591736
24,visual,0.8612129092216492,Grocery,44,context_grounded_static,False,101,0.8612129092216492
25,text,0.6559115648269653,Grocery,44,context_grounded_static,False,101,0.6559115648269653
25,visual,0.8886606693267822,Grocery,44,context_grounded_static,False,101,0.8886606693267822
26,text,0.6750332713127136,Grocery,44,context_grounded_static,False,101,0.6750332713127136
26,visual,0.9161098003387451,Grocery,44,context_grounded_static,False,101,0.9161098003387451
27,text,0.6946619153022766,Grocery,44,context_grounded_static,False,101,0.6946619153022766
27,visual,0.9442074298858643,Grocery,44,context_grounded_static,False,101,0.9442074298858643
28,text,0.7145577669143677,Grocery,44,context_grounded_static,False,101,0.7145577669143677
28,visual,0.9731398820877075,Grocery,44,context_grounded_static,False,101,0.9731398820877075
29,text,0.7351075410842896,Grocery,44,context_grounded_static,False,101,0.7351075410842896
29,visual,1.0034353733062744,Grocery,44,context_grounded_static,False,101,1.0034353733062744
30,text,0.7560339570045471,Grocery,44,context_grounded_static,False,101,0.7560339570045471
30,visual,1.034191608428955,Grocery,44,context_grounded_static,False,101,1.034191608428955
31,text,0.777945876121521,Grocery,44,context_grounded_static,False,101,0.777945876121521
31,visual,1.0666383504867554,Grocery,44,context_grounded_static,False,101,1.0666383504867554
32,text,0.8004363775253296,Grocery,44,context_grounded_static,False,101,0.8004363775253296
32,visual,1.099437952041626,Grocery,44,context_grounded_static,False,101,1.099437952041626
33,text,0.8237898349761963,Grocery,44,context_grounded_static,False,101,0.8237898349761963
33,visual,1.1335890293121338,Grocery,44,context_grounded_static,False,101,1.1335890293121338
34,text,0.8473290205001831,Grocery,44,context_grounded_static,False,101,0.8473290205001831
34,visual,1.1674796342849731,Grocery,44,context_grounded_static,False,101,1.1674796342849731
35,text,0.870661735534668,Grocery,44,context_grounded_static,False,101,0.870661735534668
35,visual,1.201084852218628,Grocery,44,context_grounded_static,False,101,1.201084852218628
36,text,0.8954677581787109,Grocery,44,context_grounded_static,False,101,0.8954677581787109
36,visual,1.2354133129119873,Grocery,44,context_grounded_static,False,101,1.2354133129119873
37,text,0.9196605682373047,Grocery,44,context_grounded_static,False,101,0.9196605682373047
37,visual,1.267626404762268,Grocery,44,context_grounded_static,False,101,1.267626404762268
38,text,0.94406658411026,Grocery,44,context_grounded_static,False,101,0.94406658411026
38,visual,1.2987067699432373,Grocery,44,context_grounded_static,False,101,1.2987067699432373
39,text,0.9690812826156616,Grocery,44,context_grounded_static,False,101,0.9690812826156616
39,visual,1.330536127090454,Grocery,44,context_grounded_static,False,101,1.330536127090454
40,text,0.9922261238098145,Grocery,44,context_grounded_static,False,101,0.9922261238098145
40,visual,1.3600008487701416,Grocery,44,context_grounded_static,False,101,1.3600008487701416
41,text,1.0161806344985962,Grocery,44,context_grounded_static,False,101,1.0161806344985962
41,visual,1.3881824016571045,Grocery,44,context_grounded_static,False,101,1.3881824016571045
42,text,1.0408284664154053,Grocery,44,context_grounded_static,False,101,1.0408284664154053
42,visual,1.4136844873428345,Grocery,44,context_grounded_static,False,101,1.4136844873428345
43,text,1.0643281936645508,Grocery,44,context_grounded_static,False,101,1.0643281936645508
43,visual,1.437928318977356,Grocery,44,context_grounded_static,False,101,1.437928318977356
44,text,1.0874290466308594,Grocery,44,context_grounded_static,False,101,1.0874290466308594
44,visual,1.4620485305786133,Grocery,44,context_grounded_static,False,101,1.4620485305786133
45,text,1.110512614250183,Grocery,44,context_grounded_static,False,101,1.110512614250183
45,visual,1.485237717628479,Grocery,44,context_grounded_static,False,101,1.485237717628479
46,text,1.1332783699035645,Grocery,44,context_grounded_static,False,101,1.1332783699035645
46,visual,1.5082652568817139,Grocery,44,context_grounded_static,False,101,1.5082652568817139
47,text,1.1568602323532104,Grocery,44,context_grounded_static,False,101,1.1568602323532104
47,visual,1.5314152240753174,Grocery,44,context_grounded_static,False,101,1.5314152240753174
48,text,1.1826977729797363,Grocery,44,context_grounded_static,False,101,1.1826977729797363
48,visual,1.555252194404602,Grocery,44,context_grounded_static,False,101,1.555252194404602
49,text,1.208893895149231,Grocery,44,context_grounded_static,False,101,1.208893895149231
49,visual,1.579048991203308,Grocery,44,context_grounded_static,False,101,1.579048991203308
50,text,1.2357558012008667,Grocery,44,context_grounded_static,False,101,1.2357558012008667
50,visual,1.603279948234558,Grocery,44,context_grounded_static,False,101,1.603279948234558
51,text,1.2624186277389526,Grocery,44,context_grounded_static,False,101,1.2624186277389526
51,visual,1.6277284622192383,Grocery,44,context_grounded_static,False,101,1.6277284622192383
52,text,1.2877644300460815,Grocery,44,context_grounded_static,False,101,1.2877644300460815
52,visual,1.6504157781600952,Grocery,44,context_grounded_static,False,101,1.6504157781600952
53,text,1.3121072053909302,Grocery,44,context_grounded_static,False,101,1.3121072053909302
53,visual,1.6724847555160522,Grocery,44,context_grounded_static,False,101,1.6724847555160522
54,text,1.3370816707611084,Grocery,44,context_grounded_static,False,101,1.3370816707611084
54,visual,1.6941317319869995,Grocery,44,context_grounded_static,False,101,1.6941317319869995
55,text,1.3618578910827637,Grocery,44,context_grounded_static,False,101,1.3618578910827637
55,visual,1.715432047843933,Grocery,44,context_grounded_static,False,101,1.715432047843933
56,text,1.3885056972503662,Grocery,44,context_grounded_static,False,101,1.3885056972503662
56,visual,1.7381123304367065,Grocery,44,context_grounded_static,False,101,1.7381123304367065
57,text,1.4146031141281128,Grocery,44,context_grounded_static,False,101,1.4146031141281128
57,visual,1.7604074478149414,Grocery,44,context_grounded_static,False,101,1.7604074478149414
58,text,1.4405659437179565,Grocery,44,context_grounded_static,False,101,1.4405659437179565
58,visual,1.782732367515564,Grocery,44,context_grounded_static,False,101,1.782732367515564
59,text,1.4664543867111206,Grocery,44,context_grounded_static,False,101,1.4664543867111206
59,visual,1.8045445680618286,Grocery,44,context_grounded_static,False,101,1.8045445680618286
60,text,1.4914029836654663,Grocery,44,context_grounded_static,False,101,1.4914029836654663
60,visual,1.825812578201294,Grocery,44,context_grounded_static,False,101,1.825812578201294
61,text,1.514682412147522,Grocery,44,context_grounded_static,False,101,1.514682412147522
61,visual,1.8468986749649048,Grocery,44,context_grounded_static,False,101,1.8468986749649048
62,text,1.536920189857483,Grocery,44,context_grounded_static,False,101,1.536920189857483
62,visual,1.8643476963043213,Grocery,44,context_grounded_static,False,101,1.8643476963043213
63,text,1.5588281154632568,Grocery,44,context_grounded_static,False,101,1.5588281154632568
63,visual,1.8805253505706787,Grocery,44,context_grounded_static,False,101,1.8805253505706787
64,text,1.5788143873214722,Grocery,44,context_grounded_static,False,101,1.5788143873214722
64,visual,1.8964388370513916,Grocery,44,context_grounded_static,False,101,1.8964388370513916
65,text,1.5987321138381958,Grocery,44,context_grounded_static,False,101,1.5987321138381958
65,visual,1.9131556749343872,Grocery,44,context_grounded_static,False,101,1.9131556749343872
66,text,1.619560718536377,Grocery,44,context_grounded_static,False,101,1.619560718536377
66,visual,1.9296804666519165,Grocery,44,context_grounded_static,False,101,1.9296804666519165
67,text,1.6404558420181274,Grocery,44,context_grounded_static,False,101,1.6404558420181274
67,visual,1.945062518119812,Grocery,44,context_grounded_static,False,101,1.945062518119812
68,text,1.662550687789917,Grocery,44,context_grounded_static,False,101,1.662550687789917
68,visual,1.9620014429092407,Grocery,44,context_grounded_static,False,101,1.9620014429092407
69,text,1.6852113008499146,Grocery,44,context_grounded_static,False,101,1.6852113008499146
69,visual,1.9792481660842896,Grocery,44,context_grounded_static,False,101,1.9792481660842896
70,text,1.7088260650634766,Grocery,44,context_grounded_static,False,101,1.7088260650634766
70,visual,1.9961186647415161,Grocery,44,context_grounded_static,False,101,1.9961186647415161
71,text,1.7306984663009644,Grocery,44,context_grounded_static,False,101,1.7306984663009644
71,visual,2.0115506649017334,Grocery,44,context_grounded_static,False,101,2.0115506649017334
72,text,1.7532395124435425,Grocery,44,context_grounded_static,False,101,1.7532395124435425
72,visual,2.026865005493164,Grocery,44,context_grounded_static,False,101,2.026865005493164
73,text,1.774987816810608,Grocery,44,context_grounded_static,False,101,1.774987816810608
73,visual,2.042417526245117,Grocery,44,context_grounded_static,False,101,2.042417526245117
74,text,1.7973054647445679,Grocery,44,context_grounded_static,False,101,1.7973054647445679
74,visual,2.0584146976470947,Grocery,44,context_grounded_static,False,101,2.0584146976470947
75,text,1.8183413743972778,Grocery,44,context_grounded_static,False,101,1.8183413743972778
75,visual,2.073209524154663,Grocery,44,context_grounded_static,False,101,2.073209524154663
76,text,1.8375794887542725,Grocery,44,context_grounded_static,False,101,1.8375794887542725
76,visual,2.087017774581909,Grocery,44,context_grounded_static,False,101,2.087017774581909
77,text,1.8581289052963257,Grocery,44,context_grounded_static,False,101,1.8581289052963257
77,visual,2.099951982498169,Grocery,44,context_grounded_static,False,101,2.099951982498169
78,text,1.879325270652771,Grocery,44,context_grounded_static,False,101,1.879325270652771
78,visual,2.1131837368011475,Grocery,44,context_grounded_static,False,101,2.1131837368011475
79,text,1.8998430967330933,Grocery,44,context_grounded_static,False,101,1.8998430967330933
79,visual,2.1259026527404785,Grocery,44,context_grounded_static,False,101,2.1259026527404785
80,text,1.921338677406311,Grocery,44,context_grounded_static,False,101,1.921338677406311
80,visual,2.1392035484313965,Grocery,44,context_grounded_static,False,101,2.1392035484313965
81,text,1.9415229558944702,Grocery,44,context_grounded_static,False,101,1.9415229558944702
81,visual,2.1520631313323975,Grocery,44,context_grounded_static,False,101,2.1520631313323975
82,text,1.9615169763565063,Grocery,44,context_grounded_static,False,101,1.9615169763565063
82,visual,2.1649880409240723,Grocery,44,context_grounded_static,False,101,2.1649880409240723
83,text,1.9811404943466187,Grocery,44,context_grounded_static,False,101,1.9811404943466187
83,visual,2.17907977104187,Grocery,44,context_grounded_static,False,101,2.17907977104187
84,text,1.9985768795013428,Grocery,44,context_grounded_static,False,101,1.9985768795013428
84,visual,2.1919925212860107,Grocery,44,context_grounded_static,False,101,2.1919925212860107
85,text,2.0144917964935303,Grocery,44,context_grounded_static,False,101,2.0144917964935303
85,visual,2.2027034759521484,Grocery,44,context_grounded_static,False,101,2.2027034759521484
86,text,2.0295116901397705,Grocery,44,context_grounded_static,False,101,2.0295116901397705
86,visual,2.2125725746154785,Grocery,44,context_grounded_static,False,101,2.2125725746154785
87,text,2.043792486190796,Grocery,44,context_grounded_static,False,101,2.043792486190796
87,visual,2.222835063934326,Grocery,44,context_grounded_static,False,101,2.222835063934326
88,text,2.0576372146606445,Grocery,44,context_grounded_static,False,101,2.0576372146606445
88,visual,2.233097553253174,Grocery,44,context_grounded_static,False,101,2.233097553253174
89,text,2.0730457305908203,Grocery,44,context_grounded_static,False,101,2.0730457305908203
89,visual,2.2427613735198975,Grocery,44,context_grounded_static,False,101,2.2427613735198975
90,text,2.0863401889801025,Grocery,44,context_grounded_static,False,101,2.0863401889801025
90,visual,2.251464366912842,Grocery,44,context_grounded_static,False,101,2.251464366912842
91,text,2.0978848934173584,Grocery,44,context_grounded_static,False,101,2.0978848934173584
91,visual,2.2605397701263428,Grocery,44,context_grounded_static,False,101,2.2605397701263428
92,text,2.1071512699127197,Grocery,44,context_grounded_static,False,101,2.1071512699127197
92,visual,2.269928455352783,Grocery,44,context_grounded_static,False,101,2.269928455352783
93,text,2.1188414096832275,Grocery,44,context_grounded_static,False,101,2.1188414096832275
93,visual,2.2789077758789062,Grocery,44,context_grounded_static,False,101,2.2789077758789062
94,text,2.130063056945801,Grocery,44,context_grounded_static,False,101,2.130063056945801
94,visual,2.288137912750244,Grocery,44,context_grounded_static,False,101,2.288137912750244
95,text,2.1419222354888916,Grocery,44,context_grounded_static,False,101,2.1419222354888916
95,visual,2.29728627204895,Grocery,44,context_grounded_static,False,101,2.29728627204895
96,text,2.154301166534424,Grocery,44,context_grounded_static,False,101,2.154301166534424
96,visual,2.305900812149048,Grocery,44,context_grounded_static,False,101,2.305900812149048
97,text,2.1676483154296875,Grocery,44,context_grounded_static,False,101,2.1676483154296875
97,visual,2.3152763843536377,Grocery,44,context_grounded_static,False,101,2.3152763843536377
98,text,2.1798393726348877,Grocery,44,context_grounded_static,False,101,2.1798393726348877
98,visual,2.325047254562378,Grocery,44,context_grounded_static,False,101,2.325047254562378
99,text,2.1896049976348877,Grocery,44,context_grounded_static,False,101,2.1896049976348877
99,visual,2.333982229232788,Grocery,44,context_grounded_static,False,101,2.333982229232788
100,text,2.1997103691101074,Grocery,44,context_grounded_static,False,101,2.1997103691101074
100,visual,2.3423473834991455,Grocery,44,context_grounded_static,False,101,2.3423473834991455
101,text,2.2088963985443115,Grocery,44,context_grounded_static,True,101,2.2088963985443115
101,visual,2.3492558002471924,Grocery,44,context_grounded_static,True,101,2.3492558002471924
102,text,2.2182698249816895,Grocery,44,context_grounded_static,False,101,2.2182698249816895
102,visual,2.357452869415283,Grocery,44,context_grounded_static,False,101,2.357452869415283
103,text,2.2290475368499756,Grocery,44,context_grounded_static,False,101,2.2290475368499756
103,visual,2.3669393062591553,Grocery,44,context_grounded_static,False,101,2.3669393062591553
104,text,2.2401206493377686,Grocery,44,context_grounded_static,False,101,2.2401206493377686
104,visual,2.376742362976074,Grocery,44,context_grounded_static,False,101,2.376742362976074
105,text,2.2503461837768555,Grocery,44,context_grounded_static,False,101,2.2503461837768555
105,visual,2.3858025074005127,Grocery,44,context_grounded_static,False,101,2.3858025074005127
106,text,2.259549856185913,Grocery,44,context_grounded_static,False,101,2.259549856185913
106,visual,2.3934898376464844,Grocery,44,context_grounded_static,False,101,2.3934898376464844
107,text,2.2677605152130127,Grocery,44,context_grounded_static,False,101,2.2677605152130127
107,visual,2.400696277618408,Grocery,44,context_grounded_static,False,101,2.400696277618408
108,text,2.276487350463867,Grocery,44,context_grounded_static,False,101,2.276487350463867
108,visual,2.4079749584198,Grocery,44,context_grounded_static,False,101,2.4079749584198
109,text,2.2842323780059814,Grocery,44,context_grounded_static,False,101,2.2842323780059814
109,visual,2.4157755374908447,Grocery,44,context_grounded_static,False,101,2.4157755374908447
110,text,2.2934515476226807,Grocery,44,context_grounded_static,False,101,2.2934515476226807
110,visual,2.424565076828003,Grocery,44,context_grounded_static,False,101,2.424565076828003
111,text,2.302504777908325,Grocery,44,context_grounded_static,False,101,2.302504777908325
111,visual,2.4324862957000732,Grocery,44,context_grounded_static,False,101,2.4324862957000732
112,text,2.310637950897217,Grocery,44,context_grounded_static,False,101,2.310637950897217
112,visual,2.4402904510498047,Grocery,44,context_grounded_static,False,101,2.4402904510498047
113,text,2.3211989402770996,Grocery,44,context_grounded_static,False,101,2.3211989402770996
113,visual,2.448739767074585,Grocery,44,context_grounded_static,False,101,2.448739767074585
114,text,2.3312275409698486,Grocery,44,context_grounded_static,False,101,2.3312275409698486
114,visual,2.4558048248291016,Grocery,44,context_grounded_static,False,101,2.4558048248291016
115,text,2.3426284790039062,Grocery,44,context_grounded_static,False,101,2.3426284790039062
115,visual,2.46366286277771,Grocery,44,context_grounded_static,False,101,2.46366286277771
116,text,2.353803873062134,Grocery,44,context_grounded_static,False,101,2.353803873062134
116,visual,2.4713246822357178,Grocery,44,context_grounded_static,False,101,2.4713246822357178
117,text,2.3659770488739014,Grocery,44,context_grounded_static,False,101,2.3659770488739014
117,visual,2.4798519611358643,Grocery,44,context_grounded_static,False,101,2.4798519611358643
118,text,2.3755569458007812,Grocery,44,context_grounded_static,False,101,2.3755569458007812
118,visual,2.485954761505127,Grocery,44,context_grounded_static,False,101,2.485954761505127
119,text,2.3852109909057617,Grocery,44,context_grounded_static,False,101,2.3852109909057617
119,visual,2.4901602268218994,Grocery,44,context_grounded_static,False,101,2.4901602268218994
120,text,2.395540475845337,Grocery,44,context_grounded_static,False,101,2.395540475845337
120,visual,2.4950082302093506,Grocery,44,context_grounded_static,False,101,2.4950082302093506
121,text,2.405468463897705,Grocery,44,context_grounded_static,False,101,2.405468463897705
121,visual,2.5008578300476074,Grocery,44,context_grounded_static,False,101,2.5008578300476074
122,text,2.4147698879241943,Grocery,44,context_grounded_static,False,101,2.4147698879241943
122,visual,2.5067968368530273,Grocery,44,context_grounded_static,False,101,2.5067968368530273
123,text,2.423889398574829,Grocery,44,context_grounded_static,False,101,2.423889398574829
123,visual,2.5114054679870605,Grocery,44,context_grounded_static,False,101,2.5114054679870605
124,text,2.433948278427124,Grocery,44,context_grounded_static,False,101,2.433948278427124
124,visual,2.5163767337799072,Grocery,44,context_grounded_static,False,101,2.5163767337799072
125,text,2.443958282470703,Grocery,44,context_grounded_static,False,101,2.443958282470703
125,visual,2.521646499633789,Grocery,44,context_grounded_static,False,101,2.521646499633789
126,text,2.453474283218384,Grocery,44,context_grounded_static,False,101,2.453474283218384
126,visual,2.5282676219940186,Grocery,44,context_grounded_static,False,101,2.5282676219940186
127,text,2.462470769882202,Grocery,44,context_grounded_static,False,101,2.462470769882202
127,visual,2.535673141479492,Grocery,44,context_grounded_static,False,101,2.535673141479492
128,text,2.4727272987365723,Grocery,44,context_grounded_static,False,101,2.4727272987365723
128,visual,2.5434370040893555,Grocery,44,context_grounded_static,False,101,2.5434370040893555
129,text,2.4840939044952393,Grocery,44,context_grounded_static,False,101,2.4840939044952393
129,visual,2.551449775695801,Grocery,44,context_grounded_static,False,101,2.551449775695801
130,text,2.4909491539001465,Grocery,44,context_grounded_static,False,101,2.4909491539001465
130,visual,2.5583882331848145,Grocery,44,context_grounded_static,False,101,2.5583882331848145
131,text,2.4944028854370117,Grocery,44,context_grounded_static,False,101,2.4944028854370117
131,visual,2.565480947494507,Grocery,44,context_grounded_static,False,101,2.565480947494507
1,text,0.08983021229505539,Grocery,44,context_grounded_dynamic,False,85,0.08983021229505539
1,visual,0.08986711502075195,Grocery,44,context_grounded_dynamic,False,85,0.08986711502075195
2,text,0.1364850103855133,Grocery,44,context_grounded_dynamic,False,85,0.1364850103855133
2,visual,0.1401797980070114,Grocery,44,context_grounded_dynamic,False,85,0.1401797980070114
3,text,0.16981354355812073,Grocery,44,context_grounded_dynamic,False,85,0.16981354355812073
3,visual,0.17325937747955322,Grocery,44,context_grounded_dynamic,False,85,0.17325937747955322
4,text,0.2036963701248169,Grocery,44,context_grounded_dynamic,False,85,0.2036963701248169
4,visual,0.20619702339172363,Grocery,44,context_grounded_dynamic,False,85,0.20619702339172363
5,text,0.23279550671577454,Grocery,44,context_grounded_dynamic,False,85,0.23279550671577454
5,visual,0.2407061755657196,Grocery,44,context_grounded_dynamic,False,85,0.2407061755657196
6,text,0.2594623565673828,Grocery,44,context_grounded_dynamic,False,85,0.2594623565673828
6,visual,0.2776215970516205,Grocery,44,context_grounded_dynamic,False,85,0.2776215970516205
7,text,0.2860965430736542,Grocery,44,context_grounded_dynamic,False,85,0.2860965430736542
7,visual,0.31592437624931335,Grocery,44,context_grounded_dynamic,False,85,0.31592437624931335
8,text,0.31202787160873413,Grocery,44,context_grounded_dynamic,False,85,0.31202787160873413
8,visual,0.35068729519844055,Grocery,44,context_grounded_dynamic,False,85,0.35068729519844055
9,text,0.3360981345176697,Grocery,44,context_grounded_dynamic,False,85,0.3360981345176697
9,visual,0.3845888078212738,Grocery,44,context_grounded_dynamic,False,85,0.3845888078212738
10,text,0.36053305864334106,Grocery,44,context_grounded_dynamic,False,85,0.36053305864334106
10,visual,0.4197194278240204,Grocery,44,context_grounded_dynamic,False,85,0.4197194278240204
11,text,0.38192737102508545,Grocery,44,context_grounded_dynamic,False,85,0.38192737102508545
11,visual,0.4548867642879486,Grocery,44,context_grounded_dynamic,False,85,0.4548867642879486
12,text,0.4020216166973114,Grocery,44,context_grounded_dynamic,False,85,0.4020216166973114
12,visual,0.4898790121078491,Grocery,44,context_grounded_dynamic,False,85,0.4898790121078491
13,text,0.42300423979759216,Grocery,44,context_grounded_dynamic,False,85,0.42300423979759216
13,visual,0.5255123972892761,Grocery,44,context_grounded_dynamic,False,85,0.5255123972892761
14,text,0.44476231932640076,Grocery,44,context_grounded_dynamic,False,85,0.44476231932640076
14,visual,0.561314046382904,Grocery,44,context_grounded_dynamic,False,85,0.561314046382904
15,text,0.4669135808944702,Grocery,44,context_grounded_dynamic,False,85,0.4669135808944702
15,visual,0.5959187746047974,Grocery,44,context_grounded_dynamic,False,85,0.5959187746047974
16,text,0.4885382652282715,Grocery,44,context_grounded_dynamic,False,85,0.4885382652282715
16,visual,0.6300477385520935,Grocery,44,context_grounded_dynamic,False,85,0.6300477385520935
17,text,0.5104430913925171,Grocery,44,context_grounded_dynamic,False,85,0.5104430913925171
17,visual,0.6631897687911987,Grocery,44,context_grounded_dynamic,False,85,0.6631897687911987
18,text,0.5327428579330444,Grocery,44,context_grounded_dynamic,False,85,0.5327428579330444
18,visual,0.693895697593689,Grocery,44,context_grounded_dynamic,False,85,0.693895697593689
19,text,0.5544325113296509,Grocery,44,context_grounded_dynamic,False,85,0.5544325113296509
19,visual,0.7233947515487671,Grocery,44,context_grounded_dynamic,False,85,0.7233947515487671
20,text,0.5757178664207458,Grocery,44,context_grounded_dynamic,False,85,0.5757178664207458
20,visual,0.7526304125785828,Grocery,44,context_grounded_dynamic,False,85,0.7526304125785828
21,text,0.5973408222198486,Grocery,44,context_grounded_dynamic,False,85,0.5973408222198486
21,visual,0.7814314961433411,Grocery,44,context_grounded_dynamic,False,85,0.7814314961433411
22,text,0.6193723082542419,Grocery,44,context_grounded_dynamic,False,85,0.6193723082542419
22,visual,0.8105849623680115,Grocery,44,context_grounded_dynamic,False,85,0.8105849623680115
23,text,0.6408977508544922,Grocery,44,context_grounded_dynamic,False,85,0.6408977508544922
23,visual,0.8394635915756226,Grocery,44,context_grounded_dynamic,False,85,0.8394635915756226
24,text,0.6627589464187622,Grocery,44,context_grounded_dynamic,False,85,0.6627589464187622
24,visual,0.8686040639877319,Grocery,44,context_grounded_dynamic,False,85,0.8686040639877319
25,text,0.6849385499954224,Grocery,44,context_grounded_dynamic,False,85,0.6849385499954224
25,visual,0.8986003398895264,Grocery,44,context_grounded_dynamic,False,85,0.8986003398895264
26,text,0.7074976563453674,Grocery,44,context_grounded_dynamic,False,85,0.7074976563453674
26,visual,0.9289079904556274,Grocery,44,context_grounded_dynamic,False,85,0.9289079904556274
27,text,0.7306703329086304,Grocery,44,context_grounded_dynamic,False,85,0.7306703329086304
27,visual,0.9605764150619507,Grocery,44,context_grounded_dynamic,False,85,0.9605764150619507
28,text,0.7542281746864319,Grocery,44,context_grounded_dynamic,False,85,0.7542281746864319
28,visual,0.993251383304596,Grocery,44,context_grounded_dynamic,False,85,0.993251383304596
29,text,0.7783438563346863,Grocery,44,context_grounded_dynamic,False,85,0.7783438563346863
29,visual,1.0272465944290161,Grocery,44,context_grounded_dynamic,False,85,1.0272465944290161
30,text,0.8029950261116028,Grocery,44,context_grounded_dynamic,False,85,0.8029950261116028
30,visual,1.0622289180755615,Grocery,44,context_grounded_dynamic,False,85,1.0622289180755615
31,text,0.828895628452301,Grocery,44,context_grounded_dynamic,False,85,0.828895628452301
31,visual,1.0992013216018677,Grocery,44,context_grounded_dynamic,False,85,1.0992013216018677
32,text,0.8538641929626465,Grocery,44,context_grounded_dynamic,False,85,0.8538641929626465
32,visual,1.136720895767212,Grocery,44,context_grounded_dynamic,False,85,1.136720895767212
33,text,0.8797425031661987,Grocery,44,context_grounded_dynamic,False,85,0.8797425031661987
33,visual,1.176388144493103,Grocery,44,context_grounded_dynamic,False,85,1.176388144493103
34,text,0.9062783718109131,Grocery,44,context_grounded_dynamic,False,85,0.9062783718109131
34,visual,1.2162067890167236,Grocery,44,context_grounded_dynamic,False,85,1.2162067890167236
35,text,0.9337790012359619,Grocery,44,context_grounded_dynamic,False,85,0.9337790012359619
35,visual,1.256009578704834,Grocery,44,context_grounded_dynamic,False,85,1.256009578704834
36,text,0.9622473120689392,Grocery,44,context_grounded_dynamic,False,85,0.9622473120689392
36,visual,1.2976295948028564,Grocery,44,context_grounded_dynamic,False,85,1.2976295948028564
37,text,0.9907599687576294,Grocery,44,context_grounded_dynamic,False,85,0.9907599687576294
37,visual,1.3391170501708984,Grocery,44,context_grounded_dynamic,False,85,1.3391170501708984
38,text,1.0188438892364502,Grocery,44,context_grounded_dynamic,False,85,1.0188438892364502
38,visual,1.380813717842102,Grocery,44,context_grounded_dynamic,False,85,1.380813717842102
39,text,1.0458588600158691,Grocery,44,context_grounded_dynamic,False,85,1.0458588600158691
39,visual,1.420831561088562,Grocery,44,context_grounded_dynamic,False,85,1.420831561088562
40,text,1.0736383199691772,Grocery,44,context_grounded_dynamic,False,85,1.0736383199691772
40,visual,1.4592773914337158,Grocery,44,context_grounded_dynamic,False,85,1.4592773914337158
41,text,1.101497769355774,Grocery,44,context_grounded_dynamic,False,85,1.101497769355774
41,visual,1.4934502840042114,Grocery,44,context_grounded_dynamic,False,85,1.4934502840042114
42,text,1.1302316188812256,Grocery,44,context_grounded_dynamic,False,85,1.1302316188812256
42,visual,1.5267218351364136,Grocery,44,context_grounded_dynamic,False,85,1.5267218351364136
43,text,1.15656316280365,Grocery,44,context_grounded_dynamic,False,85,1.15656316280365
43,visual,1.5586867332458496,Grocery,44,context_grounded_dynamic,False,85,1.5586867332458496
44,text,1.1840358972549438,Grocery,44,context_grounded_dynamic,False,85,1.1840358972549438
44,visual,1.5907591581344604,Grocery,44,context_grounded_dynamic,False,85,1.5907591581344604
45,text,1.2098478078842163,Grocery,44,context_grounded_dynamic,False,85,1.2098478078842163
45,visual,1.6198781728744507,Grocery,44,context_grounded_dynamic,False,85,1.6198781728744507
46,text,1.236620545387268,Grocery,44,context_grounded_dynamic,False,85,1.236620545387268
46,visual,1.6490620374679565,Grocery,44,context_grounded_dynamic,False,85,1.6490620374679565
47,text,1.2628767490386963,Grocery,44,context_grounded_dynamic,False,85,1.2628767490386963
47,visual,1.6781643629074097,Grocery,44,context_grounded_dynamic,False,85,1.6781643629074097
48,text,1.2880256175994873,Grocery,44,context_grounded_dynamic,False,85,1.2880256175994873
48,visual,1.7065516710281372,Grocery,44,context_grounded_dynamic,False,85,1.7065516710281372
49,text,1.307895541191101,Grocery,44,context_grounded_dynamic,False,85,1.307895541191101
49,visual,1.7343391180038452,Grocery,44,context_grounded_dynamic,False,85,1.7343391180038452
50,text,1.329717755317688,Grocery,44,context_grounded_dynamic,False,85,1.329717755317688
50,visual,1.761388897895813,Grocery,44,context_grounded_dynamic,False,85,1.761388897895813
51,text,1.3551764488220215,Grocery,44,context_grounded_dynamic,False,85,1.3551764488220215
51,visual,1.7892600297927856,Grocery,44,context_grounded_dynamic,False,85,1.7892600297927856
52,text,1.3788957595825195,Grocery,44,context_grounded_dynamic,False,85,1.3788957595825195
52,visual,1.813055396080017,Grocery,44,context_grounded_dynamic,False,85,1.813055396080017
53,text,1.4031671285629272,Grocery,44,context_grounded_dynamic,False,85,1.4031671285629272
53,visual,1.8373717069625854,Grocery,44,context_grounded_dynamic,False,85,1.8373717069625854
54,text,1.428531289100647,Grocery,44,context_grounded_dynamic,False,85,1.428531289100647
54,visual,1.859982967376709,Grocery,44,context_grounded_dynamic,False,85,1.859982967376709
55,text,1.454687476158142,Grocery,44,context_grounded_dynamic,False,85,1.454687476158142
55,visual,1.8817001581192017,Grocery,44,context_grounded_dynamic,False,85,1.8817001581192017
56,text,1.4759970903396606,Grocery,44,context_grounded_dynamic,False,85,1.4759970903396606
56,visual,1.9013255834579468,Grocery,44,context_grounded_dynamic,False,85,1.9013255834579468
57,text,1.4931910037994385,Grocery,44,context_grounded_dynamic,False,85,1.4931910037994385
57,visual,1.9184783697128296,Grocery,44,context_grounded_dynamic,False,85,1.9184783697128296
58,text,1.5094130039215088,Grocery,44,context_grounded_dynamic,False,85,1.5094130039215088
58,visual,1.936435580253601,Grocery,44,context_grounded_dynamic,False,85,1.936435580253601
59,text,1.5260621309280396,Grocery,44,context_grounded_dynamic,False,85,1.5260621309280396
59,visual,1.9536092281341553,Grocery,44,context_grounded_dynamic,False,85,1.9536092281341553
60,text,1.5433316230773926,Grocery,44,context_grounded_dynamic,False,85,1.5433316230773926
60,visual,1.9701049327850342,Grocery,44,context_grounded_dynamic,False,85,1.9701049327850342
61,text,1.5614817142486572,Grocery,44,context_grounded_dynamic,False,85,1.5614817142486572
61,visual,1.9869358539581299,Grocery,44,context_grounded_dynamic,False,85,1.9869358539581299
62,text,1.576714038848877,Grocery,44,context_grounded_dynamic,False,85,1.576714038848877
62,visual,2.0017077922821045,Grocery,44,context_grounded_dynamic,False,85,2.0017077922821045
63,text,1.589147925376892,Grocery,44,context_grounded_dynamic,False,85,1.589147925376892
63,visual,2.014125347137451,Grocery,44,context_grounded_dynamic,False,85,2.014125347137451
64,text,1.6028809547424316,Grocery,44,context_grounded_dynamic,False,85,1.6028809547424316
64,visual,2.0263683795928955,Grocery,44,context_grounded_dynamic,False,85,2.0263683795928955
65,text,1.6187328100204468,Grocery,44,context_grounded_dynamic,False,85,1.6187328100204468
65,visual,2.038994312286377,Grocery,44,context_grounded_dynamic,False,85,2.038994312286377
66,text,1.635691523551941,Grocery,44,context_grounded_dynamic,False,85,1.635691523551941
66,visual,2.0523884296417236,Grocery,44,context_grounded_dynamic,False,85,2.0523884296417236
67,text,1.6527782678604126,Grocery,44,context_grounded_dynamic,False,85,1.6527782678604126
67,visual,2.066037893295288,Grocery,44,context_grounded_dynamic,False,85,2.066037893295288
68,text,1.669306755065918,Grocery,44,context_grounded_dynamic,False,85,1.669306755065918
68,visual,2.077730178833008,Grocery,44,context_grounded_dynamic,False,85,2.077730178833008
69,text,1.6860824823379517,Grocery,44,context_grounded_dynamic,False,85,1.6860824823379517
69,visual,2.0893664360046387,Grocery,44,context_grounded_dynamic,False,85,2.0893664360046387
70,text,1.700817346572876,Grocery,44,context_grounded_dynamic,False,85,1.700817346572876
70,visual,2.1013033390045166,Grocery,44,context_grounded_dynamic,False,85,2.1013033390045166
71,text,1.7155097723007202,Grocery,44,context_grounded_dynamic,False,85,1.7155097723007202
71,visual,2.113600015640259,Grocery,44,context_grounded_dynamic,False,85,2.113600015640259
72,text,1.7320245504379272,Grocery,44,context_grounded_dynamic,False,85,1.7320245504379272
72,visual,2.125818967819214,Grocery,44,context_grounded_dynamic,False,85,2.125818967819214
73,text,1.748711347579956,Grocery,44,context_grounded_dynamic,False,85,1.748711347579956
73,visual,2.138061046600342,Grocery,44,context_grounded_dynamic,False,85,2.138061046600342
74,text,1.7647050619125366,Grocery,44,context_grounded_dynamic,False,85,1.7647050619125366
74,visual,2.1491472721099854,Grocery,44,context_grounded_dynamic,False,85,2.1491472721099854
75,text,1.7824082374572754,Grocery,44,context_grounded_dynamic,False,85,1.7824082374572754
75,visual,2.161728620529175,Grocery,44,context_grounded_dynamic,False,85,2.161728620529175
76,text,1.8028861284255981,Grocery,44,context_grounded_dynamic,False,85,1.8028861284255981
76,visual,2.175678253173828,Grocery,44,context_grounded_dynamic,False,85,2.175678253173828
77,text,1.82074773311615,Grocery,44,context_grounded_dynamic,False,85,1.82074773311615
77,visual,2.18803071975708,Grocery,44,context_grounded_dynamic,False,85,2.18803071975708
78,text,1.8352786302566528,Grocery,44,context_grounded_dynamic,False,85,1.8352786302566528
78,visual,2.2001898288726807,Grocery,44,context_grounded_dynamic,False,85,2.2001898288726807
79,text,1.8507893085479736,Grocery,44,context_grounded_dynamic,False,85,1.8507893085479736
79,visual,2.213226795196533,Grocery,44,context_grounded_dynamic,False,85,2.213226795196533
80,text,1.8681623935699463,Grocery,44,context_grounded_dynamic,False,85,1.8681623935699463
80,visual,2.227216958999634,Grocery,44,context_grounded_dynamic,False,85,2.227216958999634
81,text,1.8839753866195679,Grocery,44,context_grounded_dynamic,False,85,1.8839753866195679
81,visual,2.2410354614257812,Grocery,44,context_grounded_dynamic,False,85,2.2410354614257812
82,text,1.9008843898773193,Grocery,44,context_grounded_dynamic,False,85,1.9008843898773193
82,visual,2.2547786235809326,Grocery,44,context_grounded_dynamic,False,85,2.2547786235809326
83,text,1.9199615716934204,Grocery,44,context_grounded_dynamic,False,85,1.9199615716934204
83,visual,2.270360231399536,Grocery,44,context_grounded_dynamic,False,85,2.270360231399536
84,text,1.93625807762146,Grocery,44,context_grounded_dynamic,False,85,1.93625807762146
84,visual,2.284623861312866,Grocery,44,context_grounded_dynamic,False,85,2.284623861312866
85,text,1.9525949954986572,Grocery,44,context_grounded_dynamic,True,85,1.9525949954986572
85,visual,2.298100233078003,Grocery,44,context_grounded_dynamic,True,85,2.298100233078003
86,text,1.9695279598236084,Grocery,44,context_grounded_dynamic,False,85,1.9695279598236084
86,visual,2.3111612796783447,Grocery,44,context_grounded_dynamic,False,85,2.3111612796783447
87,text,1.9859920740127563,Grocery,44,context_grounded_dynamic,False,85,1.9859920740127563
87,visual,2.3231072425842285,Grocery,44,context_grounded_dynamic,False,85,2.3231072425842285
88,text,1.9988676309585571,Grocery,44,context_grounded_dynamic,False,85,1.9988676309585571
88,visual,2.3336691856384277,Grocery,44,context_grounded_dynamic,False,85,2.3336691856384277
89,text,2.0124261379241943,Grocery,44,context_grounded_dynamic,False,85,2.0124261379241943
89,visual,2.344209909439087,Grocery,44,context_grounded_dynamic,False,85,2.344209909439087
90,text,2.0278730392456055,Grocery,44,context_grounded_dynamic,False,85,2.0278730392456055
90,visual,2.3559319972991943,Grocery,44,context_grounded_dynamic,False,85,2.3559319972991943
91,text,2.0444204807281494,Grocery,44,context_grounded_dynamic,False,85,2.0444204807281494
91,visual,2.3675239086151123,Grocery,44,context_grounded_dynamic,False,85,2.3675239086151123
92,text,2.058934450149536,Grocery,44,context_grounded_dynamic,False,85,2.058934450149536
92,visual,2.3779094219207764,Grocery,44,context_grounded_dynamic,False,85,2.3779094219207764
93,text,2.070894956588745,Grocery,44,context_grounded_dynamic,False,85,2.070894956588745
93,visual,2.3872902393341064,Grocery,44,context_grounded_dynamic,False,85,2.3872902393341064
94,text,2.082660675048828,Grocery,44,context_grounded_dynamic,False,85,2.082660675048828
94,visual,2.396681547164917,Grocery,44,context_grounded_dynamic,False,85,2.396681547164917
95,text,2.095909595489502,Grocery,44,context_grounded_dynamic,False,85,2.095909595489502
95,visual,2.407191276550293,Grocery,44,context_grounded_dynamic,False,85,2.407191276550293
96,text,2.1103811264038086,Grocery,44,context_grounded_dynamic,False,85,2.1103811264038086
96,visual,2.4175620079040527,Grocery,44,context_grounded_dynamic,False,85,2.4175620079040527
97,text,2.123708724975586,Grocery,44,context_grounded_dynamic,False,85,2.123708724975586
97,visual,2.428267478942871,Grocery,44,context_grounded_dynamic,False,85,2.428267478942871
98,text,2.134159564971924,Grocery,44,context_grounded_dynamic,False,85,2.134159564971924
98,visual,2.4369516372680664,Grocery,44,context_grounded_dynamic,False,85,2.4369516372680664
99,text,2.1469080448150635,Grocery,44,context_grounded_dynamic,False,85,2.1469080448150635
99,visual,2.446312427520752,Grocery,44,context_grounded_dynamic,False,85,2.446312427520752
100,text,2.1590840816497803,Grocery,44,context_grounded_dynamic,False,85,2.1590840816497803
100,visual,2.4559621810913086,Grocery,44,context_grounded_dynamic,False,85,2.4559621810913086
101,text,2.171592950820923,Grocery,44,context_grounded_dynamic,False,85,2.171592950820923
101,visual,2.4649124145507812,Grocery,44,context_grounded_dynamic,False,85,2.4649124145507812
102,text,2.1845967769622803,Grocery,44,context_grounded_dynamic,False,85,2.1845967769622803
102,visual,2.474191665649414,Grocery,44,context_grounded_dynamic,False,85,2.474191665649414
103,text,2.196415424346924,Grocery,44,context_grounded_dynamic,False,85,2.196415424346924
103,visual,2.4834370613098145,Grocery,44,context_grounded_dynamic,False,85,2.4834370613098145
104,text,2.2089946269989014,Grocery,44,context_grounded_dynamic,False,85,2.2089946269989014
104,visual,2.4941561222076416,Grocery,44,context_grounded_dynamic,False,85,2.4941561222076416
105,text,2.2225260734558105,Grocery,44,context_grounded_dynamic,False,85,2.2225260734558105
105,visual,2.503380298614502,Grocery,44,context_grounded_dynamic,False,85,2.503380298614502
106,text,2.2373719215393066,Grocery,44,context_grounded_dynamic,False,85,2.2373719215393066
106,visual,2.5116806030273438,Grocery,44,context_grounded_dynamic,False,85,2.5116806030273438
107,text,2.2497386932373047,Grocery,44,context_grounded_dynamic,False,85,2.2497386932373047
107,visual,2.519991159439087,Grocery,44,context_grounded_dynamic,False,85,2.519991159439087
108,text,2.2614760398864746,Grocery,44,context_grounded_dynamic,False,85,2.2614760398864746
108,visual,2.5292017459869385,Grocery,44,context_grounded_dynamic,False,85,2.5292017459869385
109,text,2.275632858276367,Grocery,44,context_grounded_dynamic,False,85,2.275632858276367
109,visual,2.538177013397217,Grocery,44,context_grounded_dynamic,False,85,2.538177013397217
110,text,2.289468288421631,Grocery,44,context_grounded_dynamic,False,85,2.289468288421631
110,visual,2.546924352645874,Grocery,44,context_grounded_dynamic,False,85,2.546924352645874
111,text,2.301908254623413,Grocery,44,context_grounded_dynamic,False,85,2.301908254623413
111,visual,2.5551412105560303,Grocery,44,context_grounded_dynamic,False,85,2.5551412105560303
112,text,2.3141062259674072,Grocery,44,context_grounded_dynamic,False,85,2.3141062259674072
112,visual,2.5644114017486572,Grocery,44,context_grounded_dynamic,False,85,2.5644114017486572
113,text,2.3258817195892334,Grocery,44,context_grounded_dynamic,False,85,2.3258817195892334
113,visual,2.573444366455078,Grocery,44,context_grounded_dynamic,False,85,2.573444366455078
114,text,2.3371212482452393,Grocery,44,context_grounded_dynamic,False,85,2.3371212482452393
114,visual,2.5828914642333984,Grocery,44,context_grounded_dynamic,False,85,2.5828914642333984
115,text,2.34777569770813,Grocery,44,context_grounded_dynamic,False,85,2.34777569770813
115,visual,2.591771364212036,Grocery,44,context_grounded_dynamic,False,85,2.591771364212036
1,text,0.08973851054906845,Reddit-S,42,global_grounded_dynamic,False,44,0.08973851054906845
1,visual,0.09007716923952103,Reddit-S,42,global_grounded_dynamic,False,44,0.09007716923952103
2,text,0.13668124377727509,Reddit-S,42,global_grounded_dynamic,False,44,0.13668124377727509
2,visual,0.14295341074466705,Reddit-S,42,global_grounded_dynamic,False,44,0.14295341074466705
3,text,0.1766468733549118,Reddit-S,42,global_grounded_dynamic,False,44,0.1766468733549118
3,visual,0.19205141067504883,Reddit-S,42,global_grounded_dynamic,False,44,0.19205141067504883
4,text,0.2141464352607727,Reddit-S,42,global_grounded_dynamic,False,44,0.2141464352607727
4,visual,0.2409140020608902,Reddit-S,42,global_grounded_dynamic,False,44,0.2409140020608902
5,text,0.24738354980945587,Reddit-S,42,global_grounded_dynamic,False,44,0.24738354980945587
5,visual,0.2879032790660858,Reddit-S,42,global_grounded_dynamic,False,44,0.2879032790660858
6,text,0.2750726044178009,Reddit-S,42,global_grounded_dynamic,False,44,0.2750726044178009
6,visual,0.3303903341293335,Reddit-S,42,global_grounded_dynamic,False,44,0.3303903341293335
7,text,0.29841041564941406,Reddit-S,42,global_grounded_dynamic,False,44,0.29841041564941406
7,visual,0.3700767755508423,Reddit-S,42,global_grounded_dynamic,False,44,0.3700767755508423
8,text,0.31899645924568176,Reddit-S,42,global_grounded_dynamic,False,44,0.31899645924568176
8,visual,0.40903395414352417,Reddit-S,42,global_grounded_dynamic,False,44,0.40903395414352417
9,text,0.33899903297424316,Reddit-S,42,global_grounded_dynamic,False,44,0.33899903297424316
9,visual,0.4485679864883423,Reddit-S,42,global_grounded_dynamic,False,44,0.4485679864883423
10,text,0.3598027527332306,Reddit-S,42,global_grounded_dynamic,False,44,0.3598027527332306
10,visual,0.48904064297676086,Reddit-S,42,global_grounded_dynamic,False,44,0.48904064297676086
11,text,0.3813609480857849,Reddit-S,42,global_grounded_dynamic,False,44,0.3813609480857849
11,visual,0.5295774936676025,Reddit-S,42,global_grounded_dynamic,False,44,0.5295774936676025
12,text,0.4031355679035187,Reddit-S,42,global_grounded_dynamic,False,44,0.4031355679035187
12,visual,0.5691907405853271,Reddit-S,42,global_grounded_dynamic,False,44,0.5691907405853271
13,text,0.42464587092399597,Reddit-S,42,global_grounded_dynamic,False,44,0.42464587092399597
13,visual,0.6070703864097595,Reddit-S,42,global_grounded_dynamic,False,44,0.6070703864097595
14,text,0.44601956009864807,Reddit-S,42,global_grounded_dynamic,False,44,0.44601956009864807
14,visual,0.6428981423377991,Reddit-S,42,global_grounded_dynamic,False,44,0.6428981423377991
15,text,0.46704617142677307,Reddit-S,42,global_grounded_dynamic,False,44,0.46704617142677307
15,visual,0.6769559383392334,Reddit-S,42,global_grounded_dynamic,False,44,0.6769559383392334
16,text,0.4872375726699829,Reddit-S,42,global_grounded_dynamic,False,44,0.4872375726699829
16,visual,0.7091475129127502,Reddit-S,42,global_grounded_dynamic,False,44,0.7091475129127502
17,text,0.5063444972038269,Reddit-S,42,global_grounded_dynamic,False,44,0.5063444972038269
17,visual,0.7397618293762207,Reddit-S,42,global_grounded_dynamic,False,44,0.7397618293762207
18,text,0.5244203209877014,Reddit-S,42,global_grounded_dynamic,False,44,0.5244203209877014
18,visual,0.7689107060432434,Reddit-S,42,global_grounded_dynamic,False,44,0.7689107060432434
19,text,0.5418544411659241,Reddit-S,42,global_grounded_dynamic,False,44,0.5418544411659241
19,visual,0.7964380383491516,Reddit-S,42,global_grounded_dynamic,False,44,0.7964380383491516
20,text,0.5586657524108887,Reddit-S,42,global_grounded_dynamic,False,44,0.5586657524108887
20,visual,0.8225041627883911,Reddit-S,42,global_grounded_dynamic,False,44,0.8225041627883911
21,text,0.5751100182533264,Reddit-S,42,global_grounded_dynamic,False,44,0.5751100182533264
21,visual,0.8467026352882385,Reddit-S,42,global_grounded_dynamic,False,44,0.8467026352882385
22,text,0.5909590125083923,Reddit-S,42,global_grounded_dynamic,False,44,0.5909590125083923
22,visual,0.8690101504325867,Reddit-S,42,global_grounded_dynamic,False,44,0.8690101504325867
23,text,0.6056326627731323,Reddit-S,42,global_grounded_dynamic,False,44,0.6056326627731323
23,visual,0.8898118734359741,Reddit-S,42,global_grounded_dynamic,False,44,0.8898118734359741
24,text,0.6195085644721985,Reddit-S,42,global_grounded_dynamic,False,44,0.6195085644721985
24,visual,0.9090932607650757,Reddit-S,42,global_grounded_dynamic,False,44,0.9090932607650757
25,text,0.6329953074455261,Reddit-S,42,global_grounded_dynamic,False,44,0.6329953074455261
25,visual,0.9266231656074524,Reddit-S,42,global_grounded_dynamic,False,44,0.9266231656074524
26,text,0.6460056900978088,Reddit-S,42,global_grounded_dynamic,False,44,0.6460056900978088
26,visual,0.9426284432411194,Reddit-S,42,global_grounded_dynamic,False,44,0.9426284432411194
27,text,0.6584449410438538,Reddit-S,42,global_grounded_dynamic,False,44,0.6584449410438538
27,visual,0.957463264465332,Reddit-S,42,global_grounded_dynamic,False,44,0.957463264465332
28,text,0.6705411076545715,Reddit-S,42,global_grounded_dynamic,False,44,0.6705411076545715
28,visual,0.9712170362472534,Reddit-S,42,global_grounded_dynamic,False,44,0.9712170362472534
29,text,0.6826918125152588,Reddit-S,42,global_grounded_dynamic,False,44,0.6826918125152588
29,visual,0.984097957611084,Reddit-S,42,global_grounded_dynamic,False,44,0.984097957611084
30,text,0.6946069002151489,Reddit-S,42,global_grounded_dynamic,False,44,0.6946069002151489
30,visual,0.9962512850761414,Reddit-S,42,global_grounded_dynamic,False,44,0.9962512850761414
31,text,0.706913948059082,Reddit-S,42,global_grounded_dynamic,False,44,0.706913948059082
31,visual,1.0081357955932617,Reddit-S,42,global_grounded_dynamic,False,44,1.0081357955932617
32,text,0.7194387912750244,Reddit-S,42,global_grounded_dynamic,False,44,0.7194387912750244
32,visual,1.019749402999878,Reddit-S,42,global_grounded_dynamic,False,44,1.019749402999878
33,text,0.7321680784225464,Reddit-S,42,global_grounded_dynamic,False,44,0.7321680784225464
33,visual,1.0310357809066772,Reddit-S,42,global_grounded_dynamic,False,44,1.0310357809066772
34,text,0.744831383228302,Reddit-S,42,global_grounded_dynamic,False,44,0.744831383228302
34,visual,1.041845679283142,Reddit-S,42,global_grounded_dynamic,False,44,1.041845679283142
35,text,0.7572886943817139,Reddit-S,42,global_grounded_dynamic,False,44,0.7572886943817139
35,visual,1.0522716045379639,Reddit-S,42,global_grounded_dynamic,False,44,1.0522716045379639
36,text,0.7696998715400696,Reddit-S,42,global_grounded_dynamic,False,44,0.7696998715400696
36,visual,1.0624759197235107,Reddit-S,42,global_grounded_dynamic,False,44,1.0624759197235107
37,text,0.7820547819137573,Reddit-S,42,global_grounded_dynamic,False,44,0.7820547819137573
37,visual,1.0724431276321411,Reddit-S,42,global_grounded_dynamic,False,44,1.0724431276321411
38,text,0.7940595149993896,Reddit-S,42,global_grounded_dynamic,False,44,0.7940595149993896
38,visual,1.0820810794830322,Reddit-S,42,global_grounded_dynamic,False,44,1.0820810794830322
39,text,0.8060535192489624,Reddit-S,42,global_grounded_dynamic,False,44,0.8060535192489624
39,visual,1.0910871028900146,Reddit-S,42,global_grounded_dynamic,False,44,1.0910871028900146
40,text,0.8180819153785706,Reddit-S,42,global_grounded_dynamic,False,44,0.8180819153785706
40,visual,1.099825382232666,Reddit-S,42,global_grounded_dynamic,False,44,1.099825382232666
41,text,0.8301090598106384,Reddit-S,42,global_grounded_dynamic,False,44,0.8301090598106384
41,visual,1.1082377433776855,Reddit-S,42,global_grounded_dynamic,False,44,1.1082377433776855
42,text,0.8420836925506592,Reddit-S,42,global_grounded_dynamic,False,44,0.8420836925506592
42,visual,1.1160424947738647,Reddit-S,42,global_grounded_dynamic,False,44,1.1160424947738647
43,text,0.8539962768554688,Reddit-S,42,global_grounded_dynamic,False,44,0.8539962768554688
43,visual,1.1236132383346558,Reddit-S,42,global_grounded_dynamic,False,44,1.1236132383346558
44,text,0.8658130764961243,Reddit-S,42,global_grounded_dynamic,True,44,0.8658130764961243
44,visual,1.130547285079956,Reddit-S,42,global_grounded_dynamic,True,44,1.130547285079956
45,text,0.8773791193962097,Reddit-S,42,global_grounded_dynamic,False,44,0.8773791193962097
45,visual,1.1371091604232788,Reddit-S,42,global_grounded_dynamic,False,44,1.1371091604232788
46,text,0.8887693881988525,Reddit-S,42,global_grounded_dynamic,False,44,0.8887693881988525
46,visual,1.1434234380722046,Reddit-S,42,global_grounded_dynamic,False,44,1.1434234380722046
47,text,0.9004421234130859,Reddit-S,42,global_grounded_dynamic,False,44,0.9004421234130859
47,visual,1.1493141651153564,Reddit-S,42,global_grounded_dynamic,False,44,1.1493141651153564
48,text,0.9116360545158386,Reddit-S,42,global_grounded_dynamic,False,44,0.9116360545158386
48,visual,1.1550590991973877,Reddit-S,42,global_grounded_dynamic,False,44,1.1550590991973877
49,text,0.9228652715682983,Reddit-S,42,global_grounded_dynamic,False,44,0.9228652715682983
49,visual,1.1604655981063843,Reddit-S,42,global_grounded_dynamic,False,44,1.1604655981063843
50,text,0.9339840412139893,Reddit-S,42,global_grounded_dynamic,False,44,0.9339840412139893
50,visual,1.1658345460891724,Reddit-S,42,global_grounded_dynamic,False,44,1.1658345460891724
51,text,0.94514399766922,Reddit-S,42,global_grounded_dynamic,False,44,0.94514399766922
51,visual,1.1711537837982178,Reddit-S,42,global_grounded_dynamic,False,44,1.1711537837982178
52,text,0.9564790725708008,Reddit-S,42,global_grounded_dynamic,False,44,0.9564790725708008
52,visual,1.1762919425964355,Reddit-S,42,global_grounded_dynamic,False,44,1.1762919425964355
53,text,0.9673700928688049,Reddit-S,42,global_grounded_dynamic,False,44,0.9673700928688049
53,visual,1.1811671257019043,Reddit-S,42,global_grounded_dynamic,False,44,1.1811671257019043
54,text,0.9782816171646118,Reddit-S,42,global_grounded_dynamic,False,44,0.9782816171646118
54,visual,1.1860244274139404,Reddit-S,42,global_grounded_dynamic,False,44,1.1860244274139404
55,text,0.9889262914657593,Reddit-S,42,global_grounded_dynamic,False,44,0.9889262914657593
55,visual,1.1904562711715698,Reddit-S,42,global_grounded_dynamic,False,44,1.1904562711715698
56,text,0.9965072870254517,Reddit-S,42,global_grounded_dynamic,False,44,0.9965072870254517
56,visual,1.1950631141662598,Reddit-S,42,global_grounded_dynamic,False,44,1.1950631141662598
57,text,1.0030510425567627,Reddit-S,42,global_grounded_dynamic,False,44,1.0030510425567627
57,visual,1.198996901512146,Reddit-S,42,global_grounded_dynamic,False,44,1.198996901512146
58,text,1.0098307132720947,Reddit-S,42,global_grounded_dynamic,False,44,1.0098307132720947
58,visual,1.2028149366378784,Reddit-S,42,global_grounded_dynamic,False,44,1.2028149366378784
59,text,1.0151104927062988,Reddit-S,42,global_grounded_dynamic,False,44,1.0151104927062988
59,visual,1.2067404985427856,Reddit-S,42,global_grounded_dynamic,False,44,1.2067404985427856
60,text,1.0205308198928833,Reddit-S,42,global_grounded_dynamic,False,44,1.0205308198928833
60,visual,1.2103551626205444,Reddit-S,42,global_grounded_dynamic,False,44,1.2103551626205444
61,text,1.0254048109054565,Reddit-S,42,global_grounded_dynamic,False,44,1.0254048109054565
61,visual,1.2135009765625,Reddit-S,42,global_grounded_dynamic,False,44,1.2135009765625
62,text,1.0303514003753662,Reddit-S,42,global_grounded_dynamic,False,44,1.0303514003753662
62,visual,1.216642141342163,Reddit-S,42,global_grounded_dynamic,False,44,1.216642141342163
63,text,1.0349884033203125,Reddit-S,42,global_grounded_dynamic,False,44,1.0349884033203125
63,visual,1.2198811769485474,Reddit-S,42,global_grounded_dynamic,False,44,1.2198811769485474
64,text,1.0401698350906372,Reddit-S,42,global_grounded_dynamic,False,44,1.0401698350906372
64,visual,1.2229342460632324,Reddit-S,42,global_grounded_dynamic,False,44,1.2229342460632324
65,text,1.0456898212432861,Reddit-S,42,global_grounded_dynamic,False,44,1.0456898212432861
65,visual,1.2256174087524414,Reddit-S,42,global_grounded_dynamic,False,44,1.2256174087524414
66,text,1.0513243675231934,Reddit-S,42,global_grounded_dynamic,False,44,1.0513243675231934
66,visual,1.2281148433685303,Reddit-S,42,global_grounded_dynamic,False,44,1.2281148433685303
67,text,1.056864619255066,Reddit-S,42,global_grounded_dynamic,False,44,1.056864619255066
67,visual,1.2307205200195312,Reddit-S,42,global_grounded_dynamic,False,44,1.2307205200195312
68,text,1.0619759559631348,Reddit-S,42,global_grounded_dynamic,False,44,1.0619759559631348
68,visual,1.233506441116333,Reddit-S,42,global_grounded_dynamic,False,44,1.233506441116333
69,text,1.06697678565979,Reddit-S,42,global_grounded_dynamic,False,44,1.06697678565979
69,visual,1.2361983060836792,Reddit-S,42,global_grounded_dynamic,False,44,1.2361983060836792
70,text,1.0722134113311768,Reddit-S,42,global_grounded_dynamic,False,44,1.0722134113311768
70,visual,1.2385088205337524,Reddit-S,42,global_grounded_dynamic,False,44,1.2385088205337524
71,text,1.07779061794281,Reddit-S,42,global_grounded_dynamic,False,44,1.07779061794281
71,visual,1.2405120134353638,Reddit-S,42,global_grounded_dynamic,False,44,1.2405120134353638
72,text,1.0835753679275513,Reddit-S,42,global_grounded_dynamic,False,44,1.0835753679275513
72,visual,1.242566466331482,Reddit-S,42,global_grounded_dynamic,False,44,1.242566466331482
73,text,1.0892508029937744,Reddit-S,42,global_grounded_dynamic,False,44,1.0892508029937744
73,visual,1.244748592376709,Reddit-S,42,global_grounded_dynamic,False,44,1.244748592376709
74,text,1.0947976112365723,Reddit-S,42,global_grounded_dynamic,False,44,1.0947976112365723
74,visual,1.2472071647644043,Reddit-S,42,global_grounded_dynamic,False,44,1.2472071647644043
1,text,0.090028777718544,Reddit-S,42,pair_grounded_dynamic,False,56,0.090028777718544
1,visual,0.09020575135946274,Reddit-S,42,pair_grounded_dynamic,False,56,0.09020575135946274
2,text,0.14249169826507568,Reddit-S,42,pair_grounded_dynamic,False,56,0.14249169826507568
2,visual,0.14665023982524872,Reddit-S,42,pair_grounded_dynamic,False,56,0.14665023982524872
3,text,0.18966315686702728,Reddit-S,42,pair_grounded_dynamic,False,56,0.18966315686702728
3,visual,0.19949476420879364,Reddit-S,42,pair_grounded_dynamic,False,56,0.19949476420879364
4,text,0.23660577833652496,Reddit-S,42,pair_grounded_dynamic,False,56,0.23660577833652496
4,visual,0.2510182857513428,Reddit-S,42,pair_grounded_dynamic,False,56,0.2510182857513428
5,text,0.283090740442276,Reddit-S,42,pair_grounded_dynamic,False,56,0.283090740442276
5,visual,0.2998279333114624,Reddit-S,42,pair_grounded_dynamic,False,56,0.2998279333114624
6,text,0.3281809091567993,Reddit-S,42,pair_grounded_dynamic,False,56,0.3281809091567993
6,visual,0.34402042627334595,Reddit-S,42,pair_grounded_dynamic,False,56,0.34402042627334595
7,text,0.3723022937774658,Reddit-S,42,pair_grounded_dynamic,False,56,0.3723022937774658
7,visual,0.3859616219997406,Reddit-S,42,pair_grounded_dynamic,False,56,0.3859616219997406
8,text,0.4164116680622101,Reddit-S,42,pair_grounded_dynamic,False,56,0.4164116680622101
8,visual,0.42747893929481506,Reddit-S,42,pair_grounded_dynamic,False,56,0.42747893929481506
9,text,0.4611920416355133,Reddit-S,42,pair_grounded_dynamic,False,56,0.4611920416355133
9,visual,0.46949416399002075,Reddit-S,42,pair_grounded_dynamic,False,56,0.46949416399002075
10,text,0.5064030289649963,Reddit-S,42,pair_grounded_dynamic,False,56,0.5064030289649963
10,visual,0.512398898601532,Reddit-S,42,pair_grounded_dynamic,False,56,0.512398898601532
11,text,0.5514719486236572,Reddit-S,42,pair_grounded_dynamic,False,56,0.5514719486236572
11,visual,0.5560189485549927,Reddit-S,42,pair_grounded_dynamic,False,56,0.5560189485549927
12,text,0.5960320830345154,Reddit-S,42,pair_grounded_dynamic,False,56,0.5960320830345154
12,visual,0.5996092557907104,Reddit-S,42,pair_grounded_dynamic,False,56,0.5996092557907104
13,text,0.6398508548736572,Reddit-S,42,pair_grounded_dynamic,False,56,0.6398508548736572
13,visual,0.6423760652542114,Reddit-S,42,pair_grounded_dynamic,False,56,0.6423760652542114
14,text,0.6816465258598328,Reddit-S,42,pair_grounded_dynamic,False,56,0.6816465258598328
14,visual,0.6836869120597839,Reddit-S,42,pair_grounded_dynamic,False,56,0.6836869120597839
15,text,0.7211622595787048,Reddit-S,42,pair_grounded_dynamic,False,56,0.7211622595787048
15,visual,0.7233461141586304,Reddit-S,42,pair_grounded_dynamic,False,56,0.7233461141586304
16,text,0.7595734000205994,Reddit-S,42,pair_grounded_dynamic,False,56,0.7595734000205994
16,visual,0.7616627812385559,Reddit-S,42,pair_grounded_dynamic,False,56,0.7616627812385559
17,text,0.7974439859390259,Reddit-S,42,pair_grounded_dynamic,False,56,0.7974439859390259
17,visual,0.7988369464874268,Reddit-S,42,pair_grounded_dynamic,False,56,0.7988369464874268
18,text,0.8343903422355652,Reddit-S,42,pair_grounded_dynamic,False,56,0.8343903422355652
18,visual,0.8350900411605835,Reddit-S,42,pair_grounded_dynamic,False,56,0.8350900411605835
19,text,0.8698323369026184,Reddit-S,42,pair_grounded_dynamic,False,56,0.8698323369026184
19,visual,0.8704856038093567,Reddit-S,42,pair_grounded_dynamic,False,56,0.8704856038093567
20,text,0.904597282409668,Reddit-S,42,pair_grounded_dynamic,False,56,0.904597282409668
20,visual,0.9051747918128967,Reddit-S,42,pair_grounded_dynamic,False,56,0.9051747918128967
21,text,0.9378647804260254,Reddit-S,42,pair_grounded_dynamic,False,56,0.9378647804260254
21,visual,0.9389455318450928,Reddit-S,42,pair_grounded_dynamic,False,56,0.9389455318450928
22,text,0.9694110155105591,Reddit-S,42,pair_grounded_dynamic,False,56,0.9694110155105591
22,visual,0.9723243713378906,Reddit-S,42,pair_grounded_dynamic,False,56,0.9723243713378906
23,text,0.9997460842132568,Reddit-S,42,pair_grounded_dynamic,False,56,0.9997460842132568
23,visual,1.0051989555358887,Reddit-S,42,pair_grounded_dynamic,False,56,1.0051989555358887
24,text,1.0305376052856445,Reddit-S,42,pair_grounded_dynamic,False,56,1.0305376052856445
24,visual,1.0380308628082275,Reddit-S,42,pair_grounded_dynamic,False,56,1.0380308628082275
25,text,1.0602898597717285,Reddit-S,42,pair_grounded_dynamic,False,56,1.0602898597717285
25,visual,1.0708214044570923,Reddit-S,42,pair_grounded_dynamic,False,56,1.0708214044570923
26,text,1.0886236429214478,Reddit-S,42,pair_grounded_dynamic,False,56,1.0886236429214478
26,visual,1.1037267446517944,Reddit-S,42,pair_grounded_dynamic,False,56,1.1037267446517944
27,text,1.11770761013031,Reddit-S,42,pair_grounded_dynamic,False,56,1.11770761013031
27,visual,1.1371850967407227,Reddit-S,42,pair_grounded_dynamic,False,56,1.1371850967407227
28,text,1.1471415758132935,Reddit-S,42,pair_grounded_dynamic,False,56,1.1471415758132935
28,visual,1.1707921028137207,Reddit-S,42,pair_grounded_dynamic,False,56,1.1707921028137207
29,text,1.1756643056869507,Reddit-S,42,pair_grounded_dynamic,False,56,1.1756643056869507
29,visual,1.2047877311706543,Reddit-S,42,pair_grounded_dynamic,False,56,1.2047877311706543
30,text,1.2040469646453857,Reddit-S,42,pair_grounded_dynamic,False,56,1.2040469646453857
30,visual,1.2388312816619873,Reddit-S,42,pair_grounded_dynamic,False,56,1.2388312816619873
31,text,1.2311543226242065,Reddit-S,42,pair_grounded_dynamic,False,56,1.2311543226242065
31,visual,1.273255705833435,Reddit-S,42,pair_grounded_dynamic,False,56,1.273255705833435
32,text,1.2574433088302612,Reddit-S,42,pair_grounded_dynamic,False,56,1.2574433088302612
32,visual,1.3076741695404053,Reddit-S,42,pair_grounded_dynamic,False,56,1.3076741695404053
33,text,1.2827534675598145,Reddit-S,42,pair_grounded_dynamic,False,56,1.2827534675598145
33,visual,1.341891884803772,Reddit-S,42,pair_grounded_dynamic,False,56,1.341891884803772
34,text,1.3077690601348877,Reddit-S,42,pair_grounded_dynamic,False,56,1.3077690601348877
34,visual,1.3761593103408813,Reddit-S,42,pair_grounded_dynamic,False,56,1.3761593103408813
35,text,1.3315941095352173,Reddit-S,42,pair_grounded_dynamic,False,56,1.3315941095352173
35,visual,1.4100823402404785,Reddit-S,42,pair_grounded_dynamic,False,56,1.4100823402404785
36,text,1.3548144102096558,Reddit-S,42,pair_grounded_dynamic,False,56,1.3548144102096558
36,visual,1.4441055059432983,Reddit-S,42,pair_grounded_dynamic,False,56,1.4441055059432983
37,text,1.3768620491027832,Reddit-S,42,pair_grounded_dynamic,False,56,1.3768620491027832
37,visual,1.4778767824172974,Reddit-S,42,pair_grounded_dynamic,False,56,1.4778767824172974
38,text,1.3976271152496338,Reddit-S,42,pair_grounded_dynamic,False,56,1.3976271152496338
38,visual,1.5112215280532837,Reddit-S,42,pair_grounded_dynamic,False,56,1.5112215280532837
39,text,1.4169001579284668,Reddit-S,42,pair_grounded_dynamic,False,56,1.4169001579284668
39,visual,1.5442159175872803,Reddit-S,42,pair_grounded_dynamic,False,56,1.5442159175872803
40,text,1.435817003250122,Reddit-S,42,pair_grounded_dynamic,False,56,1.435817003250122
40,visual,1.5768283605575562,Reddit-S,42,pair_grounded_dynamic,False,56,1.5768283605575562
41,text,1.4543321132659912,Reddit-S,42,pair_grounded_dynamic,False,56,1.4543321132659912
41,visual,1.6089595556259155,Reddit-S,42,pair_grounded_dynamic,False,56,1.6089595556259155
42,text,1.4719953536987305,Reddit-S,42,pair_grounded_dynamic,False,56,1.4719953536987305
42,visual,1.6407172679901123,Reddit-S,42,pair_grounded_dynamic,False,56,1.6407172679901123
43,text,1.489547848701477,Reddit-S,42,pair_grounded_dynamic,False,56,1.489547848701477
43,visual,1.671487808227539,Reddit-S,42,pair_grounded_dynamic,False,56,1.671487808227539
44,text,1.5060713291168213,Reddit-S,42,pair_grounded_dynamic,False,56,1.5060713291168213
44,visual,1.7022786140441895,Reddit-S,42,pair_grounded_dynamic,False,56,1.7022786140441895
45,text,1.5220680236816406,Reddit-S,42,pair_grounded_dynamic,False,56,1.5220680236816406
45,visual,1.7327684164047241,Reddit-S,42,pair_grounded_dynamic,False,56,1.7327684164047241
46,text,1.5368497371673584,Reddit-S,42,pair_grounded_dynamic,False,56,1.5368497371673584
46,visual,1.761993646621704,Reddit-S,42,pair_grounded_dynamic,False,56,1.761993646621704
47,text,1.5500508546829224,Reddit-S,42,pair_grounded_dynamic,False,56,1.5500508546829224
47,visual,1.7906626462936401,Reddit-S,42,pair_grounded_dynamic,False,56,1.7906626462936401
48,text,1.5621414184570312,Reddit-S,42,pair_grounded_dynamic,False,56,1.5621414184570312
48,visual,1.818263053894043,Reddit-S,42,pair_grounded_dynamic,False,56,1.818263053894043
49,text,1.5743290185928345,Reddit-S,42,pair_grounded_dynamic,False,56,1.5743290185928345
49,visual,1.844386339187622,Reddit-S,42,pair_grounded_dynamic,False,56,1.844386339187622
50,text,1.5861932039260864,Reddit-S,42,pair_grounded_dynamic,False,56,1.5861932039260864
50,visual,1.8687615394592285,Reddit-S,42,pair_grounded_dynamic,False,56,1.8687615394592285
51,text,1.596614122390747,Reddit-S,42,pair_grounded_dynamic,False,56,1.596614122390747
51,visual,1.8918309211730957,Reddit-S,42,pair_grounded_dynamic,False,56,1.8918309211730957
52,text,1.6074873208999634,Reddit-S,42,pair_grounded_dynamic,False,56,1.6074873208999634
52,visual,1.9135997295379639,Reddit-S,42,pair_grounded_dynamic,False,56,1.9135997295379639
53,text,1.6169254779815674,Reddit-S,42,pair_grounded_dynamic,False,56,1.6169254779815674
53,visual,1.933937907218933,Reddit-S,42,pair_grounded_dynamic,False,56,1.933937907218933
54,text,1.6259715557098389,Reddit-S,42,pair_grounded_dynamic,False,56,1.6259715557098389
54,visual,1.9537333250045776,Reddit-S,42,pair_grounded_dynamic,False,56,1.9537333250045776
55,text,1.6338188648223877,Reddit-S,42,pair_grounded_dynamic,False,56,1.6338188648223877
55,visual,1.9729589223861694,Reddit-S,42,pair_grounded_dynamic,False,56,1.9729589223861694
56,text,1.6413441896438599,Reddit-S,42,pair_grounded_dynamic,True,56,1.6413441896438599
56,visual,1.9915859699249268,Reddit-S,42,pair_grounded_dynamic,True,56,1.9915859699249268
57,text,1.649909496307373,Reddit-S,42,pair_grounded_dynamic,False,56,1.649909496307373
57,visual,2.0089128017425537,Reddit-S,42,pair_grounded_dynamic,False,56,2.0089128017425537
58,text,1.6583738327026367,Reddit-S,42,pair_grounded_dynamic,False,56,1.6583738327026367
58,visual,2.025477647781372,Reddit-S,42,pair_grounded_dynamic,False,56,2.025477647781372
59,text,1.6659849882125854,Reddit-S,42,pair_grounded_dynamic,False,56,1.6659849882125854
59,visual,2.0411062240600586,Reddit-S,42,pair_grounded_dynamic,False,56,2.0411062240600586
60,text,1.6734704971313477,Reddit-S,42,pair_grounded_dynamic,False,56,1.6734704971313477
60,visual,2.0561981201171875,Reddit-S,42,pair_grounded_dynamic,False,56,2.0561981201171875
61,text,1.681038737297058,Reddit-S,42,pair_grounded_dynamic,False,56,1.681038737297058
61,visual,2.0705132484436035,Reddit-S,42,pair_grounded_dynamic,False,56,2.0705132484436035
62,text,1.6880017518997192,Reddit-S,42,pair_grounded_dynamic,False,56,1.6880017518997192
62,visual,2.083784818649292,Reddit-S,42,pair_grounded_dynamic,False,56,2.083784818649292
63,text,1.6946402788162231,Reddit-S,42,pair_grounded_dynamic,False,56,1.6946402788162231
63,visual,2.0967438220977783,Reddit-S,42,pair_grounded_dynamic,False,56,2.0967438220977783
64,text,1.7013204097747803,Reddit-S,42,pair_grounded_dynamic,False,56,1.7013204097747803
64,visual,2.109189748764038,Reddit-S,42,pair_grounded_dynamic,False,56,2.109189748764038
65,text,1.7076902389526367,Reddit-S,42,pair_grounded_dynamic,False,56,1.7076902389526367
65,visual,2.1214590072631836,Reddit-S,42,pair_grounded_dynamic,False,56,2.1214590072631836
66,text,1.7139772176742554,Reddit-S,42,pair_grounded_dynamic,False,56,1.7139772176742554
66,visual,2.133402109146118,Reddit-S,42,pair_grounded_dynamic,False,56,2.133402109146118
67,text,1.7201670408248901,Reddit-S,42,pair_grounded_dynamic,False,56,1.7201670408248901
67,visual,2.1446452140808105,Reddit-S,42,pair_grounded_dynamic,False,56,2.1446452140808105
68,text,1.7262459993362427,Reddit-S,42,pair_grounded_dynamic,False,56,1.7262459993362427
68,visual,2.155486583709717,Reddit-S,42,pair_grounded_dynamic,False,56,2.155486583709717
69,text,1.7321316003799438,Reddit-S,42,pair_grounded_dynamic,False,56,1.7321316003799438
69,visual,2.1663248538970947,Reddit-S,42,pair_grounded_dynamic,False,56,2.1663248538970947
70,text,1.7382394075393677,Reddit-S,42,pair_grounded_dynamic,False,56,1.7382394075393677
70,visual,2.1771068572998047,Reddit-S,42,pair_grounded_dynamic,False,56,2.1771068572998047
71,text,1.7439216375350952,Reddit-S,42,pair_grounded_dynamic,False,56,1.7439216375350952
71,visual,2.187540054321289,Reddit-S,42,pair_grounded_dynamic,False,56,2.187540054321289
72,text,1.7491812705993652,Reddit-S,42,pair_grounded_dynamic,False,56,1.7491812705993652
72,visual,2.1970646381378174,Reddit-S,42,pair_grounded_dynamic,False,56,2.1970646381378174
73,text,1.7542318105697632,Reddit-S,42,pair_grounded_dynamic,False,56,1.7542318105697632
73,visual,2.205862522125244,Reddit-S,42,pair_grounded_dynamic,False,56,2.205862522125244
74,text,1.7594594955444336,Reddit-S,42,pair_grounded_dynamic,False,56,1.7594594955444336
74,visual,2.213823080062866,Reddit-S,42,pair_grounded_dynamic,False,56,2.213823080062866
75,text,1.7647287845611572,Reddit-S,42,pair_grounded_dynamic,False,56,1.7647287845611572
75,visual,2.2217087745666504,Reddit-S,42,pair_grounded_dynamic,False,56,2.2217087745666504
76,text,1.7697607278823853,Reddit-S,42,pair_grounded_dynamic,False,56,1.7697607278823853
76,visual,2.2298412322998047,Reddit-S,42,pair_grounded_dynamic,False,56,2.2298412322998047
77,text,1.7743806838989258,Reddit-S,42,pair_grounded_dynamic,False,56,1.7743806838989258
77,visual,2.2380590438842773,Reddit-S,42,pair_grounded_dynamic,False,56,2.2380590438842773
78,text,1.7790029048919678,Reddit-S,42,pair_grounded_dynamic,False,56,1.7790029048919678
78,visual,2.246124744415283,Reddit-S,42,pair_grounded_dynamic,False,56,2.246124744415283
79,text,1.78335702419281,Reddit-S,42,pair_grounded_dynamic,False,56,1.78335702419281
79,visual,2.253894090652466,Reddit-S,42,pair_grounded_dynamic,False,56,2.253894090652466
80,text,1.7877095937728882,Reddit-S,42,pair_grounded_dynamic,False,56,1.7877095937728882
80,visual,2.2613894939422607,Reddit-S,42,pair_grounded_dynamic,False,56,2.2613894939422607
81,text,1.7919245958328247,Reddit-S,42,pair_grounded_dynamic,False,56,1.7919245958328247
81,visual,2.267507791519165,Reddit-S,42,pair_grounded_dynamic,False,56,2.267507791519165
82,text,1.7961320877075195,Reddit-S,42,pair_grounded_dynamic,False,56,1.7961320877075195
82,visual,2.2725818157196045,Reddit-S,42,pair_grounded_dynamic,False,56,2.2725818157196045
83,text,1.8003889322280884,Reddit-S,42,pair_grounded_dynamic,False,56,1.8003889322280884
83,visual,2.277634859085083,Reddit-S,42,pair_grounded_dynamic,False,56,2.277634859085083
84,text,1.8045742511749268,Reddit-S,42,pair_grounded_dynamic,False,56,1.8045742511749268
84,visual,2.282750129699707,Reddit-S,42,pair_grounded_dynamic,False,56,2.282750129699707
85,text,1.808245301246643,Reddit-S,42,pair_grounded_dynamic,False,56,1.808245301246643
85,visual,2.2879788875579834,Reddit-S,42,pair_grounded_dynamic,False,56,2.2879788875579834
86,text,1.811545491218567,Reddit-S,42,pair_grounded_dynamic,False,56,1.811545491218567
86,visual,2.2931129932403564,Reddit-S,42,pair_grounded_dynamic,False,56,2.2931129932403564
1,text,0.09005648642778397,Reddit-S,42,context_grounded_static,False,59,0.09005648642778397
1,visual,0.09021363407373428,Reddit-S,42,context_grounded_static,False,59,0.09021363407373428
2,text,0.14331266283988953,Reddit-S,42,context_grounded_static,False,59,0.14331266283988953
2,visual,0.14649413526058197,Reddit-S,42,context_grounded_static,False,59,0.14649413526058197
3,text,0.19038593769073486,Reddit-S,42,context_grounded_static,False,59,0.19038593769073486
3,visual,0.19795945286750793,Reddit-S,42,context_grounded_static,False,59,0.19795945286750793
4,text,0.2350252866744995,Reddit-S,42,context_grounded_static,False,59,0.2350252866744995
4,visual,0.24792194366455078,Reddit-S,42,context_grounded_static,False,59,0.24792194366455078
5,text,0.27861976623535156,Reddit-S,42,context_grounded_static,False,59,0.27861976623535156
5,visual,0.2956295609474182,Reddit-S,42,context_grounded_static,False,59,0.2956295609474182
6,text,0.3200611472129822,Reddit-S,42,context_grounded_static,False,59,0.3200611472129822
6,visual,0.33941662311553955,Reddit-S,42,context_grounded_static,False,59,0.33941662311553955
7,text,0.36011624336242676,Reddit-S,42,context_grounded_static,False,59,0.36011624336242676
7,visual,0.38129934668540955,Reddit-S,42,context_grounded_static,False,59,0.38129934668540955
8,text,0.3998467028141022,Reddit-S,42,context_grounded_static,False,59,0.3998467028141022
8,visual,0.42301177978515625,Reddit-S,42,context_grounded_static,False,59,0.42301177978515625
9,text,0.44025155901908875,Reddit-S,42,context_grounded_static,False,59,0.44025155901908875
9,visual,0.4650786221027374,Reddit-S,42,context_grounded_static,False,59,0.4650786221027374
10,text,0.48147985339164734,Reddit-S,42,context_grounded_static,False,59,0.48147985339164734
10,visual,0.5077850818634033,Reddit-S,42,context_grounded_static,False,59,0.5077850818634033
11,text,0.5230085253715515,Reddit-S,42,context_grounded_static,False,59,0.5230085253715515
11,visual,0.550847589969635,Reddit-S,42,context_grounded_static,False,59,0.550847589969635
12,text,0.5647738575935364,Reddit-S,42,context_grounded_static,False,59,0.5647738575935364
12,visual,0.5934600830078125,Reddit-S,42,context_grounded_static,False,59,0.5934600830078125
13,text,0.6067208647727966,Reddit-S,42,context_grounded_static,False,59,0.6067208647727966
13,visual,0.634880006313324,Reddit-S,42,context_grounded_static,False,59,0.634880006313324
14,text,0.6475907564163208,Reddit-S,42,context_grounded_static,False,59,0.6475907564163208
14,visual,0.6744784116744995,Reddit-S,42,context_grounded_static,False,59,0.6744784116744995
15,text,0.6864739060401917,Reddit-S,42,context_grounded_static,False,59,0.6864739060401917
15,visual,0.7122342586517334,Reddit-S,42,context_grounded_static,False,59,0.7122342586517334
16,text,0.7236415147781372,Reddit-S,42,context_grounded_static,False,59,0.7236415147781372
16,visual,0.748406171798706,Reddit-S,42,context_grounded_static,False,59,0.748406171798706
17,text,0.759807825088501,Reddit-S,42,context_grounded_static,False,59,0.759807825088501
17,visual,0.7832168936729431,Reddit-S,42,context_grounded_static,False,59,0.7832168936729431
18,text,0.7956410050392151,Reddit-S,42,context_grounded_static,False,59,0.7956410050392151
18,visual,0.8168760538101196,Reddit-S,42,context_grounded_static,False,59,0.8168760538101196
19,text,0.8301417231559753,Reddit-S,42,context_grounded_static,False,59,0.8301417231559753
19,visual,0.8496211767196655,Reddit-S,42,context_grounded_static,False,59,0.8496211767196655
20,text,0.8641780614852905,Reddit-S,42,context_grounded_static,False,59,0.8641780614852905
20,visual,0.8812854886054993,Reddit-S,42,context_grounded_static,False,59,0.8812854886054993
21,text,0.8971775770187378,Reddit-S,42,context_grounded_static,False,59,0.8971775770187378
21,visual,0.9121364951133728,Reddit-S,42,context_grounded_static,False,59,0.9121364951133728
22,text,0.9288678169250488,Reddit-S,42,context_grounded_static,False,59,0.9288678169250488
22,visual,0.9423787593841553,Reddit-S,42,context_grounded_static,False,59,0.9423787593841553
23,text,0.9593712091445923,Reddit-S,42,context_grounded_static,False,59,0.9593712091445923
23,visual,0.9720516204833984,Reddit-S,42,context_grounded_static,False,59,0.9720516204833984
24,text,0.9892037510871887,Reddit-S,42,context_grounded_static,False,59,0.9892037510871887
24,visual,1.0013597011566162,Reddit-S,42,context_grounded_static,False,59,1.0013597011566162
25,text,1.018304705619812,Reddit-S,42,context_grounded_static,False,59,1.018304705619812
25,visual,1.0305135250091553,Reddit-S,42,context_grounded_static,False,59,1.0305135250091553
26,text,1.0467497110366821,Reddit-S,42,context_grounded_static,False,59,1.0467497110366821
26,visual,1.0595676898956299,Reddit-S,42,context_grounded_static,False,59,1.0595676898956299
27,text,1.0752424001693726,Reddit-S,42,context_grounded_static,False,59,1.0752424001693726
27,visual,1.0890721082687378,Reddit-S,42,context_grounded_static,False,59,1.0890721082687378
28,text,1.103441596031189,Reddit-S,42,context_grounded_static,False,59,1.103441596031189
28,visual,1.1187323331832886,Reddit-S,42,context_grounded_static,False,59,1.1187323331832886
29,text,1.1319433450698853,Reddit-S,42,context_grounded_static,False,59,1.1319433450698853
29,visual,1.1487107276916504,Reddit-S,42,context_grounded_static,False,59,1.1487107276916504
30,text,1.1607377529144287,Reddit-S,42,context_grounded_static,False,59,1.1607377529144287
30,visual,1.178507685661316,Reddit-S,42,context_grounded_static,False,59,1.178507685661316
31,text,1.188124418258667,Reddit-S,42,context_grounded_static,False,59,1.188124418258667
31,visual,1.208388328552246,Reddit-S,42,context_grounded_static,False,59,1.208388328552246
32,text,1.2147257328033447,Reddit-S,42,context_grounded_static,False,59,1.2147257328033447
32,visual,1.2381975650787354,Reddit-S,42,context_grounded_static,False,59,1.2381975650787354
33,text,1.2405296564102173,Reddit-S,42,context_grounded_static,False,59,1.2405296564102173
33,visual,1.2677134275436401,Reddit-S,42,context_grounded_static,False,59,1.2677134275436401
34,text,1.2667046785354614,Reddit-S,42,context_grounded_static,False,59,1.2667046785354614
34,visual,1.2968188524246216,Reddit-S,42,context_grounded_static,False,59,1.2968188524246216
35,text,1.2924596071243286,Reddit-S,42,context_grounded_static,False,59,1.2924596071243286
35,visual,1.3251959085464478,Reddit-S,42,context_grounded_static,False,59,1.3251959085464478
36,text,1.318202018737793,Reddit-S,42,context_grounded_static,False,59,1.318202018737793
36,visual,1.353140950202942,Reddit-S,42,context_grounded_static,False,59,1.353140950202942
37,text,1.3424690961837769,Reddit-S,42,context_grounded_static,False,59,1.3424690961837769
37,visual,1.3806394338607788,Reddit-S,42,context_grounded_static,False,59,1.3806394338607788
38,text,1.3653899431228638,Reddit-S,42,context_grounded_static,False,59,1.3653899431228638
38,visual,1.4073911905288696,Reddit-S,42,context_grounded_static,False,59,1.4073911905288696
39,text,1.3871269226074219,Reddit-S,42,context_grounded_static,False,59,1.3871269226074219
39,visual,1.433439016342163,Reddit-S,42,context_grounded_static,False,59,1.433439016342163
40,text,1.4080743789672852,Reddit-S,42,context_grounded_static,False,59,1.4080743789672852
40,visual,1.4591097831726074,Reddit-S,42,context_grounded_static,False,59,1.4591097831726074
41,text,1.4282073974609375,Reddit-S,42,context_grounded_static,False,59,1.4282073974609375
41,visual,1.4844186305999756,Reddit-S,42,context_grounded_static,False,59,1.4844186305999756
42,text,1.4476875066757202,Reddit-S,42,context_grounded_static,False,59,1.4476875066757202
42,visual,1.50972318649292,Reddit-S,42,context_grounded_static,False,59,1.50972318649292
43,text,1.466518521308899,Reddit-S,42,context_grounded_static,False,59,1.466518521308899
43,visual,1.5347521305084229,Reddit-S,42,context_grounded_static,False,59,1.5347521305084229
44,text,1.4836944341659546,Reddit-S,42,context_grounded_static,False,59,1.4836944341659546
44,visual,1.5598620176315308,Reddit-S,42,context_grounded_static,False,59,1.5598620176315308
45,text,1.5012714862823486,Reddit-S,42,context_grounded_static,False,59,1.5012714862823486
45,visual,1.5849930047988892,Reddit-S,42,context_grounded_static,False,59,1.5849930047988892
46,text,1.5174649953842163,Reddit-S,42,context_grounded_static,False,59,1.5174649953842163
46,visual,1.609607219696045,Reddit-S,42,context_grounded_static,False,59,1.609607219696045
47,text,1.5328823328018188,Reddit-S,42,context_grounded_static,False,59,1.5328823328018188
47,visual,1.6338329315185547,Reddit-S,42,context_grounded_static,False,59,1.6338329315185547
48,text,1.547993779182434,Reddit-S,42,context_grounded_static,False,59,1.547993779182434
48,visual,1.6575506925582886,Reddit-S,42,context_grounded_static,False,59,1.6575506925582886
49,text,1.5613999366760254,Reddit-S,42,context_grounded_static,False,59,1.5613999366760254
49,visual,1.6806694269180298,Reddit-S,42,context_grounded_static,False,59,1.6806694269180298
50,text,1.5747984647750854,Reddit-S,42,context_grounded_static,False,59,1.5747984647750854
50,visual,1.703168511390686,Reddit-S,42,context_grounded_static,False,59,1.703168511390686
51,text,1.588068962097168,Reddit-S,42,context_grounded_static,False,59,1.588068962097168
51,visual,1.7248451709747314,Reddit-S,42,context_grounded_static,False,59,1.7248451709747314
52,text,1.6009018421173096,Reddit-S,42,context_grounded_static,False,59,1.6009018421173096
52,visual,1.745970368385315,Reddit-S,42,context_grounded_static,False,59,1.745970368385315
53,text,1.6135694980621338,Reddit-S,42,context_grounded_static,False,59,1.6135694980621338
53,visual,1.7664265632629395,Reddit-S,42,context_grounded_static,False,59,1.7664265632629395
54,text,1.6268365383148193,Reddit-S,42,context_grounded_static,False,59,1.6268365383148193
54,visual,1.7865177392959595,Reddit-S,42,context_grounded_static,False,59,1.7865177392959595
55,text,1.6361576318740845,Reddit-S,42,context_grounded_static,False,59,1.6361576318740845
55,visual,1.8061574697494507,Reddit-S,42,context_grounded_static,False,59,1.8061574697494507
56,text,1.6461037397384644,Reddit-S,42,context_grounded_static,False,59,1.6461037397384644
56,visual,1.824763536453247,Reddit-S,42,context_grounded_static,False,59,1.824763536453247
57,text,1.656738519668579,Reddit-S,42,context_grounded_static,False,59,1.656738519668579
57,visual,1.842484951019287,Reddit-S,42,context_grounded_static,False,59,1.842484951019287
58,text,1.6658591032028198,Reddit-S,42,context_grounded_static,False,59,1.6658591032028198
58,visual,1.860062837600708,Reddit-S,42,context_grounded_static,False,59,1.860062837600708
59,text,1.674802541732788,Reddit-S,42,context_grounded_static,True,59,1.674802541732788
59,visual,1.8770313262939453,Reddit-S,42,context_grounded_static,True,59,1.8770313262939453
60,text,1.684431791305542,Reddit-S,42,context_grounded_static,False,59,1.684431791305542
60,visual,1.8933053016662598,Reddit-S,42,context_grounded_static,False,59,1.8933053016662598
61,text,1.6940929889678955,Reddit-S,42,context_grounded_static,False,59,1.6940929889678955
61,visual,1.9086604118347168,Reddit-S,42,context_grounded_static,False,59,1.9086604118347168
62,text,1.7020444869995117,Reddit-S,42,context_grounded_static,False,59,1.7020444869995117
62,visual,1.923601746559143,Reddit-S,42,context_grounded_static,False,59,1.923601746559143
63,text,1.7101173400878906,Reddit-S,42,context_grounded_static,False,59,1.7101173400878906
63,visual,1.9378881454467773,Reddit-S,42,context_grounded_static,False,59,1.9378881454467773
64,text,1.7182981967926025,Reddit-S,42,context_grounded_static,False,59,1.7182981967926025
64,visual,1.9514943361282349,Reddit-S,42,context_grounded_static,False,59,1.9514943361282349
65,text,1.726796269416809,Reddit-S,42,context_grounded_static,False,59,1.726796269416809
65,visual,1.9649720191955566,Reddit-S,42,context_grounded_static,False,59,1.9649720191955566
66,text,1.7345188856124878,Reddit-S,42,context_grounded_static,False,59,1.7345188856124878
66,visual,1.9782817363739014,Reddit-S,42,context_grounded_static,False,59,1.9782817363739014
67,text,1.7415553331375122,Reddit-S,42,context_grounded_static,False,59,1.7415553331375122
67,visual,1.9911030530929565,Reddit-S,42,context_grounded_static,False,59,1.9911030530929565
68,text,1.7486287355422974,Reddit-S,42,context_grounded_static,False,59,1.7486287355422974
68,visual,2.0034046173095703,Reddit-S,42,context_grounded_static,False,59,2.0034046173095703
69,text,1.7561088800430298,Reddit-S,42,context_grounded_static,False,59,1.7561088800430298
69,visual,2.0155327320098877,Reddit-S,42,context_grounded_static,False,59,2.0155327320098877
70,text,1.763963222503662,Reddit-S,42,context_grounded_static,False,59,1.763963222503662
70,visual,2.027308225631714,Reddit-S,42,context_grounded_static,False,59,2.027308225631714
71,text,1.7713719606399536,Reddit-S,42,context_grounded_static,False,59,1.7713719606399536
71,visual,2.0389373302459717,Reddit-S,42,context_grounded_static,False,59,2.0389373302459717
72,text,1.7783540487289429,Reddit-S,42,context_grounded_static,False,59,1.7783540487289429
72,visual,2.0502049922943115,Reddit-S,42,context_grounded_static,False,59,2.0502049922943115
73,text,1.7853864431381226,Reddit-S,42,context_grounded_static,False,59,1.7853864431381226
73,visual,2.061262607574463,Reddit-S,42,context_grounded_static,False,59,2.061262607574463
74,text,1.7925498485565186,Reddit-S,42,context_grounded_static,False,59,1.7925498485565186
74,visual,2.0720582008361816,Reddit-S,42,context_grounded_static,False,59,2.0720582008361816
75,text,1.7997403144836426,Reddit-S,42,context_grounded_static,False,59,1.7997403144836426
75,visual,2.0827085971832275,Reddit-S,42,context_grounded_static,False,59,2.0827085971832275
76,text,1.8066022396087646,Reddit-S,42,context_grounded_static,False,59,1.8066022396087646
76,visual,2.092700958251953,Reddit-S,42,context_grounded_static,False,59,2.092700958251953
77,text,1.8128430843353271,Reddit-S,42,context_grounded_static,False,59,1.8128430843353271
77,visual,2.102144241333008,Reddit-S,42,context_grounded_static,False,59,2.102144241333008
78,text,1.8186150789260864,Reddit-S,42,context_grounded_static,False,59,1.8186150789260864
78,visual,2.111276388168335,Reddit-S,42,context_grounded_static,False,59,2.111276388168335
79,text,1.824224591255188,Reddit-S,42,context_grounded_static,False,59,1.824224591255188
79,visual,2.1203017234802246,Reddit-S,42,context_grounded_static,False,59,2.1203017234802246
80,text,1.8300867080688477,Reddit-S,42,context_grounded_static,False,59,1.8300867080688477
80,visual,2.1294033527374268,Reddit-S,42,context_grounded_static,False,59,2.1294033527374268
81,text,1.8362385034561157,Reddit-S,42,context_grounded_static,False,59,1.8362385034561157
81,visual,2.138284206390381,Reddit-S,42,context_grounded_static,False,59,2.138284206390381
82,text,1.842374563217163,Reddit-S,42,context_grounded_static,False,59,1.842374563217163
82,visual,2.1467788219451904,Reddit-S,42,context_grounded_static,False,59,2.1467788219451904
83,text,1.8486006259918213,Reddit-S,42,context_grounded_static,False,59,1.8486006259918213
83,visual,2.154935598373413,Reddit-S,42,context_grounded_static,False,59,2.154935598373413
84,text,1.8548182249069214,Reddit-S,42,context_grounded_static,False,59,1.8548182249069214
84,visual,2.162600517272949,Reddit-S,42,context_grounded_static,False,59,2.162600517272949
85,text,1.8603225946426392,Reddit-S,42,context_grounded_static,False,59,1.8603225946426392
85,visual,2.169978618621826,Reddit-S,42,context_grounded_static,False,59,2.169978618621826
86,text,1.8656271696090698,Reddit-S,42,context_grounded_static,False,59,1.8656271696090698
86,visual,2.176598072052002,Reddit-S,42,context_grounded_static,False,59,2.176598072052002
87,text,1.8713480234146118,Reddit-S,42,context_grounded_static,False,59,1.8713480234146118
87,visual,2.183065891265869,Reddit-S,42,context_grounded_static,False,59,2.183065891265869
88,text,1.8772375583648682,Reddit-S,42,context_grounded_static,False,59,1.8772375583648682
88,visual,2.1895718574523926,Reddit-S,42,context_grounded_static,False,59,2.1895718574523926
89,text,1.8829833269119263,Reddit-S,42,context_grounded_static,False,59,1.8829833269119263
89,visual,2.1958632469177246,Reddit-S,42,context_grounded_static,False,59,2.1958632469177246
1,text,0.0900552049279213,Reddit-S,42,context_grounded_dynamic,False,62,0.0900552049279213
1,visual,0.090232715010643,Reddit-S,42,context_grounded_dynamic,False,62,0.090232715010643
2,text,0.14300495386123657,Reddit-S,42,context_grounded_dynamic,False,62,0.14300495386123657
2,visual,0.14565834403038025,Reddit-S,42,context_grounded_dynamic,False,62,0.14565834403038025
3,text,0.190313920378685,Reddit-S,42,context_grounded_dynamic,False,62,0.190313920378685
3,visual,0.1975436806678772,Reddit-S,42,context_grounded_dynamic,False,62,0.1975436806678772
4,text,0.2372676581144333,Reddit-S,42,context_grounded_dynamic,False,62,0.2372676581144333
4,visual,0.2481052577495575,Reddit-S,42,context_grounded_dynamic,False,62,0.2481052577495575
5,text,0.2833910584449768,Reddit-S,42,context_grounded_dynamic,False,62,0.2833910584449768
5,visual,0.296186238527298,Reddit-S,42,context_grounded_dynamic,False,62,0.296186238527298
6,text,0.3277626931667328,Reddit-S,42,context_grounded_dynamic,False,62,0.3277626931667328
6,visual,0.3398418724536896,Reddit-S,42,context_grounded_dynamic,False,62,0.3398418724536896
7,text,0.3709958791732788,Reddit-S,42,context_grounded_dynamic,False,62,0.3709958791732788
7,visual,0.3814941942691803,Reddit-S,42,context_grounded_dynamic,False,62,0.3814941942691803
8,text,0.41421669721603394,Reddit-S,42,context_grounded_dynamic,False,62,0.41421669721603394
8,visual,0.4229135811328888,Reddit-S,42,context_grounded_dynamic,False,62,0.4229135811328888
9,text,0.4581572115421295,Reddit-S,42,context_grounded_dynamic,False,62,0.4581572115421295
9,visual,0.46485650539398193,Reddit-S,42,context_grounded_dynamic,False,62,0.46485650539398193
10,text,0.5026910901069641,Reddit-S,42,context_grounded_dynamic,False,62,0.5026910901069641
10,visual,0.5077251195907593,Reddit-S,42,context_grounded_dynamic,False,62,0.5077251195907593
11,text,0.5473237037658691,Reddit-S,42,context_grounded_dynamic,False,62,0.5473237037658691
11,visual,0.5512064099311829,Reddit-S,42,context_grounded_dynamic,False,62,0.5512064099311829
12,text,0.5916999578475952,Reddit-S,42,context_grounded_dynamic,False,62,0.5916999578475952
12,visual,0.5945670008659363,Reddit-S,42,context_grounded_dynamic,False,62,0.5945670008659363
13,text,0.6355128884315491,Reddit-S,42,context_grounded_dynamic,False,62,0.6355128884315491
13,visual,0.6370554566383362,Reddit-S,42,context_grounded_dynamic,False,62,0.6370554566383362
14,text,0.6775833964347839,Reddit-S,42,context_grounded_dynamic,False,62,0.6775833964347839
14,visual,0.6781260371208191,Reddit-S,42,context_grounded_dynamic,False,62,0.6781260371208191
15,text,0.7176211476325989,Reddit-S,42,context_grounded_dynamic,False,62,0.7176211476325989
15,visual,0.717642605304718,Reddit-S,42,context_grounded_dynamic,False,62,0.717642605304718
16,text,0.7565901875495911,Reddit-S,42,context_grounded_dynamic,False,62,0.7565901875495911
16,visual,0.755823016166687,Reddit-S,42,context_grounded_dynamic,False,62,0.755823016166687
17,text,0.7945355772972107,Reddit-S,42,context_grounded_dynamic,False,62,0.7945355772972107
17,visual,0.7929509878158569,Reddit-S,42,context_grounded_dynamic,False,62,0.7929509878158569
18,text,0.832213819026947,Reddit-S,42,context_grounded_dynamic,False,62,0.832213819026947
18,visual,0.8291832208633423,Reddit-S,42,context_grounded_dynamic,False,62,0.8291832208633423
19,text,0.8682905435562134,Reddit-S,42,context_grounded_dynamic,False,62,0.8682905435562134
19,visual,0.8644816875457764,Reddit-S,42,context_grounded_dynamic,False,62,0.8644816875457764
20,text,0.9040130376815796,Reddit-S,42,context_grounded_dynamic,False,62,0.9040130376815796
20,visual,0.899040162563324,Reddit-S,42,context_grounded_dynamic,False,62,0.899040162563324
21,text,0.9384369850158691,Reddit-S,42,context_grounded_dynamic,False,62,0.9384369850158691
21,visual,0.932758092880249,Reddit-S,42,context_grounded_dynamic,False,62,0.932758092880249
22,text,0.9711446166038513,Reddit-S,42,context_grounded_dynamic,False,62,0.9711446166038513
22,visual,0.966009795665741,Reddit-S,42,context_grounded_dynamic,False,62,0.966009795665741
23,text,1.0023508071899414,Reddit-S,42,context_grounded_dynamic,False,62,1.0023508071899414
23,visual,0.998706579208374,Reddit-S,42,context_grounded_dynamic,False,62,0.998706579208374
24,text,1.0331041812896729,Reddit-S,42,context_grounded_dynamic,False,62,1.0331041812896729
24,visual,1.031368613243103,Reddit-S,42,context_grounded_dynamic,False,62,1.031368613243103
25,text,1.06296706199646,Reddit-S,42,context_grounded_dynamic,False,62,1.06296706199646
25,visual,1.0640896558761597,Reddit-S,42,context_grounded_dynamic,False,62,1.0640896558761597
26,text,1.0915091037750244,Reddit-S,42,context_grounded_dynamic,False,62,1.0915091037750244
26,visual,1.0970096588134766,Reddit-S,42,context_grounded_dynamic,False,62,1.0970096588134766
27,text,1.1206740140914917,Reddit-S,42,context_grounded_dynamic,False,62,1.1206740140914917
27,visual,1.1302474737167358,Reddit-S,42,context_grounded_dynamic,False,62,1.1302474737167358
28,text,1.1502397060394287,Reddit-S,42,context_grounded_dynamic,False,62,1.1502397060394287
28,visual,1.1636762619018555,Reddit-S,42,context_grounded_dynamic,False,62,1.1636762619018555
29,text,1.1798739433288574,Reddit-S,42,context_grounded_dynamic,False,62,1.1798739433288574
29,visual,1.1976311206817627,Reddit-S,42,context_grounded_dynamic,False,62,1.1976311206817627
30,text,1.2099331617355347,Reddit-S,42,context_grounded_dynamic,False,62,1.2099331617355347
30,visual,1.231915831565857,Reddit-S,42,context_grounded_dynamic,False,62,1.231915831565857
31,text,1.239092230796814,Reddit-S,42,context_grounded_dynamic,False,62,1.239092230796814
31,visual,1.2665495872497559,Reddit-S,42,context_grounded_dynamic,False,62,1.2665495872497559
32,text,1.2678234577178955,Reddit-S,42,context_grounded_dynamic,False,62,1.2678234577178955
32,visual,1.3012744188308716,Reddit-S,42,context_grounded_dynamic,False,62,1.3012744188308716
33,text,1.295810341835022,Reddit-S,42,context_grounded_dynamic,False,62,1.295810341835022
33,visual,1.3357874155044556,Reddit-S,42,context_grounded_dynamic,False,62,1.3357874155044556
34,text,1.3233695030212402,Reddit-S,42,context_grounded_dynamic,False,62,1.3233695030212402
34,visual,1.3699618577957153,Reddit-S,42,context_grounded_dynamic,False,62,1.3699618577957153
35,text,1.3494137525558472,Reddit-S,42,context_grounded_dynamic,False,62,1.3494137525558472
35,visual,1.4037160873413086,Reddit-S,42,context_grounded_dynamic,False,62,1.4037160873413086
36,text,1.374347448348999,Reddit-S,42,context_grounded_dynamic,False,62,1.374347448348999
36,visual,1.437370777130127,Reddit-S,42,context_grounded_dynamic,False,62,1.437370777130127
37,text,1.397772192955017,Reddit-S,42,context_grounded_dynamic,False,62,1.397772192955017
37,visual,1.47063148021698,Reddit-S,42,context_grounded_dynamic,False,62,1.47063148021698
38,text,1.4198535680770874,Reddit-S,42,context_grounded_dynamic,False,62,1.4198535680770874
38,visual,1.5032607316970825,Reddit-S,42,context_grounded_dynamic,False,62,1.5032607316970825
39,text,1.4403835535049438,Reddit-S,42,context_grounded_dynamic,False,62,1.4403835535049438
39,visual,1.5350385904312134,Reddit-S,42,context_grounded_dynamic,False,62,1.5350385904312134
40,text,1.459218144416809,Reddit-S,42,context_grounded_dynamic,False,62,1.459218144416809
40,visual,1.5665204524993896,Reddit-S,42,context_grounded_dynamic,False,62,1.5665204524993896
41,text,1.4780073165893555,Reddit-S,42,context_grounded_dynamic,False,62,1.4780073165893555
41,visual,1.5976879596710205,Reddit-S,42,context_grounded_dynamic,False,62,1.5976879596710205
42,text,1.4945902824401855,Reddit-S,42,context_grounded_dynamic,False,62,1.4945902824401855
42,visual,1.6288379430770874,Reddit-S,42,context_grounded_dynamic,False,62,1.6288379430770874
43,text,1.509417176246643,Reddit-S,42,context_grounded_dynamic,False,62,1.509417176246643
43,visual,1.6591360569000244,Reddit-S,42,context_grounded_dynamic,False,62,1.6591360569000244
44,text,1.5242334604263306,Reddit-S,42,context_grounded_dynamic,False,62,1.5242334604263306
44,visual,1.6892417669296265,Reddit-S,42,context_grounded_dynamic,False,62,1.6892417669296265
45,text,1.5384831428527832,Reddit-S,42,context_grounded_dynamic,False,62,1.5384831428527832
45,visual,1.7190593481063843,Reddit-S,42,context_grounded_dynamic,False,62,1.7190593481063843
46,text,1.5514672994613647,Reddit-S,42,context_grounded_dynamic,False,62,1.5514672994613647
46,visual,1.7472902536392212,Reddit-S,42,context_grounded_dynamic,False,62,1.7472902536392212
47,text,1.5636457204818726,Reddit-S,42,context_grounded_dynamic,False,62,1.5636457204818726
47,visual,1.7747474908828735,Reddit-S,42,context_grounded_dynamic,False,62,1.7747474908828735
48,text,1.5762414932250977,Reddit-S,42,context_grounded_dynamic,False,62,1.5762414932250977
48,visual,1.8006197214126587,Reddit-S,42,context_grounded_dynamic,False,62,1.8006197214126587
49,text,1.5891534090042114,Reddit-S,42,context_grounded_dynamic,False,62,1.5891534090042114
49,visual,1.8255726099014282,Reddit-S,42,context_grounded_dynamic,False,62,1.8255726099014282
50,text,1.6010501384735107,Reddit-S,42,context_grounded_dynamic,False,62,1.6010501384735107
50,visual,1.8500500917434692,Reddit-S,42,context_grounded_dynamic,False,62,1.8500500917434692
51,text,1.6121901273727417,Reddit-S,42,context_grounded_dynamic,False,62,1.6121901273727417
51,visual,1.8733612298965454,Reddit-S,42,context_grounded_dynamic,False,62,1.8733612298965454
52,text,1.6231533288955688,Reddit-S,42,context_grounded_dynamic,False,62,1.6231533288955688
52,visual,1.8958163261413574,Reddit-S,42,context_grounded_dynamic,False,62,1.8958163261413574
53,text,1.6336404085159302,Reddit-S,42,context_grounded_dynamic,False,62,1.6336404085159302
53,visual,1.91738760471344,Reddit-S,42,context_grounded_dynamic,False,62,1.91738760471344
54,text,1.6432831287384033,Reddit-S,42,context_grounded_dynamic,False,62,1.6432831287384033
54,visual,1.9381623268127441,Reddit-S,42,context_grounded_dynamic,False,62,1.9381623268127441
55,text,1.6522903442382812,Reddit-S,42,context_grounded_dynamic,False,62,1.6522903442382812
55,visual,1.9575018882751465,Reddit-S,42,context_grounded_dynamic,False,62,1.9575018882751465
56,text,1.6619960069656372,Reddit-S,42,context_grounded_dynamic,False,62,1.6619960069656372
56,visual,1.9756556749343872,Reddit-S,42,context_grounded_dynamic,False,62,1.9756556749343872
57,text,1.671639084815979,Reddit-S,42,context_grounded_dynamic,False,62,1.671639084815979
57,visual,1.9928175210952759,Reddit-S,42,context_grounded_dynamic,False,62,1.9928175210952759
58,text,1.679850697517395,Reddit-S,42,context_grounded_dynamic,False,62,1.679850697517395
58,visual,2.0092384815216064,Reddit-S,42,context_grounded_dynamic,False,62,2.0092384815216064
59,text,1.6865218877792358,Reddit-S,42,context_grounded_dynamic,False,62,1.6865218877792358
59,visual,2.0239360332489014,Reddit-S,42,context_grounded_dynamic,False,62,2.0239360332489014
60,text,1.6928424835205078,Reddit-S,42,context_grounded_dynamic,False,62,1.6928424835205078
60,visual,2.037855625152588,Reddit-S,42,context_grounded_dynamic,False,62,2.037855625152588
61,text,1.6997230052947998,Reddit-S,42,context_grounded_dynamic,False,62,1.6997230052947998
61,visual,2.050968647003174,Reddit-S,42,context_grounded_dynamic,False,62,2.050968647003174
62,text,1.7065352201461792,Reddit-S,42,context_grounded_dynamic,True,62,1.7065352201461792
62,visual,2.0635485649108887,Reddit-S,42,context_grounded_dynamic,True,62,2.0635485649108887
63,text,1.7134528160095215,Reddit-S,42,context_grounded_dynamic,False,62,1.7134528160095215
63,visual,2.075793981552124,Reddit-S,42,context_grounded_dynamic,False,62,2.075793981552124
64,text,1.719988465309143,Reddit-S,42,context_grounded_dynamic,False,62,1.719988465309143
64,visual,2.0876317024230957,Reddit-S,42,context_grounded_dynamic,False,62,2.0876317024230957
65,text,1.726441740989685,Reddit-S,42,context_grounded_dynamic,False,62,1.726441740989685
65,visual,2.0991358757019043,Reddit-S,42,context_grounded_dynamic,False,62,2.0991358757019043
66,text,1.732465386390686,Reddit-S,42,context_grounded_dynamic,False,62,1.732465386390686
66,visual,2.110123872756958,Reddit-S,42,context_grounded_dynamic,False,62,2.110123872756958
67,text,1.7380738258361816,Reddit-S,42,context_grounded_dynamic,False,62,1.7380738258361816
67,visual,2.1206393241882324,Reddit-S,42,context_grounded_dynamic,False,62,2.1206393241882324
68,text,1.7432836294174194,Reddit-S,42,context_grounded_dynamic,False,62,1.7432836294174194
68,visual,2.1308958530426025,Reddit-S,42,context_grounded_dynamic,False,62,2.1308958530426025
69,text,1.748611330986023,Reddit-S,42,context_grounded_dynamic,False,62,1.748611330986023
69,visual,2.1402878761291504,Reddit-S,42,context_grounded_dynamic,False,62,2.1402878761291504
70,text,1.7547378540039062,Reddit-S,42,context_grounded_dynamic,False,62,1.7547378540039062
70,visual,2.149463176727295,Reddit-S,42,context_grounded_dynamic,False,62,2.149463176727295
71,text,1.760783076286316,Reddit-S,42,context_grounded_dynamic,False,62,1.760783076286316
71,visual,2.158249616622925,Reddit-S,42,context_grounded_dynamic,False,62,2.158249616622925
72,text,1.7661737203598022,Reddit-S,42,context_grounded_dynamic,False,62,1.7661737203598022
72,visual,2.1666665077209473,Reddit-S,42,context_grounded_dynamic,False,62,2.1666665077209473
73,text,1.770747423171997,Reddit-S,42,context_grounded_dynamic,False,62,1.770747423171997
73,visual,2.174839973449707,Reddit-S,42,context_grounded_dynamic,False,62,2.174839973449707
74,text,1.7754006385803223,Reddit-S,42,context_grounded_dynamic,False,62,1.7754006385803223
74,visual,2.1829288005828857,Reddit-S,42,context_grounded_dynamic,False,62,2.1829288005828857
75,text,1.780364990234375,Reddit-S,42,context_grounded_dynamic,False,62,1.780364990234375
75,visual,2.1910316944122314,Reddit-S,42,context_grounded_dynamic,False,62,2.1910316944122314
76,text,1.7856965065002441,Reddit-S,42,context_grounded_dynamic,False,62,1.7856965065002441
76,visual,2.1994385719299316,Reddit-S,42,context_grounded_dynamic,False,62,2.1994385719299316
77,text,1.7910902500152588,Reddit-S,42,context_grounded_dynamic,False,62,1.7910902500152588
77,visual,2.2077322006225586,Reddit-S,42,context_grounded_dynamic,False,62,2.2077322006225586
78,text,1.7964752912521362,Reddit-S,42,context_grounded_dynamic,False,62,1.7964752912521362
78,visual,2.2158420085906982,Reddit-S,42,context_grounded_dynamic,False,62,2.2158420085906982
79,text,1.8012088537216187,Reddit-S,42,context_grounded_dynamic,False,62,1.8012088537216187
79,visual,2.22355055809021,Reddit-S,42,context_grounded_dynamic,False,62,2.22355055809021
80,text,1.8057705163955688,Reddit-S,42,context_grounded_dynamic,False,62,1.8057705163955688
80,visual,2.2310192584991455,Reddit-S,42,context_grounded_dynamic,False,62,2.2310192584991455
81,text,1.8104643821716309,Reddit-S,42,context_grounded_dynamic,False,62,1.8104643821716309
81,visual,2.2377853393554688,Reddit-S,42,context_grounded_dynamic,False,62,2.2377853393554688
82,text,1.8155162334442139,Reddit-S,42,context_grounded_dynamic,False,62,1.8155162334442139
82,visual,2.243997097015381,Reddit-S,42,context_grounded_dynamic,False,62,2.243997097015381
83,text,1.8205318450927734,Reddit-S,42,context_grounded_dynamic,False,62,1.8205318450927734
83,visual,2.249436855316162,Reddit-S,42,context_grounded_dynamic,False,62,2.249436855316162
84,text,1.8251917362213135,Reddit-S,42,context_grounded_dynamic,False,62,1.8251917362213135
84,visual,2.2547335624694824,Reddit-S,42,context_grounded_dynamic,False,62,2.2547335624694824
85,text,1.8294934034347534,Reddit-S,42,context_grounded_dynamic,False,62,1.8294934034347534
85,visual,2.2598259449005127,Reddit-S,42,context_grounded_dynamic,False,62,2.2598259449005127
86,text,1.8337293863296509,Reddit-S,42,context_grounded_dynamic,False,62,1.8337293863296509
86,visual,2.26483416557312,Reddit-S,42,context_grounded_dynamic,False,62,2.26483416557312
87,text,1.8384276628494263,Reddit-S,42,context_grounded_dynamic,False,62,1.8384276628494263
87,visual,2.2695889472961426,Reddit-S,42,context_grounded_dynamic,False,62,2.2695889472961426
88,text,1.8440462350845337,Reddit-S,42,context_grounded_dynamic,False,62,1.8440462350845337
88,visual,2.2739977836608887,Reddit-S,42,context_grounded_dynamic,False,62,2.2739977836608887
89,text,1.8498367071151733,Reddit-S,42,context_grounded_dynamic,False,62,1.8498367071151733
89,visual,2.2786831855773926,Reddit-S,42,context_grounded_dynamic,False,62,2.2786831855773926
90,text,1.854889988899231,Reddit-S,42,context_grounded_dynamic,False,62,1.854889988899231
90,visual,2.283289670944214,Reddit-S,42,context_grounded_dynamic,False,62,2.283289670944214
91,text,1.8588478565216064,Reddit-S,42,context_grounded_dynamic,False,62,1.8588478565216064
91,visual,2.287743091583252,Reddit-S,42,context_grounded_dynamic,False,62,2.287743091583252
92,text,1.8614232540130615,Reddit-S,42,context_grounded_dynamic,False,62,1.8614232540130615
92,visual,2.291930913925171,Reddit-S,42,context_grounded_dynamic,False,62,2.291930913925171
1,text,0.09010949730873108,Reddit-S,43,global_grounded_dynamic,False,63,0.09010949730873108
1,visual,0.09004209190607071,Reddit-S,43,global_grounded_dynamic,False,63,0.09004209190607071
2,text,0.13493570685386658,Reddit-S,43,global_grounded_dynamic,False,63,0.13493570685386658
2,visual,0.1464269906282425,Reddit-S,43,global_grounded_dynamic,False,63,0.1464269906282425
3,text,0.1747812181711197,Reddit-S,43,global_grounded_dynamic,False,63,0.1747812181711197
3,visual,0.19626671075820923,Reddit-S,43,global_grounded_dynamic,False,63,0.19626671075820923
4,text,0.21166697144508362,Reddit-S,43,global_grounded_dynamic,False,63,0.21166697144508362
4,visual,0.24494607746601105,Reddit-S,43,global_grounded_dynamic,False,63,0.24494607746601105
5,text,0.24558116495609283,Reddit-S,43,global_grounded_dynamic,False,63,0.24558116495609283
5,visual,0.2924593389034271,Reddit-S,43,global_grounded_dynamic,False,63,0.2924593389034271
6,text,0.2755463421344757,Reddit-S,43,global_grounded_dynamic,False,63,0.2755463421344757
6,visual,0.33698326349258423,Reddit-S,43,global_grounded_dynamic,False,63,0.33698326349258423
7,text,0.3016659915447235,Reddit-S,43,global_grounded_dynamic,False,63,0.3016659915447235
7,visual,0.37981748580932617,Reddit-S,43,global_grounded_dynamic,False,63,0.37981748580932617
8,text,0.32419443130493164,Reddit-S,43,global_grounded_dynamic,False,63,0.32419443130493164
8,visual,0.4224797487258911,Reddit-S,43,global_grounded_dynamic,False,63,0.4224797487258911
9,text,0.3441793918609619,Reddit-S,43,global_grounded_dynamic,False,63,0.3441793918609619
9,visual,0.4652172327041626,Reddit-S,43,global_grounded_dynamic,False,63,0.4652172327041626
10,text,0.3638169765472412,Reddit-S,43,global_grounded_dynamic,False,63,0.3638169765472412
10,visual,0.5084853768348694,Reddit-S,43,global_grounded_dynamic,False,63,0.5084853768348694
11,text,0.3845783770084381,Reddit-S,43,global_grounded_dynamic,False,63,0.3845783770084381
11,visual,0.5519770979881287,Reddit-S,43,global_grounded_dynamic,False,63,0.5519770979881287
12,text,0.4062242805957794,Reddit-S,43,global_grounded_dynamic,False,63,0.4062242805957794
12,visual,0.5948473811149597,Reddit-S,43,global_grounded_dynamic,False,63,0.5948473811149597
13,text,0.4280523359775543,Reddit-S,43,global_grounded_dynamic,False,63,0.4280523359775543
13,visual,0.6364786624908447,Reddit-S,43,global_grounded_dynamic,False,63,0.6364786624908447
14,text,0.4495178759098053,Reddit-S,43,global_grounded_dynamic,False,63,0.4495178759098053
14,visual,0.6756876111030579,Reddit-S,43,global_grounded_dynamic,False,63,0.6756876111030579
15,text,0.4700852632522583,Reddit-S,43,global_grounded_dynamic,False,63,0.4700852632522583
15,visual,0.7126352190971375,Reddit-S,43,global_grounded_dynamic,False,63,0.7126352190971375
16,text,0.48964598774909973,Reddit-S,43,global_grounded_dynamic,False,63,0.48964598774909973
16,visual,0.7475404143333435,Reddit-S,43,global_grounded_dynamic,False,63,0.7475404143333435
17,text,0.5085822939872742,Reddit-S,43,global_grounded_dynamic,False,63,0.5085822939872742
17,visual,0.7804396152496338,Reddit-S,43,global_grounded_dynamic,False,63,0.7804396152496338
18,text,0.526840090751648,Reddit-S,43,global_grounded_dynamic,False,63,0.526840090751648
18,visual,0.8112762570381165,Reddit-S,43,global_grounded_dynamic,False,63,0.8112762570381165
19,text,0.5444894433021545,Reddit-S,43,global_grounded_dynamic,False,63,0.5444894433021545
19,visual,0.8397785425186157,Reddit-S,43,global_grounded_dynamic,False,63,0.8397785425186157
20,text,0.5611284375190735,Reddit-S,43,global_grounded_dynamic,False,63,0.5611284375190735
20,visual,0.8659955859184265,Reddit-S,43,global_grounded_dynamic,False,63,0.8659955859184265
21,text,0.5760053396224976,Reddit-S,43,global_grounded_dynamic,False,63,0.5760053396224976
21,visual,0.8898172378540039,Reddit-S,43,global_grounded_dynamic,False,63,0.8898172378540039
22,text,0.5892878770828247,Reddit-S,43,global_grounded_dynamic,False,63,0.5892878770828247
22,visual,0.910938560962677,Reddit-S,43,global_grounded_dynamic,False,63,0.910938560962677
23,text,0.6019290685653687,Reddit-S,43,global_grounded_dynamic,False,63,0.6019290685653687
23,visual,0.9296385049819946,Reddit-S,43,global_grounded_dynamic,False,63,0.9296385049819946
24,text,0.6138916015625,Reddit-S,43,global_grounded_dynamic,False,63,0.6138916015625
24,visual,0.9462277293205261,Reddit-S,43,global_grounded_dynamic,False,63,0.9462277293205261
25,text,0.6251906752586365,Reddit-S,43,global_grounded_dynamic,False,63,0.6251906752586365
25,visual,0.9608969688415527,Reddit-S,43,global_grounded_dynamic,False,63,0.9608969688415527
26,text,0.6361050009727478,Reddit-S,43,global_grounded_dynamic,False,63,0.6361050009727478
26,visual,0.974085807800293,Reddit-S,43,global_grounded_dynamic,False,63,0.974085807800293
27,text,0.646776556968689,Reddit-S,43,global_grounded_dynamic,False,63,0.646776556968689
27,visual,0.9863114953041077,Reddit-S,43,global_grounded_dynamic,False,63,0.9863114953041077
28,text,0.6573676466941833,Reddit-S,43,global_grounded_dynamic,False,63,0.6573676466941833
28,visual,0.9979269504547119,Reddit-S,43,global_grounded_dynamic,False,63,0.9979269504547119
29,text,0.6681424379348755,Reddit-S,43,global_grounded_dynamic,False,63,0.6681424379348755
29,visual,1.0091112852096558,Reddit-S,43,global_grounded_dynamic,False,63,1.0091112852096558
30,text,0.6792828440666199,Reddit-S,43,global_grounded_dynamic,False,63,0.6792828440666199
30,visual,1.0200824737548828,Reddit-S,43,global_grounded_dynamic,False,63,1.0200824737548828
31,text,0.6904190182685852,Reddit-S,43,global_grounded_dynamic,False,63,0.6904190182685852
31,visual,1.0308852195739746,Reddit-S,43,global_grounded_dynamic,False,63,1.0308852195739746
32,text,0.7018399834632874,Reddit-S,43,global_grounded_dynamic,False,63,0.7018399834632874
32,visual,1.0416336059570312,Reddit-S,43,global_grounded_dynamic,False,63,1.0416336059570312
33,text,0.7136516571044922,Reddit-S,43,global_grounded_dynamic,False,63,0.7136516571044922
33,visual,1.0522680282592773,Reddit-S,43,global_grounded_dynamic,False,63,1.0522680282592773
34,text,0.7255114912986755,Reddit-S,43,global_grounded_dynamic,False,63,0.7255114912986755
34,visual,1.062666893005371,Reddit-S,43,global_grounded_dynamic,False,63,1.062666893005371
35,text,0.7374486327171326,Reddit-S,43,global_grounded_dynamic,False,63,0.7374486327171326
35,visual,1.072784662246704,Reddit-S,43,global_grounded_dynamic,False,63,1.072784662246704
36,text,0.7493375539779663,Reddit-S,43,global_grounded_dynamic,False,63,0.7493375539779663
36,visual,1.082688331604004,Reddit-S,43,global_grounded_dynamic,False,63,1.082688331604004
37,text,0.7607837915420532,Reddit-S,43,global_grounded_dynamic,False,63,0.7607837915420532
37,visual,1.0921555757522583,Reddit-S,43,global_grounded_dynamic,False,63,1.0921555757522583
38,text,0.7723917961120605,Reddit-S,43,global_grounded_dynamic,False,63,0.7723917961120605
38,visual,1.101151704788208,Reddit-S,43,global_grounded_dynamic,False,63,1.101151704788208
39,text,0.7840251326560974,Reddit-S,43,global_grounded_dynamic,False,63,0.7840251326560974
39,visual,1.1097763776779175,Reddit-S,43,global_grounded_dynamic,False,63,1.1097763776779175
40,text,0.7955396175384521,Reddit-S,43,global_grounded_dynamic,False,63,0.7955396175384521
40,visual,1.1180572509765625,Reddit-S,43,global_grounded_dynamic,False,63,1.1180572509765625
41,text,0.8070799708366394,Reddit-S,43,global_grounded_dynamic,False,63,0.8070799708366394
41,visual,1.1258485317230225,Reddit-S,43,global_grounded_dynamic,False,63,1.1258485317230225
42,text,0.8185134530067444,Reddit-S,43,global_grounded_dynamic,False,63,0.8185134530067444
42,visual,1.133327603340149,Reddit-S,43,global_grounded_dynamic,False,63,1.133327603340149
43,text,0.8298268914222717,Reddit-S,43,global_grounded_dynamic,False,63,0.8298268914222717
43,visual,1.140549898147583,Reddit-S,43,global_grounded_dynamic,False,63,1.140549898147583
44,text,0.8408705592155457,Reddit-S,43,global_grounded_dynamic,False,63,0.8408705592155457
44,visual,1.1476191282272339,Reddit-S,43,global_grounded_dynamic,False,63,1.1476191282272339
45,text,0.8519278168678284,Reddit-S,43,global_grounded_dynamic,False,63,0.8519278168678284
45,visual,1.154426097869873,Reddit-S,43,global_grounded_dynamic,False,63,1.154426097869873
46,text,0.8631327152252197,Reddit-S,43,global_grounded_dynamic,False,63,0.8631327152252197
46,visual,1.1611149311065674,Reddit-S,43,global_grounded_dynamic,False,63,1.1611149311065674
47,text,0.8744030594825745,Reddit-S,43,global_grounded_dynamic,False,63,0.8744030594825745
47,visual,1.1674317121505737,Reddit-S,43,global_grounded_dynamic,False,63,1.1674317121505737
48,text,0.8849033117294312,Reddit-S,43,global_grounded_dynamic,False,63,0.8849033117294312
48,visual,1.1735520362854004,Reddit-S,43,global_grounded_dynamic,False,63,1.1735520362854004
49,text,0.89488285779953,Reddit-S,43,global_grounded_dynamic,False,63,0.89488285779953
49,visual,1.179563045501709,Reddit-S,43,global_grounded_dynamic,False,63,1.179563045501709
50,text,0.9052021503448486,Reddit-S,43,global_grounded_dynamic,False,63,0.9052021503448486
50,visual,1.185099482536316,Reddit-S,43,global_grounded_dynamic,False,63,1.185099482536316
51,text,0.9150453805923462,Reddit-S,43,global_grounded_dynamic,False,63,0.9150453805923462
51,visual,1.1905828714370728,Reddit-S,43,global_grounded_dynamic,False,63,1.1905828714370728
52,text,0.9247045516967773,Reddit-S,43,global_grounded_dynamic,False,63,0.9247045516967773
52,visual,1.1958611011505127,Reddit-S,43,global_grounded_dynamic,False,63,1.1958611011505127
53,text,0.9347774982452393,Reddit-S,43,global_grounded_dynamic,False,63,0.9347774982452393
53,visual,1.2008731365203857,Reddit-S,43,global_grounded_dynamic,False,63,1.2008731365203857
54,text,0.9448943138122559,Reddit-S,43,global_grounded_dynamic,False,63,0.9448943138122559
54,visual,1.205938696861267,Reddit-S,43,global_grounded_dynamic,False,63,1.205938696861267
55,text,0.9550507664680481,Reddit-S,43,global_grounded_dynamic,False,63,0.9550507664680481
55,visual,1.2107765674591064,Reddit-S,43,global_grounded_dynamic,False,63,1.2107765674591064
56,text,0.9649723172187805,Reddit-S,43,global_grounded_dynamic,False,63,0.9649723172187805
56,visual,1.2149462699890137,Reddit-S,43,global_grounded_dynamic,False,63,1.2149462699890137
57,text,0.9748460650444031,Reddit-S,43,global_grounded_dynamic,False,63,0.9748460650444031
57,visual,1.2191506624221802,Reddit-S,43,global_grounded_dynamic,False,63,1.2191506624221802
58,text,0.9844492077827454,Reddit-S,43,global_grounded_dynamic,False,63,0.9844492077827454
58,visual,1.223294734954834,Reddit-S,43,global_grounded_dynamic,False,63,1.223294734954834
59,text,0.9940749406814575,Reddit-S,43,global_grounded_dynamic,False,63,0.9940749406814575
59,visual,1.2270599603652954,Reddit-S,43,global_grounded_dynamic,False,63,1.2270599603652954
60,text,1.003442406654358,Reddit-S,43,global_grounded_dynamic,False,63,1.003442406654358
60,visual,1.230877161026001,Reddit-S,43,global_grounded_dynamic,False,63,1.230877161026001
61,text,1.0121443271636963,Reddit-S,43,global_grounded_dynamic,False,63,1.0121443271636963
61,visual,1.234745979309082,Reddit-S,43,global_grounded_dynamic,False,63,1.234745979309082
62,text,1.0210585594177246,Reddit-S,43,global_grounded_dynamic,False,63,1.0210585594177246
62,visual,1.2378156185150146,Reddit-S,43,global_grounded_dynamic,False,63,1.2378156185150146
63,text,1.029954433441162,Reddit-S,43,global_grounded_dynamic,True,63,1.029954433441162
63,visual,1.2408078908920288,Reddit-S,43,global_grounded_dynamic,True,63,1.2408078908920288
64,text,1.0374865531921387,Reddit-S,43,global_grounded_dynamic,False,63,1.0374865531921387
64,visual,1.2440910339355469,Reddit-S,43,global_grounded_dynamic,False,63,1.2440910339355469
65,text,1.0451974868774414,Reddit-S,43,global_grounded_dynamic,False,63,1.0451974868774414
65,visual,1.2466472387313843,Reddit-S,43,global_grounded_dynamic,False,63,1.2466472387313843
66,text,1.0530530214309692,Reddit-S,43,global_grounded_dynamic,False,63,1.0530530214309692
66,visual,1.248923659324646,Reddit-S,43,global_grounded_dynamic,False,63,1.248923659324646
67,text,1.060340404510498,Reddit-S,43,global_grounded_dynamic,False,63,1.060340404510498
67,visual,1.2515079975128174,Reddit-S,43,global_grounded_dynamic,False,63,1.2515079975128174
68,text,1.067548394203186,Reddit-S,43,global_grounded_dynamic,False,63,1.067548394203186
68,visual,1.2540369033813477,Reddit-S,43,global_grounded_dynamic,False,63,1.2540369033813477
69,text,1.0745919942855835,Reddit-S,43,global_grounded_dynamic,False,63,1.0745919942855835
69,visual,1.2562150955200195,Reddit-S,43,global_grounded_dynamic,False,63,1.2562150955200195
70,text,1.0815054178237915,Reddit-S,43,global_grounded_dynamic,False,63,1.0815054178237915
70,visual,1.258557677268982,Reddit-S,43,global_grounded_dynamic,False,63,1.258557677268982
71,text,1.0883835554122925,Reddit-S,43,global_grounded_dynamic,False,63,1.0883835554122925
71,visual,1.2608575820922852,Reddit-S,43,global_grounded_dynamic,False,63,1.2608575820922852
72,text,1.0954482555389404,Reddit-S,43,global_grounded_dynamic,False,63,1.0954482555389404
72,visual,1.2629045248031616,Reddit-S,43,global_grounded_dynamic,False,63,1.2629045248031616
73,text,1.102469801902771,Reddit-S,43,global_grounded_dynamic,False,63,1.102469801902771
73,visual,1.2646496295928955,Reddit-S,43,global_grounded_dynamic,False,63,1.2646496295928955
74,text,1.1088119745254517,Reddit-S,43,global_grounded_dynamic,False,63,1.1088119745254517
74,visual,1.2662872076034546,Reddit-S,43,global_grounded_dynamic,False,63,1.2662872076034546
75,text,1.115092158317566,Reddit-S,43,global_grounded_dynamic,False,63,1.115092158317566
75,visual,1.2678009271621704,Reddit-S,43,global_grounded_dynamic,False,63,1.2678009271621704
76,text,1.12123441696167,Reddit-S,43,global_grounded_dynamic,False,63,1.12123441696167
76,visual,1.269326090812683,Reddit-S,43,global_grounded_dynamic,False,63,1.269326090812683
77,text,1.1274292469024658,Reddit-S,43,global_grounded_dynamic,False,63,1.1274292469024658
77,visual,1.2708873748779297,Reddit-S,43,global_grounded_dynamic,False,63,1.2708873748779297
78,text,1.1333736181259155,Reddit-S,43,global_grounded_dynamic,False,63,1.1333736181259155
78,visual,1.2723417282104492,Reddit-S,43,global_grounded_dynamic,False,63,1.2723417282104492
79,text,1.1390870809555054,Reddit-S,43,global_grounded_dynamic,False,63,1.1390870809555054
79,visual,1.27389657497406,Reddit-S,43,global_grounded_dynamic,False,63,1.27389657497406
80,text,1.1446582078933716,Reddit-S,43,global_grounded_dynamic,False,63,1.1446582078933716
80,visual,1.2753748893737793,Reddit-S,43,global_grounded_dynamic,False,63,1.2753748893737793
81,text,1.150177001953125,Reddit-S,43,global_grounded_dynamic,False,63,1.150177001953125
81,visual,1.27668035030365,Reddit-S,43,global_grounded_dynamic,False,63,1.27668035030365
82,text,1.1555079221725464,Reddit-S,43,global_grounded_dynamic,False,63,1.1555079221725464
82,visual,1.277833104133606,Reddit-S,43,global_grounded_dynamic,False,63,1.277833104133606
83,text,1.1605854034423828,Reddit-S,43,global_grounded_dynamic,False,63,1.1605854034423828
83,visual,1.2789314985275269,Reddit-S,43,global_grounded_dynamic,False,63,1.2789314985275269
84,text,1.1655014753341675,Reddit-S,43,global_grounded_dynamic,False,63,1.1655014753341675
84,visual,1.2800441980361938,Reddit-S,43,global_grounded_dynamic,False,63,1.2800441980361938
85,text,1.170317530632019,Reddit-S,43,global_grounded_dynamic,False,63,1.170317530632019
85,visual,1.2812143564224243,Reddit-S,43,global_grounded_dynamic,False,63,1.2812143564224243
86,text,1.1747971773147583,Reddit-S,43,global_grounded_dynamic,False,63,1.1747971773147583
86,visual,1.2824610471725464,Reddit-S,43,global_grounded_dynamic,False,63,1.2824610471725464
87,text,1.1791620254516602,Reddit-S,43,global_grounded_dynamic,False,63,1.1791620254516602
87,visual,1.283602237701416,Reddit-S,43,global_grounded_dynamic,False,63,1.283602237701416
88,text,1.1833386421203613,Reddit-S,43,global_grounded_dynamic,False,63,1.1833386421203613
88,visual,1.2846996784210205,Reddit-S,43,global_grounded_dynamic,False,63,1.2846996784210205
89,text,1.1874303817749023,Reddit-S,43,global_grounded_dynamic,False,63,1.1874303817749023
89,visual,1.2856734991073608,Reddit-S,43,global_grounded_dynamic,False,63,1.2856734991073608
90,text,1.1916530132293701,Reddit-S,43,global_grounded_dynamic,False,63,1.1916530132293701
90,visual,1.2866665124893188,Reddit-S,43,global_grounded_dynamic,False,63,1.2866665124893188
91,text,1.1959028244018555,Reddit-S,43,global_grounded_dynamic,False,63,1.1959028244018555
91,visual,1.287635326385498,Reddit-S,43,global_grounded_dynamic,False,63,1.287635326385498
92,text,1.200096845626831,Reddit-S,43,global_grounded_dynamic,False,63,1.200096845626831
92,visual,1.2886149883270264,Reddit-S,43,global_grounded_dynamic,False,63,1.2886149883270264
93,text,1.204058289527893,Reddit-S,43,global_grounded_dynamic,False,63,1.204058289527893
93,visual,1.289597988128662,Reddit-S,43,global_grounded_dynamic,False,63,1.289597988128662
1,text,0.09004343301057816,Reddit-S,43,pair_grounded_dynamic,False,53,0.09004343301057816
1,visual,0.09022063761949539,Reddit-S,43,pair_grounded_dynamic,False,53,0.09022063761949539
2,text,0.14396047592163086,Reddit-S,43,pair_grounded_dynamic,False,53,0.14396047592163086
2,visual,0.1482461541891098,Reddit-S,43,pair_grounded_dynamic,False,53,0.1482461541891098
3,text,0.18811558187007904,Reddit-S,43,pair_grounded_dynamic,False,53,0.18811558187007904
3,visual,0.19913250207901,Reddit-S,43,pair_grounded_dynamic,False,53,0.19913250207901
4,text,0.23038750886917114,Reddit-S,43,pair_grounded_dynamic,False,53,0.23038750886917114
4,visual,0.24671527743339539,Reddit-S,43,pair_grounded_dynamic,False,53,0.24671527743339539
5,text,0.27135950326919556,Reddit-S,43,pair_grounded_dynamic,False,53,0.27135950326919556
5,visual,0.29281580448150635,Reddit-S,43,pair_grounded_dynamic,False,53,0.29281580448150635
6,text,0.3086719214916229,Reddit-S,43,pair_grounded_dynamic,False,53,0.3086719214916229
6,visual,0.3365729749202728,Reddit-S,43,pair_grounded_dynamic,False,53,0.3365729749202728
7,text,0.3431999683380127,Reddit-S,43,pair_grounded_dynamic,False,53,0.3431999683380127
7,visual,0.378877192735672,Reddit-S,43,pair_grounded_dynamic,False,53,0.378877192735672
8,text,0.3765867352485657,Reddit-S,43,pair_grounded_dynamic,False,53,0.3765867352485657
8,visual,0.42095670104026794,Reddit-S,43,pair_grounded_dynamic,False,53,0.42095670104026794
9,text,0.41172921657562256,Reddit-S,43,pair_grounded_dynamic,False,53,0.41172921657562256
9,visual,0.4631754755973816,Reddit-S,43,pair_grounded_dynamic,False,53,0.4631754755973816
10,text,0.4492298662662506,Reddit-S,43,pair_grounded_dynamic,False,53,0.4492298662662506
10,visual,0.505929708480835,Reddit-S,43,pair_grounded_dynamic,False,53,0.505929708480835
11,text,0.48861029744148254,Reddit-S,43,pair_grounded_dynamic,False,53,0.48861029744148254
11,visual,0.5488203167915344,Reddit-S,43,pair_grounded_dynamic,False,53,0.5488203167915344
12,text,0.5295833945274353,Reddit-S,43,pair_grounded_dynamic,False,53,0.5295833945274353
12,visual,0.5913934707641602,Reddit-S,43,pair_grounded_dynamic,False,53,0.5913934707641602
13,text,0.5713483095169067,Reddit-S,43,pair_grounded_dynamic,False,53,0.5713483095169067
13,visual,0.6331750750541687,Reddit-S,43,pair_grounded_dynamic,False,53,0.6331750750541687
14,text,0.6130958795547485,Reddit-S,43,pair_grounded_dynamic,False,53,0.6130958795547485
14,visual,0.6737017631530762,Reddit-S,43,pair_grounded_dynamic,False,53,0.6737017631530762
15,text,0.6534876823425293,Reddit-S,43,pair_grounded_dynamic,False,53,0.6534876823425293
15,visual,0.7126408219337463,Reddit-S,43,pair_grounded_dynamic,False,53,0.7126408219337463
16,text,0.6935259103775024,Reddit-S,43,pair_grounded_dynamic,False,53,0.6935259103775024
16,visual,0.7502154111862183,Reddit-S,43,pair_grounded_dynamic,False,53,0.7502154111862183
17,text,0.7300134301185608,Reddit-S,43,pair_grounded_dynamic,False,53,0.7300134301185608
17,visual,0.7866182923316956,Reddit-S,43,pair_grounded_dynamic,False,53,0.7866182923316956
18,text,0.7648245692253113,Reddit-S,43,pair_grounded_dynamic,False,53,0.7648245692253113
18,visual,0.8218910098075867,Reddit-S,43,pair_grounded_dynamic,False,53,0.8218910098075867
19,text,0.7987805008888245,Reddit-S,43,pair_grounded_dynamic,False,53,0.7987805008888245
19,visual,0.8560969829559326,Reddit-S,43,pair_grounded_dynamic,False,53,0.8560969829559326
20,text,0.8312466740608215,Reddit-S,43,pair_grounded_dynamic,False,53,0.8312466740608215
20,visual,0.8896815776824951,Reddit-S,43,pair_grounded_dynamic,False,53,0.8896815776824951
21,text,0.8623175621032715,Reddit-S,43,pair_grounded_dynamic,False,53,0.8623175621032715
21,visual,0.9225779175758362,Reddit-S,43,pair_grounded_dynamic,False,53,0.9225779175758362
22,text,0.89226233959198,Reddit-S,43,pair_grounded_dynamic,False,53,0.89226233959198
22,visual,0.9554179906845093,Reddit-S,43,pair_grounded_dynamic,False,53,0.9554179906845093
23,text,0.92153400182724,Reddit-S,43,pair_grounded_dynamic,False,53,0.92153400182724
23,visual,0.988448441028595,Reddit-S,43,pair_grounded_dynamic,False,53,0.988448441028595
24,text,0.9506096839904785,Reddit-S,43,pair_grounded_dynamic,False,53,0.9506096839904785
24,visual,1.0217112302780151,Reddit-S,43,pair_grounded_dynamic,False,53,1.0217112302780151
25,text,0.9799190163612366,Reddit-S,43,pair_grounded_dynamic,False,53,0.9799190163612366
25,visual,1.0554556846618652,Reddit-S,43,pair_grounded_dynamic,False,53,1.0554556846618652
26,text,1.0090774297714233,Reddit-S,43,pair_grounded_dynamic,False,53,1.0090774297714233
26,visual,1.0897291898727417,Reddit-S,43,pair_grounded_dynamic,False,53,1.0897291898727417
27,text,1.0380427837371826,Reddit-S,43,pair_grounded_dynamic,False,53,1.0380427837371826
27,visual,1.1244410276412964,Reddit-S,43,pair_grounded_dynamic,False,53,1.1244410276412964
28,text,1.0671489238739014,Reddit-S,43,pair_grounded_dynamic,False,53,1.0671489238739014
28,visual,1.159087896347046,Reddit-S,43,pair_grounded_dynamic,False,53,1.159087896347046
29,text,1.0957001447677612,Reddit-S,43,pair_grounded_dynamic,False,53,1.0957001447677612
29,visual,1.1938114166259766,Reddit-S,43,pair_grounded_dynamic,False,53,1.1938114166259766
30,text,1.1248480081558228,Reddit-S,43,pair_grounded_dynamic,False,53,1.1248480081558228
30,visual,1.2285696268081665,Reddit-S,43,pair_grounded_dynamic,False,53,1.2285696268081665
31,text,1.1537986993789673,Reddit-S,43,pair_grounded_dynamic,False,53,1.1537986993789673
31,visual,1.262992024421692,Reddit-S,43,pair_grounded_dynamic,False,53,1.262992024421692
32,text,1.181297779083252,Reddit-S,43,pair_grounded_dynamic,False,53,1.181297779083252
32,visual,1.296744704246521,Reddit-S,43,pair_grounded_dynamic,False,53,1.296744704246521
33,text,1.2086180448532104,Reddit-S,43,pair_grounded_dynamic,False,53,1.2086180448532104
33,visual,1.3297157287597656,Reddit-S,43,pair_grounded_dynamic,False,53,1.3297157287597656
34,text,1.2360588312149048,Reddit-S,43,pair_grounded_dynamic,False,53,1.2360588312149048
34,visual,1.361794114112854,Reddit-S,43,pair_grounded_dynamic,False,53,1.361794114112854
35,text,1.2620751857757568,Reddit-S,43,pair_grounded_dynamic,False,53,1.2620751857757568
35,visual,1.3924970626831055,Reddit-S,43,pair_grounded_dynamic,False,53,1.3924970626831055
36,text,1.2853951454162598,Reddit-S,43,pair_grounded_dynamic,False,53,1.2853951454162598
36,visual,1.4217019081115723,Reddit-S,43,pair_grounded_dynamic,False,53,1.4217019081115723
37,text,1.3076938390731812,Reddit-S,43,pair_grounded_dynamic,False,53,1.3076938390731812
37,visual,1.4497346878051758,Reddit-S,43,pair_grounded_dynamic,False,53,1.4497346878051758
38,text,1.3295339345932007,Reddit-S,43,pair_grounded_dynamic,False,53,1.3295339345932007
38,visual,1.4765090942382812,Reddit-S,43,pair_grounded_dynamic,False,53,1.4765090942382812
39,text,1.3505768775939941,Reddit-S,43,pair_grounded_dynamic,False,53,1.3505768775939941
39,visual,1.5024973154067993,Reddit-S,43,pair_grounded_dynamic,False,53,1.5024973154067993
40,text,1.371519684791565,Reddit-S,43,pair_grounded_dynamic,False,53,1.371519684791565
40,visual,1.5279690027236938,Reddit-S,43,pair_grounded_dynamic,False,53,1.5279690027236938
41,text,1.3916878700256348,Reddit-S,43,pair_grounded_dynamic,False,53,1.3916878700256348
41,visual,1.5528085231781006,Reddit-S,43,pair_grounded_dynamic,False,53,1.5528085231781006
42,text,1.4114779233932495,Reddit-S,43,pair_grounded_dynamic,False,53,1.4114779233932495
42,visual,1.5766717195510864,Reddit-S,43,pair_grounded_dynamic,False,53,1.5766717195510864
43,text,1.430260419845581,Reddit-S,43,pair_grounded_dynamic,False,53,1.430260419845581
43,visual,1.6000479459762573,Reddit-S,43,pair_grounded_dynamic,False,53,1.6000479459762573
44,text,1.4485950469970703,Reddit-S,43,pair_grounded_dynamic,False,53,1.4485950469970703
44,visual,1.6227957010269165,Reddit-S,43,pair_grounded_dynamic,False,53,1.6227957010269165
45,text,1.4667471647262573,Reddit-S,43,pair_grounded_dynamic,False,53,1.4667471647262573
45,visual,1.6450731754302979,Reddit-S,43,pair_grounded_dynamic,False,53,1.6450731754302979
46,text,1.4849190711975098,Reddit-S,43,pair_grounded_dynamic,False,53,1.4849190711975098
46,visual,1.66724693775177,Reddit-S,43,pair_grounded_dynamic,False,53,1.66724693775177
47,text,1.5037693977355957,Reddit-S,43,pair_grounded_dynamic,False,53,1.5037693977355957
47,visual,1.6883543729782104,Reddit-S,43,pair_grounded_dynamic,False,53,1.6883543729782104
48,text,1.5220561027526855,Reddit-S,43,pair_grounded_dynamic,False,53,1.5220561027526855
48,visual,1.7082011699676514,Reddit-S,43,pair_grounded_dynamic,False,53,1.7082011699676514
49,text,1.5391583442687988,Reddit-S,43,pair_grounded_dynamic,False,53,1.5391583442687988
49,visual,1.7278136014938354,Reddit-S,43,pair_grounded_dynamic,False,53,1.7278136014938354
50,text,1.5553219318389893,Reddit-S,43,pair_grounded_dynamic,False,53,1.5553219318389893
50,visual,1.7467767000198364,Reddit-S,43,pair_grounded_dynamic,False,53,1.7467767000198364
51,text,1.5711268186569214,Reddit-S,43,pair_grounded_dynamic,False,53,1.5711268186569214
51,visual,1.7656582593917847,Reddit-S,43,pair_grounded_dynamic,False,53,1.7656582593917847
52,text,1.5867040157318115,Reddit-S,43,pair_grounded_dynamic,False,53,1.5867040157318115
52,visual,1.7838243246078491,Reddit-S,43,pair_grounded_dynamic,False,53,1.7838243246078491
53,text,1.6019692420959473,Reddit-S,43,pair_grounded_dynamic,True,53,1.6019692420959473
53,visual,1.8020113706588745,Reddit-S,43,pair_grounded_dynamic,True,53,1.8020113706588745
54,text,1.6164942979812622,Reddit-S,43,pair_grounded_dynamic,False,53,1.6164942979812622
54,visual,1.8204277753829956,Reddit-S,43,pair_grounded_dynamic,False,53,1.8204277753829956
55,text,1.6295775175094604,Reddit-S,43,pair_grounded_dynamic,False,53,1.6295775175094604
55,visual,1.8384594917297363,Reddit-S,43,pair_grounded_dynamic,False,53,1.8384594917297363
56,text,1.6403332948684692,Reddit-S,43,pair_grounded_dynamic,False,53,1.6403332948684692
56,visual,1.8561325073242188,Reddit-S,43,pair_grounded_dynamic,False,53,1.8561325073242188
57,text,1.6497678756713867,Reddit-S,43,pair_grounded_dynamic,False,53,1.6497678756713867
57,visual,1.8732917308807373,Reddit-S,43,pair_grounded_dynamic,False,53,1.8732917308807373
58,text,1.6594066619873047,Reddit-S,43,pair_grounded_dynamic,False,53,1.6594066619873047
58,visual,1.8899919986724854,Reddit-S,43,pair_grounded_dynamic,False,53,1.8899919986724854
59,text,1.6691356897354126,Reddit-S,43,pair_grounded_dynamic,False,53,1.6691356897354126
59,visual,1.9061450958251953,Reddit-S,43,pair_grounded_dynamic,False,53,1.9061450958251953
60,text,1.6783771514892578,Reddit-S,43,pair_grounded_dynamic,False,53,1.6783771514892578
60,visual,1.9219374656677246,Reddit-S,43,pair_grounded_dynamic,False,53,1.9219374656677246
61,text,1.6871235370635986,Reddit-S,43,pair_grounded_dynamic,False,53,1.6871235370635986
61,visual,1.935699462890625,Reddit-S,43,pair_grounded_dynamic,False,53,1.935699462890625
62,text,1.6958794593811035,Reddit-S,43,pair_grounded_dynamic,False,53,1.6958794593811035
62,visual,1.9482171535491943,Reddit-S,43,pair_grounded_dynamic,False,53,1.9482171535491943
63,text,1.7047635316848755,Reddit-S,43,pair_grounded_dynamic,False,53,1.7047635316848755
63,visual,1.9607198238372803,Reddit-S,43,pair_grounded_dynamic,False,53,1.9607198238372803
64,text,1.7134145498275757,Reddit-S,43,pair_grounded_dynamic,False,53,1.7134145498275757
64,visual,1.9728387594223022,Reddit-S,43,pair_grounded_dynamic,False,53,1.9728387594223022
65,text,1.7216193675994873,Reddit-S,43,pair_grounded_dynamic,False,53,1.7216193675994873
65,visual,1.9835739135742188,Reddit-S,43,pair_grounded_dynamic,False,53,1.9835739135742188
66,text,1.7303719520568848,Reddit-S,43,pair_grounded_dynamic,False,53,1.7303719520568848
66,visual,1.993121862411499,Reddit-S,43,pair_grounded_dynamic,False,53,1.993121862411499
67,text,1.7394932508468628,Reddit-S,43,pair_grounded_dynamic,False,53,1.7394932508468628
67,visual,2.002298593521118,Reddit-S,43,pair_grounded_dynamic,False,53,2.002298593521118
68,text,1.7482300996780396,Reddit-S,43,pair_grounded_dynamic,False,53,1.7482300996780396
68,visual,2.0112740993499756,Reddit-S,43,pair_grounded_dynamic,False,53,2.0112740993499756
69,text,1.755618691444397,Reddit-S,43,pair_grounded_dynamic,False,53,1.755618691444397
69,visual,2.0197622776031494,Reddit-S,43,pair_grounded_dynamic,False,53,2.0197622776031494
70,text,1.761076807975769,Reddit-S,43,pair_grounded_dynamic,False,53,1.761076807975769
70,visual,2.0283920764923096,Reddit-S,43,pair_grounded_dynamic,False,53,2.0283920764923096
71,text,1.7655445337295532,Reddit-S,43,pair_grounded_dynamic,False,53,1.7655445337295532
71,visual,2.0371997356414795,Reddit-S,43,pair_grounded_dynamic,False,53,2.0371997356414795
72,text,1.7697306871414185,Reddit-S,43,pair_grounded_dynamic,False,53,1.7697306871414185
72,visual,2.0461506843566895,Reddit-S,43,pair_grounded_dynamic,False,53,2.0461506843566895
73,text,1.7741338014602661,Reddit-S,43,pair_grounded_dynamic,False,53,1.7741338014602661
73,visual,2.0549161434173584,Reddit-S,43,pair_grounded_dynamic,False,53,2.0549161434173584
74,text,1.779456377029419,Reddit-S,43,pair_grounded_dynamic,False,53,1.779456377029419
74,visual,2.063584089279175,Reddit-S,43,pair_grounded_dynamic,False,53,2.063584089279175
75,text,1.7855794429779053,Reddit-S,43,pair_grounded_dynamic,False,53,1.7855794429779053
75,visual,2.0711007118225098,Reddit-S,43,pair_grounded_dynamic,False,53,2.0711007118225098
76,text,1.7920645475387573,Reddit-S,43,pair_grounded_dynamic,False,53,1.7920645475387573
76,visual,2.078619956970215,Reddit-S,43,pair_grounded_dynamic,False,53,2.078619956970215
77,text,1.798553466796875,Reddit-S,43,pair_grounded_dynamic,False,53,1.798553466796875
77,visual,2.0860772132873535,Reddit-S,43,pair_grounded_dynamic,False,53,2.0860772132873535
78,text,1.8047114610671997,Reddit-S,43,pair_grounded_dynamic,False,53,1.8047114610671997
78,visual,2.09336256980896,Reddit-S,43,pair_grounded_dynamic,False,53,2.09336256980896
79,text,1.8104636669158936,Reddit-S,43,pair_grounded_dynamic,False,53,1.8104636669158936
79,visual,2.1009750366210938,Reddit-S,43,pair_grounded_dynamic,False,53,2.1009750366210938
80,text,1.8158347606658936,Reddit-S,43,pair_grounded_dynamic,False,53,1.8158347606658936
80,visual,2.108569622039795,Reddit-S,43,pair_grounded_dynamic,False,53,2.108569622039795
81,text,1.820644736289978,Reddit-S,43,pair_grounded_dynamic,False,53,1.820644736289978
81,visual,2.1160829067230225,Reddit-S,43,pair_grounded_dynamic,False,53,2.1160829067230225
82,text,1.8252564668655396,Reddit-S,43,pair_grounded_dynamic,False,53,1.8252564668655396
82,visual,2.12298583984375,Reddit-S,43,pair_grounded_dynamic,False,53,2.12298583984375
83,text,1.8298840522766113,Reddit-S,43,pair_grounded_dynamic,False,53,1.8298840522766113
83,visual,2.12930965423584,Reddit-S,43,pair_grounded_dynamic,False,53,2.12930965423584
1,text,0.09007476270198822,Reddit-S,43,context_grounded_static,False,103,0.09007476270198822
1,visual,0.0902373418211937,Reddit-S,43,context_grounded_static,False,103,0.0902373418211937
2,text,0.14416460692882538,Reddit-S,43,context_grounded_static,False,103,0.14416460692882538
2,visual,0.14995016157627106,Reddit-S,43,context_grounded_static,False,103,0.14995016157627106
3,text,0.18985991179943085,Reddit-S,43,context_grounded_static,False,103,0.18985991179943085
3,visual,0.20034287869930267,Reddit-S,43,context_grounded_static,False,103,0.20034287869930267
4,text,0.2333528697490692,Reddit-S,43,context_grounded_static,False,103,0.2333528697490692
4,visual,0.24946826696395874,Reddit-S,43,context_grounded_static,False,103,0.24946826696395874
5,text,0.2754403054714203,Reddit-S,43,context_grounded_static,False,103,0.2754403054714203
5,visual,0.2972331643104553,Reddit-S,43,context_grounded_static,False,103,0.2972331643104553
6,text,0.314437597990036,Reddit-S,43,context_grounded_static,False,103,0.314437597990036
6,visual,0.3421097695827484,Reddit-S,43,context_grounded_static,False,103,0.3421097695827484
7,text,0.35096514225006104,Reddit-S,43,context_grounded_static,False,103,0.35096514225006104
7,visual,0.38528990745544434,Reddit-S,43,context_grounded_static,False,103,0.38528990745544434
8,text,0.3863931894302368,Reddit-S,43,context_grounded_static,False,103,0.3863931894302368
8,visual,0.4281761944293976,Reddit-S,43,context_grounded_static,False,103,0.4281761944293976
9,text,0.4232940971851349,Reddit-S,43,context_grounded_static,False,103,0.4232940971851349
9,visual,0.47094812989234924,Reddit-S,43,context_grounded_static,False,103,0.47094812989234924
10,text,0.4624054431915283,Reddit-S,43,context_grounded_static,False,103,0.4624054431915283
10,visual,0.5139769315719604,Reddit-S,43,context_grounded_static,False,103,0.5139769315719604
11,text,0.5026620030403137,Reddit-S,43,context_grounded_static,False,103,0.5026620030403137
11,visual,0.5569027662277222,Reddit-S,43,context_grounded_static,False,103,0.5569027662277222
12,text,0.5440135598182678,Reddit-S,43,context_grounded_static,False,103,0.5440135598182678
12,visual,0.5993270874023438,Reddit-S,43,context_grounded_static,False,103,0.5993270874023438
13,text,0.5857365131378174,Reddit-S,43,context_grounded_static,False,103,0.5857365131378174
13,visual,0.6407762169837952,Reddit-S,43,context_grounded_static,False,103,0.6407762169837952
14,text,0.6267178654670715,Reddit-S,43,context_grounded_static,False,103,0.6267178654670715
14,visual,0.6806714534759521,Reddit-S,43,context_grounded_static,False,103,0.6806714534759521
15,text,0.6665902733802795,Reddit-S,43,context_grounded_static,False,103,0.6665902733802795
15,visual,0.7184098362922668,Reddit-S,43,context_grounded_static,False,103,0.7184098362922668
16,text,0.7058396935462952,Reddit-S,43,context_grounded_static,False,103,0.7058396935462952
16,visual,0.7542082667350769,Reddit-S,43,context_grounded_static,False,103,0.7542082667350769
17,text,0.7418350577354431,Reddit-S,43,context_grounded_static,False,103,0.7418350577354431
17,visual,0.7881565690040588,Reddit-S,43,context_grounded_static,False,103,0.7881565690040588
18,text,0.7767233848571777,Reddit-S,43,context_grounded_static,False,103,0.7767233848571777
18,visual,0.819853663444519,Reddit-S,43,context_grounded_static,False,103,0.819853663444519
19,text,0.8101533651351929,Reddit-S,43,context_grounded_static,False,103,0.8101533651351929
19,visual,0.8490232229232788,Reddit-S,43,context_grounded_static,False,103,0.8490232229232788
20,text,0.8415058851242065,Reddit-S,43,context_grounded_static,False,103,0.8415058851242065
20,visual,0.8762617111206055,Reddit-S,43,context_grounded_static,False,103,0.8762617111206055
21,text,0.8717985153198242,Reddit-S,43,context_grounded_static,False,103,0.8717985153198242
21,visual,0.901769757270813,Reddit-S,43,context_grounded_static,False,103,0.901769757270813
22,text,0.9016647934913635,Reddit-S,43,context_grounded_static,False,103,0.9016647934913635
22,visual,0.9257790446281433,Reddit-S,43,context_grounded_static,False,103,0.9257790446281433
23,text,0.931005597114563,Reddit-S,43,context_grounded_static,False,103,0.931005597114563
23,visual,0.9486212730407715,Reddit-S,43,context_grounded_static,False,103,0.9486212730407715
24,text,0.9602651596069336,Reddit-S,43,context_grounded_static,False,103,0.9602651596069336
24,visual,0.9711322784423828,Reddit-S,43,context_grounded_static,False,103,0.9711322784423828
25,text,0.9900335669517517,Reddit-S,43,context_grounded_static,False,103,0.9900335669517517
25,visual,0.9935573935508728,Reddit-S,43,context_grounded_static,False,103,0.9935573935508728
26,text,1.020181655883789,Reddit-S,43,context_grounded_static,False,103,1.020181655883789
26,visual,1.0158333778381348,Reddit-S,43,context_grounded_static,False,103,1.0158333778381348
27,text,1.050335168838501,Reddit-S,43,context_grounded_static,False,103,1.050335168838501
27,visual,1.0379668474197388,Reddit-S,43,context_grounded_static,False,103,1.0379668474197388
28,text,1.0806140899658203,Reddit-S,43,context_grounded_static,False,103,1.0806140899658203
28,visual,1.0597833395004272,Reddit-S,43,context_grounded_static,False,103,1.0597833395004272
29,text,1.1108427047729492,Reddit-S,43,context_grounded_static,False,103,1.1108427047729492
29,visual,1.0816620588302612,Reddit-S,43,context_grounded_static,False,103,1.0816620588302612
30,text,1.1413578987121582,Reddit-S,43,context_grounded_static,False,103,1.1413578987121582
30,visual,1.10334050655365,Reddit-S,43,context_grounded_static,False,103,1.10334050655365
31,text,1.1705328226089478,Reddit-S,43,context_grounded_static,False,103,1.1705328226089478
31,visual,1.1251442432403564,Reddit-S,43,context_grounded_static,False,103,1.1251442432403564
32,text,1.1975693702697754,Reddit-S,43,context_grounded_static,False,103,1.1975693702697754
32,visual,1.1467862129211426,Reddit-S,43,context_grounded_static,False,103,1.1467862129211426
33,text,1.2248748540878296,Reddit-S,43,context_grounded_static,False,103,1.2248748540878296
33,visual,1.1687678098678589,Reddit-S,43,context_grounded_static,False,103,1.1687678098678589
34,text,1.2517446279525757,Reddit-S,43,context_grounded_static,False,103,1.2517446279525757
34,visual,1.1911951303482056,Reddit-S,43,context_grounded_static,False,103,1.1911951303482056
35,text,1.2756446599960327,Reddit-S,43,context_grounded_static,False,103,1.2756446599960327
35,visual,1.2135186195373535,Reddit-S,43,context_grounded_static,False,103,1.2135186195373535
36,text,1.297560453414917,Reddit-S,43,context_grounded_static,False,103,1.297560453414917
36,visual,1.2359368801116943,Reddit-S,43,context_grounded_static,False,103,1.2359368801116943
37,text,1.3181754350662231,Reddit-S,43,context_grounded_static,False,103,1.3181754350662231
37,visual,1.2586824893951416,Reddit-S,43,context_grounded_static,False,103,1.2586824893951416
38,text,1.3368815183639526,Reddit-S,43,context_grounded_static,False,103,1.3368815183639526
38,visual,1.2809607982635498,Reddit-S,43,context_grounded_static,False,103,1.2809607982635498
39,text,1.354933500289917,Reddit-S,43,context_grounded_static,False,103,1.354933500289917
39,visual,1.3033711910247803,Reddit-S,43,context_grounded_static,False,103,1.3033711910247803
40,text,1.3728281259536743,Reddit-S,43,context_grounded_static,False,103,1.3728281259536743
40,visual,1.3259564638137817,Reddit-S,43,context_grounded_static,False,103,1.3259564638137817
41,text,1.390078067779541,Reddit-S,43,context_grounded_static,False,103,1.390078067779541
41,visual,1.3486859798431396,Reddit-S,43,context_grounded_static,False,103,1.3486859798431396
42,text,1.4059926271438599,Reddit-S,43,context_grounded_static,False,103,1.4059926271438599
42,visual,1.3712007999420166,Reddit-S,43,context_grounded_static,False,103,1.3712007999420166
43,text,1.4204304218292236,Reddit-S,43,context_grounded_static,False,103,1.4204304218292236
43,visual,1.394260287284851,Reddit-S,43,context_grounded_static,False,103,1.394260287284851
44,text,1.4339299201965332,Reddit-S,43,context_grounded_static,False,103,1.4339299201965332
44,visual,1.4170442819595337,Reddit-S,43,context_grounded_static,False,103,1.4170442819595337
45,text,1.4478754997253418,Reddit-S,43,context_grounded_static,False,103,1.4478754997253418
45,visual,1.4401344060897827,Reddit-S,43,context_grounded_static,False,103,1.4401344060897827
46,text,1.461379051208496,Reddit-S,43,context_grounded_static,False,103,1.461379051208496
46,visual,1.4635475873947144,Reddit-S,43,context_grounded_static,False,103,1.4635475873947144
47,text,1.475485920906067,Reddit-S,43,context_grounded_static,False,103,1.475485920906067
47,visual,1.4867490530014038,Reddit-S,43,context_grounded_static,False,103,1.4867490530014038
48,text,1.489337682723999,Reddit-S,43,context_grounded_static,False,103,1.489337682723999
48,visual,1.5093647241592407,Reddit-S,43,context_grounded_static,False,103,1.5093647241592407
49,text,1.5027310848236084,Reddit-S,43,context_grounded_static,False,103,1.5027310848236084
49,visual,1.5320460796356201,Reddit-S,43,context_grounded_static,False,103,1.5320460796356201
50,text,1.5156158208847046,Reddit-S,43,context_grounded_static,False,103,1.5156158208847046
50,visual,1.5546201467514038,Reddit-S,43,context_grounded_static,False,103,1.5546201467514038
51,text,1.5292072296142578,Reddit-S,43,context_grounded_static,False,103,1.5292072296142578
51,visual,1.5772005319595337,Reddit-S,43,context_grounded_static,False,103,1.5772005319595337
52,text,1.5427372455596924,Reddit-S,43,context_grounded_static,False,103,1.5427372455596924
52,visual,1.5998153686523438,Reddit-S,43,context_grounded_static,False,103,1.5998153686523438
53,text,1.5552946329116821,Reddit-S,43,context_grounded_static,False,103,1.5552946329116821
53,visual,1.6222140789031982,Reddit-S,43,context_grounded_static,False,103,1.6222140789031982
54,text,1.567097544670105,Reddit-S,43,context_grounded_static,False,103,1.567097544670105
54,visual,1.6443672180175781,Reddit-S,43,context_grounded_static,False,103,1.6443672180175781
55,text,1.5785330533981323,Reddit-S,43,context_grounded_static,False,103,1.5785330533981323
55,visual,1.6658109426498413,Reddit-S,43,context_grounded_static,False,103,1.6658109426498413
56,text,1.5888596773147583,Reddit-S,43,context_grounded_static,False,103,1.5888596773147583
56,visual,1.6863141059875488,Reddit-S,43,context_grounded_static,False,103,1.6863141059875488
57,text,1.5975995063781738,Reddit-S,43,context_grounded_static,False,103,1.5975995063781738
57,visual,1.7062426805496216,Reddit-S,43,context_grounded_static,False,103,1.7062426805496216
58,text,1.6059529781341553,Reddit-S,43,context_grounded_static,False,103,1.6059529781341553
58,visual,1.72596275806427,Reddit-S,43,context_grounded_static,False,103,1.72596275806427
59,text,1.6133593320846558,Reddit-S,43,context_grounded_static,False,103,1.6133593320846558
59,visual,1.7447339296340942,Reddit-S,43,context_grounded_static,False,103,1.7447339296340942
60,text,1.620700478553772,Reddit-S,43,context_grounded_static,False,103,1.620700478553772
60,visual,1.7629252672195435,Reddit-S,43,context_grounded_static,False,103,1.7629252672195435
61,text,1.6273436546325684,Reddit-S,43,context_grounded_static,False,103,1.6273436546325684
61,visual,1.7806371450424194,Reddit-S,43,context_grounded_static,False,103,1.7806371450424194
62,text,1.6339662075042725,Reddit-S,43,context_grounded_static,False,103,1.6339662075042725
62,visual,1.7981104850769043,Reddit-S,43,context_grounded_static,False,103,1.7981104850769043
63,text,1.640534520149231,Reddit-S,43,context_grounded_static,False,103,1.640534520149231
63,visual,1.8149808645248413,Reddit-S,43,context_grounded_static,False,103,1.8149808645248413
64,text,1.6475635766983032,Reddit-S,43,context_grounded_static,False,103,1.6475635766983032
64,visual,1.8307288885116577,Reddit-S,43,context_grounded_static,False,103,1.8307288885116577
65,text,1.6546770334243774,Reddit-S,43,context_grounded_static,False,103,1.6546770334243774
65,visual,1.8459458351135254,Reddit-S,43,context_grounded_static,False,103,1.8459458351135254
66,text,1.6611298322677612,Reddit-S,43,context_grounded_static,False,103,1.6611298322677612
66,visual,1.86039137840271,Reddit-S,43,context_grounded_static,False,103,1.86039137840271
67,text,1.6671298742294312,Reddit-S,43,context_grounded_static,False,103,1.6671298742294312
67,visual,1.8747833967208862,Reddit-S,43,context_grounded_static,False,103,1.8747833967208862
68,text,1.6732999086380005,Reddit-S,43,context_grounded_static,False,103,1.6732999086380005
68,visual,1.8888009786605835,Reddit-S,43,context_grounded_static,False,103,1.8888009786605835
69,text,1.6795399188995361,Reddit-S,43,context_grounded_static,False,103,1.6795399188995361
69,visual,1.902193546295166,Reddit-S,43,context_grounded_static,False,103,1.902193546295166
70,text,1.68576979637146,Reddit-S,43,context_grounded_static,False,103,1.68576979637146
70,visual,1.9151923656463623,Reddit-S,43,context_grounded_static,False,103,1.9151923656463623
71,text,1.6918492317199707,Reddit-S,43,context_grounded_static,False,103,1.6918492317199707
71,visual,1.9278857707977295,Reddit-S,43,context_grounded_static,False,103,1.9278857707977295
72,text,1.6972655057907104,Reddit-S,43,context_grounded_static,False,103,1.6972655057907104
72,visual,1.9404267072677612,Reddit-S,43,context_grounded_static,False,103,1.9404267072677612
73,text,1.7024463415145874,Reddit-S,43,context_grounded_static,False,103,1.7024463415145874
73,visual,1.9525904655456543,Reddit-S,43,context_grounded_static,False,103,1.9525904655456543
74,text,1.7080405950546265,Reddit-S,43,context_grounded_static,False,103,1.7080405950546265
74,visual,1.964413046836853,Reddit-S,43,context_grounded_static,False,103,1.964413046836853
75,text,1.713950276374817,Reddit-S,43,context_grounded_static,False,103,1.713950276374817
75,visual,1.975520133972168,Reddit-S,43,context_grounded_static,False,103,1.975520133972168
76,text,1.7198880910873413,Reddit-S,43,context_grounded_static,False,103,1.7198880910873413
76,visual,1.9858765602111816,Reddit-S,43,context_grounded_static,False,103,1.9858765602111816
77,text,1.72559654712677,Reddit-S,43,context_grounded_static,False,103,1.72559654712677
77,visual,1.9957075119018555,Reddit-S,43,context_grounded_static,False,103,1.9957075119018555
78,text,1.7308638095855713,Reddit-S,43,context_grounded_static,False,103,1.7308638095855713
78,visual,2.005449056625366,Reddit-S,43,context_grounded_static,False,103,2.005449056625366
79,text,1.7360880374908447,Reddit-S,43,context_grounded_static,False,103,1.7360880374908447
79,visual,2.0148749351501465,Reddit-S,43,context_grounded_static,False,103,2.0148749351501465
80,text,1.7413582801818848,Reddit-S,43,context_grounded_static,False,103,1.7413582801818848
80,visual,2.0241804122924805,Reddit-S,43,context_grounded_static,False,103,2.0241804122924805
81,text,1.7465771436691284,Reddit-S,43,context_grounded_static,False,103,1.7465771436691284
81,visual,2.03322172164917,Reddit-S,43,context_grounded_static,False,103,2.03322172164917
82,text,1.7517646551132202,Reddit-S,43,context_grounded_static,False,103,1.7517646551132202
82,visual,2.0420174598693848,Reddit-S,43,context_grounded_static,False,103,2.0420174598693848
83,text,1.7566635608673096,Reddit-S,43,context_grounded_static,False,103,1.7566635608673096
83,visual,2.0504417419433594,Reddit-S,43,context_grounded_static,False,103,2.0504417419433594
84,text,1.76145339012146,Reddit-S,43,context_grounded_static,False,103,1.76145339012146
84,visual,2.058579921722412,Reddit-S,43,context_grounded_static,False,103,2.058579921722412
85,text,1.7661588191986084,Reddit-S,43,context_grounded_static,False,103,1.7661588191986084
85,visual,2.0665674209594727,Reddit-S,43,context_grounded_static,False,103,2.0665674209594727
86,text,1.7709029912948608,Reddit-S,43,context_grounded_static,False,103,1.7709029912948608
86,visual,2.0744662284851074,Reddit-S,43,context_grounded_static,False,103,2.0744662284851074
87,text,1.775260090827942,Reddit-S,43,context_grounded_static,False,103,1.775260090827942
87,visual,2.0821847915649414,Reddit-S,43,context_grounded_static,False,103,2.0821847915649414
88,text,1.7793415784835815,Reddit-S,43,context_grounded_static,False,103,1.7793415784835815
88,visual,2.0895192623138428,Reddit-S,43,context_grounded_static,False,103,2.0895192623138428
89,text,1.7833234071731567,Reddit-S,43,context_grounded_static,False,103,1.7833234071731567
89,visual,2.0968711376190186,Reddit-S,43,context_grounded_static,False,103,2.0968711376190186
90,text,1.7873128652572632,Reddit-S,43,context_grounded_static,False,103,1.7873128652572632
90,visual,2.1038105487823486,Reddit-S,43,context_grounded_static,False,103,2.1038105487823486
91,text,1.7914235591888428,Reddit-S,43,context_grounded_static,False,103,1.7914235591888428
91,visual,2.110485315322876,Reddit-S,43,context_grounded_static,False,103,2.110485315322876
92,text,1.7953848838806152,Reddit-S,43,context_grounded_static,False,103,1.7953848838806152
92,visual,2.1169846057891846,Reddit-S,43,context_grounded_static,False,103,2.1169846057891846
93,text,1.7988932132720947,Reddit-S,43,context_grounded_static,False,103,1.7988932132720947
93,visual,2.1230504512786865,Reddit-S,43,context_grounded_static,False,103,2.1230504512786865
94,text,1.8019521236419678,Reddit-S,43,context_grounded_static,False,103,1.8019521236419678
94,visual,2.128986358642578,Reddit-S,43,context_grounded_static,False,103,2.128986358642578
95,text,1.805100679397583,Reddit-S,43,context_grounded_static,False,103,1.805100679397583
95,visual,2.1348066329956055,Reddit-S,43,context_grounded_static,False,103,2.1348066329956055
96,text,1.808198094367981,Reddit-S,43,context_grounded_static,False,103,1.808198094367981
96,visual,2.140444278717041,Reddit-S,43,context_grounded_static,False,103,2.140444278717041
97,text,1.8113266229629517,Reddit-S,43,context_grounded_static,False,103,1.8113266229629517
97,visual,2.146066665649414,Reddit-S,43,context_grounded_static,False,103,2.146066665649414
98,text,1.8142924308776855,Reddit-S,43,context_grounded_static,False,103,1.8142924308776855
98,visual,2.1515703201293945,Reddit-S,43,context_grounded_static,False,103,2.1515703201293945
99,text,1.8170404434204102,Reddit-S,43,context_grounded_static,False,103,1.8170404434204102
99,visual,2.156970739364624,Reddit-S,43,context_grounded_static,False,103,2.156970739364624
100,text,1.8198490142822266,Reddit-S,43,context_grounded_static,False,103,1.8198490142822266
100,visual,2.162026882171631,Reddit-S,43,context_grounded_static,False,103,2.162026882171631
101,text,1.8227347135543823,Reddit-S,43,context_grounded_static,False,103,1.8227347135543823
101,visual,2.1668057441711426,Reddit-S,43,context_grounded_static,False,103,2.1668057441711426
102,text,1.8253495693206787,Reddit-S,43,context_grounded_static,False,103,1.8253495693206787
102,visual,2.171311616897583,Reddit-S,43,context_grounded_static,False,103,2.171311616897583
103,text,1.827889323234558,Reddit-S,43,context_grounded_static,True,103,1.827889323234558
103,visual,2.1758272647857666,Reddit-S,43,context_grounded_static,True,103,2.1758272647857666
104,text,1.8303910493850708,Reddit-S,43,context_grounded_static,False,103,1.8303910493850708
104,visual,2.1803138256073,Reddit-S,43,context_grounded_static,False,103,2.1803138256073
105,text,1.8329322338104248,Reddit-S,43,context_grounded_static,False,103,1.8329322338104248
105,visual,2.1848247051239014,Reddit-S,43,context_grounded_static,False,103,2.1848247051239014
106,text,1.8355836868286133,Reddit-S,43,context_grounded_static,False,103,1.8355836868286133
106,visual,2.1891539096832275,Reddit-S,43,context_grounded_static,False,103,2.1891539096832275
107,text,1.8383548259735107,Reddit-S,43,context_grounded_static,False,103,1.8383548259735107
107,visual,2.19334077835083,Reddit-S,43,context_grounded_static,False,103,2.19334077835083
108,text,1.8410799503326416,Reddit-S,43,context_grounded_static,False,103,1.8410799503326416
108,visual,2.1973812580108643,Reddit-S,43,context_grounded_static,False,103,2.1973812580108643
109,text,1.8438756465911865,Reddit-S,43,context_grounded_static,False,103,1.8438756465911865
109,visual,2.2014048099517822,Reddit-S,43,context_grounded_static,False,103,2.2014048099517822
110,text,1.8466224670410156,Reddit-S,43,context_grounded_static,False,103,1.8466224670410156
110,visual,2.2053346633911133,Reddit-S,43,context_grounded_static,False,103,2.2053346633911133
111,text,1.849297285079956,Reddit-S,43,context_grounded_static,False,103,1.849297285079956
111,visual,2.2091615200042725,Reddit-S,43,context_grounded_static,False,103,2.2091615200042725
112,text,1.851660132408142,Reddit-S,43,context_grounded_static,False,103,1.851660132408142
112,visual,2.213024139404297,Reddit-S,43,context_grounded_static,False,103,2.213024139404297
113,text,1.8540514707565308,Reddit-S,43,context_grounded_static,False,103,1.8540514707565308
113,visual,2.216783046722412,Reddit-S,43,context_grounded_static,False,103,2.216783046722412
114,text,1.8566495180130005,Reddit-S,43,context_grounded_static,False,103,1.8566495180130005
114,visual,2.2203290462493896,Reddit-S,43,context_grounded_static,False,103,2.2203290462493896
115,text,1.8588694334030151,Reddit-S,43,context_grounded_static,False,103,1.8588694334030151
115,visual,2.2238235473632812,Reddit-S,43,context_grounded_static,False,103,2.2238235473632812
116,text,1.8614907264709473,Reddit-S,43,context_grounded_static,False,103,1.8614907264709473
116,visual,2.2272157669067383,Reddit-S,43,context_grounded_static,False,103,2.2272157669067383
117,text,1.8639912605285645,Reddit-S,43,context_grounded_static,False,103,1.8639912605285645
117,visual,2.2304575443267822,Reddit-S,43,context_grounded_static,False,103,2.2304575443267822
118,text,1.8663537502288818,Reddit-S,43,context_grounded_static,False,103,1.8663537502288818
118,visual,2.2337658405303955,Reddit-S,43,context_grounded_static,False,103,2.2337658405303955
119,text,1.8682334423065186,Reddit-S,43,context_grounded_static,False,103,1.8682334423065186
119,visual,2.2372448444366455,Reddit-S,43,context_grounded_static,False,103,2.2372448444366455
120,text,1.8696194887161255,Reddit-S,43,context_grounded_static,False,103,1.8696194887161255
120,visual,2.2408652305603027,Reddit-S,43,context_grounded_static,False,103,2.2408652305603027
121,text,1.8708277940750122,Reddit-S,43,context_grounded_static,False,103,1.8708277940750122
121,visual,2.2443795204162598,Reddit-S,43,context_grounded_static,False,103,2.2443795204162598
122,text,1.872331976890564,Reddit-S,43,context_grounded_static,False,103,1.872331976890564
122,visual,2.2478699684143066,Reddit-S,43,context_grounded_static,False,103,2.2478699684143066
123,text,1.8740181922912598,Reddit-S,43,context_grounded_static,False,103,1.8740181922912598
123,visual,2.251347064971924,Reddit-S,43,context_grounded_static,False,103,2.251347064971924
124,text,1.875874400138855,Reddit-S,43,context_grounded_static,False,103,1.875874400138855
124,visual,2.254734992980957,Reddit-S,43,context_grounded_static,False,103,2.254734992980957
125,text,1.877834677696228,Reddit-S,43,context_grounded_static,False,103,1.877834677696228
125,visual,2.2580246925354004,Reddit-S,43,context_grounded_static,False,103,2.2580246925354004
126,text,1.8798304796218872,Reddit-S,43,context_grounded_static,False,103,1.8798304796218872
126,visual,2.261268138885498,Reddit-S,43,context_grounded_static,False,103,2.261268138885498
127,text,1.881737232208252,Reddit-S,43,context_grounded_static,False,103,1.881737232208252
127,visual,2.2643256187438965,Reddit-S,43,context_grounded_static,False,103,2.2643256187438965
128,text,1.883519172668457,Reddit-S,43,context_grounded_static,False,103,1.883519172668457
128,visual,2.2670865058898926,Reddit-S,43,context_grounded_static,False,103,2.2670865058898926
129,text,1.8853428363800049,Reddit-S,43,context_grounded_static,False,103,1.8853428363800049
129,visual,2.269865036010742,Reddit-S,43,context_grounded_static,False,103,2.269865036010742
130,text,1.8871574401855469,Reddit-S,43,context_grounded_static,False,103,1.8871574401855469
130,visual,2.272582530975342,Reddit-S,43,context_grounded_static,False,103,2.272582530975342
131,text,1.8887234926223755,Reddit-S,43,context_grounded_static,False,103,1.8887234926223755
131,visual,2.275165319442749,Reddit-S,43,context_grounded_static,False,103,2.275165319442749
132,text,1.89031183719635,Reddit-S,43,context_grounded_static,False,103,1.89031183719635
132,visual,2.2777373790740967,Reddit-S,43,context_grounded_static,False,103,2.2777373790740967
133,text,1.8920022249221802,Reddit-S,43,context_grounded_static,False,103,1.8920022249221802
133,visual,2.280261516571045,Reddit-S,43,context_grounded_static,False,103,2.280261516571045
1,text,0.09003746509552002,Reddit-S,43,context_grounded_dynamic,False,57,0.09003746509552002
1,visual,0.09020080417394638,Reddit-S,43,context_grounded_dynamic,False,57,0.09020080417394638
2,text,0.1435503512620926,Reddit-S,43,context_grounded_dynamic,False,57,0.1435503512620926
2,visual,0.14827507734298706,Reddit-S,43,context_grounded_dynamic,False,57,0.14827507734298706
3,text,0.18743741512298584,Reddit-S,43,context_grounded_dynamic,False,57,0.18743741512298584
3,visual,0.1995999813079834,Reddit-S,43,context_grounded_dynamic,False,57,0.1995999813079834
4,text,0.22941340506076813,Reddit-S,43,context_grounded_dynamic,False,57,0.22941340506076813
4,visual,0.2476639747619629,Reddit-S,43,context_grounded_dynamic,False,57,0.2476639747619629
5,text,0.2703198492527008,Reddit-S,43,context_grounded_dynamic,False,57,0.2703198492527008
5,visual,0.29422831535339355,Reddit-S,43,context_grounded_dynamic,False,57,0.29422831535339355
6,text,0.30777835845947266,Reddit-S,43,context_grounded_dynamic,False,57,0.30777835845947266
6,visual,0.33824366331100464,Reddit-S,43,context_grounded_dynamic,False,57,0.33824366331100464
7,text,0.342409610748291,Reddit-S,43,context_grounded_dynamic,False,57,0.342409610748291
7,visual,0.38095250725746155,Reddit-S,43,context_grounded_dynamic,False,57,0.38095250725746155
8,text,0.3756284713745117,Reddit-S,43,context_grounded_dynamic,False,57,0.3756284713745117
8,visual,0.4236108362674713,Reddit-S,43,context_grounded_dynamic,False,57,0.4236108362674713
9,text,0.41044196486473083,Reddit-S,43,context_grounded_dynamic,False,57,0.41044196486473083
9,visual,0.4663465917110443,Reddit-S,43,context_grounded_dynamic,False,57,0.4663465917110443
10,text,0.4474242329597473,Reddit-S,43,context_grounded_dynamic,False,57,0.4474242329597473
10,visual,0.5094334483146667,Reddit-S,43,context_grounded_dynamic,False,57,0.5094334483146667
11,text,0.4861747920513153,Reddit-S,43,context_grounded_dynamic,False,57,0.4861747920513153
11,visual,0.552491307258606,Reddit-S,43,context_grounded_dynamic,False,57,0.552491307258606
12,text,0.5265872478485107,Reddit-S,43,context_grounded_dynamic,False,57,0.5265872478485107
12,visual,0.595157265663147,Reddit-S,43,context_grounded_dynamic,False,57,0.595157265663147
13,text,0.5680843591690063,Reddit-S,43,context_grounded_dynamic,False,57,0.5680843591690063
13,visual,0.637073814868927,Reddit-S,43,context_grounded_dynamic,False,57,0.637073814868927
14,text,0.6098785996437073,Reddit-S,43,context_grounded_dynamic,False,57,0.6098785996437073
14,visual,0.677636444568634,Reddit-S,43,context_grounded_dynamic,False,57,0.677636444568634
15,text,0.6506239771842957,Reddit-S,43,context_grounded_dynamic,False,57,0.6506239771842957
15,visual,0.7163836359977722,Reddit-S,43,context_grounded_dynamic,False,57,0.7163836359977722
16,text,0.6911521553993225,Reddit-S,43,context_grounded_dynamic,False,57,0.6911521553993225
16,visual,0.7535429000854492,Reddit-S,43,context_grounded_dynamic,False,57,0.7535429000854492
17,text,0.7287153601646423,Reddit-S,43,context_grounded_dynamic,False,57,0.7287153601646423
17,visual,0.7894244194030762,Reddit-S,43,context_grounded_dynamic,False,57,0.7894244194030762
18,text,0.7644804120063782,Reddit-S,43,context_grounded_dynamic,False,57,0.7644804120063782
18,visual,0.8240594863891602,Reddit-S,43,context_grounded_dynamic,False,57,0.8240594863891602
19,text,0.7988402247428894,Reddit-S,43,context_grounded_dynamic,False,57,0.7988402247428894
19,visual,0.8574556708335876,Reddit-S,43,context_grounded_dynamic,False,57,0.8574556708335876
20,text,0.8316364884376526,Reddit-S,43,context_grounded_dynamic,False,57,0.8316364884376526
20,visual,0.8900352120399475,Reddit-S,43,context_grounded_dynamic,False,57,0.8900352120399475
21,text,0.8629291653633118,Reddit-S,43,context_grounded_dynamic,False,57,0.8629291653633118
21,visual,0.9216945171356201,Reddit-S,43,context_grounded_dynamic,False,57,0.9216945171356201
22,text,0.8930155634880066,Reddit-S,43,context_grounded_dynamic,False,57,0.8930155634880066
22,visual,0.9531883597373962,Reddit-S,43,context_grounded_dynamic,False,57,0.9531883597373962
23,text,0.9223490357398987,Reddit-S,43,context_grounded_dynamic,False,57,0.9223490357398987
23,visual,0.9847078919410706,Reddit-S,43,context_grounded_dynamic,False,57,0.9847078919410706
24,text,0.9509903788566589,Reddit-S,43,context_grounded_dynamic,False,57,0.9509903788566589
24,visual,1.0162780284881592,Reddit-S,43,context_grounded_dynamic,False,57,1.0162780284881592
25,text,0.9798958897590637,Reddit-S,43,context_grounded_dynamic,False,57,0.9798958897590637
25,visual,1.0480700731277466,Reddit-S,43,context_grounded_dynamic,False,57,1.0480700731277466
26,text,1.008657693862915,Reddit-S,43,context_grounded_dynamic,False,57,1.008657693862915
26,visual,1.0802929401397705,Reddit-S,43,context_grounded_dynamic,False,57,1.0802929401397705
27,text,1.0373778343200684,Reddit-S,43,context_grounded_dynamic,False,57,1.0373778343200684
27,visual,1.1129568815231323,Reddit-S,43,context_grounded_dynamic,False,57,1.1129568815231323
28,text,1.0660890340805054,Reddit-S,43,context_grounded_dynamic,False,57,1.0660890340805054
28,visual,1.1456632614135742,Reddit-S,43,context_grounded_dynamic,False,57,1.1456632614135742
29,text,1.09432053565979,Reddit-S,43,context_grounded_dynamic,False,57,1.09432053565979
29,visual,1.1785744428634644,Reddit-S,43,context_grounded_dynamic,False,57,1.1785744428634644
30,text,1.1232742071151733,Reddit-S,43,context_grounded_dynamic,False,57,1.1232742071151733
30,visual,1.2117595672607422,Reddit-S,43,context_grounded_dynamic,False,57,1.2117595672607422
31,text,1.1523045301437378,Reddit-S,43,context_grounded_dynamic,False,57,1.1523045301437378
31,visual,1.2447148561477661,Reddit-S,43,context_grounded_dynamic,False,57,1.2447148561477661
32,text,1.1803314685821533,Reddit-S,43,context_grounded_dynamic,False,57,1.1803314685821533
32,visual,1.2771995067596436,Reddit-S,43,context_grounded_dynamic,False,57,1.2771995067596436
33,text,1.2079464197158813,Reddit-S,43,context_grounded_dynamic,False,57,1.2079464197158813
33,visual,1.3093615770339966,Reddit-S,43,context_grounded_dynamic,False,57,1.3093615770339966
34,text,1.2358001470565796,Reddit-S,43,context_grounded_dynamic,False,57,1.2358001470565796
34,visual,1.3413679599761963,Reddit-S,43,context_grounded_dynamic,False,57,1.3413679599761963
35,text,1.2621982097625732,Reddit-S,43,context_grounded_dynamic,False,57,1.2621982097625732
35,visual,1.3727011680603027,Reddit-S,43,context_grounded_dynamic,False,57,1.3727011680603027
36,text,1.285934567451477,Reddit-S,43,context_grounded_dynamic,False,57,1.285934567451477
36,visual,1.4031634330749512,Reddit-S,43,context_grounded_dynamic,False,57,1.4031634330749512
37,text,1.3084076642990112,Reddit-S,43,context_grounded_dynamic,False,57,1.3084076642990112
37,visual,1.4332563877105713,Reddit-S,43,context_grounded_dynamic,False,57,1.4332563877105713
38,text,1.3303987979888916,Reddit-S,43,context_grounded_dynamic,False,57,1.3303987979888916
38,visual,1.4625710248947144,Reddit-S,43,context_grounded_dynamic,False,57,1.4625710248947144
39,text,1.3511019945144653,Reddit-S,43,context_grounded_dynamic,False,57,1.3511019945144653
39,visual,1.490938425064087,Reddit-S,43,context_grounded_dynamic,False,57,1.490938425064087
40,text,1.371849536895752,Reddit-S,43,context_grounded_dynamic,False,57,1.371849536895752
40,visual,1.5191670656204224,Reddit-S,43,context_grounded_dynamic,False,57,1.5191670656204224
41,text,1.3917086124420166,Reddit-S,43,context_grounded_dynamic,False,57,1.3917086124420166
41,visual,1.5471749305725098,Reddit-S,43,context_grounded_dynamic,False,57,1.5471749305725098
42,text,1.4105451107025146,Reddit-S,43,context_grounded_dynamic,False,57,1.4105451107025146
42,visual,1.5746062994003296,Reddit-S,43,context_grounded_dynamic,False,57,1.5746062994003296
43,text,1.428077220916748,Reddit-S,43,context_grounded_dynamic,False,57,1.428077220916748
43,visual,1.6016384363174438,Reddit-S,43,context_grounded_dynamic,False,57,1.6016384363174438
44,text,1.4449416399002075,Reddit-S,43,context_grounded_dynamic,False,57,1.4449416399002075
44,visual,1.6279157400131226,Reddit-S,43,context_grounded_dynamic,False,57,1.6279157400131226
45,text,1.4617304801940918,Reddit-S,43,context_grounded_dynamic,False,57,1.4617304801940918
45,visual,1.6532926559448242,Reddit-S,43,context_grounded_dynamic,False,57,1.6532926559448242
46,text,1.4780893325805664,Reddit-S,43,context_grounded_dynamic,False,57,1.4780893325805664
46,visual,1.6780933141708374,Reddit-S,43,context_grounded_dynamic,False,57,1.6780933141708374
47,text,1.4951385259628296,Reddit-S,43,context_grounded_dynamic,False,57,1.4951385259628296
47,visual,1.701676607131958,Reddit-S,43,context_grounded_dynamic,False,57,1.701676607131958
48,text,1.5118441581726074,Reddit-S,43,context_grounded_dynamic,False,57,1.5118441581726074
48,visual,1.7240837812423706,Reddit-S,43,context_grounded_dynamic,False,57,1.7240837812423706
49,text,1.5270529985427856,Reddit-S,43,context_grounded_dynamic,False,57,1.5270529985427856
49,visual,1.7465158700942993,Reddit-S,43,context_grounded_dynamic,False,57,1.7465158700942993
50,text,1.5413439273834229,Reddit-S,43,context_grounded_dynamic,False,57,1.5413439273834229
50,visual,1.7685596942901611,Reddit-S,43,context_grounded_dynamic,False,57,1.7685596942901611
51,text,1.5558563470840454,Reddit-S,43,context_grounded_dynamic,False,57,1.5558563470840454
51,visual,1.7906314134597778,Reddit-S,43,context_grounded_dynamic,False,57,1.7906314134597778
52,text,1.5702176094055176,Reddit-S,43,context_grounded_dynamic,False,57,1.5702176094055176
52,visual,1.8119641542434692,Reddit-S,43,context_grounded_dynamic,False,57,1.8119641542434692
53,text,1.5841816663742065,Reddit-S,43,context_grounded_dynamic,False,57,1.5841816663742065
53,visual,1.8329330682754517,Reddit-S,43,context_grounded_dynamic,False,57,1.8329330682754517
54,text,1.5975457429885864,Reddit-S,43,context_grounded_dynamic,False,57,1.5975457429885864
54,visual,1.853435754776001,Reddit-S,43,context_grounded_dynamic,False,57,1.853435754776001
55,text,1.6105246543884277,Reddit-S,43,context_grounded_dynamic,False,57,1.6105246543884277
55,visual,1.8729358911514282,Reddit-S,43,context_grounded_dynamic,False,57,1.8729358911514282
56,text,1.622936725616455,Reddit-S,43,context_grounded_dynamic,False,57,1.622936725616455
56,visual,1.8915355205535889,Reddit-S,43,context_grounded_dynamic,False,57,1.8915355205535889
57,text,1.6348315477371216,Reddit-S,43,context_grounded_dynamic,True,57,1.6348315477371216
57,visual,1.9091227054595947,Reddit-S,43,context_grounded_dynamic,True,57,1.9091227054595947
58,text,1.6463371515274048,Reddit-S,43,context_grounded_dynamic,False,57,1.6463371515274048
58,visual,1.9262551069259644,Reddit-S,43,context_grounded_dynamic,False,57,1.9262551069259644
59,text,1.6567991971969604,Reddit-S,43,context_grounded_dynamic,False,57,1.6567991971969604
59,visual,1.943135142326355,Reddit-S,43,context_grounded_dynamic,False,57,1.943135142326355
60,text,1.6666252613067627,Reddit-S,43,context_grounded_dynamic,False,57,1.6666252613067627
60,visual,1.959373950958252,Reddit-S,43,context_grounded_dynamic,False,57,1.959373950958252
61,text,1.6764247417449951,Reddit-S,43,context_grounded_dynamic,False,57,1.6764247417449951
61,visual,1.975357174873352,Reddit-S,43,context_grounded_dynamic,False,57,1.975357174873352
62,text,1.6856895685195923,Reddit-S,43,context_grounded_dynamic,False,57,1.6856895685195923
62,visual,1.9904149770736694,Reddit-S,43,context_grounded_dynamic,False,57,1.9904149770736694
63,text,1.6948344707489014,Reddit-S,43,context_grounded_dynamic,False,57,1.6948344707489014
63,visual,2.004945993423462,Reddit-S,43,context_grounded_dynamic,False,57,2.004945993423462
64,text,1.7042806148529053,Reddit-S,43,context_grounded_dynamic,False,57,1.7042806148529053
64,visual,2.018744468688965,Reddit-S,43,context_grounded_dynamic,False,57,2.018744468688965
65,text,1.7132257223129272,Reddit-S,43,context_grounded_dynamic,False,57,1.7132257223129272
65,visual,2.0315258502960205,Reddit-S,43,context_grounded_dynamic,False,57,2.0315258502960205
66,text,1.7215418815612793,Reddit-S,43,context_grounded_dynamic,False,57,1.7215418815612793
66,visual,2.043238639831543,Reddit-S,43,context_grounded_dynamic,False,57,2.043238639831543
67,text,1.7284393310546875,Reddit-S,43,context_grounded_dynamic,False,57,1.7284393310546875
67,visual,2.0546348094940186,Reddit-S,43,context_grounded_dynamic,False,57,2.0546348094940186
68,text,1.735276699066162,Reddit-S,43,context_grounded_dynamic,False,57,1.735276699066162
68,visual,2.0657851696014404,Reddit-S,43,context_grounded_dynamic,False,57,2.0657851696014404
69,text,1.7416990995407104,Reddit-S,43,context_grounded_dynamic,False,57,1.7416990995407104
69,visual,2.0764575004577637,Reddit-S,43,context_grounded_dynamic,False,57,2.0764575004577637
70,text,1.7476627826690674,Reddit-S,43,context_grounded_dynamic,False,57,1.7476627826690674
70,visual,2.0866847038269043,Reddit-S,43,context_grounded_dynamic,False,57,2.0866847038269043
71,text,1.753084421157837,Reddit-S,43,context_grounded_dynamic,False,57,1.753084421157837
71,visual,2.0967118740081787,Reddit-S,43,context_grounded_dynamic,False,57,2.0967118740081787
72,text,1.7586272954940796,Reddit-S,43,context_grounded_dynamic,False,57,1.7586272954940796
72,visual,2.106580972671509,Reddit-S,43,context_grounded_dynamic,False,57,2.106580972671509
73,text,1.7646713256835938,Reddit-S,43,context_grounded_dynamic,False,57,1.7646713256835938
73,visual,2.1157824993133545,Reddit-S,43,context_grounded_dynamic,False,57,2.1157824993133545
74,text,1.7709258794784546,Reddit-S,43,context_grounded_dynamic,False,57,1.7709258794784546
74,visual,2.124742031097412,Reddit-S,43,context_grounded_dynamic,False,57,2.124742031097412
75,text,1.777616262435913,Reddit-S,43,context_grounded_dynamic,False,57,1.777616262435913
75,visual,2.1336519718170166,Reddit-S,43,context_grounded_dynamic,False,57,2.1336519718170166
76,text,1.7838257551193237,Reddit-S,43,context_grounded_dynamic,False,57,1.7838257551193237
76,visual,2.142404079437256,Reddit-S,43,context_grounded_dynamic,False,57,2.142404079437256
77,text,1.7895771265029907,Reddit-S,43,context_grounded_dynamic,False,57,1.7895771265029907
77,visual,2.1501758098602295,Reddit-S,43,context_grounded_dynamic,False,57,2.1501758098602295
78,text,1.794119119644165,Reddit-S,43,context_grounded_dynamic,False,57,1.794119119644165
78,visual,2.1577911376953125,Reddit-S,43,context_grounded_dynamic,False,57,2.1577911376953125
79,text,1.798460841178894,Reddit-S,43,context_grounded_dynamic,False,57,1.798460841178894
79,visual,2.1651997566223145,Reddit-S,43,context_grounded_dynamic,False,57,2.1651997566223145
80,text,1.8030163049697876,Reddit-S,43,context_grounded_dynamic,False,57,1.8030163049697876
80,visual,2.172445058822632,Reddit-S,43,context_grounded_dynamic,False,57,2.172445058822632
81,text,1.8075835704803467,Reddit-S,43,context_grounded_dynamic,False,57,1.8075835704803467
81,visual,2.1793289184570312,Reddit-S,43,context_grounded_dynamic,False,57,2.1793289184570312
82,text,1.8121017217636108,Reddit-S,43,context_grounded_dynamic,False,57,1.8121017217636108
82,visual,2.1857552528381348,Reddit-S,43,context_grounded_dynamic,False,57,2.1857552528381348
83,text,1.8159364461898804,Reddit-S,43,context_grounded_dynamic,False,57,1.8159364461898804
83,visual,2.1920228004455566,Reddit-S,43,context_grounded_dynamic,False,57,2.1920228004455566
84,text,1.8195527791976929,Reddit-S,43,context_grounded_dynamic,False,57,1.8195527791976929
84,visual,2.198085069656372,Reddit-S,43,context_grounded_dynamic,False,57,2.198085069656372
85,text,1.8226840496063232,Reddit-S,43,context_grounded_dynamic,False,57,1.8226840496063232
85,visual,2.2038586139678955,Reddit-S,43,context_grounded_dynamic,False,57,2.2038586139678955
86,text,1.8257945775985718,Reddit-S,43,context_grounded_dynamic,False,57,1.8257945775985718
86,visual,2.209826707839966,Reddit-S,43,context_grounded_dynamic,False,57,2.209826707839966
87,text,1.8288222551345825,Reddit-S,43,context_grounded_dynamic,False,57,1.8288222551345825
87,visual,2.215623140335083,Reddit-S,43,context_grounded_dynamic,False,57,2.215623140335083
1,text,0.0898757055401802,Reddit-S,44,global_grounded_dynamic,False,60,0.0898757055401802
1,visual,0.0899115577340126,Reddit-S,44,global_grounded_dynamic,False,60,0.0899115577340126
2,text,0.1339147984981537,Reddit-S,44,global_grounded_dynamic,False,60,0.1339147984981537
2,visual,0.1410982757806778,Reddit-S,44,global_grounded_dynamic,False,60,0.1410982757806778
3,text,0.17166951298713684,Reddit-S,44,global_grounded_dynamic,False,60,0.17166951298713684
3,visual,0.1876777708530426,Reddit-S,44,global_grounded_dynamic,False,60,0.1876777708530426
4,text,0.2067180573940277,Reddit-S,44,global_grounded_dynamic,False,60,0.2067180573940277
4,visual,0.2336653470993042,Reddit-S,44,global_grounded_dynamic,False,60,0.2336653470993042
5,text,0.24115297198295593,Reddit-S,44,global_grounded_dynamic,False,60,0.24115297198295593
5,visual,0.27959898114204407,Reddit-S,44,global_grounded_dynamic,False,60,0.27959898114204407
6,text,0.27127766609191895,Reddit-S,44,global_grounded_dynamic,False,60,0.27127766609191895
6,visual,0.3222537040710449,Reddit-S,44,global_grounded_dynamic,False,60,0.3222537040710449
7,text,0.2980392873287201,Reddit-S,44,global_grounded_dynamic,False,60,0.2980392873287201
7,visual,0.362002968788147,Reddit-S,44,global_grounded_dynamic,False,60,0.362002968788147
8,text,0.32327190041542053,Reddit-S,44,global_grounded_dynamic,False,60,0.32327190041542053
8,visual,0.4004766345024109,Reddit-S,44,global_grounded_dynamic,False,60,0.4004766345024109
9,text,0.34727999567985535,Reddit-S,44,global_grounded_dynamic,False,60,0.34727999567985535
9,visual,0.4395134150981903,Reddit-S,44,global_grounded_dynamic,False,60,0.4395134150981903
10,text,0.37088191509246826,Reddit-S,44,global_grounded_dynamic,False,60,0.37088191509246826
10,visual,0.4797111749649048,Reddit-S,44,global_grounded_dynamic,False,60,0.4797111749649048
11,text,0.39520981907844543,Reddit-S,44,global_grounded_dynamic,False,60,0.39520981907844543
11,visual,0.5203129053115845,Reddit-S,44,global_grounded_dynamic,False,60,0.5203129053115845
12,text,0.42065876722335815,Reddit-S,44,global_grounded_dynamic,False,60,0.42065876722335815
12,visual,0.5602930784225464,Reddit-S,44,global_grounded_dynamic,False,60,0.5602930784225464
13,text,0.44675853848457336,Reddit-S,44,global_grounded_dynamic,False,60,0.44675853848457336
13,visual,0.5988283157348633,Reddit-S,44,global_grounded_dynamic,False,60,0.5988283157348633
14,text,0.4732385575771332,Reddit-S,44,global_grounded_dynamic,False,60,0.4732385575771332
14,visual,0.6353920698165894,Reddit-S,44,global_grounded_dynamic,False,60,0.6353920698165894
15,text,0.4998635947704315,Reddit-S,44,global_grounded_dynamic,False,60,0.4998635947704315
15,visual,0.6702249646186829,Reddit-S,44,global_grounded_dynamic,False,60,0.6702249646186829
16,text,0.5264410376548767,Reddit-S,44,global_grounded_dynamic,False,60,0.5264410376548767
16,visual,0.7039027810096741,Reddit-S,44,global_grounded_dynamic,False,60,0.7039027810096741
17,text,0.5522920489311218,Reddit-S,44,global_grounded_dynamic,False,60,0.5522920489311218
17,visual,0.7365538477897644,Reddit-S,44,global_grounded_dynamic,False,60,0.7365538477897644
18,text,0.5769422650337219,Reddit-S,44,global_grounded_dynamic,False,60,0.5769422650337219
18,visual,0.7677692770957947,Reddit-S,44,global_grounded_dynamic,False,60,0.7677692770957947
19,text,0.6001735925674438,Reddit-S,44,global_grounded_dynamic,False,60,0.6001735925674438
19,visual,0.7972639799118042,Reddit-S,44,global_grounded_dynamic,False,60,0.7972639799118042
20,text,0.6220373511314392,Reddit-S,44,global_grounded_dynamic,False,60,0.6220373511314392
20,visual,0.8249594569206238,Reddit-S,44,global_grounded_dynamic,False,60,0.8249594569206238
21,text,0.6422986388206482,Reddit-S,44,global_grounded_dynamic,False,60,0.6422986388206482
21,visual,0.8506327867507935,Reddit-S,44,global_grounded_dynamic,False,60,0.8506327867507935
22,text,0.6595937609672546,Reddit-S,44,global_grounded_dynamic,False,60,0.6595937609672546
22,visual,0.8743706345558167,Reddit-S,44,global_grounded_dynamic,False,60,0.8743706345558167
23,text,0.6745215654373169,Reddit-S,44,global_grounded_dynamic,False,60,0.6745215654373169
23,visual,0.8955553770065308,Reddit-S,44,global_grounded_dynamic,False,60,0.8955553770065308
24,text,0.6883043050765991,Reddit-S,44,global_grounded_dynamic,False,60,0.6883043050765991
24,visual,0.9144503474235535,Reddit-S,44,global_grounded_dynamic,False,60,0.9144503474235535
25,text,0.7013460993766785,Reddit-S,44,global_grounded_dynamic,False,60,0.7013460993766785
25,visual,0.9314630627632141,Reddit-S,44,global_grounded_dynamic,False,60,0.9314630627632141
26,text,0.7136037349700928,Reddit-S,44,global_grounded_dynamic,False,60,0.7136037349700928
26,visual,0.9468084573745728,Reddit-S,44,global_grounded_dynamic,False,60,0.9468084573745728
27,text,0.7253709435462952,Reddit-S,44,global_grounded_dynamic,False,60,0.7253709435462952
27,visual,0.9608747363090515,Reddit-S,44,global_grounded_dynamic,False,60,0.9608747363090515
28,text,0.7367174029350281,Reddit-S,44,global_grounded_dynamic,False,60,0.7367174029350281
28,visual,0.9737536907196045,Reddit-S,44,global_grounded_dynamic,False,60,0.9737536907196045
29,text,0.747568666934967,Reddit-S,44,global_grounded_dynamic,False,60,0.747568666934967
29,visual,0.9860183000564575,Reddit-S,44,global_grounded_dynamic,False,60,0.9860183000564575
30,text,0.7580417394638062,Reddit-S,44,global_grounded_dynamic,False,60,0.7580417394638062
30,visual,0.9980672001838684,Reddit-S,44,global_grounded_dynamic,False,60,0.9980672001838684
31,text,0.7683791518211365,Reddit-S,44,global_grounded_dynamic,False,60,0.7683791518211365
31,visual,1.0098856687545776,Reddit-S,44,global_grounded_dynamic,False,60,1.0098856687545776
32,text,0.7790572643280029,Reddit-S,44,global_grounded_dynamic,False,60,0.7790572643280029
32,visual,1.0213013887405396,Reddit-S,44,global_grounded_dynamic,False,60,1.0213013887405396
33,text,0.7901470065116882,Reddit-S,44,global_grounded_dynamic,False,60,0.7901470065116882
33,visual,1.0324276685714722,Reddit-S,44,global_grounded_dynamic,False,60,1.0324276685714722
34,text,0.8016926646232605,Reddit-S,44,global_grounded_dynamic,False,60,0.8016926646232605
34,visual,1.0432302951812744,Reddit-S,44,global_grounded_dynamic,False,60,1.0432302951812744
35,text,0.8135280609130859,Reddit-S,44,global_grounded_dynamic,False,60,0.8135280609130859
35,visual,1.0537742376327515,Reddit-S,44,global_grounded_dynamic,False,60,1.0537742376327515
36,text,0.8257187008857727,Reddit-S,44,global_grounded_dynamic,False,60,0.8257187008857727
36,visual,1.0639492273330688,Reddit-S,44,global_grounded_dynamic,False,60,1.0639492273330688
37,text,0.8381505012512207,Reddit-S,44,global_grounded_dynamic,False,60,0.8381505012512207
37,visual,1.0738104581832886,Reddit-S,44,global_grounded_dynamic,False,60,1.0738104581832886
38,text,0.8509626388549805,Reddit-S,44,global_grounded_dynamic,False,60,0.8509626388549805
38,visual,1.0834745168685913,Reddit-S,44,global_grounded_dynamic,False,60,1.0834745168685913
39,text,0.8638975024223328,Reddit-S,44,global_grounded_dynamic,False,60,0.8638975024223328
39,visual,1.0929005146026611,Reddit-S,44,global_grounded_dynamic,False,60,1.0929005146026611
40,text,0.8771523237228394,Reddit-S,44,global_grounded_dynamic,False,60,0.8771523237228394
40,visual,1.102017879486084,Reddit-S,44,global_grounded_dynamic,False,60,1.102017879486084
41,text,0.8908626437187195,Reddit-S,44,global_grounded_dynamic,False,60,0.8908626437187195
41,visual,1.1109099388122559,Reddit-S,44,global_grounded_dynamic,False,60,1.1109099388122559
42,text,0.9047142267227173,Reddit-S,44,global_grounded_dynamic,False,60,0.9047142267227173
42,visual,1.119417667388916,Reddit-S,44,global_grounded_dynamic,False,60,1.119417667388916
43,text,0.9175141453742981,Reddit-S,44,global_grounded_dynamic,False,60,0.9175141453742981
43,visual,1.1276752948760986,Reddit-S,44,global_grounded_dynamic,False,60,1.1276752948760986
44,text,0.9301950335502625,Reddit-S,44,global_grounded_dynamic,False,60,0.9301950335502625
44,visual,1.1355695724487305,Reddit-S,44,global_grounded_dynamic,False,60,1.1355695724487305
45,text,0.9430642127990723,Reddit-S,44,global_grounded_dynamic,False,60,0.9430642127990723
45,visual,1.1432089805603027,Reddit-S,44,global_grounded_dynamic,False,60,1.1432089805603027
46,text,0.955973207950592,Reddit-S,44,global_grounded_dynamic,False,60,0.955973207950592
46,visual,1.1503496170043945,Reddit-S,44,global_grounded_dynamic,False,60,1.1503496170043945
47,text,0.9680767059326172,Reddit-S,44,global_grounded_dynamic,False,60,0.9680767059326172
47,visual,1.157050609588623,Reddit-S,44,global_grounded_dynamic,False,60,1.157050609588623
48,text,0.9805593490600586,Reddit-S,44,global_grounded_dynamic,False,60,0.9805593490600586
48,visual,1.1632516384124756,Reddit-S,44,global_grounded_dynamic,False,60,1.1632516384124756
49,text,0.9933311343193054,Reddit-S,44,global_grounded_dynamic,False,60,0.9933311343193054
49,visual,1.1693171262741089,Reddit-S,44,global_grounded_dynamic,False,60,1.1693171262741089
50,text,1.0037140846252441,Reddit-S,44,global_grounded_dynamic,False,60,1.0037140846252441
50,visual,1.1751883029937744,Reddit-S,44,global_grounded_dynamic,False,60,1.1751883029937744
51,text,1.0144933462142944,Reddit-S,44,global_grounded_dynamic,False,60,1.0144933462142944
51,visual,1.180646538734436,Reddit-S,44,global_grounded_dynamic,False,60,1.180646538734436
52,text,1.0255000591278076,Reddit-S,44,global_grounded_dynamic,False,60,1.0255000591278076
52,visual,1.185882329940796,Reddit-S,44,global_grounded_dynamic,False,60,1.185882329940796
53,text,1.0343376398086548,Reddit-S,44,global_grounded_dynamic,False,60,1.0343376398086548
53,visual,1.1908788681030273,Reddit-S,44,global_grounded_dynamic,False,60,1.1908788681030273
54,text,1.043493390083313,Reddit-S,44,global_grounded_dynamic,False,60,1.043493390083313
54,visual,1.195733666419983,Reddit-S,44,global_grounded_dynamic,False,60,1.195733666419983
55,text,1.0524756908416748,Reddit-S,44,global_grounded_dynamic,False,60,1.0524756908416748
55,visual,1.2002601623535156,Reddit-S,44,global_grounded_dynamic,False,60,1.2002601623535156
56,text,1.0607186555862427,Reddit-S,44,global_grounded_dynamic,False,60,1.0607186555862427
56,visual,1.204439640045166,Reddit-S,44,global_grounded_dynamic,False,60,1.204439640045166
57,text,1.0686907768249512,Reddit-S,44,global_grounded_dynamic,False,60,1.0686907768249512
57,visual,1.2085219621658325,Reddit-S,44,global_grounded_dynamic,False,60,1.2085219621658325
58,text,1.0766327381134033,Reddit-S,44,global_grounded_dynamic,False,60,1.0766327381134033
58,visual,1.2124149799346924,Reddit-S,44,global_grounded_dynamic,False,60,1.2124149799346924
59,text,1.084630012512207,Reddit-S,44,global_grounded_dynamic,False,60,1.084630012512207
59,visual,1.2162439823150635,Reddit-S,44,global_grounded_dynamic,False,60,1.2162439823150635
60,text,1.0915803909301758,Reddit-S,44,global_grounded_dynamic,True,60,1.0915803909301758
60,visual,1.2199687957763672,Reddit-S,44,global_grounded_dynamic,True,60,1.2199687957763672
61,text,1.0985952615737915,Reddit-S,44,global_grounded_dynamic,False,60,1.0985952615737915
61,visual,1.2235606908798218,Reddit-S,44,global_grounded_dynamic,False,60,1.2235606908798218
62,text,1.1058244705200195,Reddit-S,44,global_grounded_dynamic,False,60,1.1058244705200195
62,visual,1.2267857789993286,Reddit-S,44,global_grounded_dynamic,False,60,1.2267857789993286
63,text,1.1131006479263306,Reddit-S,44,global_grounded_dynamic,False,60,1.1131006479263306
63,visual,1.2298873662948608,Reddit-S,44,global_grounded_dynamic,False,60,1.2298873662948608
64,text,1.1196643114089966,Reddit-S,44,global_grounded_dynamic,False,60,1.1196643114089966
64,visual,1.2329970598220825,Reddit-S,44,global_grounded_dynamic,False,60,1.2329970598220825
65,text,1.1264175176620483,Reddit-S,44,global_grounded_dynamic,False,60,1.1264175176620483
65,visual,1.2360457181930542,Reddit-S,44,global_grounded_dynamic,False,60,1.2360457181930542
66,text,1.1335022449493408,Reddit-S,44,global_grounded_dynamic,False,60,1.1335022449493408
66,visual,1.2390074729919434,Reddit-S,44,global_grounded_dynamic,False,60,1.2390074729919434
67,text,1.1405056715011597,Reddit-S,44,global_grounded_dynamic,False,60,1.1405056715011597
67,visual,1.241669774055481,Reddit-S,44,global_grounded_dynamic,False,60,1.241669774055481
68,text,1.1469154357910156,Reddit-S,44,global_grounded_dynamic,False,60,1.1469154357910156
68,visual,1.2439383268356323,Reddit-S,44,global_grounded_dynamic,False,60,1.2439383268356323
69,text,1.1531593799591064,Reddit-S,44,global_grounded_dynamic,False,60,1.1531593799591064
69,visual,1.246297001838684,Reddit-S,44,global_grounded_dynamic,False,60,1.246297001838684
70,text,1.159574270248413,Reddit-S,44,global_grounded_dynamic,False,60,1.159574270248413
70,visual,1.2486752271652222,Reddit-S,44,global_grounded_dynamic,False,60,1.2486752271652222
71,text,1.1660335063934326,Reddit-S,44,global_grounded_dynamic,False,60,1.1660335063934326
71,visual,1.250985860824585,Reddit-S,44,global_grounded_dynamic,False,60,1.250985860824585
72,text,1.1723560094833374,Reddit-S,44,global_grounded_dynamic,False,60,1.1723560094833374
72,visual,1.253055453300476,Reddit-S,44,global_grounded_dynamic,False,60,1.253055453300476
73,text,1.1786127090454102,Reddit-S,44,global_grounded_dynamic,False,60,1.1786127090454102
73,visual,1.2548600435256958,Reddit-S,44,global_grounded_dynamic,False,60,1.2548600435256958
74,text,1.1848156452178955,Reddit-S,44,global_grounded_dynamic,False,60,1.1848156452178955
74,visual,1.2566255331039429,Reddit-S,44,global_grounded_dynamic,False,60,1.2566255331039429
75,text,1.1912951469421387,Reddit-S,44,global_grounded_dynamic,False,60,1.1912951469421387
75,visual,1.2583966255187988,Reddit-S,44,global_grounded_dynamic,False,60,1.2583966255187988
76,text,1.197582721710205,Reddit-S,44,global_grounded_dynamic,False,60,1.197582721710205
76,visual,1.2600616216659546,Reddit-S,44,global_grounded_dynamic,False,60,1.2600616216659546
77,text,1.2035483121871948,Reddit-S,44,global_grounded_dynamic,False,60,1.2035483121871948
77,visual,1.2615069150924683,Reddit-S,44,global_grounded_dynamic,False,60,1.2615069150924683
78,text,1.2089207172393799,Reddit-S,44,global_grounded_dynamic,False,60,1.2089207172393799
78,visual,1.2628676891326904,Reddit-S,44,global_grounded_dynamic,False,60,1.2628676891326904
79,text,1.2141997814178467,Reddit-S,44,global_grounded_dynamic,False,60,1.2141997814178467
79,visual,1.2643101215362549,Reddit-S,44,global_grounded_dynamic,False,60,1.2643101215362549
80,text,1.2195488214492798,Reddit-S,44,global_grounded_dynamic,False,60,1.2195488214492798
80,visual,1.2657601833343506,Reddit-S,44,global_grounded_dynamic,False,60,1.2657601833343506
81,text,1.2249541282653809,Reddit-S,44,global_grounded_dynamic,False,60,1.2249541282653809
81,visual,1.267130970954895,Reddit-S,44,global_grounded_dynamic,False,60,1.267130970954895
82,text,1.2304030656814575,Reddit-S,44,global_grounded_dynamic,False,60,1.2304030656814575
82,visual,1.2683830261230469,Reddit-S,44,global_grounded_dynamic,False,60,1.2683830261230469
83,text,1.2354867458343506,Reddit-S,44,global_grounded_dynamic,False,60,1.2354867458343506
83,visual,1.2696466445922852,Reddit-S,44,global_grounded_dynamic,False,60,1.2696466445922852
84,text,1.2401959896087646,Reddit-S,44,global_grounded_dynamic,False,60,1.2401959896087646
84,visual,1.271048665046692,Reddit-S,44,global_grounded_dynamic,False,60,1.271048665046692
85,text,1.2444370985031128,Reddit-S,44,global_grounded_dynamic,False,60,1.2444370985031128
85,visual,1.2724854946136475,Reddit-S,44,global_grounded_dynamic,False,60,1.2724854946136475
86,text,1.2484354972839355,Reddit-S,44,global_grounded_dynamic,False,60,1.2484354972839355
86,visual,1.2737131118774414,Reddit-S,44,global_grounded_dynamic,False,60,1.2737131118774414
87,text,1.2523144483566284,Reddit-S,44,global_grounded_dynamic,False,60,1.2523144483566284
87,visual,1.2749571800231934,Reddit-S,44,global_grounded_dynamic,False,60,1.2749571800231934
88,text,1.2560770511627197,Reddit-S,44,global_grounded_dynamic,False,60,1.2560770511627197
88,visual,1.2761560678482056,Reddit-S,44,global_grounded_dynamic,False,60,1.2761560678482056
89,text,1.2595270872116089,Reddit-S,44,global_grounded_dynamic,False,60,1.2595270872116089
89,visual,1.2774537801742554,Reddit-S,44,global_grounded_dynamic,False,60,1.2774537801742554
90,text,1.2628543376922607,Reddit-S,44,global_grounded_dynamic,False,60,1.2628543376922607
90,visual,1.278653621673584,Reddit-S,44,global_grounded_dynamic,False,60,1.278653621673584
1,text,0.08990910649299622,Reddit-S,44,pair_grounded_dynamic,False,61,0.08990910649299622
1,visual,0.0901353508234024,Reddit-S,44,pair_grounded_dynamic,False,61,0.0901353508234024
2,text,0.13935096561908722,Reddit-S,44,pair_grounded_dynamic,False,61,0.13935096561908722
2,visual,0.14569590985774994,Reddit-S,44,pair_grounded_dynamic,False,61,0.14569590985774994
3,text,0.1821700930595398,Reddit-S,44,pair_grounded_dynamic,False,61,0.1821700930595398
3,visual,0.19308540225028992,Reddit-S,44,pair_grounded_dynamic,False,61,0.19308540225028992
4,text,0.22465915977954865,Reddit-S,44,pair_grounded_dynamic,False,61,0.22465915977954865
4,visual,0.24085985124111176,Reddit-S,44,pair_grounded_dynamic,False,61,0.24085985124111176
5,text,0.26671740412712097,Reddit-S,44,pair_grounded_dynamic,False,61,0.26671740412712097
5,visual,0.2887379229068756,Reddit-S,44,pair_grounded_dynamic,False,61,0.2887379229068756
6,text,0.3068334460258484,Reddit-S,44,pair_grounded_dynamic,False,61,0.3068334460258484
6,visual,0.3333229720592499,Reddit-S,44,pair_grounded_dynamic,False,61,0.3333229720592499
7,text,0.34603241086006165,Reddit-S,44,pair_grounded_dynamic,False,61,0.34603241086006165
7,visual,0.3758629560470581,Reddit-S,44,pair_grounded_dynamic,False,61,0.3758629560470581
8,text,0.3859010934829712,Reddit-S,44,pair_grounded_dynamic,False,61,0.3859010934829712
8,visual,0.4179990291595459,Reddit-S,44,pair_grounded_dynamic,False,61,0.4179990291595459
9,text,0.4267147183418274,Reddit-S,44,pair_grounded_dynamic,False,61,0.4267147183418274
9,visual,0.46064090728759766,Reddit-S,44,pair_grounded_dynamic,False,61,0.46064090728759766
10,text,0.46836256980895996,Reddit-S,44,pair_grounded_dynamic,False,61,0.46836256980895996
10,visual,0.5039348602294922,Reddit-S,44,pair_grounded_dynamic,False,61,0.5039348602294922
11,text,0.5107300877571106,Reddit-S,44,pair_grounded_dynamic,False,61,0.5107300877571106
11,visual,0.547254204750061,Reddit-S,44,pair_grounded_dynamic,False,61,0.547254204750061
12,text,0.5530543923377991,Reddit-S,44,pair_grounded_dynamic,False,61,0.5530543923377991
12,visual,0.5894438624382019,Reddit-S,44,pair_grounded_dynamic,False,61,0.5894438624382019
13,text,0.5943419337272644,Reddit-S,44,pair_grounded_dynamic,False,61,0.5943419337272644
13,visual,0.6305422782897949,Reddit-S,44,pair_grounded_dynamic,False,61,0.6305422782897949
14,text,0.6350418329238892,Reddit-S,44,pair_grounded_dynamic,False,61,0.6350418329238892
14,visual,0.6705593466758728,Reddit-S,44,pair_grounded_dynamic,False,61,0.6705593466758728
15,text,0.6754509806632996,Reddit-S,44,pair_grounded_dynamic,False,61,0.6754509806632996
15,visual,0.7095567584037781,Reddit-S,44,pair_grounded_dynamic,False,61,0.7095567584037781
16,text,0.7163640260696411,Reddit-S,44,pair_grounded_dynamic,False,61,0.7163640260696411
16,visual,0.7480471730232239,Reddit-S,44,pair_grounded_dynamic,False,61,0.7480471730232239
17,text,0.7564054727554321,Reddit-S,44,pair_grounded_dynamic,False,61,0.7564054727554321
17,visual,0.7858522534370422,Reddit-S,44,pair_grounded_dynamic,False,61,0.7858522534370422
18,text,0.7953851819038391,Reddit-S,44,pair_grounded_dynamic,False,61,0.7953851819038391
18,visual,0.8229891657829285,Reddit-S,44,pair_grounded_dynamic,False,61,0.8229891657829285
19,text,0.8326142430305481,Reddit-S,44,pair_grounded_dynamic,False,61,0.8326142430305481
19,visual,0.8596205711364746,Reddit-S,44,pair_grounded_dynamic,False,61,0.8596205711364746
20,text,0.8677325248718262,Reddit-S,44,pair_grounded_dynamic,False,61,0.8677325248718262
20,visual,0.8953858017921448,Reddit-S,44,pair_grounded_dynamic,False,61,0.8953858017921448
21,text,0.900334358215332,Reddit-S,44,pair_grounded_dynamic,False,61,0.900334358215332
21,visual,0.9302502870559692,Reddit-S,44,pair_grounded_dynamic,False,61,0.9302502870559692
22,text,0.9314611554145813,Reddit-S,44,pair_grounded_dynamic,False,61,0.9314611554145813
22,visual,0.9643010497093201,Reddit-S,44,pair_grounded_dynamic,False,61,0.9643010497093201
23,text,0.9609663486480713,Reddit-S,44,pair_grounded_dynamic,False,61,0.9609663486480713
23,visual,0.9977036714553833,Reddit-S,44,pair_grounded_dynamic,False,61,0.9977036714553833
24,text,0.989862859249115,Reddit-S,44,pair_grounded_dynamic,False,61,0.989862859249115
24,visual,1.0307602882385254,Reddit-S,44,pair_grounded_dynamic,False,61,1.0307602882385254
25,text,1.0174362659454346,Reddit-S,44,pair_grounded_dynamic,False,61,1.0174362659454346
25,visual,1.0636862516403198,Reddit-S,44,pair_grounded_dynamic,False,61,1.0636862516403198
26,text,1.0445592403411865,Reddit-S,44,pair_grounded_dynamic,False,61,1.0445592403411865
26,visual,1.0964055061340332,Reddit-S,44,pair_grounded_dynamic,False,61,1.0964055061340332
27,text,1.0708529949188232,Reddit-S,44,pair_grounded_dynamic,False,61,1.0708529949188232
27,visual,1.1291072368621826,Reddit-S,44,pair_grounded_dynamic,False,61,1.1291072368621826
28,text,1.097643256187439,Reddit-S,44,pair_grounded_dynamic,False,61,1.097643256187439
28,visual,1.1619457006454468,Reddit-S,44,pair_grounded_dynamic,False,61,1.1619457006454468
29,text,1.123449444770813,Reddit-S,44,pair_grounded_dynamic,False,61,1.123449444770813
29,visual,1.194446086883545,Reddit-S,44,pair_grounded_dynamic,False,61,1.194446086883545
30,text,1.149068832397461,Reddit-S,44,pair_grounded_dynamic,False,61,1.149068832397461
30,visual,1.2269015312194824,Reddit-S,44,pair_grounded_dynamic,False,61,1.2269015312194824
31,text,1.1738425493240356,Reddit-S,44,pair_grounded_dynamic,False,61,1.1738425493240356
31,visual,1.259358286857605,Reddit-S,44,pair_grounded_dynamic,False,61,1.259358286857605
32,text,1.198315978050232,Reddit-S,44,pair_grounded_dynamic,False,61,1.198315978050232
32,visual,1.2917051315307617,Reddit-S,44,pair_grounded_dynamic,False,61,1.2917051315307617
33,text,1.222124695777893,Reddit-S,44,pair_grounded_dynamic,False,61,1.222124695777893
33,visual,1.3237793445587158,Reddit-S,44,pair_grounded_dynamic,False,61,1.3237793445587158
34,text,1.2450515031814575,Reddit-S,44,pair_grounded_dynamic,False,61,1.2450515031814575
34,visual,1.355694055557251,Reddit-S,44,pair_grounded_dynamic,False,61,1.355694055557251
35,text,1.2654714584350586,Reddit-S,44,pair_grounded_dynamic,False,61,1.2654714584350586
35,visual,1.3873300552368164,Reddit-S,44,pair_grounded_dynamic,False,61,1.3873300552368164
36,text,1.2847447395324707,Reddit-S,44,pair_grounded_dynamic,False,61,1.2847447395324707
36,visual,1.418534278869629,Reddit-S,44,pair_grounded_dynamic,False,61,1.418534278869629
37,text,1.3039747476577759,Reddit-S,44,pair_grounded_dynamic,False,61,1.3039747476577759
37,visual,1.4491204023361206,Reddit-S,44,pair_grounded_dynamic,False,61,1.4491204023361206
38,text,1.3222719430923462,Reddit-S,44,pair_grounded_dynamic,False,61,1.3222719430923462
38,visual,1.4793267250061035,Reddit-S,44,pair_grounded_dynamic,False,61,1.4793267250061035
39,text,1.3400427103042603,Reddit-S,44,pair_grounded_dynamic,False,61,1.3400427103042603
39,visual,1.5091873407363892,Reddit-S,44,pair_grounded_dynamic,False,61,1.5091873407363892
40,text,1.3576123714447021,Reddit-S,44,pair_grounded_dynamic,False,61,1.3576123714447021
40,visual,1.5387564897537231,Reddit-S,44,pair_grounded_dynamic,False,61,1.5387564897537231
41,text,1.3752849102020264,Reddit-S,44,pair_grounded_dynamic,False,61,1.3752849102020264
41,visual,1.5679490566253662,Reddit-S,44,pair_grounded_dynamic,False,61,1.5679490566253662
42,text,1.3925623893737793,Reddit-S,44,pair_grounded_dynamic,False,61,1.3925623893737793
42,visual,1.5964910984039307,Reddit-S,44,pair_grounded_dynamic,False,61,1.5964910984039307
43,text,1.409437894821167,Reddit-S,44,pair_grounded_dynamic,False,61,1.409437894821167
43,visual,1.6245448589324951,Reddit-S,44,pair_grounded_dynamic,False,61,1.6245448589324951
44,text,1.4257349967956543,Reddit-S,44,pair_grounded_dynamic,False,61,1.4257349967956543
44,visual,1.6519033908843994,Reddit-S,44,pair_grounded_dynamic,False,61,1.6519033908843994
45,text,1.4416807889938354,Reddit-S,44,pair_grounded_dynamic,False,61,1.4416807889938354
45,visual,1.6785831451416016,Reddit-S,44,pair_grounded_dynamic,False,61,1.6785831451416016
46,text,1.45694899559021,Reddit-S,44,pair_grounded_dynamic,False,61,1.45694899559021
46,visual,1.7046537399291992,Reddit-S,44,pair_grounded_dynamic,False,61,1.7046537399291992
47,text,1.4717679023742676,Reddit-S,44,pair_grounded_dynamic,False,61,1.4717679023742676
47,visual,1.7301476001739502,Reddit-S,44,pair_grounded_dynamic,False,61,1.7301476001739502
48,text,1.4867740869522095,Reddit-S,44,pair_grounded_dynamic,False,61,1.4867740869522095
48,visual,1.7546941041946411,Reddit-S,44,pair_grounded_dynamic,False,61,1.7546941041946411
49,text,1.5019395351409912,Reddit-S,44,pair_grounded_dynamic,False,61,1.5019395351409912
49,visual,1.7786295413970947,Reddit-S,44,pair_grounded_dynamic,False,61,1.7786295413970947
50,text,1.517041802406311,Reddit-S,44,pair_grounded_dynamic,False,61,1.517041802406311
50,visual,1.802052617073059,Reddit-S,44,pair_grounded_dynamic,False,61,1.802052617073059
51,text,1.5314234495162964,Reddit-S,44,pair_grounded_dynamic,False,61,1.5314234495162964
51,visual,1.8245675563812256,Reddit-S,44,pair_grounded_dynamic,False,61,1.8245675563812256
52,text,1.5451748371124268,Reddit-S,44,pair_grounded_dynamic,False,61,1.5451748371124268
52,visual,1.8464715480804443,Reddit-S,44,pair_grounded_dynamic,False,61,1.8464715480804443
53,text,1.5581134557724,Reddit-S,44,pair_grounded_dynamic,False,61,1.5581134557724
53,visual,1.867557406425476,Reddit-S,44,pair_grounded_dynamic,False,61,1.867557406425476
54,text,1.570836067199707,Reddit-S,44,pair_grounded_dynamic,False,61,1.570836067199707
54,visual,1.8875031471252441,Reddit-S,44,pair_grounded_dynamic,False,61,1.8875031471252441
55,text,1.5834076404571533,Reddit-S,44,pair_grounded_dynamic,False,61,1.5834076404571533
55,visual,1.9066903591156006,Reddit-S,44,pair_grounded_dynamic,False,61,1.9066903591156006
56,text,1.595403790473938,Reddit-S,44,pair_grounded_dynamic,False,61,1.595403790473938
56,visual,1.9249937534332275,Reddit-S,44,pair_grounded_dynamic,False,61,1.9249937534332275
57,text,1.607178807258606,Reddit-S,44,pair_grounded_dynamic,False,61,1.607178807258606
57,visual,1.9426389932632446,Reddit-S,44,pair_grounded_dynamic,False,61,1.9426389932632446
58,text,1.618609070777893,Reddit-S,44,pair_grounded_dynamic,False,61,1.618609070777893
58,visual,1.9594584703445435,Reddit-S,44,pair_grounded_dynamic,False,61,1.9594584703445435
59,text,1.6287411451339722,Reddit-S,44,pair_grounded_dynamic,False,61,1.6287411451339722
59,visual,1.9760570526123047,Reddit-S,44,pair_grounded_dynamic,False,61,1.9760570526123047
60,text,1.6382428407669067,Reddit-S,44,pair_grounded_dynamic,False,61,1.6382428407669067
60,visual,1.9919382333755493,Reddit-S,44,pair_grounded_dynamic,False,61,1.9919382333755493
61,text,1.647661805152893,Reddit-S,44,pair_grounded_dynamic,True,61,1.647661805152893
61,visual,2.006403684616089,Reddit-S,44,pair_grounded_dynamic,True,61,2.006403684616089
62,text,1.656630039215088,Reddit-S,44,pair_grounded_dynamic,False,61,1.656630039215088
62,visual,2.020087480545044,Reddit-S,44,pair_grounded_dynamic,False,61,2.020087480545044
63,text,1.665202260017395,Reddit-S,44,pair_grounded_dynamic,False,61,1.665202260017395
63,visual,2.032754421234131,Reddit-S,44,pair_grounded_dynamic,False,61,2.032754421234131
64,text,1.6732038259506226,Reddit-S,44,pair_grounded_dynamic,False,61,1.6732038259506226
64,visual,2.0449700355529785,Reddit-S,44,pair_grounded_dynamic,False,61,2.0449700355529785
65,text,1.6803454160690308,Reddit-S,44,pair_grounded_dynamic,False,61,1.6803454160690308
65,visual,2.056109666824341,Reddit-S,44,pair_grounded_dynamic,False,61,2.056109666824341
66,text,1.6868116855621338,Reddit-S,44,pair_grounded_dynamic,False,61,1.6868116855621338
66,visual,2.066824436187744,Reddit-S,44,pair_grounded_dynamic,False,61,2.066824436187744
67,text,1.693507194519043,Reddit-S,44,pair_grounded_dynamic,False,61,1.693507194519043
67,visual,2.076780319213867,Reddit-S,44,pair_grounded_dynamic,False,61,2.076780319213867
68,text,1.7002912759780884,Reddit-S,44,pair_grounded_dynamic,False,61,1.7002912759780884
68,visual,2.086355209350586,Reddit-S,44,pair_grounded_dynamic,False,61,2.086355209350586
69,text,1.706503987312317,Reddit-S,44,pair_grounded_dynamic,False,61,1.706503987312317
69,visual,2.095130443572998,Reddit-S,44,pair_grounded_dynamic,False,61,2.095130443572998
70,text,1.7128978967666626,Reddit-S,44,pair_grounded_dynamic,False,61,1.7128978967666626
70,visual,2.103511333465576,Reddit-S,44,pair_grounded_dynamic,False,61,2.103511333465576
71,text,1.7193857431411743,Reddit-S,44,pair_grounded_dynamic,False,61,1.7193857431411743
71,visual,2.1117982864379883,Reddit-S,44,pair_grounded_dynamic,False,61,2.1117982864379883
72,text,1.7255278825759888,Reddit-S,44,pair_grounded_dynamic,False,61,1.7255278825759888
72,visual,2.119863510131836,Reddit-S,44,pair_grounded_dynamic,False,61,2.119863510131836
73,text,1.7316426038742065,Reddit-S,44,pair_grounded_dynamic,False,61,1.7316426038742065
73,visual,2.127887725830078,Reddit-S,44,pair_grounded_dynamic,False,61,2.127887725830078
74,text,1.7368184328079224,Reddit-S,44,pair_grounded_dynamic,False,61,1.7368184328079224
74,visual,2.1358282566070557,Reddit-S,44,pair_grounded_dynamic,False,61,2.1358282566070557
75,text,1.7423630952835083,Reddit-S,44,pair_grounded_dynamic,False,61,1.7423630952835083
75,visual,2.143521547317505,Reddit-S,44,pair_grounded_dynamic,False,61,2.143521547317505
76,text,1.748159646987915,Reddit-S,44,pair_grounded_dynamic,False,61,1.748159646987915
76,visual,2.1508638858795166,Reddit-S,44,pair_grounded_dynamic,False,61,2.1508638858795166
77,text,1.753725528717041,Reddit-S,44,pair_grounded_dynamic,False,61,1.753725528717041
77,visual,2.1580021381378174,Reddit-S,44,pair_grounded_dynamic,False,61,2.1580021381378174
78,text,1.7589211463928223,Reddit-S,44,pair_grounded_dynamic,False,61,1.7589211463928223
78,visual,2.1649723052978516,Reddit-S,44,pair_grounded_dynamic,False,61,2.1649723052978516
79,text,1.7642207145690918,Reddit-S,44,pair_grounded_dynamic,False,61,1.7642207145690918
79,visual,2.1715753078460693,Reddit-S,44,pair_grounded_dynamic,False,61,2.1715753078460693
80,text,1.7695313692092896,Reddit-S,44,pair_grounded_dynamic,False,61,1.7695313692092896
80,visual,2.17767071723938,Reddit-S,44,pair_grounded_dynamic,False,61,2.17767071723938
81,text,1.774610996246338,Reddit-S,44,pair_grounded_dynamic,False,61,1.774610996246338
81,visual,2.1835715770721436,Reddit-S,44,pair_grounded_dynamic,False,61,2.1835715770721436
82,text,1.7794749736785889,Reddit-S,44,pair_grounded_dynamic,False,61,1.7794749736785889
82,visual,2.1893978118896484,Reddit-S,44,pair_grounded_dynamic,False,61,2.1893978118896484
83,text,1.7839051485061646,Reddit-S,44,pair_grounded_dynamic,False,61,1.7839051485061646
83,visual,2.195012092590332,Reddit-S,44,pair_grounded_dynamic,False,61,2.195012092590332
84,text,1.7877116203308105,Reddit-S,44,pair_grounded_dynamic,False,61,1.7877116203308105
84,visual,2.200298309326172,Reddit-S,44,pair_grounded_dynamic,False,61,2.200298309326172
85,text,1.791316270828247,Reddit-S,44,pair_grounded_dynamic,False,61,1.791316270828247
85,visual,2.2054736614227295,Reddit-S,44,pair_grounded_dynamic,False,61,2.2054736614227295
86,text,1.7952405214309692,Reddit-S,44,pair_grounded_dynamic,False,61,1.7952405214309692
86,visual,2.2105846405029297,Reddit-S,44,pair_grounded_dynamic,False,61,2.2105846405029297
87,text,1.7993791103363037,Reddit-S,44,pair_grounded_dynamic,False,61,1.7993791103363037
87,visual,2.2156262397766113,Reddit-S,44,pair_grounded_dynamic,False,61,2.2156262397766113
88,text,1.8033289909362793,Reddit-S,44,pair_grounded_dynamic,False,61,1.8033289909362793
88,visual,2.2203166484832764,Reddit-S,44,pair_grounded_dynamic,False,61,2.2203166484832764
89,text,1.8070824146270752,Reddit-S,44,pair_grounded_dynamic,False,61,1.8070824146270752
89,visual,2.2249815464019775,Reddit-S,44,pair_grounded_dynamic,False,61,2.2249815464019775
90,text,1.810634732246399,Reddit-S,44,pair_grounded_dynamic,False,61,1.810634732246399
90,visual,2.229504346847534,Reddit-S,44,pair_grounded_dynamic,False,61,2.229504346847534
91,text,1.81389319896698,Reddit-S,44,pair_grounded_dynamic,False,61,1.81389319896698
91,visual,2.23374080657959,Reddit-S,44,pair_grounded_dynamic,False,61,2.23374080657959
1,text,0.08998462557792664,Reddit-S,44,context_grounded_static,False,76,0.08998462557792664
1,visual,0.09017423540353775,Reddit-S,44,context_grounded_static,False,76,0.09017423540353775
2,text,0.13903526961803436,Reddit-S,44,context_grounded_static,False,76,0.13903526961803436
2,visual,0.14533233642578125,Reddit-S,44,context_grounded_static,False,76,0.14533233642578125
3,text,0.18145541846752167,Reddit-S,44,context_grounded_static,False,76,0.18145541846752167
3,visual,0.19216103851795197,Reddit-S,44,context_grounded_static,False,76,0.19216103851795197
4,text,0.22349907457828522,Reddit-S,44,context_grounded_static,False,76,0.22349907457828522
4,visual,0.23922963440418243,Reddit-S,44,context_grounded_static,False,76,0.23922963440418243
5,text,0.2654183506965637,Reddit-S,44,context_grounded_static,False,76,0.2654183506965637
5,visual,0.2861674726009369,Reddit-S,44,context_grounded_static,False,76,0.2861674726009369
6,text,0.30442124605178833,Reddit-S,44,context_grounded_static,False,76,0.30442124605178833
6,visual,0.3296937942504883,Reddit-S,44,context_grounded_static,False,76,0.3296937942504883
7,text,0.34207189083099365,Reddit-S,44,context_grounded_static,False,76,0.34207189083099365
7,visual,0.3711751401424408,Reddit-S,44,context_grounded_static,False,76,0.3711751401424408
8,text,0.3802056908607483,Reddit-S,44,context_grounded_static,False,76,0.3802056908607483
8,visual,0.4122704863548279,Reddit-S,44,context_grounded_static,False,76,0.4122704863548279
9,text,0.4190536439418793,Reddit-S,44,context_grounded_static,False,76,0.4190536439418793
9,visual,0.45377451181411743,Reddit-S,44,context_grounded_static,False,76,0.45377451181411743
10,text,0.45858994126319885,Reddit-S,44,context_grounded_static,False,76,0.45858994126319885
10,visual,0.4957447648048401,Reddit-S,44,context_grounded_static,False,76,0.4957447648048401
11,text,0.4988235533237457,Reddit-S,44,context_grounded_static,False,76,0.4988235533237457
11,visual,0.5375425219535828,Reddit-S,44,context_grounded_static,False,76,0.5375425219535828
12,text,0.5388481616973877,Reddit-S,44,context_grounded_static,False,76,0.5388481616973877
12,visual,0.5778580904006958,Reddit-S,44,context_grounded_static,False,76,0.5778580904006958
13,text,0.5776556134223938,Reddit-S,44,context_grounded_static,False,76,0.5776556134223938
13,visual,0.6166208982467651,Reddit-S,44,context_grounded_static,False,76,0.6166208982467651
14,text,0.615975558757782,Reddit-S,44,context_grounded_static,False,76,0.615975558757782
14,visual,0.6537949442863464,Reddit-S,44,context_grounded_static,False,76,0.6537949442863464
15,text,0.654322624206543,Reddit-S,44,context_grounded_static,False,76,0.654322624206543
15,visual,0.6893472075462341,Reddit-S,44,context_grounded_static,False,76,0.6893472075462341
16,text,0.6933031678199768,Reddit-S,44,context_grounded_static,False,76,0.6933031678199768
16,visual,0.7236624360084534,Reddit-S,44,context_grounded_static,False,76,0.7236624360084534
17,text,0.7316014170646667,Reddit-S,44,context_grounded_static,False,76,0.7316014170646667
17,visual,0.7570579051971436,Reddit-S,44,context_grounded_static,False,76,0.7570579051971436
18,text,0.7690138816833496,Reddit-S,44,context_grounded_static,False,76,0.7690138816833496
18,visual,0.7894885540008545,Reddit-S,44,context_grounded_static,False,76,0.7894885540008545
19,text,0.8043183088302612,Reddit-S,44,context_grounded_static,False,76,0.8043183088302612
19,visual,0.8211861252784729,Reddit-S,44,context_grounded_static,False,76,0.8211861252784729
20,text,0.8377794027328491,Reddit-S,44,context_grounded_static,False,76,0.8377794027328491
20,visual,0.8519991040229797,Reddit-S,44,context_grounded_static,False,76,0.8519991040229797
21,text,0.8694785833358765,Reddit-S,44,context_grounded_static,False,76,0.8694785833358765
21,visual,0.8821470141410828,Reddit-S,44,context_grounded_static,False,76,0.8821470141410828
22,text,0.8995769023895264,Reddit-S,44,context_grounded_static,False,76,0.8995769023895264
22,visual,0.9116132259368896,Reddit-S,44,context_grounded_static,False,76,0.9116132259368896
23,text,0.9280635714530945,Reddit-S,44,context_grounded_static,False,76,0.9280635714530945
23,visual,0.9404617547988892,Reddit-S,44,context_grounded_static,False,76,0.9404617547988892
24,text,0.9542824625968933,Reddit-S,44,context_grounded_static,False,76,0.9542824625968933
24,visual,0.9688759446144104,Reddit-S,44,context_grounded_static,False,76,0.9688759446144104
25,text,0.9796263575553894,Reddit-S,44,context_grounded_static,False,76,0.9796263575553894
25,visual,0.9970444440841675,Reddit-S,44,context_grounded_static,False,76,0.9970444440841675
26,text,1.0035275220870972,Reddit-S,44,context_grounded_static,False,76,1.0035275220870972
26,visual,1.025234580039978,Reddit-S,44,context_grounded_static,False,76,1.025234580039978
27,text,1.026329755783081,Reddit-S,44,context_grounded_static,False,76,1.026329755783081
27,visual,1.0534905195236206,Reddit-S,44,context_grounded_static,False,76,1.0534905195236206
28,text,1.0499154329299927,Reddit-S,44,context_grounded_static,False,76,1.0499154329299927
28,visual,1.0817404985427856,Reddit-S,44,context_grounded_static,False,76,1.0817404985427856
29,text,1.0741252899169922,Reddit-S,44,context_grounded_static,False,76,1.0741252899169922
29,visual,1.1098453998565674,Reddit-S,44,context_grounded_static,False,76,1.1098453998565674
30,text,1.0984668731689453,Reddit-S,44,context_grounded_static,False,76,1.0984668731689453
30,visual,1.1381137371063232,Reddit-S,44,context_grounded_static,False,76,1.1381137371063232
31,text,1.1237256526947021,Reddit-S,44,context_grounded_static,False,76,1.1237256526947021
31,visual,1.166608452796936,Reddit-S,44,context_grounded_static,False,76,1.166608452796936
32,text,1.1492199897766113,Reddit-S,44,context_grounded_static,False,76,1.1492199897766113
32,visual,1.195153832435608,Reddit-S,44,context_grounded_static,False,76,1.195153832435608
33,text,1.1741809844970703,Reddit-S,44,context_grounded_static,False,76,1.1741809844970703
33,visual,1.2236274480819702,Reddit-S,44,context_grounded_static,False,76,1.2236274480819702
34,text,1.1979470252990723,Reddit-S,44,context_grounded_static,False,76,1.1979470252990723
34,visual,1.2520990371704102,Reddit-S,44,context_grounded_static,False,76,1.2520990371704102
35,text,1.2195672988891602,Reddit-S,44,context_grounded_static,False,76,1.2195672988891602
35,visual,1.2801226377487183,Reddit-S,44,context_grounded_static,False,76,1.2801226377487183
36,text,1.2409189939498901,Reddit-S,44,context_grounded_static,False,76,1.2409189939498901
36,visual,1.3078575134277344,Reddit-S,44,context_grounded_static,False,76,1.3078575134277344
37,text,1.2618612051010132,Reddit-S,44,context_grounded_static,False,76,1.2618612051010132
37,visual,1.3350985050201416,Reddit-S,44,context_grounded_static,False,76,1.3350985050201416
38,text,1.2812960147857666,Reddit-S,44,context_grounded_static,False,76,1.2812960147857666
38,visual,1.3623942136764526,Reddit-S,44,context_grounded_static,False,76,1.3623942136764526
39,text,1.300978660583496,Reddit-S,44,context_grounded_static,False,76,1.300978660583496
39,visual,1.389474868774414,Reddit-S,44,context_grounded_static,False,76,1.389474868774414
40,text,1.320878267288208,Reddit-S,44,context_grounded_static,False,76,1.320878267288208
40,visual,1.4168570041656494,Reddit-S,44,context_grounded_static,False,76,1.4168570041656494
41,text,1.3405059576034546,Reddit-S,44,context_grounded_static,False,76,1.3405059576034546
41,visual,1.4442449808120728,Reddit-S,44,context_grounded_static,False,76,1.4442449808120728
42,text,1.3590037822723389,Reddit-S,44,context_grounded_static,False,76,1.3590037822723389
42,visual,1.4711520671844482,Reddit-S,44,context_grounded_static,False,76,1.4711520671844482
43,text,1.3768603801727295,Reddit-S,44,context_grounded_static,False,76,1.3768603801727295
43,visual,1.49812912940979,Reddit-S,44,context_grounded_static,False,76,1.49812912940979
44,text,1.394563913345337,Reddit-S,44,context_grounded_static,False,76,1.394563913345337
44,visual,1.5247182846069336,Reddit-S,44,context_grounded_static,False,76,1.5247182846069336
45,text,1.411776065826416,Reddit-S,44,context_grounded_static,False,76,1.411776065826416
45,visual,1.551337480545044,Reddit-S,44,context_grounded_static,False,76,1.551337480545044
46,text,1.428325891494751,Reddit-S,44,context_grounded_static,False,76,1.428325891494751
46,visual,1.5772041082382202,Reddit-S,44,context_grounded_static,False,76,1.5772041082382202
47,text,1.4442775249481201,Reddit-S,44,context_grounded_static,False,76,1.4442775249481201
47,visual,1.6019902229309082,Reddit-S,44,context_grounded_static,False,76,1.6019902229309082
48,text,1.4600025415420532,Reddit-S,44,context_grounded_static,False,76,1.4600025415420532
48,visual,1.6263056993484497,Reddit-S,44,context_grounded_static,False,76,1.6263056993484497
49,text,1.4761964082717896,Reddit-S,44,context_grounded_static,False,76,1.4761964082717896
49,visual,1.6503260135650635,Reddit-S,44,context_grounded_static,False,76,1.6503260135650635
50,text,1.4925720691680908,Reddit-S,44,context_grounded_static,False,76,1.4925720691680908
50,visual,1.6736732721328735,Reddit-S,44,context_grounded_static,False,76,1.6736732721328735
51,text,1.5076513290405273,Reddit-S,44,context_grounded_static,False,76,1.5076513290405273
51,visual,1.696094274520874,Reddit-S,44,context_grounded_static,False,76,1.696094274520874
52,text,1.5225976705551147,Reddit-S,44,context_grounded_static,False,76,1.5225976705551147
52,visual,1.7181366682052612,Reddit-S,44,context_grounded_static,False,76,1.7181366682052612
53,text,1.5371136665344238,Reddit-S,44,context_grounded_static,False,76,1.5371136665344238
53,visual,1.739583134651184,Reddit-S,44,context_grounded_static,False,76,1.739583134651184
54,text,1.5511529445648193,Reddit-S,44,context_grounded_static,False,76,1.5511529445648193
54,visual,1.7603857517242432,Reddit-S,44,context_grounded_static,False,76,1.7603857517242432
55,text,1.5648902654647827,Reddit-S,44,context_grounded_static,False,76,1.5648902654647827
55,visual,1.7807310819625854,Reddit-S,44,context_grounded_static,False,76,1.7807310819625854
56,text,1.5785224437713623,Reddit-S,44,context_grounded_static,False,76,1.5785224437713623
56,visual,1.800443172454834,Reddit-S,44,context_grounded_static,False,76,1.800443172454834
57,text,1.591471552848816,Reddit-S,44,context_grounded_static,False,76,1.591471552848816
57,visual,1.8196228742599487,Reddit-S,44,context_grounded_static,False,76,1.8196228742599487
58,text,1.6046416759490967,Reddit-S,44,context_grounded_static,False,76,1.6046416759490967
58,visual,1.8383989334106445,Reddit-S,44,context_grounded_static,False,76,1.8383989334106445
59,text,1.616498351097107,Reddit-S,44,context_grounded_static,False,76,1.616498351097107
59,visual,1.8566557168960571,Reddit-S,44,context_grounded_static,False,76,1.8566557168960571
60,text,1.627771019935608,Reddit-S,44,context_grounded_static,False,76,1.627771019935608
60,visual,1.8747138977050781,Reddit-S,44,context_grounded_static,False,76,1.8747138977050781
61,text,1.6389983892440796,Reddit-S,44,context_grounded_static,False,76,1.6389983892440796
61,visual,1.8928050994873047,Reddit-S,44,context_grounded_static,False,76,1.8928050994873047
62,text,1.6497761011123657,Reddit-S,44,context_grounded_static,False,76,1.6497761011123657
62,visual,1.9104523658752441,Reddit-S,44,context_grounded_static,False,76,1.9104523658752441
63,text,1.6599047183990479,Reddit-S,44,context_grounded_static,False,76,1.6599047183990479
63,visual,1.927146315574646,Reddit-S,44,context_grounded_static,False,76,1.927146315574646
64,text,1.669927716255188,Reddit-S,44,context_grounded_static,False,76,1.669927716255188
64,visual,1.943547248840332,Reddit-S,44,context_grounded_static,False,76,1.943547248840332
65,text,1.6797163486480713,Reddit-S,44,context_grounded_static,False,76,1.6797163486480713
65,visual,1.9596343040466309,Reddit-S,44,context_grounded_static,False,76,1.9596343040466309
66,text,1.6889550685882568,Reddit-S,44,context_grounded_static,False,76,1.6889550685882568
66,visual,1.9752320051193237,Reddit-S,44,context_grounded_static,False,76,1.9752320051193237
67,text,1.6973841190338135,Reddit-S,44,context_grounded_static,False,76,1.6973841190338135
67,visual,1.9897558689117432,Reddit-S,44,context_grounded_static,False,76,1.9897558689117432
68,text,1.7057193517684937,Reddit-S,44,context_grounded_static,False,76,1.7057193517684937
68,visual,2.0038022994995117,Reddit-S,44,context_grounded_static,False,76,2.0038022994995117
69,text,1.7140357494354248,Reddit-S,44,context_grounded_static,False,76,1.7140357494354248
69,visual,2.017444372177124,Reddit-S,44,context_grounded_static,False,76,2.017444372177124
70,text,1.722469687461853,Reddit-S,44,context_grounded_static,False,76,1.722469687461853
70,visual,2.030731439590454,Reddit-S,44,context_grounded_static,False,76,2.030731439590454
71,text,1.7309083938598633,Reddit-S,44,context_grounded_static,False,76,1.7309083938598633
71,visual,2.043717861175537,Reddit-S,44,context_grounded_static,False,76,2.043717861175537
72,text,1.7389205694198608,Reddit-S,44,context_grounded_static,False,76,1.7389205694198608
72,visual,2.056169033050537,Reddit-S,44,context_grounded_static,False,76,2.056169033050537
73,text,1.7464882135391235,Reddit-S,44,context_grounded_static,False,76,1.7464882135391235
73,visual,2.068413734436035,Reddit-S,44,context_grounded_static,False,76,2.068413734436035
74,text,1.7532693147659302,Reddit-S,44,context_grounded_static,False,76,1.7532693147659302
74,visual,2.080399751663208,Reddit-S,44,context_grounded_static,False,76,2.080399751663208
75,text,1.759625792503357,Reddit-S,44,context_grounded_static,False,76,1.759625792503357
75,visual,2.091844081878662,Reddit-S,44,context_grounded_static,False,76,2.091844081878662
76,text,1.7655274868011475,Reddit-S,44,context_grounded_static,True,76,1.7655274868011475
76,visual,2.102562665939331,Reddit-S,44,context_grounded_static,True,76,2.102562665939331
77,text,1.7711515426635742,Reddit-S,44,context_grounded_static,False,76,1.7711515426635742
77,visual,2.1127352714538574,Reddit-S,44,context_grounded_static,False,76,2.1127352714538574
78,text,1.7768174409866333,Reddit-S,44,context_grounded_static,False,76,1.7768174409866333
78,visual,2.122264862060547,Reddit-S,44,context_grounded_static,False,76,2.122264862060547
79,text,1.7822469472885132,Reddit-S,44,context_grounded_static,False,76,1.7822469472885132
79,visual,2.1315534114837646,Reddit-S,44,context_grounded_static,False,76,2.1315534114837646
80,text,1.787537932395935,Reddit-S,44,context_grounded_static,False,76,1.787537932395935
80,visual,2.140608072280884,Reddit-S,44,context_grounded_static,False,76,2.140608072280884
81,text,1.7928624153137207,Reddit-S,44,context_grounded_static,False,76,1.7928624153137207
81,visual,2.1495094299316406,Reddit-S,44,context_grounded_static,False,76,2.1495094299316406
82,text,1.7981854677200317,Reddit-S,44,context_grounded_static,False,76,1.7981854677200317
82,visual,2.15775203704834,Reddit-S,44,context_grounded_static,False,76,2.15775203704834
83,text,1.8032782077789307,Reddit-S,44,context_grounded_static,False,76,1.8032782077789307
83,visual,2.165753126144409,Reddit-S,44,context_grounded_static,False,76,2.165753126144409
84,text,1.8085705041885376,Reddit-S,44,context_grounded_static,False,76,1.8085705041885376
84,visual,2.1733806133270264,Reddit-S,44,context_grounded_static,False,76,2.1733806133270264
85,text,1.8136754035949707,Reddit-S,44,context_grounded_static,False,76,1.8136754035949707
85,visual,2.180609941482544,Reddit-S,44,context_grounded_static,False,76,2.180609941482544
86,text,1.8190276622772217,Reddit-S,44,context_grounded_static,False,76,1.8190276622772217
86,visual,2.1874876022338867,Reddit-S,44,context_grounded_static,False,76,2.1874876022338867
87,text,1.8245865106582642,Reddit-S,44,context_grounded_static,False,76,1.8245865106582642
87,visual,2.1940720081329346,Reddit-S,44,context_grounded_static,False,76,2.1940720081329346
88,text,1.8300271034240723,Reddit-S,44,context_grounded_static,False,76,1.8300271034240723
88,visual,2.2003087997436523,Reddit-S,44,context_grounded_static,False,76,2.2003087997436523
89,text,1.8354707956314087,Reddit-S,44,context_grounded_static,False,76,1.8354707956314087
89,visual,2.2062816619873047,Reddit-S,44,context_grounded_static,False,76,2.2062816619873047
90,text,1.840771198272705,Reddit-S,44,context_grounded_static,False,76,1.840771198272705
90,visual,2.2118613719940186,Reddit-S,44,context_grounded_static,False,76,2.2118613719940186
91,text,1.8459925651550293,Reddit-S,44,context_grounded_static,False,76,1.8459925651550293
91,visual,2.217031240463257,Reddit-S,44,context_grounded_static,False,76,2.217031240463257
92,text,1.8506580591201782,Reddit-S,44,context_grounded_static,False,76,1.8506580591201782
92,visual,2.222261905670166,Reddit-S,44,context_grounded_static,False,76,2.222261905670166
93,text,1.855112910270691,Reddit-S,44,context_grounded_static,False,76,1.855112910270691
93,visual,2.2274415493011475,Reddit-S,44,context_grounded_static,False,76,2.2274415493011475
94,text,1.8592132329940796,Reddit-S,44,context_grounded_static,False,76,1.8592132329940796
94,visual,2.2327096462249756,Reddit-S,44,context_grounded_static,False,76,2.2327096462249756
95,text,1.8631455898284912,Reddit-S,44,context_grounded_static,False,76,1.8631455898284912
95,visual,2.237877607345581,Reddit-S,44,context_grounded_static,False,76,2.237877607345581
96,text,1.8669096231460571,Reddit-S,44,context_grounded_static,False,76,1.8669096231460571
96,visual,2.24294376373291,Reddit-S,44,context_grounded_static,False,76,2.24294376373291
97,text,1.8705236911773682,Reddit-S,44,context_grounded_static,False,76,1.8705236911773682
97,visual,2.2479331493377686,Reddit-S,44,context_grounded_static,False,76,2.2479331493377686
98,text,1.8738406896591187,Reddit-S,44,context_grounded_static,False,76,1.8738406896591187
98,visual,2.252835988998413,Reddit-S,44,context_grounded_static,False,76,2.252835988998413
99,text,1.8765345811843872,Reddit-S,44,context_grounded_static,False,76,1.8765345811843872
99,visual,2.2576920986175537,Reddit-S,44,context_grounded_static,False,76,2.2576920986175537
100,text,1.879105806350708,Reddit-S,44,context_grounded_static,False,76,1.879105806350708
100,visual,2.262326955795288,Reddit-S,44,context_grounded_static,False,76,2.262326955795288
101,text,1.8814222812652588,Reddit-S,44,context_grounded_static,False,76,1.8814222812652588
101,visual,2.2667009830474854,Reddit-S,44,context_grounded_static,False,76,2.2667009830474854
102,text,1.8837790489196777,Reddit-S,44,context_grounded_static,False,76,1.8837790489196777
102,visual,2.2707560062408447,Reddit-S,44,context_grounded_static,False,76,2.2707560062408447
103,text,1.8861615657806396,Reddit-S,44,context_grounded_static,False,76,1.8861615657806396
103,visual,2.2747528553009033,Reddit-S,44,context_grounded_static,False,76,2.2747528553009033
104,text,1.8884633779525757,Reddit-S,44,context_grounded_static,False,76,1.8884633779525757
104,visual,2.27829909324646,Reddit-S,44,context_grounded_static,False,76,2.27829909324646
105,text,1.8906795978546143,Reddit-S,44,context_grounded_static,False,76,1.8906795978546143
105,visual,2.281785488128662,Reddit-S,44,context_grounded_static,False,76,2.281785488128662
106,text,1.8926293849945068,Reddit-S,44,context_grounded_static,False,76,1.8926293849945068
106,visual,2.284555435180664,Reddit-S,44,context_grounded_static,False,76,2.284555435180664
1,text,0.08996248990297318,Reddit-S,44,context_grounded_dynamic,False,64,0.08996248990297318
1,visual,0.09013789147138596,Reddit-S,44,context_grounded_dynamic,False,64,0.09013789147138596
2,text,0.13859309256076813,Reddit-S,44,context_grounded_dynamic,False,64,0.13859309256076813
2,visual,0.1449507772922516,Reddit-S,44,context_grounded_dynamic,False,64,0.1449507772922516
3,text,0.18160858750343323,Reddit-S,44,context_grounded_dynamic,False,64,0.18160858750343323
3,visual,0.1919899433851242,Reddit-S,44,context_grounded_dynamic,False,64,0.1919899433851242
4,text,0.22430714964866638,Reddit-S,44,context_grounded_dynamic,False,64,0.22430714964866638
4,visual,0.2396889626979828,Reddit-S,44,context_grounded_dynamic,False,64,0.2396889626979828
5,text,0.2667335867881775,Reddit-S,44,context_grounded_dynamic,False,64,0.2667335867881775
5,visual,0.28746291995048523,Reddit-S,44,context_grounded_dynamic,False,64,0.28746291995048523
6,text,0.30670085549354553,Reddit-S,44,context_grounded_dynamic,False,64,0.30670085549354553
6,visual,0.3316271901130676,Reddit-S,44,context_grounded_dynamic,False,64,0.3316271901130676
7,text,0.3456200063228607,Reddit-S,44,context_grounded_dynamic,False,64,0.3456200063228607
7,visual,0.3737294673919678,Reddit-S,44,context_grounded_dynamic,False,64,0.3737294673919678
8,text,0.38526254892349243,Reddit-S,44,context_grounded_dynamic,False,64,0.38526254892349243
8,visual,0.41553112864494324,Reddit-S,44,context_grounded_dynamic,False,64,0.41553112864494324
9,text,0.42608779668807983,Reddit-S,44,context_grounded_dynamic,False,64,0.42608779668807983
9,visual,0.457918643951416,Reddit-S,44,context_grounded_dynamic,False,64,0.457918643951416
10,text,0.4679378271102905,Reddit-S,44,context_grounded_dynamic,False,64,0.4679378271102905
10,visual,0.5010280609130859,Reddit-S,44,context_grounded_dynamic,False,64,0.5010280609130859
11,text,0.5107360482215881,Reddit-S,44,context_grounded_dynamic,False,64,0.5107360482215881
11,visual,0.544098973274231,Reddit-S,44,context_grounded_dynamic,False,64,0.544098973274231
12,text,0.5536193251609802,Reddit-S,44,context_grounded_dynamic,False,64,0.5536193251609802
12,visual,0.5858551859855652,Reddit-S,44,context_grounded_dynamic,False,64,0.5858551859855652
13,text,0.5956079363822937,Reddit-S,44,context_grounded_dynamic,False,64,0.5956079363822937
13,visual,0.6262648105621338,Reddit-S,44,context_grounded_dynamic,False,64,0.6262648105621338
14,text,0.6370057463645935,Reddit-S,44,context_grounded_dynamic,False,64,0.6370057463645935
14,visual,0.665320873260498,Reddit-S,44,context_grounded_dynamic,False,64,0.665320873260498
15,text,0.6782247424125671,Reddit-S,44,context_grounded_dynamic,False,64,0.6782247424125671
15,visual,0.7030124068260193,Reddit-S,44,context_grounded_dynamic,False,64,0.7030124068260193
16,text,0.7193746566772461,Reddit-S,44,context_grounded_dynamic,False,64,0.7193746566772461
16,visual,0.7398481965065002,Reddit-S,44,context_grounded_dynamic,False,64,0.7398481965065002
17,text,0.7590092420578003,Reddit-S,44,context_grounded_dynamic,False,64,0.7590092420578003
17,visual,0.7760537266731262,Reddit-S,44,context_grounded_dynamic,False,64,0.7760537266731262
18,text,0.7965635657310486,Reddit-S,44,context_grounded_dynamic,False,64,0.7965635657310486
18,visual,0.8114003539085388,Reddit-S,44,context_grounded_dynamic,False,64,0.8114003539085388
19,text,0.8325244188308716,Reddit-S,44,context_grounded_dynamic,False,64,0.8325244188308716
19,visual,0.8461859822273254,Reddit-S,44,context_grounded_dynamic,False,64,0.8461859822273254
20,text,0.8667895793914795,Reddit-S,44,context_grounded_dynamic,False,64,0.8667895793914795
20,visual,0.8802052736282349,Reddit-S,44,context_grounded_dynamic,False,64,0.8802052736282349
21,text,0.8991979360580444,Reddit-S,44,context_grounded_dynamic,False,64,0.8991979360580444
21,visual,0.9134801626205444,Reddit-S,44,context_grounded_dynamic,False,64,0.9134801626205444
22,text,0.9308327436447144,Reddit-S,44,context_grounded_dynamic,False,64,0.9308327436447144
22,visual,0.9459782838821411,Reddit-S,44,context_grounded_dynamic,False,64,0.9459782838821411
23,text,0.9602735638618469,Reddit-S,44,context_grounded_dynamic,False,64,0.9602735638618469
23,visual,0.9777930378913879,Reddit-S,44,context_grounded_dynamic,False,64,0.9777930378913879
24,text,0.9878120422363281,Reddit-S,44,context_grounded_dynamic,False,64,0.9878120422363281
24,visual,1.0091089010238647,Reddit-S,44,context_grounded_dynamic,False,64,1.0091089010238647
25,text,1.01425302028656,Reddit-S,44,context_grounded_dynamic,False,64,1.01425302028656
25,visual,1.0403519868850708,Reddit-S,44,context_grounded_dynamic,False,64,1.0403519868850708
26,text,1.0400625467300415,Reddit-S,44,context_grounded_dynamic,False,64,1.0400625467300415
26,visual,1.0715508460998535,Reddit-S,44,context_grounded_dynamic,False,64,1.0715508460998535
27,text,1.0651201009750366,Reddit-S,44,context_grounded_dynamic,False,64,1.0651201009750366
27,visual,1.1025490760803223,Reddit-S,44,context_grounded_dynamic,False,64,1.1025490760803223
28,text,1.0911437273025513,Reddit-S,44,context_grounded_dynamic,False,64,1.0911437273025513
28,visual,1.1335725784301758,Reddit-S,44,context_grounded_dynamic,False,64,1.1335725784301758
29,text,1.1172996759414673,Reddit-S,44,context_grounded_dynamic,False,64,1.1172996759414673
29,visual,1.1643399000167847,Reddit-S,44,context_grounded_dynamic,False,64,1.1643399000167847
30,text,1.1440030336380005,Reddit-S,44,context_grounded_dynamic,False,64,1.1440030336380005
30,visual,1.195272445678711,Reddit-S,44,context_grounded_dynamic,False,64,1.195272445678711
31,text,1.170526385307312,Reddit-S,44,context_grounded_dynamic,False,64,1.170526385307312
31,visual,1.2264008522033691,Reddit-S,44,context_grounded_dynamic,False,64,1.2264008522033691
32,text,1.196730136871338,Reddit-S,44,context_grounded_dynamic,False,64,1.196730136871338
32,visual,1.2575421333312988,Reddit-S,44,context_grounded_dynamic,False,64,1.2575421333312988
33,text,1.2221360206604004,Reddit-S,44,context_grounded_dynamic,False,64,1.2221360206604004
33,visual,1.2883484363555908,Reddit-S,44,context_grounded_dynamic,False,64,1.2883484363555908
34,text,1.2471246719360352,Reddit-S,44,context_grounded_dynamic,False,64,1.2471246719360352
34,visual,1.3188927173614502,Reddit-S,44,context_grounded_dynamic,False,64,1.3188927173614502
35,text,1.270609974861145,Reddit-S,44,context_grounded_dynamic,False,64,1.270609974861145
35,visual,1.349364995956421,Reddit-S,44,context_grounded_dynamic,False,64,1.349364995956421
36,text,1.2931067943572998,Reddit-S,44,context_grounded_dynamic,False,64,1.2931067943572998
36,visual,1.379686951637268,Reddit-S,44,context_grounded_dynamic,False,64,1.379686951637268
37,text,1.3154879808425903,Reddit-S,44,context_grounded_dynamic,False,64,1.3154879808425903
37,visual,1.4096286296844482,Reddit-S,44,context_grounded_dynamic,False,64,1.4096286296844482
38,text,1.3371363878250122,Reddit-S,44,context_grounded_dynamic,False,64,1.3371363878250122
38,visual,1.4391655921936035,Reddit-S,44,context_grounded_dynamic,False,64,1.4391655921936035
39,text,1.3590031862258911,Reddit-S,44,context_grounded_dynamic,False,64,1.3590031862258911
39,visual,1.4685084819793701,Reddit-S,44,context_grounded_dynamic,False,64,1.4685084819793701
40,text,1.3808510303497314,Reddit-S,44,context_grounded_dynamic,False,64,1.3808510303497314
40,visual,1.497624397277832,Reddit-S,44,context_grounded_dynamic,False,64,1.497624397277832
41,text,1.4022845029830933,Reddit-S,44,context_grounded_dynamic,False,64,1.4022845029830933
41,visual,1.526547908782959,Reddit-S,44,context_grounded_dynamic,False,64,1.526547908782959
42,text,1.4226492643356323,Reddit-S,44,context_grounded_dynamic,False,64,1.4226492643356323
42,visual,1.5550291538238525,Reddit-S,44,context_grounded_dynamic,False,64,1.5550291538238525
43,text,1.4423763751983643,Reddit-S,44,context_grounded_dynamic,False,64,1.4423763751983643
43,visual,1.5831133127212524,Reddit-S,44,context_grounded_dynamic,False,64,1.5831133127212524
44,text,1.4614015817642212,Reddit-S,44,context_grounded_dynamic,False,64,1.4614015817642212
44,visual,1.6109734773635864,Reddit-S,44,context_grounded_dynamic,False,64,1.6109734773635864
45,text,1.4803876876831055,Reddit-S,44,context_grounded_dynamic,False,64,1.4803876876831055
45,visual,1.6381571292877197,Reddit-S,44,context_grounded_dynamic,False,64,1.6381571292877197
46,text,1.4989622831344604,Reddit-S,44,context_grounded_dynamic,False,64,1.4989622831344604
46,visual,1.6645258665084839,Reddit-S,44,context_grounded_dynamic,False,64,1.6645258665084839
47,text,1.516632318496704,Reddit-S,44,context_grounded_dynamic,False,64,1.516632318496704
47,visual,1.6899656057357788,Reddit-S,44,context_grounded_dynamic,False,64,1.6899656057357788
48,text,1.5311685800552368,Reddit-S,44,context_grounded_dynamic,False,64,1.5311685800552368
48,visual,1.7143348455429077,Reddit-S,44,context_grounded_dynamic,False,64,1.7143348455429077
49,text,1.5454729795455933,Reddit-S,44,context_grounded_dynamic,False,64,1.5454729795455933
49,visual,1.7378480434417725,Reddit-S,44,context_grounded_dynamic,False,64,1.7378480434417725
50,text,1.5603930950164795,Reddit-S,44,context_grounded_dynamic,False,64,1.5603930950164795
50,visual,1.7606207132339478,Reddit-S,44,context_grounded_dynamic,False,64,1.7606207132339478
51,text,1.5746818780899048,Reddit-S,44,context_grounded_dynamic,False,64,1.5746818780899048
51,visual,1.7824130058288574,Reddit-S,44,context_grounded_dynamic,False,64,1.7824130058288574
52,text,1.589440941810608,Reddit-S,44,context_grounded_dynamic,False,64,1.589440941810608
52,visual,1.803735375404358,Reddit-S,44,context_grounded_dynamic,False,64,1.803735375404358
53,text,1.6019952297210693,Reddit-S,44,context_grounded_dynamic,False,64,1.6019952297210693
53,visual,1.824293851852417,Reddit-S,44,context_grounded_dynamic,False,64,1.824293851852417
54,text,1.6151443719863892,Reddit-S,44,context_grounded_dynamic,False,64,1.6151443719863892
54,visual,1.8443479537963867,Reddit-S,44,context_grounded_dynamic,False,64,1.8443479537963867
55,text,1.6275664567947388,Reddit-S,44,context_grounded_dynamic,False,64,1.6275664567947388
55,visual,1.8635883331298828,Reddit-S,44,context_grounded_dynamic,False,64,1.8635883331298828
56,text,1.6395591497421265,Reddit-S,44,context_grounded_dynamic,False,64,1.6395591497421265
56,visual,1.8821130990982056,Reddit-S,44,context_grounded_dynamic,False,64,1.8821130990982056
57,text,1.651859164237976,Reddit-S,44,context_grounded_dynamic,False,64,1.651859164237976
57,visual,1.9000041484832764,Reddit-S,44,context_grounded_dynamic,False,64,1.9000041484832764
58,text,1.6641801595687866,Reddit-S,44,context_grounded_dynamic,False,64,1.6641801595687866
58,visual,1.9167970418930054,Reddit-S,44,context_grounded_dynamic,False,64,1.9167970418930054
59,text,1.6752198934555054,Reddit-S,44,context_grounded_dynamic,False,64,1.6752198934555054
59,visual,1.9331915378570557,Reddit-S,44,context_grounded_dynamic,False,64,1.9331915378570557
60,text,1.684749722480774,Reddit-S,44,context_grounded_dynamic,False,64,1.684749722480774
60,visual,1.9489980936050415,Reddit-S,44,context_grounded_dynamic,False,64,1.9489980936050415
61,text,1.6939537525177002,Reddit-S,44,context_grounded_dynamic,False,64,1.6939537525177002
61,visual,1.9642713069915771,Reddit-S,44,context_grounded_dynamic,False,64,1.9642713069915771
62,text,1.7024589776992798,Reddit-S,44,context_grounded_dynamic,False,64,1.7024589776992798
62,visual,1.9781506061553955,Reddit-S,44,context_grounded_dynamic,False,64,1.9781506061553955
63,text,1.7108089923858643,Reddit-S,44,context_grounded_dynamic,False,64,1.7108089923858643
63,visual,1.9913750886917114,Reddit-S,44,context_grounded_dynamic,False,64,1.9913750886917114
64,text,1.7189356088638306,Reddit-S,44,context_grounded_dynamic,True,64,1.7189356088638306
64,visual,2.004462718963623,Reddit-S,44,context_grounded_dynamic,True,64,2.004462718963623
65,text,1.7270430326461792,Reddit-S,44,context_grounded_dynamic,False,64,1.7270430326461792
65,visual,2.0172414779663086,Reddit-S,44,context_grounded_dynamic,False,64,2.0172414779663086
66,text,1.735473871231079,Reddit-S,44,context_grounded_dynamic,False,64,1.735473871231079
66,visual,2.0295403003692627,Reddit-S,44,context_grounded_dynamic,False,64,2.0295403003692627
67,text,1.7438576221466064,Reddit-S,44,context_grounded_dynamic,False,64,1.7438576221466064
67,visual,2.0416769981384277,Reddit-S,44,context_grounded_dynamic,False,64,2.0416769981384277
68,text,1.751255989074707,Reddit-S,44,context_grounded_dynamic,False,64,1.751255989074707
68,visual,2.0533761978149414,Reddit-S,44,context_grounded_dynamic,False,64,2.0533761978149414
69,text,1.7579282522201538,Reddit-S,44,context_grounded_dynamic,False,64,1.7579282522201538
69,visual,2.064765453338623,Reddit-S,44,context_grounded_dynamic,False,64,2.064765453338623
70,text,1.7648406028747559,Reddit-S,44,context_grounded_dynamic,False,64,1.7648406028747559
70,visual,2.0760462284088135,Reddit-S,44,context_grounded_dynamic,False,64,2.0760462284088135
71,text,1.7720013856887817,Reddit-S,44,context_grounded_dynamic,False,64,1.7720013856887817
71,visual,2.0872395038604736,Reddit-S,44,context_grounded_dynamic,False,64,2.0872395038604736
72,text,1.7789809703826904,Reddit-S,44,context_grounded_dynamic,False,64,1.7789809703826904
72,visual,2.098179817199707,Reddit-S,44,context_grounded_dynamic,False,64,2.098179817199707
73,text,1.7858079671859741,Reddit-S,44,context_grounded_dynamic,False,64,1.7858079671859741
73,visual,2.1089727878570557,Reddit-S,44,context_grounded_dynamic,False,64,2.1089727878570557
74,text,1.7925864458084106,Reddit-S,44,context_grounded_dynamic,False,64,1.7925864458084106
74,visual,2.1194794178009033,Reddit-S,44,context_grounded_dynamic,False,64,2.1194794178009033
75,text,1.7993117570877075,Reddit-S,44,context_grounded_dynamic,False,64,1.7993117570877075
75,visual,2.129624366760254,Reddit-S,44,context_grounded_dynamic,False,64,2.129624366760254
76,text,1.8057552576065063,Reddit-S,44,context_grounded_dynamic,False,64,1.8057552576065063
76,visual,2.139307975769043,Reddit-S,44,context_grounded_dynamic,False,64,2.139307975769043
77,text,1.8115301132202148,Reddit-S,44,context_grounded_dynamic,False,64,1.8115301132202148
77,visual,2.1484873294830322,Reddit-S,44,context_grounded_dynamic,False,64,2.1484873294830322
78,text,1.8170753717422485,Reddit-S,44,context_grounded_dynamic,False,64,1.8170753717422485
78,visual,2.1571223735809326,Reddit-S,44,context_grounded_dynamic,False,64,2.1571223735809326
79,text,1.8221052885055542,Reddit-S,44,context_grounded_dynamic,False,64,1.8221052885055542
79,visual,2.1652278900146484,Reddit-S,44,context_grounded_dynamic,False,64,2.1652278900146484
80,text,1.8271106481552124,Reddit-S,44,context_grounded_dynamic,False,64,1.8271106481552124
80,visual,2.1728105545043945,Reddit-S,44,context_grounded_dynamic,False,64,2.1728105545043945
81,text,1.831787347793579,Reddit-S,44,context_grounded_dynamic,False,64,1.831787347793579
81,visual,2.1801602840423584,Reddit-S,44,context_grounded_dynamic,False,64,2.1801602840423584
82,text,1.8363016843795776,Reddit-S,44,context_grounded_dynamic,False,64,1.8363016843795776
82,visual,2.1872081756591797,Reddit-S,44,context_grounded_dynamic,False,64,2.1872081756591797
83,text,1.8405134677886963,Reddit-S,44,context_grounded_dynamic,False,64,1.8405134677886963
83,visual,2.193732738494873,Reddit-S,44,context_grounded_dynamic,False,64,2.193732738494873
84,text,1.8445478677749634,Reddit-S,44,context_grounded_dynamic,False,64,1.8445478677749634
84,visual,2.1994571685791016,Reddit-S,44,context_grounded_dynamic,False,64,2.1994571685791016
85,text,1.8479523658752441,Reddit-S,44,context_grounded_dynamic,False,64,1.8479523658752441
85,visual,2.204930305480957,Reddit-S,44,context_grounded_dynamic,False,64,2.204930305480957
86,text,1.8513047695159912,Reddit-S,44,context_grounded_dynamic,False,64,1.8513047695159912
86,visual,2.210103750228882,Reddit-S,44,context_grounded_dynamic,False,64,2.210103750228882
87,text,1.8546336889266968,Reddit-S,44,context_grounded_dynamic,False,64,1.8546336889266968
87,visual,2.21479868888855,Reddit-S,44,context_grounded_dynamic,False,64,2.21479868888855
88,text,1.857430100440979,Reddit-S,44,context_grounded_dynamic,False,64,1.857430100440979
88,visual,2.219280958175659,Reddit-S,44,context_grounded_dynamic,False,64,2.219280958175659
89,text,1.8599711656570435,Reddit-S,44,context_grounded_dynamic,False,64,1.8599711656570435
89,visual,2.223625659942627,Reddit-S,44,context_grounded_dynamic,False,64,2.223625659942627
90,text,1.8626625537872314,Reddit-S,44,context_grounded_dynamic,False,64,1.8626625537872314
90,visual,2.227733612060547,Reddit-S,44,context_grounded_dynamic,False,64,2.227733612060547
91,text,1.8657561540603638,Reddit-S,44,context_grounded_dynamic,False,64,1.8657561540603638
91,visual,2.2314889430999756,Reddit-S,44,context_grounded_dynamic,False,64,2.2314889430999756
92,text,1.869089126586914,Reddit-S,44,context_grounded_dynamic,False,64,1.869089126586914
92,visual,2.2353174686431885,Reddit-S,44,context_grounded_dynamic,False,64,2.2353174686431885
93,text,1.8726595640182495,Reddit-S,44,context_grounded_dynamic,False,64,1.8726595640182495
93,visual,2.2394003868103027,Reddit-S,44,context_grounded_dynamic,False,64,2.2394003868103027
94,text,1.8759350776672363,Reddit-S,44,context_grounded_dynamic,False,64,1.8759350776672363
94,visual,2.2434494495391846,Reddit-S,44,context_grounded_dynamic,False,64,2.2434494495391846
