dataset,seed,variant,modality,evidence_key,quintile,mean,median,p10,p90,p95,n,attention_entropy_mean,pair_context_encoder_used_in_training
Movies,42,global_grounded_dynamic,text,pair_other_modality,ALL,0.3376840651035309,0.3378686308860779,0.3055797517299652,0.36943790316581726,0.37854239344596863,160802,1.0965873003005981,False
Movies,42,global_grounded_dynamic,text,pair_other_modality,Q1,0.3391495645046234,0.3391798734664917,0.3071596920490265,0.3709481656551361,0.38002467155456543,32161,1.0966449975967407,False
Movies,42,global_grounded_dynamic,text,pair_other_modality,Q2,0.33902060985565186,0.3393322229385376,0.30675995349884033,0.37099409103393555,0.3801577091217041,32161,1.0965505838394165,False
Movies,42,global_grounded_dynamic,text,pair_other_modality,Q3,0.3382548689842224,0.3386589288711548,0.3052825927734375,0.3703727722167969,0.3792170584201813,32160,1.0964930057525635,False
Movies,42,global_grounded_dynamic,text,pair_other_modality,Q4,0.33657991886138916,0.3368762135505676,0.3039986193180084,0.3691348731517792,0.3781389892101288,32160,1.0965253114700317,False
Movies,42,global_grounded_dynamic,text,pair_other_modality,Q5,0.33541518449783325,0.33565253019332886,0.30479586124420166,0.36535224318504333,0.37430357933044434,32160,1.0967227220535278,False
Movies,42,global_grounded_dynamic,text,context_text,ALL,0.3219195008277893,0.32172173261642456,0.3024114668369293,0.34165728092193604,0.34812286496162415,160802,1.0965873003005981,False
Movies,42,global_grounded_dynamic,text,context_text,Q1,0.3232128620147705,0.32299456000328064,0.3031075596809387,0.3435274660587311,0.3495457172393799,32161,1.0966449975967407,False
Movies,42,global_grounded_dynamic,text,context_text,Q2,0.32237592339515686,0.32210367918014526,0.3023282289505005,0.34296873211860657,0.3494035005569458,32161,1.0965505838394165,False
Movies,42,global_grounded_dynamic,text,context_text,Q3,0.3215062916278839,0.3212962746620178,0.3011116087436676,0.34220895171165466,0.3490956425666809,32160,1.0964930057525635,False
Movies,42,global_grounded_dynamic,text,context_text,Q4,0.3213440179824829,0.3212060332298279,0.30169135332107544,0.3408762812614441,0.3472324311733246,32160,1.0965253114700317,False
Movies,42,global_grounded_dynamic,text,context_text,Q5,0.32115843892097473,0.32105398178100586,0.30388522148132324,0.3383590579032898,0.34399253129959106,32160,1.0967227220535278,False
Movies,42,global_grounded_dynamic,text,context_visual,ALL,0.3403964340686798,0.3401094973087311,0.31933048367500305,0.3620046377182007,0.36811795830726624,160802,1.0965873003005981,False
Movies,42,global_grounded_dynamic,text,context_visual,Q1,0.33763760328292847,0.3369712233543396,0.31673088669776917,0.3596124053001404,0.3665006160736084,32161,1.0966449975967407,False
Movies,42,global_grounded_dynamic,text,context_visual,Q2,0.3386034369468689,0.33792969584465027,0.31713220477104187,0.36099618673324585,0.36787867546081543,32161,1.0965505838394165,False
Movies,42,global_grounded_dynamic,text,context_visual,Q3,0.3402388095855713,0.33994996547698975,0.31888219714164734,0.36198869347572327,0.3682980239391327,32160,1.0964930057525635,False
Movies,42,global_grounded_dynamic,text,context_visual,Q4,0.3420760929584503,0.3421486020088196,0.32102441787719727,0.3631312847137451,0.36866655945777893,32160,1.0965253114700317,False
Movies,42,global_grounded_dynamic,text,context_visual,Q5,0.343426376581192,0.34325146675109863,0.32392042875289917,0.36337605118751526,0.3687530755996704,32160,1.0967227220535278,False
Movies,42,global_grounded_dynamic,visual,pair_other_modality,ALL,0.3221713900566101,0.32140031456947327,0.28885939717292786,0.3563857674598694,0.3673305809497833,160802,1.0962069034576416,False
Movies,42,global_grounded_dynamic,visual,pair_other_modality,Q1,0.3283091187477112,0.3279315233230591,0.29497796297073364,0.36210179328918457,0.372397780418396,32161,1.0965626239776611,False
Movies,42,global_grounded_dynamic,visual,pair_other_modality,Q2,0.3243846893310547,0.323613703250885,0.29102760553359985,0.3583982586860657,0.36902227997779846,32161,1.0963726043701172,False
Movies,42,global_grounded_dynamic,visual,pair_other_modality,Q3,0.3215344250202179,0.32079365849494934,0.2878706157207489,0.35580867528915405,0.3669055104255676,32160,1.096153974533081,False
Movies,42,global_grounded_dynamic,visual,pair_other_modality,Q4,0.3193971812725067,0.3186587691307068,0.2858845293521881,0.35411280393600464,0.36521846055984497,32160,1.0959700345993042,False
Movies,42,global_grounded_dynamic,visual,pair_other_modality,Q5,0.31723129749298096,0.31653594970703125,0.285725474357605,0.3495109975337982,0.3604264259338379,32160,1.095975399017334,False
Movies,42,global_grounded_dynamic,visual,context_text,ALL,0.3446808457374573,0.3443984091281891,0.3227015733718872,0.3670853078365326,0.3739778995513916,160802,1.0962069034576416,False
Movies,42,global_grounded_dynamic,visual,context_text,Q1,0.34092551469802856,0.3407306969165802,0.3200387954711914,0.3619786500930786,0.36820289492607117,32161,1.0965626239776611,False
Movies,42,global_grounded_dynamic,visual,context_text,Q2,0.3430613577365875,0.3428416848182678,0.32151544094085693,0.3650134801864624,0.37195879220962524,32161,1.0963726043701172,False
Movies,42,global_grounded_dynamic,visual,context_text,Q3,0.3449554741382599,0.34458738565444946,0.3225114941596985,0.3681557774543762,0.3752412497997284,32160,1.096153974533081,False
Movies,42,global_grounded_dynamic,visual,context_text,Q4,0.346590518951416,0.3464395999908447,0.32398009300231934,0.36936572194099426,0.37639445066452026,32160,1.0959700345993042,False
Movies,42,global_grounded_dynamic,visual,context_text,Q5,0.34787148237228394,0.34776538610458374,0.3261639475822449,0.36957359313964844,0.37631118297576904,32160,1.095975399017334,False
Movies,42,global_grounded_dynamic,visual,context_visual,ALL,0.3331477642059326,0.33332860469818115,0.31041958928108215,0.35561269521713257,0.36231568455696106,160802,1.0962069034576416,False
Movies,42,global_grounded_dynamic,visual,context_visual,Q1,0.33076533675193787,0.33079469203948975,0.30854010581970215,0.352916955947876,0.359277606010437,32161,1.0965626239776611,False
Movies,42,global_grounded_dynamic,visual,context_visual,Q2,0.3325539529323578,0.33261626958847046,0.31029248237609863,0.3546116352081299,0.3615357279777527,32161,1.0963726043701172,False
Movies,42,global_grounded_dynamic,visual,context_visual,Q3,0.3335101306438446,0.3337342143058777,0.31136611104011536,0.3554069697856903,0.3618764579296112,32160,1.096153974533081,False
Movies,42,global_grounded_dynamic,visual,context_visual,Q4,0.33401232957839966,0.3341526985168457,0.31061607599258423,0.35731059312820435,0.36381053924560547,32160,1.0959700345993042,False
Movies,42,global_grounded_dynamic,visual,context_visual,Q5,0.3348972201347351,0.33541589975357056,0.311774879693985,0.35743027925491333,0.3642609417438507,32160,1.095975399017334,False
Movies,42,pair_grounded_dynamic,text,pair_other_modality,ALL,0.36121121048927307,0.35707294940948486,0.3029283285140991,0.426372230052948,0.4485148787498474,160802,1.0917092561721802,True
Movies,42,pair_grounded_dynamic,text,pair_other_modality,Q1,0.36236056685447693,0.3578551411628723,0.2951836585998535,0.43604928255081177,0.46066588163375854,32161,1.0903759002685547,True
Movies,42,pair_grounded_dynamic,text,pair_other_modality,Q2,0.36438608169555664,0.36080703139305115,0.3003249168395996,0.4335300326347351,0.45681533217430115,32161,1.0906484127044678,True
Movies,42,pair_grounded_dynamic,text,pair_other_modality,Q3,0.36874115467071533,0.3656187057495117,0.30907922983169556,0.43310800194740295,0.4547884464263916,32160,1.090735673904419,True
Movies,42,pair_grounded_dynamic,text,pair_other_modality,Q4,0.36332401633262634,0.36044085025787354,0.30851131677627563,0.4230883717536926,0.44233059883117676,32160,1.092172622680664,True
Movies,42,pair_grounded_dynamic,text,pair_other_modality,Q5,0.3472442030906677,0.3394736051559448,0.3029032051563263,0.4032886326313019,0.4210820198059082,32160,1.0946135520935059,True
Movies,42,pair_grounded_dynamic,text,context_text,ALL,0.31946873664855957,0.32152366638183594,0.28679749369621277,0.3486975431442261,0.35537058115005493,160802,1.0917092561721802,True
Movies,42,pair_grounded_dynamic,text,context_text,Q1,0.3184240460395813,0.3206492066383362,0.2815761864185333,0.3521271347999573,0.35919010639190674,32161,1.0903759002685547,True
Movies,42,pair_grounded_dynamic,text,context_text,Q2,0.31776049733161926,0.3195289075374603,0.2831529378890991,0.3499091863632202,0.35706254839897156,32161,1.0906484127044678,True
Movies,42,pair_grounded_dynamic,text,context_text,Q3,0.31580016016960144,0.3173011541366577,0.28351786732673645,0.34570786356925964,0.3529486656188965,32160,1.090735673904419,True
Movies,42,pair_grounded_dynamic,text,context_text,Q4,0.3186151385307312,0.3200535178184509,0.2887299656867981,0.3460935950279236,0.35266950726509094,32160,1.092172622680664,True
Movies,42,pair_grounded_dynamic,text,context_text,Q5,0.3267439901828766,0.33073633909225464,0.29849061369895935,0.3490007519721985,0.3540414571762085,32160,1.0946135520935059,True
Movies,42,pair_grounded_dynamic,text,context_visual,ALL,0.31932002305984497,0.32141393423080444,0.28683990240097046,0.34834298491477966,0.3551427721977234,160802,1.0917092561721802,True
Movies,42,pair_grounded_dynamic,text,context_visual,Q1,0.31921541690826416,0.32151997089385986,0.28247445821762085,0.3526974022388458,0.3597177565097809,32161,1.0903759002685547,True
Movies,42,pair_grounded_dynamic,text,context_visual,Q2,0.3178534209728241,0.31964296102523804,0.2833535969257355,0.3497840166091919,0.3569953441619873,32161,1.0906484127044678,True
Movies,42,pair_grounded_dynamic,text,context_visual,Q3,0.3154587149620056,0.31704556941986084,0.28337132930755615,0.3451441526412964,0.35236692428588867,32160,1.090735673904419,True
Movies,42,pair_grounded_dynamic,text,context_visual,Q4,0.31806087493896484,0.31951457262039185,0.2882263958454132,0.3454191982746124,0.35195472836494446,32160,1.092172622680664,True
Movies,42,pair_grounded_dynamic,text,context_visual,Q5,0.3260117769241333,0.3298698961734772,0.29814794659614563,0.3480956554412842,0.3531871438026428,32160,1.0946135520935059,True
Movies,42,pair_grounded_dynamic,visual,pair_other_modality,ALL,0.29003992676734924,0.2814696133136749,0.18748760223388672,0.40081748366355896,0.45055150985717773,160802,1.0772664546966553,True
Movies,42,pair_grounded_dynamic,visual,pair_other_modality,Q1,0.3007349669933319,0.29816633462905884,0.21291112899780273,0.39093494415283203,0.4257923364639282,32161,1.084517478942871,True
Movies,42,pair_grounded_dynamic,visual,pair_other_modality,Q2,0.29477357864379883,0.2848915457725525,0.20192283391952515,0.4003992974758148,0.4473395347595215,32161,1.0803049802780151,True
Movies,42,pair_grounded_dynamic,visual,pair_other_modality,Q3,0.2989174723625183,0.28759244084358215,0.19887372851371765,0.41611477732658386,0.46412762999534607,32160,1.07889723777771,True
Movies,42,pair_grounded_dynamic,visual,pair_other_modality,Q4,0.293147474527359,0.27993446588516235,0.1917947232723236,0.41436856985092163,0.4742480218410492,32160,1.076393961906433,True
Movies,42,pair_grounded_dynamic,visual,pair_other_modality,Q5,0.26262563467025757,0.2476249486207962,0.1637875735759735,0.3839516043663025,0.44255512952804565,32160,1.0662182569503784,True
Movies,42,pair_grounded_dynamic,visual,context_text,ALL,0.35437676310539246,0.358381986618042,0.298709511756897,0.40650320053100586,0.41568687558174133,160802,1.0772664546966553,True
Movies,42,pair_grounded_dynamic,visual,context_text,Q1,0.3490898609161377,0.35042253136634827,0.30399399995803833,0.3930278420448303,0.40298324823379517,32161,1.084517478942871,True
Movies,42,pair_grounded_dynamic,visual,context_text,Q2,0.3520616590976715,0.3569202423095703,0.29910752177238464,0.39876851439476013,0.4084118604660034,32161,1.0803049802780151,True
Movies,42,pair_grounded_dynamic,visual,context_text,Q3,0.3498224914073944,0.35529956221580505,0.2911718487739563,0.4003230333328247,0.4102226495742798,32160,1.07889723777771,True
Movies,42,pair_grounded_dynamic,visual,context_text,Q4,0.3526194095611572,0.358873188495636,0.2917070984840393,0.4042789041996002,0.41296201944351196,32160,1.076393961906433,True
Movies,42,pair_grounded_dynamic,visual,context_text,Q5,0.3682906925678253,0.37506961822509766,0.30665791034698486,0.4191135764122009,0.4244401156902313,32160,1.0662182569503784,True
Movies,42,pair_grounded_dynamic,visual,context_visual,ALL,0.3555832803249359,0.360148549079895,0.30035316944122314,0.40605804324150085,0.4147099256515503,160802,1.0772664546966553,True
Movies,42,pair_grounded_dynamic,visual,context_visual,Q1,0.3501752018928528,0.351495623588562,0.3049798011779785,0.3941109776496887,0.4039938151836395,32161,1.084517478942871,True
Movies,42,pair_grounded_dynamic,visual,context_visual,Q2,0.3531647324562073,0.35820984840393066,0.30025631189346313,0.39938586950302124,0.4087667465209961,32161,1.0803049802780151,True
Movies,42,pair_grounded_dynamic,visual,context_visual,Q3,0.35126006603240967,0.3570599853992462,0.2927856743335724,0.4008120000362396,0.4104750454425812,32160,1.07889723777771,True
Movies,42,pair_grounded_dynamic,visual,context_visual,Q4,0.35423311591148376,0.3611694872379303,0.29373881220817566,0.4041330814361572,0.4124097228050232,32160,1.076393961906433,True
Movies,42,pair_grounded_dynamic,visual,context_visual,Q5,0.3690836429595947,0.37722083926200867,0.30932968854904175,0.4171336889266968,0.4223470687866211,32160,1.0662182569503784,True
Movies,42,context_grounded_static,text,pair_other_modality,ALL,0.2771735191345215,0.2722105383872986,0.2044113278388977,0.3563886284828186,0.38299036026000977,160802,1.0703338384628296,True
Movies,42,context_grounded_static,text,pair_other_modality,Q1,0.2858033776283264,0.28253883123397827,0.21328404545783997,0.36158716678619385,0.3862995207309723,32161,1.072826862335205,True
Movies,42,context_grounded_static,text,pair_other_modality,Q2,0.2808823585510254,0.2758585214614868,0.2066238969564438,0.360941082239151,0.3871244788169861,32161,1.0712742805480957,True
Movies,42,context_grounded_static,text,pair_other_modality,Q3,0.2792416214942932,0.2734116315841675,0.2045118659734726,0.3622289299964905,0.3899701237678528,32160,1.0714111328125,True
Movies,42,context_grounded_static,text,pair_other_modality,Q4,0.2723141610622406,0.2663384675979614,0.1989372968673706,0.3541650176048279,0.38243433833122253,32160,1.0696378946304321,True
Movies,42,context_grounded_static,text,pair_other_modality,Q5,0.2676256597042084,0.2625815272331238,0.20072336494922638,0.3413776159286499,0.36446937918663025,32160,1.0665183067321777,True
Movies,42,context_grounded_static,text,context_text,ALL,0.41375115513801575,0.4185769557952881,0.3380798101425171,0.4795442521572113,0.49535977840423584,160802,1.0703338384628296,True
Movies,42,context_grounded_static,text,context_text,Q1,0.4172298312187195,0.4193844199180603,0.35847240686416626,0.47286635637283325,0.4866744875907898,32161,1.072826862335205,True
Movies,42,context_grounded_static,text,context_text,Q2,0.4153445065021515,0.42004120349884033,0.3453208804130554,0.4766652584075928,0.4907280504703522,32161,1.0712742805480957,True
Movies,42,context_grounded_static,text,context_text,Q3,0.40864530205726624,0.4140636622905731,0.3313000202178955,0.47613370418548584,0.49153217673301697,32160,1.0714111328125,True
Movies,42,context_grounded_static,text,context_text,Q4,0.4092269241809845,0.41506558656692505,0.32919836044311523,0.4784766137599945,0.4955568015575409,32160,1.0696378946304321,True
Movies,42,context_grounded_static,text,context_text,Q5,0.41830912232398987,0.42464473843574524,0.33143264055252075,0.4922249913215637,0.5082337856292725,32160,1.0665183067321777,True
Movies,42,context_grounded_static,text,context_visual,ALL,0.3090752959251404,0.3031298816204071,0.2532466948032379,0.37549078464508057,0.39638927578926086,160802,1.0703338384628296,True
Movies,42,context_grounded_static,text,context_visual,Q1,0.2969667911529541,0.2955254912376404,0.2521136403083801,0.3428172469139099,0.3591998219490051,32161,1.072826862335205,True
Movies,42,context_grounded_static,text,context_visual,Q2,0.3037731349468231,0.30010974407196045,0.25401073694229126,0.36013850569725037,0.37960368394851685,32161,1.0712742805480957,True
Movies,42,context_grounded_static,text,context_visual,Q3,0.31211304664611816,0.3067317008972168,0.25579917430877686,0.3776213824748993,0.3998059034347534,32160,1.0714111328125,True
Movies,42,context_grounded_static,text,context_visual,Q4,0.3184589147567749,0.3128169775009155,0.2560076415538788,0.38876980543136597,0.4072224497795105,32160,1.0696378946304321,True
Movies,42,context_grounded_static,text,context_visual,Q5,0.31406527757644653,0.30564525723457336,0.24937810003757477,0.3901173174381256,0.40881672501564026,32160,1.0665183067321777,True
Movies,42,context_grounded_static,visual,pair_other_modality,ALL,0.2881791889667511,0.28473037481307983,0.2104014903306961,0.3701114058494568,0.3953069746494293,160802,1.0799809694290161,True
Movies,42,context_grounded_static,visual,pair_other_modality,Q1,0.29004064202308655,0.28594276309013367,0.21597418189048767,0.3693806231021881,0.39304494857788086,32161,1.0822103023529053,True
Movies,42,context_grounded_static,visual,pair_other_modality,Q2,0.28976988792419434,0.2853507995605469,0.21295002102851868,0.3722887635231018,0.39780932664871216,32161,1.081099033355713,True
Movies,42,context_grounded_static,visual,pair_other_modality,Q3,0.29076868295669556,0.28628063201904297,0.21121299266815186,0.3764282464981079,0.4030787944793701,32160,1.080130934715271,True
Movies,42,context_grounded_static,visual,pair_other_modality,Q4,0.28511375188827515,0.2811497747898102,0.20392999053001404,0.37118518352508545,0.39812910556793213,32160,1.0774370431900024,True
Movies,42,context_grounded_static,visual,pair_other_modality,Q5,0.28520292043685913,0.2846492528915405,0.20750011503696442,0.36275649070739746,0.38390517234802246,32160,1.0790274143218994,True
Movies,42,context_grounded_static,visual,context_text,ALL,0.3789064884185791,0.3773106038570404,0.3036874830722809,0.4569937586784363,0.4779221713542938,160802,1.0799809694290161,True
Movies,42,context_grounded_static,visual,context_text,Q1,0.3718700408935547,0.3723289370536804,0.30035728216171265,0.4428126811981201,0.46115046739578247,32161,1.0822103023529053,True
Movies,42,context_grounded_static,visual,context_text,Q2,0.3753761947154999,0.3751228153705597,0.3018172085285187,0.4489229619503021,0.46792322397232056,32161,1.081099033355713,True
Movies,42,context_grounded_static,visual,context_text,Q3,0.3769674003124237,0.3764134645462036,0.30031973123550415,0.45410487055778503,0.47437989711761475,32160,1.080130934715271,True
Movies,42,context_grounded_static,visual,context_text,Q4,0.38526690006256104,0.38400471210479736,0.30480509996414185,0.468779057264328,0.4903967082500458,32160,1.0774370431900024,True
Movies,42,context_grounded_static,visual,context_text,Q5,0.3850522041320801,0.3797489404678345,0.3112781047821045,0.4684135615825653,0.4884995222091675,32160,1.0790274143218994,True
Movies,42,context_grounded_static,visual,context_visual,ALL,0.3329143226146698,0.3331511318683624,0.29777196049690247,0.3675103187561035,0.3778492212295532,160802,1.0799809694290161,True
Movies,42,context_grounded_static,visual,context_visual,Q1,0.33808934688568115,0.3381243944168091,0.30365175008773804,0.3723450303077698,0.3824858069419861,32161,1.0822103023529053,True
Movies,42,context_grounded_static,visual,context_visual,Q2,0.3348539173603058,0.33503425121307373,0.30038368701934814,0.3685861825942993,0.3793431520462036,32161,1.081099033355713,True
Movies,42,context_grounded_static,visual,context_visual,Q3,0.33226391673088074,0.33217644691467285,0.29756930470466614,0.3672013580799103,0.37787559628486633,32160,1.080130934715271,True
Movies,42,context_grounded_static,visual,context_visual,Q4,0.3296193480491638,0.32974863052368164,0.29423192143440247,0.36460480093955994,0.37531596422195435,32160,1.0774370431900024,True
Movies,42,context_grounded_static,visual,context_visual,Q5,0.329744815826416,0.33030274510383606,0.2944573760032654,0.3635292053222656,0.3732948303222656,32160,1.0790274143218994,True
Movies,42,context_grounded_dynamic,text,pair_other_modality,ALL,0.23592278361320496,0.2123624086380005,0.11492187529802322,0.392926424741745,0.46184301376342773,160802,1.031035304069519,True
Movies,42,context_grounded_dynamic,text,pair_other_modality,Q1,0.2546952962875366,0.23130472004413605,0.13333261013031006,0.4187510013580322,0.4947326183319092,32161,1.0367450714111328,True
Movies,42,context_grounded_dynamic,text,pair_other_modality,Q2,0.2455139309167862,0.21996286511421204,0.1260264366865158,0.408265084028244,0.48044848442077637,32161,1.0331770181655884,True
Movies,42,context_grounded_dynamic,text,pair_other_modality,Q3,0.24236243963241577,0.21754837036132812,0.12188108265399933,0.4030003547668457,0.4681825041770935,32160,1.033837914466858,True
Movies,42,context_grounded_dynamic,text,pair_other_modality,Q4,0.23550200462341309,0.2131946086883545,0.1168273314833641,0.38868412375450134,0.45081406831741333,32160,1.0337696075439453,True
Movies,42,context_grounded_dynamic,text,pair_other_modality,Q5,0.20153933763504028,0.1739467978477478,0.09689752757549286,0.3503621518611908,0.40371429920196533,32160,1.0176458358764648,True
Movies,42,context_grounded_dynamic,text,context_text,ALL,0.4306428134441376,0.44128912687301636,0.31250929832458496,0.5273972153663635,0.5529106855392456,160802,1.031035304069519,True
Movies,42,context_grounded_dynamic,text,context_text,Q1,0.4356954097747803,0.44155967235565186,0.3309505581855774,0.5313560962677002,0.5540867447853088,32161,1.0367450714111328,True
Movies,42,context_grounded_dynamic,text,context_text,Q2,0.43436622619628906,0.4433903992176056,0.3140926957130432,0.5366979837417603,0.5611685514450073,32161,1.0331770181655884,True
Movies,42,context_grounded_dynamic,text,context_text,Q3,0.4278023838996887,0.43623459339141846,0.3063606023788452,0.5325230360031128,0.5582063794136047,32160,1.033837914466858,True
Movies,42,context_grounded_dynamic,text,context_text,Q4,0.42385655641555786,0.4327233135700226,0.3038744330406189,0.523893415927887,0.5505319237709045,32160,1.0337696075439453,True
Movies,42,context_grounded_dynamic,text,context_text,Q5,0.43149328231811523,0.4505327343940735,0.31276190280914307,0.5108001232147217,0.5331599712371826,32160,1.0176458358764648,True
Movies,42,context_grounded_dynamic,text,context_visual,ALL,0.3334343731403351,0.3389737904071808,0.2494751513004303,0.4099651575088501,0.4283209443092346,160802,1.031035304069519,True
Movies,42,context_grounded_dynamic,text,context_visual,Q1,0.3096092641353607,0.3194667100906372,0.22614756226539612,0.37281355261802673,0.3866809010505676,32161,1.0367450714111328,True
Movies,42,context_grounded_dynamic,text,context_visual,Q2,0.32011985778808594,0.3273841142654419,0.23958857357501984,0.3871242105960846,0.40439897775650024,32161,1.0331770181655884,True
Movies,42,context_grounded_dynamic,text,context_visual,Q3,0.3298352062702179,0.33638885617256165,0.24735669791698456,0.4006352722644806,0.4197341203689575,32160,1.033837914466858,True
Movies,42,context_grounded_dynamic,text,context_visual,Q4,0.34064146876335144,0.34670746326446533,0.257795512676239,0.4134596586227417,0.43233001232147217,32160,1.0337696075439453,True
Movies,42,context_grounded_dynamic,text,context_visual,Q5,0.3669673800468445,0.3756036162376404,0.2865518033504486,0.433162122964859,0.44374769926071167,32160,1.0176458358764648,True
Movies,42,context_grounded_dynamic,visual,pair_other_modality,ALL,0.242203488945961,0.23099274933338165,0.12698602676391602,0.37208813428878784,0.42062291502952576,160802,1.0507328510284424,True
Movies,42,context_grounded_dynamic,visual,pair_other_modality,Q1,0.2658899128437042,0.2542324364185333,0.17054742574691772,0.3809998631477356,0.4251454472541809,32161,1.0686758756637573,True
Movies,42,context_grounded_dynamic,visual,pair_other_modality,Q2,0.2500932514667511,0.23582854866981506,0.15219083428382874,0.370741605758667,0.4217735826969147,32161,1.0600074529647827,True
Movies,42,context_grounded_dynamic,visual,pair_other_modality,Q3,0.24430251121520996,0.2285279929637909,0.13822805881500244,0.3744521141052246,0.42337173223495483,32160,1.0533887147903442,True
Movies,42,context_grounded_dynamic,visual,pair_other_modality,Q4,0.24098731577396393,0.22543369233608246,0.12643027305603027,0.37657806277275085,0.42839527130126953,32160,1.0482174158096313,True
Movies,42,context_grounded_dynamic,visual,pair_other_modality,Q5,0.20974338054656982,0.1920737624168396,0.09274069964885712,0.35506555438041687,0.4019394516944885,32160,1.0233737230300903,True
Movies,42,context_grounded_dynamic,visual,context_text,ALL,0.37440258264541626,0.3663088083267212,0.2960255742073059,0.47285139560699463,0.5138023495674133,160802,1.0507328510284424,True
Movies,42,context_grounded_dynamic,visual,context_text,Q1,0.3567460775375366,0.3579862713813782,0.29041409492492676,0.4209901690483093,0.4378233253955841,32161,1.0686758756637573,True
Movies,42,context_grounded_dynamic,visual,context_text,Q2,0.36736613512039185,0.36759084463119507,0.2975420653820038,0.43648844957351685,0.4563710689544678,32161,1.0600074529647827,True
Movies,42,context_grounded_dynamic,visual,context_text,Q3,0.3701595664024353,0.36633002758026123,0.29469403624534607,0.4522492587566376,0.48364004492759705,32160,1.0533887147903442,True
Movies,42,context_grounded_dynamic,visual,context_text,Q4,0.372420996427536,0.3625522255897522,0.2944753170013428,0.472364217042923,0.5077080130577087,32160,1.0482174158096313,True
Movies,42,context_grounded_dynamic,visual,context_text,Q5,0.4053208827972412,0.3857107162475586,0.3025365471839905,0.5297004580497742,0.5415464043617249,32160,1.0233737230300903,True
Movies,42,context_grounded_dynamic,visual,context_visual,ALL,0.3833939731121063,0.3843570351600647,0.31392717361450195,0.45008721947669983,0.46832144260406494,160802,1.0507328510284424,True
Movies,42,context_grounded_dynamic,visual,context_visual,Q1,0.37736400961875916,0.38004806637763977,0.31401920318603516,0.43625161051750183,0.4518580436706543,32161,1.0686758756637573,True
Movies,42,context_grounded_dynamic,visual,context_visual,Q2,0.38254064321517944,0.3850749433040619,0.3143947124481201,0.44591355323791504,0.46126365661621094,32161,1.0600074529647827,True
Movies,42,context_grounded_dynamic,visual,context_visual,Q3,0.38553789258003235,0.3878847062587738,0.31280285120010376,0.45333993434906006,0.4706285297870636,32160,1.0533887147903442,True
Movies,42,context_grounded_dynamic,visual,context_visual,Q4,0.38659173250198364,0.3881363868713379,0.3091069161891937,0.4588533937931061,0.4767409861087799,32160,1.0482174158096313,True
Movies,42,context_grounded_dynamic,visual,context_visual,Q5,0.38493573665618896,0.3822316825389862,0.3193882405757904,0.4549068510532379,0.4761708378791809,32160,1.0233737230300903,True
Movies,43,global_grounded_dynamic,text,pair_other_modality,ALL,0.321815550327301,0.3211820125579834,0.293963223695755,0.3505561947822571,0.3600577116012573,160802,1.09657621383667,False
Movies,43,global_grounded_dynamic,text,pair_other_modality,Q1,0.3142126500606537,0.3142993748188019,0.28704261779785156,0.34114235639572144,0.34876298904418945,32161,1.0962200164794922,False
Movies,43,global_grounded_dynamic,text,pair_other_modality,Q2,0.3186275064945221,0.3186923563480377,0.2911706864833832,0.3460165560245514,0.3539265990257263,32161,1.0965144634246826,False
Movies,43,global_grounded_dynamic,text,pair_other_modality,Q3,0.3224102854728699,0.322037011384964,0.2948560118675232,0.3506224453449249,0.359636127948761,32160,1.0966819524765015,False
Movies,43,global_grounded_dynamic,text,pair_other_modality,Q4,0.32561925053596497,0.32427865266799927,0.2981833517551422,0.3555090129375458,0.3653474748134613,32160,1.0967440605163574,False
Movies,43,global_grounded_dynamic,text,pair_other_modality,Q5,0.3282085061073303,0.3260681629180908,0.3022814989089966,0.35776638984680176,0.36757320165634155,32160,1.096720576286316,False
Movies,43,global_grounded_dynamic,text,context_text,ALL,0.3444732427597046,0.3443915843963623,0.32292547821998596,0.3657970428466797,0.37214916944503784,160802,1.09657621383667,False
Movies,43,global_grounded_dynamic,text,context_text,Q1,0.34872400760650635,0.34831351041793823,0.3286494016647339,0.3691602647304535,0.3753468692302704,32161,1.0962200164794922,False
Movies,43,global_grounded_dynamic,text,context_text,Q2,0.34735700488090515,0.3467443585395813,0.3277600407600403,0.3678443133831024,0.3743863105773926,32161,1.0965144634246826,False
Movies,43,global_grounded_dynamic,text,context_text,Q3,0.3455091416835785,0.34510526061058044,0.32575613260269165,0.36569127440452576,0.37200966477394104,32160,1.0966819524765015,False
Movies,43,global_grounded_dynamic,text,context_text,Q4,0.3431533873081207,0.34318849444389343,0.3223411440849304,0.3632268011569977,0.36928150057792664,32160,1.0967440605163574,False
Movies,43,global_grounded_dynamic,text,context_text,Q5,0.3376224935054779,0.33665311336517334,0.31603819131851196,0.36114177107810974,0.3675566017627716,32160,1.096720576286316,False
Movies,43,global_grounded_dynamic,text,context_visual,ALL,0.3337111473083496,0.3333669900894165,0.311280757188797,0.35694798827171326,0.36303409934043884,160802,1.09657621383667,False
Movies,43,global_grounded_dynamic,text,context_visual,Q1,0.33706337213516235,0.33680957555770874,0.3166124224662781,0.35761600732803345,0.3637966811656952,32161,1.0962200164794922,False
Movies,43,global_grounded_dynamic,text,context_visual,Q2,0.33401551842689514,0.33358240127563477,0.3139326572418213,0.35459715127944946,0.3611176609992981,32161,1.0965144634246826,False
Movies,43,global_grounded_dynamic,text,context_visual,Q3,0.33208057284355164,0.3317164480686188,0.3112180233001709,0.35375022888183594,0.3602336049079895,32160,1.0966819524765015,False
Movies,43,global_grounded_dynamic,text,context_visual,Q4,0.3312273323535919,0.33091387152671814,0.30865737795829773,0.35475078225135803,0.3615156412124634,32160,1.0967440605163574,False
Movies,43,global_grounded_dynamic,text,context_visual,Q5,0.33416905999183655,0.3337177634239197,0.3072448670864105,0.36101487278938293,0.3658958673477173,32160,1.096720576286316,False
Movies,43,global_grounded_dynamic,visual,pair_other_modality,ALL,0.3165838122367859,0.31637436151504517,0.28888463973999023,0.3444106876850128,0.3526383340358734,160802,1.0962198972702026,False
Movies,43,global_grounded_dynamic,visual,pair_other_modality,Q1,0.3196546137332916,0.3189648389816284,0.29236531257629395,0.3474235534667969,0.35630595684051514,32161,1.0965659618377686,False
Movies,43,global_grounded_dynamic,visual,pair_other_modality,Q2,0.31843432784080505,0.31801921129226685,0.2906786799430847,0.3468194305896759,0.3552583158016205,32161,1.0964040756225586,False
Movies,43,global_grounded_dynamic,visual,pair_other_modality,Q3,0.31716153025627136,0.31702470779418945,0.28957870602607727,0.3448905646800995,0.35287007689476013,32160,1.0963135957717896,False
Movies,43,global_grounded_dynamic,visual,pair_other_modality,Q4,0.3157210052013397,0.3157992362976074,0.288225919008255,0.34285300970077515,0.35053685307502747,32160,1.09618079662323,False
Movies,43,global_grounded_dynamic,visual,pair_other_modality,Q5,0.31194743514060974,0.3119626045227051,0.2843901216983795,0.33903801441192627,0.34689396619796753,32160,1.0956345796585083,False
Movies,43,global_grounded_dynamic,visual,context_text,ALL,0.3339117169380188,0.3340085744857788,0.3127245008945465,0.35485905408859253,0.3609272241592407,160802,1.0962198972702026,False
Movies,43,global_grounded_dynamic,visual,context_text,Q1,0.3349784016609192,0.3353525698184967,0.31233900785446167,0.35661083459854126,0.36302459239959717,32161,1.0965659618377686,False
Movies,43,global_grounded_dynamic,visual,context_text,Q2,0.3345302641391754,0.3348886966705322,0.31250274181365967,0.3563092350959778,0.3622625470161438,32161,1.0964040756225586,False
Movies,43,global_grounded_dynamic,visual,context_text,Q3,0.33409616351127625,0.33429640531539917,0.3126452565193176,0.3552892506122589,0.3609800636768341,32160,1.0963135957717896,False
Movies,43,global_grounded_dynamic,visual,context_text,Q4,0.3338426351547241,0.3338676989078522,0.31337448954582214,0.3541406989097595,0.35998398065567017,32160,1.09618079662323,False
Movies,43,global_grounded_dynamic,visual,context_text,Q5,0.332111120223999,0.33192014694213867,0.31268608570098877,0.3516063690185547,0.3574637472629547,32160,1.0956345796585083,False
Movies,43,global_grounded_dynamic,visual,context_visual,ALL,0.3495044708251953,0.3487131595611572,0.3285561800003052,0.37172624468803406,0.3786742687225342,160802,1.0962198972702026,False
Movies,43,global_grounded_dynamic,visual,context_visual,Q1,0.3453669548034668,0.34498053789138794,0.32608067989349365,0.36514216661453247,0.37153497338294983,32161,1.0965659618377686,False
Movies,43,global_grounded_dynamic,visual,context_visual,Q2,0.34703534841537476,0.346605509519577,0.32700079679489136,0.36772942543029785,0.3745807409286499,32161,1.0964040756225586,False
Movies,43,global_grounded_dynamic,visual,context_visual,Q3,0.34874227643013,0.34793904423713684,0.32847800850868225,0.370231568813324,0.37680503726005554,32160,1.0963135957717896,False
Movies,43,global_grounded_dynamic,visual,context_visual,Q4,0.35043641924858093,0.34948843717575073,0.3294063210487366,0.3729751706123352,0.3795793056488037,32160,1.09618079662323,False
Movies,43,global_grounded_dynamic,visual,context_visual,Q5,0.35594141483306885,0.3557649850845337,0.33323436975479126,0.3788616359233856,0.3853832483291626,32160,1.0956345796585083,False
Movies,43,pair_grounded_dynamic,text,pair_other_modality,ALL,0.3628844618797302,0.36216145753860474,0.30076900124549866,0.4263170063495636,0.44041505455970764,160802,1.0917208194732666,True
Movies,43,pair_grounded_dynamic,text,pair_other_modality,Q1,0.37075814604759216,0.3719141185283661,0.3035722076892853,0.4362731873989105,0.45037615299224854,32161,1.0901156663894653,True
Movies,43,pair_grounded_dynamic,text,pair_other_modality,Q2,0.36717134714126587,0.36840957403182983,0.30026543140411377,0.43251949548721313,0.44649672508239746,32161,1.090631127357483,True
Movies,43,pair_grounded_dynamic,text,pair_other_modality,Q3,0.36541152000427246,0.366474449634552,0.30051031708717346,0.4289184808731079,0.4418039321899414,32160,1.091185212135315,True
Movies,43,pair_grounded_dynamic,text,pair_other_modality,Q4,0.35907554626464844,0.3589785695075989,0.29767754673957825,0.4203491806983948,0.4330931305885315,32160,1.0924328565597534,True
Movies,43,pair_grounded_dynamic,text,pair_other_modality,Q5,0.3520052433013916,0.3505789041519165,0.3015226423740387,0.4067319929599762,0.4212365448474884,32160,1.094239592552185,True
Movies,43,pair_grounded_dynamic,text,context_text,ALL,0.31912359595298767,0.31951963901519775,0.2875935435295105,0.3499506115913391,0.35763683915138245,160802,1.0917208194732666,True
Movies,43,pair_grounded_dynamic,text,context_text,Q1,0.31500014662742615,0.31445395946502686,0.2823753356933594,0.34833434224128723,0.3558138608932495,32161,1.0901156663894653,True
Movies,43,pair_grounded_dynamic,text,context_text,Q2,0.3169492781162262,0.31638360023498535,0.28448808193206787,0.350183367729187,0.35774892568588257,32161,1.090631127357483,True
Movies,43,pair_grounded_dynamic,text,context_text,Q3,0.3179055154323578,0.3173511028289795,0.2863548696041107,0.3500958979129791,0.3578144907951355,32160,1.091185212135315,True
Movies,43,pair_grounded_dynamic,text,context_text,Q4,0.32110947370529175,0.321182519197464,0.2907279133796692,0.3515728712081909,0.3590836822986603,32160,1.0924328565597534,True
Movies,43,pair_grounded_dynamic,text,context_text,Q5,0.32465365529060364,0.32536226511001587,0.29754817485809326,0.34968459606170654,0.35765811800956726,32160,1.094239592552185,True
Movies,43,pair_grounded_dynamic,text,context_visual,ALL,0.3179919719696045,0.31833022832870483,0.2860632538795471,0.3492962718009949,0.35701364278793335,160802,1.0917208194732666,True
Movies,43,pair_grounded_dynamic,text,context_visual,Q1,0.3142417371273041,0.3136073052883148,0.2813238799571991,0.3480294942855835,0.35555964708328247,32161,1.0901156663894653,True
Movies,43,pair_grounded_dynamic,text,context_visual,Q2,0.3158794343471527,0.3152369260787964,0.28303319215774536,0.34958717226982117,0.35711801052093506,32161,1.090631127357483,True
Movies,43,pair_grounded_dynamic,text,context_visual,Q3,0.31668296456336975,0.3161351680755615,0.28467848896980286,0.34946420788764954,0.3572053909301758,32160,1.091185212135315,True
Movies,43,pair_grounded_dynamic,text,context_visual,Q4,0.3198149800300598,0.3198509216308594,0.2888796031475067,0.35078829526901245,0.35835352540016174,32160,1.0924328565597534,True
Movies,43,pair_grounded_dynamic,text,context_visual,Q5,0.32334110140800476,0.3240848183631897,0.2957339584827423,0.3488076627254486,0.35685932636260986,32160,1.094239592552185,True
Movies,43,pair_grounded_dynamic,visual,pair_other_modality,ALL,0.24922405183315277,0.24914595484733582,0.1776963472366333,0.32035723328590393,0.33930113911628723,160802,1.0738211870193481,True
Movies,43,pair_grounded_dynamic,visual,pair_other_modality,Q1,0.23158329725265503,0.22824352979660034,0.16810637712478638,0.29960691928863525,0.31990110874176025,32161,1.0665559768676758,True
Movies,43,pair_grounded_dynamic,visual,pair_other_modality,Q2,0.24296124279499054,0.24211485683918,0.17286567389965057,0.3133696913719177,0.33289772272109985,32161,1.0713086128234863,True
Movies,43,pair_grounded_dynamic,visual,pair_other_modality,Q3,0.250524640083313,0.25183776021003723,0.17841589450836182,0.31915172934532166,0.33789244294166565,32160,1.0745956897735596,True
Movies,43,pair_grounded_dynamic,visual,pair_other_modality,Q4,0.256152868270874,0.2582431733608246,0.183420792222023,0.3250642716884613,0.3431609570980072,32160,1.076677918434143,True
Movies,43,pair_grounded_dynamic,visual,pair_other_modality,Q5,0.2648989260196686,0.26660341024398804,0.19398382306098938,0.33421266078948975,0.35089489817619324,32160,1.079967737197876,True
Movies,43,pair_grounded_dynamic,visual,context_text,ALL,0.37592795491218567,0.37621939182281494,0.34075817465782166,0.41090235114097595,0.41910263895988464,160802,1.0738211870193481,True
Movies,43,pair_grounded_dynamic,visual,context_text,Q1,0.38442689180374146,0.3861527442932129,0.35093212127685547,0.41565459966659546,0.42239999771118164,32161,1.0665559768676758,True
Movies,43,pair_grounded_dynamic,visual,context_text,Q2,0.37892410159111023,0.37940752506256104,0.34418487548828125,0.41328614950180054,0.4207775890827179,32161,1.0713086128234863,True
Movies,43,pair_grounded_dynamic,visual,context_text,Q3,0.3753165006637573,0.37493449449539185,0.3413856029510498,0.4105026423931122,0.4188176989555359,32160,1.0745956897735596,True
Movies,43,pair_grounded_dynamic,visual,context_text,Q4,0.3726251721382141,0.37187832593917847,0.33854103088378906,0.4081366956233978,0.4172791838645935,32160,1.076677918434143,True
Movies,43,pair_grounded_dynamic,visual,context_text,Q5,0.3683468997478485,0.3678179085254669,0.3339495062828064,0.4030167758464813,0.41150790452957153,32160,1.079967737197876,True
Movies,43,pair_grounded_dynamic,visual,context_visual,ALL,0.37484797835350037,0.37463343143463135,0.3388432264328003,0.4115189015865326,0.4200686514377594,160802,1.0738211870193481,True
Movies,43,pair_grounded_dynamic,visual,context_visual,Q1,0.38398978114128113,0.38559597730636597,0.34950780868530273,0.4162852168083191,0.42304104566574097,32161,1.0665559768676758,True
Movies,43,pair_grounded_dynamic,visual,context_visual,Q2,0.37811464071273804,0.3783480226993561,0.34246116876602173,0.41399791836738586,0.42171338200569153,32161,1.0713086128234863,True
Movies,43,pair_grounded_dynamic,visual,context_visual,Q3,0.3741588592529297,0.3732419013977051,0.33943256735801697,0.41119271516799927,0.42011430859565735,32160,1.0745956897735596,True
Movies,43,pair_grounded_dynamic,visual,context_visual,Q4,0.37122198939323425,0.36991047859191895,0.33636558055877686,0.4087333083152771,0.4185235798358917,32160,1.076677918434143,True
Movies,43,pair_grounded_dynamic,visual,context_visual,Q5,0.3667542040348053,0.36558690667152405,0.3317740857601166,0.40306559205055237,0.41252025961875916,32160,1.079967737197876,True
Movies,43,context_grounded_static,text,pair_other_modality,ALL,0.32082399725914,0.3105282783508301,0.09249911457300186,0.5690321326255798,0.6210393309593201,160802,1.0157674551010132,True
Movies,43,context_grounded_static,text,pair_other_modality,Q1,0.3281404972076416,0.3203642666339874,0.14262846112251282,0.525233268737793,0.5694078803062439,32161,1.0459486246109009,True
Movies,43,context_grounded_static,text,pair_other_modality,Q2,0.3277871608734131,0.31992021203041077,0.11404906213283539,0.5552498698234558,0.6034073233604431,32161,1.0280941724777222,True
Movies,43,context_grounded_static,text,pair_other_modality,Q3,0.3304046392440796,0.32095974683761597,0.10290898382663727,0.57347172498703,0.6213811635971069,32160,1.019419550895691,True
Movies,43,context_grounded_static,text,pair_other_modality,Q4,0.3248148560523987,0.3161579966545105,0.08746703714132309,0.5875725746154785,0.6365859508514404,32160,1.0065375566482544,True
Movies,43,context_grounded_static,text,pair_other_modality,Q5,0.2929723262786865,0.2425777018070221,0.06555674225091934,0.600142240524292,0.657808780670166,32160,0.9788363575935364,True
Movies,43,context_grounded_static,text,context_text,ALL,0.30559948086738586,0.3056431710720062,0.1967197060585022,0.4109988510608673,0.4290275573730469,160802,1.0157674551010132,True
Movies,43,context_grounded_static,text,context_text,Q1,0.3100828230381012,0.3090795874595642,0.2239619493484497,0.39750081300735474,0.4171496629714966,32161,1.0459486246109009,True
Movies,43,context_grounded_static,text,context_text,Q2,0.3034290671348572,0.30165278911590576,0.20441900193691254,0.4059704840183258,0.4266352653503418,32161,1.0280941724777222,True
Movies,43,context_grounded_static,text,context_text,Q3,0.29814136028289795,0.29786303639411926,0.1926874965429306,0.40186384320259094,0.4231676161289215,32160,1.019419550895691,True
Movies,43,context_grounded_static,text,context_text,Q4,0.2996777296066284,0.299197793006897,0.18693548440933228,0.40770167112350464,0.4263328015804291,32160,1.0065375566482544,True
Movies,43,context_grounded_static,text,context_text,Q5,0.3166664242744446,0.32816827297210693,0.182876318693161,0.42589956521987915,0.44615989923477173,32160,0.9788363575935364,True
Movies,43,context_grounded_static,text,context_visual,ALL,0.3735765516757965,0.37933796644210815,0.2254800647497177,0.51499342918396,0.5313611030578613,160802,1.0157674551010132,True
Movies,43,context_grounded_static,text,context_visual,Q1,0.361776739358902,0.3663839101791382,0.2392576038837433,0.475310355424881,0.498332679271698,32161,1.0459486246109009,True
Movies,43,context_grounded_static,text,context_visual,Q2,0.36878377199172974,0.3751778304576874,0.23076750338077545,0.4962003231048584,0.5158131718635559,32161,1.0280941724777222,True
Movies,43,context_grounded_static,text,context_visual,Q3,0.3714539110660553,0.37766170501708984,0.22599941492080688,0.5077305436134338,0.5258191823959351,32160,1.019419550895691,True
Movies,43,context_grounded_static,text,context_visual,Q4,0.3755074143409729,0.38045534491539,0.21907468140125275,0.5222449898719788,0.5370547771453857,32160,1.0065375566482544,True
Movies,43,context_grounded_static,text,context_visual,Q5,0.3903612792491913,0.4133192300796509,0.21056649088859558,0.532540500164032,0.5433594584465027,32160,0.9788363575935364,True
Movies,43,context_grounded_static,visual,pair_other_modality,ALL,0.2345048487186432,0.21700960397720337,0.12057153135538101,0.37695005536079407,0.4170040786266327,160802,1.045051097869873,True
Movies,43,context_grounded_static,visual,pair_other_modality,Q1,0.25190815329551697,0.23880626261234283,0.13006067276000977,0.3947312831878662,0.4332267940044403,32161,1.0526098012924194,True
Movies,43,context_grounded_static,visual,pair_other_modality,Q2,0.23859168589115143,0.22207756340503693,0.12527041137218475,0.37984904646873474,0.4181603193283081,32161,1.0478661060333252,True
Movies,43,context_grounded_static,visual,pair_other_modality,Q3,0.23252181708812714,0.21593768894672394,0.12041838467121124,0.37044408917427063,0.41145390272140503,32160,1.0452090501785278,True
Movies,43,context_grounded_static,visual,pair_other_modality,Q4,0.2264038324356079,0.20947852730751038,0.11384899169206619,0.3649207353591919,0.405787855386734,32160,1.0408790111541748,True
Movies,43,context_grounded_static,visual,pair_other_modality,Q5,0.22309812903404236,0.19890394806861877,0.11673617362976074,0.369113951921463,0.41272130608558655,32160,1.0386912822723389,True
Movies,43,context_grounded_static,visual,context_text,ALL,0.3847161829471588,0.38764476776123047,0.28330475091934204,0.48095056414604187,0.5044977068901062,160802,1.045051097869873,True
Movies,43,context_grounded_static,visual,context_text,Q1,0.3628169000148773,0.36361420154571533,0.2691521942615509,0.4549027681350708,0.47786667943000793,32161,1.0526098012924194,True
Movies,43,context_grounded_static,visual,context_text,Q2,0.37625741958618164,0.37822455167770386,0.2799188792705536,0.4691900908946991,0.4927752614021301,32161,1.0478661060333252,True
Movies,43,context_grounded_static,visual,context_text,Q3,0.3855549395084381,0.38725876808166504,0.2867510914802551,0.4800856113433838,0.5030331015586853,32160,1.0452090501785278,True
Movies,43,context_grounded_static,visual,context_text,Q4,0.39627373218536377,0.39966386556625366,0.2931683659553528,0.49188122153282166,0.5131869316101074,32160,1.0408790111541748,True
Movies,43,context_grounded_static,visual,context_text,Q5,0.40267905592918396,0.4074726402759552,0.29522064328193665,0.497933030128479,0.5204399228096008,32160,1.0386912822723389,True
Movies,43,context_grounded_static,visual,context_visual,ALL,0.3807789385318756,0.3792550563812256,0.3204420208930969,0.44281089305877686,0.45946595072746277,160802,1.045051097869873,True
Movies,43,context_grounded_static,visual,context_visual,Q1,0.3852749168872833,0.3848343789577484,0.3201475143432617,0.4508439898490906,0.4686123728752136,32161,1.0526098012924194,True
Movies,43,context_grounded_static,visual,context_visual,Q2,0.3851509690284729,0.3843974769115448,0.32251572608947754,0.4479109048843384,0.46557891368865967,32161,1.0478661060333252,True
Movies,43,context_grounded_static,visual,context_visual,Q3,0.38192325830459595,0.38049864768981934,0.3232041895389557,0.4422782361507416,0.4603302776813507,32160,1.0452090501785278,True
Movies,43,context_grounded_static,visual,context_visual,Q4,0.3773224353790283,0.37551671266555786,0.32099032402038574,0.4363759160041809,0.45334047079086304,32160,1.0408790111541748,True
Movies,43,context_grounded_static,visual,context_visual,Q5,0.37422284483909607,0.3718179166316986,0.3156519830226898,0.4363027811050415,0.4492979943752289,32160,1.0386912822723389,True
Movies,43,context_grounded_dynamic,text,pair_other_modality,ALL,0.14916984736919403,0.14718052744865417,0.07539878040552139,0.2212633639574051,0.24310699105262756,160802,0.9267287850379944,True
Movies,43,context_grounded_dynamic,text,pair_other_modality,Q1,0.12887920439243317,0.12262918055057526,0.06919091939926147,0.19580483436584473,0.21805612742900848,32161,0.9171110987663269,True
Movies,43,context_grounded_dynamic,text,pair_other_modality,Q2,0.13849295675754547,0.13512243330478668,0.07037672400474548,0.2071112096309662,0.22994154691696167,32161,0.9219940900802612,True
Movies,43,context_grounded_dynamic,text,pair_other_modality,Q3,0.14832037687301636,0.14709614217281342,0.07553252577781677,0.21731704473495483,0.23844793438911438,32160,0.9286862015724182,True
Movies,43,context_grounded_dynamic,text,pair_other_modality,Q4,0.1581161916255951,0.15815970301628113,0.08056896179914474,0.22841589152812958,0.24937507510185242,32160,0.9337837100028992,True
Movies,43,context_grounded_dynamic,text,pair_other_modality,Q5,0.17204147577285767,0.17172390222549438,0.0953383594751358,0.23960882425308228,0.2625309228897095,32160,0.9320691823959351,True
Movies,43,context_grounded_dynamic,text,context_text,ALL,0.5907539129257202,0.594965934753418,0.5317596197128296,0.6535323858261108,0.6722411513328552,160802,0.9267287850379944,True
Movies,43,context_grounded_dynamic,text,context_text,Q1,0.5895661115646362,0.5950499773025513,0.5356999039649963,0.6420902013778687,0.6564553380012512,32161,0.9171110987663269,True
Movies,43,context_grounded_dynamic,text,context_text,Q2,0.590802013874054,0.5964180827140808,0.5345943570137024,0.6462196111679077,0.6609899997711182,32161,0.9219940900802612,True
Movies,43,context_grounded_dynamic,text,context_text,Q3,0.5898676514625549,0.5935392379760742,0.5333769917488098,0.6484326124191284,0.6673509478569031,32160,0.9286862015724182,True
Movies,43,context_grounded_dynamic,text,context_text,Q4,0.5886808037757874,0.5910348892211914,0.5301995277404785,0.6543861031532288,0.6755940914154053,32160,0.9337837100028992,True
Movies,43,context_grounded_dynamic,text,context_text,Q5,0.5948526859283447,0.5997377634048462,0.526960551738739,0.6715155839920044,0.6856111884117126,32160,0.9320691823959351,True
Movies,43,context_grounded_dynamic,text,context_visual,ALL,0.2600763142108917,0.2570798397064209,0.19442489743232727,0.32400164008140564,0.3427918255329132,160802,0.9267287850379944,True
Movies,43,context_grounded_dynamic,text,context_visual,Q1,0.281554639339447,0.2799237370491028,0.22600416839122772,0.3389609456062317,0.35477215051651,32161,0.9171110987663269,True
Movies,43,context_grounded_dynamic,text,context_visual,Q2,0.27070510387420654,0.26780182123184204,0.2169070988893509,0.32986852526664734,0.34768784046173096,32161,0.9219940900802612,True
Movies,43,context_grounded_dynamic,text,context_visual,Q3,0.2618119716644287,0.2574688196182251,0.20797467231750488,0.32070645689964294,0.33938249945640564,32160,0.9286862015724182,True
Movies,43,context_grounded_dynamic,text,context_visual,Q4,0.25320306420326233,0.24852970242500305,0.19358855485916138,0.31375211477279663,0.3329605460166931,32160,0.9337837100028992,True
Movies,43,context_grounded_dynamic,text,context_visual,Q5,0.2331058233976364,0.23055759072303772,0.17307965457439423,0.30394989252090454,0.3233228921890259,32160,0.9320691823959351,True
Movies,43,context_grounded_dynamic,visual,pair_other_modality,ALL,0.26871824264526367,0.26956549286842346,0.13238249719142914,0.4025515615940094,0.4306303560733795,160802,1.0592650175094604,True
Movies,43,context_grounded_dynamic,visual,pair_other_modality,Q1,0.2179713249206543,0.20951363444328308,0.11770793795585632,0.3337143063545227,0.3640335202217102,32161,1.0420243740081787,True
Movies,43,context_grounded_dynamic,visual,pair_other_modality,Q2,0.24501082301139832,0.24331018328666687,0.12435132265090942,0.36912500858306885,0.3970051109790802,32161,1.053232192993164,True
Movies,43,context_grounded_dynamic,visual,pair_other_modality,Q3,0.2698018550872803,0.27393701672554016,0.1344285011291504,0.3937266170978546,0.41826459765434265,32160,1.0621174573898315,True
Movies,43,context_grounded_dynamic,visual,pair_other_modality,Q4,0.2916373610496521,0.30027955770492554,0.14520420134067535,0.4168757200241089,0.4392825961112976,32160,1.066587209701538,True
Movies,43,context_grounded_dynamic,visual,pair_other_modality,Q5,0.3191721737384796,0.3240568935871124,0.1811460703611374,0.44035646319389343,0.4626363217830658,32160,1.0723644495010376,True
Movies,43,context_grounded_dynamic,visual,context_text,ALL,0.3576446771621704,0.3572337031364441,0.3199048638343811,0.39525851607322693,0.4062888026237488,160802,1.0592650175094604,True
Movies,43,context_grounded_dynamic,visual,context_text,Q1,0.36286187171936035,0.3621878921985626,0.32985177636146545,0.39638811349868774,0.40750885009765625,32161,1.0420243740081787,True
Movies,43,context_grounded_dynamic,visual,context_text,Q2,0.3602963387966156,0.3594244420528412,0.3264728784561157,0.3954031467437744,0.40617746114730835,32161,1.053232192993164,True
Movies,43,context_grounded_dynamic,visual,context_text,Q3,0.35716918110847473,0.35601720213890076,0.3217790722846985,0.39457282423973083,0.4052374064922333,32160,1.0621174573898315,True
Movies,43,context_grounded_dynamic,visual,context_text,Q4,0.35466882586479187,0.35270482301712036,0.3158637285232544,0.3957293927669525,0.4076903164386749,32160,1.066587209701538,True
Movies,43,context_grounded_dynamic,visual,context_text,Q5,0.35322707891464233,0.3539990782737732,0.30988743901252747,0.39416125416755676,0.40475624799728394,32160,1.0723644495010376,True
Movies,43,context_grounded_dynamic,visual,context_visual,ALL,0.37363702058792114,0.367354154586792,0.2697616517543793,0.4892324209213257,0.5155263543128967,160802,1.0592650175094604,True
Movies,43,context_grounded_dynamic,visual,context_visual,Q1,0.41916683316230774,0.42116373777389526,0.3222265839576721,0.5120140314102173,0.5335352420806885,32161,1.0420243740081787,True
Movies,43,context_grounded_dynamic,visual,context_visual,Q2,0.3946928083896637,0.39179885387420654,0.2943492531776428,0.4995083212852478,0.5245155096054077,32161,1.053232192993164,True
Movies,43,context_grounded_dynamic,visual,context_visual,Q3,0.373028963804245,0.36558136343955994,0.27621349692344666,0.48466217517852783,0.5128046274185181,32160,1.0621174573898315,True
Movies,43,context_grounded_dynamic,visual,context_visual,Q4,0.3536938428878784,0.3425670862197876,0.26011544466018677,0.4699869155883789,0.5013609528541565,32160,1.066587209701538,True
Movies,43,context_grounded_dynamic,visual,context_visual,Q5,0.32760074734687805,0.3169797658920288,0.24363145232200623,0.4311000406742096,0.47353845834732056,32160,1.0723644495010376,True
Movies,44,global_grounded_dynamic,text,pair_other_modality,ALL,0.31700825691223145,0.31673020124435425,0.2886892855167389,0.3456414043903351,0.35423117876052856,160802,1.0964579582214355,False
Movies,44,global_grounded_dynamic,text,pair_other_modality,Q1,0.3164682686328888,0.31612756848335266,0.28721684217453003,0.34634068608283997,0.35541144013404846,32161,1.0964256525039673,False
Movies,44,global_grounded_dynamic,text,pair_other_modality,Q2,0.3156082034111023,0.31521695852279663,0.2869907021522522,0.34486567974090576,0.35369470715522766,32161,1.0963627099990845,False
Movies,44,global_grounded_dynamic,text,pair_other_modality,Q3,0.3161344826221466,0.31556689739227295,0.2882152795791626,0.34496834874153137,0.35387149453163147,32160,1.0964021682739258,False
Movies,44,global_grounded_dynamic,text,pair_other_modality,Q4,0.31670185923576355,0.3161405026912689,0.28890758752822876,0.34532859921455383,0.35406625270843506,32160,1.096372127532959,False
Movies,44,global_grounded_dynamic,text,pair_other_modality,Q5,0.3201286196708679,0.32058727741241455,0.29256805777549744,0.3465443253517151,0.35417497158050537,32160,1.096726655960083,False
Movies,44,global_grounded_dynamic,text,context_text,ALL,0.34664174914360046,0.346193790435791,0.3260563015937805,0.3678392469882965,0.3744060695171356,160802,1.0964579582214355,False
Movies,44,global_grounded_dynamic,text,context_text,Q1,0.3452775180339813,0.34510329365730286,0.3255646228790283,0.365207701921463,0.3710152506828308,32161,1.0964256525039673,False
Movies,44,global_grounded_dynamic,text,context_text,Q2,0.3462037444114685,0.3460419774055481,0.32585498690605164,0.36641237139701843,0.37269964814186096,32161,1.0963627099990845,False
Movies,44,global_grounded_dynamic,text,context_text,Q3,0.34695854783058167,0.3466663956642151,0.3264816999435425,0.36765238642692566,0.37389513850212097,32160,1.0964021682739258,False
Movies,44,global_grounded_dynamic,text,context_text,Q4,0.3485364317893982,0.34803348779678345,0.32726606726646423,0.3706752359867096,0.37699487805366516,32160,1.096372127532959,False
Movies,44,global_grounded_dynamic,text,context_text,Q5,0.34623250365257263,0.3451569974422455,0.3252430558204651,0.3690861463546753,0.37634819746017456,32160,1.096726655960083,False
Movies,44,global_grounded_dynamic,text,context_visual,ALL,0.3363499939441681,0.3361700177192688,0.3189431428909302,0.3539924919605255,0.3595901131629944,160802,1.0964579582214355,False
Movies,44,global_grounded_dynamic,text,context_visual,Q1,0.3382541835308075,0.3384256362915039,0.32004186511039734,0.35631200671195984,0.36164647340774536,32161,1.0964256525039673,False
Movies,44,global_grounded_dynamic,text,context_visual,Q2,0.3381880819797516,0.3382469415664673,0.3204389810562134,0.355898380279541,0.36139345169067383,32161,1.0963627099990845,False
Movies,44,global_grounded_dynamic,text,context_visual,Q3,0.33690696954727173,0.3368229269981384,0.3193528652191162,0.35439619421958923,0.35982024669647217,32160,1.0964021682739258,False
Movies,44,global_grounded_dynamic,text,context_visual,Q4,0.33476170897483826,0.3345215916633606,0.31761685013771057,0.3522396981716156,0.35780128836631775,32160,1.096372127532959,False
Movies,44,global_grounded_dynamic,text,context_visual,Q5,0.3336389362812042,0.3334510326385498,0.3180360496044159,0.349168598651886,0.35515525937080383,32160,1.096726655960083,False
Movies,44,global_grounded_dynamic,visual,pair_other_modality,ALL,0.3309403359889984,0.3302285075187683,0.30279287695884705,0.3600388765335083,0.36870893836021423,160802,1.0970886945724487,False
Movies,44,global_grounded_dynamic,visual,pair_other_modality,Q1,0.33158978819847107,0.3312581181526184,0.30314940214157104,0.3602440357208252,0.36862385272979736,32161,1.0971554517745972,False
Movies,44,global_grounded_dynamic,visual,pair_other_modality,Q2,0.3305888772010803,0.3301783800125122,0.3022616505622864,0.35966551303863525,0.368541419506073,32161,1.097091794013977,False
Movies,44,global_grounded_dynamic,visual,pair_other_modality,Q3,0.32891353964805603,0.3281918168067932,0.30160999298095703,0.35702767968177795,0.3656948506832123,32160,1.0971001386642456,False
Movies,44,global_grounded_dynamic,visual,pair_other_modality,Q4,0.3283213973045349,0.32733720541000366,0.30134573578834534,0.3565789759159088,0.36524513363838196,32160,1.0970768928527832,False
Movies,44,global_grounded_dynamic,visual,pair_other_modality,Q5,0.3352881669998169,0.33450472354888916,0.30604639649391174,0.36516106128692627,0.37323951721191406,32160,1.097019076347351,False
Movies,44,global_grounded_dynamic,visual,context_text,ALL,0.33190715312957764,0.3320697247982025,0.3117300570011139,0.35181084275245667,0.3572253882884979,160802,1.0970886945724487,False
Movies,44,global_grounded_dynamic,visual,context_text,Q1,0.3343956172466278,0.33450132608413696,0.3150785565376282,0.35373884439468384,0.358897864818573,32161,1.0971554517745972,False
Movies,44,global_grounded_dynamic,visual,context_text,Q2,0.33320480585098267,0.333152711391449,0.3136358857154846,0.35283634066581726,0.35842522978782654,32161,1.097091794013977,False
Movies,44,global_grounded_dynamic,visual,context_text,Q3,0.3328031599521637,0.33298537135124207,0.31321555376052856,0.35195258259773254,0.3576876223087311,32160,1.0971001386642456,False
Movies,44,global_grounded_dynamic,visual,context_text,Q4,0.3320105969905853,0.33238089084625244,0.3120068311691284,0.35152989625930786,0.35661429166793823,32160,1.0970768928527832,False
Movies,44,global_grounded_dynamic,visual,context_text,Q5,0.3271215260028839,0.3267804682254791,0.3067666292190552,0.3480023443698883,0.3537695109844208,32160,1.097019076347351,False
Movies,44,global_grounded_dynamic,visual,context_visual,ALL,0.33715251088142395,0.33710241317749023,0.3173155188560486,0.3570440709590912,0.3629268705844879,160802,1.0970886945724487,False
Movies,44,global_grounded_dynamic,visual,context_visual,Q1,0.3340146541595459,0.333640992641449,0.3152115046977997,0.3533400893211365,0.3593463897705078,32161,1.0971554517745972,False
Movies,44,global_grounded_dynamic,visual,context_visual,Q2,0.3362062871456146,0.3360903263092041,0.3164265751838684,0.3561645448207855,0.3624371290206909,32161,1.097091794013977,False
Movies,44,global_grounded_dynamic,visual,context_visual,Q3,0.3382833003997803,0.33834022283554077,0.31814485788345337,0.3582439124584198,0.3642200827598572,32160,1.0971001386642456,False
Movies,44,global_grounded_dynamic,visual,context_visual,Q4,0.33966803550720215,0.33994805812835693,0.31955477595329285,0.35957327485084534,0.36529025435447693,32160,1.0970768928527832,False
Movies,44,global_grounded_dynamic,visual,context_visual,Q5,0.3375903367996216,0.33759528398513794,0.3182302415370941,0.356920063495636,0.36240312457084656,32160,1.097019076347351,False
Movies,44,pair_grounded_dynamic,text,pair_other_modality,ALL,0.45063844323158264,0.45226913690567017,0.3334086835384369,0.5660869479179382,0.5972772240638733,160802,1.052991271018982,True
Movies,44,pair_grounded_dynamic,text,pair_other_modality,Q1,0.44712159037590027,0.4466516971588135,0.34246715903282166,0.5529779195785522,0.581784725189209,32161,1.0574827194213867,True
Movies,44,pair_grounded_dynamic,text,pair_other_modality,Q2,0.4493785500526428,0.446950763463974,0.3349735140800476,0.5685611367225647,0.5987393856048584,32161,1.0535563230514526,True
Movies,44,pair_grounded_dynamic,text,pair_other_modality,Q3,0.45484015345573425,0.4533575773239136,0.3331010639667511,0.5806756615638733,0.611369788646698,32160,1.0489026308059692,True
Movies,44,pair_grounded_dynamic,text,pair_other_modality,Q4,0.4551081657409668,0.456356406211853,0.3312114477157593,0.5785954594612122,0.6094462275505066,32160,1.0489779710769653,True
Movies,44,pair_grounded_dynamic,text,pair_other_modality,Q5,0.4467439353466034,0.45874154567718506,0.3250921964645386,0.5454317331314087,0.576026439666748,32160,1.056036114692688,True
Movies,44,pair_grounded_dynamic,text,context_text,ALL,0.2706367075443268,0.26982080936431885,0.21366332471370697,0.32840901613235474,0.3429744243621826,160802,1.052991271018982,True
Movies,44,pair_grounded_dynamic,text,context_text,Q1,0.27235713601112366,0.27262741327285767,0.22016558051109314,0.3239678144454956,0.33730003237724304,32161,1.0574827194213867,True
Movies,44,pair_grounded_dynamic,text,context_text,Q2,0.2710762023925781,0.27229538559913635,0.2123100757598877,0.32762038707733154,0.34199410676956177,32161,1.0535563230514526,True
Movies,44,pair_grounded_dynamic,text,context_text,Q3,0.26844263076782227,0.269195020198822,0.20646077394485474,0.32842519879341125,0.34357592463493347,32160,1.0489026308059692,True
Movies,44,pair_grounded_dynamic,text,context_text,Q4,0.2684379518032074,0.2677808403968811,0.20751439034938812,0.3295973241329193,0.3431863784790039,32160,1.0489779710769653,True
Movies,44,pair_grounded_dynamic,text,context_text,Q5,0.2728694677352905,0.26696813106536865,0.22421322762966156,0.33280518651008606,0.3486916422843933,32160,1.056036114692688,True
Movies,44,pair_grounded_dynamic,text,context_visual,ALL,0.27872487902641296,0.277897447347641,0.22026248276233673,0.3381415903568268,0.35317882895469666,160802,1.052991271018982,True
Movies,44,pair_grounded_dynamic,text,context_visual,Q1,0.2805212438106537,0.280680775642395,0.22685739398002625,0.33354121446609497,0.34725210070610046,32161,1.0574827194213867,True
Movies,44,pair_grounded_dynamic,text,context_visual,Q2,0.2795451879501343,0.28076085448265076,0.2190060019493103,0.3376004993915558,0.35268592834472656,32161,1.0535563230514526,True
Movies,44,pair_grounded_dynamic,text,context_visual,Q3,0.27671724557876587,0.2774699330329895,0.21286435425281525,0.3385394513607025,0.3543132245540619,32160,1.0489026308059692,True
Movies,44,pair_grounded_dynamic,text,context_visual,Q4,0.2764539122581482,0.2759166359901428,0.21389058232307434,0.3391231298446655,0.35312119126319885,32160,1.0489779710769653,True
Movies,44,pair_grounded_dynamic,text,context_visual,Q5,0.2803865671157837,0.274312824010849,0.23022761940956116,0.3420982360839844,0.35770323872566223,32160,1.056036114692688,True
Movies,44,pair_grounded_dynamic,visual,pair_other_modality,ALL,0.2266484946012497,0.22202780842781067,0.15146504342556,0.308468222618103,0.3308757245540619,160802,1.061012625694275,True
Movies,44,pair_grounded_dynamic,visual,pair_other_modality,Q1,0.2315502166748047,0.22958561778068542,0.16149196028709412,0.30314207077026367,0.32321932911872864,32161,1.0654388666152954,True
Movies,44,pair_grounded_dynamic,visual,pair_other_modality,Q2,0.22608856856822968,0.2224271595478058,0.1524723470211029,0.30435216426849365,0.3263731002807617,32161,1.0612014532089233,True
Movies,44,pair_grounded_dynamic,visual,pair_other_modality,Q3,0.22242164611816406,0.21635016798973083,0.14495369791984558,0.30877384543418884,0.331253319978714,32160,1.0577824115753174,True
Movies,44,pair_grounded_dynamic,visual,pair_other_modality,Q4,0.22198455035686493,0.21464020013809204,0.14406472444534302,0.3122665286064148,0.33441194891929626,32160,1.0570286512374878,True
Movies,44,pair_grounded_dynamic,visual,pair_other_modality,Q5,0.23119738698005676,0.2258118987083435,0.15705417096614838,0.3144721984863281,0.3380739390850067,32160,1.063611626625061,True
Movies,44,pair_grounded_dynamic,visual,context_text,ALL,0.3874175250530243,0.38948220014572144,0.3464213013648987,0.42551541328430176,0.43331706523895264,160802,1.061012625694275,True
Movies,44,pair_grounded_dynamic,visual,context_text,Q1,0.3851087689399719,0.38602855801582336,0.3491031527519226,0.4206041693687439,0.4282517433166504,32161,1.0654388666152954,True
Movies,44,pair_grounded_dynamic,visual,context_text,Q2,0.38776537775993347,0.38955628871917725,0.3482409715652466,0.42516541481018066,0.4328269362449646,32161,1.0612014532089233,True
Movies,44,pair_grounded_dynamic,visual,context_text,Q3,0.3895483613014221,0.39247944951057434,0.3463504910469055,0.42887482047080994,0.4362444281578064,32160,1.0577824115753174,True
Movies,44,pair_grounded_dynamic,visual,context_text,Q4,0.38970255851745605,0.3930974006652832,0.34473830461502075,0.429139643907547,0.4365586042404175,32160,1.0570286512374878,True
Movies,44,pair_grounded_dynamic,visual,context_text,Q5,0.38496270775794983,0.38742315769195557,0.34355828166007996,0.4223133623600006,0.4304567873477936,32160,1.063611626625061,True
Movies,44,pair_grounded_dynamic,visual,context_visual,ALL,0.3859339654445648,0.38835960626602173,0.3449842631816864,0.4231713116168976,0.4305092692375183,160802,1.061012625694275,True
Movies,44,pair_grounded_dynamic,visual,context_visual,Q1,0.383340984582901,0.3844205141067505,0.34755146503448486,0.4179992973804474,0.4255014657974243,32161,1.0654388666152954,True
Movies,44,pair_grounded_dynamic,visual,context_visual,Q2,0.38614603877067566,0.3880987763404846,0.34735578298568726,0.42251813411712646,0.42984580993652344,32161,1.0612014532089233,True
Movies,44,pair_grounded_dynamic,visual,context_visual,Q3,0.3880300521850586,0.3912491202354431,0.34488624334335327,0.42621171474456787,0.4332618713378906,32160,1.0577824115753174,True
Movies,44,pair_grounded_dynamic,visual,context_visual,Q4,0.38831284642219543,0.3923244774341583,0.34289222955703735,0.42679518461227417,0.43380144238471985,32160,1.0570286512374878,True
Movies,44,pair_grounded_dynamic,visual,context_visual,Q5,0.3838399648666382,0.38682442903518677,0.34184572100639343,0.42064589262008667,0.4281856417655945,32160,1.063611626625061,True
Movies,44,context_grounded_static,text,pair_other_modality,ALL,0.32607853412628174,0.3138786554336548,0.1998346596956253,0.4713221788406372,0.5215438604354858,160802,1.0695797204971313,True
Movies,44,context_grounded_static,text,pair_other_modality,Q1,0.34410420060157776,0.3274030089378357,0.17672672867774963,0.5405768156051636,0.5891622304916382,32161,1.0532060861587524,True
Movies,44,context_grounded_static,text,pair_other_modality,Q2,0.3318497836589813,0.32077473402023315,0.1880187839269638,0.4930182695388794,0.5397209525108337,32161,1.0649442672729492,True
Movies,44,context_grounded_static,text,pair_other_modality,Q3,0.3233071565628052,0.3148902952671051,0.20185396075248718,0.45796501636505127,0.49856358766555786,32160,1.0736308097839355,True
Movies,44,context_grounded_static,text,pair_other_modality,Q4,0.3205730617046356,0.3133545517921448,0.21054576337337494,0.4410102963447571,0.4816770851612091,32160,1.0767254829406738,True
Movies,44,context_grounded_static,text,pair_other_modality,Q5,0.31055766344070435,0.30365949869155884,0.2249789535999298,0.40597426891326904,0.44236695766448975,32160,1.079392671585083,True
Movies,44,context_grounded_static,text,context_text,ALL,0.34623974561691284,0.3475720286369324,0.2524296045303345,0.43723374605178833,0.4604945778846741,160802,1.0695797204971313,True
Movies,44,context_grounded_static,text,context_text,Q1,0.3361857533454895,0.33925294876098633,0.21983517706394196,0.44593024253845215,0.4722541868686676,32161,1.0532060861587524,True
Movies,44,context_grounded_static,text,context_text,Q2,0.34275946021080017,0.34230220317840576,0.2447889745235443,0.44210755825042725,0.47090011835098267,32161,1.0649442672729492,True
Movies,44,context_grounded_static,text,context_text,Q3,0.34576860070228577,0.34588590264320374,0.26155802607536316,0.42894551157951355,0.45384252071380615,32160,1.0736308097839355,True
Movies,44,context_grounded_static,text,context_text,Q4,0.34560248255729675,0.34612736105918884,0.2622407078742981,0.42781510949134827,0.4499543607234955,32160,1.0767254829406738,True
Movies,44,context_grounded_static,text,context_text,Q5,0.3608827292919159,0.36193668842315674,0.2792944610118866,0.44001901149749756,0.45533397793769836,32160,1.079392671585083,True
Movies,44,context_grounded_static,text,context_visual,ALL,0.3276817500591278,0.3281274139881134,0.26057004928588867,0.3944407105445862,0.4132349193096161,160802,1.0695797204971313,True
Movies,44,context_grounded_static,text,context_visual,Q1,0.3197101056575775,0.3241801857948303,0.23164823651313782,0.39859676361083984,0.4189743995666504,32161,1.0532060861587524,True
Movies,44,context_grounded_static,text,context_visual,Q2,0.32539069652557373,0.3274548351764679,0.2520827651023865,0.3940028250217438,0.4120384454727173,32161,1.0649442672729492,True
Movies,44,context_grounded_static,text,context_visual,Q3,0.33092424273490906,0.3313559591770172,0.26816168427467346,0.3919835388660431,0.40976569056510925,32160,1.0736308097839355,True
Movies,44,context_grounded_static,text,context_visual,Q4,0.33382442593574524,0.3321036100387573,0.2763914465904236,0.39368849992752075,0.41191738843917847,32160,1.0767254829406738,True
Movies,44,context_grounded_static,text,context_visual,Q5,0.32855960726737976,0.3235185742378235,0.2717820703983307,0.3942553400993347,0.41375696659088135,32160,1.079392671585083,True
Movies,44,context_grounded_static,visual,pair_other_modality,ALL,0.28210747241973877,0.27693408727645874,0.19520749151706696,0.37717947363853455,0.40539753437042236,160802,1.077210783958435,True
Movies,44,context_grounded_static,visual,pair_other_modality,Q1,0.30090197920799255,0.29565200209617615,0.20328816771507263,0.4060731530189514,0.43495550751686096,32161,1.0808711051940918,True
Movies,44,context_grounded_static,visual,pair_other_modality,Q2,0.2901171147823334,0.28625231981277466,0.1964755356311798,0.38900721073150635,0.4174223840236664,32161,1.0792477130889893,True
Movies,44,context_grounded_static,visual,pair_other_modality,Q3,0.2818666398525238,0.27887022495269775,0.193752720952034,0.3737054169178009,0.39975854754447937,32160,1.0783133506774902,True
Movies,44,context_grounded_static,visual,pair_other_modality,Q4,0.2768299877643585,0.274766743183136,0.1923532336950302,0.3638492822647095,0.388508141040802,32160,1.0772308111190796,True
Movies,44,context_grounded_static,visual,pair_other_modality,Q5,0.2608206272125244,0.25212663412094116,0.1926346868276596,0.341627836227417,0.36503130197525024,32160,1.070390224456787,True
Movies,44,context_grounded_static,visual,context_text,ALL,0.36065492033958435,0.35343146324157715,0.2958889901638031,0.44282543659210205,0.48053690791130066,160802,1.077210783958435,True
Movies,44,context_grounded_static,visual,context_text,Q1,0.34558579325675964,0.34609413146972656,0.2838185429573059,0.4050392508506775,0.4201197624206543,32161,1.0808711051940918,True
Movies,44,context_grounded_static,visual,context_text,Q2,0.352631539106369,0.34957998991012573,0.29108062386512756,0.41430121660232544,0.44120240211486816,32161,1.0792477130889893,True
Movies,44,context_grounded_static,visual,context_text,Q3,0.35725292563438416,0.3523629307746887,0.29816868901252747,0.4201057553291321,0.4571578800678253,32160,1.0783133506774902,True
Movies,44,context_grounded_static,visual,context_text,Q4,0.3610535264015198,0.35276442766189575,0.3007643222808838,0.4366363286972046,0.4778395891189575,32160,1.0772308111190796,True
Movies,44,context_grounded_static,visual,context_text,Q5,0.3867513835430145,0.3680301904678345,0.3088081181049347,0.4902069568634033,0.5018531680107117,32160,1.070390224456787,True
Movies,44,context_grounded_static,visual,context_visual,ALL,0.35723766684532166,0.35787802934646606,0.303192138671875,0.409866601228714,0.4237930178642273,160802,1.077210783958435,True
Movies,44,context_grounded_static,visual,context_visual,Q1,0.3535121977329254,0.3549214005470276,0.30075132846832275,0.40341120958328247,0.4158068895339966,32161,1.0808711051940918,True
Movies,44,context_grounded_static,visual,context_visual,Q2,0.3572513461112976,0.35781461000442505,0.3059321343898773,0.4072774648666382,0.4199215769767761,32161,1.0792477130889893,True
Movies,44,context_grounded_static,visual,context_visual,Q3,0.36088040471076965,0.3614110052585602,0.30978822708129883,0.41110801696777344,0.42477837204933167,32160,1.0783133506774902,True
Movies,44,context_grounded_static,visual,context_visual,Q4,0.36211642622947693,0.3620215654373169,0.30973511934280396,0.4145444333553314,0.42873597145080566,32160,1.0772308111190796,True
Movies,44,context_grounded_static,visual,context_visual,Q5,0.35242798924446106,0.35197821259498596,0.2955053746700287,0.412803053855896,0.42752355337142944,32160,1.070390224456787,True
Movies,44,context_grounded_dynamic,text,pair_other_modality,ALL,0.34073007106781006,0.34011971950531006,0.2061384916305542,0.47443073987960815,0.5108147263526917,160802,1.063382625579834,True
Movies,44,context_grounded_dynamic,text,pair_other_modality,Q1,0.33090144395828247,0.3253558278083801,0.20372852683067322,0.46502381563186646,0.5028780698776245,32161,1.0628986358642578,True
Movies,44,context_grounded_dynamic,text,pair_other_modality,Q2,0.3342741131782532,0.3279959559440613,0.2035583108663559,0.47258296608924866,0.5124392509460449,32161,1.0607103109359741,True
Movies,44,context_grounded_dynamic,text,pair_other_modality,Q3,0.337525874376297,0.33314716815948486,0.20116016268730164,0.4795464277267456,0.5159107446670532,32160,1.0606331825256348,True
Movies,44,context_grounded_dynamic,text,pair_other_modality,Q4,0.34412482380867004,0.3443235158920288,0.20231184363365173,0.48202329874038696,0.5171641707420349,32160,1.062947154045105,True
Movies,44,context_grounded_dynamic,text,pair_other_modality,Q5,0.35682469606399536,0.3648183047771454,0.2249424308538437,0.4721994400024414,0.5041284561157227,32160,1.0697239637374878,True
Movies,44,context_grounded_dynamic,text,context_text,ALL,0.3782609701156616,0.3752630352973938,0.2800731658935547,0.4833523631095886,0.5087668895721436,160802,1.063382625579834,True
Movies,44,context_grounded_dynamic,text,context_text,Q1,0.3896685242652893,0.38927072286605835,0.2954936623573303,0.4861736297607422,0.5107249021530151,32161,1.0628986358642578,True
Movies,44,context_grounded_dynamic,text,context_text,Q2,0.3898966610431671,0.38921815156936646,0.29178231954574585,0.48995184898376465,0.5144987106323242,32161,1.0607103109359741,True
Movies,44,context_grounded_dynamic,text,context_text,Q3,0.3844783902168274,0.38392460346221924,0.28291890025138855,0.4890030324459076,0.5120608806610107,32160,1.0606331825256348,True
Movies,44,context_grounded_dynamic,text,context_text,Q4,0.37262749671936035,0.36868417263031006,0.27199533581733704,0.482297420501709,0.5081299543380737,32160,1.062947154045105,True
Movies,44,context_grounded_dynamic,text,context_text,Q5,0.3546332120895386,0.34734413027763367,0.2653111219406128,0.4603705108165741,0.49379584193229675,32160,1.0697239637374878,True
Movies,44,context_grounded_dynamic,text,context_visual,ALL,0.28100889921188354,0.280994176864624,0.21998749673366547,0.3418847620487213,0.35999980568885803,160802,1.063382625579834,True
Movies,44,context_grounded_dynamic,text,context_visual,Q1,0.2794300615787506,0.2798333168029785,0.21700367331504822,0.34041517972946167,0.3577693700790405,32161,1.0628986358642578,True
Movies,44,context_grounded_dynamic,text,context_visual,Q2,0.2758292555809021,0.275713711977005,0.21247237920761108,0.3382702171802521,0.35698986053466797,32161,1.0607103109359741,True
Movies,44,context_grounded_dynamic,text,context_visual,Q3,0.2779957056045532,0.27800917625427246,0.21506328880786896,0.3399636447429657,0.3585814833641052,32160,1.0606331825256348,True
Movies,44,context_grounded_dynamic,text,context_visual,Q4,0.283247709274292,0.2824948728084564,0.22267521917819977,0.3452363908290863,0.3629958927631378,32160,1.062947154045105,True
Movies,44,context_grounded_dynamic,text,context_visual,Q5,0.28854209184646606,0.2865601181983948,0.23503626883029938,0.34494563937187195,0.36333441734313965,32160,1.0697239637374878,True
Movies,44,context_grounded_dynamic,visual,pair_other_modality,ALL,0.32282987236976624,0.32410144805908203,0.23208871483802795,0.40821078419685364,0.43045905232429504,160802,1.0870858430862427,True
Movies,44,context_grounded_dynamic,visual,pair_other_modality,Q1,0.3485463857650757,0.3480590879917145,0.2835507392883301,0.41411519050598145,0.4324056804180145,32161,1.0913718938827515,True
Movies,44,context_grounded_dynamic,visual,pair_other_modality,Q2,0.3356403112411499,0.33388465642929077,0.25947555899620056,0.41398322582244873,0.43581539392471313,32161,1.0895166397094727,True
Movies,44,context_grounded_dynamic,visual,pair_other_modality,Q3,0.32628828287124634,0.32445815205574036,0.24095414578914642,0.41467538475990295,0.438224196434021,32160,1.087377667427063,True
Movies,44,context_grounded_dynamic,visual,pair_other_modality,Q4,0.3153703510761261,0.31451812386512756,0.22701045870780945,0.40507155656814575,0.42960745096206665,32160,1.0861340761184692,True
Movies,44,context_grounded_dynamic,visual,pair_other_modality,Q5,0.28830286860466003,0.2819480001926422,0.20525342226028442,0.38460806012153625,0.4087888300418854,32160,1.0810285806655884,True
Movies,44,context_grounded_dynamic,visual,context_text,ALL,0.3351460099220276,0.3351479172706604,0.28059884905815125,0.38745278120040894,0.40419337153434753,160802,1.0870858430862427,True
Movies,44,context_grounded_dynamic,visual,context_text,Q1,0.3246086537837982,0.3236831724643707,0.27626925706863403,0.3741355538368225,0.38865748047828674,32161,1.0913718938827515,True
Movies,44,context_grounded_dynamic,visual,context_text,Q2,0.3306973874568939,0.330849289894104,0.2765277624130249,0.3851420283317566,0.40157973766326904,32161,1.0895166397094727,True
Movies,44,context_grounded_dynamic,visual,context_text,Q3,0.3351576328277588,0.33485910296440125,0.27649563550949097,0.3937642574310303,0.4123384654521942,32160,1.087377667427063,True
Movies,44,context_grounded_dynamic,visual,context_text,Q4,0.33893030881881714,0.3383740782737732,0.2832459509372711,0.3940820097923279,0.4127965569496155,32160,1.0861340761184692,True
Movies,44,context_grounded_dynamic,visual,context_text,Q5,0.3463364243507385,0.3498254418373108,0.29694077372550964,0.3882331848144531,0.4026356041431427,32160,1.0810285806655884,True
Movies,44,context_grounded_dynamic,visual,context_visual,ALL,0.3420241177082062,0.337787002325058,0.30064481496810913,0.3929080069065094,0.4109312891960144,160802,1.0870858430862427,True
Movies,44,context_grounded_dynamic,visual,context_visual,Q1,0.3268449008464813,0.32631438970565796,0.2974976897239685,0.3566911220550537,0.36588719487190247,32161,1.0913718938827515,True
Movies,44,context_grounded_dynamic,visual,context_visual,Q2,0.3336623013019562,0.33306562900543213,0.29888296127319336,0.3692813515663147,0.38129130005836487,32161,1.0895166397094727,True
Movies,44,context_grounded_dynamic,visual,context_visual,Q3,0.3385540246963501,0.33781546354293823,0.2993271052837372,0.3785037100315094,0.39215853810310364,32160,1.087377667427063,True
Movies,44,context_grounded_dynamic,visual,context_visual,Q4,0.3456993103027344,0.3435887098312378,0.3020907938480377,0.39422035217285156,0.4080314040184021,32160,1.0861340761184692,True
Movies,44,context_grounded_dynamic,visual,context_visual,Q5,0.36536067724227905,0.36285027861595154,0.30920273065567017,0.4222296178340912,0.43106794357299805,32160,1.0810285806655884,True
Grocery,42,global_grounded_dynamic,text,pair_other_modality,ALL,0.3402028977870941,0.33998918533325195,0.3091903626918793,0.3711700141429901,0.38052940368652344,142262,1.0965484380722046,False
Grocery,42,global_grounded_dynamic,text,pair_other_modality,Q1,0.3396114706993103,0.33906787633895874,0.30956488847732544,0.3700534701347351,0.37958666682243347,28453,1.0968068838119507,False
Grocery,42,global_grounded_dynamic,text,pair_other_modality,Q2,0.3393823504447937,0.33893176913261414,0.3096272051334381,0.3698773682117462,0.37906312942504883,28453,1.0967540740966797,False
Grocery,42,global_grounded_dynamic,text,pair_other_modality,Q3,0.3393324017524719,0.3390463888645172,0.3088744282722473,0.3694545030593872,0.37897956371307373,28452,1.096675992012024,False
Grocery,42,global_grounded_dynamic,text,pair_other_modality,Q4,0.3401380777359009,0.3401500880718231,0.30812975764274597,0.3715443015098572,0.38099032640457153,28452,1.0964534282684326,False
Grocery,42,global_grounded_dynamic,text,pair_other_modality,Q5,0.3425501585006714,0.34305912256240845,0.3097996413707733,0.37452512979507446,0.3835159242153168,28452,1.096051812171936,False
Grocery,42,global_grounded_dynamic,text,context_text,ALL,0.32161787152290344,0.32153499126434326,0.3007001578807831,0.34258508682250977,0.3489302098751068,142262,1.0965484380722046,False
Grocery,42,global_grounded_dynamic,text,context_text,Q1,0.32428017258644104,0.32426193356513977,0.30419236421585083,0.34413111209869385,0.35035502910614014,28453,1.0968068838119507,False
Grocery,42,global_grounded_dynamic,text,context_text,Q2,0.32246360182762146,0.32245874404907227,0.3024357557296753,0.34226125478744507,0.34821444749832153,28453,1.0967540740966797,False
Grocery,42,global_grounded_dynamic,text,context_text,Q3,0.3215586841106415,0.32150185108184814,0.3018764853477478,0.34141790866851807,0.3475354313850403,28452,1.096675992012024,False
Grocery,42,global_grounded_dynamic,text,context_text,Q4,0.32026445865631104,0.31998562812805176,0.2996527850627899,0.3410111963748932,0.34722042083740234,28452,1.0964534282684326,False
Grocery,42,global_grounded_dynamic,text,context_text,Q5,0.31952235102653503,0.3190886974334717,0.29629334807395935,0.343830406665802,0.35111841559410095,28452,1.096051812171936,False
Grocery,42,global_grounded_dynamic,text,context_visual,ALL,0.33817923069000244,0.33821940422058105,0.31686726212501526,0.35969728231430054,0.36630135774612427,142262,1.0965484380722046,False
Grocery,42,global_grounded_dynamic,text,context_visual,Q1,0.33610838651657104,0.33597809076309204,0.31663259863853455,0.35577014088630676,0.3619273602962494,28453,1.0968068838119507,False
Grocery,42,global_grounded_dynamic,text,context_visual,Q2,0.33815401792526245,0.3380761742591858,0.3182638883590698,0.3581192195415497,0.3640795052051544,28453,1.0967540740966797,False
Grocery,42,global_grounded_dynamic,text,context_visual,Q3,0.33910897374153137,0.3389376997947693,0.31859102845191956,0.3601132035255432,0.3663422167301178,28452,1.096675992012024,False
Grocery,42,global_grounded_dynamic,text,context_visual,Q4,0.33959752321243286,0.3392820358276367,0.31817832589149475,0.36192288994789124,0.3683041036128998,28452,1.0964534282684326,False
Grocery,42,global_grounded_dynamic,text,context_visual,Q5,0.3379274308681488,0.33909910917282104,0.3113276958465576,0.3622683882713318,0.36955615878105164,28452,1.096051812171936,False
Grocery,42,global_grounded_dynamic,visual,pair_other_modality,ALL,0.3354851007461548,0.33463308215141296,0.3010837137699127,0.37095239758491516,0.3819308280944824,142262,1.0965131521224976,False
Grocery,42,global_grounded_dynamic,visual,pair_other_modality,Q1,0.33611124753952026,0.3350776731967926,0.30307912826538086,0.37041404843330383,0.3809650242328644,28453,1.096631646156311,False
Grocery,42,global_grounded_dynamic,visual,pair_other_modality,Q2,0.3364019989967346,0.3360423445701599,0.30229201912879944,0.3707311153411865,0.38118869066238403,28453,1.0965778827667236,False
Grocery,42,global_grounded_dynamic,visual,pair_other_modality,Q3,0.3371237814426422,0.3364642858505249,0.30266073346138,0.37205737829208374,0.38308683037757874,28452,1.0965205430984497,False
Grocery,42,global_grounded_dynamic,visual,pair_other_modality,Q4,0.33685004711151123,0.3361038565635681,0.3021552562713623,0.37242379784584045,0.383525013923645,28452,1.096490740776062,False
Grocery,42,global_grounded_dynamic,visual,pair_other_modality,Q5,0.33093833923339844,0.32911887764930725,0.2966802716255188,0.3683481514453888,0.3806730806827545,28452,1.0963447093963623,False
Grocery,42,global_grounded_dynamic,visual,context_text,ALL,0.33750924468040466,0.33728107810020447,0.31538963317871094,0.35984325408935547,0.3667755424976349,142262,1.0965131521224976,False
Grocery,42,global_grounded_dynamic,visual,context_text,Q1,0.3393574357032776,0.33945807814598083,0.3189004957675934,0.3595624268054962,0.36530905961990356,28453,1.096631646156311,False
Grocery,42,global_grounded_dynamic,visual,context_text,Q2,0.3382493853569031,0.3381986618041992,0.31720447540283203,0.35925182700157166,0.36529219150543213,28453,1.0965778827667236,False
Grocery,42,global_grounded_dynamic,visual,context_text,Q3,0.33711516857147217,0.3368748128414154,0.31510472297668457,0.3595953583717346,0.36604610085487366,28452,1.0965205430984497,False
Grocery,42,global_grounded_dynamic,visual,context_text,Q4,0.3360211253166199,0.33556124567985535,0.3132908344268799,0.359416127204895,0.3668311536312103,28452,1.096490740776062,False
Grocery,42,global_grounded_dynamic,visual,context_text,Q5,0.336803138256073,0.33604949712753296,0.3130851089954376,0.36200976371765137,0.371041476726532,28452,1.0963447093963623,False
Grocery,42,global_grounded_dynamic,visual,context_visual,ALL,0.32700565457344055,0.3269679844379425,0.3052280843257904,0.3487641215324402,0.35496073961257935,142262,1.0965131521224976,False
Grocery,42,global_grounded_dynamic,visual,context_visual,Q1,0.32453128695487976,0.3246324360370636,0.30409112572669983,0.3448902368545532,0.3503606617450714,28453,1.096631646156311,False
Grocery,42,global_grounded_dynamic,visual,context_visual,Q2,0.3253485858440399,0.3253272771835327,0.3045526146888733,0.34598734974861145,0.3517901301383972,28453,1.0965778827667236,False
Grocery,42,global_grounded_dynamic,visual,context_visual,Q3,0.3257610499858856,0.3258795142173767,0.30470696091651917,0.3465212285518646,0.35238340497016907,28452,1.0965205430984497,False
Grocery,42,global_grounded_dynamic,visual,context_visual,Q4,0.3271287977695465,0.32706859707832336,0.30573001503944397,0.3485512137413025,0.3547661602497101,28452,1.096490740776062,False
Grocery,42,global_grounded_dynamic,visual,context_visual,Q5,0.33225858211517334,0.33297839760780334,0.30775555968284607,0.35551175475120544,0.3612934648990631,28452,1.0963447093963623,False
Grocery,42,pair_grounded_dynamic,text,pair_other_modality,ALL,0.3150676190853119,0.3059491515159607,0.21006612479686737,0.4351251423358917,0.46791696548461914,142262,1.080888032913208,True
Grocery,42,pair_grounded_dynamic,text,pair_other_modality,Q1,0.29312407970428467,0.28801605105400085,0.19764770567417145,0.396309494972229,0.4258992075920105,28453,1.080753207206726,True
Grocery,42,pair_grounded_dynamic,text,pair_other_modality,Q2,0.30502235889434814,0.2981422245502472,0.2073868066072464,0.4134211540222168,0.4458906948566437,28453,1.0819189548492432,True
Grocery,42,pair_grounded_dynamic,text,pair_other_modality,Q3,0.3103378117084503,0.301297664642334,0.2093317061662674,0.425513356924057,0.4589223265647888,28452,1.081417202949524,True
Grocery,42,pair_grounded_dynamic,text,pair_other_modality,Q4,0.32102346420288086,0.31183212995529175,0.21331705152988434,0.443801611661911,0.4746161103248596,28452,1.0807914733886719,True
Grocery,42,pair_grounded_dynamic,text,pair_other_modality,Q5,0.34583139419555664,0.34154215455055237,0.22636769711971283,0.4698486626148224,0.49448245763778687,28452,1.079559564590454,True
Grocery,42,pair_grounded_dynamic,text,context_text,ALL,0.34139588475227356,0.34601646661758423,0.28063657879829407,0.3946104943752289,0.4052509069442749,142262,1.080888032913208,True
Grocery,42,pair_grounded_dynamic,text,context_text,Q1,0.35231590270996094,0.3551938235759735,0.3003465533256531,0.40000975131988525,0.4107314944267273,28453,1.080753207206726,True
Grocery,42,pair_grounded_dynamic,text,context_text,Q2,0.3463560938835144,0.34975236654281616,0.29157981276512146,0.39560505747795105,0.406133234500885,28453,1.0819189548492432,True
Grocery,42,pair_grounded_dynamic,text,context_text,Q3,0.34377822279930115,0.3483043313026428,0.28534841537475586,0.39512398838996887,0.40516161918640137,28452,1.081417202949524,True
Grocery,42,pair_grounded_dynamic,text,context_text,Q4,0.33843204379081726,0.3428112268447876,0.27634549140930176,0.3934325575828552,0.40349864959716797,28452,1.0807914733886719,True
Grocery,42,pair_grounded_dynamic,text,context_text,Q5,0.32609662413597107,0.3278723359107971,0.26361146569252014,0.3869394063949585,0.39843085408210754,28452,1.079559564590454,True
Grocery,42,pair_grounded_dynamic,text,context_visual,ALL,0.34353652596473694,0.34799790382385254,0.28406238555908203,0.39543604850769043,0.40600642561912537,142262,1.080888032913208,True
Grocery,42,pair_grounded_dynamic,text,context_visual,Q1,0.35456007719039917,0.35692840814590454,0.3032969832420349,0.40232688188552856,0.41319242119789124,28453,1.080753207206726,True
Grocery,42,pair_grounded_dynamic,text,context_visual,Q2,0.34862154722213745,0.35196930170059204,0.29524245858192444,0.3972240090370178,0.4079607427120209,28453,1.0819189548492432,True
Grocery,42,pair_grounded_dynamic,text,context_visual,Q3,0.34588393568992615,0.35019397735595703,0.28911611437797546,0.3954783082008362,0.40572434663772583,28452,1.081417202949524,True
Grocery,42,pair_grounded_dynamic,text,context_visual,Q4,0.3405444920063019,0.3452167809009552,0.2799082100391388,0.3936067521572113,0.4033173620700836,28452,1.0807914733886719,True
Grocery,42,pair_grounded_dynamic,text,context_visual,Q5,0.3280719816684723,0.33054330945014954,0.26649630069732666,0.386877179145813,0.39769667387008667,28452,1.079559564590454,True
Grocery,42,pair_grounded_dynamic,visual,pair_other_modality,ALL,0.3442287743091583,0.33264628052711487,0.2317284792661667,0.4809481203556061,0.5135149359703064,142262,1.0789426565170288,True
Grocery,42,pair_grounded_dynamic,visual,pair_other_modality,Q1,0.34914204478263855,0.34415021538734436,0.2479609102010727,0.4580472409725189,0.48986613750457764,28453,1.083495855331421,True
Grocery,42,pair_grounded_dynamic,visual,pair_other_modality,Q2,0.34801483154296875,0.33929920196533203,0.23552456498146057,0.4775877892971039,0.5109104514122009,28453,1.079460859298706,True
Grocery,42,pair_grounded_dynamic,visual,pair_other_modality,Q3,0.3478015661239624,0.3337135314941406,0.2283770889043808,0.49175548553466797,0.5232518315315247,28452,1.076468586921692,True
Grocery,42,pair_grounded_dynamic,visual,pair_other_modality,Q4,0.33664819598197937,0.3170633912086487,0.22162315249443054,0.4900567829608917,0.521446704864502,28452,1.0762423276901245,True
Grocery,42,pair_grounded_dynamic,visual,pair_other_modality,Q5,0.33953720331192017,0.32575225830078125,0.23087894916534424,0.4856429696083069,0.5126907825469971,28452,1.0790460109710693,True
Grocery,42,pair_grounded_dynamic,visual,context_text,ALL,0.3278312385082245,0.33350032567977905,0.2597973048686981,0.3838142454624176,0.3953615128993988,142262,1.0789426565170288,True
Grocery,42,pair_grounded_dynamic,visual,context_text,Q1,0.3253364562988281,0.3278985619544983,0.2712983191013336,0.37554439902305603,0.3877158463001251,28453,1.083495855331421,True
Grocery,42,pair_grounded_dynamic,visual,context_text,Q2,0.32598260045051575,0.3303129971027374,0.26173660159111023,0.3819412589073181,0.3941136598587036,28453,1.079460859298706,True
Grocery,42,pair_grounded_dynamic,visual,context_text,Q3,0.3261362910270691,0.33317720890045166,0.2545633912086487,0.3855031728744507,0.3976908028125763,28452,1.076468586921692,True
Grocery,42,pair_grounded_dynamic,visual,context_text,Q4,0.33166801929473877,0.3414965867996216,0.2553480565547943,0.3888717293739319,0.4001414477825165,28452,1.0762423276901245,True
Grocery,42,pair_grounded_dynamic,visual,context_text,Q5,0.3300328552722931,0.3366684019565582,0.2572000026702881,0.38431376218795776,0.39463067054748535,28452,1.0790460109710693,True
Grocery,42,pair_grounded_dynamic,visual,context_visual,ALL,0.3279399573802948,0.3338339924812317,0.2591303884983063,0.38448137044906616,0.39636704325675964,142262,1.0789426565170288,True
Grocery,42,pair_grounded_dynamic,visual,context_visual,Q1,0.3255215287208557,0.32793790102005005,0.27086135745048523,0.37621137499809265,0.38891705870628357,28453,1.083495855331421,True
Grocery,42,pair_grounded_dynamic,visual,context_visual,Q2,0.3260025978088379,0.33041441440582275,0.260768860578537,0.38261866569519043,0.39513301849365234,28453,1.079460859298706,True
Grocery,42,pair_grounded_dynamic,visual,context_visual,Q3,0.3260621726512909,0.33309394121170044,0.25374284386634827,0.3863091468811035,0.3985501229763031,28452,1.076468586921692,True
Grocery,42,pair_grounded_dynamic,visual,context_visual,Q4,0.3316837549209595,0.3413959741592407,0.254525363445282,0.38957637548446655,0.4012605845928192,28452,1.0762423276901245,True
Grocery,42,pair_grounded_dynamic,visual,context_visual,Q5,0.33042997121810913,0.3376600742340088,0.2570289671421051,0.38488447666168213,0.39574843645095825,28452,1.0790460109710693,True
Grocery,42,context_grounded_static,text,pair_other_modality,ALL,0.2904529273509979,0.2892197072505951,0.2126065343618393,0.369023859500885,0.39318937063217163,142262,1.081655502319336,True
Grocery,42,context_grounded_static,text,pair_other_modality,Q1,0.2923729121685028,0.2915714383125305,0.21457159519195557,0.3706676959991455,0.39284226298332214,28453,1.0821694135665894,True
Grocery,42,context_grounded_static,text,pair_other_modality,Q2,0.2879864275455475,0.28850841522216797,0.21142025291919708,0.3631145656108856,0.3834604024887085,28453,1.081778883934021,True
Grocery,42,context_grounded_static,text,pair_other_modality,Q3,0.28469470143318176,0.28513139486312866,0.21053779125213623,0.35595226287841797,0.3770974576473236,28452,1.0814481973648071,True
Grocery,42,context_grounded_static,text,pair_other_modality,Q4,0.28085803985595703,0.28051134943962097,0.2070290893316269,0.3533964157104492,0.37528494000434875,28452,1.0802931785583496,True
Grocery,42,context_grounded_static,text,pair_other_modality,Q5,0.30635252594947815,0.30244535207748413,0.21970495581626892,0.3964866101741791,0.4254509508609772,28452,1.0825879573822021,True
Grocery,42,context_grounded_static,text,context_text,ALL,0.37635305523872375,0.3734005391597748,0.31629592180252075,0.43986618518829346,0.45830291509628296,142262,1.081655502319336,True
Grocery,42,context_grounded_static,text,context_text,Q1,0.3807182312011719,0.37819942831993103,0.324272096157074,0.4406924843788147,0.46094784140586853,28453,1.0821694135665894,True
Grocery,42,context_grounded_static,text,context_text,Q2,0.38102445006370544,0.3774857521057129,0.323375403881073,0.44380834698677063,0.46245232224464417,28453,1.081778883934021,True
Grocery,42,context_grounded_static,text,context_text,Q3,0.38057559728622437,0.37729960680007935,0.32155340909957886,0.443649560213089,0.461357057094574,28452,1.0814481973648071,True
Grocery,42,context_grounded_static,text,context_text,Q4,0.37951329350471497,0.37785524129867554,0.31856924295425415,0.44311270117759705,0.46057289838790894,28452,1.0802931785583496,True
Grocery,42,context_grounded_static,text,context_text,Q5,0.35993340611457825,0.3549966812133789,0.302670955657959,0.4254209101200104,0.44290509819984436,28452,1.0825879573822021,True
Grocery,42,context_grounded_static,text,context_visual,ALL,0.33319398760795593,0.3342256546020508,0.2891589105129242,0.3761845827102661,0.3887619078159332,142262,1.081655502319336,True
Grocery,42,context_grounded_static,text,context_visual,Q1,0.3269088566303253,0.32764512300491333,0.2872115969657898,0.3645137548446655,0.3760451376438141,28453,1.0821694135665894,True
Grocery,42,context_grounded_static,text,context_visual,Q2,0.3309890627861023,0.3314434289932251,0.29176807403564453,0.36910608410835266,0.38046136498451233,28453,1.081778883934021,True
Grocery,42,context_grounded_static,text,context_visual,Q3,0.3347296714782715,0.3347061276435852,0.29545077681541443,0.37394946813583374,0.38575848937034607,28452,1.0814481973648071,True
Grocery,42,context_grounded_static,text,context_visual,Q4,0.339628666639328,0.34090766310691833,0.2978598475456238,0.380492627620697,0.3919900357723236,28452,1.0802931785583496,True
Grocery,42,context_grounded_static,text,context_visual,Q5,0.33371400833129883,0.3384433388710022,0.2691552937030792,0.3878622055053711,0.4002397656440735,28452,1.0825879573822021,True
Grocery,42,context_grounded_static,visual,pair_other_modality,ALL,0.2702142894268036,0.26738640666007996,0.15369868278503418,0.3861890137195587,0.4325079619884491,142262,1.0641940832138062,True
Grocery,42,context_grounded_static,visual,pair_other_modality,Q1,0.28076380491256714,0.2799161672592163,0.18542757630348206,0.3737258315086365,0.40833529829978943,28453,1.0747861862182617,True
Grocery,42,context_grounded_static,visual,pair_other_modality,Q2,0.26210546493530273,0.2610154449939728,0.1532224714756012,0.3656197786331177,0.40564364194869995,28453,1.064271092414856,True
Grocery,42,context_grounded_static,visual,pair_other_modality,Q3,0.25444117188453674,0.25317147374153137,0.14164942502975464,0.36276888847351074,0.40285947918891907,28452,1.0591899156570435,True
Grocery,42,context_grounded_static,visual,pair_other_modality,Q4,0.256023108959198,0.25323647260665894,0.13787762820720673,0.3703349530696869,0.4188773036003113,28452,1.0572689771652222,True
Grocery,42,context_grounded_static,visual,pair_other_modality,Q5,0.2977377474308014,0.29041406512260437,0.16300952434539795,0.440494179725647,0.47379833459854126,28452,1.065454125404358,True
Grocery,42,context_grounded_static,visual,context_text,ALL,0.384913831949234,0.38425981998443604,0.29812735319137573,0.47498375177383423,0.5002599954605103,142262,1.0641940832138062,True
Grocery,42,context_grounded_static,visual,context_text,Q1,0.37708598375320435,0.37416213750839233,0.30936819314956665,0.45171627402305603,0.47656556963920593,28453,1.0747861862182617,True
Grocery,42,context_grounded_static,visual,context_text,Q2,0.39052534103393555,0.3879643678665161,0.31323954463005066,0.47484290599823,0.4999043643474579,28453,1.064271092414856,True
Grocery,42,context_grounded_static,visual,context_text,Q3,0.39683279395103455,0.39499813318252563,0.31406933069229126,0.48408180475234985,0.5079179406166077,28452,1.0591899156570435,True
Grocery,42,context_grounded_static,visual,context_text,Q4,0.39585018157958984,0.3964475691318512,0.30606359243392944,0.4878867566585541,0.5107231140136719,28452,1.0572689771652222,True
Grocery,42,context_grounded_static,visual,context_text,Q5,0.3642750382423401,0.36724182963371277,0.2507161796092987,0.46830326318740845,0.4966098368167877,28452,1.065454125404358,True
Grocery,42,context_grounded_static,visual,context_visual,ALL,0.3448718190193176,0.34616053104400635,0.30055466294288635,0.3882935047149658,0.40060821175575256,142262,1.0641940832138062,True
Grocery,42,context_grounded_static,visual,context_visual,Q1,0.34215018153190613,0.3435852825641632,0.3009585738182068,0.38123074173927307,0.39335259795188904,28453,1.0747861862182617,True
Grocery,42,context_grounded_static,visual,context_visual,Q2,0.3473691940307617,0.34835267066955566,0.3040482699871063,0.3893369436264038,0.4018820524215698,28453,1.064271092414856,True
Grocery,42,context_grounded_static,visual,context_visual,Q3,0.3487260341644287,0.3499619662761688,0.3051063120365143,0.3918415606021881,0.4043331742286682,28452,1.0591899156570435,True
Grocery,42,context_grounded_static,visual,context_visual,Q4,0.34812667965888977,0.34992051124572754,0.30394190549850464,0.3916778862476349,0.40308910608291626,28452,1.0572689771652222,True
Grocery,42,context_grounded_static,visual,context_visual,Q5,0.3379872441291809,0.3388439118862152,0.2911779284477234,0.38479694724082947,0.39827829599380493,28452,1.065454125404358,True
Grocery,42,context_grounded_dynamic,text,pair_other_modality,ALL,0.28200703859329224,0.2809157371520996,0.17456009984016418,0.389530211687088,0.4257870614528656,142262,1.071648120880127,True
Grocery,42,context_grounded_dynamic,text,pair_other_modality,Q1,0.2595798969268799,0.25902289152145386,0.15348204970359802,0.36436015367507935,0.3951738774776459,28453,1.0660319328308105,True
Grocery,42,context_grounded_dynamic,text,pair_other_modality,Q2,0.26972776651382446,0.2707766890525818,0.16413436830043793,0.3721439838409424,0.401901513338089,28453,1.0696008205413818,True
Grocery,42,context_grounded_dynamic,text,pair_other_modality,Q3,0.2779555916786194,0.2793208062648773,0.1754881739616394,0.376752108335495,0.4055599570274353,28452,1.0728306770324707,True
Grocery,42,context_grounded_dynamic,text,pair_other_modality,Q4,0.28486186265945435,0.28371796011924744,0.18634524941444397,0.3828713297843933,0.4166690409183502,28452,1.0747698545455933,True
Grocery,42,context_grounded_dynamic,text,pair_other_modality,Q5,0.3179113268852234,0.312286913394928,0.20342698693275452,0.4418150782585144,0.47654029726982117,28452,1.0750081539154053,True
Grocery,42,context_grounded_dynamic,text,context_text,ALL,0.3679877519607544,0.3665275573730469,0.3019290268421173,0.43696773052215576,0.4583134949207306,142262,1.071648120880127,True
Grocery,42,context_grounded_dynamic,text,context_text,Q1,0.3778398931026459,0.376254677772522,0.3157154321670532,0.44152843952178955,0.46076247096061707,28453,1.0660319328308105,True
Grocery,42,context_grounded_dynamic,text,context_text,Q2,0.3746752440929413,0.3724439740180969,0.3121418058872223,0.4405674338340759,0.4610694646835327,28453,1.0696008205413818,True
Grocery,42,context_grounded_dynamic,text,context_text,Q3,0.37095269560813904,0.3683508634567261,0.30838555097579956,0.437298059463501,0.4587656855583191,28452,1.0728306770324707,True
Grocery,42,context_grounded_dynamic,text,context_text,Q4,0.3675752580165863,0.3643823266029358,0.30386701226234436,0.4366942048072815,0.45883968472480774,28452,1.0747698545455933,True
Grocery,42,context_grounded_dynamic,text,context_text,Q5,0.3488951325416565,0.3495841920375824,0.26919957995414734,0.42619752883911133,0.4508112370967865,28452,1.0750081539154053,True
Grocery,42,context_grounded_dynamic,text,context_visual,ALL,0.350005179643631,0.3482878506183624,0.2885802984237671,0.41481393575668335,0.43700289726257324,142262,1.071648120880127,True
Grocery,42,context_grounded_dynamic,text,context_visual,Q1,0.362580269575119,0.3598039448261261,0.3014557957649231,0.42735016345977783,0.44841063022613525,28453,1.0660319328308105,True
Grocery,42,context_grounded_dynamic,text,context_visual,Q2,0.35559698939323425,0.3524126410484314,0.2975310981273651,0.4184475541114807,0.4422711730003357,28453,1.0696008205413818,True
Grocery,42,context_grounded_dynamic,text,context_visual,Q3,0.3510917127132416,0.3477027416229248,0.294528603553772,0.41201192140579224,0.43568602204322815,28452,1.0728306770324707,True
Grocery,42,context_grounded_dynamic,text,context_visual,Q4,0.34756284952163696,0.34542015194892883,0.29040518403053284,0.4085194766521454,0.4317750632762909,28452,1.0747698545455933,True
Grocery,42,context_grounded_dynamic,text,context_visual,Q5,0.33319351077079773,0.33488380908966064,0.2585982382297516,0.4019297659397125,0.4234074056148529,28452,1.0750081539154053,True
Grocery,42,context_grounded_dynamic,visual,pair_other_modality,ALL,0.311031311750412,0.3046165108680725,0.20207034051418304,0.4319823384284973,0.47390496730804443,142262,1.0724496841430664,True
Grocery,42,context_grounded_dynamic,visual,pair_other_modality,Q1,0.3036249279975891,0.301520973443985,0.2035781443119049,0.40582165122032166,0.43886956572532654,28453,1.0769450664520264,True
Grocery,42,context_grounded_dynamic,visual,pair_other_modality,Q2,0.30301111936569214,0.2985551953315735,0.1933150440454483,0.4195719063282013,0.4559905230998993,28453,1.073176622390747,True
Grocery,42,context_grounded_dynamic,visual,pair_other_modality,Q3,0.3125590682029724,0.30566835403442383,0.1973402500152588,0.4400169849395752,0.48077017068862915,28452,1.071650505065918,True
Grocery,42,context_grounded_dynamic,visual,pair_other_modality,Q4,0.318003386259079,0.3072015643119812,0.20351441204547882,0.454306423664093,0.4951988458633423,28452,1.0702513456344604,True
Grocery,42,context_grounded_dynamic,visual,pair_other_modality,Q5,0.31795862317085266,0.3101903796195984,0.21190114319324493,0.4416544735431671,0.48958832025527954,28452,1.0702247619628906,True
Grocery,42,context_grounded_dynamic,visual,context_text,ALL,0.35738155245780945,0.3535769581794739,0.26527246832847595,0.45349571108818054,0.4893872141838074,142262,1.0724496841430664,True
Grocery,42,context_grounded_dynamic,visual,context_text,Q1,0.3633696734905243,0.3599627614021301,0.2865924537181854,0.4446657598018646,0.4731350243091583,28453,1.0769450664520264,True
Grocery,42,context_grounded_dynamic,visual,context_text,Q2,0.36041462421417236,0.35674849152565,0.27424266934394836,0.4504657983779907,0.48063981533050537,28453,1.073176622390747,True
Grocery,42,context_grounded_dynamic,visual,context_text,Q3,0.35456034541130066,0.3498751223087311,0.2633182406425476,0.45247313380241394,0.4873809516429901,28452,1.071650505065918,True
Grocery,42,context_grounded_dynamic,visual,context_text,Q4,0.35351425409317017,0.3498663902282715,0.2532079219818115,0.4571995139122009,0.49506676197052,28452,1.0702513456344604,True
Grocery,42,context_grounded_dynamic,visual,context_text,Q5,0.35504841804504395,0.3489125072956085,0.25433117151260376,0.4663923680782318,0.5192232131958008,28452,1.0702247619628906,True
Grocery,42,context_grounded_dynamic,visual,context_visual,ALL,0.33158719539642334,0.332576185464859,0.26885655522346497,0.3937707841396332,0.4102115035057068,142262,1.0724496841430664,True
Grocery,42,context_grounded_dynamic,visual,context_visual,Q1,0.3330053985118866,0.3325846791267395,0.2791176736354828,0.3885946273803711,0.40532755851745605,28453,1.0769450664520264,True
Grocery,42,context_grounded_dynamic,visual,context_visual,Q2,0.3365743160247803,0.3361906409263611,0.27748796343803406,0.39601200819015503,0.41281750798225403,28453,1.073176622390747,True
Grocery,42,context_grounded_dynamic,visual,context_visual,Q3,0.33288058638572693,0.33318978548049927,0.27085191011428833,0.39494627714157104,0.41178008913993835,28452,1.071650505065918,True
Grocery,42,context_grounded_dynamic,visual,context_visual,Q4,0.328482449054718,0.3294358551502228,0.26386722922325134,0.39230549335479736,0.4095202386379242,28452,1.0702513456344604,True
Grocery,42,context_grounded_dynamic,visual,context_visual,Q5,0.3269929587841034,0.33048734068870544,0.25655442476272583,0.3958786129951477,0.4117422103881836,28452,1.0702247619628906,True
Grocery,43,global_grounded_dynamic,text,pair_other_modality,ALL,0.3190584182739258,0.3192330598831177,0.28976762294769287,0.3480532169342041,0.35636958479881287,142262,1.0966699123382568,False
Grocery,43,global_grounded_dynamic,text,pair_other_modality,Q1,0.3156598210334778,0.3159465491771698,0.2859158515930176,0.34498217701911926,0.35327237844467163,28453,1.0963969230651855,False
Grocery,43,global_grounded_dynamic,text,pair_other_modality,Q2,0.3170293867588043,0.3172628879547119,0.28764721751213074,0.3455674946308136,0.35386478900909424,28453,1.0965567827224731,False
Grocery,43,global_grounded_dynamic,text,pair_other_modality,Q3,0.31824710965156555,0.31859856843948364,0.2891670763492584,0.34706565737724304,0.35528260469436646,28452,1.0966434478759766,False
Grocery,43,global_grounded_dynamic,text,pair_other_modality,Q4,0.3194483518600464,0.31944262981414795,0.29063019156455994,0.3479446768760681,0.3560904562473297,28452,1.0967419147491455,False
Grocery,43,global_grounded_dynamic,text,pair_other_modality,Q5,0.324907511472702,0.32473108172416687,0.29696208238601685,0.35318049788475037,0.3616558313369751,28452,1.0970104932785034,False
Grocery,43,global_grounded_dynamic,text,context_text,ALL,0.3408616781234741,0.34067410230636597,0.3233601152896881,0.3585626184940338,0.36405161023139954,142262,1.0966699123382568,False
Grocery,43,global_grounded_dynamic,text,context_text,Q1,0.3407838046550751,0.3405938744544983,0.32346445322036743,0.358197957277298,0.3635408878326416,28453,1.0963969230651855,False
Grocery,43,global_grounded_dynamic,text,context_text,Q2,0.34093162417411804,0.3407173156738281,0.32369473576545715,0.3583531081676483,0.3640373647212982,28453,1.0965567827224731,False
Grocery,43,global_grounded_dynamic,text,context_text,Q3,0.34085574746131897,0.3407284617424011,0.32363224029541016,0.3584938049316406,0.3638983368873596,28452,1.0966434478759766,False
Grocery,43,global_grounded_dynamic,text,context_text,Q4,0.3410729169845581,0.3409154415130615,0.3235558867454529,0.3586552143096924,0.3640080392360687,28452,1.0967419147491455,False
Grocery,43,global_grounded_dynamic,text,context_text,Q5,0.34066441655158997,0.3403606116771698,0.32254013419151306,0.3590541481971741,0.3647761642932892,28452,1.0970104932785034,False
Grocery,43,global_grounded_dynamic,text,context_visual,ALL,0.3400799036026001,0.33976563811302185,0.3203293979167938,0.36027562618255615,0.3664197027683258,142262,1.0966699123382568,False
Grocery,43,global_grounded_dynamic,text,context_visual,Q1,0.34355634450912476,0.34315240383148193,0.3240540325641632,0.36346665024757385,0.3697691857814789,28453,1.0963969230651855,False
Grocery,43,global_grounded_dynamic,text,context_visual,Q2,0.3420390188694,0.3416721224784851,0.322710245847702,0.36188575625419617,0.3680993914604187,28453,1.0965567827224731,False
Grocery,43,global_grounded_dynamic,text,context_visual,Q3,0.34089720249176025,0.34069889783859253,0.32146546244621277,0.3606313467025757,0.366572767496109,28452,1.0966434478759766,False
Grocery,43,global_grounded_dynamic,text,context_visual,Q4,0.3394787311553955,0.3391915559768677,0.320206880569458,0.3593696355819702,0.36514151096343994,28452,1.0967419147491455,False
Grocery,43,global_grounded_dynamic,text,context_visual,Q5,0.334428071975708,0.33406752347946167,0.31540241837501526,0.3536404073238373,0.3599216043949127,28452,1.0970104932785034,False
Grocery,43,global_grounded_dynamic,visual,pair_other_modality,ALL,0.3181836009025574,0.31783735752105713,0.28988879919052124,0.3468169569969177,0.3557509481906891,142262,1.0965232849121094,False
Grocery,43,global_grounded_dynamic,visual,pair_other_modality,Q1,0.31737861037254333,0.316984087228775,0.2892965078353882,0.345601350069046,0.35426053404808044,28453,1.0965131521224976,False
Grocery,43,global_grounded_dynamic,visual,pair_other_modality,Q2,0.31775134801864624,0.31707412004470825,0.2901234030723572,0.34626731276512146,0.355192631483078,28453,1.096530556678772,False
Grocery,43,global_grounded_dynamic,visual,pair_other_modality,Q3,0.31748640537261963,0.31722909212112427,0.2894229292869568,0.3460199534893036,0.3549520969390869,28452,1.0964722633361816,False
Grocery,43,global_grounded_dynamic,visual,pair_other_modality,Q4,0.31746533513069153,0.3173293173313141,0.289215624332428,0.34569668769836426,0.35442742705345154,28452,1.0964641571044922,False
Grocery,43,global_grounded_dynamic,visual,pair_other_modality,Q5,0.3208363354206085,0.32071393728256226,0.29173940420150757,0.35019153356552124,0.3593289852142334,28452,1.0966362953186035,False
Grocery,43,global_grounded_dynamic,visual,context_text,ALL,0.3353232145309448,0.33546751737594604,0.31608814001083374,0.35430580377578735,0.3599488437175751,142262,1.0965232849121094,False
Grocery,43,global_grounded_dynamic,visual,context_text,Q1,0.33530721068382263,0.33553969860076904,0.3165160119533539,0.353890061378479,0.3593672811985016,28453,1.0965131521224976,False
Grocery,43,global_grounded_dynamic,visual,context_text,Q2,0.3348701000213623,0.33513468503952026,0.3158112168312073,0.3536131978034973,0.3588554859161377,28453,1.096530556678772,False
Grocery,43,global_grounded_dynamic,visual,context_text,Q3,0.335087388753891,0.33509859442710876,0.31583651900291443,0.35424908995628357,0.3600924015045166,28452,1.0964722633361816,False
Grocery,43,global_grounded_dynamic,visual,context_text,Q4,0.3358071744441986,0.3358977735042572,0.31642070412635803,0.355106920003891,0.36103230714797974,28452,1.0964641571044922,False
Grocery,43,global_grounded_dynamic,visual,context_text,Q5,0.3355441689491272,0.33566850423812866,0.31591591238975525,0.35475075244903564,0.36029332876205444,28452,1.0966362953186035,False
Grocery,43,global_grounded_dynamic,visual,context_visual,ALL,0.3464932143688202,0.34620290994644165,0.3275401294231415,0.36579450964927673,0.3718166947364807,142262,1.0965232849121094,False
Grocery,43,global_grounded_dynamic,visual,context_visual,Q1,0.34731411933898926,0.3472079634666443,0.32929447293281555,0.3656749129295349,0.37086591124534607,28453,1.0965131521224976,False
Grocery,43,global_grounded_dynamic,visual,context_visual,Q2,0.34737855195999146,0.34719839692115784,0.32901909947395325,0.36582380533218384,0.37128952145576477,28453,1.096530556678772,False
Grocery,43,global_grounded_dynamic,visual,context_visual,Q3,0.3474262058734894,0.34723448753356934,0.32867082953453064,0.36637192964553833,0.37224116921424866,28452,1.0964722633361816,False
Grocery,43,global_grounded_dynamic,visual,context_visual,Q4,0.34672749042510986,0.34629136323928833,0.32765495777130127,0.36638757586479187,0.37282729148864746,28452,1.0964641571044922,False
Grocery,43,global_grounded_dynamic,visual,context_visual,Q5,0.3436194658279419,0.3429186940193176,0.32391971349716187,0.3641383945941925,0.3722788691520691,28452,1.0966362953186035,False
Grocery,43,pair_grounded_dynamic,text,pair_other_modality,ALL,0.3272095322608948,0.318121075630188,0.19365209341049194,0.47199928760528564,0.5208069086074829,142262,1.0712841749191284,True
Grocery,43,pair_grounded_dynamic,text,pair_other_modality,Q1,0.34253203868865967,0.327505886554718,0.20072466135025024,0.5070891380310059,0.5603687167167664,28453,1.066836953163147,True
Grocery,43,pair_grounded_dynamic,text,pair_other_modality,Q2,0.3224426507949829,0.309647798538208,0.19475111365318298,0.47023805975914,0.520016610622406,28453,1.0716075897216797,True
Grocery,43,pair_grounded_dynamic,text,pair_other_modality,Q3,0.3206733465194702,0.31027764081954956,0.1942170262336731,0.4613562226295471,0.5079270601272583,28452,1.0731593370437622,True
Grocery,43,pair_grounded_dynamic,text,pair_other_modality,Q4,0.31874749064445496,0.31094685196876526,0.18688908219337463,0.45748305320739746,0.4989580512046814,28452,1.072575330734253,True
Grocery,43,pair_grounded_dynamic,text,pair_other_modality,Q5,0.33165162801742554,0.33312612771987915,0.18902669847011566,0.4663100838661194,0.5097875595092773,28452,1.072242259979248,True
Grocery,43,pair_grounded_dynamic,text,context_text,ALL,0.3347548544406891,0.33940428495407104,0.2625940442085266,0.40109243988990784,0.41635918617248535,142262,1.0712841749191284,True
Grocery,43,pair_grounded_dynamic,text,context_text,Q1,0.327163428068161,0.33477890491485596,0.24525147676467896,0.39765870571136475,0.41150563955307007,28453,1.066836953163147,True
Grocery,43,pair_grounded_dynamic,text,context_text,Q2,0.3371065855026245,0.3436571955680847,0.2637249827384949,0.40059301257133484,0.4131423830986023,28453,1.0716075897216797,True
Grocery,43,pair_grounded_dynamic,text,context_text,Q3,0.33799993991851807,0.3432554602622986,0.2678709626197815,0.4008626639842987,0.4134214222431183,28452,1.0731593370437622,True
Grocery,43,pair_grounded_dynamic,text,context_text,Q4,0.33895567059516907,0.34300464391708374,0.26990947127342224,0.40443363785743713,0.4204486608505249,28452,1.072575330734253,True
Grocery,43,pair_grounded_dynamic,text,context_text,Q5,0.33254867792129517,0.33189481496810913,0.26560962200164795,0.40337079763412476,0.426398903131485,28452,1.072242259979248,True
Grocery,43,pair_grounded_dynamic,text,context_visual,ALL,0.3380356729030609,0.3424670398235321,0.2653449773788452,0.4053139388561249,0.42134609818458557,142262,1.0712841749191284,True
Grocery,43,pair_grounded_dynamic,text,context_visual,Q1,0.3303045332431793,0.3377295732498169,0.24752464890480042,0.4017184376716614,0.4161491096019745,28453,1.066836953163147,True
Grocery,43,pair_grounded_dynamic,text,context_visual,Q2,0.3404507339000702,0.34687086939811707,0.2662593126296997,0.40494197607040405,0.41814836859703064,28453,1.0716075897216797,True
Grocery,43,pair_grounded_dynamic,text,context_visual,Q3,0.3413267433643341,0.3465588092803955,0.27064788341522217,0.40492668747901917,0.4181477725505829,28452,1.0731593370437622,True
Grocery,43,pair_grounded_dynamic,text,context_visual,Q4,0.342296838760376,0.34600380063056946,0.2726580500602722,0.4087122082710266,0.42537179589271545,28452,1.072575330734253,True
Grocery,43,pair_grounded_dynamic,text,context_visual,Q5,0.3357996642589569,0.3348548710346222,0.26828548312187195,0.407571405172348,0.43187007308006287,28452,1.072242259979248,True
Grocery,43,pair_grounded_dynamic,visual,pair_other_modality,ALL,0.3330724835395813,0.3281251788139343,0.21146449446678162,0.4609123468399048,0.4991637170314789,142262,1.077600121498108,True
Grocery,43,pair_grounded_dynamic,visual,pair_other_modality,Q1,0.3102944791316986,0.30590254068374634,0.19999822974205017,0.4247758090496063,0.4634832441806793,28453,1.079315185546875,True
Grocery,43,pair_grounded_dynamic,visual,pair_other_modality,Q2,0.32963407039642334,0.32420459389686584,0.2097284495830536,0.4558681547641754,0.4967906177043915,28453,1.0773699283599854,True
Grocery,43,pair_grounded_dynamic,visual,pair_other_modality,Q3,0.3366565406322479,0.33267658948898315,0.20854312181472778,0.4690310060977936,0.5086274147033691,28452,1.0757172107696533,True
Grocery,43,pair_grounded_dynamic,visual,pair_other_modality,Q4,0.3406144082546234,0.3373042941093445,0.21151714026927948,0.474756121635437,0.5093411803245544,28452,1.0759272575378418,True
Grocery,43,pair_grounded_dynamic,visual,pair_other_modality,Q5,0.34816402196884155,0.34401917457580566,0.23290503025054932,0.46817055344581604,0.5017955899238586,28452,1.079670786857605,True
Grocery,43,pair_grounded_dynamic,visual,context_text,ALL,0.3330078125,0.3354284465312958,0.26921987533569336,0.3936387300491333,0.4083222448825836,142262,1.077600121498108,True
Grocery,43,pair_grounded_dynamic,visual,context_text,Q1,0.34446772933006287,0.3466196656227112,0.2872832119464874,0.39981362223625183,0.41258570551872253,28453,1.079315185546875,True
Grocery,43,pair_grounded_dynamic,visual,context_text,Q2,0.3346010744571686,0.33716505765914917,0.271404504776001,0.3943556249141693,0.41009721159935,28453,1.0773699283599854,True
Grocery,43,pair_grounded_dynamic,visual,context_text,Q3,0.33112525939941406,0.3330022990703583,0.26511532068252563,0.3950954079627991,0.4095294773578644,28452,1.0757172107696533,True
Grocery,43,pair_grounded_dynamic,visual,context_text,Q4,0.3292049169540405,0.3307678699493408,0.26227709650993347,0.39359867572784424,0.40807950496673584,28452,1.0759272575378418,True
Grocery,43,pair_grounded_dynamic,visual,context_text,Q5,0.32563963532447815,0.3278070092201233,0.26535335183143616,0.3835631310939789,0.3980124592781067,28452,1.079670786857605,True
Grocery,43,pair_grounded_dynamic,visual,context_visual,ALL,0.3339196443557739,0.3363719582557678,0.26985374093055725,0.39480939507484436,0.4093863368034363,142262,1.077600121498108,True
Grocery,43,pair_grounded_dynamic,visual,context_visual,Q1,0.34523776173591614,0.3475279211997986,0.287986159324646,0.40022364258766174,0.4127410352230072,28453,1.079315185546875,True
Grocery,43,pair_grounded_dynamic,visual,context_visual,Q2,0.33576488494873047,0.33855170011520386,0.2724860906600952,0.3959945738315582,0.4114691913127899,28453,1.0773699283599854,True
Grocery,43,pair_grounded_dynamic,visual,context_visual,Q3,0.3322181701660156,0.33418238162994385,0.26582247018814087,0.3964206576347351,0.4112308919429779,28452,1.0757172107696533,True
Grocery,43,pair_grounded_dynamic,visual,context_visual,Q4,0.33018067479133606,0.33187469840049744,0.2628701329231262,0.39486637711524963,0.40964680910110474,28452,1.0759272575378418,True
Grocery,43,pair_grounded_dynamic,visual,context_visual,Q5,0.3261963427066803,0.3280724585056305,0.2662261426448822,0.38370436429977417,0.39901891350746155,28452,1.079670786857605,True
Grocery,43,context_grounded_static,text,pair_other_modality,ALL,0.32233890891075134,0.3136242926120758,0.13582128286361694,0.5143238306045532,0.5775673389434814,142262,1.040816068649292,True
Grocery,43,context_grounded_static,text,pair_other_modality,Q1,0.35047417879104614,0.33362340927124023,0.1893884539604187,0.5385057926177979,0.6084796190261841,28453,1.0524072647094727,True
Grocery,43,context_grounded_static,text,pair_other_modality,Q2,0.33589473366737366,0.32372742891311646,0.15795758366584778,0.5292196869850159,0.5988966226577759,28453,1.0448694229125977,True
Grocery,43,context_grounded_static,text,pair_other_modality,Q3,0.3250984251499176,0.31694310903549194,0.14178426563739777,0.5135869979858398,0.579947292804718,28452,1.041369915008545,True
Grocery,43,context_grounded_static,text,pair_other_modality,Q4,0.31665340065956116,0.31143876910209656,0.12760420143604279,0.5069868564605713,0.5607495307922363,28452,1.0381032228469849,True
Grocery,43,context_grounded_static,text,pair_other_modality,Q5,0.2835722863674164,0.26673030853271484,0.09778439253568649,0.49146902561187744,0.5396631360054016,28452,1.0273300409317017,True
Grocery,43,context_grounded_static,text,context_text,ALL,0.3498304784297943,0.3472340404987335,0.23901095986366272,0.46675050258636475,0.5038020610809326,142262,1.040816068649292,True
Grocery,43,context_grounded_static,text,context_text,Q1,0.3349436819553375,0.33709806203842163,0.2373921275138855,0.428905189037323,0.4581831693649292,28453,1.0524072647094727,True
Grocery,43,context_grounded_static,text,context_text,Q2,0.3461698293685913,0.34495094418525696,0.2376658320426941,0.455914705991745,0.4904855489730835,28453,1.0448694229125977,True
Grocery,43,context_grounded_static,text,context_text,Q3,0.3502119183540344,0.34713801741600037,0.23966701328754425,0.46736621856689453,0.5036470293998718,28452,1.041369915008545,True
Grocery,43,context_grounded_static,text,context_text,Q4,0.3502275347709656,0.34776929020881653,0.23660674691200256,0.4702628254890442,0.506293773651123,28452,1.0381032228469849,True
Grocery,43,context_grounded_static,text,context_text,Q5,0.3676000237464905,0.36345553398132324,0.24505145847797394,0.5014898777008057,0.5309678316116333,28452,1.0273300409317017,True
Grocery,43,context_grounded_static,text,context_visual,ALL,0.32783061265945435,0.324806809425354,0.22173380851745605,0.4405854046344757,0.4839250147342682,142262,1.040816068649292,True
Grocery,43,context_grounded_static,text,context_visual,Q1,0.31458213925361633,0.3214558959007263,0.2116755098104477,0.4036182463169098,0.4301433265209198,28453,1.0524072647094727,True
Grocery,43,context_grounded_static,text,context_visual,Q2,0.31793543696403503,0.3202414810657501,0.21208235621452332,0.41739481687545776,0.44947052001953125,28453,1.0448694229125977,True
Grocery,43,context_grounded_static,text,context_visual,Q3,0.32468968629837036,0.3227042853832245,0.2187303751707077,0.43478959798812866,0.47092822194099426,28452,1.041369915008545,True
Grocery,43,context_grounded_static,text,context_visual,Q4,0.33311906456947327,0.32510361075401306,0.22666534781455994,0.4569665789604187,0.49546781182289124,28452,1.0381032228469849,True
Grocery,43,context_grounded_static,text,context_visual,Q5,0.34882768988609314,0.3369881808757782,0.23854680359363556,0.4922812283039093,0.5192593336105347,28452,1.0273300409317017,True
Grocery,43,context_grounded_static,visual,pair_other_modality,ALL,0.30338844656944275,0.29832935333251953,0.1710626780986786,0.4398714005947113,0.48608630895614624,142262,1.0655750036239624,True
Grocery,43,context_grounded_static,visual,pair_other_modality,Q1,0.32066893577575684,0.3141765594482422,0.20941472053527832,0.4386925995349884,0.4823245406150818,28453,1.0763096809387207,True
Grocery,43,context_grounded_static,visual,pair_other_modality,Q2,0.3113279342651367,0.30464664101600647,0.18733330070972443,0.441890150308609,0.4907240867614746,28453,1.0704518556594849,True
Grocery,43,context_grounded_static,visual,pair_other_modality,Q3,0.3004775941371918,0.2935301661491394,0.17226390540599823,0.4368564784526825,0.48700278997421265,28452,1.0665277242660522,True
Grocery,43,context_grounded_static,visual,pair_other_modality,Q4,0.29045817255973816,0.2823698818683624,0.1564028561115265,0.43336617946624756,0.48475757241249084,28452,1.0606253147125244,True
Grocery,43,context_grounded_static,visual,pair_other_modality,Q5,0.294008731842041,0.29196977615356445,0.1367441713809967,0.4464108347892761,0.4860217571258545,28452,1.053959846496582,True
Grocery,43,context_grounded_static,visual,context_text,ALL,0.357011079788208,0.35249394178390503,0.2663523256778717,0.4568991959095001,0.4958101809024811,142262,1.0655750036239624,True
Grocery,43,context_grounded_static,visual,context_text,Q1,0.33591264486312866,0.3367776572704315,0.26067742705345154,0.40966033935546875,0.43393078446388245,28453,1.0763096809387207,True
Grocery,43,context_grounded_static,visual,context_text,Q2,0.3463691473007202,0.3453472852706909,0.2621137797832489,0.4331020414829254,0.4614522159099579,28453,1.0704518556594849,True
Grocery,43,context_grounded_static,visual,context_text,Q3,0.35722050070762634,0.35462385416030884,0.266788512468338,0.4525337219238281,0.4848797023296356,28452,1.0665277242660522,True
Grocery,43,context_grounded_static,visual,context_text,Q4,0.3681016266345978,0.36398205161094666,0.2712630033493042,0.4747081995010376,0.5123494863510132,28452,1.0606253147125244,True
Grocery,43,context_grounded_static,visual,context_text,Q5,0.37745243310928345,0.3691405653953552,0.2725193202495575,0.5033913850784302,0.5316545963287354,28452,1.053959846496582,True
Grocery,43,context_grounded_static,visual,context_visual,ALL,0.33960050344467163,0.3424854278564453,0.2708326578140259,0.40362846851348877,0.4207442104816437,142262,1.0655750036239624,True
Grocery,43,context_grounded_static,visual,context_visual,Q1,0.3434184193611145,0.3448423445224762,0.2846399247646332,0.40060558915138245,0.417072594165802,28453,1.0763096809387207,True
Grocery,43,context_grounded_static,visual,context_visual,Q2,0.34230291843414307,0.3441165089607239,0.27836254239082336,0.40370622277259827,0.4199647009372711,28453,1.0704518556594849,True
Grocery,43,context_grounded_static,visual,context_visual,Q3,0.3423019051551819,0.3453376293182373,0.2767036259174347,0.40326201915740967,0.4197547733783722,28452,1.0665277242660522,True
Grocery,43,context_grounded_static,visual,context_visual,Q4,0.34144023060798645,0.3447551131248474,0.2731224596500397,0.40477052330970764,0.4213399887084961,28452,1.0606253147125244,True
Grocery,43,context_grounded_static,visual,context_visual,Q5,0.32853883504867554,0.3296326696872711,0.2510528564453125,0.4061048924922943,0.4250414967536926,28452,1.053959846496582,True
Grocery,43,context_grounded_dynamic,text,pair_other_modality,ALL,0.25789138674736023,0.24625757336616516,0.12023020535707474,0.4121279716491699,0.46584078669548035,142262,1.0126584768295288,True
Grocery,43,context_grounded_dynamic,text,pair_other_modality,Q1,0.2860706150531769,0.27575913071632385,0.15257298946380615,0.4342329502105713,0.4809386730194092,28453,1.035751223564148,True
Grocery,43,context_grounded_dynamic,text,pair_other_modality,Q2,0.2654484510421753,0.25329285860061646,0.13082045316696167,0.41817161440849304,0.46850305795669556,28453,1.0205210447311401,True
Grocery,43,context_grounded_dynamic,text,pair_other_modality,Q3,0.262080579996109,0.24922166764736176,0.12337365001440048,0.4176114499568939,0.46923595666885376,28452,1.0146414041519165,True
Grocery,43,context_grounded_dynamic,text,pair_other_modality,Q4,0.2526092231273651,0.24058586359024048,0.11133511364459991,0.4081273078918457,0.46619901061058044,28452,1.008177399635315,True
Grocery,43,context_grounded_dynamic,text,pair_other_modality,Q5,0.2232467234134674,0.20614507794380188,0.10069511085748672,0.3578534722328186,0.42464566230773926,28452,0.9842004179954529,True
Grocery,43,context_grounded_dynamic,text,context_text,ALL,0.4791197180747986,0.47488611936569214,0.3618532419204712,0.6079089045524597,0.6385698318481445,142262,1.0126584768295288,True
Grocery,43,context_grounded_dynamic,text,context_text,Q1,0.44872257113456726,0.44987720251083374,0.34164124727249146,0.5540072321891785,0.5837669372558594,28453,1.035751223564148,True
Grocery,43,context_grounded_dynamic,text,context_text,Q2,0.4719807803630829,0.47124725580215454,0.3606257438659668,0.5856251120567322,0.6169367432594299,28453,1.0205210447311401,True
Grocery,43,context_grounded_dynamic,text,context_text,Q3,0.47665321826934814,0.47280484437942505,0.3639376163482666,0.5997267365455627,0.6289517879486084,28452,1.0146414041519165,True
Grocery,43,context_grounded_dynamic,text,context_text,Q4,0.4819866716861725,0.4740073084831238,0.36627447605133057,0.6148661971092224,0.6445568799972534,28452,1.008177399635315,True
Grocery,43,context_grounded_dynamic,text,context_text,Q5,0.5162566304206848,0.5235206484794617,0.3853784203529358,0.6458511352539062,0.6683661937713623,28452,0.9842004179954529,True
Grocery,43,context_grounded_dynamic,text,context_visual,ALL,0.2629888951778412,0.26264941692352295,0.18791425228118896,0.33841174840927124,0.36026230454444885,142262,1.0126584768295288,True
Grocery,43,context_grounded_dynamic,text,context_visual,Q1,0.26520681381225586,0.2663637399673462,0.19449737668037415,0.3342895805835724,0.35213255882263184,28453,1.035751223564148,True
Grocery,43,context_grounded_dynamic,text,context_visual,Q2,0.26257070899009705,0.26232022047042847,0.1915024369955063,0.3335382342338562,0.3552301228046417,28453,1.0205210447311401,True
Grocery,43,context_grounded_dynamic,text,context_visual,Q3,0.26126617193222046,0.2612447142601013,0.18824748694896698,0.3341726064682007,0.3565056622028351,28452,1.0146414041519165,True
Grocery,43,context_grounded_dynamic,text,context_visual,Q4,0.2654041349887848,0.2649599313735962,0.18981656432151794,0.34371981024742126,0.3665614724159241,28452,1.008177399635315,True
Grocery,43,context_grounded_dynamic,text,context_visual,Q5,0.2604966163635254,0.25781476497650146,0.17943386733531952,0.3473217189311981,0.3682510554790497,28452,0.9842004179954529,True
Grocery,43,context_grounded_dynamic,visual,pair_other_modality,ALL,0.25072771310806274,0.24754860997200012,0.1735966056585312,0.3307189345359802,0.3562246263027191,142262,1.069709062576294,True
Grocery,43,context_grounded_dynamic,visual,pair_other_modality,Q1,0.25404390692710876,0.2476188689470291,0.18319463729858398,0.3321182429790497,0.36271294951438904,28453,1.072509765625,True
Grocery,43,context_grounded_dynamic,visual,pair_other_modality,Q2,0.2482755333185196,0.24498987197875977,0.17264144122600555,0.32648345828056335,0.3529815673828125,28453,1.0695749521255493,True
Grocery,43,context_grounded_dynamic,visual,pair_other_modality,Q3,0.24506628513336182,0.24239300191402435,0.1673569232225418,0.32460325956344604,0.3490970730781555,28452,1.0676567554473877,True
Grocery,43,context_grounded_dynamic,visual,pair_other_modality,Q4,0.24474705755710602,0.24232134222984314,0.16590389609336853,0.326175332069397,0.3489554524421692,28452,1.067112922668457,True
Grocery,43,context_grounded_dynamic,visual,pair_other_modality,Q5,0.26150575280189514,0.2616595923900604,0.18012751638889313,0.3418842554092407,0.36568912863731384,28452,1.0716910362243652,True
Grocery,43,context_grounded_dynamic,visual,context_text,ALL,0.3925095200538635,0.39189988374710083,0.3375190198421478,0.44940876960754395,0.4664444327354431,142262,1.069709062576294,True
Grocery,43,context_grounded_dynamic,visual,context_text,Q1,0.3846810758113861,0.3863583207130432,0.3302452266216278,0.4380739629268646,0.4543561041355133,28453,1.072509765625,True
Grocery,43,context_grounded_dynamic,visual,context_text,Q2,0.3902270793914795,0.389616996049881,0.33647972345352173,0.4461915194988251,0.46391233801841736,28453,1.0695749521255493,True
Grocery,43,context_grounded_dynamic,visual,context_text,Q3,0.39417949318885803,0.3928006589412689,0.3391422927379608,0.4510461986064911,0.47028395533561707,28452,1.0676567554473877,True
Grocery,43,context_grounded_dynamic,visual,context_text,Q4,0.3965698182582855,0.3946942985057831,0.3424234688282013,0.4534602761268616,0.4714485704898834,28452,1.067112922668457,True
Grocery,43,context_grounded_dynamic,visual,context_text,Q5,0.3968905806541443,0.3973969519138336,0.33930373191833496,0.45525574684143066,0.46882009506225586,28452,1.0716910362243652,True
Grocery,43,context_grounded_dynamic,visual,context_visual,ALL,0.35676273703575134,0.35774749517440796,0.3099076747894287,0.4000239968299866,0.41200679540634155,142262,1.069709062576294,True
Grocery,43,context_grounded_dynamic,visual,context_visual,Q1,0.3612750172615051,0.36112040281295776,0.3230663537979126,0.39916181564331055,0.41079530119895935,28453,1.072509765625,True
Grocery,43,context_grounded_dynamic,visual,context_visual,Q2,0.3614974021911621,0.3614034056663513,0.32161659002304077,0.4011525511741638,0.413096159696579,28453,1.0695749521255493,True
Grocery,43,context_grounded_dynamic,visual,context_visual,Q3,0.3607541620731354,0.3607807755470276,0.3189224898815155,0.40182602405548096,0.41333305835723877,28452,1.0676567554473877,True
Grocery,43,context_grounded_dynamic,visual,context_visual,Q4,0.35868316888809204,0.3596682548522949,0.3123971223831177,0.4020344316959381,0.4142768085002899,28452,1.067112922668457,True
Grocery,43,context_grounded_dynamic,visual,context_visual,Q5,0.34160369634628296,0.34197568893432617,0.2895681858062744,0.39434051513671875,0.4082302451133728,28452,1.0716910362243652,True
Grocery,44,global_grounded_dynamic,text,pair_other_modality,ALL,0.31604161858558655,0.31537073850631714,0.28463247418403625,0.3482286036014557,0.35793522000312805,142262,1.0960923433303833,False
Grocery,44,global_grounded_dynamic,text,pair_other_modality,Q1,0.32180681824684143,0.3210172653198242,0.2905562222003937,0.3539775013923645,0.3642427921295166,28453,1.0964667797088623,False
Grocery,44,global_grounded_dynamic,text,pair_other_modality,Q2,0.31842342019081116,0.3180968761444092,0.2871730327606201,0.349910706281662,0.3592236042022705,28453,1.0963397026062012,False
Grocery,44,global_grounded_dynamic,text,pair_other_modality,Q3,0.3158237040042877,0.31538981199264526,0.28544166684150696,0.34706470370292664,0.356514573097229,28452,1.0962070226669312,False
Grocery,44,global_grounded_dynamic,text,pair_other_modality,Q4,0.31384825706481934,0.3130881190299988,0.2832118570804596,0.3451944589614868,0.3549850285053253,28452,1.0960074663162231,False
Grocery,44,global_grounded_dynamic,text,pair_other_modality,Q5,0.3103056252002716,0.30884069204330444,0.27988120913505554,0.3428053855895996,0.352236807346344,28452,1.0954407453536987,False
Grocery,44,global_grounded_dynamic,text,context_text,ALL,0.3369818925857544,0.3368368148803711,0.31568408012390137,0.3586007058620453,0.36511871218681335,142262,1.0960923433303833,False
Grocery,44,global_grounded_dynamic,text,context_text,Q1,0.33331382274627686,0.3335403800010681,0.3120722472667694,0.3543723225593567,0.36037275195121765,28453,1.0964667797088623,False
Grocery,44,global_grounded_dynamic,text,context_text,Q2,0.335490345954895,0.3354056179523468,0.3146165907382965,0.3563668131828308,0.36249056458473206,28453,1.0963397026062012,False
Grocery,44,global_grounded_dynamic,text,context_text,Q3,0.3376845121383667,0.33762603998184204,0.3166482150554657,0.35873472690582275,0.36478957533836365,28452,1.0962070226669312,False
Grocery,44,global_grounded_dynamic,text,context_text,Q4,0.339351087808609,0.33921685814857483,0.3176090717315674,0.3614055812358856,0.3676353394985199,28452,1.0960074663162231,False
Grocery,44,global_grounded_dynamic,text,context_text,Q5,0.3390699625015259,0.33833491802215576,0.31849101185798645,0.36140963435173035,0.36852577328681946,28452,1.0954407453536987,False
Grocery,44,global_grounded_dynamic,text,context_visual,ALL,0.34697648882865906,0.34660765528678894,0.32697418332099915,0.3673388957977295,0.37396490573883057,142262,1.0960923433303833,False
Grocery,44,global_grounded_dynamic,text,context_visual,Q1,0.3448793292045593,0.3448014557361603,0.32487255334854126,0.36472973227500916,0.3706820011138916,28453,1.0964667797088623,False
Grocery,44,global_grounded_dynamic,text,context_visual,Q2,0.3460862934589386,0.3460626006126404,0.32680216431617737,0.3652755916118622,0.3709264397621155,28453,1.0963397026062012,False
Grocery,44,global_grounded_dynamic,text,context_visual,Q3,0.34649181365966797,0.34662798047065735,0.32757049798965454,0.36501702666282654,0.370579332113266,28452,1.0962070226669312,False
Grocery,44,global_grounded_dynamic,text,context_visual,Q4,0.34680071473121643,0.34669220447540283,0.3275400400161743,0.3661510646343231,0.37236058712005615,28452,1.0960074663162231,False
Grocery,44,global_grounded_dynamic,text,context_visual,Q5,0.3506244421005249,0.34918493032455444,0.3283943235874176,0.3751342296600342,0.38320937752723694,28452,1.0954407453536987,False
Grocery,44,global_grounded_dynamic,visual,pair_other_modality,ALL,0.3242938220500946,0.32291901111602783,0.2907283306121826,0.3600325286388397,0.37092646956443787,142262,1.0959149599075317,False
Grocery,44,global_grounded_dynamic,visual,pair_other_modality,Q1,0.3231133222579956,0.3221529722213745,0.28992897272109985,0.3575783669948578,0.3676988184452057,28453,1.0961990356445312,False
Grocery,44,global_grounded_dynamic,visual,pair_other_modality,Q2,0.32318657636642456,0.32197099924087524,0.28926876187324524,0.3584950566291809,0.36957117915153503,28453,1.0960254669189453,False
Grocery,44,global_grounded_dynamic,visual,pair_other_modality,Q3,0.32322588562965393,0.32193541526794434,0.28931817412376404,0.3588516116142273,0.3696252405643463,28452,1.0958298444747925,False
Grocery,44,global_grounded_dynamic,visual,pair_other_modality,Q4,0.32294872403144836,0.3218800127506256,0.2898133099079132,0.357961505651474,0.3686092495918274,28452,1.0957039594650269,False
Grocery,44,global_grounded_dynamic,visual,pair_other_modality,Q5,0.3289945423603058,0.32675814628601074,0.295984148979187,0.36644867062568665,0.3770865201950073,28452,1.0958161354064941,False
Grocery,44,global_grounded_dynamic,visual,context_text,ALL,0.3329131603240967,0.3329561948776245,0.3094634711742401,0.3562626242637634,0.36310839653015137,142262,1.0959149599075317,False
Grocery,44,global_grounded_dynamic,visual,context_text,Q1,0.33779338002204895,0.33762168884277344,0.3155573606491089,0.3600924015045166,0.36669716238975525,28453,1.0961990356445312,False
Grocery,44,global_grounded_dynamic,visual,context_text,Q2,0.33563148975372314,0.33539795875549316,0.3138459324836731,0.3577592968940735,0.3644636869430542,28453,1.0960254669189453,False
Grocery,44,global_grounded_dynamic,visual,context_text,Q3,0.3337743878364563,0.33345872163772583,0.31164708733558655,0.3562893867492676,0.363153874874115,28452,1.0958298444747925,False
Grocery,44,global_grounded_dynamic,visual,context_text,Q4,0.3312109708786011,0.33087435364723206,0.30864396691322327,0.3544113337993622,0.3609388768672943,28452,1.0957039594650269,False
Grocery,44,global_grounded_dynamic,visual,context_text,Q5,0.32615527510643005,0.3262885510921478,0.3000621497631073,0.35119637846946716,0.3578687012195587,28452,1.0958161354064941,False
Grocery,44,global_grounded_dynamic,visual,context_visual,ALL,0.3427930772304535,0.34054338932037354,0.3139807879924774,0.3761182129383087,0.3864375948905945,142262,1.0959149599075317,False
Grocery,44,global_grounded_dynamic,visual,context_visual,Q1,0.33909329771995544,0.3380810618400574,0.31315553188323975,0.3664364814758301,0.37523674964904785,28453,1.0961990356445312,False
Grocery,44,global_grounded_dynamic,visual,context_visual,Q2,0.3411819040775299,0.33966776728630066,0.31308427453041077,0.3719719648361206,0.3821004033088684,28453,1.0960254669189453,False
Grocery,44,global_grounded_dynamic,visual,context_visual,Q3,0.3429996967315674,0.34051811695098877,0.31276756525039673,0.3782350420951843,0.3878837525844574,28452,1.0958298444747925,False
Grocery,44,global_grounded_dynamic,visual,context_visual,Q4,0.3458402752876282,0.34260833263397217,0.3147236108779907,0.38321366906166077,0.3922517001628876,28452,1.0957039594650269,False
Grocery,44,global_grounded_dynamic,visual,context_visual,Q5,0.34485018253326416,0.34225907921791077,0.3168148100376129,0.37887588143348694,0.3885746896266937,28452,1.0958161354064941,False
Grocery,44,pair_grounded_dynamic,text,pair_other_modality,ALL,0.35273000597953796,0.3507953882217407,0.2723246216773987,0.4353299140930176,0.4602120816707611,142262,1.088852047920227,True
Grocery,44,pair_grounded_dynamic,text,pair_other_modality,Q1,0.3778764605522156,0.3762727975845337,0.2986290752887726,0.45836368203163147,0.48142457008361816,28453,1.0859603881835938,True
Grocery,44,pair_grounded_dynamic,text,pair_other_modality,Q2,0.36334720253944397,0.36230969429016113,0.28312310576438904,0.44408053159713745,0.46705594658851624,28453,1.0880073308944702,True
Grocery,44,pair_grounded_dynamic,text,pair_other_modality,Q3,0.3519827425479889,0.35111963748931885,0.27354827523231506,0.430745005607605,0.45522597432136536,28452,1.0893607139587402,True
Grocery,44,pair_grounded_dynamic,text,pair_other_modality,Q4,0.340249627828598,0.3398405909538269,0.26308348774909973,0.4168485701084137,0.44095149636268616,28452,1.090262532234192,True
Grocery,44,pair_grounded_dynamic,text,pair_other_modality,Q5,0.33019277453422546,0.32819315791130066,0.25635820627212524,0.4078369140625,0.4339594542980194,28452,1.0906693935394287,True
Grocery,44,pair_grounded_dynamic,text,context_text,ALL,0.3224174678325653,0.32343024015426636,0.28078848123550415,0.36298424005508423,0.3739786148071289,142262,1.088852047920227,True
Grocery,44,pair_grounded_dynamic,text,context_text,Q1,0.3089121878147125,0.3096874952316284,0.2687975764274597,0.34856969118118286,0.35873186588287354,28453,1.0859603881835938,True
Grocery,44,pair_grounded_dynamic,text,context_text,Q2,0.3167360723018646,0.3172590732574463,0.2762373387813568,0.3570393919944763,0.3678154945373535,28453,1.0880073308944702,True
Grocery,44,pair_grounded_dynamic,text,context_text,Q3,0.32279860973358154,0.3232046961784363,0.2832808494567871,0.36231422424316406,0.37351736426353455,28452,1.0893607139587402,True
Grocery,44,pair_grounded_dynamic,text,context_text,Q4,0.32898345589637756,0.3292589485645294,0.2906064987182617,0.36768192052841187,0.37922725081443787,28452,1.090262532234192,True
Grocery,44,pair_grounded_dynamic,text,context_text,Q5,0.33465778827667236,0.3355708718299866,0.29580482840538025,0.37177932262420654,0.3808165490627289,28452,1.0906693935394287,True
Grocery,44,pair_grounded_dynamic,text,context_visual,ALL,0.32485252618789673,0.3257750868797302,0.28382110595703125,0.36476004123687744,0.37589821219444275,142262,1.088852047920227,True
Grocery,44,pair_grounded_dynamic,text,context_visual,Q1,0.3132113516330719,0.3139963746070862,0.27289560437202454,0.3527458608150482,0.36297327280044556,28453,1.0859603881835938,True
Grocery,44,pair_grounded_dynamic,text,context_visual,Q2,0.319916695356369,0.32040560245513916,0.2795650064945221,0.3600226044654846,0.37094464898109436,28453,1.0880073308944702,True
Grocery,44,pair_grounded_dynamic,text,context_visual,Q3,0.32521864771842957,0.3255513310432434,0.28590071201324463,0.3643650710582733,0.37592703104019165,28452,1.0893607139587402,True
Grocery,44,pair_grounded_dynamic,text,context_visual,Q4,0.3307669162750244,0.33095163106918335,0.29245734214782715,0.3692973554134369,0.38117745518684387,28452,1.090262532234192,True
Grocery,44,pair_grounded_dynamic,text,context_visual,Q5,0.33514946699142456,0.33626800775527954,0.29644346237182617,0.3720245659351349,0.3816097676753998,28452,1.0906693935394287,True
Grocery,44,pair_grounded_dynamic,visual,pair_other_modality,ALL,0.33610212802886963,0.3350510597229004,0.2287592738866806,0.4425628185272217,0.47650113701820374,142262,1.0825939178466797,True
Grocery,44,pair_grounded_dynamic,visual,pair_other_modality,Q1,0.36101964116096497,0.3560948967933655,0.2765542268753052,0.45320433378219604,0.4862425923347473,28453,1.0861862897872925,True
Grocery,44,pair_grounded_dynamic,visual,pair_other_modality,Q2,0.35382866859436035,0.3500227928161621,0.2607133090496063,0.4521753191947937,0.48443588614463806,28453,1.0852360725402832,True
Grocery,44,pair_grounded_dynamic,visual,pair_other_modality,Q3,0.3441515564918518,0.34101441502571106,0.24650748074054718,0.44512125849723816,0.47786569595336914,28452,1.0845087766647339,True
Grocery,44,pair_grounded_dynamic,visual,pair_other_modality,Q4,0.32911568880081177,0.3251808285713196,0.22263599932193756,0.4378322660923004,0.47542938590049744,28452,1.0820473432540894,True
Grocery,44,pair_grounded_dynamic,visual,pair_other_modality,Q5,0.2923935353755951,0.2869234085083008,0.17913085222244263,0.4131072461605072,0.4507632553577423,28452,1.0749905109405518,True
Grocery,44,pair_grounded_dynamic,visual,context_text,ALL,0.33263081312179565,0.33293095231056213,0.27980828285217285,0.3863493502140045,0.40298688411712646,142262,1.0825939178466797,True
Grocery,44,pair_grounded_dynamic,visual,context_text,Q1,0.3202885389328003,0.32277029752731323,0.27445635199546814,0.3620396554470062,0.37320050597190857,28453,1.0861862897872925,True
Grocery,44,pair_grounded_dynamic,visual,context_text,Q2,0.32368630170822144,0.3256034255027771,0.27501988410949707,0.3696167469024658,0.3823789060115814,28453,1.0852360725402832,True
Grocery,44,pair_grounded_dynamic,visual,context_text,Q3,0.3284724950790405,0.3299679160118103,0.2784402668476105,0.376708984375,0.39121267199516296,28452,1.0845087766647339,True
Grocery,44,pair_grounded_dynamic,visual,context_text,Q4,0.3359808027744293,0.33762311935424805,0.28230053186416626,0.38917407393455505,0.40407615900039673,28452,1.0820473432540894,True
Grocery,44,pair_grounded_dynamic,visual,context_text,Q5,0.3547264635562897,0.3573159873485565,0.2945604920387268,0.4118882119655609,0.4223484992980957,28452,1.0749905109405518,True
Grocery,44,pair_grounded_dynamic,visual,context_visual,ALL,0.3312670886516571,0.3319706320762634,0.2774718105792999,0.3851081430912018,0.4012607932090759,142262,1.0825939178466797,True
Grocery,44,pair_grounded_dynamic,visual,context_visual,Q1,0.31869181990623474,0.32106199860572815,0.2721000909805298,0.36162057518959045,0.37295645475387573,28453,1.0861862897872925,True
Grocery,44,pair_grounded_dynamic,visual,context_visual,Q2,0.32248497009277344,0.32438230514526367,0.2727486789226532,0.3697793781757355,0.38221275806427,28453,1.0852360725402832,True
Grocery,44,pair_grounded_dynamic,visual,context_visual,Q3,0.32737597823143005,0.32901349663734436,0.2763004004955292,0.3768073320388794,0.3909008204936981,28452,1.0845087766647339,True
Grocery,44,pair_grounded_dynamic,visual,context_visual,Q4,0.3349034786224365,0.33700308203697205,0.2797664403915405,0.388271689414978,0.40395110845565796,28452,1.0820473432540894,True
Grocery,44,pair_grounded_dynamic,visual,context_visual,Q5,0.35287997126579285,0.35584715008735657,0.29212331771850586,0.40922558307647705,0.41994988918304443,28452,1.0749905109405518,True
Grocery,44,context_grounded_static,text,pair_other_modality,ALL,0.29515737295150757,0.2832893133163452,0.1491508036851883,0.4574897885322571,0.5163793563842773,142262,1.0561424493789673,True
Grocery,44,context_grounded_static,text,pair_other_modality,Q1,0.33494889736175537,0.3226311206817627,0.1806238442659378,0.5079522728919983,0.5675418972969055,28453,1.0598320960998535,True
Grocery,44,context_grounded_static,text,pair_other_modality,Q2,0.29691776633262634,0.28660887479782104,0.15081465244293213,0.45516371726989746,0.5124879479408264,28453,1.0578038692474365,True
Grocery,44,context_grounded_static,text,pair_other_modality,Q3,0.2813704013824463,0.26891642808914185,0.1395999640226364,0.4361990690231323,0.4974757730960846,28452,1.0545181035995483,True
Grocery,44,context_grounded_static,text,pair_other_modality,Q4,0.2722181975841522,0.257114440202713,0.13412266969680786,0.42942366003990173,0.4892973005771637,28452,1.0509858131408691,True
Grocery,44,context_grounded_static,text,pair_other_modality,Q5,0.29033002257347107,0.280512273311615,0.1541571021080017,0.4421583116054535,0.49484309554100037,28452,1.057572364807129,True
Grocery,44,context_grounded_static,text,context_text,ALL,0.3390532433986664,0.33659040927886963,0.25589415431022644,0.42667707800865173,0.4489666521549225,142262,1.0561424493789673,True
Grocery,44,context_grounded_static,text,context_text,Q1,0.332048624753952,0.3340376615524292,0.24432922899723053,0.41656991839408875,0.4412664771080017,28453,1.0598320960998535,True
Grocery,44,context_grounded_static,text,context_text,Q2,0.34287431836128235,0.34226155281066895,0.258646696805954,0.4293106496334076,0.4511772692203522,28453,1.0578038692474365,True
Grocery,44,context_grounded_static,text,context_text,Q3,0.34453120827674866,0.34272301197052,0.2636890113353729,0.43025580048561096,0.45110416412353516,28452,1.0545181035995483,True
Grocery,44,context_grounded_static,text,context_text,Q4,0.34554430842399597,0.3425150513648987,0.2628902196884155,0.4327384829521179,0.454365998506546,28452,1.0509858131408691,True
Grocery,44,context_grounded_static,text,context_text,Q5,0.3302677273750305,0.323552668094635,0.2530571520328522,0.42089515924453735,0.44464248418807983,28452,1.057572364807129,True
Grocery,44,context_grounded_static,text,context_visual,ALL,0.3657894432544708,0.37204140424728394,0.2681117355823517,0.4531790614128113,0.47424623370170593,142262,1.0561424493789673,True
Grocery,44,context_grounded_static,text,context_visual,Q1,0.3330024778842926,0.3380877375602722,0.2372255176305771,0.41937023401260376,0.4412667155265808,28453,1.0598320960998535,True
Grocery,44,context_grounded_static,text,context_visual,Q2,0.3602079153060913,0.36509841680526733,0.2689593732357025,0.44403374195098877,0.4649048149585724,28453,1.0578038692474365,True
Grocery,44,context_grounded_static,text,context_visual,Q3,0.3740983307361603,0.37945085763931274,0.2825736999511719,0.4577232301235199,0.4773295223712921,28452,1.0545181035995483,True
Grocery,44,context_grounded_static,text,context_visual,Q4,0.3822374939918518,0.38888710737228394,0.28843575716018677,0.46644872426986694,0.4860851764678955,28452,1.0509858131408691,True
Grocery,44,context_grounded_static,text,context_visual,Q5,0.3794022500514984,0.3885710835456848,0.27932974696159363,0.4629613757133484,0.48455700278282166,28452,1.057572364807129,True
Grocery,44,context_grounded_static,visual,pair_other_modality,ALL,0.2758910655975342,0.2553476095199585,0.1359882354736328,0.4461970031261444,0.5118858218193054,142262,1.0503873825073242,True
Grocery,44,context_grounded_static,visual,pair_other_modality,Q1,0.3321504294872284,0.31805968284606934,0.1832953691482544,0.5024762153625488,0.5646755695343018,28453,1.0609526634216309,True
Grocery,44,context_grounded_static,visual,pair_other_modality,Q2,0.29885050654411316,0.280256986618042,0.15297996997833252,0.47238463163375854,0.5369726419448853,28453,1.0559855699539185,True
Grocery,44,context_grounded_static,visual,pair_other_modality,Q3,0.2727910876274109,0.25344613194465637,0.13404685258865356,0.4394678771495819,0.5009731650352478,28452,1.0511146783828735,True
Grocery,44,context_grounded_static,visual,pair_other_modality,Q4,0.2455923706293106,0.22445622086524963,0.11798959225416183,0.4044937491416931,0.4670269787311554,28452,1.0428547859191895,True
Grocery,44,context_grounded_static,visual,pair_other_modality,Q5,0.23006819188594818,0.20669642090797424,0.12514197826385498,0.36873549222946167,0.42808735370635986,28452,1.041028380393982,True
Grocery,44,context_grounded_static,visual,context_text,ALL,0.36712950468063354,0.37106120586395264,0.2699420750141144,0.45939770340919495,0.48204874992370605,142262,1.0503873825073242,True
Grocery,44,context_grounded_static,visual,context_text,Q1,0.3358457684516907,0.34051692485809326,0.24066436290740967,0.4222011864185333,0.4452451467514038,28453,1.0609526634216309,True
Grocery,44,context_grounded_static,visual,context_text,Q2,0.353729248046875,0.3593778610229492,0.2567959129810333,0.4406186640262604,0.46270838379859924,28453,1.0559855699539185,True
Grocery,44,context_grounded_static,visual,context_text,Q3,0.36693572998046875,0.37154799699783325,0.2737779915332794,0.45261532068252563,0.4749077260494232,28452,1.0511146783828735,True
Grocery,44,context_grounded_static,visual,context_text,Q4,0.38247278332710266,0.38652241230010986,0.28944018483161926,0.4687577188014984,0.4910050928592682,28452,1.0428547859191895,True
Grocery,44,context_grounded_static,visual,context_text,Q5,0.3966656029224396,0.40138310194015503,0.3047034740447998,0.48415878415107727,0.5025531053543091,28452,1.041028380393982,True
Grocery,44,context_grounded_static,visual,context_visual,ALL,0.3569794297218323,0.36041224002838135,0.27408379316329956,0.43513792753219604,0.455061137676239,142262,1.0503873825073242,True
Grocery,44,context_grounded_static,visual,context_visual,Q1,0.33200380206108093,0.33562755584716797,0.24850019812583923,0.4094119369983673,0.4303966164588928,28453,1.0609526634216309,True
Grocery,44,context_grounded_static,visual,context_visual,Q2,0.34742024540901184,0.351466566324234,0.2622641324996948,0.42640092968940735,0.44695985317230225,28453,1.0559855699539185,True
Grocery,44,context_grounded_static,visual,context_visual,Q3,0.36027321219444275,0.36339908838272095,0.2767563462257385,0.44014668464660645,0.45917826890945435,28452,1.0511146783828735,True
Grocery,44,context_grounded_static,visual,context_visual,Q4,0.3719348609447479,0.37445610761642456,0.2936660945415497,0.44745296239852905,0.46411627531051636,28452,1.0428547859191895,True
Grocery,44,context_grounded_static,visual,context_visual,Q5,0.37326622009277344,0.3730933666229248,0.3098233938217163,0.4402185380458832,0.46028268337249756,28452,1.041028380393982,True
Grocery,44,context_grounded_dynamic,text,pair_other_modality,ALL,0.2898661494255066,0.28704145550727844,0.20032885670661926,0.3833082318305969,0.41235196590423584,142262,1.078614592552185,True
Grocery,44,context_grounded_dynamic,text,pair_other_modality,Q1,0.3337828814983368,0.33220815658569336,0.24893637001514435,0.41995787620544434,0.4470936954021454,28453,1.0864373445510864,True
Grocery,44,context_grounded_dynamic,text,pair_other_modality,Q2,0.3055112361907959,0.3030255436897278,0.21992260217666626,0.3930254876613617,0.4194135069847107,28453,1.083487868309021,True
Grocery,44,context_grounded_dynamic,text,pair_other_modality,Q3,0.2830345332622528,0.28012675046920776,0.20049124956130981,0.36878934502601624,0.3974878489971161,28452,1.0791021585464478,True
Grocery,44,context_grounded_dynamic,text,pair_other_modality,Q4,0.26550906896591187,0.26370131969451904,0.1791732907295227,0.35216182470321655,0.38014620542526245,28452,1.0729318857192993,True
Grocery,44,context_grounded_dynamic,text,pair_other_modality,Q5,0.2614908218383789,0.26214835047721863,0.17056696116924286,0.34316104650497437,0.370525598526001,28452,1.0711140632629395,True
Grocery,44,context_grounded_dynamic,text,context_text,ALL,0.3514329791069031,0.3483768701553345,0.29258427023887634,0.41532018780708313,0.43930259346961975,142262,1.078614592552185,True
Grocery,44,context_grounded_dynamic,text,context_text,Q1,0.3324698805809021,0.3312654197216034,0.27696317434310913,0.3905332684516907,0.4083404541015625,28453,1.0864373445510864,True
Grocery,44,context_grounded_dynamic,text,context_text,Q2,0.3437594771385193,0.34109586477279663,0.2876216173171997,0.40548884868621826,0.4238087236881256,28453,1.083487868309021,True
Grocery,44,context_grounded_dynamic,text,context_text,Q3,0.3532632887363434,0.35004258155822754,0.29758238792419434,0.4138377904891968,0.4343067705631256,28452,1.0791021585464478,True
Grocery,44,context_grounded_dynamic,text,context_text,Q4,0.3633301556110382,0.35910624265670776,0.30633482336997986,0.42825040221214294,0.451714426279068,28452,1.0729318857192993,True
Grocery,44,context_grounded_dynamic,text,context_text,Q5,0.36434313654899597,0.35950058698654175,0.3040536642074585,0.4379822313785553,0.4603757858276367,28452,1.0711140632629395,True
Grocery,44,context_grounded_dynamic,text,context_visual,ALL,0.3587009012699127,0.3583028018474579,0.2998197674751282,0.4197995364665985,0.438554972410202,142262,1.078614592552185,True
Grocery,44,context_grounded_dynamic,text,context_visual,Q1,0.3337472379207611,0.332889199256897,0.2835630476474762,0.3844662606716156,0.4019031822681427,28453,1.0864373445510864,True
Grocery,44,context_grounded_dynamic,text,context_visual,Q2,0.350729376077652,0.350389689207077,0.29763102531433105,0.4049791991710663,0.4234410524368286,28453,1.083487868309021,True
Grocery,44,context_grounded_dynamic,text,context_visual,Q3,0.3637022376060486,0.36350584030151367,0.30933189392089844,0.4201039671897888,0.4388618469238281,28452,1.0791021585464478,True
Grocery,44,context_grounded_dynamic,text,context_visual,Q4,0.37116074562072754,0.3708135783672333,0.31449732184410095,0.4301133453845978,0.44795238971710205,28452,1.0729318857192993,True
Grocery,44,context_grounded_dynamic,text,context_visual,Q5,0.3741660714149475,0.3744169771671295,0.31272977590560913,0.4357977509498596,0.45248764753341675,28452,1.0711140632629395,True
Grocery,44,context_grounded_dynamic,visual,pair_other_modality,ALL,0.3131348490715027,0.31435009837150574,0.20960092544555664,0.40903544425964355,0.4390875995159149,142262,1.0820426940917969,True
Grocery,44,context_grounded_dynamic,visual,pair_other_modality,Q1,0.3490122854709625,0.344893217086792,0.26501885056495667,0.43942081928253174,0.4692443907260895,28453,1.086646556854248,True
Grocery,44,context_grounded_dynamic,visual,pair_other_modality,Q2,0.32955241203308105,0.3270722031593323,0.24483425915241241,0.4170551300048828,0.4480733573436737,28453,1.0866005420684814,True
Grocery,44,context_grounded_dynamic,visual,pair_other_modality,Q3,0.31404849886894226,0.3133190870285034,0.2260875552892685,0.40130332112312317,0.4309786558151245,28452,1.085018515586853,True
Grocery,44,context_grounded_dynamic,visual,pair_other_modality,Q4,0.30115407705307007,0.30486607551574707,0.1978088766336441,0.3917551040649414,0.4184052050113678,28452,1.0810930728912354,True
Grocery,44,context_grounded_dynamic,visual,pair_other_modality,Q5,0.2719053030014038,0.2669389843940735,0.1710946261882782,0.3811585009098053,0.4069390892982483,28452,1.0708543062210083,True
Grocery,44,context_grounded_dynamic,visual,context_text,ALL,0.3432847857475281,0.3397614061832428,0.28681671619415283,0.4047233760356903,0.4346446990966797,142262,1.0820426940917969,True
Grocery,44,context_grounded_dynamic,visual,context_text,Q1,0.3263617753982544,0.32692480087280273,0.2738555371761322,0.3778315782546997,0.3942906856536865,28453,1.086646556854248,True
Grocery,44,context_grounded_dynamic,visual,context_text,Q2,0.33649304509162903,0.33567124605178833,0.2832023501396179,0.39141836762428284,0.41031599044799805,28453,1.0866005420684814,True
Grocery,44,context_grounded_dynamic,visual,context_text,Q3,0.3444795310497284,0.3419650197029114,0.2909926772117615,0.4018371105194092,0.42612025141716003,28452,1.085018515586853,True
Grocery,44,context_grounded_dynamic,visual,context_text,Q4,0.3503284454345703,0.34335091710090637,0.2929916977882385,0.4227694571018219,0.45226985216140747,28452,1.0810930728912354,True
Grocery,44,context_grounded_dynamic,visual,context_text,Q5,0.35876190662384033,0.3522833585739136,0.2979329526424408,0.43771085143089294,0.4674806594848633,28452,1.0708543062210083,True
Grocery,44,context_grounded_dynamic,visual,context_visual,ALL,0.34358036518096924,0.3413615822792053,0.2938506603240967,0.395978718996048,0.4164898693561554,142262,1.0820426940917969,True
Grocery,44,context_grounded_dynamic,visual,context_visual,Q1,0.3246259391307831,0.3250935673713684,0.28069543838500977,0.3678531348705292,0.3804788589477539,28453,1.086646556854248,True
Grocery,44,context_grounded_dynamic,visual,context_visual,Q2,0.3339545428752899,0.3343125581741333,0.29026949405670166,0.3779940903186798,0.3905530869960785,28453,1.0866005420684814,True
Grocery,44,context_grounded_dynamic,visual,context_visual,Q3,0.34147197008132935,0.3414546847343445,0.2957536578178406,0.3874153792858124,0.40017423033714294,28452,1.085018515586853,True
Grocery,44,context_grounded_dynamic,visual,context_visual,Q4,0.3485174775123596,0.3482060134410858,0.30114737153053284,0.39588674902915955,0.4120015799999237,28452,1.0810930728912354,True
Grocery,44,context_grounded_dynamic,visual,context_visual,Q5,0.36933279037475586,0.3654201626777649,0.30994412302970886,0.43753936886787415,0.4574970602989197,28452,1.0708543062210083,True
Reddit-S,42,global_grounded_dynamic,text,pair_other_modality,ALL,0.34927356243133545,0.34402310848236084,0.31563228368759155,0.39220425486564636,0.40463951230049133,283080,1.0952686071395874,False
Reddit-S,42,global_grounded_dynamic,text,pair_other_modality,Q1,0.35123634338378906,0.3499056100845337,0.31839674711227417,0.38598838448524475,0.3967406153678894,56616,1.0954489707946777,False
Reddit-S,42,global_grounded_dynamic,text,pair_other_modality,Q2,0.3480081856250763,0.344176709651947,0.31554821133613586,0.387096107006073,0.40064483880996704,56616,1.095461368560791,False
Reddit-S,42,global_grounded_dynamic,text,pair_other_modality,Q3,0.34804752469062805,0.34209591150283813,0.315084308385849,0.3918185830116272,0.4056219160556793,56616,1.0952906608581543,False
Reddit-S,42,global_grounded_dynamic,text,pair_other_modality,Q4,0.3488599359989166,0.34213027358055115,0.3146947920322418,0.3950100541114807,0.4072389006614685,56616,1.0951589345932007,False
Reddit-S,42,global_grounded_dynamic,text,pair_other_modality,Q5,0.35021570324897766,0.34121397137641907,0.31521207094192505,0.39919549226760864,0.4092594385147095,56616,1.0949831008911133,False
Reddit-S,42,global_grounded_dynamic,text,context_text,ALL,0.3158487379550934,0.31627970933914185,0.28682830929756165,0.3436124324798584,0.3482015132904053,283080,1.0952686071395874,False
Reddit-S,42,global_grounded_dynamic,text,context_text,Q1,0.31293994188308716,0.31268835067749023,0.28932470083236694,0.3370199203491211,0.3436692953109741,56616,1.0954489707946777,False
Reddit-S,42,global_grounded_dynamic,text,context_text,Q2,0.3154740035533905,0.3148350119590759,0.28980106115341187,0.3424990773200989,0.34807515144348145,56616,1.095461368560791,False
Reddit-S,42,global_grounded_dynamic,text,context_text,Q3,0.31661123037338257,0.3168764114379883,0.2879359722137451,0.34443384408950806,0.3489340841770172,56616,1.0952906608581543,False
Reddit-S,42,global_grounded_dynamic,text,context_text,Q4,0.3170754611492157,0.31887418031692505,0.28545716404914856,0.3451138138771057,0.3490312099456787,56616,1.0951589345932007,False
Reddit-S,42,global_grounded_dynamic,text,context_text,Q5,0.3171429932117462,0.322698175907135,0.28255707025527954,0.34513622522354126,0.34886473417282104,56616,1.0949831008911133,False
Reddit-S,42,global_grounded_dynamic,text,context_visual,ALL,0.33487769961357117,0.3338117301464081,0.3108282685279846,0.3605782091617584,0.3675745129585266,283080,1.0952686071395874,False
Reddit-S,42,global_grounded_dynamic,text,context_visual,Q1,0.3358237147331238,0.33536601066589355,0.31208914518356323,0.3606509566307068,0.3679465353488922,56616,1.0954489707946777,False
Reddit-S,42,global_grounded_dynamic,text,context_visual,Q2,0.3365177512168884,0.33654409646987915,0.3108588457107544,0.3620763421058655,0.3685573935508728,56616,1.095461368560791,False
Reddit-S,42,global_grounded_dynamic,text,context_visual,Q3,0.335341215133667,0.3345201015472412,0.30941247940063477,0.36218684911727905,0.3685625195503235,56616,1.0952906608581543,False
Reddit-S,42,global_grounded_dynamic,text,context_visual,Q4,0.3340645432472229,0.3324321508407593,0.30993205308914185,0.36089521646499634,0.36809641122817993,56616,1.0951589345932007,False
Reddit-S,42,global_grounded_dynamic,text,context_visual,Q5,0.3326413333415985,0.33107489347457886,0.3119364380836487,0.3558793067932129,0.3636177182197571,56616,1.0949831008911133,False
Reddit-S,42,global_grounded_dynamic,visual,pair_other_modality,ALL,0.3283574879169464,0.3289722204208374,0.2911824584007263,0.3640689253807068,0.37365198135375977,283080,1.0961320400238037,False
Reddit-S,42,global_grounded_dynamic,visual,pair_other_modality,Q1,0.33100438117980957,0.3307250142097473,0.3010874390602112,0.3611714243888855,0.3706279397010803,56616,1.0965543985366821,False
Reddit-S,42,global_grounded_dynamic,visual,pair_other_modality,Q2,0.33050113916397095,0.331307590007782,0.29617375135421753,0.36332547664642334,0.37256285548210144,56616,1.096196174621582,False
Reddit-S,42,global_grounded_dynamic,visual,pair_other_modality,Q3,0.328145295381546,0.329639196395874,0.2898247241973877,0.36343687772750854,0.37244439125061035,56616,1.096022605895996,False
Reddit-S,42,global_grounded_dynamic,visual,pair_other_modality,Q4,0.3265102207660675,0.3274391293525696,0.286141574382782,0.3653634190559387,0.374271035194397,56616,1.0958952903747559,False
Reddit-S,42,global_grounded_dynamic,visual,pair_other_modality,Q5,0.3256262540817261,0.3249353766441345,0.2867141664028168,0.3673434555530548,0.3774506747722626,56616,1.095991849899292,False
Reddit-S,42,global_grounded_dynamic,visual,context_text,ALL,0.3432040214538574,0.3439657390117645,0.32067614793777466,0.36422207951545715,0.36930596828460693,283080,1.0961320400238037,False
Reddit-S,42,global_grounded_dynamic,visual,context_text,Q1,0.34173911809921265,0.34115779399871826,0.3201586902141571,0.36427074670791626,0.37046170234680176,56616,1.0965543985366821,False
Reddit-S,42,global_grounded_dynamic,visual,context_text,Q2,0.34384986758232117,0.3444499969482422,0.3219609558582306,0.3646586537361145,0.37009429931640625,56616,1.096196174621582,False
Reddit-S,42,global_grounded_dynamic,visual,context_text,Q3,0.3440130352973938,0.34504249691963196,0.32190895080566406,0.36435163021087646,0.369231253862381,56616,1.096022605895996,False
Reddit-S,42,global_grounded_dynamic,visual,context_text,Q4,0.34366291761398315,0.34503471851348877,0.32085028290748596,0.36423423886299133,0.3688649535179138,56616,1.0958952903747559,False
Reddit-S,42,global_grounded_dynamic,visual,context_text,Q5,0.34275496006011963,0.3443893790245056,0.3189140856266022,0.3636685907840729,0.3681689202785492,56616,1.095991849899292,False
Reddit-S,42,global_grounded_dynamic,visual,context_visual,ALL,0.32843852043151855,0.3288090229034424,0.2992469072341919,0.35580065846443176,0.36079227924346924,283080,1.0961320400238037,False
Reddit-S,42,global_grounded_dynamic,visual,context_visual,Q1,0.3272564709186554,0.32761090993881226,0.300554484128952,0.3527717888355255,0.3592279553413391,56616,1.0965543985366821,False
Reddit-S,42,global_grounded_dynamic,visual,context_visual,Q2,0.3256489634513855,0.325884073972702,0.29605942964553833,0.35418400168418884,0.3602251410484314,56616,1.096196174621582,False
Reddit-S,42,global_grounded_dynamic,visual,context_visual,Q3,0.3278416693210602,0.3287079930305481,0.29746168851852417,0.3562210500240326,0.3612363338470459,56616,1.096022605895996,False
Reddit-S,42,global_grounded_dynamic,visual,context_visual,Q4,0.32982683181762695,0.3310631513595581,0.2994432747364044,0.3570084869861603,0.36158284544944763,56616,1.0958952903747559,False
Reddit-S,42,global_grounded_dynamic,visual,context_visual,Q5,0.3316187858581543,0.33153799176216125,0.30446094274520874,0.3569307327270508,0.36098164319992065,56616,1.095991849899292,False
Reddit-S,42,pair_grounded_dynamic,text,pair_other_modality,ALL,0.32734304666519165,0.309649795293808,0.17720326781272888,0.5558136701583862,0.602800726890564,283080,1.0606261491775513,True
Reddit-S,42,pair_grounded_dynamic,text,pair_other_modality,Q1,0.31039923429489136,0.3020206391811371,0.16589787602424622,0.4682893753051758,0.5251649022102356,56616,1.0657826662063599,True
Reddit-S,42,pair_grounded_dynamic,text,pair_other_modality,Q2,0.2980867028236389,0.2770020365715027,0.15888099372386932,0.47463560104370117,0.5624861121177673,56616,1.0598134994506836,True
Reddit-S,42,pair_grounded_dynamic,text,pair_other_modality,Q3,0.3082663416862488,0.2918280065059662,0.16742897033691406,0.4891366958618164,0.5740094780921936,56616,1.0626728534698486,True
Reddit-S,42,pair_grounded_dynamic,text,pair_other_modality,Q4,0.32994312047958374,0.3152739405632019,0.19180326163768768,0.5423650145530701,0.5974091291427612,56616,1.0657297372817993,True
Reddit-S,42,pair_grounded_dynamic,text,pair_other_modality,Q5,0.3900197446346283,0.33465826511383057,0.24000854790210724,0.6101194024085999,0.622336745262146,56616,1.0491327047348022,True
Reddit-S,42,pair_grounded_dynamic,text,context_text,ALL,0.33554816246032715,0.34440892934799194,0.22139571607112885,0.4101221263408661,0.42238032817840576,283080,1.0606261491775513,True
Reddit-S,42,pair_grounded_dynamic,text,context_text,Q1,0.34385645389556885,0.348264217376709,0.265033096075058,0.41524070501327515,0.42683663964271545,56616,1.0657826662063599,True
Reddit-S,42,pair_grounded_dynamic,text,context_text,Q2,0.3500322699546814,0.3605630695819855,0.2617693543434143,0.4189961552619934,0.4288386404514313,56616,1.0598134994506836,True
Reddit-S,42,pair_grounded_dynamic,text,context_text,Q3,0.345071405172348,0.3531416356563568,0.2546390891075134,0.4150303602218628,0.4252353608608246,56616,1.0626728534698486,True
Reddit-S,42,pair_grounded_dynamic,text,context_text,Q4,0.33438172936439514,0.34184086322784424,0.2282070517539978,0.4032849073410034,0.4163634479045868,56616,1.0657297372817993,True
Reddit-S,42,pair_grounded_dynamic,text,context_text,Q5,0.3043991029262543,0.3320729732513428,0.1945423185825348,0.3789612352848053,0.39396804571151733,56616,1.0491327047348022,True
Reddit-S,42,pair_grounded_dynamic,text,context_visual,ALL,0.3371087610721588,0.3459113836288452,0.22276988625526428,0.4127061069011688,0.42590460181236267,283080,1.0606261491775513,True
Reddit-S,42,pair_grounded_dynamic,text,context_visual,Q1,0.3457443118095398,0.34963053464889526,0.2665494978427887,0.4188297390937805,0.4316108524799347,56616,1.0657826662063599,True
Reddit-S,42,pair_grounded_dynamic,text,context_visual,Q2,0.3518809974193573,0.3623034358024597,0.2633515000343323,0.4221426546573639,0.4330030381679535,56616,1.0598134994506836,True
Reddit-S,42,pair_grounded_dynamic,text,context_visual,Q3,0.3466622531414032,0.3550304174423218,0.25631171464920044,0.41753852367401123,0.4287039637565613,56616,1.0626728534698486,True
Reddit-S,42,pair_grounded_dynamic,text,context_visual,Q4,0.33567512035369873,0.3429647982120514,0.22967420518398285,0.4050068259239197,0.4188564419746399,56616,1.0657297372817993,True
Reddit-S,42,pair_grounded_dynamic,text,context_visual,Q5,0.30558112263679504,0.33311766386032104,0.19530783593654633,0.380986750125885,0.3963112235069275,56616,1.0491327047348022,True
Reddit-S,42,pair_grounded_dynamic,visual,pair_other_modality,ALL,0.30184292793273926,0.2984793186187744,0.1903304010629654,0.4288790822029114,0.4695143699645996,283080,1.0782500505447388,True
Reddit-S,42,pair_grounded_dynamic,visual,pair_other_modality,Q1,0.300232470035553,0.30070844292640686,0.2159905731678009,0.3768068552017212,0.4034299850463867,56616,1.0865329504013062,True
Reddit-S,42,pair_grounded_dynamic,visual,pair_other_modality,Q2,0.28679752349853516,0.2853400409221649,0.19259989261627197,0.3838343024253845,0.4212244153022766,56616,1.0800150632858276,True
Reddit-S,42,pair_grounded_dynamic,visual,pair_other_modality,Q3,0.2859930396080017,0.28300589323043823,0.18456992506980896,0.3978133797645569,0.4392002522945404,56616,1.0766265392303467,True
Reddit-S,42,pair_grounded_dynamic,visual,pair_other_modality,Q4,0.2985244393348694,0.2980460524559021,0.18220290541648865,0.42915183305740356,0.4641508162021637,56616,1.0758546590805054,True
Reddit-S,42,pair_grounded_dynamic,visual,pair_other_modality,Q5,0.3376672863960266,0.32675206661224365,0.1816920042037964,0.48291757702827454,0.49613329768180847,56616,1.072220802307129,True
Reddit-S,42,pair_grounded_dynamic,visual,context_text,ALL,0.34836918115615845,0.35183024406433105,0.284066379070282,0.4031621813774109,0.41384565830230713,283080,1.0782500505447388,True
Reddit-S,42,pair_grounded_dynamic,visual,context_text,Q1,0.3493048846721649,0.3500315845012665,0.31046241521835327,0.3899151086807251,0.40164321660995483,56616,1.0865329504013062,True
Reddit-S,42,pair_grounded_dynamic,visual,context_text,Q2,0.35615578293800354,0.3585345149040222,0.3067949414253235,0.40179207921028137,0.41115134954452515,56616,1.0800150632858276,True
Reddit-S,42,pair_grounded_dynamic,visual,context_text,Q3,0.3563143014907837,0.35986196994781494,0.29958245158195496,0.4058630168437958,0.41555896401405334,56616,1.0766265392303467,True
Reddit-S,42,pair_grounded_dynamic,visual,context_text,Q4,0.3498601019382477,0.35248929262161255,0.2838425040245056,0.4071134924888611,0.41711682081222534,56616,1.0758546590805054,True
Reddit-S,42,pair_grounded_dynamic,visual,context_text,Q5,0.3302106559276581,0.3362410366535187,0.2565976083278656,0.4069019556045532,0.41720181703567505,56616,1.072220802307129,True
Reddit-S,42,pair_grounded_dynamic,visual,context_visual,ALL,0.3497879207134247,0.3497058153152466,0.28692159056663513,0.4065517485141754,0.4208785593509674,283080,1.0782500505447388,True
Reddit-S,42,pair_grounded_dynamic,visual,context_visual,Q1,0.3504626154899597,0.34934088587760925,0.31216681003570557,0.3940867781639099,0.40775516629219055,56616,1.0865329504013062,True
Reddit-S,42,pair_grounded_dynamic,visual,context_visual,Q2,0.3570467531681061,0.35628363490104675,0.3089373707771301,0.40581250190734863,0.4182579517364502,56616,1.0800150632858276,True
Reddit-S,42,pair_grounded_dynamic,visual,context_visual,Q3,0.3576927185058594,0.3571746349334717,0.302448570728302,0.40963444113731384,0.4230170249938965,56616,1.0766265392303467,True
Reddit-S,42,pair_grounded_dynamic,visual,context_visual,Q4,0.35161542892456055,0.3496329188346863,0.28708332777023315,0.41072994470596313,0.4243629574775696,56616,1.0758546590805054,True
Reddit-S,42,pair_grounded_dynamic,visual,context_visual,Q5,0.3321220576763153,0.3370955288410187,0.26045066118240356,0.41147223114967346,0.4237652122974396,56616,1.072220802307129,True
Reddit-S,42,context_grounded_static,text,pair_other_modality,ALL,0.33247026801109314,0.31501486897468567,0.13573205471038818,0.5811622738838196,0.6721702218055725,283080,1.032658576965332,True
Reddit-S,42,context_grounded_static,text,pair_other_modality,Q1,0.3417734205722809,0.3086767792701721,0.15197515487670898,0.5975939035415649,0.6793234944343567,56616,1.0306237936019897,True
Reddit-S,42,context_grounded_static,text,pair_other_modality,Q2,0.361838698387146,0.3329285979270935,0.1436493992805481,0.6485776305198669,0.7107367515563965,56616,1.0183049440383911,True
Reddit-S,42,context_grounded_static,text,pair_other_modality,Q3,0.33558139204978943,0.310455858707428,0.13342104852199554,0.6137284636497498,0.6879266500473022,56616,1.0265145301818848,True
Reddit-S,42,context_grounded_static,text,pair_other_modality,Q4,0.31071627140045166,0.2962656021118164,0.12595820426940918,0.5211551189422607,0.6484017968177795,56616,1.0355701446533203,True
Reddit-S,42,context_grounded_static,text,pair_other_modality,Q5,0.31244170665740967,0.3321599066257477,0.13243164122104645,0.44546395540237427,0.48525044322013855,56616,1.0522795915603638,True
Reddit-S,42,context_grounded_static,text,context_text,ALL,0.3171713054180145,0.31490418314933777,0.19704920053482056,0.42676982283592224,0.4472413659095764,283080,1.032658576965332,True
Reddit-S,42,context_grounded_static,text,context_text,Q1,0.3099769949913025,0.31487900018692017,0.18869921565055847,0.4167172312736511,0.4338519275188446,56616,1.0306237936019897,True
Reddit-S,42,context_grounded_static,text,context_text,Q2,0.2988380491733551,0.30110692977905273,0.16800963878631592,0.42023375630378723,0.43938934803009033,56616,1.0183049440383911,True
Reddit-S,42,context_grounded_static,text,context_text,Q3,0.3126677870750427,0.31404268741607666,0.18365250527858734,0.4265097379684448,0.4458499550819397,56616,1.0265145301818848,True
Reddit-S,42,context_grounded_static,text,context_text,Q4,0.3277563452720642,0.32148197293281555,0.22120651602745056,0.43247222900390625,0.45446833968162537,56616,1.0355701446533203,True
Reddit-S,42,context_grounded_static,text,context_text,Q5,0.3366171717643738,0.316539466381073,0.2776290774345398,0.43851619958877563,0.459348201751709,56616,1.0522795915603638,True
Reddit-S,42,context_grounded_static,text,context_visual,ALL,0.35035839676856995,0.36727097630500793,0.2180032879114151,0.449184775352478,0.4670332074165344,283080,1.032658576965332,True
Reddit-S,42,context_grounded_static,text,context_visual,Q1,0.3482495844364166,0.36617040634155273,0.20975610613822937,0.4507250189781189,0.4714899957180023,56616,1.0306237936019897,True
Reddit-S,42,context_grounded_static,text,context_visual,Q2,0.3393231928348541,0.3618345856666565,0.18222835659980774,0.4481823146343231,0.46748119592666626,56616,1.0183049440383911,True
Reddit-S,42,context_grounded_static,text,context_visual,Q3,0.35175085067749023,0.3737333416938782,0.20089060068130493,0.4514397382736206,0.4685516357421875,56616,1.0265145301818848,True
Reddit-S,42,context_grounded_static,text,context_visual,Q4,0.36152738332748413,0.3791760206222534,0.24209468066692352,0.4531242549419403,0.46842920780181885,56616,1.0355701446533203,True
Reddit-S,42,context_grounded_static,text,context_visual,Q5,0.35094112157821655,0.3501543700695038,0.2660659849643707,0.4414123296737671,0.4584728479385376,56616,1.0522795915603638,True
Reddit-S,42,context_grounded_static,visual,pair_other_modality,ALL,0.31959590315818787,0.2875754237174988,0.1889045238494873,0.47754549980163574,0.510438859462738,283080,1.0566973686218262,True
Reddit-S,42,context_grounded_static,visual,pair_other_modality,Q1,0.33727580308914185,0.3134838938713074,0.19965846836566925,0.5094900131225586,0.5492913722991943,56616,1.0588428974151611,True
Reddit-S,42,context_grounded_static,visual,pair_other_modality,Q2,0.35051506757736206,0.35730260610580444,0.2008543610572815,0.5061410665512085,0.5358257293701172,56616,1.0558264255523682,True
Reddit-S,42,context_grounded_static,visual,pair_other_modality,Q3,0.33354124426841736,0.31940943002700806,0.19943884015083313,0.47858572006225586,0.5033036470413208,56616,1.0595834255218506,True
Reddit-S,42,context_grounded_static,visual,pair_other_modality,Q4,0.3083925247192383,0.2760825753211975,0.18980489671230316,0.45449450612068176,0.47922083735466003,56616,1.0585185289382935,True
Reddit-S,42,context_grounded_static,visual,pair_other_modality,Q5,0.2682548463344574,0.25461143255233765,0.17053058743476868,0.4086606502532959,0.43880170583724976,56616,1.050715684890747,True
Reddit-S,42,context_grounded_static,visual,context_text,ALL,0.30528080463409424,0.30253875255584717,0.2535977065563202,0.3619459867477417,0.3874475061893463,283080,1.0566973686218262,True
Reddit-S,42,context_grounded_static,visual,context_text,Q1,0.3192972242832184,0.31465476751327515,0.25649216771125793,0.38898327946662903,0.4089336395263672,56616,1.0588428974151611,True
Reddit-S,42,context_grounded_static,visual,context_text,Q2,0.3022635281085968,0.2977789342403412,0.2544507384300232,0.35562610626220703,0.38326239585876465,56616,1.0558264255523682,True
Reddit-S,42,context_grounded_static,visual,context_text,Q3,0.30398181080818176,0.29979002475738525,0.26053768396377563,0.3526301681995392,0.38031113147735596,56616,1.0595834255218506,True
Reddit-S,42,context_grounded_static,visual,context_text,Q4,0.30315110087394714,0.3019108176231384,0.2585497498512268,0.34679198265075684,0.37263235449790955,56616,1.0585185289382935,True
Reddit-S,42,context_grounded_static,visual,context_text,Q5,0.29771023988723755,0.3026135265827179,0.24480372667312622,0.33834630250930786,0.3655436038970947,56616,1.050715684890747,True
Reddit-S,42,context_grounded_static,visual,context_visual,ALL,0.3751233220100403,0.38378193974494934,0.24002879858016968,0.5036332607269287,0.5179779529571533,283080,1.0566973686218262,True
Reddit-S,42,context_grounded_static,visual,context_visual,Q1,0.34342697262763977,0.33504199981689453,0.2198411077260971,0.4811924695968628,0.5048590898513794,56616,1.0588428974151611,True
Reddit-S,42,context_grounded_static,visual,context_visual,Q2,0.34722140431404114,0.3133702874183655,0.2252141237258911,0.4953748881816864,0.5147292613983154,56616,1.0558264255523682,True
Reddit-S,42,context_grounded_static,visual,context_visual,Q3,0.36247697472572327,0.3411144018173218,0.24024787545204163,0.5004746913909912,0.5155520439147949,56616,1.0595834255218506,True
Reddit-S,42,context_grounded_static,visual,context_visual,Q4,0.3884563446044922,0.4263512194156647,0.25419965386390686,0.507226824760437,0.5189567804336548,56616,1.0585185289382935,True
Reddit-S,42,context_grounded_static,visual,context_visual,Q5,0.43403491377830505,0.4660373330116272,0.28032010793685913,0.5138643980026245,0.5247974395751953,56616,1.050715684890747,True
Reddit-S,42,context_grounded_dynamic,text,pair_other_modality,ALL,0.23541809618473053,0.23867955803871155,0.09906334429979324,0.3907177746295929,0.4208565950393677,283080,1.0359115600585938,True
Reddit-S,42,context_grounded_dynamic,text,pair_other_modality,Q1,0.25438597798347473,0.25876230001449585,0.1136016845703125,0.38573235273361206,0.4180464744567871,56616,1.0460166931152344,True
Reddit-S,42,context_grounded_dynamic,text,pair_other_modality,Q2,0.22227056324481964,0.22935917973518372,0.09411129355430603,0.35802775621414185,0.40189307928085327,56616,1.0297887325286865,True
Reddit-S,42,context_grounded_dynamic,text,pair_other_modality,Q3,0.21641701459884644,0.22578971087932587,0.09053274989128113,0.35005444288253784,0.39899009466171265,56616,1.0270068645477295,True
Reddit-S,42,context_grounded_dynamic,text,pair_other_modality,Q4,0.2208271473646164,0.23059067130088806,0.09381982684135437,0.36303094029426575,0.41227686405181885,56616,1.0301480293273926,True
Reddit-S,42,context_grounded_dynamic,text,pair_other_modality,Q5,0.2631897032260895,0.25261563062667847,0.11247548460960388,0.4226098656654358,0.43454357981681824,56616,1.0465974807739258,True
Reddit-S,42,context_grounded_dynamic,text,context_text,ALL,0.4132404029369354,0.42831140756607056,0.3160250186920166,0.49284377694129944,0.50900799036026,283080,1.0359115600585938,True
Reddit-S,42,context_grounded_dynamic,text,context_text,Q1,0.4114150106906891,0.41669440269470215,0.3220812678337097,0.4957379698753357,0.5138739347457886,56616,1.0460166931152344,True
Reddit-S,42,context_grounded_dynamic,text,context_text,Q2,0.42242345213890076,0.44097310304641724,0.31798821687698364,0.49889418482780457,0.5121688842773438,56616,1.0297887325286865,True
Reddit-S,42,context_grounded_dynamic,text,context_text,Q3,0.41994819045066833,0.43974795937538147,0.3138686418533325,0.4955407381057739,0.5083204507827759,56616,1.0270068645477295,True
Reddit-S,42,context_grounded_dynamic,text,context_text,Q4,0.41416415572166443,0.4330337643623352,0.3133419156074524,0.4867251515388489,0.5017203092575073,56616,1.0301480293273926,True
Reddit-S,42,context_grounded_dynamic,text,context_text,Q5,0.3982512056827545,0.4120181202888489,0.31419408321380615,0.4773052930831909,0.5056909322738647,56616,1.0465974807739258,True
Reddit-S,42,context_grounded_dynamic,text,context_visual,ALL,0.35134148597717285,0.34336164593696594,0.25224539637565613,0.4569751024246216,0.4686080515384674,283080,1.0359115600585938,True
Reddit-S,42,context_grounded_dynamic,text,context_visual,Q1,0.3341989815235138,0.33279716968536377,0.2472059577703476,0.42866718769073486,0.4469468593597412,56616,1.0460166931152344,True
Reddit-S,42,context_grounded_dynamic,text,context_visual,Q2,0.3553060293197632,0.3597137928009033,0.2557770907878876,0.45221227407455444,0.4663428068161011,56616,1.0297887325286865,True
Reddit-S,42,context_grounded_dynamic,text,context_visual,Q3,0.36363479495048523,0.3648431599140167,0.260526180267334,0.4616500735282898,0.47281548380851746,56616,1.0270068645477295,True
Reddit-S,42,context_grounded_dynamic,text,context_visual,Q4,0.365008682012558,0.35906946659088135,0.2593364715576172,0.46415573358535767,0.4731424152851105,56616,1.0301480293273926,True
Reddit-S,42,context_grounded_dynamic,text,context_visual,Q5,0.3385590612888336,0.313484787940979,0.24623121321201324,0.4595913290977478,0.46856334805488586,56616,1.0465974807739258,True
Reddit-S,42,context_grounded_dynamic,visual,pair_other_modality,ALL,0.24377822875976562,0.2188955545425415,0.16103069484233856,0.3512396812438965,0.4237750172615051,283080,1.0557509660720825,True
Reddit-S,42,context_grounded_dynamic,visual,pair_other_modality,Q1,0.2736387252807617,0.25328823924064636,0.1719883531332016,0.40943917632102966,0.4623472988605499,56616,1.0621769428253174,True
Reddit-S,42,context_grounded_dynamic,visual,pair_other_modality,Q2,0.234277606010437,0.21548987925052643,0.15828362107276917,0.3222094178199768,0.3971673250198364,56616,1.0527600049972534,True
Reddit-S,42,context_grounded_dynamic,visual,pair_other_modality,Q3,0.2327791005373001,0.20972497761249542,0.15866005420684814,0.3192753195762634,0.40264692902565,56616,1.0525139570236206,True
Reddit-S,42,context_grounded_dynamic,visual,pair_other_modality,Q4,0.23193621635437012,0.20615145564079285,0.15983790159225464,0.31840720772743225,0.3952624201774597,56616,1.0536322593688965,True
Reddit-S,42,context_grounded_dynamic,visual,pair_other_modality,Q5,0.24625954031944275,0.21346671879291534,0.16054968535900116,0.3494466245174408,0.4144775867462158,56616,1.0576709508895874,True
Reddit-S,42,context_grounded_dynamic,visual,context_text,ALL,0.3543829023838043,0.36160165071487427,0.2970835864543915,0.40500518679618835,0.4167095422744751,283080,1.0557509660720825,True
Reddit-S,42,context_grounded_dynamic,visual,context_text,Q1,0.3450312912464142,0.3489830493927002,0.2681061029434204,0.41349005699157715,0.43112993240356445,56616,1.0621769428253174,True
Reddit-S,42,context_grounded_dynamic,visual,context_text,Q2,0.353546679019928,0.357046902179718,0.30065375566482544,0.4062321186065674,0.419127881526947,56616,1.0527600049972534,True
Reddit-S,42,context_grounded_dynamic,visual,context_text,Q3,0.35634157061576843,0.3631729781627655,0.3084242045879364,0.4036695659160614,0.41457149386405945,56616,1.0525139570236206,True
Reddit-S,42,context_grounded_dynamic,visual,context_text,Q4,0.3596637547016144,0.3697378635406494,0.3150550127029419,0.4021736979484558,0.4123814105987549,56616,1.0536322593688965,True
Reddit-S,42,context_grounded_dynamic,visual,context_text,Q5,0.35733136534690857,0.3684788942337036,0.31146371364593506,0.4022291302680969,0.41074761748313904,56616,1.0576709508895874,True
Reddit-S,42,context_grounded_dynamic,visual,context_visual,ALL,0.40183883905410767,0.40813857316970825,0.31474167108535767,0.48295700550079346,0.4984695315361023,283080,1.0557509660720825,True
Reddit-S,42,context_grounded_dynamic,visual,context_visual,Q1,0.3813299834728241,0.38343101739883423,0.2886713147163391,0.47689875960350037,0.49306538701057434,56616,1.0621769428253174,True
Reddit-S,42,context_grounded_dynamic,visual,context_visual,Q2,0.412175714969635,0.4110681712627411,0.33467864990234375,0.49054524302482605,0.5028098821640015,56616,1.0527600049972534,True
Reddit-S,42,context_grounded_dynamic,visual,context_visual,Q3,0.41087931394577026,0.4125784933567047,0.3320491909980774,0.4892634153366089,0.5020758509635925,56616,1.0525139570236206,True
Reddit-S,42,context_grounded_dynamic,visual,context_visual,Q4,0.4084000289440155,0.41344785690307617,0.3315024971961975,0.48305684328079224,0.4986816644668579,56616,1.0536322593688965,True
Reddit-S,42,context_grounded_dynamic,visual,context_visual,Q5,0.3964090943336487,0.40898311138153076,0.31666120886802673,0.463066041469574,0.48552173376083374,56616,1.0576709508895874,True
Reddit-S,43,global_grounded_dynamic,text,pair_other_modality,ALL,0.3167310357093811,0.3165351450443268,0.2879512310028076,0.34652987122535706,0.3545364737510681,283080,1.0962709188461304,False
Reddit-S,43,global_grounded_dynamic,text,pair_other_modality,Q1,0.3115490674972534,0.31189417839050293,0.28155890107154846,0.3409988582134247,0.349397212266922,56616,1.095673680305481,False
Reddit-S,43,global_grounded_dynamic,text,pair_other_modality,Q2,0.3152850270271301,0.3161798119544983,0.2865563929080963,0.3427620530128479,0.3501014709472656,56616,1.0961617231369019,False
Reddit-S,43,global_grounded_dynamic,text,pair_other_modality,Q3,0.3165472745895386,0.31687116622924805,0.28910183906555176,0.34381166100502014,0.3515366315841675,56616,1.0963717699050903,False
Reddit-S,43,global_grounded_dynamic,text,pair_other_modality,Q4,0.3172321915626526,0.31687551736831665,0.28961414098739624,0.3457592725753784,0.3534243106842041,56616,1.096474051475525,False
Reddit-S,43,global_grounded_dynamic,text,pair_other_modality,Q5,0.3230416178703308,0.32138025760650635,0.29338398575782776,0.3549683690071106,0.36146897077560425,56616,1.0966740846633911,False
Reddit-S,43,global_grounded_dynamic,text,context_text,ALL,0.34251752495765686,0.34259283542633057,0.3192790448665619,0.3649615943431854,0.3721228837966919,283080,1.0962709188461304,False
Reddit-S,43,global_grounded_dynamic,text,context_text,Q1,0.3465023636817932,0.3457660377025604,0.32442229986190796,0.37000924348831177,0.37755200266838074,56616,1.095673680305481,False
Reddit-S,43,global_grounded_dynamic,text,context_text,Q2,0.3434406518936157,0.3427322208881378,0.32121747732162476,0.3664928376674652,0.3743036389350891,56616,1.0961617231369019,False
Reddit-S,43,global_grounded_dynamic,text,context_text,Q3,0.3429569900035858,0.34265342354774475,0.3211241364479065,0.36495643854141235,0.37201476097106934,56616,1.0963717699050903,False
Reddit-S,43,global_grounded_dynamic,text,context_text,Q4,0.34208521246910095,0.34252721071243286,0.3196125030517578,0.36311954259872437,0.36922693252563477,56616,1.096474051475525,False
Reddit-S,43,global_grounded_dynamic,text,context_text,Q5,0.3376021981239319,0.3379734754562378,0.31403613090515137,0.3603759706020355,0.3657751679420471,56616,1.0966740846633911,False
Reddit-S,43,global_grounded_dynamic,text,context_visual,ALL,0.3407514691352844,0.3406875729560852,0.31970879435539246,0.36161667108535767,0.3685210049152374,283080,1.0962709188461304,False
Reddit-S,43,global_grounded_dynamic,text,context_visual,Q1,0.34194859862327576,0.34166884422302246,0.3187694847583771,0.3650476932525635,0.3725391626358032,56616,1.095673680305481,False
Reddit-S,43,global_grounded_dynamic,text,context_visual,Q2,0.34127429127693176,0.340736985206604,0.31919246912002563,0.3635215759277344,0.37090766429901123,56616,1.0961617231369019,False
Reddit-S,43,global_grounded_dynamic,text,context_visual,Q3,0.340495765209198,0.34028172492980957,0.31910082697868347,0.3615866005420685,0.36823222041130066,56616,1.0963717699050903,False
Reddit-S,43,global_grounded_dynamic,text,context_visual,Q4,0.34068259596824646,0.3409009575843811,0.32047611474990845,0.3600780963897705,0.36670443415641785,56616,1.096474051475525,False
Reddit-S,43,global_grounded_dynamic,text,context_visual,Q5,0.3393561840057373,0.3400286138057709,0.32129889726638794,0.3576207756996155,0.36317551136016846,56616,1.0966740846633911,False
Reddit-S,43,global_grounded_dynamic,visual,pair_other_modality,ALL,0.3215247392654419,0.32032155990600586,0.29439982771873474,0.3503471314907074,0.3587931990623474,283080,1.096505045890808,False
Reddit-S,43,global_grounded_dynamic,visual,pair_other_modality,Q1,0.31831094622612,0.3173735439777374,0.29255616664886475,0.3452400863170624,0.3537867069244385,56616,1.0963151454925537,False
Reddit-S,43,global_grounded_dynamic,visual,pair_other_modality,Q2,0.32142114639282227,0.3203386068344116,0.29454272985458374,0.34983325004577637,0.35870179533958435,56616,1.0964065790176392,False
Reddit-S,43,global_grounded_dynamic,visual,pair_other_modality,Q3,0.32123810052871704,0.3201943635940552,0.2939997911453247,0.349753201007843,0.35840174555778503,56616,1.0964778661727905,False
Reddit-S,43,global_grounded_dynamic,visual,pair_other_modality,Q4,0.3211754560470581,0.31979358196258545,0.29416555166244507,0.3498837947845459,0.3586006164550781,56616,1.0965678691864014,False
Reddit-S,43,global_grounded_dynamic,visual,pair_other_modality,Q5,0.32547807693481445,0.3245447278022766,0.2971477508544922,0.35502731800079346,0.36267077922821045,56616,1.096758246421814,False
Reddit-S,43,global_grounded_dynamic,visual,context_text,ALL,0.330293208360672,0.3295406103134155,0.3112504184246063,0.35088756680488586,0.35878944396972656,283080,1.096505045890808,False
Reddit-S,43,global_grounded_dynamic,visual,context_text,Q1,0.3318578004837036,0.3309793174266815,0.3111140727996826,0.35420405864715576,0.36026695370674133,56616,1.0963151454925537,False
Reddit-S,43,global_grounded_dynamic,visual,context_text,Q2,0.32967719435691833,0.3288537561893463,0.30833494663238525,0.3529331386089325,0.3611157536506653,56616,1.0964065790176392,False
Reddit-S,43,global_grounded_dynamic,visual,context_text,Q3,0.33005133271217346,0.3291468620300293,0.31055566668510437,0.35140663385391235,0.35993528366088867,56616,1.0964778661727905,False
Reddit-S,43,global_grounded_dynamic,visual,context_text,Q4,0.3305639326572418,0.32994383573532104,0.3133687376976013,0.34866487979888916,0.35687190294265747,56616,1.0965678691864014,False
Reddit-S,43,global_grounded_dynamic,visual,context_text,Q5,0.32931578159332275,0.3290824294090271,0.3131703734397888,0.34534919261932373,0.353023886680603,56616,1.096758246421814,False
Reddit-S,43,global_grounded_dynamic,visual,context_visual,ALL,0.3481820523738861,0.34855449199676514,0.32588672637939453,0.3704203963279724,0.3761681020259857,283080,1.096505045890808,False
Reddit-S,43,global_grounded_dynamic,visual,context_visual,Q1,0.3498312532901764,0.35045647621154785,0.32637128233909607,0.37236833572387695,0.378200888633728,56616,1.0963151454925537,False
Reddit-S,43,global_grounded_dynamic,visual,context_visual,Q2,0.3489016592502594,0.34943345189094543,0.32596108317375183,0.3709982633590698,0.37672972679138184,56616,1.0964065790176392,False
Reddit-S,43,global_grounded_dynamic,visual,context_visual,Q3,0.3487105667591095,0.34890055656433105,0.32697582244873047,0.37058746814727783,0.3764042258262634,56616,1.0964778661727905,False
Reddit-S,43,global_grounded_dynamic,visual,context_visual,Q4,0.34826064109802246,0.3484417796134949,0.32719317078590393,0.3700040876865387,0.37571215629577637,56616,1.0965678691864014,False
Reddit-S,43,global_grounded_dynamic,visual,context_visual,Q5,0.345206081867218,0.34543466567993164,0.32356542348861694,0.3677768111228943,0.3732627034187317,56616,1.096758246421814,False
Reddit-S,43,pair_grounded_dynamic,text,pair_other_modality,ALL,0.33521854877471924,0.33418869972229004,0.21494801342487335,0.4373837411403656,0.4606388807296753,283080,1.0795392990112305,True
Reddit-S,43,pair_grounded_dynamic,text,pair_other_modality,Q1,0.32869213819503784,0.3283548355102539,0.2112191617488861,0.4358372688293457,0.4663817584514618,56616,1.080595850944519,True
Reddit-S,43,pair_grounded_dynamic,text,pair_other_modality,Q2,0.3330835998058319,0.3474906086921692,0.20420929789543152,0.43977826833724976,0.4676145613193512,56616,1.077497124671936,True
Reddit-S,43,pair_grounded_dynamic,text,pair_other_modality,Q3,0.3375350832939148,0.3565075397491455,0.20975400507450104,0.4386167526245117,0.458936870098114,56616,1.0782415866851807,True
Reddit-S,43,pair_grounded_dynamic,text,pair_other_modality,Q4,0.3388429284095764,0.3499706983566284,0.21703949570655823,0.4377736747264862,0.453978955745697,56616,1.0789874792099,True
Reddit-S,43,pair_grounded_dynamic,text,pair_other_modality,Q5,0.33793893456459045,0.3166090250015259,0.2388986051082611,0.4349396824836731,0.45598411560058594,56616,1.0823744535446167,True
Reddit-S,43,pair_grounded_dynamic,text,context_text,ALL,0.3342980742454529,0.33425143361091614,0.2833496630191803,0.3947460651397705,0.40545400977134705,283080,1.0795392990112305,True
Reddit-S,43,pair_grounded_dynamic,text,context_text,Q1,0.3375699818134308,0.33765193819999695,0.2840178906917572,0.39648401737213135,0.40684619545936584,56616,1.080595850944519,True
Reddit-S,43,pair_grounded_dynamic,text,context_text,Q2,0.33543696999549866,0.32831230759620667,0.28210681676864624,0.40015077590942383,0.40973931550979614,56616,1.077497124671936,True
Reddit-S,43,pair_grounded_dynamic,text,context_text,Q3,0.33325502276420593,0.324022501707077,0.2827398180961609,0.39738261699676514,0.40746834874153137,56616,1.0782415866851807,True
Reddit-S,43,pair_grounded_dynamic,text,context_text,Q4,0.3325708508491516,0.32700279355049133,0.28317564725875854,0.3939022421836853,0.4039878845214844,56616,1.0789874792099,True
Reddit-S,43,pair_grounded_dynamic,text,context_text,Q5,0.3326576054096222,0.34181034564971924,0.2846137285232544,0.38332998752593994,0.39340153336524963,56616,1.0823744535446167,True
Reddit-S,43,pair_grounded_dynamic,text,context_visual,ALL,0.3304833769798279,0.3314598798751831,0.27921098470687866,0.39034780859947205,0.4007877707481384,283080,1.0795392990112305,True
Reddit-S,43,pair_grounded_dynamic,text,context_visual,Q1,0.33373790979385376,0.3339826166629791,0.2802189588546753,0.3922870457172394,0.402431458234787,56616,1.080595850944519,True
Reddit-S,43,pair_grounded_dynamic,text,context_visual,Q2,0.33147943019866943,0.32420241832733154,0.278072714805603,0.3957326114177704,0.40509992837905884,56616,1.077497124671936,True
Reddit-S,43,pair_grounded_dynamic,text,context_visual,Q3,0.3292098939418793,0.3193817734718323,0.2785654067993164,0.39294686913490295,0.4027894139289856,56616,1.0782415866851807,True
Reddit-S,43,pair_grounded_dynamic,text,context_visual,Q4,0.3285861611366272,0.32298028469085693,0.2790440320968628,0.3891471028327942,0.39928585290908813,56616,1.0789874792099,True
Reddit-S,43,pair_grounded_dynamic,text,context_visual,Q5,0.32940348982810974,0.34156516194343567,0.2803899049758911,0.37793663144111633,0.38864707946777344,56616,1.0823744535446167,True
Reddit-S,43,pair_grounded_dynamic,visual,pair_other_modality,ALL,0.25994744896888733,0.24860301613807678,0.17558600008487701,0.35042792558670044,0.4095061123371124,283080,1.0718847513198853,True
Reddit-S,43,pair_grounded_dynamic,visual,pair_other_modality,Q1,0.2793947160243988,0.26701635122299194,0.17981961369514465,0.40132686495780945,0.44126665592193604,56616,1.0741158723831177,True
Reddit-S,43,pair_grounded_dynamic,visual,pair_other_modality,Q2,0.2536703050136566,0.2464461326599121,0.16933979094028473,0.34412699937820435,0.4015456438064575,56616,1.0702580213546753,True
Reddit-S,43,pair_grounded_dynamic,visual,pair_other_modality,Q3,0.248760387301445,0.24254006147384644,0.17187470197677612,0.32917696237564087,0.3853452205657959,56616,1.0698533058166504,True
Reddit-S,43,pair_grounded_dynamic,visual,pair_other_modality,Q4,0.25016462802886963,0.24245242774486542,0.1740427315235138,0.32817816734313965,0.3838890790939331,56616,1.0701817274093628,True
Reddit-S,43,pair_grounded_dynamic,visual,pair_other_modality,Q5,0.2677471935749054,0.25266408920288086,0.18716081976890564,0.33322709798812866,0.3986167907714844,56616,1.0750149488449097,True
Reddit-S,43,pair_grounded_dynamic,visual,context_text,ALL,0.370082288980484,0.3758530020713806,0.3244057595729828,0.4123767018318176,0.42054447531700134,283080,1.0718847513198853,True
Reddit-S,43,pair_grounded_dynamic,visual,context_text,Q1,0.3601411283016205,0.3664798140525818,0.2987961173057556,0.4100302457809448,0.41920071840286255,56616,1.0741158723831177,True
Reddit-S,43,pair_grounded_dynamic,visual,context_text,Q2,0.37322577834129333,0.37700000405311584,0.3275941014289856,0.41540130972862244,0.423265278339386,56616,1.0702580213546753,True
Reddit-S,43,pair_grounded_dynamic,visual,context_text,Q3,0.3757389485836029,0.3789899945259094,0.33502262830734253,0.41424861550331116,0.42183470726013184,56616,1.0698533058166504,True
Reddit-S,43,pair_grounded_dynamic,visual,context_text,Q4,0.37505850195884705,0.3789885640144348,0.33545035123825073,0.41323062777519226,0.420369952917099,56616,1.0701817274093628,True
Reddit-S,43,pair_grounded_dynamic,visual,context_text,Q5,0.3662469983100891,0.3738039433956146,0.33299344778060913,0.4068872928619385,0.41609692573547363,56616,1.0750149488449097,True
Reddit-S,43,pair_grounded_dynamic,visual,context_visual,ALL,0.36997026205062866,0.3755132555961609,0.32515212893486023,0.41208311915397644,0.4202859699726105,283080,1.0718847513198853,True
Reddit-S,43,pair_grounded_dynamic,visual,context_visual,Q1,0.3604641556739807,0.36652660369873047,0.2999257445335388,0.410192608833313,0.41923725605010986,56616,1.0741158723831177,True
Reddit-S,43,pair_grounded_dynamic,visual,context_visual,Q2,0.3731038570404053,0.37653303146362305,0.3283149302005768,0.4152348041534424,0.42304912209510803,56616,1.0702580213546753,True
Reddit-S,43,pair_grounded_dynamic,visual,context_visual,Q3,0.37550070881843567,0.37848034501075745,0.3357694149017334,0.41394078731536865,0.42157068848609924,56616,1.0698533058166504,True
Reddit-S,43,pair_grounded_dynamic,visual,context_visual,Q4,0.3747768700122833,0.37854868173599243,0.33628761768341064,0.4127599000930786,0.42008233070373535,56616,1.0701817274093628,True
Reddit-S,43,pair_grounded_dynamic,visual,context_visual,Q5,0.3660057783126831,0.373547226190567,0.33376437425613403,0.4059712290763855,0.4154992997646332,56616,1.0750149488449097,True
Reddit-S,43,context_grounded_static,text,pair_other_modality,ALL,0.44018983840942383,0.4128536581993103,0.06283882260322571,0.7808787822723389,0.8045663833618164,283080,0.9085863828659058,True
Reddit-S,43,context_grounded_static,text,pair_other_modality,Q1,0.44643375277519226,0.4386340081691742,0.16787037253379822,0.7369577884674072,0.7762145400047302,56616,0.9601995348930359,True
Reddit-S,43,context_grounded_static,text,pair_other_modality,Q2,0.4794143736362457,0.45550259947776794,0.19571706652641296,0.770327091217041,0.7974420189857483,56616,0.9232116341590881,True
Reddit-S,43,context_grounded_static,text,pair_other_modality,Q3,0.4799583852291107,0.45723551511764526,0.14834952354431152,0.7851756811141968,0.8063845634460449,56616,0.8999984264373779,True
Reddit-S,43,context_grounded_static,text,pair_other_modality,Q4,0.44936782121658325,0.419863224029541,0.044787921011447906,0.791153073310852,0.811495304107666,56616,0.8800561428070068,True
Reddit-S,43,context_grounded_static,text,pair_other_modality,Q5,0.34577476978302,0.24598382413387299,0.03285903483629227,0.7922576069831848,0.8101516366004944,56616,0.8794660568237305,True
Reddit-S,43,context_grounded_static,text,context_text,ALL,0.2571065425872803,0.24795281887054443,0.12524545192718506,0.39508160948753357,0.421654611825943,283080,0.9085863828659058,True
Reddit-S,43,context_grounded_static,text,context_text,Q1,0.263630211353302,0.25262221693992615,0.12669441103935242,0.40889081358909607,0.4496115446090698,56616,0.9601995348930359,True
Reddit-S,43,context_grounded_static,text,context_text,Q2,0.2357829213142395,0.22846879065036774,0.11327047646045685,0.36042749881744385,0.3955935835838318,56616,0.9232116341590881,True
Reddit-S,43,context_grounded_static,text,context_text,Q3,0.23714351654052734,0.22753804922103882,0.11799097061157227,0.3655923008918762,0.3986334800720215,56616,0.8999984264373779,True
Reddit-S,43,context_grounded_static,text,context_text,Q4,0.25096461176872253,0.24169158935546875,0.12715479731559753,0.3856052756309509,0.412199467420578,56616,0.8800561428070068,True
Reddit-S,43,context_grounded_static,text,context_text,Q5,0.29801127314567566,0.3212684988975525,0.1360531449317932,0.41388487815856934,0.44546863436698914,56616,0.8794660568237305,True
Reddit-S,43,context_grounded_static,text,context_visual,ALL,0.3027036190032959,0.2856830358505249,0.06350159645080566,0.5751626491546631,0.6468418836593628,283080,0.9085863828659058,True
Reddit-S,43,context_grounded_static,text,context_visual,Q1,0.28993600606918335,0.27517300844192505,0.10936454683542252,0.47795453667640686,0.5255553722381592,56616,0.9601995348930359,True
Reddit-S,43,context_grounded_static,text,context_visual,Q2,0.2848026752471924,0.26716309785842896,0.0709242895245552,0.49649524688720703,0.5562639236450195,56616,0.9232116341590881,True
Reddit-S,43,context_grounded_static,text,context_visual,Q3,0.28289806842803955,0.26341861486434937,0.06103423982858658,0.5123922824859619,0.6382761001586914,56616,0.8999984264373779,True
Reddit-S,43,context_grounded_static,text,context_visual,Q4,0.2996675670146942,0.27574020624160767,0.05668292194604874,0.6281213760375977,0.6649457216262817,56616,0.8800561428070068,True
Reddit-S,43,context_grounded_static,text,context_visual,Q5,0.35621392726898193,0.3724488317966461,0.05801967531442642,0.6458460092544556,0.6679701805114746,56616,0.8794660568237305,True
Reddit-S,43,context_grounded_static,visual,pair_other_modality,ALL,0.2794422209262848,0.2705935835838318,0.13159750401973724,0.422798216342926,0.4575505256652832,283080,1.022762417793274,True
Reddit-S,43,context_grounded_static,visual,pair_other_modality,Q1,0.3128735423088074,0.3047136068344116,0.1848839521408081,0.45251017808914185,0.4896312355995178,56616,1.0453535318374634,True
Reddit-S,43,context_grounded_static,visual,pair_other_modality,Q2,0.29925617575645447,0.2854410409927368,0.17507772147655487,0.4415300488471985,0.47108104825019836,56616,1.0347929000854492,True
Reddit-S,43,context_grounded_static,visual,pair_other_modality,Q3,0.28483495116233826,0.2725192904472351,0.15924686193466187,0.4263634979724884,0.4562781751155853,56616,1.0278555154800415,True
Reddit-S,43,context_grounded_static,visual,pair_other_modality,Q4,0.26417890191078186,0.260379433631897,0.11204563081264496,0.4025096297264099,0.43543916940689087,56616,1.0146234035491943,True
Reddit-S,43,context_grounded_static,visual,pair_other_modality,Q5,0.23606769740581512,0.24604132771492004,0.10070181638002396,0.35229015350341797,0.4005472660064697,56616,0.9911864995956421,True
Reddit-S,43,context_grounded_static,visual,context_text,ALL,0.27051445841789246,0.27117955684661865,0.19023637473583221,0.33323413133621216,0.37996384501457214,283080,1.022762417793274,True
Reddit-S,43,context_grounded_static,visual,context_text,Q1,0.2884857952594757,0.2857118248939514,0.1812160462141037,0.3893495500087738,0.4341270923614502,56616,1.0453535318374634,True
Reddit-S,43,context_grounded_static,visual,context_text,Q2,0.2676497995853424,0.27276137471199036,0.16432955861091614,0.3282938003540039,0.35802286863327026,56616,1.0347929000854492,True
Reddit-S,43,context_grounded_static,visual,context_text,Q3,0.265078067779541,0.2703331708908081,0.18047039210796356,0.3196241855621338,0.3413948118686676,56616,1.0278555154800415,True
Reddit-S,43,context_grounded_static,visual,context_text,Q4,0.2649998962879181,0.26767152547836304,0.20241349935531616,0.3169650137424469,0.3397916555404663,56616,1.0146234035491943,True
Reddit-S,43,context_grounded_static,visual,context_text,Q5,0.2663586735725403,0.26349735260009766,0.20744003355503082,0.3161507546901703,0.3777313232421875,56616,0.9911864995956421,True
Reddit-S,43,context_grounded_static,visual,context_visual,ALL,0.450043261051178,0.45590341091156006,0.29329609870910645,0.6316211223602295,0.6733213067054749,283080,1.022762417793274,True
Reddit-S,43,context_grounded_static,visual,context_visual,Q1,0.3986406624317169,0.3875322937965393,0.2666458189487457,0.5612344741821289,0.5962072610855103,56616,1.0453535318374634,True
Reddit-S,43,context_grounded_static,visual,context_visual,Q2,0.43309393525123596,0.4469512701034546,0.2890675365924835,0.586546778678894,0.6262577772140503,56616,1.0347929000854492,True
Reddit-S,43,context_grounded_static,visual,context_visual,Q3,0.4500869810581207,0.4581327736377716,0.30006545782089233,0.606681227684021,0.6623932123184204,56616,1.0278555154800415,True
Reddit-S,43,context_grounded_static,visual,context_visual,Q4,0.47082117199897766,0.46408945322036743,0.31430548429489136,0.6578214764595032,0.6839576959609985,56616,1.0146234035491943,True
Reddit-S,43,context_grounded_static,visual,context_visual,Q5,0.4975736439228058,0.4741594195365906,0.3342258334159851,0.6765702962875366,0.6882611513137817,56616,0.9911864995956421,True
Reddit-S,43,context_grounded_dynamic,text,pair_other_modality,ALL,0.27397528290748596,0.2955308258533478,0.1026347428560257,0.391092449426651,0.4324025511741638,283080,1.0539106130599976,True
Reddit-S,43,context_grounded_dynamic,text,pair_other_modality,Q1,0.30538514256477356,0.30755335092544556,0.16833701729774475,0.4362383484840393,0.4744897186756134,56616,1.0697859525680542,True
Reddit-S,43,context_grounded_dynamic,text,pair_other_modality,Q2,0.2801544666290283,0.2943793535232544,0.1161433756351471,0.39041203260421753,0.43654850125312805,56616,1.0598598718643188,True
Reddit-S,43,context_grounded_dynamic,text,pair_other_modality,Q3,0.27216053009033203,0.29297518730163574,0.10308244824409485,0.3863154649734497,0.419668585062027,56616,1.0533161163330078,True
Reddit-S,43,context_grounded_dynamic,text,pair_other_modality,Q4,0.2591404318809509,0.28747060894966125,0.09317082166671753,0.3829645812511444,0.40846937894821167,56616,1.0437519550323486,True
Reddit-S,43,context_grounded_dynamic,text,pair_other_modality,Q5,0.2530357241630554,0.29427123069763184,0.09493592381477356,0.3759770691394806,0.3932321071624756,56616,1.0428398847579956,True
Reddit-S,43,context_grounded_dynamic,text,context_text,ALL,0.36180204153060913,0.3663744330406189,0.30620020627975464,0.41001999378204346,0.4200514554977417,283080,1.0539106130599976,True
Reddit-S,43,context_grounded_dynamic,text,context_text,Q1,0.35071858763694763,0.35649198293685913,0.2804926633834839,0.40965843200683594,0.42400556802749634,56616,1.0697859525680542,True
Reddit-S,43,context_grounded_dynamic,text,context_text,Q2,0.3631439208984375,0.36844930052757263,0.306892067193985,0.4100388288497925,0.42198681831359863,56616,1.0598598718643188,True
Reddit-S,43,context_grounded_dynamic,text,context_text,Q3,0.3659561574459076,0.37027645111083984,0.3144743740558624,0.41050606966018677,0.42067205905914307,56616,1.0533161163330078,True
Reddit-S,43,context_grounded_dynamic,text,context_text,Q4,0.3674296736717224,0.3712877631187439,0.3156135082244873,0.41128548979759216,0.41984519362449646,56616,1.0437519550323486,True
Reddit-S,43,context_grounded_dynamic,text,context_text,Q5,0.3617617189884186,0.3616255521774292,0.3120940923690796,0.40896904468536377,0.415060818195343,56616,1.0428398847579956,True
Reddit-S,43,context_grounded_dynamic,text,context_visual,ALL,0.3642227053642273,0.3505125939846039,0.26631462574005127,0.4944303035736084,0.5097846388816833,283080,1.0539106130599976,True
Reddit-S,43,context_grounded_dynamic,text,context_visual,Q1,0.3438962399959564,0.3382161557674408,0.2668130397796631,0.4376954436302185,0.47846829891204834,56616,1.0697859525680542,True
Reddit-S,43,context_grounded_dynamic,text,context_visual,Q2,0.35670167207717896,0.34428149461746216,0.265911340713501,0.4845126271247864,0.5052390098571777,56616,1.0598598718643188,True
Reddit-S,43,context_grounded_dynamic,text,context_visual,Q3,0.3618832528591156,0.34659385681152344,0.263858437538147,0.49537134170532227,0.5107113122940063,56616,1.0533161163330078,True
Reddit-S,43,context_grounded_dynamic,text,context_visual,Q4,0.3734298646450043,0.3571728765964508,0.264070063829422,0.5047664642333984,0.5169596672058105,56616,1.0437519550323486,True
Reddit-S,43,context_grounded_dynamic,text,context_visual,Q5,0.3852024972438812,0.3677528202533722,0.2717917561531067,0.502469539642334,0.513344407081604,56616,1.0428398847579956,True
Reddit-S,43,context_grounded_dynamic,visual,pair_other_modality,ALL,0.2913084328174591,0.29054298996925354,0.1137678250670433,0.4727277457714081,0.5171327590942383,283080,1.0386466979980469,True
Reddit-S,43,context_grounded_dynamic,visual,pair_other_modality,Q1,0.3367971181869507,0.3245115876197815,0.1692318469285965,0.5090447664260864,0.5545169115066528,56616,1.0518224239349365,True
Reddit-S,43,context_grounded_dynamic,visual,pair_other_modality,Q2,0.31164079904556274,0.30202293395996094,0.13367420434951782,0.4880003035068512,0.5296453237533569,56616,1.0463261604309082,True
Reddit-S,43,context_grounded_dynamic,visual,pair_other_modality,Q3,0.2914635241031647,0.28849226236343384,0.11830822378396988,0.4702959656715393,0.5111948251724243,56616,1.0415986776351929,True
Reddit-S,43,context_grounded_dynamic,visual,pair_other_modality,Q4,0.26791462302207947,0.2763006091117859,0.10382694005966187,0.45480993390083313,0.49754849076271057,56616,1.0309789180755615,True
Reddit-S,43,context_grounded_dynamic,visual,pair_other_modality,Q5,0.24872606992721558,0.2757645845413208,0.10008400678634644,0.3835039734840393,0.46009573340415955,56616,1.0225070714950562,True
Reddit-S,43,context_grounded_dynamic,visual,context_text,ALL,0.32035157084465027,0.2916521430015564,0.23070116341114044,0.48534536361694336,0.5104098916053772,283080,1.0386466979980469,True
Reddit-S,43,context_grounded_dynamic,visual,context_text,Q1,0.312255859375,0.2888156771659851,0.21534699201583862,0.4530128538608551,0.49818533658981323,56616,1.0518224239349365,True
Reddit-S,43,context_grounded_dynamic,visual,context_text,Q2,0.3115631937980652,0.2853531241416931,0.22602982819080353,0.4726071059703827,0.4999767243862152,56616,1.0463261604309082,True
Reddit-S,43,context_grounded_dynamic,visual,context_text,Q3,0.32177358865737915,0.29063671827316284,0.23275655508041382,0.4885026812553406,0.5098015069961548,56616,1.0415986776351929,True
Reddit-S,43,context_grounded_dynamic,visual,context_text,Q4,0.3308865427970886,0.2967863976955414,0.23697495460510254,0.49801379442214966,0.5166964530944824,56616,1.0309789180755615,True
Reddit-S,43,context_grounded_dynamic,visual,context_text,Q5,0.3252788782119751,0.2967412769794464,0.23710232973098755,0.49434253573417664,0.5232242345809937,56616,1.0225070714950562,True
Reddit-S,43,context_grounded_dynamic,visual,context_visual,ALL,0.38833993673324585,0.3881704807281494,0.279294490814209,0.5165153741836548,0.5557898283004761,283080,1.0386466979980469,True
Reddit-S,43,context_grounded_dynamic,visual,context_visual,Q1,0.3509470224380493,0.3490605354309082,0.2592047154903412,0.4499477744102478,0.4817849099636078,56616,1.0518224239349365,True
Reddit-S,43,context_grounded_dynamic,visual,context_visual,Q2,0.37679603695869446,0.3772185146808624,0.2750353515148163,0.4824655055999756,0.5206917524337769,56616,1.0463261604309082,True
Reddit-S,43,context_grounded_dynamic,visual,context_visual,Q3,0.3867628872394562,0.3867672383785248,0.2865741550922394,0.4945787489414215,0.544114351272583,56616,1.0415986776351929,True
Reddit-S,43,context_grounded_dynamic,visual,context_visual,Q4,0.4011988341808319,0.39996373653411865,0.29507607221603394,0.5398276448249817,0.5619815587997437,56616,1.0309789180755615,True
Reddit-S,43,context_grounded_dynamic,visual,context_visual,Q5,0.4259950816631317,0.4209861159324646,0.30445024371147156,0.5588070154190063,0.568547248840332,56616,1.0225070714950562,True
Reddit-S,44,global_grounded_dynamic,text,pair_other_modality,ALL,0.3179391324520111,0.3166751265525818,0.29063549637794495,0.34704524278640747,0.35629913210868835,283080,1.095760464668274,False
Reddit-S,44,global_grounded_dynamic,text,pair_other_modality,Q1,0.3206857740879059,0.3201550245285034,0.2897249758243561,0.35198599100112915,0.3617393672466278,56616,1.0961025953292847,False
Reddit-S,44,global_grounded_dynamic,text,pair_other_modality,Q2,0.31982746720314026,0.31922948360443115,0.289522647857666,0.3503209352493286,0.3602079153060913,56616,1.095676064491272,False
Reddit-S,44,global_grounded_dynamic,text,pair_other_modality,Q3,0.3174366056919098,0.3163270950317383,0.2902147173881531,0.34579384326934814,0.3547205924987793,56616,1.095578670501709,False
Reddit-S,44,global_grounded_dynamic,text,pair_other_modality,Q4,0.31555429100990295,0.31397151947021484,0.2904275059700012,0.3432771563529968,0.3521386981010437,56616,1.095572829246521,False
Reddit-S,44,global_grounded_dynamic,text,pair_other_modality,Q5,0.3161916136741638,0.3144606947898865,0.29248887300491333,0.34259307384490967,0.35089489817619324,56616,1.0958728790283203,False
Reddit-S,44,global_grounded_dynamic,text,context_text,ALL,0.33386969566345215,0.3327649235725403,0.30797120928764343,0.36206725239753723,0.37197965383529663,283080,1.095760464668274,False
Reddit-S,44,global_grounded_dynamic,text,context_text,Q1,0.3364705741405487,0.33527958393096924,0.31140580773353577,0.36383938789367676,0.3729853630065918,56616,1.0961025953292847,False
Reddit-S,44,global_grounded_dynamic,text,context_text,Q2,0.3331191837787628,0.33253294229507446,0.3056124150753021,0.3613201975822449,0.3704599142074585,56616,1.095676064491272,False
Reddit-S,44,global_grounded_dynamic,text,context_text,Q3,0.33315587043762207,0.33246827125549316,0.30567145347595215,0.36175018548965454,0.3711669147014618,56616,1.095578670501709,False
Reddit-S,44,global_grounded_dynamic,text,context_text,Q4,0.333413302898407,0.3326273262500763,0.3074798583984375,0.36120301485061646,0.3715116083621979,56616,1.095572829246521,False
Reddit-S,44,global_grounded_dynamic,text,context_text,Q5,0.3331897258758545,0.3308336138725281,0.3100011348724365,0.36180853843688965,0.37326928973197937,56616,1.0958728790283203,False
Reddit-S,44,global_grounded_dynamic,text,context_visual,ALL,0.34819114208221436,0.34922462701797485,0.31776419281959534,0.3764970302581787,0.3843071460723877,283080,1.095760464668274,False
Reddit-S,44,global_grounded_dynamic,text,context_visual,Q1,0.3428436517715454,0.34309807419776917,0.31778886914253235,0.36712148785591125,0.37442728877067566,56616,1.0961025953292847,False
Reddit-S,44,global_grounded_dynamic,text,context_visual,Q2,0.3470533788204193,0.34767866134643555,0.3162769675254822,0.3770673871040344,0.38509029150009155,56616,1.095676064491272,False
Reddit-S,44,global_grounded_dynamic,text,context_visual,Q3,0.3494075536727905,0.35083234310150146,0.31647443771362305,0.379849910736084,0.3874208629131317,56616,1.095578670501709,False
Reddit-S,44,global_grounded_dynamic,text,context_visual,Q4,0.35103243589401245,0.35298725962638855,0.31796446442604065,0.379507839679718,0.3868212103843689,56616,1.095572829246521,False
Reddit-S,44,global_grounded_dynamic,text,context_visual,Q5,0.3506186902523041,0.3520529866218567,0.32138141989707947,0.3763291537761688,0.3836088478565216,56616,1.0958728790283203,False
Reddit-S,44,global_grounded_dynamic,visual,pair_other_modality,ALL,0.33222025632858276,0.3322939872741699,0.30473947525024414,0.35956910252571106,0.36727944016456604,283080,1.0970311164855957,False
Reddit-S,44,global_grounded_dynamic,visual,pair_other_modality,Q1,0.3336946964263916,0.3335987329483032,0.30416715145111084,0.36311987042427063,0.37210142612457275,56616,1.096794605255127,False
Reddit-S,44,global_grounded_dynamic,visual,pair_other_modality,Q2,0.33313822746276855,0.33376026153564453,0.3047109544277191,0.3604367971420288,0.368150532245636,56616,1.0969181060791016,False
Reddit-S,44,global_grounded_dynamic,visual,pair_other_modality,Q3,0.33251655101776123,0.3330855667591095,0.3053189516067505,0.3585267663002014,0.3659197688102722,56616,1.097083568572998,False
Reddit-S,44,global_grounded_dynamic,visual,pair_other_modality,Q4,0.33156687021255493,0.3316464126110077,0.3053067922592163,0.35773634910583496,0.36473649740219116,56616,1.0971678495407104,False
Reddit-S,44,global_grounded_dynamic,visual,pair_other_modality,Q5,0.33018484711647034,0.32923635840415955,0.30424532294273376,0.3579029440879822,0.3654816746711731,56616,1.097191333770752,False
Reddit-S,44,global_grounded_dynamic,visual,context_text,ALL,0.3414548337459564,0.3419657349586487,0.3217238783836365,0.35979050397872925,0.3660043776035309,283080,1.0970311164855957,False
Reddit-S,44,global_grounded_dynamic,visual,context_text,Q1,0.3396404981613159,0.3394508361816406,0.31949806213378906,0.3597763478755951,0.3663587272167206,56616,1.096794605255127,False
Reddit-S,44,global_grounded_dynamic,visual,context_text,Q2,0.34171262383461,0.34216856956481934,0.3222089111804962,0.3602275848388672,0.3659900426864624,56616,1.0969181060791016,False
Reddit-S,44,global_grounded_dynamic,visual,context_text,Q3,0.341928094625473,0.34244245290756226,0.32271578907966614,0.3597547709941864,0.3654843270778656,56616,1.097083568572998,False
Reddit-S,44,global_grounded_dynamic,visual,context_text,Q4,0.34207043051719666,0.34263357520103455,0.3230850100517273,0.35933154821395874,0.3656264841556549,56616,1.0971678495407104,False
Reddit-S,44,global_grounded_dynamic,visual,context_text,Q5,0.3419225811958313,0.3428571820259094,0.32172125577926636,0.35976237058639526,0.3666003346443176,56616,1.097191333770752,False
Reddit-S,44,global_grounded_dynamic,visual,context_visual,ALL,0.3263248801231384,0.32585033774375916,0.3077232539653778,0.3453490734100342,0.3527814745903015,283080,1.0970311164855957,False
Reddit-S,44,global_grounded_dynamic,visual,context_visual,Q1,0.3266648054122925,0.32642537355422974,0.3040871024131775,0.34959620237350464,0.35704052448272705,56616,1.096794605255127,False
Reddit-S,44,global_grounded_dynamic,visual,context_visual,Q2,0.32514917850494385,0.3243865370750427,0.30545464158058167,0.34564727544784546,0.35391369462013245,56616,1.0969181060791016,False
Reddit-S,44,global_grounded_dynamic,visual,context_visual,Q3,0.32555532455444336,0.32483768463134766,0.30780768394470215,0.34412622451782227,0.35158002376556396,56616,1.097083568572998,False
Reddit-S,44,global_grounded_dynamic,visual,context_visual,Q4,0.32636263966560364,0.3257306218147278,0.30957621335983276,0.3438412547111511,0.3505829870700836,56616,1.0971678495407104,False
Reddit-S,44,global_grounded_dynamic,visual,context_visual,Q5,0.32789260149002075,0.32759758830070496,0.31200748682022095,0.3434968888759613,0.34964311122894287,56616,1.097191333770752,False
Reddit-S,44,pair_grounded_dynamic,text,pair_other_modality,ALL,0.3920731544494629,0.40592527389526367,0.1908109039068222,0.6318345665931702,0.6584997177124023,283080,1.0304726362228394,True
Reddit-S,44,pair_grounded_dynamic,text,pair_other_modality,Q1,0.4304189085960388,0.4469446539878845,0.2070944905281067,0.6481130123138428,0.6746962070465088,56616,1.0217831134796143,True
Reddit-S,44,pair_grounded_dynamic,text,pair_other_modality,Q2,0.3881804347038269,0.40183961391448975,0.19007229804992676,0.6350382566452026,0.6621435284614563,56616,1.0301344394683838,True
Reddit-S,44,pair_grounded_dynamic,text,pair_other_modality,Q3,0.390065997838974,0.4074489176273346,0.189144104719162,0.6365783214569092,0.6609472036361694,56616,1.0273489952087402,True
Reddit-S,44,pair_grounded_dynamic,text,pair_other_modality,Q4,0.38237234950065613,0.39299142360687256,0.18871155381202698,0.6311777830123901,0.6540655493736267,56616,1.0297595262527466,True
Reddit-S,44,pair_grounded_dynamic,text,pair_other_modality,Q5,0.36932802200317383,0.3872230648994446,0.18872100114822388,0.6004399657249451,0.6329162120819092,56616,1.0433372259140015,True
Reddit-S,44,pair_grounded_dynamic,text,context_text,ALL,0.3078559339046478,0.30066174268722534,0.18606731295585632,0.41035932302474976,0.4156176447868347,283080,1.0304726362228394,True
Reddit-S,44,pair_grounded_dynamic,text,context_text,Q1,0.28821951150894165,0.27991414070129395,0.1778961718082428,0.4013417959213257,0.4104316234588623,56616,1.0217831134796143,True
Reddit-S,44,pair_grounded_dynamic,text,context_text,Q2,0.30988457798957825,0.3029107451438904,0.18459723889827728,0.4104756712913513,0.41690316796302795,56616,1.0301344394683838,True
Reddit-S,44,pair_grounded_dynamic,text,context_text,Q3,0.30896198749542236,0.29995328187942505,0.18371805548667908,0.4111858308315277,0.41645681858062744,56616,1.0273489952087402,True
Reddit-S,44,pair_grounded_dynamic,text,context_text,Q4,0.3128419518470764,0.30705365538597107,0.18633350729942322,0.41163328289985657,0.4159596860408783,56616,1.0297595262527466,True
Reddit-S,44,pair_grounded_dynamic,text,context_text,Q5,0.31937167048454285,0.3099883496761322,0.2016521394252777,0.4117808938026428,0.41596081852912903,56616,1.0433372259140015,True
Reddit-S,44,pair_grounded_dynamic,text,context_visual,ALL,0.3000709116458893,0.2933991551399231,0.1820722371339798,0.39888569712638855,0.4041203260421753,283080,1.0304726362228394,True
Reddit-S,44,pair_grounded_dynamic,text,context_visual,Q1,0.28136152029037476,0.27317193150520325,0.17393815517425537,0.39153334498405457,0.4001676142215729,56616,1.0217831134796143,True
Reddit-S,44,pair_grounded_dynamic,text,context_visual,Q2,0.30193498730659485,0.2953776717185974,0.18033091723918915,0.39958858489990234,0.4058566987514496,56616,1.0301344394683838,True
Reddit-S,44,pair_grounded_dynamic,text,context_visual,Q3,0.30097201466560364,0.29252177476882935,0.17971055209636688,0.39981749653816223,0.40513983368873596,56616,1.0273489952087402,True
Reddit-S,44,pair_grounded_dynamic,text,context_visual,Q4,0.30478572845458984,0.29993966221809387,0.18248504400253296,0.39978986978530884,0.40418893098831177,56616,1.0297595262527466,True
Reddit-S,44,pair_grounded_dynamic,text,context_visual,Q5,0.3113003075122833,0.30288541316986084,0.19779546558856964,0.3996007442474365,0.4038082957267761,56616,1.0433372259140015,True
Reddit-S,44,pair_grounded_dynamic,visual,pair_other_modality,ALL,0.3428111672401428,0.3025335669517517,0.22605794668197632,0.5338373780250549,0.5645065307617188,283080,1.069319248199463,True
Reddit-S,44,pair_grounded_dynamic,visual,pair_other_modality,Q1,0.3196306526660919,0.30525025725364685,0.20927032828330994,0.4596402645111084,0.506037712097168,56616,1.0771980285644531,True
Reddit-S,44,pair_grounded_dynamic,visual,pair_other_modality,Q2,0.3357708752155304,0.30259257555007935,0.21543893218040466,0.5085969567298889,0.5405594110488892,56616,1.0712403059005737,True
Reddit-S,44,pair_grounded_dynamic,visual,pair_other_modality,Q3,0.3417142331600189,0.2977578043937683,0.22152875363826752,0.531805157661438,0.5610044002532959,56616,1.0681573152542114,True
Reddit-S,44,pair_grounded_dynamic,visual,pair_other_modality,Q4,0.3545655310153961,0.2999553084373474,0.23223015666007996,0.5538012385368347,0.5766801238059998,56616,1.0643773078918457,True
Reddit-S,44,pair_grounded_dynamic,visual,pair_other_modality,Q5,0.36237457394599915,0.30582451820373535,0.24907900393009186,0.5620229244232178,0.5834637880325317,56616,1.0656238794326782,True
Reddit-S,44,pair_grounded_dynamic,visual,context_text,ALL,0.3291178047657013,0.34962141513824463,0.23226188123226166,0.38835734128952026,0.4008435904979706,283080,1.069319248199463,True
Reddit-S,44,pair_grounded_dynamic,visual,context_text,Q1,0.3406643867492676,0.3478797972202301,0.2693367600440979,0.3968077600002289,0.41094955801963806,56616,1.0771980285644531,True
Reddit-S,44,pair_grounded_dynamic,visual,context_text,Q2,0.3325345814228058,0.3492485284805298,0.24476690590381622,0.3937531113624573,0.40727925300598145,56616,1.0712403059005737,True
Reddit-S,44,pair_grounded_dynamic,visual,context_text,Q3,0.3295965790748596,0.35179829597473145,0.23324662446975708,0.39059996604919434,0.40241485834121704,56616,1.0681573152542114,True
Reddit-S,44,pair_grounded_dynamic,visual,context_text,Q4,0.3232323229312897,0.3508743345737457,0.2222880721092224,0.3852887749671936,0.39521998167037964,56616,1.0643773078918457,True
Reddit-S,44,pair_grounded_dynamic,visual,context_text,Q5,0.3195610046386719,0.3486711382865906,0.2182699739933014,0.37687039375305176,0.38475215435028076,56616,1.0656238794326782,True
Reddit-S,44,pair_grounded_dynamic,visual,context_visual,ALL,0.3280710279941559,0.3477611541748047,0.23392708599567413,0.3856448233127594,0.3982999324798584,283080,1.069319248199463,True
Reddit-S,44,pair_grounded_dynamic,visual,context_visual,Q1,0.3397049307823181,0.3468901515007019,0.27097225189208984,0.3941141963005066,0.4083499312400818,56616,1.0771980285644531,True
Reddit-S,44,pair_grounded_dynamic,visual,context_visual,Q2,0.33169448375701904,0.34812650084495544,0.24661898612976074,0.3909219205379486,0.40476471185684204,56616,1.0712403059005737,True
Reddit-S,44,pair_grounded_dynamic,visual,context_visual,Q3,0.32868924736976624,0.3504168689250946,0.2348933070898056,0.38786596059799194,0.3999452590942383,56616,1.0681573152542114,True
Reddit-S,44,pair_grounded_dynamic,visual,context_visual,Q4,0.3222021162509918,0.3490504324436188,0.22391672432422638,0.3825346529483795,0.3926387131214142,56616,1.0643773078918457,True
Reddit-S,44,pair_grounded_dynamic,visual,context_visual,Q5,0.318064421415329,0.34546902775764465,0.21973025798797607,0.3741118907928467,0.3821878433227539,56616,1.0656238794326782,True
Reddit-S,44,context_grounded_static,text,pair_other_modality,ALL,0.3090754449367523,0.2774476706981659,0.11281181871891022,0.5840885043144226,0.6356327533721924,283080,1.0340970754623413,True
Reddit-S,44,context_grounded_static,text,pair_other_modality,Q1,0.34787845611572266,0.3027414381504059,0.18607252836227417,0.6091688871383667,0.6527175903320312,56616,1.0410181283950806,True
Reddit-S,44,context_grounded_static,text,pair_other_modality,Q2,0.33800190687179565,0.2952989637851715,0.1732783168554306,0.6139647960662842,0.6571921706199646,56616,1.035124659538269,True
Reddit-S,44,context_grounded_static,text,pair_other_modality,Q3,0.30621975660324097,0.2747989892959595,0.12585729360580444,0.5832538604736328,0.6354248523712158,56616,1.0358935594558716,True
Reddit-S,44,context_grounded_static,text,pair_other_modality,Q4,0.2810267210006714,0.26195472478866577,0.09166668355464935,0.5361175537109375,0.6136913299560547,56616,1.0328969955444336,True
Reddit-S,44,context_grounded_static,text,pair_other_modality,Q5,0.2722504734992981,0.2585510015487671,0.08505773544311523,0.5274033546447754,0.6003013849258423,56616,1.0255519151687622,True
Reddit-S,44,context_grounded_static,text,context_text,ALL,0.3208247423171997,0.334887832403183,0.2099241316318512,0.3900018036365509,0.4061499238014221,283080,1.0340970754623413,True
Reddit-S,44,context_grounded_static,text,context_text,Q1,0.3186435103416443,0.33138465881347656,0.20406374335289001,0.4025808274745941,0.4240013062953949,56616,1.0410181283950806,True
Reddit-S,44,context_grounded_static,text,context_text,Q2,0.312533974647522,0.32501813769340515,0.19860747456550598,0.3931334316730499,0.41136497259140015,56616,1.035124659538269,True
Reddit-S,44,context_grounded_static,text,context_text,Q3,0.3191963732242584,0.3314000368118286,0.21053668856620789,0.38917598128318787,0.40413111448287964,56616,1.0358935594558716,True
Reddit-S,44,context_grounded_static,text,context_text,Q4,0.3258320093154907,0.33979684114456177,0.22763970494270325,0.3869990408420563,0.39851468801498413,56616,1.0328969955444336,True
Reddit-S,44,context_grounded_static,text,context_text,Q5,0.3279178738594055,0.3429167568683624,0.22260558605194092,0.3831005096435547,0.3930926024913788,56616,1.0255519151687622,True
Reddit-S,44,context_grounded_static,text,context_visual,ALL,0.370099812746048,0.3726632297039032,0.20667876303195953,0.5024254322052002,0.5733561515808105,283080,1.0340970754623413,True
Reddit-S,44,context_grounded_static,text,context_visual,Q1,0.33347809314727783,0.3543285131454468,0.18417403101921082,0.4324948489665985,0.45569896697998047,56616,1.0410181283950806,True
Reddit-S,44,context_grounded_static,text,context_visual,Q2,0.3494641184806824,0.3638806939125061,0.18585428595542908,0.45792558789253235,0.5044481754302979,56616,1.035124659538269,True
Reddit-S,44,context_grounded_static,text,context_visual,Q3,0.374583899974823,0.3768231272697449,0.2093074917793274,0.49240604043006897,0.5762176513671875,56616,1.0358935594558716,True
Reddit-S,44,context_grounded_static,text,context_visual,Q4,0.3931412696838379,0.3831751346588135,0.24163249135017395,0.5563146471977234,0.5927642583847046,56616,1.0328969955444336,True
Reddit-S,44,context_grounded_static,text,context_visual,Q5,0.399831622838974,0.38115060329437256,0.25453558564186096,0.5699278116226196,0.5976444482803345,56616,1.0255519151687622,True
Reddit-S,44,context_grounded_static,visual,pair_other_modality,ALL,0.3395589590072632,0.3340378403663635,0.10149981826543808,0.5321123003959656,0.6135815978050232,283080,1.0294402837753296,True
Reddit-S,44,context_grounded_static,visual,pair_other_modality,Q1,0.34086930751800537,0.3089231550693512,0.16682833433151245,0.575783908367157,0.6467496156692505,56616,1.0356504917144775,True
Reddit-S,44,context_grounded_static,visual,pair_other_modality,Q2,0.35468998551368713,0.3303438723087311,0.18421879410743713,0.5830199718475342,0.6495442390441895,56616,1.0314998626708984,True
Reddit-S,44,context_grounded_static,visual,pair_other_modality,Q3,0.34029603004455566,0.32801568508148193,0.1161019578576088,0.529367208480835,0.6119754910469055,56616,1.032613754272461,True
Reddit-S,44,context_grounded_static,visual,pair_other_modality,Q4,0.33087971806526184,0.34095531702041626,0.07874292135238647,0.4900152385234833,0.5609859228134155,56616,1.0286370515823364,True
Reddit-S,44,context_grounded_static,visual,pair_other_modality,Q5,0.33105990290641785,0.37197235226631165,0.07376804947853088,0.48271822929382324,0.5397940874099731,56616,1.0188004970550537,True
Reddit-S,44,context_grounded_static,visual,context_text,ALL,0.34369826316833496,0.3142663240432739,0.24650821089744568,0.5631398558616638,0.6130156517028809,283080,1.0294402837753296,True
Reddit-S,44,context_grounded_static,visual,context_text,Q1,0.34168270230293274,0.33510851860046387,0.23362073302268982,0.4688812494277954,0.5173628330230713,56616,1.0356504917144775,True
Reddit-S,44,context_grounded_static,visual,context_text,Q2,0.3227994441986084,0.3013293743133545,0.2352883368730545,0.43482303619384766,0.5622768402099609,56616,1.0314998626708984,True
Reddit-S,44,context_grounded_static,visual,context_text,Q3,0.33360040187835693,0.3029095530509949,0.24585041403770447,0.529748260974884,0.6122688055038452,56616,1.032613754272461,True
Reddit-S,44,context_grounded_static,visual,context_text,Q4,0.34925591945648193,0.30858343839645386,0.2510976791381836,0.6058119535446167,0.6196620464324951,56616,1.0286370515823364,True
Reddit-S,44,context_grounded_static,visual,context_text,Q5,0.3711528778076172,0.3264770209789276,0.25402939319610596,0.612809419631958,0.6222726702690125,56616,1.0188004970550537,True
Reddit-S,44,context_grounded_static,visual,context_visual,ALL,0.31674277782440186,0.3125671148300171,0.19323208928108215,0.4509490728378296,0.47238436341285706,283080,1.0294402837753296,True
Reddit-S,44,context_grounded_static,visual,context_visual,Q1,0.3174480199813843,0.3214836120605469,0.18013475835323334,0.44213616847991943,0.4680544435977936,56616,1.0356504917144775,True
Reddit-S,44,context_grounded_static,visual,context_visual,Q2,0.32251060009002686,0.3209001421928406,0.1731167435646057,0.46135619282722473,0.4783160984516144,56616,1.0314998626708984,True
Reddit-S,44,context_grounded_static,visual,context_visual,Q3,0.3261036276817322,0.31966492533683777,0.19405153393745422,0.4604061245918274,0.4770267605781555,56616,1.032613754272461,True
Reddit-S,44,context_grounded_static,visual,context_visual,Q4,0.319864422082901,0.3126165270805359,0.2149142473936081,0.4528957009315491,0.47274327278137207,56616,1.0286370515823364,True
Reddit-S,44,context_grounded_static,visual,context_visual,Q5,0.29778721928596497,0.29834628105163574,0.21224626898765564,0.38367873430252075,0.4534494876861572,56616,1.0188004970550537,True
Reddit-S,44,context_grounded_dynamic,text,pair_other_modality,ALL,0.3049823045730591,0.29211047291755676,0.17649318277835846,0.4324183464050293,0.5178821086883545,283080,1.0639313459396362,True
Reddit-S,44,context_grounded_dynamic,text,pair_other_modality,Q1,0.33099302649497986,0.31664758920669556,0.20252785086631775,0.48272204399108887,0.5595537424087524,56616,1.0655951499938965,True
Reddit-S,44,context_grounded_dynamic,text,pair_other_modality,Q2,0.32990187406539917,0.32223406434059143,0.1907641589641571,0.4702602028846741,0.5683144330978394,56616,1.062620997428894,True
Reddit-S,44,context_grounded_dynamic,text,pair_other_modality,Q3,0.31254643201828003,0.3016239106655121,0.18388305604457855,0.4304835796356201,0.511204719543457,56616,1.0657707452774048,True
Reddit-S,44,context_grounded_dynamic,text,pair_other_modality,Q4,0.28940388560295105,0.27383244037628174,0.17192989587783813,0.4059308171272278,0.4519580602645874,56616,1.065498948097229,True
Reddit-S,44,context_grounded_dynamic,text,pair_other_modality,Q5,0.2620662748813629,0.2431127429008484,0.1652817577123642,0.3737911581993103,0.42461466789245605,56616,1.0601710081100464,True
Reddit-S,44,context_grounded_dynamic,text,context_text,ALL,0.35762321949005127,0.35133346915245056,0.29208049178123474,0.43541738390922546,0.4603211581707001,283080,1.0639313459396362,True
Reddit-S,44,context_grounded_dynamic,text,context_text,Q1,0.3524702191352844,0.3504294157028198,0.2749718427658081,0.4332695007324219,0.46844208240509033,56616,1.0655951499938965,True
Reddit-S,44,context_grounded_dynamic,text,context_text,Q2,0.3538675606250763,0.34938034415245056,0.2779946029186249,0.435446560382843,0.4700793921947479,56616,1.062620997428894,True
Reddit-S,44,context_grounded_dynamic,text,context_text,Q3,0.35575053095817566,0.3482288122177124,0.2921363115310669,0.4313833713531494,0.46116700768470764,56616,1.0657707452774048,True
Reddit-S,44,context_grounded_dynamic,text,context_text,Q4,0.3606792986392975,0.3514799177646637,0.30176830291748047,0.43664124608039856,0.45825740694999695,56616,1.065498948097229,True
Reddit-S,44,context_grounded_dynamic,text,context_text,Q5,0.3653486371040344,0.3559083342552185,0.30833226442337036,0.4375940263271332,0.4524802565574646,56616,1.0601710081100464,True
Reddit-S,44,context_grounded_dynamic,text,context_visual,ALL,0.3373944163322449,0.33273589611053467,0.25292539596557617,0.43642085790634155,0.4576839208602905,283080,1.0639313459396362,True
Reddit-S,44,context_grounded_dynamic,text,context_visual,Q1,0.31653672456741333,0.31866419315338135,0.22938653826713562,0.40351736545562744,0.42803552746772766,56616,1.0655951499938965,True
Reddit-S,44,context_grounded_dynamic,text,context_visual,Q2,0.31623050570487976,0.30842724442481995,0.23821276426315308,0.4172179698944092,0.4405670166015625,56616,1.062620997428894,True
Reddit-S,44,context_grounded_dynamic,text,context_visual,Q3,0.3317030370235443,0.3199792504310608,0.25356608629226685,0.43385910987854004,0.4533252418041229,56616,1.0657707452774048,True
Reddit-S,44,context_grounded_dynamic,text,context_visual,Q4,0.34991681575775146,0.35198846459388733,0.2640530467033386,0.44289830327033997,0.4603680372238159,56616,1.065498948097229,True
Reddit-S,44,context_grounded_dynamic,text,context_visual,Q5,0.37258508801460266,0.38243550062179565,0.28132063150405884,0.4625476598739624,0.4774075746536255,56616,1.0601710081100464,True
Reddit-S,44,context_grounded_dynamic,visual,pair_other_modality,ALL,0.2573142349720001,0.24808065593242645,0.0999254360795021,0.4057217836380005,0.5295572876930237,283080,1.0338377952575684,True
Reddit-S,44,context_grounded_dynamic,visual,pair_other_modality,Q1,0.27907800674438477,0.2533753514289856,0.13630929589271545,0.4630970358848572,0.5811566114425659,56616,1.0399856567382812,True
Reddit-S,44,context_grounded_dynamic,visual,pair_other_modality,Q2,0.26708894968032837,0.24487920105457306,0.11884623020887375,0.44706860184669495,0.6014648675918579,56616,1.030949592590332,True
Reddit-S,44,context_grounded_dynamic,visual,pair_other_modality,Q3,0.2569029927253723,0.2474210411310196,0.1181647926568985,0.4015556275844574,0.5190066695213318,56616,1.036650538444519,True
Reddit-S,44,context_grounded_dynamic,visual,pair_other_modality,Q4,0.24656784534454346,0.2491036355495453,0.08851999044418335,0.3653774559497833,0.4394533336162567,56616,1.0369985103607178,True
Reddit-S,44,context_grounded_dynamic,visual,pair_other_modality,Q5,0.23693348467350006,0.2458723783493042,0.0720345601439476,0.35821443796157837,0.439517080783844,56616,1.024604320526123,True
Reddit-S,44,context_grounded_dynamic,visual,context_text,ALL,0.3756338357925415,0.3623936176300049,0.285167396068573,0.5305641293525696,0.5761010646820068,283080,1.0338377952575684,True
Reddit-S,44,context_grounded_dynamic,visual,context_text,Q1,0.36519655585289,0.3608514070510864,0.2561531662940979,0.48033782839775085,0.5296944975852966,56616,1.0399856567382812,True
Reddit-S,44,context_grounded_dynamic,visual,context_text,Q2,0.36142459511756897,0.356477290391922,0.26603397727012634,0.4818399250507355,0.5592420101165771,56616,1.030949592590332,True
Reddit-S,44,context_grounded_dynamic,visual,context_text,Q3,0.36806753277778625,0.3592599928379059,0.2880896329879761,0.47525638341903687,0.5674557685852051,56616,1.036650538444519,True
Reddit-S,44,context_grounded_dynamic,visual,context_text,Q4,0.38144728541374207,0.3640570640563965,0.30502066016197205,0.547444224357605,0.5809091329574585,56616,1.0369985103607178,True
Reddit-S,44,context_grounded_dynamic,visual,context_text,Q5,0.402033269405365,0.3769832253456116,0.3062015473842621,0.5765788555145264,0.5887026786804199,56616,1.024604320526123,True
Reddit-S,44,context_grounded_dynamic,visual,context_visual,ALL,0.3670518696308136,0.3689534366130829,0.29028481245040894,0.4658685028553009,0.48515060544013977,283080,1.0338377952575684,True
Reddit-S,44,context_grounded_dynamic,visual,context_visual,Q1,0.35572549700737,0.3567785620689392,0.26834890246391296,0.45743733644485474,0.4755147099494934,56616,1.0399856567382812,True
Reddit-S,44,context_grounded_dynamic,visual,context_visual,Q2,0.37148648500442505,0.3696334958076477,0.27746903896331787,0.4784117043018341,0.4913862943649292,56616,1.030949592590332,True
Reddit-S,44,context_grounded_dynamic,visual,context_visual,Q3,0.37502947449684143,0.3727377653121948,0.2985419034957886,0.4782317280769348,0.49246519804000854,56616,1.036650538444519,True
Reddit-S,44,context_grounded_dynamic,visual,context_visual,Q4,0.37198489904403687,0.37209218740463257,0.3151699900627136,0.46343350410461426,0.48665934801101685,56616,1.0369985103607178,True
Reddit-S,44,context_grounded_dynamic,visual,context_visual,Q5,0.36103323101997375,0.36757224798202515,0.3137131631374359,0.4008276164531708,0.4252762198448181,56616,1.024604320526123,True
