epoch,W_hist_frobenius_norm,dataset,variant,seed,best_epoch
0,0.0,Grocery,operation_history,42,107
1,0.2559630572795868,Grocery,operation_history,42,107
2,0.36368733644485474,Grocery,operation_history,42,107
3,0.4363939166069031,Grocery,operation_history,42,107
4,0.506736695766449,Grocery,operation_history,42,107
5,0.5932360291481018,Grocery,operation_history,42,107
6,0.6901817321777344,Grocery,operation_history,42,107
7,0.7977926731109619,Grocery,operation_history,42,107
8,0.9047777652740479,Grocery,operation_history,42,107
9,1.012123703956604,Grocery,operation_history,42,107
10,1.1190110445022583,Grocery,operation_history,42,107
11,1.2218607664108276,Grocery,operation_history,42,107
12,1.3192914724349976,Grocery,operation_history,42,107
13,1.4097967147827148,Grocery,operation_history,42,107
14,1.4944077730178833,Grocery,operation_history,42,107
15,1.57479727268219,Grocery,operation_history,42,107
16,1.6482675075531006,Grocery,operation_history,42,107
17,1.7149748802185059,Grocery,operation_history,42,107
18,1.776895523071289,Grocery,operation_history,42,107
19,1.8337494134902954,Grocery,operation_history,42,107
20,1.8863734006881714,Grocery,operation_history,42,107
21,1.9343783855438232,Grocery,operation_history,42,107
22,1.979486107826233,Grocery,operation_history,42,107
23,2.02140736579895,Grocery,operation_history,42,107
24,2.0602669715881348,Grocery,operation_history,42,107
25,2.0960216522216797,Grocery,operation_history,42,107
26,2.128798723220825,Grocery,operation_history,42,107
27,2.159832000732422,Grocery,operation_history,42,107
28,2.1888270378112793,Grocery,operation_history,42,107
29,2.2168948650360107,Grocery,operation_history,42,107
30,2.2431418895721436,Grocery,operation_history,42,107
31,2.26729154586792,Grocery,operation_history,42,107
32,2.290123701095581,Grocery,operation_history,42,107
33,2.3122780323028564,Grocery,operation_history,42,107
34,2.3337860107421875,Grocery,operation_history,42,107
35,2.3552205562591553,Grocery,operation_history,42,107
36,2.3761744499206543,Grocery,operation_history,42,107
37,2.3963401317596436,Grocery,operation_history,42,107
38,2.4171676635742188,Grocery,operation_history,42,107
39,2.4371860027313232,Grocery,operation_history,42,107
40,2.4571313858032227,Grocery,operation_history,42,107
41,2.47635555267334,Grocery,operation_history,42,107
42,2.494940757751465,Grocery,operation_history,42,107
43,2.5139822959899902,Grocery,operation_history,42,107
44,2.533825159072876,Grocery,operation_history,42,107
45,2.5538716316223145,Grocery,operation_history,42,107
46,2.5734317302703857,Grocery,operation_history,42,107
47,2.592461585998535,Grocery,operation_history,42,107
48,2.6119041442871094,Grocery,operation_history,42,107
49,2.631619691848755,Grocery,operation_history,42,107
50,2.652336835861206,Grocery,operation_history,42,107
51,2.6738038063049316,Grocery,operation_history,42,107
52,2.694797992706299,Grocery,operation_history,42,107
53,2.7153098583221436,Grocery,operation_history,42,107
54,2.73758864402771,Grocery,operation_history,42,107
55,2.7588064670562744,Grocery,operation_history,42,107
56,2.7792441844940186,Grocery,operation_history,42,107
57,2.7991182804107666,Grocery,operation_history,42,107
58,2.819054365158081,Grocery,operation_history,42,107
59,2.8381412029266357,Grocery,operation_history,42,107
60,2.857649326324463,Grocery,operation_history,42,107
61,2.876208782196045,Grocery,operation_history,42,107
62,2.894929885864258,Grocery,operation_history,42,107
63,2.9132213592529297,Grocery,operation_history,42,107
64,2.931769847869873,Grocery,operation_history,42,107
65,2.9500739574432373,Grocery,operation_history,42,107
66,2.9682834148406982,Grocery,operation_history,42,107
67,2.988232374191284,Grocery,operation_history,42,107
68,3.007812261581421,Grocery,operation_history,42,107
69,3.027873992919922,Grocery,operation_history,42,107
70,3.0478196144104004,Grocery,operation_history,42,107
71,3.068410873413086,Grocery,operation_history,42,107
72,3.0892505645751953,Grocery,operation_history,42,107
73,3.109471559524536,Grocery,operation_history,42,107
74,3.1310667991638184,Grocery,operation_history,42,107
75,3.1524462699890137,Grocery,operation_history,42,107
76,3.1746227741241455,Grocery,operation_history,42,107
77,3.1956026554107666,Grocery,operation_history,42,107
78,3.216036558151245,Grocery,operation_history,42,107
79,3.2359795570373535,Grocery,operation_history,42,107
80,3.255424976348877,Grocery,operation_history,42,107
81,3.27608585357666,Grocery,operation_history,42,107
82,3.2962937355041504,Grocery,operation_history,42,107
83,3.3171253204345703,Grocery,operation_history,42,107
84,3.33786940574646,Grocery,operation_history,42,107
85,3.3584349155426025,Grocery,operation_history,42,107
86,3.378591299057007,Grocery,operation_history,42,107
87,3.3989531993865967,Grocery,operation_history,42,107
88,3.4186742305755615,Grocery,operation_history,42,107
89,3.43801212310791,Grocery,operation_history,42,107
90,3.457050323486328,Grocery,operation_history,42,107
91,3.475848913192749,Grocery,operation_history,42,107
92,3.4951186180114746,Grocery,operation_history,42,107
93,3.5142629146575928,Grocery,operation_history,42,107
94,3.53389048576355,Grocery,operation_history,42,107
95,3.5528600215911865,Grocery,operation_history,42,107
96,3.571559429168701,Grocery,operation_history,42,107
97,3.590240955352783,Grocery,operation_history,42,107
98,3.6085383892059326,Grocery,operation_history,42,107
99,3.6265978813171387,Grocery,operation_history,42,107
100,3.6446805000305176,Grocery,operation_history,42,107
101,3.662677526473999,Grocery,operation_history,42,107
102,3.680403709411621,Grocery,operation_history,42,107
103,3.6979095935821533,Grocery,operation_history,42,107
104,3.715376377105713,Grocery,operation_history,42,107
105,3.7323100566864014,Grocery,operation_history,42,107
106,3.7489430904388428,Grocery,operation_history,42,107
107,3.765268325805664,Grocery,operation_history,42,107
108,3.7813119888305664,Grocery,operation_history,42,107
109,3.7971463203430176,Grocery,operation_history,42,107
110,3.8126742839813232,Grocery,operation_history,42,107
111,3.8274853229522705,Grocery,operation_history,42,107
112,3.8420140743255615,Grocery,operation_history,42,107
113,3.8562381267547607,Grocery,operation_history,42,107
114,3.8701529502868652,Grocery,operation_history,42,107
115,3.883615732192993,Grocery,operation_history,42,107
116,3.8967249393463135,Grocery,operation_history,42,107
117,3.909418821334839,Grocery,operation_history,42,107
118,3.9218108654022217,Grocery,operation_history,42,107
119,3.933763027191162,Grocery,operation_history,42,107
120,3.9454245567321777,Grocery,operation_history,42,107
121,3.9566798210144043,Grocery,operation_history,42,107
122,3.9676973819732666,Grocery,operation_history,42,107
123,3.9784340858459473,Grocery,operation_history,42,107
124,3.989004135131836,Grocery,operation_history,42,107
125,3.999175548553467,Grocery,operation_history,42,107
126,4.009151458740234,Grocery,operation_history,42,107
127,4.018918991088867,Grocery,operation_history,42,107
128,4.028403282165527,Grocery,operation_history,42,107
129,4.037558078765869,Grocery,operation_history,42,107
130,4.0464186668396,Grocery,operation_history,42,107
131,4.054947376251221,Grocery,operation_history,42,107
132,4.063412189483643,Grocery,operation_history,42,107
133,4.071835517883301,Grocery,operation_history,42,107
134,4.080018043518066,Grocery,operation_history,42,107
135,4.0880446434021,Grocery,operation_history,42,107
136,4.095785140991211,Grocery,operation_history,42,107
137,4.103387355804443,Grocery,operation_history,42,107
0,0.0,Grocery,operation_history,43,124
1,0.2559690773487091,Grocery,operation_history,43,124
2,0.37082767486572266,Grocery,operation_history,43,124
3,0.4543038606643677,Grocery,operation_history,43,124
4,0.5338063836097717,Grocery,operation_history,43,124
5,0.62260502576828,Grocery,operation_history,43,124
6,0.7205327153205872,Grocery,operation_history,43,124
7,0.8257701396942139,Grocery,operation_history,43,124
8,0.9296650886535645,Grocery,operation_history,43,124
9,1.0374479293823242,Grocery,operation_history,43,124
10,1.1444789171218872,Grocery,operation_history,43,124
11,1.2459989786148071,Grocery,operation_history,43,124
12,1.340177297592163,Grocery,operation_history,43,124
13,1.4272383451461792,Grocery,operation_history,43,124
14,1.5070524215698242,Grocery,operation_history,43,124
15,1.581687331199646,Grocery,operation_history,43,124
16,1.6496877670288086,Grocery,operation_history,43,124
17,1.7116755247116089,Grocery,operation_history,43,124
18,1.7687383890151978,Grocery,operation_history,43,124
19,1.8208796977996826,Grocery,operation_history,43,124
20,1.868256688117981,Grocery,operation_history,43,124
21,1.9110798835754395,Grocery,operation_history,43,124
22,1.9505255222320557,Grocery,operation_history,43,124
23,1.9866831302642822,Grocery,operation_history,43,124
24,2.0195114612579346,Grocery,operation_history,43,124
25,2.049859046936035,Grocery,operation_history,43,124
26,2.078369140625,Grocery,operation_history,43,124
27,2.104715585708618,Grocery,operation_history,43,124
28,2.1295006275177,Grocery,operation_history,43,124
29,2.153167486190796,Grocery,operation_history,43,124
30,2.1756362915039062,Grocery,operation_history,43,124
31,2.197585344314575,Grocery,operation_history,43,124
32,2.219170093536377,Grocery,operation_history,43,124
33,2.2402007579803467,Grocery,operation_history,43,124
34,2.2624282836914062,Grocery,operation_history,43,124
35,2.2840359210968018,Grocery,operation_history,43,124
36,2.30539870262146,Grocery,operation_history,43,124
37,2.3267810344696045,Grocery,operation_history,43,124
38,2.3486618995666504,Grocery,operation_history,43,124
39,2.3707797527313232,Grocery,operation_history,43,124
40,2.3922066688537598,Grocery,operation_history,43,124
41,2.413644552230835,Grocery,operation_history,43,124
42,2.4344799518585205,Grocery,operation_history,43,124
43,2.45540189743042,Grocery,operation_history,43,124
44,2.4760501384735107,Grocery,operation_history,43,124
45,2.496661901473999,Grocery,operation_history,43,124
46,2.5172693729400635,Grocery,operation_history,43,124
47,2.5383291244506836,Grocery,operation_history,43,124
48,2.559356927871704,Grocery,operation_history,43,124
49,2.580962896347046,Grocery,operation_history,43,124
50,2.6021084785461426,Grocery,operation_history,43,124
51,2.622352123260498,Grocery,operation_history,43,124
52,2.645380973815918,Grocery,operation_history,43,124
53,2.6674532890319824,Grocery,operation_history,43,124
54,2.6887524127960205,Grocery,operation_history,43,124
55,2.7096636295318604,Grocery,operation_history,43,124
56,2.7301037311553955,Grocery,operation_history,43,124
57,2.7503199577331543,Grocery,operation_history,43,124
58,2.7703444957733154,Grocery,operation_history,43,124
59,2.7901360988616943,Grocery,operation_history,43,124
60,2.8097596168518066,Grocery,operation_history,43,124
61,2.8305094242095947,Grocery,operation_history,43,124
62,2.8504931926727295,Grocery,operation_history,43,124
63,2.8710007667541504,Grocery,operation_history,43,124
64,2.89253830909729,Grocery,operation_history,43,124
65,2.913867712020874,Grocery,operation_history,43,124
66,2.9350407123565674,Grocery,operation_history,43,124
67,2.9570980072021484,Grocery,operation_history,43,124
68,2.9780044555664062,Grocery,operation_history,43,124
69,3.000023603439331,Grocery,operation_history,43,124
70,3.0203025341033936,Grocery,operation_history,43,124
71,3.039175271987915,Grocery,operation_history,43,124
72,3.057371139526367,Grocery,operation_history,43,124
73,3.075003147125244,Grocery,operation_history,43,124
74,3.092679023742676,Grocery,operation_history,43,124
75,3.1100685596466064,Grocery,operation_history,43,124
76,3.128559112548828,Grocery,operation_history,43,124
77,3.146272897720337,Grocery,operation_history,43,124
78,3.1637120246887207,Grocery,operation_history,43,124
79,3.1805527210235596,Grocery,operation_history,43,124
80,3.197410821914673,Grocery,operation_history,43,124
81,3.2138803005218506,Grocery,operation_history,43,124
82,3.229818344116211,Grocery,operation_history,43,124
83,3.246544361114502,Grocery,operation_history,43,124
84,3.2634551525115967,Grocery,operation_history,43,124
85,3.280003786087036,Grocery,operation_history,43,124
86,3.296715021133423,Grocery,operation_history,43,124
87,3.3140361309051514,Grocery,operation_history,43,124
88,3.331850051879883,Grocery,operation_history,43,124
89,3.350921154022217,Grocery,operation_history,43,124
90,3.3703484535217285,Grocery,operation_history,43,124
91,3.3903322219848633,Grocery,operation_history,43,124
92,3.410689115524292,Grocery,operation_history,43,124
93,3.4318275451660156,Grocery,operation_history,43,124
94,3.4528815746307373,Grocery,operation_history,43,124
95,3.473660469055176,Grocery,operation_history,43,124
96,3.495004653930664,Grocery,operation_history,43,124
97,3.516282558441162,Grocery,operation_history,43,124
98,3.5377914905548096,Grocery,operation_history,43,124
99,3.559237480163574,Grocery,operation_history,43,124
100,3.5799174308776855,Grocery,operation_history,43,124
101,3.6005842685699463,Grocery,operation_history,43,124
102,3.62052845954895,Grocery,operation_history,43,124
103,3.6404149532318115,Grocery,operation_history,43,124
104,3.659839153289795,Grocery,operation_history,43,124
105,3.678737163543701,Grocery,operation_history,43,124
106,3.6967148780822754,Grocery,operation_history,43,124
107,3.714775562286377,Grocery,operation_history,43,124
108,3.732632637023926,Grocery,operation_history,43,124
109,3.749725818634033,Grocery,operation_history,43,124
110,3.766559600830078,Grocery,operation_history,43,124
111,3.7830235958099365,Grocery,operation_history,43,124
112,3.7992746829986572,Grocery,operation_history,43,124
113,3.8153083324432373,Grocery,operation_history,43,124
114,3.83103346824646,Grocery,operation_history,43,124
115,3.8464579582214355,Grocery,operation_history,43,124
116,3.8614022731781006,Grocery,operation_history,43,124
117,3.876079559326172,Grocery,operation_history,43,124
118,3.8904261589050293,Grocery,operation_history,43,124
119,3.904423952102661,Grocery,operation_history,43,124
120,3.918083667755127,Grocery,operation_history,43,124
121,3.9312713146209717,Grocery,operation_history,43,124
122,3.944025754928589,Grocery,operation_history,43,124
123,3.9564766883850098,Grocery,operation_history,43,124
124,3.9686529636383057,Grocery,operation_history,43,124
125,3.980466842651367,Grocery,operation_history,43,124
126,3.991888999938965,Grocery,operation_history,43,124
127,4.002958297729492,Grocery,operation_history,43,124
128,4.013749122619629,Grocery,operation_history,43,124
129,4.0242133140563965,Grocery,operation_history,43,124
130,4.034328460693359,Grocery,operation_history,43,124
131,4.044199466705322,Grocery,operation_history,43,124
132,4.0538201332092285,Grocery,operation_history,43,124
133,4.063221454620361,Grocery,operation_history,43,124
134,4.072342395782471,Grocery,operation_history,43,124
135,4.081217288970947,Grocery,operation_history,43,124
136,4.089767932891846,Grocery,operation_history,43,124
137,4.098090171813965,Grocery,operation_history,43,124
138,4.106235504150391,Grocery,operation_history,43,124
139,4.114215850830078,Grocery,operation_history,43,124
140,4.122015953063965,Grocery,operation_history,43,124
141,4.1295552253723145,Grocery,operation_history,43,124
142,4.137028217315674,Grocery,operation_history,43,124
143,4.144423007965088,Grocery,operation_history,43,124
144,4.15162992477417,Grocery,operation_history,43,124
145,4.158668518066406,Grocery,operation_history,43,124
146,4.165555000305176,Grocery,operation_history,43,124
147,4.172389984130859,Grocery,operation_history,43,124
148,4.179147720336914,Grocery,operation_history,43,124
149,4.185810089111328,Grocery,operation_history,43,124
150,4.192466735839844,Grocery,operation_history,43,124
151,4.19895601272583,Grocery,operation_history,43,124
152,4.205447196960449,Grocery,operation_history,43,124
153,4.211699962615967,Grocery,operation_history,43,124
154,4.217806339263916,Grocery,operation_history,43,124
0,0.0,Grocery,operation_history,44,87
1,0.25596240162849426,Grocery,operation_history,44,87
2,0.35974082350730896,Grocery,operation_history,44,87
3,0.431428462266922,Grocery,operation_history,44,87
4,0.4975592792034149,Grocery,operation_history,44,87
5,0.5675455927848816,Grocery,operation_history,44,87
6,0.650948166847229,Grocery,operation_history,44,87
7,0.7464796900749207,Grocery,operation_history,44,87
8,0.8477504849433899,Grocery,operation_history,44,87
9,0.9506639838218689,Grocery,operation_history,44,87
10,1.0513887405395508,Grocery,operation_history,44,87
11,1.1505018472671509,Grocery,operation_history,44,87
12,1.2436970472335815,Grocery,operation_history,44,87
13,1.3333176374435425,Grocery,operation_history,44,87
14,1.4168639183044434,Grocery,operation_history,44,87
15,1.4937872886657715,Grocery,operation_history,44,87
16,1.5636128187179565,Grocery,operation_history,44,87
17,1.6269091367721558,Grocery,operation_history,44,87
18,1.6840909719467163,Grocery,operation_history,44,87
19,1.7367810010910034,Grocery,operation_history,44,87
20,1.7859930992126465,Grocery,operation_history,44,87
21,1.8315457105636597,Grocery,operation_history,44,87
22,1.8742159605026245,Grocery,operation_history,44,87
23,1.9132037162780762,Grocery,operation_history,44,87
24,1.949182391166687,Grocery,operation_history,44,87
25,1.9827147722244263,Grocery,operation_history,44,87
26,2.016037702560425,Grocery,operation_history,44,87
27,2.047398805618286,Grocery,operation_history,44,87
28,2.076974630355835,Grocery,operation_history,44,87
29,2.1048264503479004,Grocery,operation_history,44,87
30,2.1310672760009766,Grocery,operation_history,44,87
31,2.1560699939727783,Grocery,operation_history,44,87
32,2.1805925369262695,Grocery,operation_history,44,87
33,2.2048208713531494,Grocery,operation_history,44,87
34,2.2277140617370605,Grocery,operation_history,44,87
35,2.249260663986206,Grocery,operation_history,44,87
36,2.2702441215515137,Grocery,operation_history,44,87
37,2.2917323112487793,Grocery,operation_history,44,87
38,2.3132476806640625,Grocery,operation_history,44,87
39,2.334247589111328,Grocery,operation_history,44,87
40,2.3561012744903564,Grocery,operation_history,44,87
41,2.377413511276245,Grocery,operation_history,44,87
42,2.3984997272491455,Grocery,operation_history,44,87
43,2.4194488525390625,Grocery,operation_history,44,87
44,2.439610242843628,Grocery,operation_history,44,87
45,2.4595024585723877,Grocery,operation_history,44,87
46,2.4807686805725098,Grocery,operation_history,44,87
47,2.5014283657073975,Grocery,operation_history,44,87
48,2.5221052169799805,Grocery,operation_history,44,87
49,2.5422496795654297,Grocery,operation_history,44,87
50,2.5617969036102295,Grocery,operation_history,44,87
51,2.581557035446167,Grocery,operation_history,44,87
52,2.600522756576538,Grocery,operation_history,44,87
53,2.619861602783203,Grocery,operation_history,44,87
54,2.6391103267669678,Grocery,operation_history,44,87
55,2.6588292121887207,Grocery,operation_history,44,87
56,2.677851438522339,Grocery,operation_history,44,87
57,2.696218490600586,Grocery,operation_history,44,87
58,2.7151193618774414,Grocery,operation_history,44,87
59,2.7343156337738037,Grocery,operation_history,44,87
60,2.753333330154419,Grocery,operation_history,44,87
61,2.7732114791870117,Grocery,operation_history,44,87
62,2.7928695678710938,Grocery,operation_history,44,87
63,2.81313157081604,Grocery,operation_history,44,87
64,2.833322525024414,Grocery,operation_history,44,87
65,2.8549814224243164,Grocery,operation_history,44,87
66,2.8765921592712402,Grocery,operation_history,44,87
67,2.8983139991760254,Grocery,operation_history,44,87
68,2.921213388442993,Grocery,operation_history,44,87
69,2.943150281906128,Grocery,operation_history,44,87
70,2.9647626876831055,Grocery,operation_history,44,87
71,2.986433744430542,Grocery,operation_history,44,87
72,3.008798360824585,Grocery,operation_history,44,87
73,3.0305705070495605,Grocery,operation_history,44,87
74,3.052730083465576,Grocery,operation_history,44,87
75,3.074479579925537,Grocery,operation_history,44,87
76,3.096583127975464,Grocery,operation_history,44,87
77,3.117553949356079,Grocery,operation_history,44,87
78,3.1385178565979004,Grocery,operation_history,44,87
79,3.158339262008667,Grocery,operation_history,44,87
80,3.1774232387542725,Grocery,operation_history,44,87
81,3.1959712505340576,Grocery,operation_history,44,87
82,3.2142763137817383,Grocery,operation_history,44,87
83,3.2325215339660645,Grocery,operation_history,44,87
84,3.251009941101074,Grocery,operation_history,44,87
85,3.269418716430664,Grocery,operation_history,44,87
86,3.2892556190490723,Grocery,operation_history,44,87
87,3.308389186859131,Grocery,operation_history,44,87
88,3.327927350997925,Grocery,operation_history,44,87
89,3.3471057415008545,Grocery,operation_history,44,87
90,3.3660671710968018,Grocery,operation_history,44,87
91,3.3846800327301025,Grocery,operation_history,44,87
92,3.4028663635253906,Grocery,operation_history,44,87
93,3.4209988117218018,Grocery,operation_history,44,87
94,3.438908576965332,Grocery,operation_history,44,87
95,3.4569857120513916,Grocery,operation_history,44,87
96,3.475665330886841,Grocery,operation_history,44,87
97,3.4950873851776123,Grocery,operation_history,44,87
98,3.5136559009552,Grocery,operation_history,44,87
99,3.53243088722229,Grocery,operation_history,44,87
100,3.5504515171051025,Grocery,operation_history,44,87
101,3.5681376457214355,Grocery,operation_history,44,87
102,3.585231065750122,Grocery,operation_history,44,87
103,3.601986885070801,Grocery,operation_history,44,87
104,3.6179299354553223,Grocery,operation_history,44,87
105,3.633298397064209,Grocery,operation_history,44,87
106,3.6489102840423584,Grocery,operation_history,44,87
107,3.663909912109375,Grocery,operation_history,44,87
108,3.678929328918457,Grocery,operation_history,44,87
109,3.693618059158325,Grocery,operation_history,44,87
110,3.7079484462738037,Grocery,operation_history,44,87
111,3.7219767570495605,Grocery,operation_history,44,87
112,3.735544204711914,Grocery,operation_history,44,87
113,3.749244451522827,Grocery,operation_history,44,87
114,3.7621452808380127,Grocery,operation_history,44,87
115,3.7745134830474854,Grocery,operation_history,44,87
116,3.7865896224975586,Grocery,operation_history,44,87
117,3.798771858215332,Grocery,operation_history,44,87
0,0.0,Grocery,relation_operation_history,42,107
1,0.2559583783149719,Grocery,relation_operation_history,42,107
2,0.36449411511421204,Grocery,relation_operation_history,42,107
3,0.4350641965866089,Grocery,relation_operation_history,42,107
4,0.5061120390892029,Grocery,relation_operation_history,42,107
5,0.5892291069030762,Grocery,relation_operation_history,42,107
6,0.6832504272460938,Grocery,relation_operation_history,42,107
7,0.7880312204360962,Grocery,relation_operation_history,42,107
8,0.8976218700408936,Grocery,relation_operation_history,42,107
9,1.0045236349105835,Grocery,relation_operation_history,42,107
10,1.1107386350631714,Grocery,relation_operation_history,42,107
11,1.2125468254089355,Grocery,relation_operation_history,42,107
12,1.3106313943862915,Grocery,relation_operation_history,42,107
13,1.4016684293746948,Grocery,relation_operation_history,42,107
14,1.4857850074768066,Grocery,relation_operation_history,42,107
15,1.563812255859375,Grocery,relation_operation_history,42,107
16,1.6347687244415283,Grocery,relation_operation_history,42,107
17,1.7004716396331787,Grocery,relation_operation_history,42,107
18,1.7599633932113647,Grocery,relation_operation_history,42,107
19,1.8145346641540527,Grocery,relation_operation_history,42,107
20,1.8656690120697021,Grocery,relation_operation_history,42,107
21,1.9127869606018066,Grocery,relation_operation_history,42,107
22,1.9565443992614746,Grocery,relation_operation_history,42,107
23,1.9970167875289917,Grocery,relation_operation_history,42,107
24,2.0340442657470703,Grocery,relation_operation_history,42,107
25,2.067446231842041,Grocery,relation_operation_history,42,107
26,2.097928762435913,Grocery,relation_operation_history,42,107
27,2.126025676727295,Grocery,relation_operation_history,42,107
28,2.152266025543213,Grocery,relation_operation_history,42,107
29,2.176264762878418,Grocery,relation_operation_history,42,107
30,2.1982858180999756,Grocery,relation_operation_history,42,107
31,2.2193071842193604,Grocery,relation_operation_history,42,107
32,2.2396788597106934,Grocery,relation_operation_history,42,107
33,2.2594683170318604,Grocery,relation_operation_history,42,107
34,2.2788846492767334,Grocery,relation_operation_history,42,107
35,2.2984378337860107,Grocery,relation_operation_history,42,107
36,2.317892551422119,Grocery,relation_operation_history,42,107
37,2.3370327949523926,Grocery,relation_operation_history,42,107
38,2.3570761680603027,Grocery,relation_operation_history,42,107
39,2.3775970935821533,Grocery,relation_operation_history,42,107
40,2.39784836769104,Grocery,relation_operation_history,42,107
41,2.4195778369903564,Grocery,relation_operation_history,42,107
42,2.440777063369751,Grocery,relation_operation_history,42,107
43,2.4623682498931885,Grocery,relation_operation_history,42,107
44,2.4833974838256836,Grocery,relation_operation_history,42,107
45,2.504941701889038,Grocery,relation_operation_history,42,107
46,2.5256412029266357,Grocery,relation_operation_history,42,107
47,2.5461955070495605,Grocery,relation_operation_history,42,107
48,2.5662238597869873,Grocery,relation_operation_history,42,107
49,2.586193799972534,Grocery,relation_operation_history,42,107
50,2.606241226196289,Grocery,relation_operation_history,42,107
51,2.626523017883301,Grocery,relation_operation_history,42,107
52,2.646573781967163,Grocery,relation_operation_history,42,107
53,2.6675705909729004,Grocery,relation_operation_history,42,107
54,2.6887102127075195,Grocery,relation_operation_history,42,107
55,2.7094099521636963,Grocery,relation_operation_history,42,107
56,2.729670524597168,Grocery,relation_operation_history,42,107
57,2.7509114742279053,Grocery,relation_operation_history,42,107
58,2.7721025943756104,Grocery,relation_operation_history,42,107
59,2.794606924057007,Grocery,relation_operation_history,42,107
60,2.8162734508514404,Grocery,relation_operation_history,42,107
61,2.8378312587738037,Grocery,relation_operation_history,42,107
62,2.8599581718444824,Grocery,relation_operation_history,42,107
63,2.8819360733032227,Grocery,relation_operation_history,42,107
64,2.904383659362793,Grocery,relation_operation_history,42,107
65,2.9278552532196045,Grocery,relation_operation_history,42,107
66,2.9503095149993896,Grocery,relation_operation_history,42,107
67,2.9744272232055664,Grocery,relation_operation_history,42,107
68,2.997101068496704,Grocery,relation_operation_history,42,107
69,3.0187184810638428,Grocery,relation_operation_history,42,107
70,3.0394856929779053,Grocery,relation_operation_history,42,107
71,3.0598175525665283,Grocery,relation_operation_history,42,107
72,3.0796520709991455,Grocery,relation_operation_history,42,107
73,3.0998263359069824,Grocery,relation_operation_history,42,107
74,3.1200778484344482,Grocery,relation_operation_history,42,107
75,3.140082359313965,Grocery,relation_operation_history,42,107
76,3.1606693267822266,Grocery,relation_operation_history,42,107
77,3.1805479526519775,Grocery,relation_operation_history,42,107
78,3.2002854347229004,Grocery,relation_operation_history,42,107
79,3.220043420791626,Grocery,relation_operation_history,42,107
80,3.239497661590576,Grocery,relation_operation_history,42,107
81,3.259023904800415,Grocery,relation_operation_history,42,107
82,3.278779983520508,Grocery,relation_operation_history,42,107
83,3.2978968620300293,Grocery,relation_operation_history,42,107
84,3.318955898284912,Grocery,relation_operation_history,42,107
85,3.33982253074646,Grocery,relation_operation_history,42,107
86,3.360952854156494,Grocery,relation_operation_history,42,107
87,3.3819665908813477,Grocery,relation_operation_history,42,107
88,3.4027743339538574,Grocery,relation_operation_history,42,107
89,3.4234507083892822,Grocery,relation_operation_history,42,107
90,3.443589687347412,Grocery,relation_operation_history,42,107
91,3.4634199142456055,Grocery,relation_operation_history,42,107
92,3.4831998348236084,Grocery,relation_operation_history,42,107
93,3.5019583702087402,Grocery,relation_operation_history,42,107
94,3.5208959579467773,Grocery,relation_operation_history,42,107
95,3.538754940032959,Grocery,relation_operation_history,42,107
96,3.556276321411133,Grocery,relation_operation_history,42,107
97,3.573063611984253,Grocery,relation_operation_history,42,107
98,3.58935546875,Grocery,relation_operation_history,42,107
99,3.6049463748931885,Grocery,relation_operation_history,42,107
100,3.6202328205108643,Grocery,relation_operation_history,42,107
101,3.635918378829956,Grocery,relation_operation_history,42,107
102,3.6509759426116943,Grocery,relation_operation_history,42,107
103,3.6661970615386963,Grocery,relation_operation_history,42,107
104,3.680781602859497,Grocery,relation_operation_history,42,107
105,3.695286512374878,Grocery,relation_operation_history,42,107
106,3.7100605964660645,Grocery,relation_operation_history,42,107
107,3.7245254516601562,Grocery,relation_operation_history,42,107
108,3.7391622066497803,Grocery,relation_operation_history,42,107
109,3.753530979156494,Grocery,relation_operation_history,42,107
110,3.7678756713867188,Grocery,relation_operation_history,42,107
111,3.7822415828704834,Grocery,relation_operation_history,42,107
112,3.7966015338897705,Grocery,relation_operation_history,42,107
113,3.810847282409668,Grocery,relation_operation_history,42,107
114,3.825122356414795,Grocery,relation_operation_history,42,107
115,3.8391239643096924,Grocery,relation_operation_history,42,107
116,3.852841377258301,Grocery,relation_operation_history,42,107
117,3.8663275241851807,Grocery,relation_operation_history,42,107
118,3.8794734477996826,Grocery,relation_operation_history,42,107
119,3.8923721313476562,Grocery,relation_operation_history,42,107
120,3.905029296875,Grocery,relation_operation_history,42,107
121,3.9173340797424316,Grocery,relation_operation_history,42,107
122,3.929340362548828,Grocery,relation_operation_history,42,107
123,3.9411468505859375,Grocery,relation_operation_history,42,107
124,3.952627658843994,Grocery,relation_operation_history,42,107
125,3.9639711380004883,Grocery,relation_operation_history,42,107
126,3.9751877784729004,Grocery,relation_operation_history,42,107
127,3.9861581325531006,Grocery,relation_operation_history,42,107
128,3.9969170093536377,Grocery,relation_operation_history,42,107
129,4.007460117340088,Grocery,relation_operation_history,42,107
130,4.0178608894348145,Grocery,relation_operation_history,42,107
131,4.028019905090332,Grocery,relation_operation_history,42,107
132,4.037951469421387,Grocery,relation_operation_history,42,107
133,4.0477399826049805,Grocery,relation_operation_history,42,107
134,4.057272434234619,Grocery,relation_operation_history,42,107
135,4.0665812492370605,Grocery,relation_operation_history,42,107
136,4.075521945953369,Grocery,relation_operation_history,42,107
137,4.08434534072876,Grocery,relation_operation_history,42,107
0,0.0,Grocery,relation_operation_history,43,93
1,0.2559618651866913,Grocery,relation_operation_history,43,93
2,0.37023696303367615,Grocery,relation_operation_history,43,93
3,0.4517289102077484,Grocery,relation_operation_history,43,93
4,0.5274839997291565,Grocery,relation_operation_history,43,93
5,0.6165791749954224,Grocery,relation_operation_history,43,93
6,0.7174956202507019,Grocery,relation_operation_history,43,93
7,0.8231439590454102,Grocery,relation_operation_history,43,93
8,0.9276343584060669,Grocery,relation_operation_history,43,93
9,1.0347942113876343,Grocery,relation_operation_history,43,93
10,1.141926884651184,Grocery,relation_operation_history,43,93
11,1.2434920072555542,Grocery,relation_operation_history,43,93
12,1.3385766744613647,Grocery,relation_operation_history,43,93
13,1.4248353242874146,Grocery,relation_operation_history,43,93
14,1.5042916536331177,Grocery,relation_operation_history,43,93
15,1.5793116092681885,Grocery,relation_operation_history,43,93
16,1.647053837776184,Grocery,relation_operation_history,43,93
17,1.709086298942566,Grocery,relation_operation_history,43,93
18,1.7673519849777222,Grocery,relation_operation_history,43,93
19,1.8207472562789917,Grocery,relation_operation_history,43,93
20,1.869014859199524,Grocery,relation_operation_history,43,93
21,1.912671685218811,Grocery,relation_operation_history,43,93
22,1.9538310766220093,Grocery,relation_operation_history,43,93
23,1.9935301542282104,Grocery,relation_operation_history,43,93
24,2.029601573944092,Grocery,relation_operation_history,43,93
25,2.0626957416534424,Grocery,relation_operation_history,43,93
26,2.093963623046875,Grocery,relation_operation_history,43,93
27,2.1238715648651123,Grocery,relation_operation_history,43,93
28,2.152117967605591,Grocery,relation_operation_history,43,93
29,2.178581714630127,Grocery,relation_operation_history,43,93
30,2.204498052597046,Grocery,relation_operation_history,43,93
31,2.229226589202881,Grocery,relation_operation_history,43,93
32,2.25331449508667,Grocery,relation_operation_history,43,93
33,2.275857448577881,Grocery,relation_operation_history,43,93
34,2.2975287437438965,Grocery,relation_operation_history,43,93
35,2.318859815597534,Grocery,relation_operation_history,43,93
36,2.3393421173095703,Grocery,relation_operation_history,43,93
37,2.3586480617523193,Grocery,relation_operation_history,43,93
38,2.3778748512268066,Grocery,relation_operation_history,43,93
39,2.3967978954315186,Grocery,relation_operation_history,43,93
40,2.4162144660949707,Grocery,relation_operation_history,43,93
41,2.435336112976074,Grocery,relation_operation_history,43,93
42,2.4543163776397705,Grocery,relation_operation_history,43,93
43,2.4730870723724365,Grocery,relation_operation_history,43,93
44,2.4931278228759766,Grocery,relation_operation_history,43,93
45,2.513441801071167,Grocery,relation_operation_history,43,93
46,2.5352730751037598,Grocery,relation_operation_history,43,93
47,2.5562989711761475,Grocery,relation_operation_history,43,93
48,2.5772063732147217,Grocery,relation_operation_history,43,93
49,2.598267078399658,Grocery,relation_operation_history,43,93
50,2.61965274810791,Grocery,relation_operation_history,43,93
51,2.642003059387207,Grocery,relation_operation_history,43,93
52,2.6647865772247314,Grocery,relation_operation_history,43,93
53,2.686812400817871,Grocery,relation_operation_history,43,93
54,2.7096080780029297,Grocery,relation_operation_history,43,93
55,2.7315540313720703,Grocery,relation_operation_history,43,93
56,2.753157615661621,Grocery,relation_operation_history,43,93
57,2.7751338481903076,Grocery,relation_operation_history,43,93
58,2.796837329864502,Grocery,relation_operation_history,43,93
59,2.8181722164154053,Grocery,relation_operation_history,43,93
60,2.840285301208496,Grocery,relation_operation_history,43,93
61,2.8618874549865723,Grocery,relation_operation_history,43,93
62,2.8830816745758057,Grocery,relation_operation_history,43,93
63,2.9045255184173584,Grocery,relation_operation_history,43,93
64,2.925633668899536,Grocery,relation_operation_history,43,93
65,2.9458751678466797,Grocery,relation_operation_history,43,93
66,2.9658992290496826,Grocery,relation_operation_history,43,93
67,2.9858970642089844,Grocery,relation_operation_history,43,93
68,3.005282402038574,Grocery,relation_operation_history,43,93
69,3.0244953632354736,Grocery,relation_operation_history,43,93
70,3.0449678897857666,Grocery,relation_operation_history,43,93
71,3.064659357070923,Grocery,relation_operation_history,43,93
72,3.0849783420562744,Grocery,relation_operation_history,43,93
73,3.1051785945892334,Grocery,relation_operation_history,43,93
74,3.125764846801758,Grocery,relation_operation_history,43,93
75,3.1461429595947266,Grocery,relation_operation_history,43,93
76,3.166292667388916,Grocery,relation_operation_history,43,93
77,3.186466932296753,Grocery,relation_operation_history,43,93
78,3.207105875015259,Grocery,relation_operation_history,43,93
79,3.227130174636841,Grocery,relation_operation_history,43,93
80,3.248076915740967,Grocery,relation_operation_history,43,93
81,3.2681708335876465,Grocery,relation_operation_history,43,93
82,3.287716865539551,Grocery,relation_operation_history,43,93
83,3.3070504665374756,Grocery,relation_operation_history,43,93
84,3.325274705886841,Grocery,relation_operation_history,43,93
85,3.34307599067688,Grocery,relation_operation_history,43,93
86,3.3607966899871826,Grocery,relation_operation_history,43,93
87,3.3786070346832275,Grocery,relation_operation_history,43,93
88,3.3964431285858154,Grocery,relation_operation_history,43,93
89,3.4142372608184814,Grocery,relation_operation_history,43,93
90,3.432187795639038,Grocery,relation_operation_history,43,93
91,3.450762987136841,Grocery,relation_operation_history,43,93
92,3.4690964221954346,Grocery,relation_operation_history,43,93
93,3.487760066986084,Grocery,relation_operation_history,43,93
94,3.507007360458374,Grocery,relation_operation_history,43,93
95,3.5255143642425537,Grocery,relation_operation_history,43,93
96,3.5440356731414795,Grocery,relation_operation_history,43,93
97,3.5621163845062256,Grocery,relation_operation_history,43,93
98,3.5799503326416016,Grocery,relation_operation_history,43,93
99,3.597762107849121,Grocery,relation_operation_history,43,93
100,3.6157445907592773,Grocery,relation_operation_history,43,93
101,3.6330926418304443,Grocery,relation_operation_history,43,93
102,3.65063214302063,Grocery,relation_operation_history,43,93
103,3.668348550796509,Grocery,relation_operation_history,43,93
104,3.685420274734497,Grocery,relation_operation_history,43,93
105,3.7024550437927246,Grocery,relation_operation_history,43,93
106,3.7190937995910645,Grocery,relation_operation_history,43,93
107,3.7355222702026367,Grocery,relation_operation_history,43,93
108,3.7512810230255127,Grocery,relation_operation_history,43,93
109,3.766514778137207,Grocery,relation_operation_history,43,93
110,3.7816779613494873,Grocery,relation_operation_history,43,93
111,3.7961373329162598,Grocery,relation_operation_history,43,93
112,3.810420274734497,Grocery,relation_operation_history,43,93
113,3.8244287967681885,Grocery,relation_operation_history,43,93
114,3.8379530906677246,Grocery,relation_operation_history,43,93
115,3.851334810256958,Grocery,relation_operation_history,43,93
116,3.864652633666992,Grocery,relation_operation_history,43,93
117,3.877629518508911,Grocery,relation_operation_history,43,93
118,3.890493154525757,Grocery,relation_operation_history,43,93
119,3.9031729698181152,Grocery,relation_operation_history,43,93
120,3.9156763553619385,Grocery,relation_operation_history,43,93
121,3.928013324737549,Grocery,relation_operation_history,43,93
122,3.9399807453155518,Grocery,relation_operation_history,43,93
123,3.9516263008117676,Grocery,relation_operation_history,43,93
0,0.0,Grocery,relation_operation_history,44,76
1,0.25596219301223755,Grocery,relation_operation_history,44,76
2,0.3590637743473053,Grocery,relation_operation_history,44,76
3,0.4281279742717743,Grocery,relation_operation_history,44,76
4,0.49022674560546875,Grocery,relation_operation_history,44,76
5,0.5511366724967957,Grocery,relation_operation_history,44,76
6,0.6209179162979126,Grocery,relation_operation_history,44,76
7,0.7039657235145569,Grocery,relation_operation_history,44,76
8,0.7940564155578613,Grocery,relation_operation_history,44,76
9,0.8891377449035645,Grocery,relation_operation_history,44,76
10,0.9857982397079468,Grocery,relation_operation_history,44,76
11,1.083562970161438,Grocery,relation_operation_history,44,76
12,1.1769112348556519,Grocery,relation_operation_history,44,76
13,1.2702252864837646,Grocery,relation_operation_history,44,76
14,1.3579599857330322,Grocery,relation_operation_history,44,76
15,1.440700650215149,Grocery,relation_operation_history,44,76
16,1.5160020589828491,Grocery,relation_operation_history,44,76
17,1.584010124206543,Grocery,relation_operation_history,44,76
18,1.6456899642944336,Grocery,relation_operation_history,44,76
19,1.702731966972351,Grocery,relation_operation_history,44,76
20,1.755069375038147,Grocery,relation_operation_history,44,76
21,1.8035681247711182,Grocery,relation_operation_history,44,76
22,1.8485451936721802,Grocery,relation_operation_history,44,76
23,1.8897067308425903,Grocery,relation_operation_history,44,76
24,1.9272547960281372,Grocery,relation_operation_history,44,76
25,1.961704134941101,Grocery,relation_operation_history,44,76
26,1.9944305419921875,Grocery,relation_operation_history,44,76
27,2.0264692306518555,Grocery,relation_operation_history,44,76
28,2.055990219116211,Grocery,relation_operation_history,44,76
29,2.0835280418395996,Grocery,relation_operation_history,44,76
30,2.10929799079895,Grocery,relation_operation_history,44,76
31,2.13440203666687,Grocery,relation_operation_history,44,76
32,2.1597750186920166,Grocery,relation_operation_history,44,76
33,2.1846163272857666,Grocery,relation_operation_history,44,76
34,2.2080955505371094,Grocery,relation_operation_history,44,76
35,2.230639934539795,Grocery,relation_operation_history,44,76
36,2.2525908946990967,Grocery,relation_operation_history,44,76
37,2.2734413146972656,Grocery,relation_operation_history,44,76
38,2.295337200164795,Grocery,relation_operation_history,44,76
39,2.315829277038574,Grocery,relation_operation_history,44,76
40,2.3350861072540283,Grocery,relation_operation_history,44,76
41,2.352951765060425,Grocery,relation_operation_history,44,76
42,2.3699381351470947,Grocery,relation_operation_history,44,76
43,2.387368679046631,Grocery,relation_operation_history,44,76
44,2.4050021171569824,Grocery,relation_operation_history,44,76
45,2.4221792221069336,Grocery,relation_operation_history,44,76
46,2.4383175373077393,Grocery,relation_operation_history,44,76
47,2.4542288780212402,Grocery,relation_operation_history,44,76
48,2.470848560333252,Grocery,relation_operation_history,44,76
49,2.4878084659576416,Grocery,relation_operation_history,44,76
50,2.504289388656616,Grocery,relation_operation_history,44,76
51,2.521167278289795,Grocery,relation_operation_history,44,76
52,2.5391347408294678,Grocery,relation_operation_history,44,76
53,2.5572853088378906,Grocery,relation_operation_history,44,76
54,2.575584888458252,Grocery,relation_operation_history,44,76
55,2.5944948196411133,Grocery,relation_operation_history,44,76
56,2.6142749786376953,Grocery,relation_operation_history,44,76
57,2.6336143016815186,Grocery,relation_operation_history,44,76
58,2.6531922817230225,Grocery,relation_operation_history,44,76
59,2.6730117797851562,Grocery,relation_operation_history,44,76
60,2.6928207874298096,Grocery,relation_operation_history,44,76
61,2.713258981704712,Grocery,relation_operation_history,44,76
62,2.7339253425598145,Grocery,relation_operation_history,44,76
63,2.7540674209594727,Grocery,relation_operation_history,44,76
64,2.7756361961364746,Grocery,relation_operation_history,44,76
65,2.7974982261657715,Grocery,relation_operation_history,44,76
66,2.821016311645508,Grocery,relation_operation_history,44,76
67,2.8451614379882812,Grocery,relation_operation_history,44,76
68,2.869288444519043,Grocery,relation_operation_history,44,76
69,2.8926150798797607,Grocery,relation_operation_history,44,76
70,2.9170644283294678,Grocery,relation_operation_history,44,76
71,2.9404311180114746,Grocery,relation_operation_history,44,76
72,2.963240385055542,Grocery,relation_operation_history,44,76
73,2.9858522415161133,Grocery,relation_operation_history,44,76
74,3.0077991485595703,Grocery,relation_operation_history,44,76
75,3.0295658111572266,Grocery,relation_operation_history,44,76
76,3.051227569580078,Grocery,relation_operation_history,44,76
77,3.073293924331665,Grocery,relation_operation_history,44,76
78,3.094865083694458,Grocery,relation_operation_history,44,76
79,3.116908311843872,Grocery,relation_operation_history,44,76
80,3.138300657272339,Grocery,relation_operation_history,44,76
81,3.1605350971221924,Grocery,relation_operation_history,44,76
82,3.18230938911438,Grocery,relation_operation_history,44,76
83,3.2035820484161377,Grocery,relation_operation_history,44,76
84,3.2245733737945557,Grocery,relation_operation_history,44,76
85,3.2453835010528564,Grocery,relation_operation_history,44,76
86,3.2655017375946045,Grocery,relation_operation_history,44,76
87,3.2849833965301514,Grocery,relation_operation_history,44,76
88,3.3039650917053223,Grocery,relation_operation_history,44,76
89,3.3231959342956543,Grocery,relation_operation_history,44,76
90,3.342181921005249,Grocery,relation_operation_history,44,76
91,3.3608694076538086,Grocery,relation_operation_history,44,76
92,3.3794174194335938,Grocery,relation_operation_history,44,76
93,3.3977837562561035,Grocery,relation_operation_history,44,76
94,3.4165303707122803,Grocery,relation_operation_history,44,76
95,3.434537887573242,Grocery,relation_operation_history,44,76
96,3.452239513397217,Grocery,relation_operation_history,44,76
97,3.469930410385132,Grocery,relation_operation_history,44,76
98,3.4877512454986572,Grocery,relation_operation_history,44,76
99,3.505126953125,Grocery,relation_operation_history,44,76
100,3.5229384899139404,Grocery,relation_operation_history,44,76
101,3.5401692390441895,Grocery,relation_operation_history,44,76
102,3.5573668479919434,Grocery,relation_operation_history,44,76
103,3.5745270252227783,Grocery,relation_operation_history,44,76
104,3.5908305644989014,Grocery,relation_operation_history,44,76
105,3.607071876525879,Grocery,relation_operation_history,44,76
106,3.6221797466278076,Grocery,relation_operation_history,44,76
0,0.0,Grocery,state_history,42,89
1,0.2559642493724823,Grocery,state_history,42,89
2,0.36447471380233765,Grocery,state_history,42,89
3,0.4378070533275604,Grocery,state_history,42,89
4,0.5104671120643616,Grocery,state_history,42,89
5,0.6007171273231506,Grocery,state_history,42,89
6,0.7035398483276367,Grocery,state_history,42,89
7,0.8144117593765259,Grocery,state_history,42,89
8,0.9276890158653259,Grocery,state_history,42,89
9,1.0389492511749268,Grocery,state_history,42,89
10,1.1467572450637817,Grocery,state_history,42,89
11,1.2504794597625732,Grocery,state_history,42,89
12,1.3468979597091675,Grocery,state_history,42,89
13,1.4363313913345337,Grocery,state_history,42,89
14,1.5200510025024414,Grocery,state_history,42,89
15,1.5982730388641357,Grocery,state_history,42,89
16,1.6708511114120483,Grocery,state_history,42,89
17,1.7371724843978882,Grocery,state_history,42,89
18,1.7971733808517456,Grocery,state_history,42,89
19,1.851985216140747,Grocery,state_history,42,89
20,1.9023126363754272,Grocery,state_history,42,89
21,1.948467493057251,Grocery,state_history,42,89
22,1.9911730289459229,Grocery,state_history,42,89
23,2.0304481983184814,Grocery,state_history,42,89
24,2.066060781478882,Grocery,state_history,42,89
25,2.098900556564331,Grocery,state_history,42,89
26,2.1293442249298096,Grocery,state_history,42,89
27,2.1579136848449707,Grocery,state_history,42,89
28,2.1848397254943848,Grocery,state_history,42,89
29,2.2105870246887207,Grocery,state_history,42,89
30,2.2349302768707275,Grocery,state_history,42,89
31,2.258553981781006,Grocery,state_history,42,89
32,2.281184673309326,Grocery,state_history,42,89
33,2.3027939796447754,Grocery,state_history,42,89
34,2.3237078189849854,Grocery,state_history,42,89
35,2.343869924545288,Grocery,state_history,42,89
36,2.3659636974334717,Grocery,state_history,42,89
37,2.3866355419158936,Grocery,state_history,42,89
38,2.4063589572906494,Grocery,state_history,42,89
39,2.4254863262176514,Grocery,state_history,42,89
40,2.44449782371521,Grocery,state_history,42,89
41,2.4635510444641113,Grocery,state_history,42,89
42,2.4822113513946533,Grocery,state_history,42,89
43,2.5005288124084473,Grocery,state_history,42,89
44,2.5191972255706787,Grocery,state_history,42,89
45,2.5379302501678467,Grocery,state_history,42,89
46,2.556779146194458,Grocery,state_history,42,89
47,2.5772361755371094,Grocery,state_history,42,89
48,2.597648859024048,Grocery,state_history,42,89
49,2.618288993835449,Grocery,state_history,42,89
50,2.640430212020874,Grocery,state_history,42,89
51,2.662363290786743,Grocery,state_history,42,89
52,2.6844425201416016,Grocery,state_history,42,89
53,2.707406759262085,Grocery,state_history,42,89
54,2.7302372455596924,Grocery,state_history,42,89
55,2.7533092498779297,Grocery,state_history,42,89
56,2.7759084701538086,Grocery,state_history,42,89
57,2.7989346981048584,Grocery,state_history,42,89
58,2.822052001953125,Grocery,state_history,42,89
59,2.844874620437622,Grocery,state_history,42,89
60,2.869138240814209,Grocery,state_history,42,89
61,2.8924593925476074,Grocery,state_history,42,89
62,2.9159975051879883,Grocery,state_history,42,89
63,2.9387619495391846,Grocery,state_history,42,89
64,2.960968017578125,Grocery,state_history,42,89
65,2.9832918643951416,Grocery,state_history,42,89
66,3.004606008529663,Grocery,state_history,42,89
67,3.0257771015167236,Grocery,state_history,42,89
68,3.046078681945801,Grocery,state_history,42,89
69,3.0658998489379883,Grocery,state_history,42,89
70,3.085513114929199,Grocery,state_history,42,89
71,3.1054208278656006,Grocery,state_history,42,89
72,3.124800443649292,Grocery,state_history,42,89
73,3.143540859222412,Grocery,state_history,42,89
74,3.16245174407959,Grocery,state_history,42,89
75,3.181185483932495,Grocery,state_history,42,89
76,3.200571298599243,Grocery,state_history,42,89
77,3.220536708831787,Grocery,state_history,42,89
78,3.239842653274536,Grocery,state_history,42,89
79,3.2590818405151367,Grocery,state_history,42,89
80,3.279806137084961,Grocery,state_history,42,89
81,3.2998507022857666,Grocery,state_history,42,89
82,3.3197646141052246,Grocery,state_history,42,89
83,3.3398702144622803,Grocery,state_history,42,89
84,3.360405445098877,Grocery,state_history,42,89
85,3.38010311126709,Grocery,state_history,42,89
86,3.3999898433685303,Grocery,state_history,42,89
87,3.419126033782959,Grocery,state_history,42,89
88,3.4380695819854736,Grocery,state_history,42,89
89,3.4559326171875,Grocery,state_history,42,89
90,3.473459482192993,Grocery,state_history,42,89
91,3.4904518127441406,Grocery,state_history,42,89
92,3.5068130493164062,Grocery,state_history,42,89
93,3.523315668106079,Grocery,state_history,42,89
94,3.538950204849243,Grocery,state_history,42,89
95,3.5542492866516113,Grocery,state_history,42,89
96,3.5696959495544434,Grocery,state_history,42,89
97,3.5847907066345215,Grocery,state_history,42,89
98,3.6001076698303223,Grocery,state_history,42,89
99,3.615563154220581,Grocery,state_history,42,89
100,3.6309330463409424,Grocery,state_history,42,89
101,3.6466667652130127,Grocery,state_history,42,89
102,3.6624066829681396,Grocery,state_history,42,89
103,3.6781046390533447,Grocery,state_history,42,89
104,3.6933677196502686,Grocery,state_history,42,89
105,3.7077717781066895,Grocery,state_history,42,89
106,3.722025156021118,Grocery,state_history,42,89
107,3.7352051734924316,Grocery,state_history,42,89
108,3.7484421730041504,Grocery,state_history,42,89
109,3.7612876892089844,Grocery,state_history,42,89
110,3.7740137577056885,Grocery,state_history,42,89
111,3.786029577255249,Grocery,state_history,42,89
112,3.798058271408081,Grocery,state_history,42,89
113,3.810051202774048,Grocery,state_history,42,89
114,3.821946859359741,Grocery,state_history,42,89
115,3.8336453437805176,Grocery,state_history,42,89
116,3.845167875289917,Grocery,state_history,42,89
117,3.856440782546997,Grocery,state_history,42,89
118,3.8675320148468018,Grocery,state_history,42,89
119,3.878579616546631,Grocery,state_history,42,89
0,0.0,Grocery,state_history,43,154
1,0.25596290826797485,Grocery,state_history,43,154
2,0.37128058075904846,Grocery,state_history,43,154
3,0.45514312386512756,Grocery,state_history,43,154
4,0.5355200171470642,Grocery,state_history,43,154
5,0.6210575699806213,Grocery,state_history,43,154
6,0.7159327268600464,Grocery,state_history,43,154
7,0.8175035119056702,Grocery,state_history,43,154
8,0.9236670136451721,Grocery,state_history,43,154
9,1.0292261838912964,Grocery,state_history,43,154
10,1.133719801902771,Grocery,state_history,43,154
11,1.2324267625808716,Grocery,state_history,43,154
12,1.3262699842453003,Grocery,state_history,43,154
13,1.411604881286621,Grocery,state_history,43,154
14,1.488843560218811,Grocery,state_history,43,154
15,1.5602525472640991,Grocery,state_history,43,154
16,1.6260838508605957,Grocery,state_history,43,154
17,1.6850019693374634,Grocery,state_history,43,154
18,1.737720251083374,Grocery,state_history,43,154
19,1.7856160402297974,Grocery,state_history,43,154
20,1.829899549484253,Grocery,state_history,43,154
21,1.8702301979064941,Grocery,state_history,43,154
22,1.906709909439087,Grocery,state_history,43,154
23,1.9408694505691528,Grocery,state_history,43,154
24,1.9732885360717773,Grocery,state_history,43,154
25,2.0044708251953125,Grocery,state_history,43,154
26,2.033069133758545,Grocery,state_history,43,154
27,2.0590505599975586,Grocery,state_history,43,154
28,2.0832359790802,Grocery,state_history,43,154
29,2.1062281131744385,Grocery,state_history,43,154
30,2.127317190170288,Grocery,state_history,43,154
31,2.147156000137329,Grocery,state_history,43,154
32,2.166405439376831,Grocery,state_history,43,154
33,2.184880256652832,Grocery,state_history,43,154
34,2.202097177505493,Grocery,state_history,43,154
35,2.219097375869751,Grocery,state_history,43,154
36,2.236327648162842,Grocery,state_history,43,154
37,2.253925085067749,Grocery,state_history,43,154
38,2.2716312408447266,Grocery,state_history,43,154
39,2.2896475791931152,Grocery,state_history,43,154
40,2.3079121112823486,Grocery,state_history,43,154
41,2.3275656700134277,Grocery,state_history,43,154
42,2.3473634719848633,Grocery,state_history,43,154
43,2.366826057434082,Grocery,state_history,43,154
44,2.386439561843872,Grocery,state_history,43,154
45,2.406367063522339,Grocery,state_history,43,154
46,2.4271013736724854,Grocery,state_history,43,154
47,2.4478962421417236,Grocery,state_history,43,154
48,2.46915864944458,Grocery,state_history,43,154
49,2.4907140731811523,Grocery,state_history,43,154
50,2.5131168365478516,Grocery,state_history,43,154
51,2.535245180130005,Grocery,state_history,43,154
52,2.558323383331299,Grocery,state_history,43,154
53,2.58083438873291,Grocery,state_history,43,154
54,2.603247880935669,Grocery,state_history,43,154
55,2.6274945735931396,Grocery,state_history,43,154
56,2.6506550312042236,Grocery,state_history,43,154
57,2.673487663269043,Grocery,state_history,43,154
58,2.6953914165496826,Grocery,state_history,43,154
59,2.7171847820281982,Grocery,state_history,43,154
60,2.7380597591400146,Grocery,state_history,43,154
61,2.758837938308716,Grocery,state_history,43,154
62,2.779350519180298,Grocery,state_history,43,154
63,2.799921989440918,Grocery,state_history,43,154
64,2.8206586837768555,Grocery,state_history,43,154
65,2.8417320251464844,Grocery,state_history,43,154
66,2.8624379634857178,Grocery,state_history,43,154
67,2.883531093597412,Grocery,state_history,43,154
68,2.905103921890259,Grocery,state_history,43,154
69,2.9260780811309814,Grocery,state_history,43,154
70,2.947742462158203,Grocery,state_history,43,154
71,2.9698824882507324,Grocery,state_history,43,154
72,2.992398500442505,Grocery,state_history,43,154
73,3.0142154693603516,Grocery,state_history,43,154
74,3.0371451377868652,Grocery,state_history,43,154
75,3.0593314170837402,Grocery,state_history,43,154
76,3.082029104232788,Grocery,state_history,43,154
77,3.10532808303833,Grocery,state_history,43,154
78,3.1278011798858643,Grocery,state_history,43,154
79,3.1510508060455322,Grocery,state_history,43,154
80,3.1736409664154053,Grocery,state_history,43,154
81,3.1960692405700684,Grocery,state_history,43,154
82,3.217864751815796,Grocery,state_history,43,154
83,3.238976001739502,Grocery,state_history,43,154
84,3.260937452316284,Grocery,state_history,43,154
85,3.28195858001709,Grocery,state_history,43,154
86,3.3035707473754883,Grocery,state_history,43,154
87,3.324418783187866,Grocery,state_history,43,154
88,3.3444883823394775,Grocery,state_history,43,154
89,3.3641817569732666,Grocery,state_history,43,154
90,3.3847620487213135,Grocery,state_history,43,154
91,3.4046967029571533,Grocery,state_history,43,154
92,3.424405097961426,Grocery,state_history,43,154
93,3.443303108215332,Grocery,state_history,43,154
94,3.461949586868286,Grocery,state_history,43,154
95,3.4805846214294434,Grocery,state_history,43,154
96,3.4988203048706055,Grocery,state_history,43,154
97,3.5174994468688965,Grocery,state_history,43,154
98,3.5360333919525146,Grocery,state_history,43,154
99,3.554767608642578,Grocery,state_history,43,154
100,3.573383092880249,Grocery,state_history,43,154
101,3.5914969444274902,Grocery,state_history,43,154
102,3.609653949737549,Grocery,state_history,43,154
103,3.6275084018707275,Grocery,state_history,43,154
104,3.6454875469207764,Grocery,state_history,43,154
105,3.6626815795898438,Grocery,state_history,43,154
106,3.679755687713623,Grocery,state_history,43,154
107,3.696531295776367,Grocery,state_history,43,154
108,3.7131004333496094,Grocery,state_history,43,154
109,3.7294580936431885,Grocery,state_history,43,154
110,3.745596408843994,Grocery,state_history,43,154
111,3.761388063430786,Grocery,state_history,43,154
112,3.7769057750701904,Grocery,state_history,43,154
113,3.792226552963257,Grocery,state_history,43,154
114,3.8072547912597656,Grocery,state_history,43,154
115,3.8218753337860107,Grocery,state_history,43,154
116,3.836057662963867,Grocery,state_history,43,154
117,3.8498759269714355,Grocery,state_history,43,154
118,3.8633921146392822,Grocery,state_history,43,154
119,3.8766348361968994,Grocery,state_history,43,154
120,3.889620304107666,Grocery,state_history,43,154
121,3.9023241996765137,Grocery,state_history,43,154
122,3.9147140979766846,Grocery,state_history,43,154
123,3.9267754554748535,Grocery,state_history,43,154
124,3.9385664463043213,Grocery,state_history,43,154
125,3.9498770236968994,Grocery,state_history,43,154
126,3.960866689682007,Grocery,state_history,43,154
127,3.971609115600586,Grocery,state_history,43,154
128,3.9821112155914307,Grocery,state_history,43,154
129,3.992375612258911,Grocery,state_history,43,154
130,4.002342700958252,Grocery,state_history,43,154
131,4.0119428634643555,Grocery,state_history,43,154
132,4.021286964416504,Grocery,state_history,43,154
133,4.030428886413574,Grocery,state_history,43,154
134,4.039363384246826,Grocery,state_history,43,154
135,4.048069000244141,Grocery,state_history,43,154
136,4.056459426879883,Grocery,state_history,43,154
137,4.064651012420654,Grocery,state_history,43,154
138,4.072630882263184,Grocery,state_history,43,154
139,4.080348014831543,Grocery,state_history,43,154
140,4.087859630584717,Grocery,state_history,43,154
141,4.095279693603516,Grocery,state_history,43,154
142,4.102509021759033,Grocery,state_history,43,154
143,4.109681606292725,Grocery,state_history,43,154
144,4.116580963134766,Grocery,state_history,43,154
145,4.123331069946289,Grocery,state_history,43,154
146,4.130000591278076,Grocery,state_history,43,154
147,4.136471748352051,Grocery,state_history,43,154
148,4.142756462097168,Grocery,state_history,43,154
149,4.148932933807373,Grocery,state_history,43,154
150,4.154930591583252,Grocery,state_history,43,154
151,4.160807132720947,Grocery,state_history,43,154
152,4.166640758514404,Grocery,state_history,43,154
153,4.172293186187744,Grocery,state_history,43,154
154,4.177823543548584,Grocery,state_history,43,154
155,4.183292388916016,Grocery,state_history,43,154
156,4.188777446746826,Grocery,state_history,43,154
157,4.194230079650879,Grocery,state_history,43,154
158,4.199674606323242,Grocery,state_history,43,154
159,4.205110549926758,Grocery,state_history,43,154
160,4.210422992706299,Grocery,state_history,43,154
161,4.21565580368042,Grocery,state_history,43,154
162,4.220837593078613,Grocery,state_history,43,154
163,4.225843906402588,Grocery,state_history,43,154
164,4.230779647827148,Grocery,state_history,43,154
165,4.235614776611328,Grocery,state_history,43,154
166,4.240483283996582,Grocery,state_history,43,154
167,4.245353698730469,Grocery,state_history,43,154
168,4.249915599822998,Grocery,state_history,43,154
169,4.254376411437988,Grocery,state_history,43,154
170,4.259031295776367,Grocery,state_history,43,154
171,4.263766288757324,Grocery,state_history,43,154
172,4.2681050300598145,Grocery,state_history,43,154
173,4.272111892700195,Grocery,state_history,43,154
174,4.275615692138672,Grocery,state_history,43,154
175,4.279127597808838,Grocery,state_history,43,154
176,4.282720565795898,Grocery,state_history,43,154
177,4.2864670753479,Grocery,state_history,43,154
178,4.290174961090088,Grocery,state_history,43,154
179,4.293943405151367,Grocery,state_history,43,154
180,4.297746658325195,Grocery,state_history,43,154
181,4.301671028137207,Grocery,state_history,43,154
182,4.305665016174316,Grocery,state_history,43,154
183,4.309732913970947,Grocery,state_history,43,154
184,4.313878536224365,Grocery,state_history,43,154
0,0.0,Grocery,state_history,44,71
1,0.25596505403518677,Grocery,state_history,44,71
2,0.3614377975463867,Grocery,state_history,44,71
3,0.43241870403289795,Grocery,state_history,44,71
4,0.5031340718269348,Grocery,state_history,44,71
5,0.5779440999031067,Grocery,state_history,44,71
6,0.6660829186439514,Grocery,state_history,44,71
7,0.7663906216621399,Grocery,state_history,44,71
8,0.873185396194458,Grocery,state_history,44,71
9,0.9796081781387329,Grocery,state_history,44,71
10,1.0846014022827148,Grocery,state_history,44,71
11,1.1856696605682373,Grocery,state_history,44,71
12,1.2805498838424683,Grocery,state_history,44,71
13,1.3705626726150513,Grocery,state_history,44,71
14,1.45502507686615,Grocery,state_history,44,71
15,1.5330556631088257,Grocery,state_history,44,71
16,1.604363203048706,Grocery,state_history,44,71
17,1.669540286064148,Grocery,state_history,44,71
18,1.7293528318405151,Grocery,state_history,44,71
19,1.7843437194824219,Grocery,state_history,44,71
20,1.834766149520874,Grocery,state_history,44,71
21,1.8805546760559082,Grocery,state_history,44,71
22,1.9221875667572021,Grocery,state_history,44,71
23,1.9609336853027344,Grocery,state_history,44,71
24,1.996435284614563,Grocery,state_history,44,71
25,2.0291709899902344,Grocery,state_history,44,71
26,2.0594372749328613,Grocery,state_history,44,71
27,2.0876362323760986,Grocery,state_history,44,71
28,2.1136245727539062,Grocery,state_history,44,71
29,2.1383156776428223,Grocery,state_history,44,71
30,2.162385940551758,Grocery,state_history,44,71
31,2.184917449951172,Grocery,state_history,44,71
32,2.2064640522003174,Grocery,state_history,44,71
33,2.227656126022339,Grocery,state_history,44,71
34,2.2484617233276367,Grocery,state_history,44,71
35,2.268303155899048,Grocery,state_history,44,71
36,2.2879068851470947,Grocery,state_history,44,71
37,2.3070244789123535,Grocery,state_history,44,71
38,2.3268611431121826,Grocery,state_history,44,71
39,2.3461427688598633,Grocery,state_history,44,71
40,2.365158796310425,Grocery,state_history,44,71
41,2.38474702835083,Grocery,state_history,44,71
42,2.403867721557617,Grocery,state_history,44,71
43,2.4243271350860596,Grocery,state_history,44,71
44,2.443894624710083,Grocery,state_history,44,71
45,2.4633185863494873,Grocery,state_history,44,71
46,2.482110023498535,Grocery,state_history,44,71
47,2.500748872756958,Grocery,state_history,44,71
48,2.5186359882354736,Grocery,state_history,44,71
49,2.5358641147613525,Grocery,state_history,44,71
50,2.553626537322998,Grocery,state_history,44,71
51,2.571718215942383,Grocery,state_history,44,71
52,2.5898385047912598,Grocery,state_history,44,71
53,2.60916805267334,Grocery,state_history,44,71
54,2.627758502960205,Grocery,state_history,44,71
55,2.645824909210205,Grocery,state_history,44,71
56,2.6644389629364014,Grocery,state_history,44,71
57,2.6826179027557373,Grocery,state_history,44,71
58,2.7013802528381348,Grocery,state_history,44,71
59,2.7192909717559814,Grocery,state_history,44,71
60,2.736902952194214,Grocery,state_history,44,71
61,2.7541732788085938,Grocery,state_history,44,71
62,2.7717578411102295,Grocery,state_history,44,71
63,2.789510488510132,Grocery,state_history,44,71
64,2.8072855472564697,Grocery,state_history,44,71
65,2.8255770206451416,Grocery,state_history,44,71
66,2.8445591926574707,Grocery,state_history,44,71
67,2.863605260848999,Grocery,state_history,44,71
68,2.8830208778381348,Grocery,state_history,44,71
69,2.902996301651001,Grocery,state_history,44,71
70,2.9229111671447754,Grocery,state_history,44,71
71,2.943531036376953,Grocery,state_history,44,71
72,2.964918613433838,Grocery,state_history,44,71
73,2.9859182834625244,Grocery,state_history,44,71
74,3.0082578659057617,Grocery,state_history,44,71
75,3.0307013988494873,Grocery,state_history,44,71
76,3.052804946899414,Grocery,state_history,44,71
77,3.077216863632202,Grocery,state_history,44,71
78,3.1006369590759277,Grocery,state_history,44,71
79,3.1234097480773926,Grocery,state_history,44,71
80,3.146280288696289,Grocery,state_history,44,71
81,3.168424367904663,Grocery,state_history,44,71
82,3.1902973651885986,Grocery,state_history,44,71
83,3.2118284702301025,Grocery,state_history,44,71
84,3.2333202362060547,Grocery,state_history,44,71
85,3.2542455196380615,Grocery,state_history,44,71
86,3.2753326892852783,Grocery,state_history,44,71
87,3.295783519744873,Grocery,state_history,44,71
88,3.3165996074676514,Grocery,state_history,44,71
89,3.3370730876922607,Grocery,state_history,44,71
90,3.3574326038360596,Grocery,state_history,44,71
91,3.3784101009368896,Grocery,state_history,44,71
92,3.399799108505249,Grocery,state_history,44,71
93,3.4208855628967285,Grocery,state_history,44,71
94,3.441502094268799,Grocery,state_history,44,71
95,3.4623515605926514,Grocery,state_history,44,71
96,3.4834396839141846,Grocery,state_history,44,71
97,3.5048301219940186,Grocery,state_history,44,71
98,3.5261728763580322,Grocery,state_history,44,71
99,3.5472755432128906,Grocery,state_history,44,71
100,3.5681960582733154,Grocery,state_history,44,71
101,3.5887699127197266,Grocery,state_history,44,71
0,0.0,Grocery,terminal,42,78
1,0.0,Grocery,terminal,42,78
2,0.0,Grocery,terminal,42,78
3,0.0,Grocery,terminal,42,78
4,0.0,Grocery,terminal,42,78
5,0.0,Grocery,terminal,42,78
6,0.0,Grocery,terminal,42,78
7,0.0,Grocery,terminal,42,78
8,0.0,Grocery,terminal,42,78
9,0.0,Grocery,terminal,42,78
10,0.0,Grocery,terminal,42,78
11,0.0,Grocery,terminal,42,78
12,0.0,Grocery,terminal,42,78
13,0.0,Grocery,terminal,42,78
14,0.0,Grocery,terminal,42,78
15,0.0,Grocery,terminal,42,78
16,0.0,Grocery,terminal,42,78
17,0.0,Grocery,terminal,42,78
18,0.0,Grocery,terminal,42,78
19,0.0,Grocery,terminal,42,78
20,0.0,Grocery,terminal,42,78
21,0.0,Grocery,terminal,42,78
22,0.0,Grocery,terminal,42,78
23,0.0,Grocery,terminal,42,78
24,0.0,Grocery,terminal,42,78
25,0.0,Grocery,terminal,42,78
26,0.0,Grocery,terminal,42,78
27,0.0,Grocery,terminal,42,78
28,0.0,Grocery,terminal,42,78
29,0.0,Grocery,terminal,42,78
30,0.0,Grocery,terminal,42,78
31,0.0,Grocery,terminal,42,78
32,0.0,Grocery,terminal,42,78
33,0.0,Grocery,terminal,42,78
34,0.0,Grocery,terminal,42,78
35,0.0,Grocery,terminal,42,78
36,0.0,Grocery,terminal,42,78
37,0.0,Grocery,terminal,42,78
38,0.0,Grocery,terminal,42,78
39,0.0,Grocery,terminal,42,78
40,0.0,Grocery,terminal,42,78
41,0.0,Grocery,terminal,42,78
42,0.0,Grocery,terminal,42,78
43,0.0,Grocery,terminal,42,78
44,0.0,Grocery,terminal,42,78
45,0.0,Grocery,terminal,42,78
46,0.0,Grocery,terminal,42,78
47,0.0,Grocery,terminal,42,78
48,0.0,Grocery,terminal,42,78
49,0.0,Grocery,terminal,42,78
50,0.0,Grocery,terminal,42,78
51,0.0,Grocery,terminal,42,78
52,0.0,Grocery,terminal,42,78
53,0.0,Grocery,terminal,42,78
54,0.0,Grocery,terminal,42,78
55,0.0,Grocery,terminal,42,78
56,0.0,Grocery,terminal,42,78
57,0.0,Grocery,terminal,42,78
58,0.0,Grocery,terminal,42,78
59,0.0,Grocery,terminal,42,78
60,0.0,Grocery,terminal,42,78
61,0.0,Grocery,terminal,42,78
62,0.0,Grocery,terminal,42,78
63,0.0,Grocery,terminal,42,78
64,0.0,Grocery,terminal,42,78
65,0.0,Grocery,terminal,42,78
66,0.0,Grocery,terminal,42,78
67,0.0,Grocery,terminal,42,78
68,0.0,Grocery,terminal,42,78
69,0.0,Grocery,terminal,42,78
70,0.0,Grocery,terminal,42,78
71,0.0,Grocery,terminal,42,78
72,0.0,Grocery,terminal,42,78
73,0.0,Grocery,terminal,42,78
74,0.0,Grocery,terminal,42,78
75,0.0,Grocery,terminal,42,78
76,0.0,Grocery,terminal,42,78
77,0.0,Grocery,terminal,42,78
78,0.0,Grocery,terminal,42,78
79,0.0,Grocery,terminal,42,78
80,0.0,Grocery,terminal,42,78
81,0.0,Grocery,terminal,42,78
82,0.0,Grocery,terminal,42,78
83,0.0,Grocery,terminal,42,78
84,0.0,Grocery,terminal,42,78
85,0.0,Grocery,terminal,42,78
86,0.0,Grocery,terminal,42,78
87,0.0,Grocery,terminal,42,78
88,0.0,Grocery,terminal,42,78
89,0.0,Grocery,terminal,42,78
90,0.0,Grocery,terminal,42,78
91,0.0,Grocery,terminal,42,78
92,0.0,Grocery,terminal,42,78
93,0.0,Grocery,terminal,42,78
94,0.0,Grocery,terminal,42,78
95,0.0,Grocery,terminal,42,78
96,0.0,Grocery,terminal,42,78
97,0.0,Grocery,terminal,42,78
98,0.0,Grocery,terminal,42,78
99,0.0,Grocery,terminal,42,78
100,0.0,Grocery,terminal,42,78
101,0.0,Grocery,terminal,42,78
102,0.0,Grocery,terminal,42,78
103,0.0,Grocery,terminal,42,78
104,0.0,Grocery,terminal,42,78
105,0.0,Grocery,terminal,42,78
106,0.0,Grocery,terminal,42,78
107,0.0,Grocery,terminal,42,78
108,0.0,Grocery,terminal,42,78
0,0.0,Grocery,terminal,43,76
1,0.0,Grocery,terminal,43,76
2,0.0,Grocery,terminal,43,76
3,0.0,Grocery,terminal,43,76
4,0.0,Grocery,terminal,43,76
5,0.0,Grocery,terminal,43,76
6,0.0,Grocery,terminal,43,76
7,0.0,Grocery,terminal,43,76
8,0.0,Grocery,terminal,43,76
9,0.0,Grocery,terminal,43,76
10,0.0,Grocery,terminal,43,76
11,0.0,Grocery,terminal,43,76
12,0.0,Grocery,terminal,43,76
13,0.0,Grocery,terminal,43,76
14,0.0,Grocery,terminal,43,76
15,0.0,Grocery,terminal,43,76
16,0.0,Grocery,terminal,43,76
17,0.0,Grocery,terminal,43,76
18,0.0,Grocery,terminal,43,76
19,0.0,Grocery,terminal,43,76
20,0.0,Grocery,terminal,43,76
21,0.0,Grocery,terminal,43,76
22,0.0,Grocery,terminal,43,76
23,0.0,Grocery,terminal,43,76
24,0.0,Grocery,terminal,43,76
25,0.0,Grocery,terminal,43,76
26,0.0,Grocery,terminal,43,76
27,0.0,Grocery,terminal,43,76
28,0.0,Grocery,terminal,43,76
29,0.0,Grocery,terminal,43,76
30,0.0,Grocery,terminal,43,76
31,0.0,Grocery,terminal,43,76
32,0.0,Grocery,terminal,43,76
33,0.0,Grocery,terminal,43,76
34,0.0,Grocery,terminal,43,76
35,0.0,Grocery,terminal,43,76
36,0.0,Grocery,terminal,43,76
37,0.0,Grocery,terminal,43,76
38,0.0,Grocery,terminal,43,76
39,0.0,Grocery,terminal,43,76
40,0.0,Grocery,terminal,43,76
41,0.0,Grocery,terminal,43,76
42,0.0,Grocery,terminal,43,76
43,0.0,Grocery,terminal,43,76
44,0.0,Grocery,terminal,43,76
45,0.0,Grocery,terminal,43,76
46,0.0,Grocery,terminal,43,76
47,0.0,Grocery,terminal,43,76
48,0.0,Grocery,terminal,43,76
49,0.0,Grocery,terminal,43,76
50,0.0,Grocery,terminal,43,76
51,0.0,Grocery,terminal,43,76
52,0.0,Grocery,terminal,43,76
53,0.0,Grocery,terminal,43,76
54,0.0,Grocery,terminal,43,76
55,0.0,Grocery,terminal,43,76
56,0.0,Grocery,terminal,43,76
57,0.0,Grocery,terminal,43,76
58,0.0,Grocery,terminal,43,76
59,0.0,Grocery,terminal,43,76
60,0.0,Grocery,terminal,43,76
61,0.0,Grocery,terminal,43,76
62,0.0,Grocery,terminal,43,76
63,0.0,Grocery,terminal,43,76
64,0.0,Grocery,terminal,43,76
65,0.0,Grocery,terminal,43,76
66,0.0,Grocery,terminal,43,76
67,0.0,Grocery,terminal,43,76
68,0.0,Grocery,terminal,43,76
69,0.0,Grocery,terminal,43,76
70,0.0,Grocery,terminal,43,76
71,0.0,Grocery,terminal,43,76
72,0.0,Grocery,terminal,43,76
73,0.0,Grocery,terminal,43,76
74,0.0,Grocery,terminal,43,76
75,0.0,Grocery,terminal,43,76
76,0.0,Grocery,terminal,43,76
77,0.0,Grocery,terminal,43,76
78,0.0,Grocery,terminal,43,76
79,0.0,Grocery,terminal,43,76
80,0.0,Grocery,terminal,43,76
81,0.0,Grocery,terminal,43,76
82,0.0,Grocery,terminal,43,76
83,0.0,Grocery,terminal,43,76
84,0.0,Grocery,terminal,43,76
85,0.0,Grocery,terminal,43,76
86,0.0,Grocery,terminal,43,76
87,0.0,Grocery,terminal,43,76
88,0.0,Grocery,terminal,43,76
89,0.0,Grocery,terminal,43,76
90,0.0,Grocery,terminal,43,76
91,0.0,Grocery,terminal,43,76
92,0.0,Grocery,terminal,43,76
93,0.0,Grocery,terminal,43,76
94,0.0,Grocery,terminal,43,76
95,0.0,Grocery,terminal,43,76
96,0.0,Grocery,terminal,43,76
97,0.0,Grocery,terminal,43,76
98,0.0,Grocery,terminal,43,76
99,0.0,Grocery,terminal,43,76
100,0.0,Grocery,terminal,43,76
101,0.0,Grocery,terminal,43,76
102,0.0,Grocery,terminal,43,76
103,0.0,Grocery,terminal,43,76
104,0.0,Grocery,terminal,43,76
105,0.0,Grocery,terminal,43,76
106,0.0,Grocery,terminal,43,76
0,0.0,Grocery,terminal,44,75
1,0.0,Grocery,terminal,44,75
2,0.0,Grocery,terminal,44,75
3,0.0,Grocery,terminal,44,75
4,0.0,Grocery,terminal,44,75
5,0.0,Grocery,terminal,44,75
6,0.0,Grocery,terminal,44,75
7,0.0,Grocery,terminal,44,75
8,0.0,Grocery,terminal,44,75
9,0.0,Grocery,terminal,44,75
10,0.0,Grocery,terminal,44,75
11,0.0,Grocery,terminal,44,75
12,0.0,Grocery,terminal,44,75
13,0.0,Grocery,terminal,44,75
14,0.0,Grocery,terminal,44,75
15,0.0,Grocery,terminal,44,75
16,0.0,Grocery,terminal,44,75
17,0.0,Grocery,terminal,44,75
18,0.0,Grocery,terminal,44,75
19,0.0,Grocery,terminal,44,75
20,0.0,Grocery,terminal,44,75
21,0.0,Grocery,terminal,44,75
22,0.0,Grocery,terminal,44,75
23,0.0,Grocery,terminal,44,75
24,0.0,Grocery,terminal,44,75
25,0.0,Grocery,terminal,44,75
26,0.0,Grocery,terminal,44,75
27,0.0,Grocery,terminal,44,75
28,0.0,Grocery,terminal,44,75
29,0.0,Grocery,terminal,44,75
30,0.0,Grocery,terminal,44,75
31,0.0,Grocery,terminal,44,75
32,0.0,Grocery,terminal,44,75
33,0.0,Grocery,terminal,44,75
34,0.0,Grocery,terminal,44,75
35,0.0,Grocery,terminal,44,75
36,0.0,Grocery,terminal,44,75
37,0.0,Grocery,terminal,44,75
38,0.0,Grocery,terminal,44,75
39,0.0,Grocery,terminal,44,75
40,0.0,Grocery,terminal,44,75
41,0.0,Grocery,terminal,44,75
42,0.0,Grocery,terminal,44,75
43,0.0,Grocery,terminal,44,75
44,0.0,Grocery,terminal,44,75
45,0.0,Grocery,terminal,44,75
46,0.0,Grocery,terminal,44,75
47,0.0,Grocery,terminal,44,75
48,0.0,Grocery,terminal,44,75
49,0.0,Grocery,terminal,44,75
50,0.0,Grocery,terminal,44,75
51,0.0,Grocery,terminal,44,75
52,0.0,Grocery,terminal,44,75
53,0.0,Grocery,terminal,44,75
54,0.0,Grocery,terminal,44,75
55,0.0,Grocery,terminal,44,75
56,0.0,Grocery,terminal,44,75
57,0.0,Grocery,terminal,44,75
58,0.0,Grocery,terminal,44,75
59,0.0,Grocery,terminal,44,75
60,0.0,Grocery,terminal,44,75
61,0.0,Grocery,terminal,44,75
62,0.0,Grocery,terminal,44,75
63,0.0,Grocery,terminal,44,75
64,0.0,Grocery,terminal,44,75
65,0.0,Grocery,terminal,44,75
66,0.0,Grocery,terminal,44,75
67,0.0,Grocery,terminal,44,75
68,0.0,Grocery,terminal,44,75
69,0.0,Grocery,terminal,44,75
70,0.0,Grocery,terminal,44,75
71,0.0,Grocery,terminal,44,75
72,0.0,Grocery,terminal,44,75
73,0.0,Grocery,terminal,44,75
74,0.0,Grocery,terminal,44,75
75,0.0,Grocery,terminal,44,75
76,0.0,Grocery,terminal,44,75
77,0.0,Grocery,terminal,44,75
78,0.0,Grocery,terminal,44,75
79,0.0,Grocery,terminal,44,75
80,0.0,Grocery,terminal,44,75
81,0.0,Grocery,terminal,44,75
82,0.0,Grocery,terminal,44,75
83,0.0,Grocery,terminal,44,75
84,0.0,Grocery,terminal,44,75
85,0.0,Grocery,terminal,44,75
86,0.0,Grocery,terminal,44,75
87,0.0,Grocery,terminal,44,75
88,0.0,Grocery,terminal,44,75
89,0.0,Grocery,terminal,44,75
90,0.0,Grocery,terminal,44,75
91,0.0,Grocery,terminal,44,75
92,0.0,Grocery,terminal,44,75
93,0.0,Grocery,terminal,44,75
94,0.0,Grocery,terminal,44,75
95,0.0,Grocery,terminal,44,75
96,0.0,Grocery,terminal,44,75
97,0.0,Grocery,terminal,44,75
98,0.0,Grocery,terminal,44,75
99,0.0,Grocery,terminal,44,75
100,0.0,Grocery,terminal,44,75
101,0.0,Grocery,terminal,44,75
102,0.0,Grocery,terminal,44,75
103,0.0,Grocery,terminal,44,75
104,0.0,Grocery,terminal,44,75
105,0.0,Grocery,terminal,44,75
0,0.0,Movies,operation_history,42,46
1,0.2559581995010376,Movies,operation_history,42,46
2,0.335569828748703,Movies,operation_history,42,46
3,0.39342939853668213,Movies,operation_history,42,46
4,0.4718857705593109,Movies,operation_history,42,46
5,0.5365309715270996,Movies,operation_history,42,46
6,0.6089291572570801,Movies,operation_history,42,46
7,0.6680117249488831,Movies,operation_history,42,46
8,0.7201882600784302,Movies,operation_history,42,46
9,0.7664088606834412,Movies,operation_history,42,46
10,0.8133115172386169,Movies,operation_history,42,46
11,0.8569602966308594,Movies,operation_history,42,46
12,0.9000176787376404,Movies,operation_history,42,46
13,0.9417003989219666,Movies,operation_history,42,46
14,0.9811025857925415,Movies,operation_history,42,46
15,1.0191082954406738,Movies,operation_history,42,46
16,1.055185079574585,Movies,operation_history,42,46
17,1.0925804376602173,Movies,operation_history,42,46
18,1.1313010454177856,Movies,operation_history,42,46
19,1.1717385053634644,Movies,operation_history,42,46
20,1.2117516994476318,Movies,operation_history,42,46
21,1.2544500827789307,Movies,operation_history,42,46
22,1.2987725734710693,Movies,operation_history,42,46
23,1.344113826751709,Movies,operation_history,42,46
24,1.3898087739944458,Movies,operation_history,42,46
25,1.4342926740646362,Movies,operation_history,42,46
26,1.4795892238616943,Movies,operation_history,42,46
27,1.5239977836608887,Movies,operation_history,42,46
28,1.567388892173767,Movies,operation_history,42,46
29,1.6103315353393555,Movies,operation_history,42,46
30,1.6518462896347046,Movies,operation_history,42,46
31,1.6917906999588013,Movies,operation_history,42,46
32,1.7317696809768677,Movies,operation_history,42,46
33,1.7711693048477173,Movies,operation_history,42,46
34,1.8117332458496094,Movies,operation_history,42,46
35,1.849228024482727,Movies,operation_history,42,46
36,1.8850313425064087,Movies,operation_history,42,46
37,1.9183241128921509,Movies,operation_history,42,46
38,1.9496276378631592,Movies,operation_history,42,46
39,1.9785985946655273,Movies,operation_history,42,46
40,2.0052542686462402,Movies,operation_history,42,46
41,2.0305778980255127,Movies,operation_history,42,46
42,2.054832935333252,Movies,operation_history,42,46
43,2.0772504806518555,Movies,operation_history,42,46
44,2.0984208583831787,Movies,operation_history,42,46
45,2.1196188926696777,Movies,operation_history,42,46
46,2.1411585807800293,Movies,operation_history,42,46
47,2.1627845764160156,Movies,operation_history,42,46
48,2.185575485229492,Movies,operation_history,42,46
49,2.2075371742248535,Movies,operation_history,42,46
50,2.228731393814087,Movies,operation_history,42,46
51,2.2490627765655518,Movies,operation_history,42,46
52,2.2693018913269043,Movies,operation_history,42,46
53,2.2900612354278564,Movies,operation_history,42,46
54,2.310941457748413,Movies,operation_history,42,46
55,2.331456184387207,Movies,operation_history,42,46
56,2.352771759033203,Movies,operation_history,42,46
57,2.3751087188720703,Movies,operation_history,42,46
58,2.397393226623535,Movies,operation_history,42,46
59,2.4192957878112793,Movies,operation_history,42,46
60,2.4430580139160156,Movies,operation_history,42,46
61,2.4676077365875244,Movies,operation_history,42,46
62,2.4920332431793213,Movies,operation_history,42,46
63,2.5160226821899414,Movies,operation_history,42,46
64,2.5414175987243652,Movies,operation_history,42,46
65,2.5663020610809326,Movies,operation_history,42,46
66,2.5907270908355713,Movies,operation_history,42,46
67,2.616109609603882,Movies,operation_history,42,46
68,2.6403799057006836,Movies,operation_history,42,46
69,2.6640870571136475,Movies,operation_history,42,46
70,2.687933921813965,Movies,operation_history,42,46
71,2.712435483932495,Movies,operation_history,42,46
72,2.7352142333984375,Movies,operation_history,42,46
73,2.7605249881744385,Movies,operation_history,42,46
74,2.7839789390563965,Movies,operation_history,42,46
75,2.805851697921753,Movies,operation_history,42,46
76,2.8261067867279053,Movies,operation_history,42,46
0,0.0,Movies,operation_history,43,64
1,0.2559620141983032,Movies,operation_history,43,64
2,0.3355404734611511,Movies,operation_history,43,64
3,0.38954615592956543,Movies,operation_history,43,64
4,0.4674921929836273,Movies,operation_history,43,64
5,0.5459712147712708,Movies,operation_history,43,64
6,0.617728590965271,Movies,operation_history,43,64
7,0.6843820214271545,Movies,operation_history,43,64
8,0.7404035925865173,Movies,operation_history,43,64
9,0.7912634015083313,Movies,operation_history,43,64
10,0.8355039358139038,Movies,operation_history,43,64
11,0.87456876039505,Movies,operation_history,43,64
12,0.9132406711578369,Movies,operation_history,43,64
13,0.9503551721572876,Movies,operation_history,43,64
14,0.9855215549468994,Movies,operation_history,43,64
15,1.0193915367126465,Movies,operation_history,43,64
16,1.0527220964431763,Movies,operation_history,43,64
17,1.0868431329727173,Movies,operation_history,43,64
18,1.1246029138565063,Movies,operation_history,43,64
19,1.1644989252090454,Movies,operation_history,43,64
20,1.2072476148605347,Movies,operation_history,43,64
21,1.2500405311584473,Movies,operation_history,43,64
22,1.2949069738388062,Movies,operation_history,43,64
23,1.3391438722610474,Movies,operation_history,43,64
24,1.3844236135482788,Movies,operation_history,43,64
25,1.4296951293945312,Movies,operation_history,43,64
26,1.4758875370025635,Movies,operation_history,43,64
27,1.5199744701385498,Movies,operation_history,43,64
28,1.56182062625885,Movies,operation_history,43,64
29,1.6041679382324219,Movies,operation_history,43,64
30,1.6455655097961426,Movies,operation_history,43,64
31,1.6881669759750366,Movies,operation_history,43,64
32,1.7273873090744019,Movies,operation_history,43,64
33,1.7635101079940796,Movies,operation_history,43,64
34,1.7971049547195435,Movies,operation_history,43,64
35,1.829402208328247,Movies,operation_history,43,64
36,1.8600493669509888,Movies,operation_history,43,64
37,1.8894717693328857,Movies,operation_history,43,64
38,1.91846764087677,Movies,operation_history,43,64
39,1.9453516006469727,Movies,operation_history,43,64
40,1.970848560333252,Movies,operation_history,43,64
41,1.9951891899108887,Movies,operation_history,43,64
42,2.0190541744232178,Movies,operation_history,43,64
43,2.04097056388855,Movies,operation_history,43,64
44,2.06139874458313,Movies,operation_history,43,64
45,2.0806684494018555,Movies,operation_history,43,64
46,2.099705457687378,Movies,operation_history,43,64
47,2.1173462867736816,Movies,operation_history,43,64
48,2.1344099044799805,Movies,operation_history,43,64
49,2.152872323989868,Movies,operation_history,43,64
50,2.1702373027801514,Movies,operation_history,43,64
51,2.1883487701416016,Movies,operation_history,43,64
52,2.2062559127807617,Movies,operation_history,43,64
53,2.2251555919647217,Movies,operation_history,43,64
54,2.2433412075042725,Movies,operation_history,43,64
55,2.261780261993408,Movies,operation_history,43,64
56,2.2796101570129395,Movies,operation_history,43,64
57,2.296579360961914,Movies,operation_history,43,64
58,2.3159067630767822,Movies,operation_history,43,64
59,2.3342413902282715,Movies,operation_history,43,64
60,2.3525702953338623,Movies,operation_history,43,64
61,2.37095046043396,Movies,operation_history,43,64
62,2.388998508453369,Movies,operation_history,43,64
63,2.4062693119049072,Movies,operation_history,43,64
64,2.424309730529785,Movies,operation_history,43,64
65,2.4426136016845703,Movies,operation_history,43,64
66,2.459676504135132,Movies,operation_history,43,64
67,2.478868007659912,Movies,operation_history,43,64
68,2.4967715740203857,Movies,operation_history,43,64
69,2.5134541988372803,Movies,operation_history,43,64
70,2.529181718826294,Movies,operation_history,43,64
71,2.544950008392334,Movies,operation_history,43,64
72,2.5603487491607666,Movies,operation_history,43,64
73,2.5759029388427734,Movies,operation_history,43,64
74,2.590867757797241,Movies,operation_history,43,64
75,2.6054162979125977,Movies,operation_history,43,64
76,2.619190216064453,Movies,operation_history,43,64
77,2.6328747272491455,Movies,operation_history,43,64
78,2.647200345993042,Movies,operation_history,43,64
79,2.6608781814575195,Movies,operation_history,43,64
80,2.674875497817993,Movies,operation_history,43,64
81,2.6892106533050537,Movies,operation_history,43,64
82,2.7043447494506836,Movies,operation_history,43,64
83,2.7225844860076904,Movies,operation_history,43,64
84,2.7408673763275146,Movies,operation_history,43,64
85,2.7602763175964355,Movies,operation_history,43,64
86,2.7782716751098633,Movies,operation_history,43,64
87,2.7962863445281982,Movies,operation_history,43,64
88,2.814284563064575,Movies,operation_history,43,64
89,2.833921432495117,Movies,operation_history,43,64
90,2.8522815704345703,Movies,operation_history,43,64
91,2.870347499847412,Movies,operation_history,43,64
92,2.8876590728759766,Movies,operation_history,43,64
93,2.9067394733428955,Movies,operation_history,43,64
94,2.924422264099121,Movies,operation_history,43,64
0,0.0,Movies,operation_history,44,79
1,0.2559588849544525,Movies,operation_history,44,79
2,0.3471435606479645,Movies,operation_history,44,79
3,0.40138885378837585,Movies,operation_history,44,79
4,0.4679192900657654,Movies,operation_history,44,79
5,0.5379639863967896,Movies,operation_history,44,79
6,0.6122025847434998,Movies,operation_history,44,79
7,0.6865198016166687,Movies,operation_history,44,79
8,0.756382942199707,Movies,operation_history,44,79
9,0.8194833397865295,Movies,operation_history,44,79
10,0.8794797658920288,Movies,operation_history,44,79
11,0.9402899146080017,Movies,operation_history,44,79
12,1.0009856224060059,Movies,operation_history,44,79
13,1.0581858158111572,Movies,operation_history,44,79
14,1.1108465194702148,Movies,operation_history,44,79
15,1.1603165864944458,Movies,operation_history,44,79
16,1.2064595222473145,Movies,operation_history,44,79
17,1.2514467239379883,Movies,operation_history,44,79
18,1.2943875789642334,Movies,operation_history,44,79
19,1.3359038829803467,Movies,operation_history,44,79
20,1.3747743368148804,Movies,operation_history,44,79
21,1.4109567403793335,Movies,operation_history,44,79
22,1.4475334882736206,Movies,operation_history,44,79
23,1.482975959777832,Movies,operation_history,44,79
24,1.5187236070632935,Movies,operation_history,44,79
25,1.5543292760849,Movies,operation_history,44,79
26,1.5896481275558472,Movies,operation_history,44,79
27,1.624316692352295,Movies,operation_history,44,79
28,1.6586284637451172,Movies,operation_history,44,79
29,1.6934618949890137,Movies,operation_history,44,79
30,1.7279272079467773,Movies,operation_history,44,79
31,1.7611390352249146,Movies,operation_history,44,79
32,1.7940915822982788,Movies,operation_history,44,79
33,1.8301972150802612,Movies,operation_history,44,79
34,1.863710880279541,Movies,operation_history,44,79
35,1.897779941558838,Movies,operation_history,44,79
36,1.9297868013381958,Movies,operation_history,44,79
37,1.9603781700134277,Movies,operation_history,44,79
38,1.9881842136383057,Movies,operation_history,44,79
39,2.0135011672973633,Movies,operation_history,44,79
40,2.038153886795044,Movies,operation_history,44,79
41,2.062112808227539,Movies,operation_history,44,79
42,2.084800958633423,Movies,operation_history,44,79
43,2.1066622734069824,Movies,operation_history,44,79
44,2.1282825469970703,Movies,operation_history,44,79
45,2.149829864501953,Movies,operation_history,44,79
46,2.1712701320648193,Movies,operation_history,44,79
47,2.1924057006835938,Movies,operation_history,44,79
48,2.21431303024292,Movies,operation_history,44,79
49,2.235074996948242,Movies,operation_history,44,79
50,2.2553818225860596,Movies,operation_history,44,79
51,2.2759597301483154,Movies,operation_history,44,79
52,2.295943021774292,Movies,operation_history,44,79
53,2.316021203994751,Movies,operation_history,44,79
54,2.3363099098205566,Movies,operation_history,44,79
55,2.355762004852295,Movies,operation_history,44,79
56,2.377270460128784,Movies,operation_history,44,79
57,2.3974227905273438,Movies,operation_history,44,79
58,2.4165163040161133,Movies,operation_history,44,79
59,2.434823751449585,Movies,operation_history,44,79
60,2.4532864093780518,Movies,operation_history,44,79
61,2.471210241317749,Movies,operation_history,44,79
62,2.4888453483581543,Movies,operation_history,44,79
63,2.5070641040802,Movies,operation_history,44,79
64,2.5253489017486572,Movies,operation_history,44,79
65,2.5438528060913086,Movies,operation_history,44,79
66,2.5623202323913574,Movies,operation_history,44,79
67,2.581508159637451,Movies,operation_history,44,79
68,2.601314067840576,Movies,operation_history,44,79
69,2.6204729080200195,Movies,operation_history,44,79
70,2.639984130859375,Movies,operation_history,44,79
71,2.6595232486724854,Movies,operation_history,44,79
72,2.679682970046997,Movies,operation_history,44,79
73,2.699434518814087,Movies,operation_history,44,79
74,2.71964955329895,Movies,operation_history,44,79
75,2.7400341033935547,Movies,operation_history,44,79
76,2.760756731033325,Movies,operation_history,44,79
77,2.7807276248931885,Movies,operation_history,44,79
78,2.803847551345825,Movies,operation_history,44,79
79,2.825965642929077,Movies,operation_history,44,79
80,2.847991466522217,Movies,operation_history,44,79
81,2.869025945663452,Movies,operation_history,44,79
82,2.8914787769317627,Movies,operation_history,44,79
83,2.9138741493225098,Movies,operation_history,44,79
84,2.937079429626465,Movies,operation_history,44,79
85,2.959050178527832,Movies,operation_history,44,79
86,2.9804441928863525,Movies,operation_history,44,79
87,3.0040805339813232,Movies,operation_history,44,79
88,3.0262680053710938,Movies,operation_history,44,79
89,3.04852032661438,Movies,operation_history,44,79
90,3.0694262981414795,Movies,operation_history,44,79
91,3.08937668800354,Movies,operation_history,44,79
92,3.1082277297973633,Movies,operation_history,44,79
93,3.126648426055908,Movies,operation_history,44,79
94,3.1442315578460693,Movies,operation_history,44,79
95,3.1616039276123047,Movies,operation_history,44,79
96,3.17811918258667,Movies,operation_history,44,79
97,3.194154977798462,Movies,operation_history,44,79
98,3.209697961807251,Movies,operation_history,44,79
99,3.2246828079223633,Movies,operation_history,44,79
100,3.2410542964935303,Movies,operation_history,44,79
101,3.2571980953216553,Movies,operation_history,44,79
102,3.2728919982910156,Movies,operation_history,44,79
103,3.2887136936187744,Movies,operation_history,44,79
104,3.3043675422668457,Movies,operation_history,44,79
105,3.3202104568481445,Movies,operation_history,44,79
106,3.3367726802825928,Movies,operation_history,44,79
107,3.352445363998413,Movies,operation_history,44,79
108,3.3684420585632324,Movies,operation_history,44,79
109,3.384542465209961,Movies,operation_history,44,79
0,0.0,Movies,relation_operation_history,42,43
1,0.25595781207084656,Movies,relation_operation_history,42,43
2,0.33464524149894714,Movies,relation_operation_history,42,43
3,0.39409759640693665,Movies,relation_operation_history,42,43
4,0.4699772894382477,Movies,relation_operation_history,42,43
5,0.5359867811203003,Movies,relation_operation_history,42,43
6,0.6019034385681152,Movies,relation_operation_history,42,43
7,0.666806161403656,Movies,relation_operation_history,42,43
8,0.7260528206825256,Movies,relation_operation_history,42,43
9,0.7811143398284912,Movies,relation_operation_history,42,43
10,0.8371401429176331,Movies,relation_operation_history,42,43
11,0.8952990770339966,Movies,relation_operation_history,42,43
12,0.9497621059417725,Movies,relation_operation_history,42,43
13,0.9997677803039551,Movies,relation_operation_history,42,43
14,1.0465463399887085,Movies,relation_operation_history,42,43
15,1.0899860858917236,Movies,relation_operation_history,42,43
16,1.1301699876785278,Movies,relation_operation_history,42,43
17,1.1698452234268188,Movies,relation_operation_history,42,43
18,1.2099871635437012,Movies,relation_operation_history,42,43
19,1.249191164970398,Movies,relation_operation_history,42,43
20,1.2872588634490967,Movies,relation_operation_history,42,43
21,1.3268733024597168,Movies,relation_operation_history,42,43
22,1.365658164024353,Movies,relation_operation_history,42,43
23,1.4050250053405762,Movies,relation_operation_history,42,43
24,1.4447637796401978,Movies,relation_operation_history,42,43
25,1.4844791889190674,Movies,relation_operation_history,42,43
26,1.5227391719818115,Movies,relation_operation_history,42,43
27,1.5618619918823242,Movies,relation_operation_history,42,43
28,1.600524663925171,Movies,relation_operation_history,42,43
29,1.6392923593521118,Movies,relation_operation_history,42,43
30,1.6769335269927979,Movies,relation_operation_history,42,43
31,1.714202880859375,Movies,relation_operation_history,42,43
32,1.7505359649658203,Movies,relation_operation_history,42,43
33,1.7864158153533936,Movies,relation_operation_history,42,43
34,1.822631597518921,Movies,relation_operation_history,42,43
35,1.8580116033554077,Movies,relation_operation_history,42,43
36,1.8935996294021606,Movies,relation_operation_history,42,43
37,1.927856206893921,Movies,relation_operation_history,42,43
38,1.9614769220352173,Movies,relation_operation_history,42,43
39,1.993452548980713,Movies,relation_operation_history,42,43
40,2.024322271347046,Movies,relation_operation_history,42,43
41,2.0545923709869385,Movies,relation_operation_history,42,43
42,2.084324359893799,Movies,relation_operation_history,42,43
43,2.11283540725708,Movies,relation_operation_history,42,43
44,2.1407110691070557,Movies,relation_operation_history,42,43
45,2.168609857559204,Movies,relation_operation_history,42,43
46,2.1962997913360596,Movies,relation_operation_history,42,43
47,2.2246739864349365,Movies,relation_operation_history,42,43
48,2.2511940002441406,Movies,relation_operation_history,42,43
49,2.279217004776001,Movies,relation_operation_history,42,43
50,2.3056418895721436,Movies,relation_operation_history,42,43
51,2.331775426864624,Movies,relation_operation_history,42,43
52,2.355900526046753,Movies,relation_operation_history,42,43
53,2.378303050994873,Movies,relation_operation_history,42,43
54,2.4000155925750732,Movies,relation_operation_history,42,43
55,2.4212114810943604,Movies,relation_operation_history,42,43
56,2.442660093307495,Movies,relation_operation_history,42,43
57,2.463210105895996,Movies,relation_operation_history,42,43
58,2.4830398559570312,Movies,relation_operation_history,42,43
59,2.502509117126465,Movies,relation_operation_history,42,43
60,2.5218160152435303,Movies,relation_operation_history,42,43
61,2.542738914489746,Movies,relation_operation_history,42,43
62,2.5626025199890137,Movies,relation_operation_history,42,43
63,2.581648826599121,Movies,relation_operation_history,42,43
64,2.6018526554107666,Movies,relation_operation_history,42,43
65,2.62239408493042,Movies,relation_operation_history,42,43
66,2.6420462131500244,Movies,relation_operation_history,42,43
67,2.66121244430542,Movies,relation_operation_history,42,43
68,2.6832799911499023,Movies,relation_operation_history,42,43
69,2.70395827293396,Movies,relation_operation_history,42,43
70,2.723693609237671,Movies,relation_operation_history,42,43
71,2.7424159049987793,Movies,relation_operation_history,42,43
72,2.7604949474334717,Movies,relation_operation_history,42,43
73,2.7780604362487793,Movies,relation_operation_history,42,43
0,0.0,Movies,relation_operation_history,43,53
1,0.2559572458267212,Movies,relation_operation_history,43,53
2,0.3323022723197937,Movies,relation_operation_history,43,53
3,0.391357421875,Movies,relation_operation_history,43,53
4,0.4715588688850403,Movies,relation_operation_history,43,53
5,0.555463969707489,Movies,relation_operation_history,43,53
6,0.6337687969207764,Movies,relation_operation_history,43,53
7,0.7060384750366211,Movies,relation_operation_history,43,53
8,0.7656962871551514,Movies,relation_operation_history,43,53
9,0.818997323513031,Movies,relation_operation_history,43,53
10,0.8644102215766907,Movies,relation_operation_history,43,53
11,0.9044240117073059,Movies,relation_operation_history,43,53
12,0.9410749673843384,Movies,relation_operation_history,43,53
13,0.9751921892166138,Movies,relation_operation_history,43,53
14,1.0063233375549316,Movies,relation_operation_history,43,53
15,1.0360840559005737,Movies,relation_operation_history,43,53
16,1.0660135746002197,Movies,relation_operation_history,43,53
17,1.0946284532546997,Movies,relation_operation_history,43,53
18,1.1240289211273193,Movies,relation_operation_history,43,53
19,1.1526583433151245,Movies,relation_operation_history,43,53
20,1.1812559366226196,Movies,relation_operation_history,43,53
21,1.2116577625274658,Movies,relation_operation_history,43,53
22,1.2429542541503906,Movies,relation_operation_history,43,53
23,1.2746517658233643,Movies,relation_operation_history,43,53
24,1.3061485290527344,Movies,relation_operation_history,43,53
25,1.3389891386032104,Movies,relation_operation_history,43,53
26,1.3725947141647339,Movies,relation_operation_history,43,53
27,1.4059451818466187,Movies,relation_operation_history,43,53
28,1.4412405490875244,Movies,relation_operation_history,43,53
29,1.4758795499801636,Movies,relation_operation_history,43,53
30,1.5088350772857666,Movies,relation_operation_history,43,53
31,1.5431780815124512,Movies,relation_operation_history,43,53
32,1.577983021736145,Movies,relation_operation_history,43,53
33,1.6128301620483398,Movies,relation_operation_history,43,53
34,1.6472452878952026,Movies,relation_operation_history,43,53
35,1.6800954341888428,Movies,relation_operation_history,43,53
36,1.7130388021469116,Movies,relation_operation_history,43,53
37,1.7456375360488892,Movies,relation_operation_history,43,53
38,1.7765088081359863,Movies,relation_operation_history,43,53
39,1.8070698976516724,Movies,relation_operation_history,43,53
40,1.8362195491790771,Movies,relation_operation_history,43,53
41,1.8656904697418213,Movies,relation_operation_history,43,53
42,1.8925315141677856,Movies,relation_operation_history,43,53
43,1.9169098138809204,Movies,relation_operation_history,43,53
44,1.941684365272522,Movies,relation_operation_history,43,53
45,1.9646519422531128,Movies,relation_operation_history,43,53
46,1.9863770008087158,Movies,relation_operation_history,43,53
47,2.007103681564331,Movies,relation_operation_history,43,53
48,2.0269834995269775,Movies,relation_operation_history,43,53
49,2.045574426651001,Movies,relation_operation_history,43,53
50,2.064146041870117,Movies,relation_operation_history,43,53
51,2.0821497440338135,Movies,relation_operation_history,43,53
52,2.099740743637085,Movies,relation_operation_history,43,53
53,2.116790294647217,Movies,relation_operation_history,43,53
54,2.1347949504852295,Movies,relation_operation_history,43,53
55,2.1521198749542236,Movies,relation_operation_history,43,53
56,2.1699135303497314,Movies,relation_operation_history,43,53
57,2.1882517337799072,Movies,relation_operation_history,43,53
58,2.2066946029663086,Movies,relation_operation_history,43,53
59,2.2250592708587646,Movies,relation_operation_history,43,53
60,2.2442781925201416,Movies,relation_operation_history,43,53
61,2.26359486579895,Movies,relation_operation_history,43,53
62,2.2822182178497314,Movies,relation_operation_history,43,53
63,2.30210542678833,Movies,relation_operation_history,43,53
64,2.320918560028076,Movies,relation_operation_history,43,53
65,2.3392109870910645,Movies,relation_operation_history,43,53
66,2.3570592403411865,Movies,relation_operation_history,43,53
67,2.3739638328552246,Movies,relation_operation_history,43,53
68,2.3902812004089355,Movies,relation_operation_history,43,53
69,2.406278610229492,Movies,relation_operation_history,43,53
70,2.423823118209839,Movies,relation_operation_history,43,53
71,2.4394869804382324,Movies,relation_operation_history,43,53
72,2.4534823894500732,Movies,relation_operation_history,43,53
73,2.468121290206909,Movies,relation_operation_history,43,53
74,2.482814311981201,Movies,relation_operation_history,43,53
75,2.497751474380493,Movies,relation_operation_history,43,53
76,2.5123822689056396,Movies,relation_operation_history,43,53
77,2.5272629261016846,Movies,relation_operation_history,43,53
78,2.541938304901123,Movies,relation_operation_history,43,53
79,2.557072877883911,Movies,relation_operation_history,43,53
80,2.5726799964904785,Movies,relation_operation_history,43,53
81,2.587038278579712,Movies,relation_operation_history,43,53
82,2.6008951663970947,Movies,relation_operation_history,43,53
83,2.61470103263855,Movies,relation_operation_history,43,53
0,0.0,Movies,relation_operation_history,44,61
1,0.255956768989563,Movies,relation_operation_history,44,61
2,0.3483182489871979,Movies,relation_operation_history,44,61
3,0.4053785502910614,Movies,relation_operation_history,44,61
4,0.4723283052444458,Movies,relation_operation_history,44,61
5,0.5415171980857849,Movies,relation_operation_history,44,61
6,0.6108406782150269,Movies,relation_operation_history,44,61
7,0.6807581782341003,Movies,relation_operation_history,44,61
8,0.7475038170814514,Movies,relation_operation_history,44,61
9,0.8080952167510986,Movies,relation_operation_history,44,61
10,0.8658645749092102,Movies,relation_operation_history,44,61
11,0.9265733361244202,Movies,relation_operation_history,44,61
12,0.9866688251495361,Movies,relation_operation_history,44,61
13,1.0439647436141968,Movies,relation_operation_history,44,61
14,1.0980660915374756,Movies,relation_operation_history,44,61
15,1.1490585803985596,Movies,relation_operation_history,44,61
16,1.1970906257629395,Movies,relation_operation_history,44,61
17,1.2441601753234863,Movies,relation_operation_history,44,61
18,1.29081130027771,Movies,relation_operation_history,44,61
19,1.334372639656067,Movies,relation_operation_history,44,61
20,1.3757010698318481,Movies,relation_operation_history,44,61
21,1.4162592887878418,Movies,relation_operation_history,44,61
22,1.4579510688781738,Movies,relation_operation_history,44,61
23,1.4970600605010986,Movies,relation_operation_history,44,61
24,1.5354050397872925,Movies,relation_operation_history,44,61
25,1.572684645652771,Movies,relation_operation_history,44,61
26,1.6097469329833984,Movies,relation_operation_history,44,61
27,1.644404649734497,Movies,relation_operation_history,44,61
28,1.6775496006011963,Movies,relation_operation_history,44,61
29,1.7103581428527832,Movies,relation_operation_history,44,61
30,1.743032455444336,Movies,relation_operation_history,44,61
31,1.775221586227417,Movies,relation_operation_history,44,61
32,1.8053369522094727,Movies,relation_operation_history,44,61
33,1.8346998691558838,Movies,relation_operation_history,44,61
34,1.8653850555419922,Movies,relation_operation_history,44,61
35,1.8954238891601562,Movies,relation_operation_history,44,61
36,1.9255446195602417,Movies,relation_operation_history,44,61
37,1.9537696838378906,Movies,relation_operation_history,44,61
38,1.9818615913391113,Movies,relation_operation_history,44,61
39,2.0102553367614746,Movies,relation_operation_history,44,61
40,2.03765869140625,Movies,relation_operation_history,44,61
41,2.0648550987243652,Movies,relation_operation_history,44,61
42,2.09328556060791,Movies,relation_operation_history,44,61
43,2.122474431991577,Movies,relation_operation_history,44,61
44,2.1521942615509033,Movies,relation_operation_history,44,61
45,2.1816306114196777,Movies,relation_operation_history,44,61
46,2.209845542907715,Movies,relation_operation_history,44,61
47,2.2388916015625,Movies,relation_operation_history,44,61
48,2.266601085662842,Movies,relation_operation_history,44,61
49,2.2926464080810547,Movies,relation_operation_history,44,61
50,2.318347930908203,Movies,relation_operation_history,44,61
51,2.3416330814361572,Movies,relation_operation_history,44,61
52,2.362961769104004,Movies,relation_operation_history,44,61
53,2.3829712867736816,Movies,relation_operation_history,44,61
54,2.4018027782440186,Movies,relation_operation_history,44,61
55,2.419563055038452,Movies,relation_operation_history,44,61
56,2.436920404434204,Movies,relation_operation_history,44,61
57,2.4536540508270264,Movies,relation_operation_history,44,61
58,2.46999454498291,Movies,relation_operation_history,44,61
59,2.4856300354003906,Movies,relation_operation_history,44,61
60,2.5009477138519287,Movies,relation_operation_history,44,61
61,2.515903949737549,Movies,relation_operation_history,44,61
62,2.530996799468994,Movies,relation_operation_history,44,61
63,2.5452139377593994,Movies,relation_operation_history,44,61
64,2.558576822280884,Movies,relation_operation_history,44,61
65,2.5721981525421143,Movies,relation_operation_history,44,61
66,2.5856130123138428,Movies,relation_operation_history,44,61
67,2.5996901988983154,Movies,relation_operation_history,44,61
68,2.613604784011841,Movies,relation_operation_history,44,61
69,2.627332925796509,Movies,relation_operation_history,44,61
70,2.6421093940734863,Movies,relation_operation_history,44,61
71,2.6564860343933105,Movies,relation_operation_history,44,61
72,2.671743869781494,Movies,relation_operation_history,44,61
73,2.6859323978424072,Movies,relation_operation_history,44,61
74,2.6990678310394287,Movies,relation_operation_history,44,61
75,2.712522029876709,Movies,relation_operation_history,44,61
76,2.726109504699707,Movies,relation_operation_history,44,61
77,2.7395191192626953,Movies,relation_operation_history,44,61
78,2.7544333934783936,Movies,relation_operation_history,44,61
79,2.7687151432037354,Movies,relation_operation_history,44,61
80,2.782883882522583,Movies,relation_operation_history,44,61
81,2.797513961791992,Movies,relation_operation_history,44,61
82,2.812779664993286,Movies,relation_operation_history,44,61
83,2.827730655670166,Movies,relation_operation_history,44,61
84,2.842801094055176,Movies,relation_operation_history,44,61
85,2.857624053955078,Movies,relation_operation_history,44,61
86,2.872349977493286,Movies,relation_operation_history,44,61
87,2.8872928619384766,Movies,relation_operation_history,44,61
88,2.903813123703003,Movies,relation_operation_history,44,61
89,2.92004132270813,Movies,relation_operation_history,44,61
90,2.936274766921997,Movies,relation_operation_history,44,61
91,2.9524660110473633,Movies,relation_operation_history,44,61
0,0.0,Movies,state_history,42,49
1,0.25595471262931824,Movies,state_history,42,49
2,0.3369506597518921,Movies,state_history,42,49
3,0.39098596572875977,Movies,state_history,42,49
4,0.4644763171672821,Movies,state_history,42,49
5,0.5243548154830933,Movies,state_history,42,49
6,0.5872083902359009,Movies,state_history,42,49
7,0.6377034187316895,Movies,state_history,42,49
8,0.6840442419052124,Movies,state_history,42,49
9,0.7271333932876587,Movies,state_history,42,49
10,0.7727384567260742,Movies,state_history,42,49
11,0.8179093599319458,Movies,state_history,42,49
12,0.8632126450538635,Movies,state_history,42,49
13,0.9079043865203857,Movies,state_history,42,49
14,0.9500385522842407,Movies,state_history,42,49
15,0.9905163645744324,Movies,state_history,42,49
16,1.0303304195404053,Movies,state_history,42,49
17,1.0721399784088135,Movies,state_history,42,49
18,1.114578127861023,Movies,state_history,42,49
19,1.1592391729354858,Movies,state_history,42,49
20,1.2044049501419067,Movies,state_history,42,49
21,1.2520123720169067,Movies,state_history,42,49
22,1.3002420663833618,Movies,state_history,42,49
23,1.3488879203796387,Movies,state_history,42,49
24,1.3980292081832886,Movies,state_history,42,49
25,1.4460407495498657,Movies,state_history,42,49
26,1.4934605360031128,Movies,state_history,42,49
27,1.5388826131820679,Movies,state_history,42,49
28,1.5835782289505005,Movies,state_history,42,49
29,1.6286108493804932,Movies,state_history,42,49
30,1.6712465286254883,Movies,state_history,42,49
31,1.7128777503967285,Movies,state_history,42,49
32,1.7532883882522583,Movies,state_history,42,49
33,1.793829321861267,Movies,state_history,42,49
34,1.8324073553085327,Movies,state_history,42,49
35,1.8706824779510498,Movies,state_history,42,49
36,1.906826376914978,Movies,state_history,42,49
37,1.940743088722229,Movies,state_history,42,49
38,1.9750962257385254,Movies,state_history,42,49
39,2.0065934658050537,Movies,state_history,42,49
40,2.035524606704712,Movies,state_history,42,49
41,2.0622050762176514,Movies,state_history,42,49
42,2.0872817039489746,Movies,state_history,42,49
43,2.1110785007476807,Movies,state_history,42,49
44,2.133962392807007,Movies,state_history,42,49
45,2.1553986072540283,Movies,state_history,42,49
46,2.1760051250457764,Movies,state_history,42,49
47,2.1965150833129883,Movies,state_history,42,49
48,2.216843843460083,Movies,state_history,42,49
49,2.236659049987793,Movies,state_history,42,49
50,2.2572882175445557,Movies,state_history,42,49
51,2.277959108352661,Movies,state_history,42,49
52,2.29842209815979,Movies,state_history,42,49
53,2.3192358016967773,Movies,state_history,42,49
54,2.34090256690979,Movies,state_history,42,49
55,2.3643839359283447,Movies,state_history,42,49
56,2.3882527351379395,Movies,state_history,42,49
57,2.4123427867889404,Movies,state_history,42,49
58,2.438180446624756,Movies,state_history,42,49
59,2.4643356800079346,Movies,state_history,42,49
60,2.492439031600952,Movies,state_history,42,49
61,2.520015001296997,Movies,state_history,42,49
62,2.547757148742676,Movies,state_history,42,49
63,2.5747222900390625,Movies,state_history,42,49
64,2.6007673740386963,Movies,state_history,42,49
65,2.6262176036834717,Movies,state_history,42,49
66,2.6530447006225586,Movies,state_history,42,49
67,2.678504467010498,Movies,state_history,42,49
68,2.702845573425293,Movies,state_history,42,49
69,2.726902484893799,Movies,state_history,42,49
70,2.750789165496826,Movies,state_history,42,49
71,2.773454427719116,Movies,state_history,42,49
72,2.7967374324798584,Movies,state_history,42,49
73,2.821239471435547,Movies,state_history,42,49
74,2.8441784381866455,Movies,state_history,42,49
75,2.86670184135437,Movies,state_history,42,49
76,2.887474298477173,Movies,state_history,42,49
77,2.906947612762451,Movies,state_history,42,49
78,2.9255480766296387,Movies,state_history,42,49
79,2.9428672790527344,Movies,state_history,42,49
0,0.0,Movies,state_history,43,70
1,0.25596103072166443,Movies,state_history,43,70
2,0.3376774787902832,Movies,state_history,43,70
3,0.39615505933761597,Movies,state_history,43,70
4,0.47977879643440247,Movies,state_history,43,70
5,0.558685839176178,Movies,state_history,43,70
6,0.6307108998298645,Movies,state_history,43,70
7,0.6970036029815674,Movies,state_history,43,70
8,0.7544763684272766,Movies,state_history,43,70
9,0.8076499700546265,Movies,state_history,43,70
10,0.8554434776306152,Movies,state_history,43,70
11,0.8988975286483765,Movies,state_history,43,70
12,0.9415255188941956,Movies,state_history,43,70
13,0.9812880754470825,Movies,state_history,43,70
14,1.0200361013412476,Movies,state_history,43,70
15,1.055509328842163,Movies,state_history,43,70
16,1.0886322259902954,Movies,state_history,43,70
17,1.1212819814682007,Movies,state_history,43,70
18,1.1555079221725464,Movies,state_history,43,70
19,1.1929466724395752,Movies,state_history,43,70
20,1.228662371635437,Movies,state_history,43,70
21,1.2620854377746582,Movies,state_history,43,70
22,1.2953239679336548,Movies,state_history,43,70
23,1.3301525115966797,Movies,state_history,43,70
24,1.3652327060699463,Movies,state_history,43,70
25,1.4027214050292969,Movies,state_history,43,70
26,1.440143346786499,Movies,state_history,43,70
27,1.4764432907104492,Movies,state_history,43,70
28,1.5129297971725464,Movies,state_history,43,70
29,1.549232006072998,Movies,state_history,43,70
30,1.5850045680999756,Movies,state_history,43,70
31,1.6201003789901733,Movies,state_history,43,70
32,1.653945803642273,Movies,state_history,43,70
33,1.6890578269958496,Movies,state_history,43,70
34,1.7218550443649292,Movies,state_history,43,70
35,1.7539722919464111,Movies,state_history,43,70
36,1.7847275733947754,Movies,state_history,43,70
37,1.8149051666259766,Movies,state_history,43,70
38,1.843849539756775,Movies,state_history,43,70
39,1.8723721504211426,Movies,state_history,43,70
40,1.901213526725769,Movies,state_history,43,70
41,1.9280591011047363,Movies,state_history,43,70
42,1.9535754919052124,Movies,state_history,43,70
43,1.9772707223892212,Movies,state_history,43,70
44,1.999900460243225,Movies,state_history,43,70
45,2.022195339202881,Movies,state_history,43,70
46,2.0430564880371094,Movies,state_history,43,70
47,2.062936782836914,Movies,state_history,43,70
48,2.0822792053222656,Movies,state_history,43,70
49,2.1025593280792236,Movies,state_history,43,70
50,2.1215364933013916,Movies,state_history,43,70
51,2.1396706104278564,Movies,state_history,43,70
52,2.1579737663269043,Movies,state_history,43,70
53,2.1751275062561035,Movies,state_history,43,70
54,2.1918256282806396,Movies,state_history,43,70
55,2.208160877227783,Movies,state_history,43,70
56,2.2241196632385254,Movies,state_history,43,70
57,2.2396011352539062,Movies,state_history,43,70
58,2.2562637329101562,Movies,state_history,43,70
59,2.2737388610839844,Movies,state_history,43,70
60,2.290644407272339,Movies,state_history,43,70
61,2.3076047897338867,Movies,state_history,43,70
62,2.3242151737213135,Movies,state_history,43,70
63,2.340759515762329,Movies,state_history,43,70
64,2.3562517166137695,Movies,state_history,43,70
65,2.3716132640838623,Movies,state_history,43,70
66,2.386766195297241,Movies,state_history,43,70
67,2.4023637771606445,Movies,state_history,43,70
68,2.4172916412353516,Movies,state_history,43,70
69,2.4315900802612305,Movies,state_history,43,70
70,2.4469356536865234,Movies,state_history,43,70
71,2.4643850326538086,Movies,state_history,43,70
72,2.481201410293579,Movies,state_history,43,70
73,2.4975533485412598,Movies,state_history,43,70
74,2.5143966674804688,Movies,state_history,43,70
75,2.5313868522644043,Movies,state_history,43,70
76,2.5485711097717285,Movies,state_history,43,70
77,2.5667831897735596,Movies,state_history,43,70
78,2.586209297180176,Movies,state_history,43,70
79,2.605449914932251,Movies,state_history,43,70
80,2.6263558864593506,Movies,state_history,43,70
81,2.6472976207733154,Movies,state_history,43,70
82,2.667785406112671,Movies,state_history,43,70
83,2.689409017562866,Movies,state_history,43,70
84,2.711613178253174,Movies,state_history,43,70
85,2.734302282333374,Movies,state_history,43,70
86,2.7578470706939697,Movies,state_history,43,70
87,2.7819135189056396,Movies,state_history,43,70
88,2.80700421333313,Movies,state_history,43,70
89,2.8309428691864014,Movies,state_history,43,70
90,2.8545422554016113,Movies,state_history,43,70
91,2.8790740966796875,Movies,state_history,43,70
92,2.9042418003082275,Movies,state_history,43,70
93,2.9284231662750244,Movies,state_history,43,70
94,2.9534857273101807,Movies,state_history,43,70
95,2.9771008491516113,Movies,state_history,43,70
96,3.001302480697632,Movies,state_history,43,70
97,3.0239453315734863,Movies,state_history,43,70
98,3.0462324619293213,Movies,state_history,43,70
99,3.067086696624756,Movies,state_history,43,70
100,3.08644962310791,Movies,state_history,43,70
0,0.0,Movies,state_history,44,32
1,0.255957692861557,Movies,state_history,44,32
2,0.34177476167678833,Movies,state_history,44,32
3,0.4024815857410431,Movies,state_history,44,32
4,0.46971866488456726,Movies,state_history,44,32
5,0.541740894317627,Movies,state_history,44,32
6,0.6159752607345581,Movies,state_history,44,32
7,0.6923238039016724,Movies,state_history,44,32
8,0.7655288577079773,Movies,state_history,44,32
9,0.8333743810653687,Movies,state_history,44,32
10,0.8971538543701172,Movies,state_history,44,32
11,0.9598845839500427,Movies,state_history,44,32
12,1.0210516452789307,Movies,state_history,44,32
13,1.0770584344863892,Movies,state_history,44,32
14,1.128355860710144,Movies,state_history,44,32
15,1.1770753860473633,Movies,state_history,44,32
16,1.225959062576294,Movies,state_history,44,32
17,1.2716295719146729,Movies,state_history,44,32
18,1.3162013292312622,Movies,state_history,44,32
19,1.3602646589279175,Movies,state_history,44,32
20,1.4010132551193237,Movies,state_history,44,32
21,1.439747929573059,Movies,state_history,44,32
22,1.4795005321502686,Movies,state_history,44,32
23,1.5172538757324219,Movies,state_history,44,32
24,1.5542148351669312,Movies,state_history,44,32
25,1.5908739566802979,Movies,state_history,44,32
26,1.6260007619857788,Movies,state_history,44,32
27,1.6603976488113403,Movies,state_history,44,32
28,1.6942698955535889,Movies,state_history,44,32
29,1.7295024394989014,Movies,state_history,44,32
30,1.763458013534546,Movies,state_history,44,32
31,1.7969005107879639,Movies,state_history,44,32
32,1.8310117721557617,Movies,state_history,44,32
33,1.8653228282928467,Movies,state_history,44,32
34,1.9004415273666382,Movies,state_history,44,32
35,1.9342373609542847,Movies,state_history,44,32
36,1.9684165716171265,Movies,state_history,44,32
37,2.000779867172241,Movies,state_history,44,32
38,2.0326268672943115,Movies,state_history,44,32
39,2.0627660751342773,Movies,state_history,44,32
40,2.0922107696533203,Movies,state_history,44,32
41,2.11974835395813,Movies,state_history,44,32
42,2.1453752517700195,Movies,state_history,44,32
43,2.1695704460144043,Movies,state_history,44,32
44,2.192870855331421,Movies,state_history,44,32
45,2.2156903743743896,Movies,state_history,44,32
46,2.2372045516967773,Movies,state_history,44,32
47,2.258793354034424,Movies,state_history,44,32
48,2.279534101486206,Movies,state_history,44,32
49,2.299391508102417,Movies,state_history,44,32
50,2.3191604614257812,Movies,state_history,44,32
51,2.3381099700927734,Movies,state_history,44,32
52,2.3565874099731445,Movies,state_history,44,32
53,2.374422311782837,Movies,state_history,44,32
54,2.392442464828491,Movies,state_history,44,32
55,2.4100794792175293,Movies,state_history,44,32
56,2.4284160137176514,Movies,state_history,44,32
57,2.4458532333374023,Movies,state_history,44,32
58,2.4636826515197754,Movies,state_history,44,32
59,2.4818055629730225,Movies,state_history,44,32
60,2.4994940757751465,Movies,state_history,44,32
61,2.5185248851776123,Movies,state_history,44,32
62,2.5371150970458984,Movies,state_history,44,32
0,0.0,Movies,terminal,42,46
1,0.0,Movies,terminal,42,46
2,0.0,Movies,terminal,42,46
3,0.0,Movies,terminal,42,46
4,0.0,Movies,terminal,42,46
5,0.0,Movies,terminal,42,46
6,0.0,Movies,terminal,42,46
7,0.0,Movies,terminal,42,46
8,0.0,Movies,terminal,42,46
9,0.0,Movies,terminal,42,46
10,0.0,Movies,terminal,42,46
11,0.0,Movies,terminal,42,46
12,0.0,Movies,terminal,42,46
13,0.0,Movies,terminal,42,46
14,0.0,Movies,terminal,42,46
15,0.0,Movies,terminal,42,46
16,0.0,Movies,terminal,42,46
17,0.0,Movies,terminal,42,46
18,0.0,Movies,terminal,42,46
19,0.0,Movies,terminal,42,46
20,0.0,Movies,terminal,42,46
21,0.0,Movies,terminal,42,46
22,0.0,Movies,terminal,42,46
23,0.0,Movies,terminal,42,46
24,0.0,Movies,terminal,42,46
25,0.0,Movies,terminal,42,46
26,0.0,Movies,terminal,42,46
27,0.0,Movies,terminal,42,46
28,0.0,Movies,terminal,42,46
29,0.0,Movies,terminal,42,46
30,0.0,Movies,terminal,42,46
31,0.0,Movies,terminal,42,46
32,0.0,Movies,terminal,42,46
33,0.0,Movies,terminal,42,46
34,0.0,Movies,terminal,42,46
35,0.0,Movies,terminal,42,46
36,0.0,Movies,terminal,42,46
37,0.0,Movies,terminal,42,46
38,0.0,Movies,terminal,42,46
39,0.0,Movies,terminal,42,46
40,0.0,Movies,terminal,42,46
41,0.0,Movies,terminal,42,46
42,0.0,Movies,terminal,42,46
43,0.0,Movies,terminal,42,46
44,0.0,Movies,terminal,42,46
45,0.0,Movies,terminal,42,46
46,0.0,Movies,terminal,42,46
47,0.0,Movies,terminal,42,46
48,0.0,Movies,terminal,42,46
49,0.0,Movies,terminal,42,46
50,0.0,Movies,terminal,42,46
51,0.0,Movies,terminal,42,46
52,0.0,Movies,terminal,42,46
53,0.0,Movies,terminal,42,46
54,0.0,Movies,terminal,42,46
55,0.0,Movies,terminal,42,46
56,0.0,Movies,terminal,42,46
57,0.0,Movies,terminal,42,46
58,0.0,Movies,terminal,42,46
59,0.0,Movies,terminal,42,46
60,0.0,Movies,terminal,42,46
61,0.0,Movies,terminal,42,46
62,0.0,Movies,terminal,42,46
63,0.0,Movies,terminal,42,46
64,0.0,Movies,terminal,42,46
65,0.0,Movies,terminal,42,46
66,0.0,Movies,terminal,42,46
67,0.0,Movies,terminal,42,46
68,0.0,Movies,terminal,42,46
69,0.0,Movies,terminal,42,46
70,0.0,Movies,terminal,42,46
71,0.0,Movies,terminal,42,46
72,0.0,Movies,terminal,42,46
73,0.0,Movies,terminal,42,46
74,0.0,Movies,terminal,42,46
75,0.0,Movies,terminal,42,46
76,0.0,Movies,terminal,42,46
0,0.0,Movies,terminal,43,54
1,0.0,Movies,terminal,43,54
2,0.0,Movies,terminal,43,54
3,0.0,Movies,terminal,43,54
4,0.0,Movies,terminal,43,54
5,0.0,Movies,terminal,43,54
6,0.0,Movies,terminal,43,54
7,0.0,Movies,terminal,43,54
8,0.0,Movies,terminal,43,54
9,0.0,Movies,terminal,43,54
10,0.0,Movies,terminal,43,54
11,0.0,Movies,terminal,43,54
12,0.0,Movies,terminal,43,54
13,0.0,Movies,terminal,43,54
14,0.0,Movies,terminal,43,54
15,0.0,Movies,terminal,43,54
16,0.0,Movies,terminal,43,54
17,0.0,Movies,terminal,43,54
18,0.0,Movies,terminal,43,54
19,0.0,Movies,terminal,43,54
20,0.0,Movies,terminal,43,54
21,0.0,Movies,terminal,43,54
22,0.0,Movies,terminal,43,54
23,0.0,Movies,terminal,43,54
24,0.0,Movies,terminal,43,54
25,0.0,Movies,terminal,43,54
26,0.0,Movies,terminal,43,54
27,0.0,Movies,terminal,43,54
28,0.0,Movies,terminal,43,54
29,0.0,Movies,terminal,43,54
30,0.0,Movies,terminal,43,54
31,0.0,Movies,terminal,43,54
32,0.0,Movies,terminal,43,54
33,0.0,Movies,terminal,43,54
34,0.0,Movies,terminal,43,54
35,0.0,Movies,terminal,43,54
36,0.0,Movies,terminal,43,54
37,0.0,Movies,terminal,43,54
38,0.0,Movies,terminal,43,54
39,0.0,Movies,terminal,43,54
40,0.0,Movies,terminal,43,54
41,0.0,Movies,terminal,43,54
42,0.0,Movies,terminal,43,54
43,0.0,Movies,terminal,43,54
44,0.0,Movies,terminal,43,54
45,0.0,Movies,terminal,43,54
46,0.0,Movies,terminal,43,54
47,0.0,Movies,terminal,43,54
48,0.0,Movies,terminal,43,54
49,0.0,Movies,terminal,43,54
50,0.0,Movies,terminal,43,54
51,0.0,Movies,terminal,43,54
52,0.0,Movies,terminal,43,54
53,0.0,Movies,terminal,43,54
54,0.0,Movies,terminal,43,54
55,0.0,Movies,terminal,43,54
56,0.0,Movies,terminal,43,54
57,0.0,Movies,terminal,43,54
58,0.0,Movies,terminal,43,54
59,0.0,Movies,terminal,43,54
60,0.0,Movies,terminal,43,54
61,0.0,Movies,terminal,43,54
62,0.0,Movies,terminal,43,54
63,0.0,Movies,terminal,43,54
64,0.0,Movies,terminal,43,54
65,0.0,Movies,terminal,43,54
66,0.0,Movies,terminal,43,54
67,0.0,Movies,terminal,43,54
68,0.0,Movies,terminal,43,54
69,0.0,Movies,terminal,43,54
70,0.0,Movies,terminal,43,54
71,0.0,Movies,terminal,43,54
72,0.0,Movies,terminal,43,54
73,0.0,Movies,terminal,43,54
74,0.0,Movies,terminal,43,54
75,0.0,Movies,terminal,43,54
76,0.0,Movies,terminal,43,54
77,0.0,Movies,terminal,43,54
78,0.0,Movies,terminal,43,54
79,0.0,Movies,terminal,43,54
80,0.0,Movies,terminal,43,54
81,0.0,Movies,terminal,43,54
82,0.0,Movies,terminal,43,54
83,0.0,Movies,terminal,43,54
84,0.0,Movies,terminal,43,54
0,0.0,Movies,terminal,44,71
1,0.0,Movies,terminal,44,71
2,0.0,Movies,terminal,44,71
3,0.0,Movies,terminal,44,71
4,0.0,Movies,terminal,44,71
5,0.0,Movies,terminal,44,71
6,0.0,Movies,terminal,44,71
7,0.0,Movies,terminal,44,71
8,0.0,Movies,terminal,44,71
9,0.0,Movies,terminal,44,71
10,0.0,Movies,terminal,44,71
11,0.0,Movies,terminal,44,71
12,0.0,Movies,terminal,44,71
13,0.0,Movies,terminal,44,71
14,0.0,Movies,terminal,44,71
15,0.0,Movies,terminal,44,71
16,0.0,Movies,terminal,44,71
17,0.0,Movies,terminal,44,71
18,0.0,Movies,terminal,44,71
19,0.0,Movies,terminal,44,71
20,0.0,Movies,terminal,44,71
21,0.0,Movies,terminal,44,71
22,0.0,Movies,terminal,44,71
23,0.0,Movies,terminal,44,71
24,0.0,Movies,terminal,44,71
25,0.0,Movies,terminal,44,71
26,0.0,Movies,terminal,44,71
27,0.0,Movies,terminal,44,71
28,0.0,Movies,terminal,44,71
29,0.0,Movies,terminal,44,71
30,0.0,Movies,terminal,44,71
31,0.0,Movies,terminal,44,71
32,0.0,Movies,terminal,44,71
33,0.0,Movies,terminal,44,71
34,0.0,Movies,terminal,44,71
35,0.0,Movies,terminal,44,71
36,0.0,Movies,terminal,44,71
37,0.0,Movies,terminal,44,71
38,0.0,Movies,terminal,44,71
39,0.0,Movies,terminal,44,71
40,0.0,Movies,terminal,44,71
41,0.0,Movies,terminal,44,71
42,0.0,Movies,terminal,44,71
43,0.0,Movies,terminal,44,71
44,0.0,Movies,terminal,44,71
45,0.0,Movies,terminal,44,71
46,0.0,Movies,terminal,44,71
47,0.0,Movies,terminal,44,71
48,0.0,Movies,terminal,44,71
49,0.0,Movies,terminal,44,71
50,0.0,Movies,terminal,44,71
51,0.0,Movies,terminal,44,71
52,0.0,Movies,terminal,44,71
53,0.0,Movies,terminal,44,71
54,0.0,Movies,terminal,44,71
55,0.0,Movies,terminal,44,71
56,0.0,Movies,terminal,44,71
57,0.0,Movies,terminal,44,71
58,0.0,Movies,terminal,44,71
59,0.0,Movies,terminal,44,71
60,0.0,Movies,terminal,44,71
61,0.0,Movies,terminal,44,71
62,0.0,Movies,terminal,44,71
63,0.0,Movies,terminal,44,71
64,0.0,Movies,terminal,44,71
65,0.0,Movies,terminal,44,71
66,0.0,Movies,terminal,44,71
67,0.0,Movies,terminal,44,71
68,0.0,Movies,terminal,44,71
69,0.0,Movies,terminal,44,71
70,0.0,Movies,terminal,44,71
71,0.0,Movies,terminal,44,71
72,0.0,Movies,terminal,44,71
73,0.0,Movies,terminal,44,71
74,0.0,Movies,terminal,44,71
75,0.0,Movies,terminal,44,71
76,0.0,Movies,terminal,44,71
77,0.0,Movies,terminal,44,71
78,0.0,Movies,terminal,44,71
79,0.0,Movies,terminal,44,71
80,0.0,Movies,terminal,44,71
81,0.0,Movies,terminal,44,71
82,0.0,Movies,terminal,44,71
83,0.0,Movies,terminal,44,71
84,0.0,Movies,terminal,44,71
85,0.0,Movies,terminal,44,71
86,0.0,Movies,terminal,44,71
87,0.0,Movies,terminal,44,71
88,0.0,Movies,terminal,44,71
89,0.0,Movies,terminal,44,71
90,0.0,Movies,terminal,44,71
91,0.0,Movies,terminal,44,71
92,0.0,Movies,terminal,44,71
93,0.0,Movies,terminal,44,71
94,0.0,Movies,terminal,44,71
95,0.0,Movies,terminal,44,71
96,0.0,Movies,terminal,44,71
97,0.0,Movies,terminal,44,71
98,0.0,Movies,terminal,44,71
99,0.0,Movies,terminal,44,71
100,0.0,Movies,terminal,44,71
101,0.0,Movies,terminal,44,71
0,0.0,Reddit-S,operation_history,42,107
1,0.2559746205806732,Reddit-S,operation_history,42,107
2,0.402859628200531,Reddit-S,operation_history,42,107
3,0.5516229271888733,Reddit-S,operation_history,42,107
4,0.7102843523025513,Reddit-S,operation_history,42,107
5,0.8761869668960571,Reddit-S,operation_history,42,107
6,1.045411467552185,Reddit-S,operation_history,42,107
7,1.2138463258743286,Reddit-S,operation_history,42,107
8,1.3819853067398071,Reddit-S,operation_history,42,107
9,1.5458017587661743,Reddit-S,operation_history,42,107
10,1.70343816280365,Reddit-S,operation_history,42,107
11,1.8531084060668945,Reddit-S,operation_history,42,107
12,1.994014859199524,Reddit-S,operation_history,42,107
13,2.126030683517456,Reddit-S,operation_history,42,107
14,2.248889207839966,Reddit-S,operation_history,42,107
15,2.3625688552856445,Reddit-S,operation_history,42,107
16,2.4679012298583984,Reddit-S,operation_history,42,107
17,2.5654749870300293,Reddit-S,operation_history,42,107
18,2.655437469482422,Reddit-S,operation_history,42,107
19,2.7384626865386963,Reddit-S,operation_history,42,107
20,2.8151071071624756,Reddit-S,operation_history,42,107
21,2.8858015537261963,Reddit-S,operation_history,42,107
22,2.951125383377075,Reddit-S,operation_history,42,107
23,3.0116019248962402,Reddit-S,operation_history,42,107
24,3.0678226947784424,Reddit-S,operation_history,42,107
25,3.1201038360595703,Reddit-S,operation_history,42,107
26,3.1689560413360596,Reddit-S,operation_history,42,107
27,3.2144551277160645,Reddit-S,operation_history,42,107
28,3.2569448947906494,Reddit-S,operation_history,42,107
29,3.29670786857605,Reddit-S,operation_history,42,107
30,3.3340635299682617,Reddit-S,operation_history,42,107
31,3.369227886199951,Reddit-S,operation_history,42,107
32,3.4022302627563477,Reddit-S,operation_history,42,107
33,3.4333107471466064,Reddit-S,operation_history,42,107
34,3.462531566619873,Reddit-S,operation_history,42,107
35,3.489985227584839,Reddit-S,operation_history,42,107
36,3.5158581733703613,Reddit-S,operation_history,42,107
37,3.5402469635009766,Reddit-S,operation_history,42,107
38,3.5632359981536865,Reddit-S,operation_history,42,107
39,3.584925413131714,Reddit-S,operation_history,42,107
40,3.6050310134887695,Reddit-S,operation_history,42,107
41,3.6239242553710938,Reddit-S,operation_history,42,107
42,3.641711473464966,Reddit-S,operation_history,42,107
43,3.658331871032715,Reddit-S,operation_history,42,107
44,3.6740667819976807,Reddit-S,operation_history,42,107
45,3.6889536380767822,Reddit-S,operation_history,42,107
46,3.7029128074645996,Reddit-S,operation_history,42,107
47,3.7160518169403076,Reddit-S,operation_history,42,107
48,3.728410243988037,Reddit-S,operation_history,42,107
49,3.7400994300842285,Reddit-S,operation_history,42,107
50,3.7511186599731445,Reddit-S,operation_history,42,107
51,3.7615041732788086,Reddit-S,operation_history,42,107
52,3.7712562084198,Reddit-S,operation_history,42,107
53,3.7804675102233887,Reddit-S,operation_history,42,107
54,3.7891736030578613,Reddit-S,operation_history,42,107
55,3.7973556518554688,Reddit-S,operation_history,42,107
56,3.805034637451172,Reddit-S,operation_history,42,107
57,3.812213897705078,Reddit-S,operation_history,42,107
58,3.8189361095428467,Reddit-S,operation_history,42,107
59,3.825244665145874,Reddit-S,operation_history,42,107
60,3.8311538696289062,Reddit-S,operation_history,42,107
61,3.8366949558258057,Reddit-S,operation_history,42,107
62,3.8419551849365234,Reddit-S,operation_history,42,107
63,3.8469533920288086,Reddit-S,operation_history,42,107
64,3.8517043590545654,Reddit-S,operation_history,42,107
65,3.8561851978302,Reddit-S,operation_history,42,107
66,3.8604259490966797,Reddit-S,operation_history,42,107
67,3.8644402027130127,Reddit-S,operation_history,42,107
68,3.8682668209075928,Reddit-S,operation_history,42,107
69,3.8719048500061035,Reddit-S,operation_history,42,107
70,3.875386953353882,Reddit-S,operation_history,42,107
71,3.8787052631378174,Reddit-S,operation_history,42,107
72,3.8818750381469727,Reddit-S,operation_history,42,107
73,3.884906530380249,Reddit-S,operation_history,42,107
74,3.887820243835449,Reddit-S,operation_history,42,107
75,3.8906373977661133,Reddit-S,operation_history,42,107
76,3.8933191299438477,Reddit-S,operation_history,42,107
77,3.8958544731140137,Reddit-S,operation_history,42,107
78,3.8983237743377686,Reddit-S,operation_history,42,107
79,3.9007036685943604,Reddit-S,operation_history,42,107
80,3.9030046463012695,Reddit-S,operation_history,42,107
81,3.905241012573242,Reddit-S,operation_history,42,107
82,3.9074063301086426,Reddit-S,operation_history,42,107
83,3.9094815254211426,Reddit-S,operation_history,42,107
84,3.911473512649536,Reddit-S,operation_history,42,107
85,3.9133925437927246,Reddit-S,operation_history,42,107
86,3.9152698516845703,Reddit-S,operation_history,42,107
87,3.9170820713043213,Reddit-S,operation_history,42,107
88,3.9188549518585205,Reddit-S,operation_history,42,107
89,3.9205994606018066,Reddit-S,operation_history,42,107
90,3.922297477722168,Reddit-S,operation_history,42,107
91,3.9239518642425537,Reddit-S,operation_history,42,107
92,3.925567865371704,Reddit-S,operation_history,42,107
93,3.9271469116210938,Reddit-S,operation_history,42,107
94,3.9286916255950928,Reddit-S,operation_history,42,107
95,3.930234670639038,Reddit-S,operation_history,42,107
96,3.931748151779175,Reddit-S,operation_history,42,107
97,3.9332339763641357,Reddit-S,operation_history,42,107
98,3.934678077697754,Reddit-S,operation_history,42,107
99,3.9360780715942383,Reddit-S,operation_history,42,107
100,3.9374608993530273,Reddit-S,operation_history,42,107
101,3.9388315677642822,Reddit-S,operation_history,42,107
102,3.940171003341675,Reddit-S,operation_history,42,107
103,3.9414868354797363,Reddit-S,operation_history,42,107
104,3.942793130874634,Reddit-S,operation_history,42,107
105,3.9440805912017822,Reddit-S,operation_history,42,107
106,3.9453351497650146,Reddit-S,operation_history,42,107
107,3.946577787399292,Reddit-S,operation_history,42,107
108,3.947787284851074,Reddit-S,operation_history,42,107
109,3.9489493370056152,Reddit-S,operation_history,42,107
110,3.9500677585601807,Reddit-S,operation_history,42,107
111,3.9512035846710205,Reddit-S,operation_history,42,107
112,3.9523253440856934,Reddit-S,operation_history,42,107
113,3.9534571170806885,Reddit-S,operation_history,42,107
114,3.95456600189209,Reddit-S,operation_history,42,107
115,3.955664873123169,Reddit-S,operation_history,42,107
116,3.956754207611084,Reddit-S,operation_history,42,107
117,3.9578702449798584,Reddit-S,operation_history,42,107
118,3.959000825881958,Reddit-S,operation_history,42,107
119,3.9601409435272217,Reddit-S,operation_history,42,107
120,3.961301326751709,Reddit-S,operation_history,42,107
121,3.9624295234680176,Reddit-S,operation_history,42,107
122,3.9635117053985596,Reddit-S,operation_history,42,107
123,3.964573383331299,Reddit-S,operation_history,42,107
124,3.965642213821411,Reddit-S,operation_history,42,107
125,3.966689348220825,Reddit-S,operation_history,42,107
126,3.9677257537841797,Reddit-S,operation_history,42,107
127,3.9687633514404297,Reddit-S,operation_history,42,107
128,3.9697608947753906,Reddit-S,operation_history,42,107
129,3.970785617828369,Reddit-S,operation_history,42,107
130,3.9718616008758545,Reddit-S,operation_history,42,107
131,3.9729573726654053,Reddit-S,operation_history,42,107
132,3.9740567207336426,Reddit-S,operation_history,42,107
133,3.9751229286193848,Reddit-S,operation_history,42,107
134,3.976173162460327,Reddit-S,operation_history,42,107
135,3.977236270904541,Reddit-S,operation_history,42,107
136,3.9783213138580322,Reddit-S,operation_history,42,107
137,3.9794259071350098,Reddit-S,operation_history,42,107
0,0.0,Reddit-S,operation_history,43,47
1,0.2559771239757538,Reddit-S,operation_history,43,47
2,0.4022187888622284,Reddit-S,operation_history,43,47
3,0.5500552654266357,Reddit-S,operation_history,43,47
4,0.7103294730186462,Reddit-S,operation_history,43,47
5,0.8757979869842529,Reddit-S,operation_history,43,47
6,1.0405683517456055,Reddit-S,operation_history,43,47
7,1.2060678005218506,Reddit-S,operation_history,43,47
8,1.3705576658248901,Reddit-S,operation_history,43,47
9,1.5308555364608765,Reddit-S,operation_history,43,47
10,1.6834677457809448,Reddit-S,operation_history,43,47
11,1.8273276090621948,Reddit-S,operation_history,43,47
12,1.9606934785842896,Reddit-S,operation_history,43,47
13,2.084819793701172,Reddit-S,operation_history,43,47
14,2.2001993656158447,Reddit-S,operation_history,43,47
15,2.3079564571380615,Reddit-S,operation_history,43,47
16,2.407912015914917,Reddit-S,operation_history,43,47
17,2.4999001026153564,Reddit-S,operation_history,43,47
18,2.58469295501709,Reddit-S,operation_history,43,47
19,2.66322660446167,Reddit-S,operation_history,43,47
20,2.736266851425171,Reddit-S,operation_history,43,47
21,2.8039698600769043,Reddit-S,operation_history,43,47
22,2.8662021160125732,Reddit-S,operation_history,43,47
23,2.923665761947632,Reddit-S,operation_history,43,47
24,2.977290153503418,Reddit-S,operation_history,43,47
25,3.027592420578003,Reddit-S,operation_history,43,47
26,3.0746803283691406,Reddit-S,operation_history,43,47
27,3.1186342239379883,Reddit-S,operation_history,43,47
28,3.1599156856536865,Reddit-S,operation_history,43,47
29,3.198807716369629,Reddit-S,operation_history,43,47
30,3.2355616092681885,Reddit-S,operation_history,43,47
31,3.2702460289001465,Reddit-S,operation_history,43,47
32,3.30281138420105,Reddit-S,operation_history,43,47
33,3.3336241245269775,Reddit-S,operation_history,43,47
34,3.362790584564209,Reddit-S,operation_history,43,47
35,3.3901894092559814,Reddit-S,operation_history,43,47
36,3.4160516262054443,Reddit-S,operation_history,43,47
37,3.4405202865600586,Reddit-S,operation_history,43,47
38,3.463599443435669,Reddit-S,operation_history,43,47
39,3.485482692718506,Reddit-S,operation_history,43,47
40,3.506176233291626,Reddit-S,operation_history,43,47
41,3.5256989002227783,Reddit-S,operation_history,43,47
42,3.544128179550171,Reddit-S,operation_history,43,47
43,3.561553716659546,Reddit-S,operation_history,43,47
44,3.578059673309326,Reddit-S,operation_history,43,47
45,3.5936286449432373,Reddit-S,operation_history,43,47
46,3.608346939086914,Reddit-S,operation_history,43,47
47,3.622239351272583,Reddit-S,operation_history,43,47
48,3.6353659629821777,Reddit-S,operation_history,43,47
49,3.64776611328125,Reddit-S,operation_history,43,47
50,3.65948486328125,Reddit-S,operation_history,43,47
51,3.670579195022583,Reddit-S,operation_history,43,47
52,3.6810762882232666,Reddit-S,operation_history,43,47
53,3.6910037994384766,Reddit-S,operation_history,43,47
54,3.700430154800415,Reddit-S,operation_history,43,47
55,3.709404230117798,Reddit-S,operation_history,43,47
56,3.7178874015808105,Reddit-S,operation_history,43,47
57,3.7259271144866943,Reddit-S,operation_history,43,47
58,3.733506202697754,Reddit-S,operation_history,43,47
59,3.740649938583374,Reddit-S,operation_history,43,47
60,3.7474470138549805,Reddit-S,operation_history,43,47
61,3.7539150714874268,Reddit-S,operation_history,43,47
62,3.7600553035736084,Reddit-S,operation_history,43,47
63,3.765901803970337,Reddit-S,operation_history,43,47
64,3.7714145183563232,Reddit-S,operation_history,43,47
65,3.7766506671905518,Reddit-S,operation_history,43,47
66,3.7816286087036133,Reddit-S,operation_history,43,47
67,3.786346673965454,Reddit-S,operation_history,43,47
68,3.7908403873443604,Reddit-S,operation_history,43,47
69,3.7951152324676514,Reddit-S,operation_history,43,47
70,3.799180507659912,Reddit-S,operation_history,43,47
71,3.8030738830566406,Reddit-S,operation_history,43,47
72,3.8067922592163086,Reddit-S,operation_history,43,47
73,3.810335159301758,Reddit-S,operation_history,43,47
74,3.8137505054473877,Reddit-S,operation_history,43,47
75,3.8170483112335205,Reddit-S,operation_history,43,47
76,3.820230007171631,Reddit-S,operation_history,43,47
77,3.8232944011688232,Reddit-S,operation_history,43,47
0,0.0,Reddit-S,operation_history,44,79
1,0.2559720277786255,Reddit-S,operation_history,44,79
2,0.404646098613739,Reddit-S,operation_history,44,79
3,0.5499167442321777,Reddit-S,operation_history,44,79
4,0.705837070941925,Reddit-S,operation_history,44,79
5,0.8664147257804871,Reddit-S,operation_history,44,79
6,1.0275304317474365,Reddit-S,operation_history,44,79
7,1.1892211437225342,Reddit-S,operation_history,44,79
8,1.3501578569412231,Reddit-S,operation_history,44,79
9,1.5081959962844849,Reddit-S,operation_history,44,79
10,1.6606403589248657,Reddit-S,operation_history,44,79
11,1.8061974048614502,Reddit-S,operation_history,44,79
12,1.9441723823547363,Reddit-S,operation_history,44,79
13,2.07379150390625,Reddit-S,operation_history,44,79
14,2.195039987564087,Reddit-S,operation_history,44,79
15,2.3075990676879883,Reddit-S,operation_history,44,79
16,2.4120514392852783,Reddit-S,operation_history,44,79
17,2.509140729904175,Reddit-S,operation_history,44,79
18,2.5994515419006348,Reddit-S,operation_history,44,79
19,2.6835577487945557,Reddit-S,operation_history,44,79
20,2.761819362640381,Reddit-S,operation_history,44,79
21,2.8345654010772705,Reddit-S,operation_history,44,79
22,2.9022092819213867,Reddit-S,operation_history,44,79
23,2.9649293422698975,Reddit-S,operation_history,44,79
24,3.023148536682129,Reddit-S,operation_history,44,79
25,3.0774505138397217,Reddit-S,operation_history,44,79
26,3.128208875656128,Reddit-S,operation_history,44,79
27,3.1755919456481934,Reddit-S,operation_history,44,79
28,3.2197649478912354,Reddit-S,operation_history,44,79
29,3.2609808444976807,Reddit-S,operation_history,44,79
30,3.2995502948760986,Reddit-S,operation_history,44,79
31,3.3356897830963135,Reddit-S,operation_history,44,79
32,3.369580030441284,Reddit-S,operation_history,44,79
33,3.4014296531677246,Reddit-S,operation_history,44,79
34,3.4312326908111572,Reddit-S,operation_history,44,79
35,3.459291696548462,Reddit-S,operation_history,44,79
36,3.4856743812561035,Reddit-S,operation_history,44,79
37,3.510497808456421,Reddit-S,operation_history,44,79
38,3.53387451171875,Reddit-S,operation_history,44,79
39,3.555880308151245,Reddit-S,operation_history,44,79
40,3.5765604972839355,Reddit-S,operation_history,44,79
41,3.5960898399353027,Reddit-S,operation_history,44,79
42,3.614579677581787,Reddit-S,operation_history,44,79
43,3.632070779800415,Reddit-S,operation_history,44,79
44,3.648564338684082,Reddit-S,operation_history,44,79
45,3.6641454696655273,Reddit-S,operation_history,44,79
46,3.678865671157837,Reddit-S,operation_history,44,79
47,3.6927101612091064,Reddit-S,operation_history,44,79
48,3.7057621479034424,Reddit-S,operation_history,44,79
49,3.7180538177490234,Reddit-S,operation_history,44,79
50,3.729649782180786,Reddit-S,operation_history,44,79
51,3.7405896186828613,Reddit-S,operation_history,44,79
52,3.7509210109710693,Reddit-S,operation_history,44,79
53,3.7606875896453857,Reddit-S,operation_history,44,79
54,3.76991605758667,Reddit-S,operation_history,44,79
55,3.7786197662353516,Reddit-S,operation_history,44,79
56,3.786827325820923,Reddit-S,operation_history,44,79
57,3.794571876525879,Reddit-S,operation_history,44,79
58,3.801882028579712,Reddit-S,operation_history,44,79
59,3.808790922164917,Reddit-S,operation_history,44,79
60,3.8153076171875,Reddit-S,operation_history,44,79
61,3.821457624435425,Reddit-S,operation_history,44,79
62,3.827244758605957,Reddit-S,operation_history,44,79
63,3.8326756954193115,Reddit-S,operation_history,44,79
64,3.8378102779388428,Reddit-S,operation_history,44,79
65,3.842668294906616,Reddit-S,operation_history,44,79
66,3.847273349761963,Reddit-S,operation_history,44,79
67,3.8516268730163574,Reddit-S,operation_history,44,79
68,3.855762481689453,Reddit-S,operation_history,44,79
69,3.859673023223877,Reddit-S,operation_history,44,79
70,3.8633928298950195,Reddit-S,operation_history,44,79
71,3.866934061050415,Reddit-S,operation_history,44,79
72,3.8702805042266846,Reddit-S,operation_history,44,79
73,3.873502492904663,Reddit-S,operation_history,44,79
74,3.8765859603881836,Reddit-S,operation_history,44,79
75,3.879556179046631,Reddit-S,operation_history,44,79
76,3.882385015487671,Reddit-S,operation_history,44,79
77,3.8850960731506348,Reddit-S,operation_history,44,79
78,3.8876991271972656,Reddit-S,operation_history,44,79
79,3.890219211578369,Reddit-S,operation_history,44,79
80,3.8926355838775635,Reddit-S,operation_history,44,79
81,3.895005702972412,Reddit-S,operation_history,44,79
82,3.8973281383514404,Reddit-S,operation_history,44,79
83,3.8995625972747803,Reddit-S,operation_history,44,79
84,3.9017157554626465,Reddit-S,operation_history,44,79
85,3.9038264751434326,Reddit-S,operation_history,44,79
86,3.9058799743652344,Reddit-S,operation_history,44,79
87,3.9078705310821533,Reddit-S,operation_history,44,79
88,3.9098000526428223,Reddit-S,operation_history,44,79
89,3.9116575717926025,Reddit-S,operation_history,44,79
90,3.913473129272461,Reddit-S,operation_history,44,79
91,3.9152259826660156,Reddit-S,operation_history,44,79
92,3.9169437885284424,Reddit-S,operation_history,44,79
93,3.9186453819274902,Reddit-S,operation_history,44,79
94,3.9203102588653564,Reddit-S,operation_history,44,79
95,3.9219276905059814,Reddit-S,operation_history,44,79
96,3.9234890937805176,Reddit-S,operation_history,44,79
97,3.925015926361084,Reddit-S,operation_history,44,79
98,3.926503896713257,Reddit-S,operation_history,44,79
99,3.927964687347412,Reddit-S,operation_history,44,79
100,3.929425001144409,Reddit-S,operation_history,44,79
101,3.9308524131774902,Reddit-S,operation_history,44,79
102,3.9322736263275146,Reddit-S,operation_history,44,79
103,3.933690071105957,Reddit-S,operation_history,44,79
104,3.9350998401641846,Reddit-S,operation_history,44,79
105,3.936476945877075,Reddit-S,operation_history,44,79
106,3.937836170196533,Reddit-S,operation_history,44,79
107,3.939149856567383,Reddit-S,operation_history,44,79
108,3.940429449081421,Reddit-S,operation_history,44,79
109,3.9416816234588623,Reddit-S,operation_history,44,79
0,0.0,Reddit-S,relation_operation_history,42,85
1,0.2559717297554016,Reddit-S,relation_operation_history,42,85
2,0.4027208089828491,Reddit-S,relation_operation_history,42,85
3,0.5515363216400146,Reddit-S,relation_operation_history,42,85
4,0.7128696441650391,Reddit-S,relation_operation_history,42,85
5,0.8795018792152405,Reddit-S,relation_operation_history,42,85
6,1.0451864004135132,Reddit-S,relation_operation_history,42,85
7,1.2107545137405396,Reddit-S,relation_operation_history,42,85
8,1.376136064529419,Reddit-S,relation_operation_history,42,85
9,1.5386542081832886,Reddit-S,relation_operation_history,42,85
10,1.6958527565002441,Reddit-S,relation_operation_history,42,85
11,1.845016360282898,Reddit-S,relation_operation_history,42,85
12,1.985303282737732,Reddit-S,relation_operation_history,42,85
13,2.1166226863861084,Reddit-S,relation_operation_history,42,85
14,2.2388973236083984,Reddit-S,relation_operation_history,42,85
15,2.352112054824829,Reddit-S,relation_operation_history,42,85
16,2.4570953845977783,Reddit-S,relation_operation_history,42,85
17,2.554351329803467,Reddit-S,relation_operation_history,42,85
18,2.644191265106201,Reddit-S,relation_operation_history,42,85
19,2.727191925048828,Reddit-S,relation_operation_history,42,85
20,2.8038523197174072,Reddit-S,relation_operation_history,42,85
21,2.8746254444122314,Reddit-S,relation_operation_history,42,85
22,2.9400439262390137,Reddit-S,relation_operation_history,42,85
23,3.0006179809570312,Reddit-S,relation_operation_history,42,85
24,3.057013988494873,Reddit-S,relation_operation_history,42,85
25,3.109363555908203,Reddit-S,relation_operation_history,42,85
26,3.158210039138794,Reddit-S,relation_operation_history,42,85
27,3.2037770748138428,Reddit-S,relation_operation_history,42,85
28,3.246321201324463,Reddit-S,relation_operation_history,42,85
29,3.2860159873962402,Reddit-S,relation_operation_history,42,85
30,3.3233442306518555,Reddit-S,relation_operation_history,42,85
31,3.3585259914398193,Reddit-S,relation_operation_history,42,85
32,3.3915746212005615,Reddit-S,relation_operation_history,42,85
33,3.422685146331787,Reddit-S,relation_operation_history,42,85
34,3.4520316123962402,Reddit-S,relation_operation_history,42,85
35,3.47969913482666,Reddit-S,relation_operation_history,42,85
36,3.5057551860809326,Reddit-S,relation_operation_history,42,85
37,3.5304181575775146,Reddit-S,relation_operation_history,42,85
38,3.553675651550293,Reddit-S,relation_operation_history,42,85
39,3.5756239891052246,Reddit-S,relation_operation_history,42,85
40,3.5962517261505127,Reddit-S,relation_operation_history,42,85
41,3.6157054901123047,Reddit-S,relation_operation_history,42,85
42,3.6339914798736572,Reddit-S,relation_operation_history,42,85
43,3.6512451171875,Reddit-S,relation_operation_history,42,85
44,3.6674766540527344,Reddit-S,relation_operation_history,42,85
45,3.682783365249634,Reddit-S,relation_operation_history,42,85
46,3.697216510772705,Reddit-S,relation_operation_history,42,85
47,3.710789680480957,Reddit-S,relation_operation_history,42,85
48,3.7235541343688965,Reddit-S,relation_operation_history,42,85
49,3.735588312149048,Reddit-S,relation_operation_history,42,85
50,3.7468979358673096,Reddit-S,relation_operation_history,42,85
51,3.7575621604919434,Reddit-S,relation_operation_history,42,85
52,3.7675654888153076,Reddit-S,relation_operation_history,42,85
53,3.7770113945007324,Reddit-S,relation_operation_history,42,85
54,3.785940647125244,Reddit-S,relation_operation_history,42,85
55,3.7943131923675537,Reddit-S,relation_operation_history,42,85
56,3.8021695613861084,Reddit-S,relation_operation_history,42,85
57,3.8095695972442627,Reddit-S,relation_operation_history,42,85
58,3.8165442943573,Reddit-S,relation_operation_history,42,85
59,3.8231029510498047,Reddit-S,relation_operation_history,42,85
60,3.8292627334594727,Reddit-S,relation_operation_history,42,85
61,3.8350231647491455,Reddit-S,relation_operation_history,42,85
62,3.8404757976531982,Reddit-S,relation_operation_history,42,85
63,3.845621347427368,Reddit-S,relation_operation_history,42,85
64,3.850484848022461,Reddit-S,relation_operation_history,42,85
65,3.855069637298584,Reddit-S,relation_operation_history,42,85
66,3.8594260215759277,Reddit-S,relation_operation_history,42,85
67,3.8635478019714355,Reddit-S,relation_operation_history,42,85
68,3.8674557209014893,Reddit-S,relation_operation_history,42,85
69,3.8711349964141846,Reddit-S,relation_operation_history,42,85
70,3.874634027481079,Reddit-S,relation_operation_history,42,85
71,3.8779659271240234,Reddit-S,relation_operation_history,42,85
72,3.8811066150665283,Reddit-S,relation_operation_history,42,85
73,3.8840508460998535,Reddit-S,relation_operation_history,42,85
74,3.8868610858917236,Reddit-S,relation_operation_history,42,85
75,3.8895790576934814,Reddit-S,relation_operation_history,42,85
76,3.8921890258789062,Reddit-S,relation_operation_history,42,85
77,3.8946990966796875,Reddit-S,relation_operation_history,42,85
78,3.8971219062805176,Reddit-S,relation_operation_history,42,85
79,3.899458408355713,Reddit-S,relation_operation_history,42,85
80,3.9017114639282227,Reddit-S,relation_operation_history,42,85
81,3.9038846492767334,Reddit-S,relation_operation_history,42,85
82,3.905968427658081,Reddit-S,relation_operation_history,42,85
83,3.9079651832580566,Reddit-S,relation_operation_history,42,85
84,3.9098901748657227,Reddit-S,relation_operation_history,42,85
85,3.911741256713867,Reddit-S,relation_operation_history,42,85
86,3.9135758876800537,Reddit-S,relation_operation_history,42,85
87,3.9153523445129395,Reddit-S,relation_operation_history,42,85
88,3.9171106815338135,Reddit-S,relation_operation_history,42,85
89,3.9188168048858643,Reddit-S,relation_operation_history,42,85
90,3.9204630851745605,Reddit-S,relation_operation_history,42,85
91,3.9220685958862305,Reddit-S,relation_operation_history,42,85
92,3.923657178878784,Reddit-S,relation_operation_history,42,85
93,3.9252407550811768,Reddit-S,relation_operation_history,42,85
94,3.9268152713775635,Reddit-S,relation_operation_history,42,85
95,3.9283807277679443,Reddit-S,relation_operation_history,42,85
96,3.9299468994140625,Reddit-S,relation_operation_history,42,85
97,3.931506872177124,Reddit-S,relation_operation_history,42,85
98,3.932997703552246,Reddit-S,relation_operation_history,42,85
99,3.9344370365142822,Reddit-S,relation_operation_history,42,85
100,3.9358623027801514,Reddit-S,relation_operation_history,42,85
101,3.9372732639312744,Reddit-S,relation_operation_history,42,85
102,3.938657760620117,Reddit-S,relation_operation_history,42,85
103,3.9400081634521484,Reddit-S,relation_operation_history,42,85
104,3.9413387775421143,Reddit-S,relation_operation_history,42,85
105,3.942653179168701,Reddit-S,relation_operation_history,42,85
106,3.9439446926116943,Reddit-S,relation_operation_history,42,85
107,3.9452121257781982,Reddit-S,relation_operation_history,42,85
108,3.9464640617370605,Reddit-S,relation_operation_history,42,85
109,3.9476776123046875,Reddit-S,relation_operation_history,42,85
110,3.9488587379455566,Reddit-S,relation_operation_history,42,85
111,3.9500696659088135,Reddit-S,relation_operation_history,42,85
112,3.951275587081909,Reddit-S,relation_operation_history,42,85
113,3.952476739883423,Reddit-S,relation_operation_history,42,85
114,3.953686237335205,Reddit-S,relation_operation_history,42,85
115,3.9548728466033936,Reddit-S,relation_operation_history,42,85
0,0.0,Reddit-S,relation_operation_history,43,48
1,0.2559760510921478,Reddit-S,relation_operation_history,43,48
2,0.4008011817932129,Reddit-S,relation_operation_history,43,48
3,0.5464522838592529,Reddit-S,relation_operation_history,43,48
4,0.7052636742591858,Reddit-S,relation_operation_history,43,48
5,0.8701184391975403,Reddit-S,relation_operation_history,43,48
6,1.0371403694152832,Reddit-S,relation_operation_history,43,48
7,1.2037816047668457,Reddit-S,relation_operation_history,43,48
8,1.3696129322052002,Reddit-S,relation_operation_history,43,48
9,1.5304542779922485,Reddit-S,relation_operation_history,43,48
10,1.6833299398422241,Reddit-S,relation_operation_history,43,48
11,1.8274564743041992,Reddit-S,relation_operation_history,43,48
12,1.9615715742111206,Reddit-S,relation_operation_history,43,48
13,2.0862135887145996,Reddit-S,relation_operation_history,43,48
14,2.2022783756256104,Reddit-S,relation_operation_history,43,48
15,2.310736656188965,Reddit-S,relation_operation_history,43,48
16,2.411437749862671,Reddit-S,relation_operation_history,43,48
17,2.5043082237243652,Reddit-S,relation_operation_history,43,48
18,2.5901904106140137,Reddit-S,relation_operation_history,43,48
19,2.669853925704956,Reddit-S,relation_operation_history,43,48
20,2.743877410888672,Reddit-S,relation_operation_history,43,48
21,2.8123486042022705,Reddit-S,relation_operation_history,43,48
22,2.875544309616089,Reddit-S,relation_operation_history,43,48
23,2.934248447418213,Reddit-S,relation_operation_history,43,48
24,2.9891297817230225,Reddit-S,relation_operation_history,43,48
25,3.0405113697052,Reddit-S,relation_operation_history,43,48
26,3.0885796546936035,Reddit-S,relation_operation_history,43,48
27,3.133568525314331,Reddit-S,relation_operation_history,43,48
28,3.1758856773376465,Reddit-S,relation_operation_history,43,48
29,3.215711832046509,Reddit-S,relation_operation_history,43,48
30,3.2532248497009277,Reddit-S,relation_operation_history,43,48
31,3.2884714603424072,Reddit-S,relation_operation_history,43,48
32,3.321671962738037,Reddit-S,relation_operation_history,43,48
33,3.3530759811401367,Reddit-S,relation_operation_history,43,48
34,3.3826887607574463,Reddit-S,relation_operation_history,43,48
35,3.410461187362671,Reddit-S,relation_operation_history,43,48
36,3.4366719722747803,Reddit-S,relation_operation_history,43,48
37,3.4613828659057617,Reddit-S,relation_operation_history,43,48
38,3.4845104217529297,Reddit-S,relation_operation_history,43,48
39,3.5063929557800293,Reddit-S,relation_operation_history,43,48
40,3.5270378589630127,Reddit-S,relation_operation_history,43,48
41,3.5464155673980713,Reddit-S,relation_operation_history,43,48
42,3.5646729469299316,Reddit-S,relation_operation_history,43,48
43,3.5819203853607178,Reddit-S,relation_operation_history,43,48
44,3.598156690597534,Reddit-S,relation_operation_history,43,48
45,3.6134307384490967,Reddit-S,relation_operation_history,43,48
46,3.627875566482544,Reddit-S,relation_operation_history,43,48
47,3.6414971351623535,Reddit-S,relation_operation_history,43,48
48,3.654322624206543,Reddit-S,relation_operation_history,43,48
49,3.6663925647735596,Reddit-S,relation_operation_history,43,48
50,3.677790880203247,Reddit-S,relation_operation_history,43,48
51,3.688605785369873,Reddit-S,relation_operation_history,43,48
52,3.698828935623169,Reddit-S,relation_operation_history,43,48
53,3.708420991897583,Reddit-S,relation_operation_history,43,48
54,3.7175076007843018,Reddit-S,relation_operation_history,43,48
55,3.7261250019073486,Reddit-S,relation_operation_history,43,48
56,3.734257221221924,Reddit-S,relation_operation_history,43,48
57,3.741926908493042,Reddit-S,relation_operation_history,43,48
58,3.749136447906494,Reddit-S,relation_operation_history,43,48
59,3.755923271179199,Reddit-S,relation_operation_history,43,48
60,3.762392520904541,Reddit-S,relation_operation_history,43,48
61,3.768557548522949,Reddit-S,relation_operation_history,43,48
62,3.774412155151367,Reddit-S,relation_operation_history,43,48
63,3.7799785137176514,Reddit-S,relation_operation_history,43,48
64,3.7852282524108887,Reddit-S,relation_operation_history,43,48
65,3.7902050018310547,Reddit-S,relation_operation_history,43,48
66,3.7949438095092773,Reddit-S,relation_operation_history,43,48
67,3.799471378326416,Reddit-S,relation_operation_history,43,48
68,3.803828239440918,Reddit-S,relation_operation_history,43,48
69,3.807995080947876,Reddit-S,relation_operation_history,43,48
70,3.8119633197784424,Reddit-S,relation_operation_history,43,48
71,3.8157505989074707,Reddit-S,relation_operation_history,43,48
72,3.8193724155426025,Reddit-S,relation_operation_history,43,48
73,3.82283091545105,Reddit-S,relation_operation_history,43,48
74,3.8261566162109375,Reddit-S,relation_operation_history,43,48
75,3.8293516635894775,Reddit-S,relation_operation_history,43,48
76,3.832444429397583,Reddit-S,relation_operation_history,43,48
77,3.8354387283325195,Reddit-S,relation_operation_history,43,48
78,3.8383407592773438,Reddit-S,relation_operation_history,43,48
0,0.0,Reddit-S,relation_operation_history,44,71
1,0.25597259402275085,Reddit-S,relation_operation_history,44,71
2,0.40404602885246277,Reddit-S,relation_operation_history,44,71
3,0.5490544438362122,Reddit-S,relation_operation_history,44,71
4,0.7050982117652893,Reddit-S,relation_operation_history,44,71
5,0.8668262362480164,Reddit-S,relation_operation_history,44,71
6,1.0292478799819946,Reddit-S,relation_operation_history,44,71
7,1.1918878555297852,Reddit-S,relation_operation_history,44,71
8,1.3528664112091064,Reddit-S,relation_operation_history,44,71
9,1.510225772857666,Reddit-S,relation_operation_history,44,71
10,1.661678433418274,Reddit-S,relation_operation_history,44,71
11,1.8065245151519775,Reddit-S,relation_operation_history,44,71
12,1.944022297859192,Reddit-S,relation_operation_history,44,71
13,2.0726473331451416,Reddit-S,relation_operation_history,44,71
14,2.1929383277893066,Reddit-S,relation_operation_history,44,71
15,2.304358959197998,Reddit-S,relation_operation_history,44,71
16,2.407590627670288,Reddit-S,relation_operation_history,44,71
17,2.5033419132232666,Reddit-S,relation_operation_history,44,71
18,2.592529535293579,Reddit-S,relation_operation_history,44,71
19,2.675642251968384,Reddit-S,relation_operation_history,44,71
20,2.752809762954712,Reddit-S,relation_operation_history,44,71
21,2.824495792388916,Reddit-S,relation_operation_history,44,71
22,2.891185760498047,Reddit-S,relation_operation_history,44,71
23,2.9531753063201904,Reddit-S,relation_operation_history,44,71
24,3.0107994079589844,Reddit-S,relation_operation_history,44,71
25,3.0644967555999756,Reddit-S,relation_operation_history,44,71
26,3.1146085262298584,Reddit-S,relation_operation_history,44,71
27,3.161491870880127,Reddit-S,relation_operation_history,44,71
28,3.2052552700042725,Reddit-S,relation_operation_history,44,71
29,3.246134042739868,Reddit-S,relation_operation_history,44,71
30,3.2843403816223145,Reddit-S,relation_operation_history,44,71
31,3.32014536857605,Reddit-S,relation_operation_history,44,71
32,3.35367488861084,Reddit-S,relation_operation_history,44,71
33,3.385126829147339,Reddit-S,relation_operation_history,44,71
34,3.4147069454193115,Reddit-S,relation_operation_history,44,71
35,3.4425203800201416,Reddit-S,relation_operation_history,44,71
36,3.468679428100586,Reddit-S,relation_operation_history,44,71
37,3.4933688640594482,Reddit-S,relation_operation_history,44,71
38,3.516580581665039,Reddit-S,relation_operation_history,44,71
39,3.5384044647216797,Reddit-S,relation_operation_history,44,71
40,3.558959722518921,Reddit-S,relation_operation_history,44,71
41,3.578336477279663,Reddit-S,relation_operation_history,44,71
42,3.596666097640991,Reddit-S,relation_operation_history,44,71
43,3.614014148712158,Reddit-S,relation_operation_history,44,71
44,3.630342960357666,Reddit-S,relation_operation_history,44,71
45,3.645768404006958,Reddit-S,relation_operation_history,44,71
46,3.6603713035583496,Reddit-S,relation_operation_history,44,71
47,3.6741576194763184,Reddit-S,relation_operation_history,44,71
48,3.687161445617676,Reddit-S,relation_operation_history,44,71
49,3.6994547843933105,Reddit-S,relation_operation_history,44,71
50,3.71106219291687,Reddit-S,relation_operation_history,44,71
51,3.7220346927642822,Reddit-S,relation_operation_history,44,71
52,3.7323765754699707,Reddit-S,relation_operation_history,44,71
53,3.7421329021453857,Reddit-S,relation_operation_history,44,71
54,3.7513575553894043,Reddit-S,relation_operation_history,44,71
55,3.7600250244140625,Reddit-S,relation_operation_history,44,71
56,3.7681777477264404,Reddit-S,relation_operation_history,44,71
57,3.7758257389068604,Reddit-S,relation_operation_history,44,71
58,3.7830467224121094,Reddit-S,relation_operation_history,44,71
59,3.789886713027954,Reddit-S,relation_operation_history,44,71
60,3.7963473796844482,Reddit-S,relation_operation_history,44,71
61,3.8024494647979736,Reddit-S,relation_operation_history,44,71
62,3.80820631980896,Reddit-S,relation_operation_history,44,71
63,3.8136532306671143,Reddit-S,relation_operation_history,44,71
64,3.818814992904663,Reddit-S,relation_operation_history,44,71
65,3.8237297534942627,Reddit-S,relation_operation_history,44,71
66,3.8283913135528564,Reddit-S,relation_operation_history,44,71
67,3.832793951034546,Reddit-S,relation_operation_history,44,71
68,3.836996555328369,Reddit-S,relation_operation_history,44,71
69,3.8409905433654785,Reddit-S,relation_operation_history,44,71
70,3.8447988033294678,Reddit-S,relation_operation_history,44,71
71,3.848426580429077,Reddit-S,relation_operation_history,44,71
72,3.8519036769866943,Reddit-S,relation_operation_history,44,71
73,3.8552472591400146,Reddit-S,relation_operation_history,44,71
74,3.8584399223327637,Reddit-S,relation_operation_history,44,71
75,3.861513137817383,Reddit-S,relation_operation_history,44,71
76,3.8644514083862305,Reddit-S,relation_operation_history,44,71
77,3.8672618865966797,Reddit-S,relation_operation_history,44,71
78,3.8699705600738525,Reddit-S,relation_operation_history,44,71
79,3.8725969791412354,Reddit-S,relation_operation_history,44,71
80,3.875091552734375,Reddit-S,relation_operation_history,44,71
81,3.8775136470794678,Reddit-S,relation_operation_history,44,71
82,3.8798530101776123,Reddit-S,relation_operation_history,44,71
83,3.882080554962158,Reddit-S,relation_operation_history,44,71
84,3.8842177391052246,Reddit-S,relation_operation_history,44,71
85,3.886312484741211,Reddit-S,relation_operation_history,44,71
86,3.8883495330810547,Reddit-S,relation_operation_history,44,71
87,3.8903379440307617,Reddit-S,relation_operation_history,44,71
88,3.892282724380493,Reddit-S,relation_operation_history,44,71
89,3.8941805362701416,Reddit-S,relation_operation_history,44,71
90,3.8960235118865967,Reddit-S,relation_operation_history,44,71
91,3.8978097438812256,Reddit-S,relation_operation_history,44,71
92,3.8995518684387207,Reddit-S,relation_operation_history,44,71
93,3.901252269744873,Reddit-S,relation_operation_history,44,71
94,3.9028897285461426,Reddit-S,relation_operation_history,44,71
95,3.9044673442840576,Reddit-S,relation_operation_history,44,71
96,3.9060122966766357,Reddit-S,relation_operation_history,44,71
97,3.9075417518615723,Reddit-S,relation_operation_history,44,71
98,3.9090235233306885,Reddit-S,relation_operation_history,44,71
99,3.9104886054992676,Reddit-S,relation_operation_history,44,71
100,3.9119181632995605,Reddit-S,relation_operation_history,44,71
101,3.9133193492889404,Reddit-S,relation_operation_history,44,71
0,0.0,Reddit-S,state_history,42,68
1,0.255979984998703,Reddit-S,state_history,42,68
2,0.4023062586784363,Reddit-S,state_history,42,68
3,0.5532930493354797,Reddit-S,state_history,42,68
4,0.7156969904899597,Reddit-S,state_history,42,68
5,0.8843415379524231,Reddit-S,state_history,42,68
6,1.056249976158142,Reddit-S,state_history,42,68
7,1.22649085521698,Reddit-S,state_history,42,68
8,1.3950504064559937,Reddit-S,state_history,42,68
9,1.5589066743850708,Reddit-S,state_history,42,68
10,1.716805338859558,Reddit-S,state_history,42,68
11,1.8662174940109253,Reddit-S,state_history,42,68
12,2.00649356842041,Reddit-S,state_history,42,68
13,2.137521982192993,Reddit-S,state_history,42,68
14,2.259232997894287,Reddit-S,state_history,42,68
15,2.371840476989746,Reddit-S,state_history,42,68
16,2.4759812355041504,Reddit-S,state_history,42,68
17,2.572429895401001,Reddit-S,state_history,42,68
18,2.6615567207336426,Reddit-S,state_history,42,68
19,2.743791341781616,Reddit-S,state_history,42,68
20,2.8195815086364746,Reddit-S,state_history,42,68
21,2.8895554542541504,Reddit-S,state_history,42,68
22,2.954369068145752,Reddit-S,state_history,42,68
23,3.0144259929656982,Reddit-S,state_history,42,68
24,3.0701687335968018,Reddit-S,state_history,42,68
25,3.1219899654388428,Reddit-S,state_history,42,68
26,3.170336961746216,Reddit-S,state_history,42,68
27,3.215421199798584,Reddit-S,state_history,42,68
28,3.2574732303619385,Reddit-S,state_history,42,68
29,3.2968428134918213,Reddit-S,state_history,42,68
30,3.333812952041626,Reddit-S,state_history,42,68
31,3.368607521057129,Reddit-S,state_history,42,68
32,3.401221990585327,Reddit-S,state_history,42,68
33,3.4319560527801514,Reddit-S,state_history,42,68
34,3.460920572280884,Reddit-S,state_history,42,68
35,3.488215684890747,Reddit-S,state_history,42,68
36,3.513991594314575,Reddit-S,state_history,42,68
37,3.5383646488189697,Reddit-S,state_history,42,68
38,3.5613107681274414,Reddit-S,state_history,42,68
39,3.582832098007202,Reddit-S,state_history,42,68
40,3.6027114391326904,Reddit-S,state_history,42,68
41,3.621457099914551,Reddit-S,state_history,42,68
42,3.6391806602478027,Reddit-S,state_history,42,68
43,3.655757188796997,Reddit-S,state_history,42,68
44,3.6712698936462402,Reddit-S,state_history,42,68
45,3.685943603515625,Reddit-S,state_history,42,68
46,3.6997621059417725,Reddit-S,state_history,42,68
47,3.7127678394317627,Reddit-S,state_history,42,68
48,3.7249464988708496,Reddit-S,state_history,42,68
49,3.7364087104797363,Reddit-S,state_history,42,68
50,3.747215747833252,Reddit-S,state_history,42,68
51,3.7574334144592285,Reddit-S,state_history,42,68
52,3.7670836448669434,Reddit-S,state_history,42,68
53,3.7761738300323486,Reddit-S,state_history,42,68
54,3.7846851348876953,Reddit-S,state_history,42,68
55,3.7926740646362305,Reddit-S,state_history,42,68
56,3.800187587738037,Reddit-S,state_history,42,68
57,3.807297706604004,Reddit-S,state_history,42,68
58,3.8140335083007812,Reddit-S,state_history,42,68
59,3.82038950920105,Reddit-S,state_history,42,68
60,3.8263370990753174,Reddit-S,state_history,42,68
61,3.831909656524658,Reddit-S,state_history,42,68
62,3.837164878845215,Reddit-S,state_history,42,68
63,3.8421483039855957,Reddit-S,state_history,42,68
64,3.8468899726867676,Reddit-S,state_history,42,68
65,3.85135555267334,Reddit-S,state_history,42,68
66,3.8556065559387207,Reddit-S,state_history,42,68
67,3.859644889831543,Reddit-S,state_history,42,68
68,3.863449811935425,Reddit-S,state_history,42,68
69,3.867065191268921,Reddit-S,state_history,42,68
70,3.870537042617798,Reddit-S,state_history,42,68
71,3.8738949298858643,Reddit-S,state_history,42,68
72,3.877094030380249,Reddit-S,state_history,42,68
73,3.8801112174987793,Reddit-S,state_history,42,68
74,3.8829920291900635,Reddit-S,state_history,42,68
75,3.8857455253601074,Reddit-S,state_history,42,68
76,3.8883745670318604,Reddit-S,state_history,42,68
77,3.8908755779266357,Reddit-S,state_history,42,68
78,3.8932993412017822,Reddit-S,state_history,42,68
79,3.8956432342529297,Reddit-S,state_history,42,68
80,3.897918224334717,Reddit-S,state_history,42,68
81,3.900129556655884,Reddit-S,state_history,42,68
82,3.902254104614258,Reddit-S,state_history,42,68
83,3.904310941696167,Reddit-S,state_history,42,68
84,3.90628981590271,Reddit-S,state_history,42,68
85,3.9082021713256836,Reddit-S,state_history,42,68
86,3.910078763961792,Reddit-S,state_history,42,68
87,3.9118916988372803,Reddit-S,state_history,42,68
88,3.9136650562286377,Reddit-S,state_history,42,68
89,3.9153590202331543,Reddit-S,state_history,42,68
90,3.9169812202453613,Reddit-S,state_history,42,68
91,3.918545722961426,Reddit-S,state_history,42,68
92,3.92006778717041,Reddit-S,state_history,42,68
93,3.9215660095214844,Reddit-S,state_history,42,68
94,3.9230434894561768,Reddit-S,state_history,42,68
95,3.924536943435669,Reddit-S,state_history,42,68
96,3.925997018814087,Reddit-S,state_history,42,68
97,3.927445888519287,Reddit-S,state_history,42,68
98,3.928823709487915,Reddit-S,state_history,42,68
0,0.0,Reddit-S,state_history,43,33
1,0.2559739947319031,Reddit-S,state_history,43,33
2,0.4040723443031311,Reddit-S,state_history,43,33
3,0.5541069507598877,Reddit-S,state_history,43,33
4,0.716092050075531,Reddit-S,state_history,43,33
5,0.8829187750816345,Reddit-S,state_history,43,33
6,1.0492280721664429,Reddit-S,state_history,43,33
7,1.2150540351867676,Reddit-S,state_history,43,33
8,1.3802109956741333,Reddit-S,state_history,43,33
9,1.540805459022522,Reddit-S,state_history,43,33
10,1.6935752630233765,Reddit-S,state_history,43,33
11,1.8374073505401611,Reddit-S,state_history,43,33
12,1.9713865518569946,Reddit-S,state_history,43,33
13,2.095845937728882,Reddit-S,state_history,43,33
14,2.2114391326904297,Reddit-S,state_history,43,33
15,2.3192219734191895,Reddit-S,state_history,43,33
16,2.4193077087402344,Reddit-S,state_history,43,33
17,2.511756658554077,Reddit-S,state_history,43,33
18,2.5970914363861084,Reddit-S,state_history,43,33
19,2.676175117492676,Reddit-S,state_history,43,33
20,2.7496562004089355,Reddit-S,state_history,43,33
21,2.8177921772003174,Reddit-S,state_history,43,33
22,2.8805060386657715,Reddit-S,state_history,43,33
23,2.9387314319610596,Reddit-S,state_history,43,33
24,2.9930102825164795,Reddit-S,state_history,43,33
25,3.043842315673828,Reddit-S,state_history,43,33
26,3.0911478996276855,Reddit-S,state_history,43,33
27,3.1353182792663574,Reddit-S,state_history,43,33
28,3.1769633293151855,Reddit-S,state_history,43,33
29,3.2160120010375977,Reddit-S,state_history,43,33
30,3.2527213096618652,Reddit-S,state_history,43,33
31,3.287260055541992,Reddit-S,state_history,43,33
32,3.3198351860046387,Reddit-S,state_history,43,33
33,3.3506908416748047,Reddit-S,state_history,43,33
34,3.3798515796661377,Reddit-S,state_history,43,33
35,3.40726900100708,Reddit-S,state_history,43,33
36,3.433134078979492,Reddit-S,state_history,43,33
37,3.4575321674346924,Reddit-S,state_history,43,33
38,3.480515480041504,Reddit-S,state_history,43,33
39,3.5023162364959717,Reddit-S,state_history,43,33
40,3.522900342941284,Reddit-S,state_history,43,33
41,3.5423424243927,Reddit-S,state_history,43,33
42,3.560711622238159,Reddit-S,state_history,43,33
43,3.5780866146087646,Reddit-S,state_history,43,33
44,3.5945191383361816,Reddit-S,state_history,43,33
45,3.6100425720214844,Reddit-S,state_history,43,33
46,3.6247079372406006,Reddit-S,state_history,43,33
47,3.638533115386963,Reddit-S,state_history,43,33
48,3.651603937149048,Reddit-S,state_history,43,33
49,3.6639769077301025,Reddit-S,state_history,43,33
50,3.6756465435028076,Reddit-S,state_history,43,33
51,3.686654806137085,Reddit-S,state_history,43,33
52,3.6970736980438232,Reddit-S,state_history,43,33
53,3.7069380283355713,Reddit-S,state_history,43,33
54,3.716254234313965,Reddit-S,state_history,43,33
55,3.7250590324401855,Reddit-S,state_history,43,33
56,3.7333734035491943,Reddit-S,state_history,43,33
57,3.7412266731262207,Reddit-S,state_history,43,33
58,3.7486095428466797,Reddit-S,state_history,43,33
59,3.7555832862854004,Reddit-S,state_history,43,33
60,3.762200355529785,Reddit-S,state_history,43,33
61,3.7684593200683594,Reddit-S,state_history,43,33
62,3.774366855621338,Reddit-S,state_history,43,33
63,3.779965877532959,Reddit-S,state_history,43,33
0,0.0,Reddit-S,state_history,44,77
1,0.25597405433654785,Reddit-S,state_history,44,77
2,0.4022328853607178,Reddit-S,state_history,44,77
3,0.5458607077598572,Reddit-S,state_history,44,77
4,0.7010285258293152,Reddit-S,state_history,44,77
5,0.8618794083595276,Reddit-S,state_history,44,77
6,1.0224920511245728,Reddit-S,state_history,44,77
7,1.1833653450012207,Reddit-S,state_history,44,77
8,1.3430148363113403,Reddit-S,state_history,44,77
9,1.5001696348190308,Reddit-S,state_history,44,77
10,1.6520367860794067,Reddit-S,state_history,44,77
11,1.7973124980926514,Reddit-S,state_history,44,77
12,1.9350829124450684,Reddit-S,state_history,44,77
13,2.064403533935547,Reddit-S,state_history,44,77
14,2.18560791015625,Reddit-S,state_history,44,77
15,2.2982842922210693,Reddit-S,state_history,44,77
16,2.4029347896575928,Reddit-S,state_history,44,77
17,2.5002388954162598,Reddit-S,state_history,44,77
18,2.5908870697021484,Reddit-S,state_history,44,77
19,2.6752073764801025,Reddit-S,state_history,44,77
20,2.753664970397949,Reddit-S,state_history,44,77
21,2.826687812805176,Reddit-S,state_history,44,77
22,2.8947250843048096,Reddit-S,state_history,44,77
23,2.9578113555908203,Reddit-S,state_history,44,77
24,3.016347885131836,Reddit-S,state_history,44,77
25,3.0708117485046387,Reddit-S,state_history,44,77
26,3.121640205383301,Reddit-S,state_history,44,77
27,3.1691060066223145,Reddit-S,state_history,44,77
28,3.2134180068969727,Reddit-S,state_history,44,77
29,3.2548577785491943,Reddit-S,state_history,44,77
30,3.2935729026794434,Reddit-S,state_history,44,77
31,3.3298134803771973,Reddit-S,state_history,44,77
32,3.3638153076171875,Reddit-S,state_history,44,77
33,3.39579701423645,Reddit-S,state_history,44,77
34,3.425766944885254,Reddit-S,state_history,44,77
35,3.4539504051208496,Reddit-S,state_history,44,77
36,3.480458974838257,Reddit-S,state_history,44,77
37,3.505373239517212,Reddit-S,state_history,44,77
38,3.5288102626800537,Reddit-S,state_history,44,77
39,3.5508270263671875,Reddit-S,state_history,44,77
40,3.571518898010254,Reddit-S,state_history,44,77
41,3.5910470485687256,Reddit-S,state_history,44,77
42,3.6095101833343506,Reddit-S,state_history,44,77
43,3.6269686222076416,Reddit-S,state_history,44,77
44,3.643364429473877,Reddit-S,state_history,44,77
45,3.658844232559204,Reddit-S,state_history,44,77
46,3.673452138900757,Reddit-S,state_history,44,77
47,3.6872072219848633,Reddit-S,state_history,44,77
48,3.7001614570617676,Reddit-S,state_history,44,77
49,3.7123703956604004,Reddit-S,state_history,44,77
50,3.723891496658325,Reddit-S,state_history,44,77
51,3.7347636222839355,Reddit-S,state_history,44,77
52,3.7450263500213623,Reddit-S,state_history,44,77
53,3.7547104358673096,Reddit-S,state_history,44,77
54,3.763847827911377,Reddit-S,state_history,44,77
55,3.7724592685699463,Reddit-S,state_history,44,77
56,3.7805421352386475,Reddit-S,state_history,44,77
57,3.788149356842041,Reddit-S,state_history,44,77
58,3.7953176498413086,Reddit-S,state_history,44,77
59,3.802093505859375,Reddit-S,state_history,44,77
60,3.808497905731201,Reddit-S,state_history,44,77
61,3.814556121826172,Reddit-S,state_history,44,77
62,3.8202829360961914,Reddit-S,state_history,44,77
63,3.825671911239624,Reddit-S,state_history,44,77
64,3.8307816982269287,Reddit-S,state_history,44,77
65,3.835639476776123,Reddit-S,state_history,44,77
66,3.8402183055877686,Reddit-S,state_history,44,77
67,3.8445334434509277,Reddit-S,state_history,44,77
68,3.848628520965576,Reddit-S,state_history,44,77
69,3.852522373199463,Reddit-S,state_history,44,77
70,3.856222152709961,Reddit-S,state_history,44,77
71,3.8597400188446045,Reddit-S,state_history,44,77
72,3.8630940914154053,Reddit-S,state_history,44,77
73,3.866320848464966,Reddit-S,state_history,44,77
74,3.869408130645752,Reddit-S,state_history,44,77
75,3.8723626136779785,Reddit-S,state_history,44,77
76,3.8751792907714844,Reddit-S,state_history,44,77
77,3.8778862953186035,Reddit-S,state_history,44,77
78,3.8804805278778076,Reddit-S,state_history,44,77
79,3.8829567432403564,Reddit-S,state_history,44,77
80,3.885291576385498,Reddit-S,state_history,44,77
81,3.8875584602355957,Reddit-S,state_history,44,77
82,3.889770984649658,Reddit-S,state_history,44,77
83,3.8919031620025635,Reddit-S,state_history,44,77
84,3.893956184387207,Reddit-S,state_history,44,77
85,3.895961284637451,Reddit-S,state_history,44,77
86,3.8979268074035645,Reddit-S,state_history,44,77
87,3.8998258113861084,Reddit-S,state_history,44,77
88,3.9016573429107666,Reddit-S,state_history,44,77
89,3.9034430980682373,Reddit-S,state_history,44,77
90,3.905189275741577,Reddit-S,state_history,44,77
91,3.906893491744995,Reddit-S,state_history,44,77
92,3.908545970916748,Reddit-S,state_history,44,77
93,3.9101603031158447,Reddit-S,state_history,44,77
94,3.9117178916931152,Reddit-S,state_history,44,77
95,3.9132308959960938,Reddit-S,state_history,44,77
96,3.914705753326416,Reddit-S,state_history,44,77
97,3.9161596298217773,Reddit-S,state_history,44,77
98,3.9175801277160645,Reddit-S,state_history,44,77
99,3.9189634323120117,Reddit-S,state_history,44,77
100,3.920316219329834,Reddit-S,state_history,44,77
101,3.921645402908325,Reddit-S,state_history,44,77
102,3.922963857650757,Reddit-S,state_history,44,77
103,3.9242782592773438,Reddit-S,state_history,44,77
104,3.9255871772766113,Reddit-S,state_history,44,77
105,3.9268949031829834,Reddit-S,state_history,44,77
106,3.9281845092773438,Reddit-S,state_history,44,77
107,3.9294557571411133,Reddit-S,state_history,44,77
0,0.0,Reddit-S,terminal,42,64
1,0.0,Reddit-S,terminal,42,64
2,0.0,Reddit-S,terminal,42,64
3,0.0,Reddit-S,terminal,42,64
4,0.0,Reddit-S,terminal,42,64
5,0.0,Reddit-S,terminal,42,64
6,0.0,Reddit-S,terminal,42,64
7,0.0,Reddit-S,terminal,42,64
8,0.0,Reddit-S,terminal,42,64
9,0.0,Reddit-S,terminal,42,64
10,0.0,Reddit-S,terminal,42,64
11,0.0,Reddit-S,terminal,42,64
12,0.0,Reddit-S,terminal,42,64
13,0.0,Reddit-S,terminal,42,64
14,0.0,Reddit-S,terminal,42,64
15,0.0,Reddit-S,terminal,42,64
16,0.0,Reddit-S,terminal,42,64
17,0.0,Reddit-S,terminal,42,64
18,0.0,Reddit-S,terminal,42,64
19,0.0,Reddit-S,terminal,42,64
20,0.0,Reddit-S,terminal,42,64
21,0.0,Reddit-S,terminal,42,64
22,0.0,Reddit-S,terminal,42,64
23,0.0,Reddit-S,terminal,42,64
24,0.0,Reddit-S,terminal,42,64
25,0.0,Reddit-S,terminal,42,64
26,0.0,Reddit-S,terminal,42,64
27,0.0,Reddit-S,terminal,42,64
28,0.0,Reddit-S,terminal,42,64
29,0.0,Reddit-S,terminal,42,64
30,0.0,Reddit-S,terminal,42,64
31,0.0,Reddit-S,terminal,42,64
32,0.0,Reddit-S,terminal,42,64
33,0.0,Reddit-S,terminal,42,64
34,0.0,Reddit-S,terminal,42,64
35,0.0,Reddit-S,terminal,42,64
36,0.0,Reddit-S,terminal,42,64
37,0.0,Reddit-S,terminal,42,64
38,0.0,Reddit-S,terminal,42,64
39,0.0,Reddit-S,terminal,42,64
40,0.0,Reddit-S,terminal,42,64
41,0.0,Reddit-S,terminal,42,64
42,0.0,Reddit-S,terminal,42,64
43,0.0,Reddit-S,terminal,42,64
44,0.0,Reddit-S,terminal,42,64
45,0.0,Reddit-S,terminal,42,64
46,0.0,Reddit-S,terminal,42,64
47,0.0,Reddit-S,terminal,42,64
48,0.0,Reddit-S,terminal,42,64
49,0.0,Reddit-S,terminal,42,64
50,0.0,Reddit-S,terminal,42,64
51,0.0,Reddit-S,terminal,42,64
52,0.0,Reddit-S,terminal,42,64
53,0.0,Reddit-S,terminal,42,64
54,0.0,Reddit-S,terminal,42,64
55,0.0,Reddit-S,terminal,42,64
56,0.0,Reddit-S,terminal,42,64
57,0.0,Reddit-S,terminal,42,64
58,0.0,Reddit-S,terminal,42,64
59,0.0,Reddit-S,terminal,42,64
60,0.0,Reddit-S,terminal,42,64
61,0.0,Reddit-S,terminal,42,64
62,0.0,Reddit-S,terminal,42,64
63,0.0,Reddit-S,terminal,42,64
64,0.0,Reddit-S,terminal,42,64
65,0.0,Reddit-S,terminal,42,64
66,0.0,Reddit-S,terminal,42,64
67,0.0,Reddit-S,terminal,42,64
68,0.0,Reddit-S,terminal,42,64
69,0.0,Reddit-S,terminal,42,64
70,0.0,Reddit-S,terminal,42,64
71,0.0,Reddit-S,terminal,42,64
72,0.0,Reddit-S,terminal,42,64
73,0.0,Reddit-S,terminal,42,64
74,0.0,Reddit-S,terminal,42,64
75,0.0,Reddit-S,terminal,42,64
76,0.0,Reddit-S,terminal,42,64
77,0.0,Reddit-S,terminal,42,64
78,0.0,Reddit-S,terminal,42,64
79,0.0,Reddit-S,terminal,42,64
80,0.0,Reddit-S,terminal,42,64
81,0.0,Reddit-S,terminal,42,64
82,0.0,Reddit-S,terminal,42,64
83,0.0,Reddit-S,terminal,42,64
84,0.0,Reddit-S,terminal,42,64
85,0.0,Reddit-S,terminal,42,64
86,0.0,Reddit-S,terminal,42,64
87,0.0,Reddit-S,terminal,42,64
88,0.0,Reddit-S,terminal,42,64
89,0.0,Reddit-S,terminal,42,64
90,0.0,Reddit-S,terminal,42,64
91,0.0,Reddit-S,terminal,42,64
92,0.0,Reddit-S,terminal,42,64
93,0.0,Reddit-S,terminal,42,64
94,0.0,Reddit-S,terminal,42,64
0,0.0,Reddit-S,terminal,43,59
1,0.0,Reddit-S,terminal,43,59
2,0.0,Reddit-S,terminal,43,59
3,0.0,Reddit-S,terminal,43,59
4,0.0,Reddit-S,terminal,43,59
5,0.0,Reddit-S,terminal,43,59
6,0.0,Reddit-S,terminal,43,59
7,0.0,Reddit-S,terminal,43,59
8,0.0,Reddit-S,terminal,43,59
9,0.0,Reddit-S,terminal,43,59
10,0.0,Reddit-S,terminal,43,59
11,0.0,Reddit-S,terminal,43,59
12,0.0,Reddit-S,terminal,43,59
13,0.0,Reddit-S,terminal,43,59
14,0.0,Reddit-S,terminal,43,59
15,0.0,Reddit-S,terminal,43,59
16,0.0,Reddit-S,terminal,43,59
17,0.0,Reddit-S,terminal,43,59
18,0.0,Reddit-S,terminal,43,59
19,0.0,Reddit-S,terminal,43,59
20,0.0,Reddit-S,terminal,43,59
21,0.0,Reddit-S,terminal,43,59
22,0.0,Reddit-S,terminal,43,59
23,0.0,Reddit-S,terminal,43,59
24,0.0,Reddit-S,terminal,43,59
25,0.0,Reddit-S,terminal,43,59
26,0.0,Reddit-S,terminal,43,59
27,0.0,Reddit-S,terminal,43,59
28,0.0,Reddit-S,terminal,43,59
29,0.0,Reddit-S,terminal,43,59
30,0.0,Reddit-S,terminal,43,59
31,0.0,Reddit-S,terminal,43,59
32,0.0,Reddit-S,terminal,43,59
33,0.0,Reddit-S,terminal,43,59
34,0.0,Reddit-S,terminal,43,59
35,0.0,Reddit-S,terminal,43,59
36,0.0,Reddit-S,terminal,43,59
37,0.0,Reddit-S,terminal,43,59
38,0.0,Reddit-S,terminal,43,59
39,0.0,Reddit-S,terminal,43,59
40,0.0,Reddit-S,terminal,43,59
41,0.0,Reddit-S,terminal,43,59
42,0.0,Reddit-S,terminal,43,59
43,0.0,Reddit-S,terminal,43,59
44,0.0,Reddit-S,terminal,43,59
45,0.0,Reddit-S,terminal,43,59
46,0.0,Reddit-S,terminal,43,59
47,0.0,Reddit-S,terminal,43,59
48,0.0,Reddit-S,terminal,43,59
49,0.0,Reddit-S,terminal,43,59
50,0.0,Reddit-S,terminal,43,59
51,0.0,Reddit-S,terminal,43,59
52,0.0,Reddit-S,terminal,43,59
53,0.0,Reddit-S,terminal,43,59
54,0.0,Reddit-S,terminal,43,59
55,0.0,Reddit-S,terminal,43,59
56,0.0,Reddit-S,terminal,43,59
57,0.0,Reddit-S,terminal,43,59
58,0.0,Reddit-S,terminal,43,59
59,0.0,Reddit-S,terminal,43,59
60,0.0,Reddit-S,terminal,43,59
61,0.0,Reddit-S,terminal,43,59
62,0.0,Reddit-S,terminal,43,59
63,0.0,Reddit-S,terminal,43,59
64,0.0,Reddit-S,terminal,43,59
65,0.0,Reddit-S,terminal,43,59
66,0.0,Reddit-S,terminal,43,59
67,0.0,Reddit-S,terminal,43,59
68,0.0,Reddit-S,terminal,43,59
69,0.0,Reddit-S,terminal,43,59
70,0.0,Reddit-S,terminal,43,59
71,0.0,Reddit-S,terminal,43,59
72,0.0,Reddit-S,terminal,43,59
73,0.0,Reddit-S,terminal,43,59
74,0.0,Reddit-S,terminal,43,59
75,0.0,Reddit-S,terminal,43,59
76,0.0,Reddit-S,terminal,43,59
77,0.0,Reddit-S,terminal,43,59
78,0.0,Reddit-S,terminal,43,59
79,0.0,Reddit-S,terminal,43,59
80,0.0,Reddit-S,terminal,43,59
81,0.0,Reddit-S,terminal,43,59
82,0.0,Reddit-S,terminal,43,59
83,0.0,Reddit-S,terminal,43,59
84,0.0,Reddit-S,terminal,43,59
85,0.0,Reddit-S,terminal,43,59
86,0.0,Reddit-S,terminal,43,59
87,0.0,Reddit-S,terminal,43,59
88,0.0,Reddit-S,terminal,43,59
89,0.0,Reddit-S,terminal,43,59
0,0.0,Reddit-S,terminal,44,45
1,0.0,Reddit-S,terminal,44,45
2,0.0,Reddit-S,terminal,44,45
3,0.0,Reddit-S,terminal,44,45
4,0.0,Reddit-S,terminal,44,45
5,0.0,Reddit-S,terminal,44,45
6,0.0,Reddit-S,terminal,44,45
7,0.0,Reddit-S,terminal,44,45
8,0.0,Reddit-S,terminal,44,45
9,0.0,Reddit-S,terminal,44,45
10,0.0,Reddit-S,terminal,44,45
11,0.0,Reddit-S,terminal,44,45
12,0.0,Reddit-S,terminal,44,45
13,0.0,Reddit-S,terminal,44,45
14,0.0,Reddit-S,terminal,44,45
15,0.0,Reddit-S,terminal,44,45
16,0.0,Reddit-S,terminal,44,45
17,0.0,Reddit-S,terminal,44,45
18,0.0,Reddit-S,terminal,44,45
19,0.0,Reddit-S,terminal,44,45
20,0.0,Reddit-S,terminal,44,45
21,0.0,Reddit-S,terminal,44,45
22,0.0,Reddit-S,terminal,44,45
23,0.0,Reddit-S,terminal,44,45
24,0.0,Reddit-S,terminal,44,45
25,0.0,Reddit-S,terminal,44,45
26,0.0,Reddit-S,terminal,44,45
27,0.0,Reddit-S,terminal,44,45
28,0.0,Reddit-S,terminal,44,45
29,0.0,Reddit-S,terminal,44,45
30,0.0,Reddit-S,terminal,44,45
31,0.0,Reddit-S,terminal,44,45
32,0.0,Reddit-S,terminal,44,45
33,0.0,Reddit-S,terminal,44,45
34,0.0,Reddit-S,terminal,44,45
35,0.0,Reddit-S,terminal,44,45
36,0.0,Reddit-S,terminal,44,45
37,0.0,Reddit-S,terminal,44,45
38,0.0,Reddit-S,terminal,44,45
39,0.0,Reddit-S,terminal,44,45
40,0.0,Reddit-S,terminal,44,45
41,0.0,Reddit-S,terminal,44,45
42,0.0,Reddit-S,terminal,44,45
43,0.0,Reddit-S,terminal,44,45
44,0.0,Reddit-S,terminal,44,45
45,0.0,Reddit-S,terminal,44,45
46,0.0,Reddit-S,terminal,44,45
47,0.0,Reddit-S,terminal,44,45
48,0.0,Reddit-S,terminal,44,45
49,0.0,Reddit-S,terminal,44,45
50,0.0,Reddit-S,terminal,44,45
51,0.0,Reddit-S,terminal,44,45
52,0.0,Reddit-S,terminal,44,45
53,0.0,Reddit-S,terminal,44,45
54,0.0,Reddit-S,terminal,44,45
55,0.0,Reddit-S,terminal,44,45
56,0.0,Reddit-S,terminal,44,45
57,0.0,Reddit-S,terminal,44,45
58,0.0,Reddit-S,terminal,44,45
59,0.0,Reddit-S,terminal,44,45
60,0.0,Reddit-S,terminal,44,45
61,0.0,Reddit-S,terminal,44,45
62,0.0,Reddit-S,terminal,44,45
63,0.0,Reddit-S,terminal,44,45
64,0.0,Reddit-S,terminal,44,45
65,0.0,Reddit-S,terminal,44,45
66,0.0,Reddit-S,terminal,44,45
67,0.0,Reddit-S,terminal,44,45
68,0.0,Reddit-S,terminal,44,45
69,0.0,Reddit-S,terminal,44,45
70,0.0,Reddit-S,terminal,44,45
71,0.0,Reddit-S,terminal,44,45
72,0.0,Reddit-S,terminal,44,45
73,0.0,Reddit-S,terminal,44,45
74,0.0,Reddit-S,terminal,44,45
75,0.0,Reddit-S,terminal,44,45
