dataset,seed,variant,head,token,across_node_std,mean,median,p10,p90,p95,n
Movies,42,state_history,head0,T0,0.02018303982913494,0.005424988456070423,0.0004685813910327852,1.747155693010427e-05,0.010947608388960361,0.023856421932578087,16672
Movies,42,state_history,head0,T1,0.0047106812708079815,0.0012118745362386107,0.00010366526839789003,4.015226295450702e-06,0.0023943621199578047,0.005354632157832384,16672
Movies,42,state_history,head0,T2,0.01919766515493393,0.004907221533358097,0.0004794973647221923,1.9373022951185703e-05,0.009261657483875751,0.0212309081107378,16672
Movies,42,state_history,head0,V0,0.19376908242702484,0.3396741449832916,0.3148649334907532,0.10463587194681168,0.6163314580917358,0.6984646916389465,16672
Movies,42,state_history,head0,V1,0.050349559634923935,0.07329990714788437,0.06150832399725914,0.022356146946549416,0.14077353477478027,0.1724672019481659,16672
Movies,42,state_history,head0,V2,0.21323975920677185,0.5754818320274353,0.590445339679718,0.27594640851020813,0.8524625897407532,0.8928920030593872,16672
Movies,42,state_history,head1,T0,0.04641525819897652,0.015218188054859638,0.00031073979334905744,1.0606472642393783e-05,0.03462927043437958,0.12464531511068344,16672
Movies,42,state_history,head1,T1,0.008597901090979576,0.002499721944332123,2.7940404834225774e-05,8.869305929692928e-07,0.004265212453901768,0.019904734566807747,16672
Movies,42,state_history,head1,T2,0.1434919238090515,0.039736226201057434,0.00015592672571074218,5.019667696615215e-06,0.03177021071314812,0.3664857745170593,16672
Movies,42,state_history,head1,V0,0.24999457597732544,0.451325923204422,0.4470323324203491,0.1077922135591507,0.7917615175247192,0.8453781604766846,16672
Movies,42,state_history,head1,V1,0.02416856773197651,0.030201740562915802,0.023544250056147575,0.007715169340372086,0.06137363985180855,0.07757500559091568,16672
Movies,42,state_history,head1,V2,0.24713964760303497,0.4610181450843811,0.44480961561203003,0.1440581977367401,0.8146359920501709,0.878918468952179,16672
Movies,42,state_history,head2,T0,0.02579026110470295,0.007027093321084976,4.6747189230700315e-07,4.420319665854322e-10,0.010688290931284428,0.05533095449209213,16672
Movies,42,state_history,head2,T1,0.03691956773400307,0.010288947261869907,8.392341896978905e-07,1.0090448476773872e-09,0.012838485650718212,0.0890580415725708,16672
Movies,42,state_history,head2,T2,0.15003597736358643,0.044173289090394974,2.960434358101338e-06,2.9452140726249354e-09,0.0555320605635643,0.4340278208255768,16672
Movies,42,state_history,head2,V0,0.0904327929019928,0.047991715371608734,0.012662599794566631,0.0008583220187574625,0.13574592769145966,0.22852346301078796,16672
Movies,42,state_history,head2,V1,0.07454819977283478,0.07630286365747452,0.05307256430387497,0.008181128650903702,0.17693568766117096,0.22767126560211182,16672
Movies,42,state_history,head2,V2,0.24001838266849518,0.8142160773277283,0.9114748239517212,0.45884382724761963,0.9871172308921814,0.992984414100647,16672
Movies,42,state_history,head3,T0,0.02405782975256443,0.007298620417714119,0.0003996208542957902,6.983444109209813e-06,0.016882946714758873,0.03802751749753952,16672
Movies,42,state_history,head3,T1,0.006584296468645334,0.0016618605004623532,5.921474439674057e-05,1.0072287750517717e-06,0.003233963390812278,0.008113086223602295,16672
Movies,42,state_history,head3,T2,0.03312991186976433,0.009200282394886017,0.0004477826878428459,7.326719696720829e-06,0.020372945815324783,0.045134615153074265,16672
Movies,42,state_history,head3,V0,0.24520748853683472,0.37067005038261414,0.35208964347839355,0.056716494262218475,0.725365161895752,0.8075966238975525,16672
Movies,42,state_history,head3,V1,0.042286138981580734,0.048883937299251556,0.03638884425163269,0.009474913589656353,0.10605797916650772,0.13453444838523865,16672
Movies,42,state_history,head3,V2,0.24869266152381897,0.5622852444648743,0.5592171549797058,0.22320716083049774,0.9039312601089478,0.9408729076385498,16672
Movies,42,state_history,mean,T0,0.02127883769571781,0.008742222562432289,0.0005930783809162676,2.137868978024926e-05,0.02832646109163761,0.05719677358865738,16672
Movies,42,state_history,mean,T1,0.011463447473943233,0.003915600944310427,0.00010871677659451962,3.7903439533693017e-06,0.009464544244110584,0.030806666240096092,16672
Movies,42,state_history,mean,T2,0.07217933982610703,0.02450425550341606,0.000575033132918179,1.8993867342942394e-05,0.05513579770922661,0.20829418301582336,16672
Movies,42,state_history,mean,V0,0.1538255661725998,0.3024154603481293,0.2959364652633667,0.0992923155426979,0.5121797919273376,0.5644002556800842,16672
Movies,42,state_history,mean,V1,0.0371476374566555,0.05717210844159126,0.04877343028783798,0.01799246482551098,0.10840445011854172,0.13027729094028473,16672
Movies,42,state_history,mean,V2,0.16315336525440216,0.6032503247261047,0.5964610576629639,0.39460134506225586,0.8273287415504456,0.8769448399543762,16672
Movies,42,operation_history,head0,T0,0.07061675935983658,0.028098206967115402,0.0006828779587522149,1.2636182873393409e-05,0.10000267624855042,0.20439743995666504,16672
Movies,42,operation_history,head0,T1,0.020623620599508286,0.005794520489871502,3.451216616667807e-05,5.516616852219158e-07,0.012248806655406952,0.03862679377198219,16672
Movies,42,operation_history,head0,T2,0.03652619570493698,0.012544311583042145,0.00013475207379087806,2.466897285557934e-06,0.03589596599340439,0.0995132103562355,16672
Movies,42,operation_history,head0,V0,0.22027996182441711,0.5150412321090698,0.5222747921943665,0.20516054332256317,0.8089752793312073,0.8694339990615845,16672
Movies,42,operation_history,head0,V1,0.046083979308605194,0.05763927102088928,0.0441938154399395,0.014330442994832993,0.11878219991922379,0.1487891525030136,16672
Movies,42,operation_history,head0,V2,0.20209941267967224,0.3808824121952057,0.34534066915512085,0.1419968456029892,0.6829436421394348,0.7632440328598022,16672
Movies,42,operation_history,head1,T0,0.054214272648096085,0.019050221890211105,0.001745849847793579,8.530473860446364e-05,0.049624305218458176,0.10092651098966599,16672
Movies,42,operation_history,head1,T1,0.01881420984864235,0.004742526449263096,0.0001681823341641575,7.042363449727418e-06,0.0078517971560359,0.024073416367173195,16672
Movies,42,operation_history,head1,T2,0.029590019956231117,0.008701590821146965,0.0003933489788323641,1.5968191291904077e-05,0.018879877403378487,0.04764964058995247,16672
Movies,42,operation_history,head1,V0,0.21867714822292328,0.635100781917572,0.6752135753631592,0.3125569224357605,0.8908827900886536,0.9230213165283203,16672
Movies,42,operation_history,head1,V1,0.05823523923754692,0.05877653509378433,0.03960484266281128,0.00962921790778637,0.13557441532611847,0.19264879822731018,16672
Movies,42,operation_history,head1,V2,0.1543402373790741,0.2736283838748932,0.2509266138076782,0.08804725855588913,0.4924347698688507,0.5556336045265198,16672
Movies,42,operation_history,head2,T0,0.06722969561815262,0.02012765221297741,0.0001092168822651729,9.529422300147417e-07,0.0466855950653553,0.12688946723937988,16672
Movies,42,operation_history,head2,T1,0.008320233784615993,0.0019514762097969651,7.65986078476999e-06,7.366273280240421e-08,0.003082304261624813,0.00989962462335825,16672
Movies,42,operation_history,head2,T2,0.03483359143137932,0.009055746719241142,3.957976878155023e-05,3.965011501350091e-07,0.015827549621462822,0.052159301936626434,16672
Movies,42,operation_history,head2,V0,0.18643790483474731,0.26075658202171326,0.22043436765670776,0.05429637432098389,0.5298229455947876,0.6241065263748169,16672
Movies,42,operation_history,head2,V1,0.02768627740442753,0.0373554565012455,0.030480720102787018,0.010017483495175838,0.07345900684595108,0.09175904095172882,16672
Movies,42,operation_history,head2,V2,0.22082705795764923,0.6707531809806824,0.7156029939651489,0.3409530222415924,0.9254995584487915,0.9520394206047058,16672
Movies,42,operation_history,head3,T0,0.03882109746336937,0.012305852957069874,0.0012437179684638977,4.0768944018054754e-05,0.028098950162529945,0.05788417533040047,16672
Movies,42,operation_history,head3,T1,0.0037362677976489067,0.0005539627163670957,2.2292697394732386e-05,7.269889010785846e-07,0.0007964782416820526,0.002011687960475683,16672
Movies,42,operation_history,head3,T2,0.005326444748789072,0.0010635280050337315,5.008839798392728e-05,1.4502405747407465e-06,0.0018397546373307705,0.004396460484713316,16672
Movies,42,operation_history,head3,V0,0.24413445591926575,0.6109322905540466,0.6561858654022217,0.23859696090221405,0.9010734558105469,0.9326061606407166,16672
Movies,42,operation_history,head3,V1,0.042347222566604614,0.03951823711395264,0.02351493388414383,0.00486100884154439,0.0991513654589653,0.1314288079738617,16672
Movies,42,operation_history,head3,V2,0.21763575077056885,0.33562615513801575,0.2877492308616638,0.08380767703056335,0.6660327911376953,0.7418835759162903,16672
Movies,42,operation_history,mean,T0,0.03892114758491516,0.019895484670996666,0.0023408341221511364,0.000102849087852519,0.07633379101753235,0.11405082792043686,16672
Movies,42,operation_history,mean,T1,0.009807798080146313,0.003260621102526784,0.00014899749658070505,6.494401986856246e-06,0.008466949686408043,0.020547302439808846,16672
Movies,42,operation_history,mean,T2,0.01884947530925274,0.007841294631361961,0.0004318712162785232,1.6930040146689862e-05,0.027361340820789337,0.0534893162548542,16672
Movies,42,operation_history,mean,V0,0.1396377831697464,0.5054576992988586,0.5182213187217712,0.30767372250556946,0.6761366724967957,0.7158181071281433,16672
Movies,42,operation_history,mean,V1,0.03462834656238556,0.048322368413209915,0.03822573274374008,0.016384592279791832,0.09583907574415207,0.12083186954259872,16672
Movies,42,operation_history,mean,V2,0.11557526141405106,0.41522249579429626,0.4092625379562378,0.27070486545562744,0.5686931014060974,0.6194645166397095,16672
Movies,42,relation_operation_history,head0,T0,0.017900407314300537,0.005015579052269459,0.0004191179759800434,1.3905929336033296e-05,0.009910279884934425,0.022705769166350365,16672
Movies,42,relation_operation_history,head0,T1,0.00478162569925189,0.001318697351962328,0.00013397651491686702,4.4121725295553915e-06,0.0025932518765330315,0.005837518721818924,16672
Movies,42,relation_operation_history,head0,T2,0.023651476949453354,0.0059533934108912945,0.0005670696264132857,2.0545909137581475e-05,0.010685797780752182,0.024277107790112495,16672
Movies,42,relation_operation_history,head0,V0,0.21759341657161713,0.31933215260505676,0.2780730128288269,0.0649208128452301,0.6416705846786499,0.7488483786582947,16672
Movies,42,relation_operation_history,head0,V1,0.032514072954654694,0.04793686047196388,0.041644349694252014,0.012171902693808079,0.09217512607574463,0.11006626486778259,16672
Movies,42,relation_operation_history,head0,V2,0.22811533510684967,0.6204432845115662,0.6471409201622009,0.2867245078086853,0.9082491993904114,0.9487839937210083,16672
Movies,42,relation_operation_history,head1,T0,0.0657707005739212,0.04415511339902878,0.013864483684301376,0.0012816076632589102,0.14336717128753662,0.2032255381345749,16672
Movies,42,relation_operation_history,head1,T1,0.02071234956383705,0.010410251095890999,0.0019829801749438047,0.00016105575195979327,0.03249406814575195,0.057310089468955994,16672
Movies,42,relation_operation_history,head1,T2,0.1067156195640564,0.06335895508527756,0.015461931936442852,0.001208893139846623,0.21443592011928558,0.33314305543899536,16672
Movies,42,relation_operation_history,head1,V0,0.13007357716560364,0.25721922516822815,0.23728764057159424,0.10243009030818939,0.440216064453125,0.5010599493980408,16672
Movies,42,relation_operation_history,head1,V1,0.024261916056275368,0.044246379286050797,0.038979023694992065,0.018955327570438385,0.07702356576919556,0.09144086390733719,16672
Movies,42,relation_operation_history,head1,V2,0.20178112387657166,0.5806100368499756,0.6149054765701294,0.2714313268661499,0.8149772882461548,0.854179322719574,16672
Movies,42,relation_operation_history,head2,T0,0.045946117490530014,0.013882522471249104,0.0007621131371706724,2.9970491596031934e-05,0.02772914618253708,0.07416718453168869,16672
Movies,42,relation_operation_history,head2,T1,0.010823195800185204,0.0036795600317418575,0.00031522681820206344,1.73600474226987e-05,0.008639438077807426,0.02031274512410164,16672
Movies,42,relation_operation_history,head2,T2,0.05975910648703575,0.017577683553099632,0.001008747611194849,5.107025208417326e-05,0.033943913877010345,0.088919997215271,16672
Movies,42,relation_operation_history,head2,V0,0.208107590675354,0.25513628125190735,0.18933650851249695,0.049102094024419785,0.5709622502326965,0.6911737322807312,16672
Movies,42,relation_operation_history,head2,V1,0.05014970526099205,0.0649409368634224,0.049150608479976654,0.018136613070964813,0.13857963681221008,0.17038534581661224,16672
Movies,42,relation_operation_history,head2,V2,0.2128436416387558,0.6447830200195312,0.6952514052391052,0.32175958156585693,0.8795452117919922,0.9140804409980774,16672
Movies,42,relation_operation_history,head3,T0,0.03981782868504524,0.012785566970705986,0.001341271330602467,5.666630750056356e-05,0.02913508005440235,0.062149159610271454,16672
Movies,42,relation_operation_history,head3,T1,0.007775586098432541,0.002411831170320511,0.00027135672280564904,1.3725965800404083e-05,0.005185981746762991,0.011406959965825081,16672
Movies,42,relation_operation_history,head3,T2,0.037967659533023834,0.012916491366922855,0.0016688567120581865,7.441479829140007e-05,0.02886156737804413,0.061347972601652145,16672
Movies,42,relation_operation_history,head3,V0,0.21469616889953613,0.2694152891635895,0.1998104453086853,0.055685143917798996,0.6040763258934021,0.7197631001472473,16672
Movies,42,relation_operation_history,head3,V1,0.02593943476676941,0.03783029317855835,0.0310616884380579,0.01171028707176447,0.07396126538515091,0.08858755975961685,16672
Movies,42,relation_operation_history,head3,V2,0.22471292316913605,0.6646406054496765,0.7269068956375122,0.3150443434715271,0.9067915081977844,0.9390295743942261,16672
Movies,42,relation_operation_history,mean,T0,0.030643872916698456,0.01895969547331333,0.006427044980227947,0.0005996065447106957,0.05351174995303154,0.07301482558250427,16672
Movies,42,relation_operation_history,mean,T1,0.007449751254171133,0.0044550844468176365,0.0013851551339030266,0.00012465236068237573,0.013418138958513737,0.02006320096552372,16672
Movies,42,relation_operation_history,mean,T2,0.03801024705171585,0.02495163306593895,0.008151564747095108,0.0007173926569521427,0.07785248756408691,0.10875386744737625,16672
Movies,42,relation_operation_history,mean,V0,0.151397243142128,0.27527573704719543,0.24243885278701782,0.10913370549678802,0.49351978302001953,0.5749349594116211,16672
Movies,42,relation_operation_history,mean,V1,0.02620968036353588,0.048738621175289154,0.04317431524395943,0.020098431035876274,0.08543810993432999,0.09916991740465164,16672
Movies,42,relation_operation_history,mean,V2,0.16291090846061707,0.6276192665100098,0.6404460072517395,0.4037953019142151,0.8285863399505615,0.8672360777854919,16672
Movies,43,state_history,head0,T0,0.02172616310417652,0.0075322166085243225,0.0005816632183268666,8.819572030915879e-06,0.018637707456946373,0.039625804871320724,16672
Movies,43,state_history,head0,T1,0.012209094129502773,0.00345779350027442,0.00023861044610384852,3.7407469335448695e-06,0.0073186797089874744,0.01638728566467762,16672
Movies,43,state_history,head0,T2,0.030934350565075874,0.010690226219594479,0.001131021068431437,2.442095683363732e-05,0.02511204406619072,0.053240083158016205,16672
Movies,43,state_history,head0,V0,0.13572929799556732,0.15178494155406952,0.10948561877012253,0.015403134748339653,0.34959766268730164,0.4259174168109894,16672
Movies,43,state_history,head0,V1,0.05363140627741814,0.06570201367139816,0.05263086408376694,0.009349809028208256,0.13920754194259644,0.17209194600582123,16672
Movies,43,state_history,head0,V2,0.1884172409772873,0.7608327269554138,0.80482017993927,0.4785662591457367,0.970784068107605,0.983671247959137,16672
Movies,43,state_history,head1,T0,0.056702226400375366,0.026161208748817444,0.0039463946595788,0.00019785240874625742,0.07973235100507736,0.15288245677947998,16672
Movies,43,state_history,head1,T1,0.05223364010453224,0.02101072296500206,0.0019752485677599907,6.681471859337762e-05,0.06033683940768242,0.12583035230636597,16672
Movies,43,state_history,head1,T2,0.07682527601718903,0.03697672858834267,0.005734759382903576,0.0002677365264389664,0.11476707458496094,0.2152448445558548,16672
Movies,43,state_history,head1,V0,0.16371232271194458,0.21456404030323029,0.17031370103359222,0.052076131105422974,0.4433355927467346,0.5586848855018616,16672
Movies,43,state_history,head1,V1,0.08730713278055191,0.15722577273845673,0.14357894659042358,0.05525851994752884,0.2784053385257721,0.320306658744812,16672
Movies,43,state_history,head1,V2,0.20554181933403015,0.544061541557312,0.5690776109695435,0.2463519275188446,0.7956245541572571,0.8455052375793457,16672
Movies,43,state_history,head2,T0,0.05055873468518257,0.021086320281028748,0.002328692702576518,2.6114446882274933e-05,0.06039981171488762,0.11290108412504196,16672
Movies,43,state_history,head2,T1,0.023194845765829086,0.008399813435971737,0.0005212044343352318,3.5904486139770597e-06,0.0224402267485857,0.04651406779885292,16672
Movies,43,state_history,head2,T2,0.08688456565141678,0.037107571959495544,0.0038491799496114254,3.2905129046412185e-05,0.10845895856618881,0.20315444469451904,16672
Movies,43,state_history,head2,V0,0.19018985331058502,0.23075684905052185,0.17546644806861877,0.04195891320705414,0.5064668655395508,0.6260120868682861,16672
Movies,43,state_history,head2,V1,0.041670482605695724,0.04875282570719719,0.03667646646499634,0.009259051643311977,0.10551023483276367,0.13295665383338928,16672
Movies,43,state_history,head2,V2,0.23835958540439606,0.6538966298103333,0.7046422958374023,0.2874086797237396,0.927230179309845,0.9558829069137573,16672
Movies,43,state_history,head3,T0,0.06333483755588531,0.027545860037207603,0.002206523437052965,1.176601836050395e-05,0.08429784327745438,0.15602631866931915,16672
Movies,43,state_history,head3,T1,0.03564073517918587,0.01414600107818842,0.0006264231051318347,2.643026846271823e-06,0.04305260628461838,0.09043817967176437,16672
Movies,43,state_history,head3,T2,0.09632997959852219,0.04371124133467674,0.0033169377129524946,1.9259679902461357e-05,0.14603321254253387,0.27145829796791077,16672
Movies,43,state_history,head3,V0,0.18189270794391632,0.2611997723579407,0.2215127944946289,0.06148988753557205,0.5204572081565857,0.6181297302246094,16672
Movies,43,state_history,head3,V1,0.0767085999250412,0.09134646505117416,0.07000111788511276,0.019278472289443016,0.190351203083992,0.24868987500667572,16672
Movies,43,state_history,head3,V2,0.24048632383346558,0.5620506405830383,0.5768860578536987,0.21817974746227264,0.874489426612854,0.9213577508926392,16672
Movies,43,state_history,mean,T0,0.029704593122005463,0.020581403747200966,0.007920988835394382,0.0006124890642240644,0.05828934162855148,0.08237708359956741,16672
Movies,43,state_history,mean,T1,0.019438952207565308,0.011753582395613194,0.003324217163026333,0.00022859411546960473,0.03652508184313774,0.053728118538856506,16672
Movies,43,state_history,mean,T2,0.04272545501589775,0.0321214385330677,0.013012605719268322,0.0010462559293955564,0.09538371115922928,0.12613821029663086,16672
Movies,43,state_history,mean,V0,0.12033668905496597,0.21457640826702118,0.19647276401519775,0.07624924927949905,0.3760172426700592,0.44370993971824646,16672
Movies,43,state_history,mean,V1,0.04235875606536865,0.09075677394866943,0.08348709344863892,0.04362622648477554,0.14845333993434906,0.17099620401859283,16672
Movies,43,state_history,mean,V2,0.14996255934238434,0.6302103996276855,0.6416484117507935,0.42628228664398193,0.8179502487182617,0.8554059863090515,16672
Movies,43,operation_history,head0,T0,0.012322631664574146,0.0030222171917557716,0.00017212115926668048,4.463427558221156e-06,0.00547200720757246,0.014297631569206715,16672
Movies,43,operation_history,head0,T1,0.003336559981107712,0.0006086624343879521,2.1158946765353903e-05,4.866837457484507e-07,0.0008067015442065895,0.002298646839335561,16672
Movies,43,operation_history,head0,T2,0.01031580287963152,0.0023459584917873144,0.00011030257883248851,3.0703617994731758e-06,0.0036379070952534676,0.009987002238631248,16672
Movies,43,operation_history,head0,V0,0.09075243026018143,0.10134347528219223,0.07514028996229172,0.018381712958216667,0.2185889482498169,0.2834765613079071,16672
Movies,43,operation_history,head0,V1,0.05241851881146431,0.05470002070069313,0.0390469916164875,0.006550443358719349,0.12526750564575195,0.15935158729553223,16672
Movies,43,operation_history,head0,V2,0.12848658859729767,0.8379796147346497,0.871630072593689,0.6569189429283142,0.9689415097236633,0.979721188545227,16672
Movies,43,operation_history,head1,T0,0.019011329859495163,0.004263305105268955,0.0001598884555278346,2.0830741505051265e-06,0.008086434565484524,0.019302302971482277,16672
Movies,43,operation_history,head1,T1,0.0018309415318071842,0.0003593146102502942,9.886625775834545e-06,1.1489665752151268e-07,0.0005918115493841469,0.0015246832044795156,16672
Movies,43,operation_history,head1,T2,0.009893820621073246,0.0024231267161667347,0.00010930566349998116,1.6402768778789323e-06,0.0050301626324653625,0.01140349917113781,16672
Movies,43,operation_history,head1,V0,0.2403242141008377,0.27060040831565857,0.19090867042541504,0.03123476728796959,0.6600737571716309,0.7833987474441528,16672
Movies,43,operation_history,head1,V1,0.039474859833717346,0.040020234882831573,0.027522467076778412,0.006561353337019682,0.09045444428920746,0.11864800751209259,16672
Movies,43,operation_history,head1,V2,0.24265946447849274,0.6823335886001587,0.748212456703186,0.29388248920440674,0.9438245892524719,0.9668664932250977,16672
Movies,43,operation_history,head2,T0,0.038166794925928116,0.013216801919043064,0.0012655322207137942,2.8353106245049275e-05,0.03284912183880806,0.06699392944574356,16672
Movies,43,operation_history,head2,T1,0.0081196753308177,0.0018343598349019885,5.591439548879862e-05,7.532350991823478e-07,0.0030541482847183943,0.008206249214708805,16672
Movies,43,operation_history,head2,T2,0.024256506934762,0.006539453752338886,0.00035670478246174753,6.095871412981069e-06,0.012880675494670868,0.03141757473349571,16672
Movies,43,operation_history,head2,V0,0.22840367257595062,0.31261613965034485,0.2556847035884857,0.06229303032159805,0.6575316190719604,0.7738364934921265,16672
Movies,43,operation_history,head2,V1,0.04495864734053612,0.049449771642684937,0.03529595211148262,0.008650391362607479,0.11109629273414612,0.14212629199028015,16672
Movies,43,operation_history,head2,V2,0.23749254643917084,0.6163434982299805,0.6571974158287048,0.26241692900657654,0.9031965136528015,0.9387983083724976,16672
Movies,43,operation_history,head3,T0,0.04474925622344017,0.01911022700369358,0.0025955603923648596,6.763638521078974e-05,0.05342293530702591,0.09621117264032364,16672
Movies,43,operation_history,head3,T1,0.01244809664785862,0.004134417045861483,0.00024796288926154375,4.367045676190173e-06,0.010163664817810059,0.023177189752459526,16672
Movies,43,operation_history,head3,T2,0.03441173955798149,0.012942753732204437,0.0011533205397427082,2.311540811206214e-05,0.035424020141363144,0.06957890093326569,16672
Movies,43,operation_history,head3,V0,0.22159996628761292,0.39245057106018066,0.3533281087875366,0.1307961642742157,0.7237800359725952,0.8180689811706543,16672
Movies,43,operation_history,head3,V1,0.05268583819270134,0.06339824199676514,0.048290424048900604,0.01552166510373354,0.13066284358501434,0.17236396670341492,16672
Movies,43,operation_history,head3,V2,0.2231760025024414,0.5079637765884399,0.5200691223144531,0.19270481169223785,0.8027619123458862,0.8605796694755554,16672
Movies,43,operation_history,mean,T0,0.018524454906582832,0.009903138503432274,0.0023766630329191685,0.0001075544350896962,0.0285683311522007,0.04698529839515686,16672
Movies,43,operation_history,mean,T1,0.004589375574141741,0.001734188525006175,0.00020402092195581645,8.232503205363173e-06,0.004557631444185972,0.009173803962767124,16672
Movies,43,operation_history,mean,T2,0.012925222516059875,0.006062823347747326,0.0010975584154948592,4.891895514447242e-05,0.01761213131248951,0.031078137457370758,16672
Movies,43,operation_history,mean,V0,0.15525352954864502,0.26925262808799744,0.2383175492286682,0.0953836739063263,0.4964704215526581,0.5730541348457336,16672
Movies,43,operation_history,mean,V1,0.03780144080519676,0.05189206823706627,0.04145048186182976,0.01464278157800436,0.1042708083987236,0.12866879999637604,16672
Movies,43,operation_history,mean,V2,0.16647794842720032,0.6611551642417908,0.6801183223724365,0.4267326593399048,0.8672382235527039,0.9031612277030945,16672
Movies,43,relation_operation_history,head0,T0,0.014222772791981697,0.004578281659632921,0.0005773876328021288,2.8215290512889624e-05,0.010370546020567417,0.022249160334467888,16672
Movies,43,relation_operation_history,head0,T1,0.006555094849318266,0.001763210166245699,0.00022565170365851372,1.2017114386253525e-05,0.0035360208712518215,0.007419661618769169,16672
Movies,43,relation_operation_history,head0,T2,0.015447781421244144,0.005035437177866697,0.0006825595046393573,3.727954754140228e-05,0.011249753646552563,0.02351992018520832,16672
Movies,43,relation_operation_history,head0,V0,0.10427901893854141,0.10645061731338501,0.07266922295093536,0.01400013267993927,0.24908067286014557,0.32813987135887146,16672
Movies,43,relation_operation_history,head0,V1,0.07806561887264252,0.08619048446416855,0.06172466278076172,0.015238270163536072,0.19173680245876312,0.24571596086025238,16672
Movies,43,relation_operation_history,head0,V2,0.16374637186527252,0.7959819436073303,0.8443201780319214,0.5465866923332214,0.9623949527740479,0.9754289984703064,16672
Movies,43,relation_operation_history,head1,T0,0.18599443137645721,0.2142689973115921,0.16527995467185974,0.02063288353383541,0.4890376925468445,0.5971812009811401,16672
Movies,43,relation_operation_history,head1,T1,0.07022697478532791,0.07909329980611801,0.05893468111753464,0.011121408082544804,0.1759195625782013,0.22284550964832306,16672
Movies,43,relation_operation_history,head1,T2,0.0889478251338005,0.12493404746055603,0.1093965619802475,0.018977828323841095,0.2549801468849182,0.289397656917572,16672
Movies,43,relation_operation_history,head1,V0,0.120920330286026,0.20294949412345886,0.18557511270046234,0.06002476438879967,0.36808446049690247,0.4223613440990448,16672
Movies,43,relation_operation_history,head1,V1,0.08361807465553284,0.1331835389137268,0.1244148313999176,0.029692254960536957,0.2491695135831833,0.2859818935394287,16672
Movies,43,relation_operation_history,head1,V2,0.16411684453487396,0.24557064473628998,0.22492992877960205,0.04335501417517662,0.47590172290802,0.5375283360481262,16672
Movies,43,relation_operation_history,head2,T0,0.027668746188282967,0.01139985490590334,0.0022481116466224194,0.00011324949446134269,0.02886306308209896,0.05403873696923256,16672
Movies,43,relation_operation_history,head2,T1,0.007153675891458988,0.0014049267629161477,0.0001160328829428181,4.077856374351541e-06,0.0024083873722702265,0.005315378773957491,16672
Movies,43,relation_operation_history,head2,T2,0.01611715741455555,0.005754238460212946,0.0009408995974808931,4.1775590943871066e-05,0.013786178082227707,0.02674599178135395,16672
Movies,43,relation_operation_history,head2,V0,0.2325873225927353,0.38403427600860596,0.3571975529193878,0.08851002156734467,0.7260642647743225,0.7955605983734131,16672
Movies,43,relation_operation_history,head2,V1,0.03555215522646904,0.03503032028675079,0.023453019559383392,0.005569843575358391,0.07902653515338898,0.10681117326021194,16672
Movies,43,relation_operation_history,head2,V2,0.24520806968212128,0.5623763799667358,0.5782660245895386,0.21235391497612,0.8850276470184326,0.9259904026985168,16672
Movies,43,relation_operation_history,head3,T0,0.02316242828965187,0.007211053278297186,0.0006701899692416191,1.6695579688530415e-05,0.016643213108181953,0.03336251527070999,16672
Movies,43,relation_operation_history,head3,T1,0.007313535548746586,0.0011655609123408794,2.9507491490221582e-05,7.139527724575601e-07,0.0014270272804424167,0.004031808115541935,16672
Movies,43,relation_operation_history,head3,T2,0.01291112881153822,0.0037510714028030634,0.0002209261292591691,4.956590601068456e-06,0.008185161277651787,0.01888907700777054,16672
Movies,43,relation_operation_history,head3,V0,0.25029799342155457,0.6405885219573975,0.6866618990898132,0.2629488706588745,0.9368276596069336,0.9609059691429138,16672
Movies,43,relation_operation_history,head3,V1,0.03036872297525406,0.024776309728622437,0.013472922146320343,0.0032655929680913687,0.062268804758787155,0.08688536286354065,16672
Movies,43,relation_operation_history,head3,V2,0.23916426301002502,0.32250750064849854,0.2713291049003601,0.0513269267976284,0.6854576468467712,0.7929182648658752,16672
Movies,43,relation_operation_history,mean,T0,0.04977695643901825,0.05936454236507416,0.04674341529607773,0.007312198635190725,0.13075582683086395,0.16061550378799438,16672
Movies,43,relation_operation_history,mean,T1,0.01831342838704586,0.02085675112903118,0.015603139996528625,0.0032094460912048817,0.045842450112104416,0.05833105370402336,16672
Movies,43,relation_operation_history,mean,T2,0.0237810630351305,0.034868694841861725,0.031069321557879448,0.006552166771143675,0.0688253790140152,0.07861657440662384,16672
Movies,43,relation_operation_history,mean,V0,0.13462196290493011,0.33350569009780884,0.3344383239746094,0.15103480219841003,0.5109776258468628,0.5501745343208313,16672
Movies,43,relation_operation_history,mean,V1,0.04027029499411583,0.0697951689362526,0.06160777062177658,0.027875935658812523,0.12023714929819107,0.14772818982601166,16672
Movies,43,relation_operation_history,mean,V2,0.14395803213119507,0.48160916566848755,0.4834812581539154,0.29189005494117737,0.6664060950279236,0.7177519202232361,16672
Movies,44,state_history,head0,T0,0.10026370733976364,0.10804637521505356,0.07353327423334122,0.006454722490161657,0.2590827941894531,0.30127832293510437,16672
Movies,44,state_history,head0,T1,0.09587068110704422,0.08525609970092773,0.041937511414289474,0.0028074532747268677,0.23978358507156372,0.2872799038887024,16672
Movies,44,state_history,head0,T2,0.08677823841571808,0.08426804840564728,0.0496726855635643,0.0037172676529735327,0.21807034313678741,0.25905221700668335,16672
Movies,44,state_history,head0,V0,0.12154049426317215,0.2448176145553589,0.23762783408164978,0.08591075986623764,0.40604346990585327,0.45854538679122925,16672
Movies,44,state_history,head0,V1,0.06713654100894928,0.17018157243728638,0.17029695212841034,0.0817529708147049,0.2546181082725525,0.28062108159065247,16672
Movies,44,state_history,head0,V2,0.16346430778503418,0.30743035674095154,0.3140866458415985,0.08148572593927383,0.5236493945121765,0.5744622945785522,16672
Movies,44,state_history,head1,T0,0.008814106695353985,0.0035709429066628218,0.0007254076190292835,2.580785621830728e-05,0.008955915458500385,0.016838423907756805,16672
Movies,44,state_history,head1,T1,0.012118212878704071,0.004924571607261896,0.0008790798019617796,4.678931145463139e-05,0.012844189070165157,0.025325721129775047,16672
Movies,44,state_history,head1,T2,0.08919753134250641,0.0414653979241848,0.009042426943778992,0.0007761861779727042,0.11157630383968353,0.20476867258548737,16672
Movies,44,state_history,head1,V0,0.24369150400161743,0.2368517816066742,0.1348671317100525,0.014643884263932705,0.6423060297966003,0.757081151008606,16672
Movies,44,state_history,head1,V1,0.03975479304790497,0.05261703208088875,0.04310814291238785,0.012245452031493187,0.10542936623096466,0.130919948220253,16672
Movies,44,state_history,head1,V2,0.2574859857559204,0.6605702638626099,0.722993016242981,0.263596773147583,0.9523254036903381,0.9732043743133545,16672
Movies,44,state_history,head2,T0,0.08967626839876175,0.11009416729211807,0.08455211669206619,0.017270883545279503,0.24543319642543793,0.28622978925704956,16672
Movies,44,state_history,head2,T1,0.06352739036083221,0.07728506624698639,0.05846280977129936,0.012060785666108131,0.17474456131458282,0.20702576637268066,16672
Movies,44,state_history,head2,T2,0.10212605446577072,0.1102675274014473,0.07466128468513489,0.015427046455442905,0.26448094844818115,0.32884475588798523,16672
Movies,44,state_history,head2,V0,0.11238665878772736,0.23581954836845398,0.23335811495780945,0.08819321542978287,0.3837263584136963,0.4278939366340637,16672
Movies,44,state_history,head2,V1,0.07173917442560196,0.19317179918289185,0.19739750027656555,0.09329534322023392,0.2821783423423767,0.3049505352973938,16672
Movies,44,state_history,head2,V2,0.13168500363826752,0.2733618915081024,0.27115398645401,0.09509254992008209,0.44900691509246826,0.4891708195209503,16672
Movies,44,state_history,head3,T0,0.013514979742467403,0.0066428156569600105,0.0021921556908637285,0.00019829050870612264,0.016719402745366096,0.027667632326483727,16672
Movies,44,state_history,head3,T1,0.005461117252707481,0.0022718431428074837,0.0005050132749602199,3.287665458628908e-05,0.005679521709680557,0.010187163017690182,16672
Movies,44,state_history,head3,T2,0.011177989654242992,0.004910056479275227,0.0012147920206189156,8.144087041728199e-05,0.01268808078020811,0.021528298035264015,16672
Movies,44,state_history,head3,V0,0.17986419796943665,0.5902986526489258,0.5853527188301086,0.3499910831451416,0.8449010252952576,0.886138916015625,16672
Movies,44,state_history,head3,V1,0.04508385434746742,0.08576367795467377,0.07727040350437164,0.03477659448981285,0.1501777023077011,0.17134708166122437,16672
Movies,44,state_history,head3,V2,0.1468966156244278,0.31011295318603516,0.30956482887268066,0.10804039984941483,0.5061863660812378,0.5516738891601562,16672
Movies,44,state_history,mean,T0,0.03354065120220184,0.057088568806648254,0.05432802811264992,0.015270143747329712,0.10165111720561981,0.11684839427471161,16672
Movies,44,state_history,mean,T1,0.0293368399143219,0.042434390634298325,0.03679848834872246,0.009377785958349705,0.0841752365231514,0.0982818752527237,16672
Movies,44,state_history,mean,T2,0.03842747583985329,0.06022775545716286,0.054437458515167236,0.016018396243453026,0.11197811365127563,0.13220982253551483,16672
Movies,44,state_history,mean,V0,0.10435431450605392,0.326946884393692,0.31827312707901,0.19794854521751404,0.4732634425163269,0.5146886706352234,16672
Movies,44,state_history,mean,V1,0.030781786888837814,0.1254335194826126,0.12504160404205322,0.08642840385437012,0.16279973089694977,0.1760668009519577,16672
Movies,44,state_history,mean,V2,0.09750938415527344,0.38786888122558594,0.39425918459892273,0.2533126175403595,0.5115684866905212,0.543822169303894,16672
Movies,44,operation_history,head0,T0,0.1276749223470688,0.11525678634643555,0.0656786561012268,0.005888836458325386,0.29933926463127136,0.38233092427253723,16672
Movies,44,operation_history,head0,T1,0.08778969198465347,0.07158050686120987,0.03322231397032738,0.002500627189874649,0.20257176458835602,0.2664097547531128,16672
Movies,44,operation_history,head0,T2,0.106056347489357,0.09483575075864792,0.05019405484199524,0.00431622751057148,0.26030096411705017,0.32298773527145386,16672
Movies,44,operation_history,head0,V0,0.19663593173027039,0.27844297885894775,0.2351599931716919,0.060333285480737686,0.5678391456604004,0.6848364472389221,16672
Movies,44,operation_history,head0,V1,0.09955964237451553,0.1648627519607544,0.15412628650665283,0.04069150239229202,0.3016952872276306,0.3438672423362732,16672
Movies,44,operation_history,head0,V2,0.1646641194820404,0.27502119541168213,0.266323447227478,0.060168419033288956,0.504098653793335,0.5602972507476807,16672
Movies,44,operation_history,head1,T0,0.09883642196655273,0.06434110552072525,0.0186116024851799,0.0006405972526408732,0.20313651859760284,0.2855933904647827,16672
Movies,44,operation_history,head1,T1,0.03365068510174751,0.014806479215621948,0.0018704042304307222,2.966541433124803e-05,0.044453300535678864,0.07887282967567444,16672
Movies,44,operation_history,head1,T2,0.09121464937925339,0.05181604623794556,0.0115724578499794,0.0003491787356324494,0.165037140250206,0.2481430619955063,16672
Movies,44,operation_history,head1,V0,0.24609807133674622,0.35349684953689575,0.3155142068862915,0.05172314867377281,0.7175456881523132,0.8089831471443176,16672
Movies,44,operation_history,head1,V1,0.04558204486966133,0.047039277851581573,0.0332106351852417,0.00812698993831873,0.10232831537723541,0.1385485678911209,16672
Movies,44,operation_history,head1,V2,0.27477315068244934,0.4685002267360687,0.43606892228126526,0.12092068046331406,0.884429931640625,0.9460526704788208,16672
Movies,44,operation_history,head2,T0,0.1512911170721054,0.1384468823671341,0.07594994455575943,0.006068713031709194,0.37249159812927246,0.45222970843315125,16672
Movies,44,operation_history,head2,T1,0.05127541348338127,0.045243024826049805,0.02441987954080105,0.0018804256105795503,0.12097315490245819,0.15053729712963104,16672
Movies,44,operation_history,head2,T2,0.12127544730901718,0.10023120790719986,0.047492869198322296,0.0035490673035383224,0.2884475886821747,0.37039560079574585,16672
Movies,44,operation_history,head2,V0,0.18614916503429413,0.31500163674354553,0.2919362783432007,0.08310192823410034,0.5811036229133606,0.6557326912879944,16672
Movies,44,operation_history,head2,V1,0.07400945574045181,0.1197088360786438,0.11139069497585297,0.028512410819530487,0.2160564810037613,0.2512871026992798,16672
Movies,44,operation_history,head2,V2,0.18261723220348358,0.28136834502220154,0.2630888819694519,0.04693072289228439,0.5407676696777344,0.6109717488288879,16672
Movies,44,operation_history,head3,T0,0.0588613860309124,0.026605313643813133,0.0051311710849404335,0.00020065161515958607,0.07432112842798233,0.13100464642047882,16672
Movies,44,operation_history,head3,T1,0.037468813359737396,0.011278354562819004,0.0006068317452445626,1.0281877621309832e-05,0.025021350011229515,0.05829766392707825,16672
Movies,44,operation_history,head3,T2,0.04972974956035614,0.019518697634339333,0.002156959380954504,5.7351659052073956e-05,0.05231394246220589,0.10582484304904938,16672
Movies,44,operation_history,head3,V0,0.2522163987159729,0.42804935574531555,0.3868881165981293,0.1197601929306984,0.8048205375671387,0.878082811832428,16672
Movies,44,operation_history,head3,V1,0.06277940422296524,0.07503676414489746,0.05662273243069649,0.014764835126698017,0.16100920736789703,0.20264646410942078,16672
Movies,44,operation_history,head3,V2,0.2257215976715088,0.4395115077495575,0.4407106935977936,0.12909506261348724,0.7452833652496338,0.8039479851722717,16672
Movies,44,operation_history,mean,T0,0.06769055873155594,0.0861625224351883,0.06999173015356064,0.01715438812971115,0.17741703987121582,0.22331102192401886,16672
Movies,44,operation_history,mean,T1,0.03153034672141075,0.035727087408304214,0.027197975665330887,0.0056639909744262695,0.07679324597120285,0.09672891348600388,16672
Movies,44,operation_history,mean,T2,0.050862789154052734,0.06660042703151703,0.0547356940805912,0.012377743609249592,0.13702137768268585,0.16489072144031525,16672
Movies,44,operation_history,mean,V0,0.1476346105337143,0.34374770522117615,0.3295239806175232,0.16040797531604767,0.548441469669342,0.6104516983032227,16672
Movies,44,operation_history,mean,V1,0.03787282109260559,0.10166190564632416,0.09760376065969467,0.05589911341667175,0.1518942266702652,0.17051029205322266,16672
Movies,44,operation_history,mean,V2,0.14062657952308655,0.3661003112792969,0.36343473196029663,0.18131838738918304,0.5578724145889282,0.6010285019874573,16672
Movies,44,relation_operation_history,head0,T0,0.0814434066414833,0.030407268553972244,0.0011285895016044378,6.581456091225846e-06,0.09080954641103745,0.18032634258270264,16672
Movies,44,relation_operation_history,head0,T1,0.05246305093169212,0.014893078245222569,7.741287117823958e-05,3.6263580227569037e-07,0.028468266129493713,0.09556259214878082,16672
Movies,44,relation_operation_history,head0,T2,0.07331221550703049,0.02413228712975979,0.00031836581183597445,2.372258677496575e-06,0.06139004975557327,0.16437268257141113,16672
Movies,44,relation_operation_history,head0,V0,0.23221039772033691,0.2810896337032318,0.21070697903633118,0.041171107441186905,0.6467777490615845,0.7617422938346863,16672
Movies,44,relation_operation_history,head0,V1,0.04640670493245125,0.04831530153751373,0.033811792731285095,0.012569362297654152,0.10055240988731384,0.1414753794670105,16672
Movies,44,relation_operation_history,head0,V2,0.26667657494544983,0.6011624932289124,0.6529135704040527,0.18816013634204865,0.9181205630302429,0.9460328817367554,16672
Movies,44,relation_operation_history,head1,T0,0.10779357701539993,0.06100152060389519,0.014039059169590473,0.00044712499948218465,0.19310057163238525,0.3126244843006134,16672
Movies,44,relation_operation_history,head1,T1,0.02772451378405094,0.011582928709685802,0.001679084962233901,4.732247907668352e-05,0.03217628598213196,0.05684809014201164,16672
Movies,44,relation_operation_history,head1,T2,0.06064226105809212,0.03311864286661148,0.006953726522624493,0.0001845029037212953,0.10534010082483292,0.16772714257240295,16672
Movies,44,relation_operation_history,head1,V0,0.2382419854402542,0.34476861357688904,0.30255505442619324,0.064183808863163,0.7011091113090515,0.7818174958229065,16672
Movies,44,relation_operation_history,head1,V1,0.03978016600012779,0.053886789828538895,0.04307899996638298,0.01560599822551012,0.10743114352226257,0.1343499720096588,16672
Movies,44,relation_operation_history,head1,V2,0.274756520986557,0.4956414997577667,0.48933857679367065,0.12371282279491425,0.8711013197898865,0.913677990436554,16672
Movies,44,relation_operation_history,head2,T0,0.18435819447040558,0.18184220790863037,0.10714295506477356,0.006686603184789419,0.47714462876319885,0.5366252660751343,16672
Movies,44,relation_operation_history,head2,T1,0.042503368109464645,0.04387900233268738,0.02934863790869713,0.0023981102276593447,0.10856256633996964,0.12540403008460999,16672
Movies,44,relation_operation_history,head2,T2,0.11330148577690125,0.10596480220556259,0.05977875739336014,0.0043216850608587265,0.2900610566139221,0.34875622391700745,16672
Movies,44,relation_operation_history,head2,V0,0.1466732621192932,0.22847989201545715,0.21030385792255402,0.047693196684122086,0.4327701926231384,0.49492138624191284,16672
Movies,44,relation_operation_history,head2,V1,0.08191101998090744,0.12487635016441345,0.11900026351213455,0.01834789104759693,0.23259708285331726,0.2743736207485199,16672
Movies,44,relation_operation_history,head2,V2,0.2078242003917694,0.31495776772499084,0.3071061372756958,0.03370968997478485,0.6017894148826599,0.6686969995498657,16672
Movies,44,relation_operation_history,head3,T0,0.02035992592573166,0.005164524540305138,0.00011670748062897474,7.826299679436488e-07,0.00977512076497078,0.02741887979209423,16672
Movies,44,relation_operation_history,head3,T1,0.02056157775223255,0.00308990734629333,2.099687208101386e-06,5.008096159997422e-09,0.001410319353453815,0.008126519620418549,16672
Movies,44,relation_operation_history,head3,T2,0.02239137329161167,0.004305974114686251,8.234421329689212e-06,2.6410372555574213e-08,0.0036485602613538504,0.017305465415120125,16672
Movies,44,relation_operation_history,head3,V0,0.3061109781265259,0.5271986126899719,0.5338051915168762,0.10567687451839447,0.9440492987632751,0.9735680222511292,16672
Movies,44,relation_operation_history,head3,V1,0.06121179088950157,0.041786178946495056,0.018363919109106064,0.002491577062755823,0.11424574255943298,0.18223224580287933,16672
Movies,44,relation_operation_history,head3,V2,0.2738719582557678,0.41845473647117615,0.40855148434638977,0.0502006933093071,0.7959962487220764,0.852796196937561,16672
Movies,44,relation_operation_history,mean,T0,0.06795652210712433,0.06960387527942657,0.04658582806587219,0.005222780164331198,0.1634538769721985,0.2044413983821869,16672
Movies,44,relation_operation_history,mean,T1,0.02439611777663231,0.018361231312155724,0.011556824669241905,0.0012585367076098919,0.038751617074012756,0.055387817323207855,16672
Movies,44,relation_operation_history,mean,T2,0.04445965588092804,0.041880425065755844,0.026186972856521606,0.0028880818281322718,0.10302077233791351,0.1303238868713379,16672
Movies,44,relation_operation_history,mean,V0,0.16855750977993011,0.3453841507434845,0.34051594138145447,0.12129908800125122,0.5740736126899719,0.6337407231330872,16672
Movies,44,relation_operation_history,mean,V1,0.04251403734087944,0.06721615046262741,0.057570405304431915,0.02333480305969715,0.12334273010492325,0.15231414139270782,16672
Movies,44,relation_operation_history,mean,V2,0.18995162844657898,0.4575541615486145,0.44932711124420166,0.21560244262218475,0.7214065194129944,0.7749407291412354,16672
Grocery,42,state_history,head0,T0,0.1044769436120987,0.05366487056016922,0.006101226434111595,5.123771552462131e-05,0.1820877194404602,0.28851622343063354,17074
Grocery,42,state_history,head0,T1,0.05460617318749428,0.03185352310538292,0.0049294354394078255,7.08760489942506e-05,0.10991902649402618,0.15688809752464294,17074
Grocery,42,state_history,head0,T2,0.2008722871541977,0.11375375092029572,0.019333478063344955,0.000545191636774689,0.39438188076019287,0.6298500299453735,17074
Grocery,42,state_history,head0,V0,0.16823531687259674,0.11782480031251907,0.04278593137860298,0.000962490332312882,0.36118844151496887,0.5049516558647156,17074
Grocery,42,state_history,head0,V1,0.07916735112667084,0.08218531310558319,0.06004142016172409,0.004272941034287214,0.19442573189735413,0.24039137363433838,17074
Grocery,42,state_history,head0,V2,0.34395846724510193,0.6007177829742432,0.7106138467788696,0.06072213873267174,0.9787623286247253,0.9903031587600708,17074
Grocery,42,state_history,head1,T0,0.08420774340629578,0.08124540746212006,0.052596911787986755,0.004849762190133333,0.19734536111354828,0.2502278685569763,17074
Grocery,42,state_history,head1,T1,0.10360867530107498,0.09512081742286682,0.05820760875940323,0.003432538593187928,0.2452765554189682,0.31964176893234253,17074
Grocery,42,state_history,head1,T2,0.29331427812576294,0.32761532068252563,0.2380487024784088,0.014635814353823662,0.7986636161804199,0.8818912506103516,17074
Grocery,42,state_history,head1,V0,0.07603142410516739,0.06884605437517166,0.04248197376728058,0.0034463456831872463,0.1718868911266327,0.22241796553134918,17074
Grocery,42,state_history,head1,V1,0.09757518768310547,0.09322790056467056,0.06051279604434967,0.0041825189255177975,0.2334132045507431,0.2975320816040039,17074
Grocery,42,state_history,head1,V2,0.28734007477760315,0.3339444398880005,0.25428667664527893,0.01918533816933632,0.7828550934791565,0.8607507348060608,17074
Grocery,42,state_history,head2,T0,0.06642043590545654,0.03861958160996437,0.010907947085797787,0.0003762132255360484,0.11429978162050247,0.17528820037841797,17074
Grocery,42,state_history,head2,T1,0.05482358857989311,0.041934866458177567,0.020379554480314255,0.0007722297450527549,0.11351310461759567,0.1592639684677124,17074
Grocery,42,state_history,head2,T2,0.2845185101032257,0.2594403326511383,0.13286569714546204,0.004595621954649687,0.754661500453949,0.8589808940887451,17074
Grocery,42,state_history,head2,V0,0.09679099917411804,0.0724775567650795,0.03296037018299103,0.0025253337807953358,0.2045695036649704,0.28300410509109497,17074
Grocery,42,state_history,head2,V1,0.09603685885667801,0.1006694883108139,0.07197210192680359,0.005121194291859865,0.24371911585330963,0.2942701578140259,17074
Grocery,42,state_history,head2,V2,0.30371126532554626,0.48685815930366516,0.49155503511428833,0.06511305272579193,0.8992555141448975,0.945379912853241,17074
Grocery,42,state_history,head3,T0,0.07940550893545151,0.043035995215177536,0.010901693254709244,0.0002605153131298721,0.12368360161781311,0.2080165147781372,17074
Grocery,42,state_history,head3,T1,0.06276242434978485,0.044780757278203964,0.017965223640203476,0.0005897872033528984,0.13061365485191345,0.18134182691574097,17074
Grocery,42,state_history,head3,T2,0.2650446593761444,0.21448799967765808,0.08757272362709045,0.0042419517412781715,0.67967289686203,0.8243963718414307,17074
Grocery,42,state_history,head3,V0,0.11975117027759552,0.08022479712963104,0.028734996914863586,0.0015804501017555594,0.23353448510169983,0.33587104082107544,17074
Grocery,42,state_history,head3,V1,0.09067549556493759,0.08960781991481781,0.05731687694787979,0.004172828048467636,0.22584053874015808,0.2742738723754883,17074
Grocery,42,state_history,head3,V2,0.3282330334186554,0.5278626084327698,0.5621895790100098,0.05450620502233505,0.9498969316482544,0.9775241017341614,17074
Grocery,42,state_history,mean,T0,0.05630169063806534,0.054141465574502945,0.035758502781391144,0.005909523461014032,0.12675748765468597,0.16892734169960022,17074
Grocery,42,state_history,mean,T1,0.041648831218481064,0.05342249199748039,0.043274566531181335,0.008880740031599998,0.11232169717550278,0.133522629737854,17074
Grocery,42,state_history,mean,T2,0.14654028415679932,0.22882437705993652,0.20998583734035492,0.047221750020980835,0.43682754039764404,0.47898054122924805,17074
Grocery,42,state_history,mean,V0,0.08954447507858276,0.08484330773353577,0.05269380658864975,0.00638890964910388,0.2137380838394165,0.27328720688819885,17074
Grocery,42,state_history,mean,V1,0.06796615570783615,0.09142263233661652,0.07967020571231842,0.012824500910937786,0.19012673199176788,0.22001656889915466,17074
Grocery,42,state_history,mean,V2,0.19036217033863068,0.48734575510025024,0.4859050512313843,0.23490287363529205,0.7381066083908081,0.8159018754959106,17074
Grocery,42,operation_history,head0,T0,0.10275905579328537,0.06754397600889206,0.022506244480609894,0.0008546806639060378,0.20040635764598846,0.289922833442688,17074
Grocery,42,operation_history,head0,T1,0.061970874667167664,0.038812484592199326,0.009480112232267857,0.0003334337961860001,0.1245121955871582,0.17302855849266052,17074
Grocery,42,operation_history,head0,T2,0.20006300508975983,0.13225799798965454,0.03533715009689331,0.0014407964190468192,0.4390445053577423,0.6217818856239319,17074
Grocery,42,operation_history,head0,V0,0.21686220169067383,0.2092490941286087,0.13067865371704102,0.008856099098920822,0.548155665397644,0.6873296499252319,17074
Grocery,42,operation_history,head0,V1,0.06522300094366074,0.07986925542354584,0.06604883819818497,0.008391986601054668,0.16861483454704285,0.20410341024398804,17074
Grocery,42,operation_history,head0,V2,0.30454111099243164,0.472267210483551,0.4819185137748718,0.054849401116371155,0.8865657448768616,0.9333838224411011,17074
Grocery,42,operation_history,head1,T0,0.08874482661485672,0.08185587078332901,0.052734263241291046,0.002461849944666028,0.2054087370634079,0.26700887084007263,17074
Grocery,42,operation_history,head1,T1,0.08437715470790863,0.08605736494064331,0.0625743567943573,0.0015129850944504142,0.21158328652381897,0.2554163932800293,17074
Grocery,42,operation_history,head1,T2,0.2941915690898895,0.3466235101222992,0.305283784866333,0.007268319372087717,0.7794629335403442,0.8459797501564026,17074
Grocery,42,operation_history,head1,V0,0.09471490234136581,0.0767110213637352,0.04050232470035553,0.0029196019750088453,0.2033400982618332,0.27558329701423645,17074
Grocery,42,operation_history,head1,V1,0.07974466681480408,0.07299837470054626,0.04526080936193466,0.0023331320844590664,0.18430529534816742,0.23765982687473297,17074
Grocery,42,operation_history,head1,V2,0.3050107955932617,0.335753858089447,0.24900975823402405,0.011091447435319424,0.8119575381278992,0.8930075168609619,17074
Grocery,42,operation_history,head2,T0,0.06362124532461166,0.040267810225486755,0.013580631464719772,0.0005054139182902873,0.11775898933410645,0.17203067243099213,17074
Grocery,42,operation_history,head2,T1,0.07383327931165695,0.04313233122229576,0.012902829796075821,0.00029483193065971136,0.1275263875722885,0.198160782456398,17074
Grocery,42,operation_history,head2,T2,0.3082778751850128,0.26081520318984985,0.09776107966899872,0.0023616082035005093,0.8058003783226013,0.8971392512321472,17074
Grocery,42,operation_history,head2,V0,0.13756771385669708,0.10836724936962128,0.05032329633831978,0.003041293937712908,0.30913087725639343,0.40946102142333984,17074
Grocery,42,operation_history,head2,V1,0.06383831053972244,0.06139600649476051,0.04163942113518715,0.0024071952793747187,0.14829528331756592,0.18830102682113647,17074
Grocery,42,operation_history,head2,V2,0.33345726132392883,0.48602136969566345,0.4999158978462219,0.02472364902496338,0.9234996438026428,0.9580526351928711,17074
Grocery,42,operation_history,head3,T0,0.07123252749443054,0.04109228029847145,0.009617858566343784,0.0001569237356306985,0.12882237136363983,0.19651958346366882,17074
Grocery,42,operation_history,head3,T1,0.05397764593362808,0.02933669090270996,0.006405845284461975,9.90598855423741e-05,0.08587540686130524,0.13570986688137054,17074
Grocery,42,operation_history,head3,T2,0.252229243516922,0.17661437392234802,0.044342733919620514,0.0012841299176216125,0.6327714920043945,0.779926061630249,17074
Grocery,42,operation_history,head3,V0,0.17427781224250793,0.12869161367416382,0.053806744515895844,0.003512543858960271,0.36757785081863403,0.5258739590644836,17074
Grocery,42,operation_history,head3,V1,0.07124462723731995,0.06329944729804993,0.03668646514415741,0.003000041702762246,0.16431154310703278,0.20940092206001282,17074
Grocery,42,operation_history,head3,V2,0.3360868990421295,0.5609655976295471,0.6233782768249512,0.05237487331032753,0.965613067150116,0.984455943107605,17074
Grocery,42,operation_history,mean,T0,0.05301306024193764,0.057689983397722244,0.041680190712213516,0.009390450082719326,0.12688341736793518,0.16316291689872742,17074
Grocery,42,operation_history,mean,T1,0.03925512731075287,0.04933471605181694,0.04006044939160347,0.008316612802445889,0.10177593678236008,0.12587760388851166,17074
Grocery,42,operation_history,mean,T2,0.13954108953475952,0.2290777713060379,0.22131025791168213,0.04387558251619339,0.41255247592926025,0.46527910232543945,17074
Grocery,42,operation_history,mean,V0,0.11420822143554688,0.130754753947258,0.09796552360057831,0.0165373757481575,0.29594841599464417,0.3639855682849884,17074
Grocery,42,operation_history,mean,V1,0.0477045476436615,0.06939076632261276,0.06160804256796837,0.01396927796304226,0.13424557447433472,0.15744295716285706,17074
Grocery,42,operation_history,mean,V2,0.19141694903373718,0.46375203132629395,0.45326635241508484,0.22127194702625275,0.727235734462738,0.8015438914299011,17074
Grocery,42,relation_operation_history,head0,T0,0.1345290094614029,0.10924164205789566,0.05706620588898659,0.002681814366951585,0.29560765624046326,0.4029921889305115,17074
Grocery,42,relation_operation_history,head0,T1,0.08853020519018173,0.062078431248664856,0.02759067714214325,0.0008881898829713464,0.1719314604997635,0.25101661682128906,17074
Grocery,42,relation_operation_history,head0,T2,0.25483015179634094,0.2262975424528122,0.11395939439535141,0.0048835729248821735,0.6563860774040222,0.7859503626823425,17074
Grocery,42,relation_operation_history,head0,V0,0.22291618585586548,0.18752221763134003,0.09377674758434296,0.005375765264034271,0.5365522503852844,0.7056198716163635,17074
Grocery,42,relation_operation_history,head0,V1,0.07568588852882385,0.06604857742786407,0.039003886282444,0.0026131521444767714,0.17036838829517365,0.22574767470359802,17074
Grocery,42,relation_operation_history,head0,V2,0.3180820047855377,0.3488115668296814,0.24241721630096436,0.011156565509736538,0.8582378625869751,0.923285722732544,17074
Grocery,42,relation_operation_history,head1,T0,0.09491150826215744,0.04017912223935127,0.002928947564214468,9.527383554086555e-06,0.11971595883369446,0.21854472160339355,17074
Grocery,42,relation_operation_history,head1,T1,0.07514462620019913,0.025038553401827812,0.000706493214238435,1.5455001403097413e-06,0.06726622581481934,0.13659094274044037,17074
Grocery,42,relation_operation_history,head1,T2,0.15378348529338837,0.08184804022312164,0.011795109137892723,8.784549572737888e-05,0.26430436968803406,0.42639899253845215,17074
Grocery,42,relation_operation_history,head1,V0,0.19357319176197052,0.13588003814220428,0.05018024891614914,0.0016112031880766153,0.4028429090976715,0.5884220004081726,17074
Grocery,42,relation_operation_history,head1,V1,0.0768725797533989,0.051313940435647964,0.02148675173521042,0.0009006865439005196,0.1407289206981659,0.20404447615146637,17074
Grocery,42,relation_operation_history,head1,V2,0.33417078852653503,0.6657403707504272,0.8012665510177612,0.11028048396110535,0.9931419491767883,0.997567892074585,17074
Grocery,42,relation_operation_history,head2,T0,0.08306511491537094,0.03737780079245567,0.004013278055936098,5.293621143209748e-05,0.11424659937620163,0.21171684563159943,17074
Grocery,42,relation_operation_history,head2,T1,0.041589949280023575,0.015573582611978054,0.0011434300104156137,1.3707754078495782e-05,0.04317121580243111,0.08622939139604568,17074
Grocery,42,relation_operation_history,head2,T2,0.13528400659561157,0.06848575919866562,0.012219913303852081,0.00036243561771698296,0.20665530860424042,0.3641970157623291,17074
Grocery,42,relation_operation_history,head2,V0,0.19739262759685516,0.172551691532135,0.09551344811916351,0.0057724579237401485,0.4695718288421631,0.603049635887146,17074
Grocery,42,relation_operation_history,head2,V1,0.07405006885528564,0.05959944427013397,0.03248292952775955,0.0022955501917749643,0.15499576926231384,0.20956814289093018,17074
Grocery,42,relation_operation_history,head2,V2,0.3120492398738861,0.646411657333374,0.7438483238220215,0.13513876497745514,0.9807912111282349,0.9924241900444031,17074
Grocery,42,relation_operation_history,head3,T0,0.1343410164117813,0.08669393509626389,0.03399810940027237,0.0015270882286131382,0.24419353902339935,0.3783533573150635,17074
Grocery,42,relation_operation_history,head3,T1,0.10442740470170975,0.08536943793296814,0.04644446820020676,0.0008502413984388113,0.23048752546310425,0.305121511220932,17074
Grocery,42,relation_operation_history,head3,T2,0.30152714252471924,0.29462701082229614,0.1672365963459015,0.003985962830483913,0.7867680191993713,0.8565237522125244,17074
Grocery,42,relation_operation_history,head3,V0,0.16078266501426697,0.12891824543476105,0.06451325118541718,0.001881368225440383,0.3579733371734619,0.47549742460250854,17074
Grocery,42,relation_operation_history,head3,V1,0.07801815867424011,0.07102904468774796,0.04429856687784195,0.0021698137279599905,0.1801997423171997,0.232705757021904,17074
Grocery,42,relation_operation_history,head3,V2,0.3208015263080597,0.333362340927124,0.21556714177131653,0.005329999607056379,0.8377890586853027,0.9059450030326843,17074
Grocery,42,relation_operation_history,mean,T0,0.07091844826936722,0.06837312132120132,0.04382910206913948,0.006939126178622246,0.165781632065773,0.2136126160621643,17074
Grocery,42,relation_operation_history,mean,T1,0.05294254422187805,0.047015003859996796,0.028181856498122215,0.004165866412222385,0.11614321172237396,0.15482597053050995,17074
Grocery,42,relation_operation_history,mean,T2,0.11136873066425323,0.16781458258628845,0.16180405020713806,0.03092854842543602,0.3086000978946686,0.3647192716598511,17074
Grocery,42,relation_operation_history,mean,V0,0.14038053154945374,0.1562180519104004,0.11805271357297897,0.01713704504072666,0.35228073596954346,0.43723341822624207,17074
Grocery,42,relation_operation_history,mean,V1,0.055409397929906845,0.06199774891138077,0.046545855700969696,0.008514359593391418,0.13614213466644287,0.1741301566362381,17074
Grocery,42,relation_operation_history,mean,V2,0.22937710583209991,0.49858149886131287,0.5125817656517029,0.16746821999549866,0.7877674698829651,0.8684419989585876,17074
Grocery,43,state_history,head0,T0,0.03566685691475868,0.012086349539458752,0.00033988687209784985,3.2342197187062993e-07,0.032289862632751465,0.06794314831495285,17074
Grocery,43,state_history,head0,T1,0.07911183685064316,0.03869020566344261,0.0032863887026906013,5.743582732975483e-06,0.12814798951148987,0.21909284591674805,17074
Grocery,43,state_history,head0,T2,0.21857842803001404,0.13222283124923706,0.017827868461608887,6.859944551251829e-05,0.5066308379173279,0.67075115442276,17074
Grocery,43,state_history,head0,V0,0.09700733423233032,0.030411740764975548,0.00310515402816236,6.887726340210065e-05,0.06309495866298676,0.1301429122686386,17074
Grocery,43,state_history,head0,V1,0.15623298287391663,0.11311811208724976,0.0472862608730793,0.0033674295991659164,0.32303017377853394,0.456465482711792,17074
Grocery,43,state_history,head0,V2,0.32282981276512146,0.6734707355499268,0.8003562092781067,0.11747857928276062,0.9895923733711243,0.9960347414016724,17074
Grocery,43,state_history,head1,T0,0.11362693458795547,0.13273701071739197,0.09967644512653351,0.024630455300211906,0.2867601215839386,0.3645341992378235,17074
Grocery,43,state_history,head1,T1,0.08986712992191315,0.1204376146197319,0.09911574423313141,0.025660790503025055,0.24425379931926727,0.2985839247703552,17074
Grocery,43,state_history,head1,T2,0.2732543647289276,0.5142942070960999,0.5458230972290039,0.10339891910552979,0.8583049178123474,0.8976840972900391,17074
Grocery,43,state_history,head1,V0,0.07412784546613693,0.048193078488111496,0.015249604359269142,0.00029550649924203753,0.14443548023700714,0.20295436680316925,17074
Grocery,43,state_history,head1,V1,0.07857785373926163,0.053530190140008926,0.016595199704170227,0.00033018895192071795,0.1651023030281067,0.22424980998039246,17074
Grocery,43,state_history,head1,V2,0.17990122735500336,0.13080786168575287,0.043401554226875305,0.0012106286594644189,0.40910813212394714,0.5408535599708557,17074
Grocery,43,state_history,head2,T0,0.02689923346042633,0.008082658983767033,0.00020479789236560464,5.562729370467423e-07,0.020154276862740517,0.044532038271427155,17074
Grocery,43,state_history,head2,T1,0.05162167176604271,0.017459146678447723,0.00046032792306505144,1.3614452427646029e-06,0.047648582607507706,0.10450827330350876,17074
Grocery,43,state_history,head2,T2,0.1549036204814911,0.06464294344186783,0.00427177082747221,3.4810189390555024e-05,0.19635708630084991,0.4216190278530121,17074
Grocery,43,state_history,head2,V0,0.0717262402176857,0.029538864269852638,0.00609779404476285,0.0002792788145598024,0.07605133950710297,0.13957186043262482,17074
Grocery,43,state_history,head2,V1,0.15581171214580536,0.09349549561738968,0.027890747413039207,0.0013819036539644003,0.26620516180992126,0.41818660497665405,17074
Grocery,43,state_history,head2,V2,0.27987608313560486,0.7867808938026428,0.9237377047538757,0.28106963634490967,0.9966872930526733,0.9987314939498901,17074
Grocery,43,state_history,head3,T0,0.06794925034046173,0.02861582301557064,0.0020273798145353794,1.5967527360771783e-05,0.08635175973176956,0.16314685344696045,17074
Grocery,43,state_history,head3,T1,0.07929660379886627,0.038927048444747925,0.00365418940782547,3.0103001336101443e-05,0.13063453137874603,0.2093314528465271,17074
Grocery,43,state_history,head3,T2,0.21533739566802979,0.12653081119060516,0.018661219626665115,0.0002131490473402664,0.46278268098831177,0.6739321947097778,17074
Grocery,43,state_history,head3,V0,0.1067388504743576,0.05805450677871704,0.0151089858263731,0.0011936891824007034,0.16637732088565826,0.27688443660736084,17074
Grocery,43,state_history,head3,V1,0.0991770476102829,0.09487680345773697,0.06072214990854263,0.006578747183084488,0.23701320588588715,0.29840922355651855,17074
Grocery,43,state_history,head3,V2,0.3282170295715332,0.6529950499534607,0.7857134342193604,0.08447536081075668,0.976569414138794,0.9882782697677612,17074
Grocery,43,state_history,mean,T0,0.039467401802539825,0.04538046568632126,0.03352462500333786,0.009328935295343399,0.09754917025566101,0.12372762709856033,17074
Grocery,43,state_history,mean,T1,0.04566897079348564,0.05387850105762482,0.040084004402160645,0.012901880778372288,0.11392991244792938,0.14483819901943207,17074
Grocery,43,state_history,mean,T2,0.11615953594446182,0.20942269265651703,0.19753970205783844,0.08100246638059616,0.35422375798225403,0.43505942821502686,17074
Grocery,43,state_history,mean,V0,0.063016876578331,0.04154954478144646,0.01897987723350525,0.002091070869937539,0.10499973595142365,0.15628398954868317,17074
Grocery,43,state_history,mean,V1,0.09314148128032684,0.08875514566898346,0.05644071847200394,0.007347544655203819,0.21475104987621307,0.2801736891269684,17074
Grocery,43,state_history,mean,V2,0.1844112128019333,0.5610135793685913,0.6139593720436096,0.2712850272655487,0.7430588603019714,0.7524802684783936,17074
Grocery,43,operation_history,head0,T0,0.06726480275392532,0.030910277739167213,0.0038851494900882244,5.146088369656354e-05,0.0941765308380127,0.16562147438526154,17074
Grocery,43,operation_history,head0,T1,0.04753875732421875,0.024417905136942863,0.00472788093611598,5.0725688197417185e-05,0.07192502915859222,0.11443598568439484,17074
Grocery,43,operation_history,head0,T2,0.22590698301792145,0.13460057973861694,0.02141871303319931,0.00031100711203180254,0.49415916204452515,0.7105382084846497,17074
Grocery,43,operation_history,head0,V0,0.16294436156749725,0.1038094237446785,0.036815982311964035,0.0026136483065783978,0.2943371832370758,0.45324504375457764,17074
Grocery,43,operation_history,head0,V1,0.13458645343780518,0.11531113088130951,0.06581130623817444,0.007693441119045019,0.2872883975505829,0.39146003127098083,17074
Grocery,43,operation_history,head0,V2,0.31437644362449646,0.590950608253479,0.648606538772583,0.10912903398275375,0.9662583470344543,0.9839876890182495,17074
Grocery,43,operation_history,head1,T0,0.13054846227169037,0.13283555209636688,0.0889386236667633,0.014759284444153309,0.31962913274765015,0.40982934832572937,17074
Grocery,43,operation_history,head1,T1,0.09102468937635422,0.13491787016391754,0.12316708266735077,0.022822290658950806,0.2575379014015198,0.3031918704509735,17074
Grocery,43,operation_history,head1,T2,0.2663508951663971,0.4058908224105835,0.4023537039756775,0.04258527606725693,0.7710484862327576,0.8268128633499146,17074
Grocery,43,operation_history,head1,V0,0.08271550387144089,0.056872960180044174,0.022889394313097,0.000770605867728591,0.1603849083185196,0.22546379268169403,17074
Grocery,43,operation_history,head1,V1,0.10710436850786209,0.08562438189983368,0.03627447038888931,0.0010321346344426274,0.24801263213157654,0.3115469515323639,17074
Grocery,43,operation_history,head1,V2,0.21327200531959534,0.1838584691286087,0.08480042964220047,0.002632200252264738,0.5295330882072449,0.6380276679992676,17074
Grocery,43,operation_history,head2,T0,0.11478431522846222,0.07061382383108139,0.01848653331398964,0.0004128603031858802,0.2235279232263565,0.3263775408267975,17074
Grocery,43,operation_history,head2,T1,0.06437311321496964,0.032775308936834335,0.007153572514653206,0.0001322547614108771,0.09344672411680222,0.15109138190746307,17074
Grocery,43,operation_history,head2,T2,0.17355018854141235,0.11761769652366638,0.03632098063826561,0.0012362748384475708,0.3654692769050598,0.5192367434501648,17074
Grocery,43,operation_history,head2,V0,0.1577109694480896,0.1484013944864273,0.09051661193370819,0.011870925314724445,0.37531208992004395,0.48818159103393555,17074
Grocery,43,operation_history,head2,V1,0.0900300070643425,0.08483747392892838,0.05350551754236221,0.008835514076054096,0.20507292449474335,0.2672235071659088,17074
Grocery,43,operation_history,head2,V2,0.3079983592033386,0.5457542538642883,0.5952579975128174,0.08271974325180054,0.9248854517936707,0.9554826021194458,17074
Grocery,43,operation_history,head3,T0,0.05868076533079147,0.02320227399468422,0.0007842250633984804,5.911915081924235e-07,0.071567103266716,0.13568605482578278,17074
Grocery,43,operation_history,head3,T1,0.05815737321972847,0.02253749780356884,0.000580549065489322,4.450548374279606e-07,0.06869222223758698,0.13873238861560822,17074
Grocery,43,operation_history,head3,T2,0.17015016078948975,0.07527663558721542,0.006516674533486366,2.8394530090736225e-05,0.2378474324941635,0.48854267597198486,17074
Grocery,43,operation_history,head3,V0,0.12418501824140549,0.0628260001540184,0.009424406103789806,0.00018307885329704732,0.19381816685199738,0.3313242793083191,17074
Grocery,43,operation_history,head3,V1,0.09730897098779678,0.06673784554004669,0.02369019389152527,0.0008976783137768507,0.19483576714992523,0.2787055969238281,17074
Grocery,43,operation_history,head3,V2,0.31661054491996765,0.7494197487831116,0.9217692613601685,0.16231310367584229,0.9977588057518005,0.9992550611495972,17074
Grocery,43,operation_history,mean,T0,0.052940960973501205,0.06439047306776047,0.05010632053017616,0.011347267776727676,0.13884250819683075,0.16944800317287445,17074
Grocery,43,operation_history,mean,T1,0.03631071373820305,0.05366215109825134,0.04535152018070221,0.019115842878818512,0.09628120809793472,0.12137822061777115,17074
Grocery,43,operation_history,mean,T2,0.11736628413200378,0.1833464354276657,0.16587814688682556,0.04999549314379692,0.343869149684906,0.4146891236305237,17074
Grocery,43,operation_history,mean,V0,0.08993993699550629,0.09297744929790497,0.06329353153705597,0.011786974035203457,0.2186392992734909,0.27220097184181213,17074
Grocery,43,operation_history,mean,V1,0.08245367556810379,0.08812770247459412,0.0618574395775795,0.010938585735857487,0.2032756507396698,0.2541646361351013,17074
Grocery,43,operation_history,mean,V2,0.1743747740983963,0.5174957513809204,0.533976137638092,0.27064335346221924,0.727680504322052,0.7490334510803223,17074
Grocery,43,relation_operation_history,head0,T0,0.03518584370613098,0.013703426346182823,0.001021816860884428,1.895877176139038e-06,0.03786521777510643,0.06892385333776474,17074
Grocery,43,relation_operation_history,head0,T1,0.07991088926792145,0.03919133543968201,0.00409909151494503,7.5309735620976426e-06,0.12180156260728836,0.20221011340618134,17074
Grocery,43,relation_operation_history,head0,T2,0.22654564678668976,0.14108048379421234,0.016776923090219498,3.716763239935972e-05,0.5262266397476196,0.6931336522102356,17074
Grocery,43,relation_operation_history,head0,V0,0.0685771033167839,0.027532396838068962,0.004088391549885273,0.00016095745377242565,0.07363493740558624,0.1322646141052246,17074
Grocery,43,relation_operation_history,head0,V1,0.13353803753852844,0.11844639480113983,0.06666003167629242,0.006893308833241463,0.31133323907852173,0.39884132146835327,17074
Grocery,43,relation_operation_history,head0,V2,0.3099195659160614,0.6600459218025208,0.7697258591651917,0.13788335025310516,0.979402482509613,0.9908868074417114,17074
Grocery,43,relation_operation_history,head1,T0,0.09288806468248367,0.06649045646190643,0.03028225526213646,0.004538628738373518,0.18015016615390778,0.26537618041038513,17074
Grocery,43,relation_operation_history,head1,T1,0.06920503079891205,0.08472003042697906,0.0706716775894165,0.0075553725473582745,0.17920899391174316,0.21834704279899597,17074
Grocery,43,relation_operation_history,head1,T2,0.33507707715034485,0.4798702001571655,0.5265642404556274,0.018736310303211212,0.8967245817184448,0.9236615300178528,17074
Grocery,43,relation_operation_history,head1,V0,0.1034352034330368,0.05442049726843834,0.012167103588581085,0.0002686625812202692,0.1615085005760193,0.2712520658969879,17074
Grocery,43,relation_operation_history,head1,V1,0.08673612773418427,0.06471394747495651,0.0234416164457798,0.00037361413706094027,0.20240765810012817,0.25587624311447144,17074
Grocery,43,relation_operation_history,head1,V2,0.2865726947784424,0.24978488683700562,0.11035394668579102,0.0018154379213228822,0.7358663082122803,0.8443153500556946,17074
Grocery,43,relation_operation_history,head2,T0,0.09231308847665787,0.045046113431453705,0.0050347112119197845,4.485083991312422e-05,0.14807580411434174,0.2482110857963562,17074
Grocery,43,relation_operation_history,head2,T1,0.046500321477651596,0.018018437549471855,0.0012384222354739904,1.0092525371874217e-05,0.052321892231702805,0.09907445311546326,17074
Grocery,43,relation_operation_history,head2,T2,0.12312870472669601,0.06867331266403198,0.01571475714445114,0.0002873777411878109,0.2106092870235443,0.33956655859947205,17074
Grocery,43,relation_operation_history,head2,V0,0.187052384018898,0.1431894600391388,0.05906153470277786,0.0045068892650306225,0.4270320236682892,0.5769729018211365,17074
Grocery,43,relation_operation_history,head2,V1,0.05276414379477501,0.047582920640707016,0.03027617186307907,0.00397513760253787,0.11352356523275375,0.14964157342910767,17074
Grocery,43,relation_operation_history,head2,V2,0.31588277220726013,0.6774897575378418,0.806227445602417,0.12754149734973907,0.9830262660980225,0.991558849811554,17074
Grocery,43,relation_operation_history,head3,T0,0.09061731398105621,0.04851150140166283,0.006307302042841911,2.944870175269898e-05,0.16438442468643188,0.2532474100589752,17074
Grocery,43,relation_operation_history,head3,T1,0.10357840359210968,0.047538381069898605,0.00514322891831398,3.0413611966650933e-05,0.14452025294303894,0.2649291753768921,17074
Grocery,43,relation_operation_history,head3,T2,0.13952751457691193,0.08645571023225784,0.025059066712856293,0.000426249869633466,0.26548752188682556,0.3947805166244507,17074
Grocery,43,relation_operation_history,head3,V0,0.1379675567150116,0.08307486772537231,0.025550473481416702,0.001656806212849915,0.2449464499950409,0.38253211975097656,17074
Grocery,43,relation_operation_history,head3,V1,0.0767187625169754,0.07070913910865784,0.042081188410520554,0.0044097863137722015,0.1813228279352188,0.23292659223079681,17074
Grocery,43,relation_operation_history,head3,V2,0.32834088802337646,0.6637104749679565,0.8012696504592896,0.09966922551393509,0.983848512172699,0.9920326471328735,17074
Grocery,43,relation_operation_history,mean,T0,0.05306009575724602,0.04343787208199501,0.020941995084285736,0.003248501569032669,0.11634066700935364,0.15569637715816498,17074
Grocery,43,relation_operation_history,mean,T1,0.045491598546504974,0.047367047518491745,0.032371386885643005,0.009652364999055862,0.10713180154561996,0.1443656086921692,17074
Grocery,43,relation_operation_history,mean,T2,0.11140646040439606,0.19401991367340088,0.1954892873764038,0.051032040268182755,0.3334452509880066,0.39594849944114685,17074
Grocery,43,relation_operation_history,mean,V0,0.09575966745615005,0.07705430686473846,0.03676937147974968,0.005107070319354534,0.21266914904117584,0.28360021114349365,17074
Grocery,43,relation_operation_history,mean,V1,0.06347323954105377,0.07536309957504272,0.05752606689929962,0.009670153260231018,0.17150075733661652,0.20528556406497955,17074
Grocery,43,relation_operation_history,mean,V2,0.19633598625659943,0.5627577900886536,0.5985410213470459,0.27328410744667053,0.7801379561424255,0.8458288908004761,17074
Grocery,44,state_history,head0,T0,0.10211173444986343,0.05933837220072746,0.010202579200267792,4.1512539610266685e-05,0.20028266310691833,0.29030847549438477,17074
Grocery,44,state_history,head0,T1,0.06065581738948822,0.0321689210832119,0.004247333854436874,1.4722825653734617e-05,0.11101333796977997,0.16731740534305573,17074
Grocery,44,state_history,head0,T2,0.11509434878826141,0.07180384546518326,0.022879010066390038,0.00027826547739095986,0.20789185166358948,0.3093710243701935,17074
Grocery,44,state_history,head0,V0,0.1869199275970459,0.17123673856258392,0.10344825685024261,0.003982186783105135,0.4479062557220459,0.5645370483398438,17074
Grocery,44,state_history,head0,V1,0.07730231434106827,0.07153651118278503,0.04717014357447624,0.00275706360116601,0.1713189035654068,0.22362375259399414,17074
Grocery,44,state_history,head0,V2,0.33803102374076843,0.5939156413078308,0.656848669052124,0.0919276550412178,0.9871726036071777,0.995895266532898,17074
Grocery,44,state_history,head1,T0,0.08813410252332687,0.10286448150873184,0.07936950773000717,0.017564572393894196,0.21912339329719543,0.27466094493865967,17074
Grocery,44,state_history,head1,T1,0.09195658564567566,0.14781087636947632,0.140516459941864,0.028367381542921066,0.2705160975456238,0.3117028474807739,17074
Grocery,44,state_history,head1,T2,0.26050132513046265,0.42948970198631287,0.442348837852478,0.05960097536444664,0.777377724647522,0.8298199772834778,17074
Grocery,44,state_history,head1,V0,0.12228429317474365,0.09194822609424591,0.03779689967632294,0.0008930176263675094,0.2651185393333435,0.35255345702171326,17074
Grocery,44,state_history,head1,V1,0.08063500374555588,0.07340648770332336,0.04018009081482887,0.0016042544739320874,0.20045806467533112,0.24286845326423645,17074
Grocery,44,state_history,head1,V2,0.17387588322162628,0.1544802337884903,0.08188031613826752,0.003572226734831929,0.43130457401275635,0.5170199275016785,17074
Grocery,44,state_history,head2,T0,0.06650024652481079,0.02640112303197384,0.0018328963778913021,1.6839867384987883e-05,0.07741323113441467,0.1499263346195221,17074
Grocery,44,state_history,head2,T1,0.048606012016534805,0.024200865998864174,0.0038459175266325474,4.71290695713833e-05,0.07670531421899796,0.12959448993206024,17074
Grocery,44,state_history,head2,T2,0.1953250616788864,0.1263839453458786,0.037620238959789276,0.0015313931507989764,0.4057251513004303,0.5935487747192383,17074
Grocery,44,state_history,head2,V0,0.10132526606321335,0.06567339599132538,0.01910175010561943,0.000540059176273644,0.20222480595111847,0.28181856870651245,17074
Grocery,44,state_history,head2,V1,0.10396675765514374,0.09888274222612381,0.061190370470285416,0.0029755413997918367,0.25760236382484436,0.3140188157558441,17074
Grocery,44,state_history,head2,V2,0.30099859833717346,0.65845787525177,0.7482683658599854,0.17031338810920715,0.9841954112052917,0.9950955510139465,17074
Grocery,44,state_history,head3,T0,0.07761833816766739,0.05646548792719841,0.026808589696884155,0.0017297083977609873,0.1535658836364746,0.2216840386390686,17074
Grocery,44,state_history,head3,T1,0.06482212990522385,0.0549774095416069,0.03073180466890335,0.0015900947619229555,0.14375458657741547,0.1883889138698578,17074
Grocery,44,state_history,head3,T2,0.2732926607131958,0.2605369985103607,0.14354562759399414,0.008663380518555641,0.7222881317138672,0.823897659778595,17074
Grocery,44,state_history,head3,V0,0.116221122443676,0.10599393397569656,0.06396879255771637,0.004934529773890972,0.2696881592273712,0.3452402651309967,17074
Grocery,44,state_history,head3,V1,0.09993642568588257,0.10058092325925827,0.06893020123243332,0.0064607048407197,0.24581104516983032,0.3053349256515503,17074
Grocery,44,state_history,head3,V2,0.2894514799118042,0.42144522070884705,0.3928707242012024,0.045189376920461655,0.8517708778381348,0.9172688722610474,17074
Grocery,44,state_history,mean,T0,0.05422668531537056,0.06126737222075462,0.044899970293045044,0.011270065791904926,0.13373571634292603,0.16673676669597626,17074
Grocery,44,state_history,mean,T1,0.036102477461099625,0.06478951871395111,0.059509918093681335,0.02364170178771019,0.11140983551740646,0.13223755359649658,17074
Grocery,44,state_history,mean,T2,0.12872177362442017,0.22205360233783722,0.20720112323760986,0.061404548585414886,0.3996022343635559,0.4464065730571747,17074
Grocery,44,state_history,mean,V0,0.10471399873495102,0.1087130755186081,0.07589353621006012,0.007647528313100338,0.2634526491165161,0.32070139050483704,17074
Grocery,44,state_history,mean,V1,0.07092493772506714,0.08610167354345322,0.06882799416780472,0.009269463829696178,0.18948587775230408,0.2198050320148468,17074
Grocery,44,state_history,mean,V2,0.16726987063884735,0.45707476139068604,0.47417348623275757,0.22023417055606842,0.6718124747276306,0.7161575555801392,17074
Grocery,44,operation_history,head0,T0,0.09019878506660461,0.04692548140883446,0.006745691876858473,2.32628717640182e-05,0.15311795473098755,0.24328166246414185,17074
Grocery,44,operation_history,head0,T1,0.06469643861055374,0.026963859796524048,0.0015350888716056943,2.7947428407060215e-06,0.08406081050634384,0.15456731617450714,17074
Grocery,44,operation_history,head0,T2,0.17653167247772217,0.09956586360931396,0.016338074579834938,0.00013595826749224216,0.33903443813323975,0.5193413496017456,17074
Grocery,44,operation_history,head0,V0,0.2082720249891281,0.18216128647327423,0.09976866841316223,0.003162679960951209,0.5013401508331299,0.6330044269561768,17074
Grocery,44,operation_history,head0,V1,0.08335372805595398,0.057970501482486725,0.025039929896593094,0.0010153547627851367,0.1547192633152008,0.22811433672904968,17074
Grocery,44,operation_history,head0,V2,0.3313612937927246,0.5864129662513733,0.6346379518508911,0.09400617331266403,0.986096203327179,0.9953467845916748,17074
Grocery,44,operation_history,head1,T0,0.10848094522953033,0.10556156188249588,0.06911812722682953,0.00886190589517355,0.25585421919822693,0.3315607011318207,17074
Grocery,44,operation_history,head1,T1,0.06375529617071152,0.07944617420434952,0.06625857204198837,0.008039280772209167,0.16841469705104828,0.2011590152978897,17074
Grocery,44,operation_history,head1,T2,0.3019219636917114,0.3975880742073059,0.3542289137840271,0.029083717614412308,0.8365480899810791,0.8951073884963989,17074
Grocery,44,operation_history,head1,V0,0.19505929946899414,0.150105282664299,0.06433186680078506,0.0018164041684940457,0.4503968060016632,0.6009047031402588,17074
Grocery,44,operation_history,head1,V1,0.06835580617189407,0.0653730109333992,0.042599380016326904,0.0021132987458258867,0.16264928877353668,0.20075158774852753,17074
Grocery,44,operation_history,head1,V2,0.22060838341712952,0.2019258588552475,0.10987348854541779,0.009982487186789513,0.5703644156455994,0.6869057416915894,17074
Grocery,44,operation_history,head2,T0,0.10146921128034592,0.1160890981554985,0.08818201720714569,0.014567503705620766,0.2582526206970215,0.3196840286254883,17074
Grocery,44,operation_history,head2,T1,0.07385194301605225,0.08072495460510254,0.060167811810970306,0.008384951390326023,0.18372370302677155,0.23220761120319366,17074
Grocery,44,operation_history,head2,T2,0.24076157808303833,0.29436078667640686,0.2453233003616333,0.021797528490424156,0.6541450619697571,0.7429762482643127,17074
Grocery,44,operation_history,head2,V0,0.13217279314994812,0.12385164946317673,0.07509971410036087,0.007502899505198002,0.3189937174320221,0.4088016152381897,17074
Grocery,44,operation_history,head2,V1,0.08217053860425949,0.0996490865945816,0.08158120512962341,0.010045608505606651,0.21689149737358093,0.25716766715049744,17074
Grocery,44,operation_history,head2,V2,0.22533291578292847,0.28532448410987854,0.23685520887374878,0.03270898014307022,0.6229755282402039,0.7238669991493225,17074
Grocery,44,operation_history,head3,T0,0.08789880573749542,0.06816951930522919,0.03520815074443817,0.003512729424983263,0.17720972001552582,0.2468833178281784,17074
Grocery,44,operation_history,head3,T1,0.051347773522138596,0.040022555738687515,0.020984476432204247,0.001568734529428184,0.10533835738897324,0.14520131051540375,17074
Grocery,44,operation_history,head3,T2,0.2517658770084381,0.21094591915607452,0.09414553642272949,0.0066550797782838345,0.645463228225708,0.7867558002471924,17074
Grocery,44,operation_history,head3,V0,0.18081696331501007,0.1891440600156784,0.13080014288425446,0.011965738609433174,0.45904189348220825,0.5584054589271545,17074
Grocery,44,operation_history,head3,V1,0.07655955106019974,0.08759155124425888,0.06902507692575455,0.00923839583992958,0.18964023888111115,0.23480503261089325,17074
Grocery,44,operation_history,head3,V2,0.26284629106521606,0.4041264057159424,0.3725523352622986,0.07211443781852722,0.7955915927886963,0.8772009015083313,17074
Grocery,44,operation_history,mean,T0,0.058203261345624924,0.08418641239404678,0.07104961574077606,0.023215359076857567,0.1611536741256714,0.19507279992103577,17074
Grocery,44,operation_history,mean,T1,0.03420988470315933,0.05678938329219818,0.05103356018662453,0.019037339836359024,0.09926322102546692,0.11940941214561462,17074
Grocery,44,operation_history,mean,T2,0.16328337788581848,0.2506151795387268,0.22272831201553345,0.06126293167471886,0.48637717962265015,0.5633490085601807,17074
Grocery,44,operation_history,mean,V0,0.13183845579624176,0.16131556034088135,0.1306673288345337,0.01664200983941555,0.3517102897167206,0.41442224383354187,17074
Grocery,44,operation_history,mean,V1,0.05486622452735901,0.07764603942632675,0.06856478005647659,0.013807718642055988,0.15154434740543365,0.17940451204776764,17074
Grocery,44,operation_history,mean,V2,0.15833620727062225,0.3694474399089813,0.35901811718940735,0.16804514825344086,0.5837171673774719,0.6416237354278564,17074
Grocery,44,relation_operation_history,head0,T0,0.08053305000066757,0.03223750367760658,0.002734516514465213,1.9243103452026844e-05,0.08983055502176285,0.17135390639305115,17074
Grocery,44,relation_operation_history,head0,T1,0.037274714559316635,0.01396523229777813,0.0006697076605632901,3.4379092994640814e-06,0.039390746504068375,0.08226384222507477,17074
Grocery,44,relation_operation_history,head0,T2,0.17531496286392212,0.08800195902585983,0.010624938644468784,0.00011876512144226581,0.2891823351383209,0.5131485462188721,17074
Grocery,44,relation_operation_history,head0,V0,0.13949404656887054,0.08479398488998413,0.023247376084327698,0.0010528906714171171,0.26421505212783813,0.4008157253265381,17074
Grocery,44,relation_operation_history,head0,V1,0.06186641752719879,0.04351421445608139,0.017176704481244087,0.0009922838071361184,0.12389049679040909,0.17643190920352936,17074
Grocery,44,relation_operation_history,head0,V2,0.2979356348514557,0.7374870181083679,0.8781348466873169,0.20838208496570587,0.994642436504364,0.9977651238441467,17074
Grocery,44,relation_operation_history,head1,T0,0.1295161247253418,0.10524584352970123,0.05471118167042732,0.005115710664540529,0.28300711512565613,0.3904564678668976,17074
Grocery,44,relation_operation_history,head1,T1,0.06359980255365372,0.07293041795492172,0.055440910160541534,0.006645614746958017,0.1659422218799591,0.19842466711997986,17074
Grocery,44,relation_operation_history,head1,T2,0.3007493317127228,0.37605440616607666,0.325794517993927,0.020897574722766876,0.8262758255004883,0.8886724710464478,17074
Grocery,44,relation_operation_history,head1,V0,0.16689133644104004,0.13014106452465057,0.06089523434638977,0.003422357374802232,0.37514224648475647,0.5036244988441467,17074
Grocery,44,relation_operation_history,head1,V1,0.06308189034461975,0.05859692767262459,0.035434458404779434,0.0017650371883064508,0.1527283936738968,0.18796312808990479,17074
Grocery,44,relation_operation_history,head1,V2,0.2587661147117615,0.25703132152557373,0.1605975329875946,0.011231218464672565,0.6879340410232544,0.7985924482345581,17074
Grocery,44,relation_operation_history,head2,T0,0.0979006215929985,0.0980679839849472,0.06659506261348724,0.015202781185507774,0.22355717420578003,0.2967700958251953,17074
Grocery,44,relation_operation_history,head2,T1,0.08907429128885269,0.10689640790224075,0.08270200341939926,0.01645461842417717,0.23098450899124146,0.28798508644104004,17074
Grocery,44,relation_operation_history,head2,T2,0.29044821858406067,0.4161601662635803,0.4003121256828308,0.04019749164581299,0.8230223059654236,0.8711703419685364,17074
Grocery,44,relation_operation_history,head2,V0,0.13095222413539886,0.10663760453462601,0.0540764257311821,0.003673739731311798,0.29771852493286133,0.3997139632701874,17074
Grocery,44,relation_operation_history,head2,V1,0.09823273122310638,0.0871228501200676,0.04846154898405075,0.00198151427321136,0.22948706150054932,0.2919301986694336,17074
Grocery,44,relation_operation_history,head2,V2,0.2002943754196167,0.1851149946451187,0.10715050995349884,0.005981911439448595,0.4897238314151764,0.6136887669563293,17074
Grocery,44,relation_operation_history,head3,T0,0.08670579642057419,0.049217548221349716,0.011560427024960518,0.0005261808983050287,0.15305571258068085,0.2376134693622589,17074
Grocery,44,relation_operation_history,head3,T1,0.04783615842461586,0.02894517220556736,0.008093887940049171,0.0003535731229931116,0.08783897012472153,0.1338871419429779,17074
Grocery,44,relation_operation_history,head3,T2,0.1655181497335434,0.11955008655786514,0.04546636343002319,0.002099494682624936,0.3557150363922119,0.4900558292865753,17074
Grocery,44,relation_operation_history,head3,V0,0.1506393700838089,0.1122898980975151,0.04701947420835495,0.0037139139603823423,0.3317394256591797,0.4485243856906891,17074
Grocery,44,relation_operation_history,head3,V1,0.08468897640705109,0.09039444476366043,0.06591345369815826,0.008246708661317825,0.20559313893318176,0.25754645466804504,17074
Grocery,44,relation_operation_history,head3,V2,0.3002907335758209,0.5996028780937195,0.6686779260635376,0.1259380429983139,0.9467183351516724,0.9709687829017639,17074
Grocery,44,relation_operation_history,mean,T0,0.06744091957807541,0.07119221985340118,0.04766538366675377,0.011923625133931637,0.16690541803836823,0.21352675557136536,17074
Grocery,44,relation_operation_history,mean,T1,0.03824638947844505,0.05568430945277214,0.047252196818590164,0.014903003349900246,0.10919471830129623,0.12946376204490662,17074
Grocery,44,relation_operation_history,mean,T2,0.16525956988334656,0.2499416619539261,0.22670096158981323,0.05171748623251915,0.4731540083885193,0.5646591782569885,17074
Grocery,44,relation_operation_history,mean,V0,0.10958468914031982,0.10846564173698425,0.0703769326210022,0.008935959078371525,0.2649253010749817,0.3377542197704315,17074
Grocery,44,relation_operation_history,mean,V1,0.0565643347799778,0.06990710645914078,0.056804507970809937,0.009119588881731033,0.14831720292568207,0.1776900440454483,17074
Grocery,44,relation_operation_history,mean,V2,0.18023809790611267,0.44480904936790466,0.45508041977882385,0.19546878337860107,0.6832090020179749,0.736259400844574,17074
Reddit-S,42,state_history,head0,T0,0.07661996781826019,0.0417778305709362,0.009708024561405182,0.0007907763938419521,0.12992031872272491,0.2016928642988205,15894
Reddit-S,42,state_history,head0,T1,0.05038830265402794,0.03311047703027725,0.010878872126340866,0.0005419958033598959,0.09237812459468842,0.1419544517993927,15894
Reddit-S,42,state_history,head0,T2,0.27796047925949097,0.19560976326465607,0.04865298792719841,0.0020942753180861473,0.7306528687477112,0.8274508714675903,15894
Reddit-S,42,state_history,head0,V0,0.15944185853004456,0.16945743560791016,0.13036629557609558,0.011166783049702644,0.387790709733963,0.5309163928031921,15894
Reddit-S,42,state_history,head0,V1,0.11648771166801453,0.17425450682640076,0.1771772801876068,0.022623494267463684,0.30164599418640137,0.40144670009613037,15894
Reddit-S,42,state_history,head0,V2,0.23621682822704315,0.38579002022743225,0.3921542167663574,0.07078947126865387,0.6949849128723145,0.759364664554596,15894
Reddit-S,42,state_history,head1,T0,0.027965042740106583,0.00945955514907837,0.0008721406338736415,1.8344637283007614e-05,0.02377801388502121,0.048673275858163834,15894
Reddit-S,42,state_history,head1,T1,0.044796448200941086,0.027222201228141785,0.008466120809316635,0.00025881684268824756,0.07861656695604324,0.12098109722137451,15894
Reddit-S,42,state_history,head1,T2,0.17095327377319336,0.0884774848818779,0.02211272530257702,0.0009669348946772516,0.24511931836605072,0.5003817081451416,15894
Reddit-S,42,state_history,head1,V0,0.04900211840867996,0.0406169593334198,0.02391728200018406,0.0033584192860871553,0.09848205745220184,0.1366734802722931,15894
Reddit-S,42,state_history,head1,V1,0.181881844997406,0.30543288588523865,0.2868380546569824,0.07030721008777618,0.5705850720405579,0.6623483300209045,15894
Reddit-S,42,state_history,head1,V2,0.23127180337905884,0.5287908911705017,0.5367002487182617,0.21803614497184753,0.851081907749176,0.9185663461685181,15894
Reddit-S,42,state_history,head2,T0,0.09790053963661194,0.034397192299366,0.0009722805116325617,5.810063157696277e-06,0.08918517082929611,0.28073403239250183,15894
Reddit-S,42,state_history,head2,T1,0.0728168785572052,0.024961816146969795,0.0005870102904736996,2.050666807917878e-06,0.06079934164881706,0.1944568008184433,15894
Reddit-S,42,state_history,head2,T2,0.2260318249464035,0.10686706006526947,0.008600804954767227,8.267158409580588e-05,0.34889280796051025,0.7229680418968201,15894
Reddit-S,42,state_history,head2,V0,0.1616942584514618,0.14705140888690948,0.08668839931488037,0.005733045283704996,0.38722363114356995,0.4847301244735718,15894
Reddit-S,42,state_history,head2,V1,0.10953749716281891,0.1315489113330841,0.09924441576004028,0.012718544341623783,0.3002427816390991,0.33350223302841187,15894
Reddit-S,42,state_history,head2,V2,0.3285113573074341,0.5551736354827881,0.6216778755187988,0.026425013318657875,0.9488269686698914,0.9676863551139832,15894
Reddit-S,42,state_history,head3,T0,0.11706696450710297,0.05724753066897392,0.008898809552192688,7.66637094784528e-05,0.1669486165046692,0.2845078706741333,15894
Reddit-S,42,state_history,head3,T1,0.04217572510242462,0.023925727233290672,0.0048177060671150684,7.984145486261696e-05,0.0704539343714714,0.10670041292905807,15894
Reddit-S,42,state_history,head3,T2,0.2024308741092682,0.1071944609284401,0.017246883362531662,0.0006713696056976914,0.42668282985687256,0.6207207441329956,15894
Reddit-S,42,state_history,head3,V0,0.19114887714385986,0.2480340451002121,0.20498982071876526,0.03670225664973259,0.5378186702728271,0.6107466220855713,15894
Reddit-S,42,state_history,head3,V1,0.09539375454187393,0.16751377284526825,0.16052767634391785,0.04708316549658775,0.29843249917030334,0.3427485227584839,15894
Reddit-S,42,state_history,head3,V2,0.2532264292240143,0.39608442783355713,0.34167689085006714,0.10184619575738907,0.7862781286239624,0.8420632481575012,15894
Reddit-S,42,state_history,mean,T0,0.05085812136530876,0.03572053089737892,0.014383497647941113,0.0012646082323044538,0.10473991185426712,0.1505223512649536,15894
Reddit-S,42,state_history,mean,T1,0.03510349988937378,0.027305055409669876,0.015397133305668831,0.0015033335657790303,0.06771323829889297,0.11034369468688965,15894
Reddit-S,42,state_history,mean,T2,0.16374841332435608,0.12453718483448029,0.062239810824394226,0.007184387184679508,0.3122062385082245,0.3899177014827728,15894
Reddit-S,42,state_history,mean,V0,0.10251956433057785,0.15128996968269348,0.13419823348522186,0.030022919178009033,0.297677218914032,0.338183730840683,15894
Reddit-S,42,state_history,mean,V1,0.0981435775756836,0.19468751549720764,0.1812107264995575,0.0651792511343956,0.33437010645866394,0.37104153633117676,15894
Reddit-S,42,state_history,mean,V2,0.20241571962833405,0.4664597511291504,0.4446144700050354,0.20499268174171448,0.739060640335083,0.8005226254463196,15894
Reddit-S,42,operation_history,head0,T0,0.05934326350688934,0.02686990611255169,0.0050364285707473755,0.0002724935475271195,0.07380456477403641,0.1371508240699768,15894
Reddit-S,42,operation_history,head0,T1,0.041466496884822845,0.025172222405672073,0.0044860150665044785,0.00019668490858748555,0.08496001362800598,0.113823801279068,15894
Reddit-S,42,operation_history,head0,T2,0.25818103551864624,0.14595650136470795,0.015609996393322945,0.0009607295505702496,0.6873626112937927,0.7785336375236511,15894
Reddit-S,42,operation_history,head0,V0,0.14787884056568146,0.1520141214132309,0.11086711287498474,0.01107221283018589,0.3495997190475464,0.4596130847930908,15894
Reddit-S,42,operation_history,head0,V1,0.11544572561979294,0.17931586503982544,0.17643900215625763,0.02284378372132778,0.3312968909740448,0.38528886437416077,15894
Reddit-S,42,operation_history,head0,V2,0.2562794089317322,0.4706714153289795,0.48200827836990356,0.09487127512693405,0.7999489307403564,0.8750269412994385,15894
Reddit-S,42,operation_history,head1,T0,0.054306481033563614,0.03366989269852638,0.011213910765945911,0.00036355055635794997,0.10093529522418976,0.15150655806064606,15894
Reddit-S,42,operation_history,head1,T1,0.061014801263809204,0.04115225374698639,0.018179669976234436,0.0005993327358737588,0.10879392176866531,0.15925487875938416,15894
Reddit-S,42,operation_history,head1,T2,0.15568657219409943,0.09380346536636353,0.03350004181265831,0.0019442170159891248,0.2725004255771637,0.4393194615840912,15894
Reddit-S,42,operation_history,head1,V0,0.11284452676773071,0.12750235199928284,0.09934841096401215,0.018159151077270508,0.27925240993499756,0.3737458884716034,15894
Reddit-S,42,operation_history,head1,V1,0.1563652753829956,0.27201536297798157,0.2716682553291321,0.05751309171319008,0.48241209983825684,0.5305287837982178,15894
Reddit-S,42,operation_history,head1,V2,0.2339722216129303,0.4318567216396332,0.3962326645851135,0.15048807859420776,0.7999071478843689,0.893048107624054,15894
Reddit-S,42,operation_history,head2,T0,0.05037635192275047,0.021555140614509583,0.0010854180436581373,9.090501407627016e-06,0.07956120371818542,0.13911736011505127,15894
Reddit-S,42,operation_history,head2,T1,0.13802537322044373,0.04903649538755417,0.0005661639152094722,2.0460629457375035e-06,0.13945193588733673,0.40693017840385437,15894
Reddit-S,42,operation_history,head2,T2,0.19747991859912872,0.08956512063741684,0.0057913390919566154,6.7557004513219e-05,0.2752353549003601,0.4409707188606262,15894
Reddit-S,42,operation_history,head2,V0,0.15223081409931183,0.1309470534324646,0.07772575318813324,0.004250976722687483,0.32588815689086914,0.457025945186615,15894
Reddit-S,42,operation_history,head2,V1,0.10303114354610443,0.12624159455299377,0.1041790023446083,0.007216423749923706,0.2856212556362152,0.33464860916137695,15894
Reddit-S,42,operation_history,head2,V2,0.3167418837547302,0.582654595375061,0.6562306880950928,0.04476634040474892,0.9468046426773071,0.973370373249054,15894
Reddit-S,42,operation_history,head3,T0,0.06423229724168777,0.044133301824331284,0.01690460741519928,0.0008176147239282727,0.12957115471363068,0.17767398059368134,15894
Reddit-S,42,operation_history,head3,T1,0.0696924477815628,0.04906255379319191,0.017044495791196823,0.0008371557341888547,0.14241188764572144,0.20004603266716003,15894
Reddit-S,42,operation_history,head3,T2,0.23098264634609222,0.16428788006305695,0.04144182801246643,0.0032824689988046885,0.5763435363769531,0.691807746887207,15894
Reddit-S,42,operation_history,head3,V0,0.1425085961818695,0.18769817054271698,0.1572188138961792,0.029530365020036697,0.3971855044364929,0.4640376567840576,15894
Reddit-S,42,operation_history,head3,V1,0.09227816015481949,0.17991480231285095,0.18946656584739685,0.045403141528367996,0.2945612072944641,0.320239782333374,15894
Reddit-S,42,operation_history,head3,V2,0.21357299387454987,0.37490329146385193,0.3654744625091553,0.08755596727132797,0.6706978678703308,0.73014897108078,15894
Reddit-S,42,operation_history,mean,T0,0.03466034680604935,0.03155706077814102,0.02005627751350403,0.0016951069701462984,0.07683780044317245,0.10005787014961243,15894
Reddit-S,42,operation_history,mean,T1,0.04866459220647812,0.041105885058641434,0.023117203265428543,0.00163833808619529,0.10556626319885254,0.14897330105304718,15894
Reddit-S,42,operation_history,mean,T2,0.16151288151741028,0.12340323626995087,0.06037288159132004,0.005149794276803732,0.3381110429763794,0.39717623591423035,15894
Reddit-S,42,operation_history,mean,V0,0.09365043044090271,0.14954042434692383,0.1330888867378235,0.03798174485564232,0.27951279282569885,0.31733742356300354,15894
Reddit-S,42,operation_history,mean,V1,0.08636337518692017,0.18937188386917114,0.18811172246932983,0.06590836495161057,0.30266737937927246,0.34277382493019104,15894
Reddit-S,42,operation_history,mean,V2,0.19530707597732544,0.4650215208530426,0.44981956481933594,0.2212565392255783,0.7197285294532776,0.8015597462654114,15894
Reddit-S,42,relation_operation_history,head0,T0,0.06246187910437584,0.025815695524215698,0.006136189214885235,0.0006529421079903841,0.05939970538020134,0.10795243829488754,15894
Reddit-S,42,relation_operation_history,head0,T1,0.04840150848031044,0.028396669775247574,0.006225289311259985,0.0005432040779851377,0.0927547961473465,0.13140802085399628,15894
Reddit-S,42,relation_operation_history,head0,T2,0.24206140637397766,0.14512543380260468,0.02428799495100975,0.002147878520190716,0.6412075161933899,0.7489046454429626,15894
Reddit-S,42,relation_operation_history,head0,V0,0.09762881696224213,0.11672572791576385,0.09525638818740845,0.013960217125713825,0.2516114115715027,0.30609697103500366,15894
Reddit-S,42,relation_operation_history,head0,V1,0.10206780582666397,0.17780208587646484,0.1842484176158905,0.031617168337106705,0.30008217692375183,0.35759127140045166,15894
Reddit-S,42,relation_operation_history,head0,V2,0.23980283737182617,0.5061343908309937,0.5592012405395508,0.11391187459230423,0.7764592170715332,0.8423125147819519,15894
Reddit-S,42,relation_operation_history,head1,T0,0.04672309383749962,0.03411947935819626,0.015252897515892982,0.0007305152248591185,0.0888606607913971,0.12526966631412506,15894
Reddit-S,42,relation_operation_history,head1,T1,0.08213123679161072,0.06713952869176865,0.031526245176792145,0.002248667413368821,0.17947086691856384,0.23743689060211182,15894
Reddit-S,42,relation_operation_history,head1,T2,0.16004334390163422,0.1141442283987999,0.04579664766788483,0.004017471801489592,0.34329953789711,0.48635393381118774,15894
Reddit-S,42,relation_operation_history,head1,V0,0.07449962198734283,0.09578993171453476,0.07642631977796555,0.023523500189185143,0.19267719984054565,0.23769883811473846,15894
Reddit-S,42,relation_operation_history,head1,V1,0.13049860298633575,0.273405522108078,0.2811543941497803,0.08949653804302216,0.44057926535606384,0.4839406907558441,15894
Reddit-S,42,relation_operation_history,head1,V2,0.2033987045288086,0.4154013395309448,0.4231378734111786,0.14376713335514069,0.6832789182662964,0.7486261129379272,15894
Reddit-S,42,relation_operation_history,head2,T0,0.07747712731361389,0.05095363408327103,0.01436338946223259,0.0004844096547458321,0.16678167879581451,0.22379666566848755,15894
Reddit-S,42,relation_operation_history,head2,T1,0.0871635377407074,0.05134286358952522,0.011148733086884022,0.00014481681864708662,0.17395953834056854,0.25215116143226624,15894
Reddit-S,42,relation_operation_history,head2,T2,0.16288679838180542,0.0894009917974472,0.029002420604228973,0.0011792334262281656,0.24419550597667694,0.39205294847488403,15894
Reddit-S,42,relation_operation_history,head2,V0,0.10893888771533966,0.1543133705854416,0.1410280466079712,0.018978530541062355,0.3037719130516052,0.34764420986175537,15894
Reddit-S,42,relation_operation_history,head2,V1,0.09297817945480347,0.1836833506822586,0.17733165621757507,0.06539123505353928,0.30390089750289917,0.3294236361980438,15894
Reddit-S,42,relation_operation_history,head2,V2,0.26157256960868835,0.47030574083328247,0.48979416489601135,0.08977428078651428,0.8340481519699097,0.8883450627326965,15894
Reddit-S,42,relation_operation_history,head3,T0,0.07530277967453003,0.057595279067754745,0.02746361307799816,0.0015642984071746469,0.16024349629878998,0.22021906077861786,15894
Reddit-S,42,relation_operation_history,head3,T1,0.0775175616145134,0.058476001024246216,0.0300125852227211,0.0008316902094520628,0.15328213572502136,0.2140195071697235,15894
Reddit-S,42,relation_operation_history,head3,T2,0.2105584293603897,0.1626480519771576,0.07609271258115768,0.004523304291069508,0.5328425765037537,0.679394006729126,15894
Reddit-S,42,relation_operation_history,head3,V0,0.08854150027036667,0.15122216939926147,0.14664089679718018,0.03357534483075142,0.2681821286678314,0.3016643524169922,15894
Reddit-S,42,relation_operation_history,head3,V1,0.08307851850986481,0.17661069333553314,0.18074636161327362,0.058257993310689926,0.28029531240463257,0.30620044469833374,15894
Reddit-S,42,relation_operation_history,head3,V2,0.205420583486557,0.3934478461742401,0.39835602045059204,0.11841852962970734,0.6692168712615967,0.7148927450180054,15894
Reddit-S,42,relation_operation_history,mean,T0,0.04478493705391884,0.04212102293968201,0.027877971529960632,0.004671155009418726,0.09729932248592377,0.12709127366542816,15894
Reddit-S,42,relation_operation_history,mean,T1,0.047351203858852386,0.051338765770196915,0.038905754685401917,0.005491762422025204,0.11154496669769287,0.14479729533195496,15894
Reddit-S,42,relation_operation_history,mean,T2,0.14310894906520844,0.1278296709060669,0.07680708169937134,0.013236391358077526,0.34240829944610596,0.3994820713996887,15894
Reddit-S,42,relation_operation_history,mean,V0,0.06946532428264618,0.12951280176639557,0.11910420656204224,0.05030890554189682,0.22448261082172394,0.25991523265838623,15894
Reddit-S,42,relation_operation_history,mean,V1,0.0751347467303276,0.20287540555000305,0.21061164140701294,0.10071712732315063,0.28716787695884705,0.3193936347961426,15894
Reddit-S,42,relation_operation_history,mean,V2,0.1670851856470108,0.4463222920894623,0.4369439482688904,0.24172773957252502,0.6731945872306824,0.7343242168426514,15894
Reddit-S,43,state_history,head0,T0,0.04819357395172119,0.030813483521342278,0.012066086754202843,0.00101862708106637,0.08328989148139954,0.1271059662103653,15894
Reddit-S,43,state_history,head0,T1,0.07327744364738464,0.07570316642522812,0.04976905137300491,0.007417612709105015,0.1799817830324173,0.22133460640907288,15894
Reddit-S,43,state_history,head0,T2,0.2550157308578491,0.22530478239059448,0.11504232883453369,0.012987436726689339,0.7158856391906738,0.8028860092163086,15894
Reddit-S,43,state_history,head0,V0,0.08138512820005417,0.07930780947208405,0.0532669797539711,0.006896570324897766,0.18754234910011292,0.25352242588996887,15894
Reddit-S,43,state_history,head0,V1,0.1921500861644745,0.29917261004447937,0.2977115511894226,0.020647438243031502,0.5638915300369263,0.6259730458259583,15894
Reddit-S,43,state_history,head0,V2,0.15845642983913422,0.28969815373420715,0.3031604290008545,0.028466450050473213,0.4737277328968048,0.5356042385101318,15894
Reddit-S,43,state_history,head1,T0,0.022073591127991676,0.012974479235708714,0.0035269702784717083,0.00014902962720952928,0.036740418523550034,0.05431767925620079,15894
Reddit-S,43,state_history,head1,T1,0.12501785159111023,0.08417179435491562,0.017126895487308502,0.0010175674688071012,0.29690033197402954,0.36967605352401733,15894
Reddit-S,43,state_history,head1,T2,0.21929475665092468,0.17402198910713196,0.05479519069194794,0.004013972822576761,0.5214877724647522,0.6322953701019287,15894
Reddit-S,43,state_history,head1,V0,0.05712318420410156,0.060076769441366196,0.04126811772584915,0.007248115260154009,0.14058028161525726,0.17683446407318115,15894
Reddit-S,43,state_history,head1,V1,0.16630619764328003,0.3171616494655609,0.3344576358795166,0.06154853105545044,0.5233772993087769,0.5638379454612732,15894
Reddit-S,43,state_history,head1,V2,0.1964091956615448,0.3515933156013489,0.3943670690059662,0.04256496578454971,0.5775650143623352,0.6272286772727966,15894
Reddit-S,43,state_history,head2,T0,0.053392134606838226,0.03069576434791088,0.009677667170763016,0.0002851264725904912,0.08453138172626495,0.1383446455001831,15894
Reddit-S,43,state_history,head2,T1,0.06311830878257751,0.04811885207891464,0.020268596708774567,0.0015267384005710483,0.1478389948606491,0.18769225478172302,15894
Reddit-S,43,state_history,head2,T2,0.1687883734703064,0.11382404714822769,0.03932010382413864,0.0031633649487048388,0.3993319272994995,0.5502021312713623,15894
Reddit-S,43,state_history,head2,V0,0.13491086661815643,0.11940301954746246,0.05878542363643646,0.013171738013625145,0.3382183015346527,0.4272485673427582,15894
Reddit-S,43,state_history,head2,V1,0.16458585858345032,0.30325329303741455,0.27413496375083923,0.09256736934185028,0.5461305975914001,0.6029574871063232,15894
Reddit-S,43,state_history,head2,V2,0.19336766004562378,0.3847050070762634,0.3670506775379181,0.14011667668819427,0.6722601652145386,0.7364501953125,15894
Reddit-S,43,state_history,head3,T0,0.03728344291448593,0.015267857350409031,0.0014083378482609987,1.558057192596607e-05,0.04583524167537689,0.09192486107349396,15894
Reddit-S,43,state_history,head3,T1,0.04996821656823158,0.03228037804365158,0.009009843692183495,0.0003130589611828327,0.10733852535486221,0.14705397188663483,15894
Reddit-S,43,state_history,head3,T2,0.14123541116714478,0.08991888910531998,0.02922697551548481,0.0016424856148660183,0.2797055244445801,0.38951051235198975,15894
Reddit-S,43,state_history,head3,V0,0.11038225144147873,0.06654230505228043,0.02073097601532936,0.0012681011576205492,0.19478464126586914,0.3131372034549713,15894
Reddit-S,43,state_history,head3,V1,0.16621965169906616,0.2928835153579712,0.2688637375831604,0.09291666001081467,0.5278258323669434,0.5817161202430725,15894
Reddit-S,43,state_history,head3,V2,0.21977655589580536,0.5031070113182068,0.4780307412147522,0.21750232577323914,0.8190918564796448,0.8885233402252197,15894
Reddit-S,43,state_history,mean,T0,0.02805520035326481,0.022437898442149162,0.0124253174290061,0.00092886365018785,0.0595819316804409,0.08214019238948822,15894
Reddit-S,43,state_history,mean,T1,0.05886448174715042,0.06006854772567749,0.04093513637781143,0.008114623837172985,0.1445108950138092,0.19651947915554047,15894
Reddit-S,43,state_history,mean,T2,0.1585642695426941,0.15076741576194763,0.09531475603580475,0.021355008706450462,0.43839696049690247,0.5344852805137634,15894
Reddit-S,43,state_history,mean,V0,0.08321931213140488,0.08133247494697571,0.051695793867111206,0.012825206853449345,0.19442275166511536,0.26419582962989807,15894
Reddit-S,43,state_history,mean,V1,0.1418096125125885,0.3031177222728729,0.2965713143348694,0.09771405905485153,0.5043743848800659,0.5466309189796448,15894
Reddit-S,43,state_history,mean,V2,0.14677639305591583,0.38227593898773193,0.38176751136779785,0.19303365051746368,0.580535888671875,0.6243180632591248,15894
Reddit-S,43,operation_history,head0,T0,0.058886125683784485,0.04601163789629936,0.023508761078119278,0.0012197134783491492,0.12769126892089844,0.1733105331659317,15894
Reddit-S,43,operation_history,head0,T1,0.06089673936367035,0.050100866705179214,0.023562662303447723,0.0012278344947844744,0.1443609893321991,0.1748919039964676,15894
Reddit-S,43,operation_history,head0,T2,0.22648897767066956,0.15530262887477875,0.05417510122060776,0.005989100784063339,0.6223647594451904,0.7198428511619568,15894
Reddit-S,43,operation_history,head0,V0,0.1168971061706543,0.12206602841615677,0.0857163593173027,0.012528744526207447,0.29190778732299805,0.3670201897621155,15894
Reddit-S,43,operation_history,head0,V1,0.10470753908157349,0.17599625885486603,0.17257681488990784,0.021566128358244896,0.3126174807548523,0.35187917947769165,15894
Reddit-S,43,operation_history,head0,V2,0.25464826822280884,0.45052263140678406,0.4522891044616699,0.0733526423573494,0.7959279417991638,0.8490393757820129,15894
Reddit-S,43,operation_history,head1,T0,0.05193169042468071,0.03144580498337746,0.011557472869753838,0.00022784352768212557,0.08883631974458694,0.1331307291984558,15894
Reddit-S,43,operation_history,head1,T1,0.1254529058933258,0.08084546774625778,0.014336994849145412,0.0002202731993747875,0.28704872727394104,0.3701198399066925,15894
Reddit-S,43,operation_history,head1,T2,0.23334002494812012,0.17770928144454956,0.042558059096336365,0.0011002873070538044,0.5834174156188965,0.6593173146247864,15894
Reddit-S,43,operation_history,head1,V0,0.108919657766819,0.12607884407043457,0.10658988356590271,0.007799486629664898,0.2662491798400879,0.3312954902648926,15894
Reddit-S,43,operation_history,head1,V1,0.12205251306295395,0.21132896840572357,0.23116344213485718,0.02025599777698517,0.3589879274368286,0.38948559761047363,15894
Reddit-S,43,operation_history,head1,V2,0.22896094620227814,0.37259161472320557,0.4203876256942749,0.02197778783738613,0.6495242714881897,0.7195744514465332,15894
Reddit-S,43,operation_history,head2,T0,0.04895884543657303,0.027653854340314865,0.008227506652474403,0.0005232514813542366,0.07947099953889847,0.12693770229816437,15894
Reddit-S,43,operation_history,head2,T1,0.03874589502811432,0.01950678601861,0.00548891443759203,0.00022973371960688382,0.05147446319460869,0.0882360190153122,15894
Reddit-S,43,operation_history,head2,T2,0.12520666420459747,0.06751981377601624,0.023519784212112427,0.0010608541779220104,0.16505292057991028,0.27192291617393494,15894
Reddit-S,43,operation_history,head2,V0,0.15051986277103424,0.18814776837825775,0.14981254935264587,0.03407817706465721,0.40553370118141174,0.5004467368125916,15894
Reddit-S,43,operation_history,head2,V1,0.08450321853160858,0.15660126507282257,0.14487142860889435,0.06124464422464371,0.2686847150325775,0.31745845079421997,15894
Reddit-S,43,operation_history,head2,V2,0.21799109876155853,0.5405705571174622,0.5547353625297546,0.23804470896720886,0.8187351226806641,0.8592263460159302,15894
Reddit-S,43,operation_history,head3,T0,0.04733143001794815,0.02252190373837948,0.003287968225777149,3.1026214855955914e-05,0.07072065025568008,0.12138050049543381,15894
Reddit-S,43,operation_history,head3,T1,0.05861473083496094,0.03565416857600212,0.005450866185128689,4.977617209078744e-05,0.11494380980730057,0.16061337292194366,15894
Reddit-S,43,operation_history,head3,T2,0.1835990697145462,0.1068803071975708,0.017555348575115204,0.0004356666177045554,0.41102445125579834,0.5665890574455261,15894
Reddit-S,43,operation_history,head3,V0,0.15750913321971893,0.11429286748170853,0.048845354467630386,0.0038568051531910896,0.3380378782749176,0.4877895712852478,15894
Reddit-S,43,operation_history,head3,V1,0.11426550894975662,0.1776794046163559,0.15926200151443481,0.03710940480232239,0.33924517035484314,0.38097521662712097,15894
Reddit-S,43,operation_history,head3,V2,0.2744213044643402,0.5429713129997253,0.5741589069366455,0.1422792375087738,0.8950392007827759,0.9333667159080505,15894
Reddit-S,43,operation_history,mean,T0,0.03184471279382706,0.0319082997739315,0.021640021353960037,0.002732215216383338,0.07629095017910004,0.09628039598464966,15894
Reddit-S,43,operation_history,mean,T1,0.05134228989481926,0.046526823192834854,0.026667483150959015,0.002253980142995715,0.12186753749847412,0.14747187495231628,15894
Reddit-S,43,operation_history,mean,T2,0.15225709974765778,0.12685300409793854,0.06574208289384842,0.011366070248186588,0.3775326907634735,0.4821925461292267,15894
Reddit-S,43,operation_history,mean,V0,0.09860963374376297,0.1376463919878006,0.11511725187301636,0.03081957995891571,0.27792832255363464,0.3295482397079468,15894
Reddit-S,43,operation_history,mean,V1,0.08067091554403305,0.18040147423744202,0.18050803244113922,0.059429414570331573,0.2810271084308624,0.31822580099105835,15894
Reddit-S,43,operation_history,mean,V2,0.18094655871391296,0.4766640067100525,0.4736791253089905,0.2464178502559662,0.7230936288833618,0.7636412382125854,15894
Reddit-S,43,relation_operation_history,head0,T0,0.045630939304828644,0.024784835055470467,0.007214987650513649,0.00017776378081180155,0.07165472954511642,0.11801827698945999,15894
Reddit-S,43,relation_operation_history,head0,T1,0.0633900836110115,0.04532139375805855,0.0160847008228302,0.0004918769700452685,0.1428331434726715,0.18465375900268555,15894
Reddit-S,43,relation_operation_history,head0,T2,0.20483949780464172,0.13065463304519653,0.03655066713690758,0.002195973414927721,0.4963776171207428,0.6681991815567017,15894
Reddit-S,43,relation_operation_history,head0,V0,0.09238877147436142,0.07606251537799835,0.043017517775297165,0.00633382610976696,0.1921379119157791,0.2764149010181427,15894
Reddit-S,43,relation_operation_history,head0,V1,0.11527354270219803,0.21034659445285797,0.21152138710021973,0.052149392664432526,0.3535432517528534,0.40812432765960693,15894
Reddit-S,43,relation_operation_history,head0,V2,0.24351468682289124,0.5128300786018372,0.5375683307647705,0.1450614333152771,0.8217687606811523,0.8629289269447327,15894
Reddit-S,43,relation_operation_history,head1,T0,0.05218549072742462,0.018899668008089066,0.0022917226888239384,9.381335985381156e-05,0.04704434797167778,0.09564637392759323,15894
Reddit-S,43,relation_operation_history,head1,T1,0.09400284290313721,0.049455270171165466,0.002349233254790306,8.106153109110892e-05,0.17423507571220398,0.2662894129753113,15894
Reddit-S,43,relation_operation_history,head1,T2,0.2684752643108368,0.17516054213047028,0.017721693962812424,0.0006298447260633111,0.6580877304077148,0.7989701628684998,15894
Reddit-S,43,relation_operation_history,head1,V0,0.09088754653930664,0.06311166286468506,0.029627405107021332,0.0019015772268176079,0.17519505321979523,0.2610301077365875,15894
Reddit-S,43,relation_operation_history,head1,V1,0.11553733050823212,0.1681799441576004,0.15340036153793335,0.010065405629575253,0.3300890326499939,0.3707242012023926,15894
Reddit-S,43,relation_operation_history,head1,V2,0.2947355806827545,0.52519291639328,0.5998029708862305,0.015841305255889893,0.8638150095939636,0.8964068293571472,15894
Reddit-S,43,relation_operation_history,head2,T0,0.06636827439069748,0.03181082755327225,0.005511994007974863,9.230040450347587e-05,0.09538908302783966,0.16323943436145782,15894
Reddit-S,43,relation_operation_history,head2,T1,0.04594486579298973,0.02715827152132988,0.0067135924473404884,0.00010559919610386714,0.08018419146537781,0.12209992110729218,15894
Reddit-S,43,relation_operation_history,head2,T2,0.17878858745098114,0.10877548903226852,0.02522854134440422,0.0007509883726015687,0.3336218297481537,0.5304941534996033,15894
Reddit-S,43,relation_operation_history,head2,V0,0.1377512812614441,0.1275230050086975,0.07869470864534378,0.008944278582930565,0.31905630230903625,0.4191378057003021,15894
Reddit-S,43,relation_operation_history,head2,V1,0.10559476912021637,0.18942847847938538,0.17579269409179688,0.06328430026769638,0.3359904885292053,0.37694478034973145,15894
Reddit-S,43,relation_operation_history,head2,V2,0.24465298652648926,0.5153039693832397,0.5259532332420349,0.16206741333007812,0.8420765399932861,0.8855725526809692,15894
Reddit-S,43,relation_operation_history,head3,T0,0.061287544667720795,0.030368151143193245,0.004632166586816311,7.64192154747434e-05,0.09519504010677338,0.15538954734802246,15894
Reddit-S,43,relation_operation_history,head3,T1,0.05076909437775612,0.030611731112003326,0.005206566769629717,0.00012367460294626653,0.10367051512002945,0.1458444893360138,15894
Reddit-S,43,relation_operation_history,head3,T2,0.20389290153980255,0.11263206601142883,0.015145939774811268,0.000641019840259105,0.4661462903022766,0.6572738289833069,15894
Reddit-S,43,relation_operation_history,head3,V0,0.1155446469783783,0.11307262629270554,0.07358632981777191,0.00800984539091587,0.26991769671440125,0.33875572681427,15894
Reddit-S,43,relation_operation_history,head3,V1,0.11790130287408829,0.21311861276626587,0.2163953185081482,0.045350465923547745,0.36369675397872925,0.39711982011795044,15894
Reddit-S,43,relation_operation_history,head3,V2,0.25266799330711365,0.5001968145370483,0.5085017681121826,0.1417352706193924,0.8344954252243042,0.8981701731681824,15894
Reddit-S,43,relation_operation_history,mean,T0,0.039714157581329346,0.026465870440006256,0.011352553963661194,0.0006687025306746364,0.07030992209911346,0.10347440093755722,15894
Reddit-S,43,relation_operation_history,mean,T1,0.048313308507204056,0.038136664777994156,0.0187853891402483,0.0010412841802462935,0.10196074098348618,0.13168972730636597,15894
Reddit-S,43,relation_operation_history,mean,T2,0.16211503744125366,0.1318056732416153,0.06126934662461281,0.006219946779310703,0.4115067720413208,0.5016928911209106,15894
Reddit-S,43,relation_operation_history,mean,V0,0.08732269704341888,0.09494246542453766,0.06641839444637299,0.011482901871204376,0.21964669227600098,0.27108994126319885,15894
Reddit-S,43,relation_operation_history,mean,V1,0.08500651270151138,0.19526837766170502,0.19536328315734863,0.08378200232982635,0.3067839443683624,0.34138500690460205,15894
Reddit-S,43,relation_operation_history,mean,V2,0.2046246975660324,0.5133809447288513,0.49996480345726013,0.2576998770236969,0.7967822551727295,0.8404750823974609,15894
Reddit-S,44,state_history,head0,T0,0.11773789674043655,0.08385427296161652,0.02776964008808136,0.0007779873558320105,0.25468558073043823,0.3453238606452942,15894
Reddit-S,44,state_history,head0,T1,0.08321720361709595,0.07491917163133621,0.042551103979349136,0.0006983893108554184,0.20476150512695312,0.241216778755188,15894
Reddit-S,44,state_history,head0,T2,0.24901056289672852,0.18566441535949707,0.06836562603712082,0.0026421204674988985,0.6468400955200195,0.7771553993225098,15894
Reddit-S,44,state_history,head0,V0,0.17719490826129913,0.17875505983829498,0.12746977806091309,0.005906299222260714,0.4128647446632385,0.5336750745773315,15894
Reddit-S,44,state_history,head0,V1,0.09346308559179306,0.1490953266620636,0.1471284031867981,0.024944309145212173,0.2742112874984741,0.3121430575847626,15894
Reddit-S,44,state_history,head0,V2,0.2549521327018738,0.32771173119544983,0.2822526693344116,0.03340049088001251,0.7125690579414368,0.810867190361023,15894
Reddit-S,44,state_history,head1,T0,0.10494671761989594,0.05434126406908035,0.0062653301283717155,0.00012757971126120538,0.18590125441551208,0.296726256608963,15894
Reddit-S,44,state_history,head1,T1,0.09907030314207077,0.0551258809864521,0.007957730442285538,0.00014487103908322752,0.20979264378547668,0.3096601068973541,15894
Reddit-S,44,state_history,head1,T2,0.22123302519321442,0.12698277831077576,0.01764654368162155,0.0009528435184620321,0.46362313628196716,0.6795203685760498,15894
Reddit-S,44,state_history,head1,V0,0.1591089963912964,0.18253225088119507,0.14174559712409973,0.012079055421054363,0.42821210622787476,0.5008788108825684,15894
Reddit-S,44,state_history,head1,V1,0.1027451679110527,0.1775621771812439,0.18488946557044983,0.024980828166007996,0.30597585439682007,0.33939552307128906,15894
Reddit-S,44,state_history,head1,V2,0.2692643105983734,0.4034556746482849,0.3758869767189026,0.041273828595876694,0.769636332988739,0.8493229150772095,15894
Reddit-S,44,state_history,head2,T0,0.055668529123067856,0.019230179488658905,0.0011129507329314947,1.7907534129335545e-05,0.048580434173345566,0.10449536889791489,15894
Reddit-S,44,state_history,head2,T1,0.05040614679455757,0.023314163088798523,0.0034690434113144875,0.00013048861001152545,0.0647663027048111,0.12425744533538818,15894
Reddit-S,44,state_history,head2,T2,0.1625620424747467,0.07863669842481613,0.014843837358057499,0.0009032053640112281,0.23704643547534943,0.38185760378837585,15894
Reddit-S,44,state_history,head2,V0,0.1084076315164566,0.08188558369874954,0.039118338376283646,0.005490310024470091,0.22855746746063232,0.32494714856147766,15894
Reddit-S,44,state_history,head2,V1,0.16080057621002197,0.2416134774684906,0.21231034398078918,0.05130349472165108,0.4827063977718353,0.5420569777488708,15894
Reddit-S,44,state_history,head2,V2,0.24114973843097687,0.5553198456764221,0.5561474561691284,0.21841637790203094,0.8867566585540771,0.9272976517677307,15894
Reddit-S,44,state_history,head3,T0,0.05317568778991699,0.02868283912539482,0.006154661998152733,0.00017342001956421882,0.08471937477588654,0.13029120862483978,15894
Reddit-S,44,state_history,head3,T1,0.07066242396831512,0.04340244084596634,0.007160466630011797,0.00019328677444718778,0.16336914896965027,0.20849795639514923,15894
Reddit-S,44,state_history,head3,T2,0.2750515341758728,0.17962084710597992,0.029596181586384773,0.0010529811261221766,0.6982943415641785,0.8140425086021423,15894
Reddit-S,44,state_history,head3,V0,0.12917254865169525,0.13463154435157776,0.09321486949920654,0.006134369410574436,0.32034364342689514,0.3861950933933258,15894
Reddit-S,44,state_history,head3,V1,0.14528238773345947,0.20169351994991302,0.18243424594402313,0.01403840072453022,0.3964346945285797,0.5090582370758057,15894
Reddit-S,44,state_history,head3,V2,0.25588539242744446,0.41196882724761963,0.43374621868133545,0.028753336519002914,0.7477371096611023,0.803524911403656,15894
Reddit-S,44,state_history,mean,T0,0.04883916676044464,0.04652713984251022,0.030910104513168335,0.001952843158505857,0.11453981697559357,0.14283297955989838,15894
Reddit-S,44,state_history,mean,T1,0.04518059268593788,0.04919040948152542,0.03701035678386688,0.0029123008716851473,0.11636574566364288,0.13976739346981049,15894
Reddit-S,44,state_history,mean,T2,0.17430399358272552,0.14272618293762207,0.08470713347196579,0.013969634659588337,0.3845956027507782,0.4756679832935333,15894
Reddit-S,44,state_history,mean,V0,0.09814491868019104,0.1444510966539383,0.12745638191699982,0.034171219915151596,0.2783997058868408,0.3273380696773529,15894
Reddit-S,44,state_history,mean,V1,0.0817214623093605,0.19249111413955688,0.19593170285224915,0.08987049013376236,0.2966043949127197,0.31913599371910095,15894
Reddit-S,44,state_history,mean,V2,0.19058245420455933,0.4246140718460083,0.4008193016052246,0.2032017856836319,0.6840593218803406,0.7362194061279297,15894
Reddit-S,44,operation_history,head0,T0,0.10365360230207443,0.06369919329881668,0.014018652960658073,0.0004697335243690759,0.21748563647270203,0.3015592098236084,15894
Reddit-S,44,operation_history,head0,T1,0.059742625802755356,0.04099184647202492,0.0085203368216753,0.0001773259718902409,0.13574954867362976,0.17047849297523499,15894
Reddit-S,44,operation_history,head0,T2,0.2783212959766388,0.18006207048892975,0.029037103056907654,0.0010591514874249697,0.7406499981880188,0.8560152649879456,15894
Reddit-S,44,operation_history,head0,V0,0.17574366927146912,0.18150046467781067,0.12405726313591003,0.006935434881597757,0.436206579208374,0.5167680382728577,15894
Reddit-S,44,operation_history,head0,V1,0.07481032609939575,0.11473038047552109,0.11697392165660858,0.009809213690459728,0.2107417732477188,0.23736572265625,15894
Reddit-S,44,operation_history,head0,V2,0.29647886753082275,0.4190160930156708,0.4112715423107147,0.023844338953495026,0.8154388070106506,0.865384578704834,15894
Reddit-S,44,operation_history,head1,T0,0.10330767929553986,0.05157139524817467,0.008476260118186474,0.00021268682030495256,0.1548619121313095,0.2900479733943939,15894
Reddit-S,44,operation_history,head1,T1,0.08219033479690552,0.05001996085047722,0.009045284241437912,0.0002230757672805339,0.16581444442272186,0.24587874114513397,15894
Reddit-S,44,operation_history,head1,T2,0.26793935894966125,0.1813080906867981,0.028049342334270477,0.0012990483082830906,0.6623186469078064,0.8189451694488525,15894
Reddit-S,44,operation_history,head1,V0,0.16432256996631622,0.17140187323093414,0.12802167236804962,0.004656156059354544,0.4227866530418396,0.5175290703773499,15894
Reddit-S,44,operation_history,head1,V1,0.08119779080152512,0.1234152764081955,0.12309341132640839,0.009013717994093895,0.22710131108760834,0.2664344906806946,15894
Reddit-S,44,operation_history,head1,V2,0.2888501286506653,0.422283411026001,0.4092634916305542,0.01724562793970108,0.8182771801948547,0.8928033709526062,15894
Reddit-S,44,operation_history,head2,T0,0.04562930390238762,0.015559163875877857,0.0008298479951918125,2.2677484594169073e-05,0.04475671052932739,0.08258457481861115,15894
Reddit-S,44,operation_history,head2,T1,0.04147229343652725,0.014665929600596428,0.0004542556998785585,9.951472748070955e-06,0.046745914965867996,0.08009694516658783,15894
Reddit-S,44,operation_history,head2,T2,0.2009841501712799,0.08321146667003632,0.003083593677729368,0.00012867328769061714,0.33077317476272583,0.5341472029685974,15894
Reddit-S,44,operation_history,head2,V0,0.10111279040575027,0.09692681580781937,0.06619995832443237,0.005157741252332926,0.2308124303817749,0.2936321794986725,15894
Reddit-S,44,operation_history,head2,V1,0.11267978698015213,0.1460442692041397,0.11676277965307236,0.023754896596074104,0.3103588819503784,0.36831843852996826,15894
Reddit-S,44,operation_history,head2,V2,0.25727319717407227,0.6435922980308533,0.6950047016143799,0.26568180322647095,0.9382674098014832,0.9654617309570312,15894
Reddit-S,44,operation_history,head3,T0,0.08181413263082504,0.03644375875592232,0.0029139176476746798,3.509726593620144e-05,0.10953634977340698,0.18938003480434418,15894
Reddit-S,44,operation_history,head3,T1,0.04827737808227539,0.02369084395468235,0.0009955752175301313,1.000301563180983e-05,0.09692439436912537,0.14928068220615387,15894
Reddit-S,44,operation_history,head3,T2,0.2520657479763031,0.1348920464515686,0.008771613240242004,0.00014014971384312958,0.605647623538971,0.7646760940551758,15894
Reddit-S,44,operation_history,head3,V0,0.1662464439868927,0.14020244777202606,0.061793066561222076,0.008223754353821278,0.4053349792957306,0.5027623772621155,15894
Reddit-S,44,operation_history,head3,V1,0.09861566871404648,0.11906613409519196,0.09438449144363403,0.015738369897007942,0.25810521841049194,0.32944390177726746,15894
Reddit-S,44,operation_history,head3,V2,0.3028208017349243,0.5457048416137695,0.6214789748191833,0.056235287338495255,0.8895689249038696,0.9237978458404541,15894
Reddit-S,44,operation_history,mean,T0,0.04627241566777229,0.04181837663054466,0.025168832391500473,0.0018619034672155976,0.10766952484846115,0.13487641513347626,15894
Reddit-S,44,operation_history,mean,T1,0.03428613767027855,0.03234214335680008,0.020801758393645287,0.000980023993179202,0.08453503251075745,0.1034502163529396,15894
Reddit-S,44,operation_history,mean,T2,0.1861051619052887,0.1448684185743332,0.07880820333957672,0.006039758678525686,0.4003472626209259,0.5070238709449768,15894
Reddit-S,44,operation_history,mean,V0,0.10050812363624573,0.14750789105892181,0.12322989106178284,0.037927258759737015,0.2886272966861725,0.3323002755641937,15894
Reddit-S,44,operation_history,mean,V1,0.06144222617149353,0.1258140206336975,0.11945289373397827,0.05433778837323189,0.20806196331977844,0.23508772253990173,15894
Reddit-S,44,operation_history,mean,V2,0.20630842447280884,0.5076491236686707,0.5137431621551514,0.2434643805027008,0.7678758502006531,0.8106241226196289,15894
Reddit-S,44,relation_operation_history,head0,T0,0.10237222164869308,0.05440017208456993,0.009959587827324867,0.00018692502635531127,0.1786663681268692,0.2883613407611847,15894
Reddit-S,44,relation_operation_history,head0,T1,0.07522078603506088,0.04772426187992096,0.006689175963401794,0.00010096633195644245,0.1512620747089386,0.2055160403251648,15894
Reddit-S,44,relation_operation_history,head0,T2,0.27925601601600647,0.18009056150913239,0.024017445743083954,0.0006762727280147374,0.745927631855011,0.8702418208122253,15894
Reddit-S,44,relation_operation_history,head0,V0,0.1544223427772522,0.13261747360229492,0.0740775540471077,0.0029099988751113415,0.372794508934021,0.4750693738460541,15894
Reddit-S,44,relation_operation_history,head0,V1,0.09359467774629593,0.1339227855205536,0.1251424103975296,0.00396848376840353,0.26319149136543274,0.29364311695098877,15894
Reddit-S,44,relation_operation_history,head0,V2,0.3105476200580597,0.4512447416782379,0.4665323793888092,0.010005203075706959,0.8586136698722839,0.8956205248832703,15894
Reddit-S,44,relation_operation_history,head1,T0,0.10962268710136414,0.062445323914289474,0.01832505688071251,0.0007932599983178079,0.175447478890419,0.34070271253585815,15894
Reddit-S,44,relation_operation_history,head1,T1,0.06525082886219025,0.04907853156328201,0.018227163702249527,0.000988457235507667,0.14656886458396912,0.18553724884986877,15894
Reddit-S,44,relation_operation_history,head1,T2,0.21292737126350403,0.15218627452850342,0.05911262333393097,0.005747956223785877,0.4260592758655548,0.7213227152824402,15894
Reddit-S,44,relation_operation_history,head1,V0,0.11445535719394684,0.14644402265548706,0.13289593160152435,0.011794116348028183,0.3022964894771576,0.35334348678588867,15894
Reddit-S,44,relation_operation_history,head1,V1,0.08494440466165543,0.1553434580564499,0.1622016727924347,0.020636912435293198,0.25578203797340393,0.29060354828834534,15894
Reddit-S,44,relation_operation_history,head1,V2,0.25288811326026917,0.43450236320495605,0.452431321144104,0.036248065531253815,0.7581949234008789,0.8219760060310364,15894
Reddit-S,44,relation_operation_history,head2,T0,0.06097875535488129,0.026944223791360855,0.004439139273017645,0.0002510115155018866,0.07399391382932663,0.12471896409988403,15894
Reddit-S,44,relation_operation_history,head2,T1,0.03538719564676285,0.016950266435742378,0.0023090161848813295,0.00012500524462666363,0.05622025206685066,0.08581120520830154,15894
Reddit-S,44,relation_operation_history,head2,T2,0.1715710610151291,0.07529881596565247,0.00786388199776411,0.0006123152561485767,0.26949477195739746,0.4293646216392517,15894
Reddit-S,44,relation_operation_history,head2,V0,0.13856397569179535,0.1461952179670334,0.0993511825799942,0.021453674882650375,0.341881662607193,0.44108641147613525,15894
Reddit-S,44,relation_operation_history,head2,V1,0.10680845379829407,0.1732163280248642,0.1543692946434021,0.06344855576753616,0.29379233717918396,0.4062982499599457,15894
Reddit-S,44,relation_operation_history,head2,V2,0.2322775274515152,0.5613952279090881,0.5956423878669739,0.23259088397026062,0.8401187658309937,0.8807507157325745,15894
Reddit-S,44,relation_operation_history,head3,T0,0.09554272890090942,0.05242054909467697,0.01105920784175396,0.00038224723539315164,0.16180722415447235,0.2483934909105301,15894
Reddit-S,44,relation_operation_history,head3,T1,0.0337681882083416,0.02056286484003067,0.005019894801080227,0.00015543191693723202,0.06020873039960861,0.08602652698755264,15894
Reddit-S,44,relation_operation_history,head3,T2,0.19469024240970612,0.10977401584386826,0.024240870028734207,0.0015530242817476392,0.3526611030101776,0.511188268661499,15894
Reddit-S,44,relation_operation_history,head3,V0,0.15893082320690155,0.15939387679100037,0.09534892439842224,0.013215909712016582,0.4166252911090851,0.48794054985046387,15894
Reddit-S,44,relation_operation_history,head3,V1,0.08549538254737854,0.11411155015230179,0.08554539829492569,0.02382638119161129,0.24522320926189423,0.2761150598526001,15894
Reddit-S,44,relation_operation_history,head3,V2,0.26786962151527405,0.5437371730804443,0.5712282657623291,0.15274740755558014,0.8951229453086853,0.933349609375,15894
Reddit-S,44,relation_operation_history,mean,T0,0.05823482573032379,0.04905256628990173,0.02698904275894165,0.002106928266584873,0.1285550594329834,0.16161534190177917,15894
Reddit-S,44,relation_operation_history,mean,T1,0.03605959191918373,0.03357898071408272,0.023910434916615486,0.0013980123912915587,0.07756692171096802,0.10064414143562317,15894
Reddit-S,44,relation_operation_history,mean,T2,0.17075927555561066,0.12933741509914398,0.07716937363147736,0.008095134980976582,0.34069666266441345,0.4388476014137268,15894
Reddit-S,44,relation_operation_history,mean,V0,0.10212104767560959,0.14616262912750244,0.12166664749383926,0.03705114126205444,0.29489144682884216,0.3479214906692505,15894
Reddit-S,44,relation_operation_history,mean,V1,0.06856117397546768,0.14414852857589722,0.13677334785461426,0.06667405366897583,0.23962998390197754,0.27476829290390015,15894
Reddit-S,44,relation_operation_history,mean,V2,0.2132141888141632,0.4977198839187622,0.4997853636741638,0.21893994510173798,0.7711567878723145,0.8153692483901978,15894
