dataset,variant,module,parameter_name,numel,active
Movies,full,model,no_context_text,64,True
Movies,full,model,no_context_visual,64,True
Movies,full,model,static_query_text,64,True
Movies,full,model,static_query_visual,64,True
Movies,full,model,text_projector.network.0.weight,196608,True
Movies,full,model,text_projector.network.0.bias,256,True
Movies,full,model,text_projector.network.1.weight,256,True
Movies,full,model,text_projector.network.1.bias,256,True
Movies,full,model,visual_projector.network.0.weight,196608,True
Movies,full,model,visual_projector.network.0.bias,256,True
Movies,full,model,visual_projector.network.1.weight,256,True
Movies,full,model,visual_projector.network.1.bias,256,True
Movies,full,model,text_relation_projection.weight,16384,True
Movies,full,model,visual_relation_projection.weight,16384,True
Movies,full,model,pair_text_encoder.network.0.weight,16576,True
Movies,full,model,pair_text_encoder.network.0.bias,64,True
Movies,full,model,pair_text_encoder.network.2.weight,64,True
Movies,full,model,pair_text_encoder.network.2.bias,64,True
Movies,full,model,pair_text_encoder.network.4.weight,4096,True
Movies,full,model,pair_text_encoder.network.4.bias,64,True
Movies,full,model,pair_visual_encoder.network.0.weight,16576,True
Movies,full,model,pair_visual_encoder.network.0.bias,64,True
Movies,full,model,pair_visual_encoder.network.2.weight,64,True
Movies,full,model,pair_visual_encoder.network.2.bias,64,True
Movies,full,model,pair_visual_encoder.network.4.weight,4096,True
Movies,full,model,pair_visual_encoder.network.4.bias,64,True
Movies,full,model,relation_text_cross_attention.attention.in_proj_weight,12288,True
Movies,full,model,relation_text_cross_attention.attention.in_proj_bias,192,True
Movies,full,model,relation_text_cross_attention.attention.out_proj.weight,4096,True
Movies,full,model,relation_text_cross_attention.attention.out_proj.bias,64,True
Movies,full,model,relation_text_cross_attention.norm.weight,64,True
Movies,full,model,relation_text_cross_attention.norm.bias,64,True
Movies,full,model,relation_visual_cross_attention.attention.in_proj_weight,12288,True
Movies,full,model,relation_visual_cross_attention.attention.in_proj_bias,192,True
Movies,full,model,relation_visual_cross_attention.attention.out_proj.weight,4096,True
Movies,full,model,relation_visual_cross_attention.attention.out_proj.bias,64,True
Movies,full,model,relation_visual_cross_attention.norm.weight,64,True
Movies,full,model,relation_visual_cross_attention.norm.bias,64,True
Movies,full,model,text_retriever.attention.in_proj_weight,12288,True
Movies,full,model,text_retriever.attention.out_proj.weight,4096,True
Movies,full,model,visual_retriever.attention.in_proj_weight,12288,True
Movies,full,model,visual_retriever.attention.out_proj.weight,4096,True
Movies,full,model,text_conditioner.relation.weight,2048,True
Movies,full,model,text_conditioner.state.weight,8192,True
Movies,full,model,text_conditioner.output.weight,2048,True
Movies,full,model,visual_conditioner.relation.weight,2048,True
Movies,full,model,visual_conditioner.state.weight,8192,True
Movies,full,model,visual_conditioner.output.weight,2048,True
Movies,full,model,text_operator.message.weight,65536,True
Movies,full,model,text_operator.down.weight,8192,True
Movies,full,model,text_operator.modulation.weight,2048,True
Movies,full,model,text_operator.up.weight,8192,True
Movies,full,model,text_operator.up.bias,256,True
Movies,full,model,visual_operator.message.weight,65536,True
Movies,full,model,visual_operator.down.weight,8192,True
Movies,full,model,visual_operator.modulation.weight,2048,True
Movies,full,model,visual_operator.up.weight,8192,True
Movies,full,model,visual_operator.up.bias,256,True
Movies,full,model,text_state_update.update.weight,65536,True
Movies,full,model,text_state_update.update.bias,256,True
Movies,full,model,text_state_update.norm.weight,256,True
Movies,full,model,text_state_update.norm.bias,256,True
Movies,full,model,visual_state_update.update.weight,65536,True
Movies,full,model,visual_state_update.update.bias,256,True
Movies,full,model,visual_state_update.norm.weight,256,True
Movies,full,model,visual_state_update.norm.bias,256,True
Movies,full,model,fusion.0.weight,131072,True
Movies,full,model,fusion.0.bias,256,True
Movies,full,model,fusion.1.weight,256,True
Movies,full,model,fusion.1.bias,256,True
Movies,full,classifier,weight,5120,True
Movies,full,classifier,bias,20,True
Movies,no_context,model,no_context_text,64,True
Movies,no_context,model,no_context_visual,64,True
Movies,no_context,model,static_query_text,64,True
Movies,no_context,model,static_query_visual,64,True
Movies,no_context,model,text_projector.network.0.weight,196608,True
Movies,no_context,model,text_projector.network.0.bias,256,True
Movies,no_context,model,text_projector.network.1.weight,256,True
Movies,no_context,model,text_projector.network.1.bias,256,True
Movies,no_context,model,visual_projector.network.0.weight,196608,True
Movies,no_context,model,visual_projector.network.0.bias,256,True
Movies,no_context,model,visual_projector.network.1.weight,256,True
Movies,no_context,model,visual_projector.network.1.bias,256,True
Movies,no_context,model,text_relation_projection.weight,16384,True
Movies,no_context,model,visual_relation_projection.weight,16384,True
Movies,no_context,model,pair_text_encoder.network.0.weight,16576,True
Movies,no_context,model,pair_text_encoder.network.0.bias,64,True
Movies,no_context,model,pair_text_encoder.network.2.weight,64,True
Movies,no_context,model,pair_text_encoder.network.2.bias,64,True
Movies,no_context,model,pair_text_encoder.network.4.weight,4096,True
Movies,no_context,model,pair_text_encoder.network.4.bias,64,True
Movies,no_context,model,pair_visual_encoder.network.0.weight,16576,True
Movies,no_context,model,pair_visual_encoder.network.0.bias,64,True
Movies,no_context,model,pair_visual_encoder.network.2.weight,64,True
Movies,no_context,model,pair_visual_encoder.network.2.bias,64,True
Movies,no_context,model,pair_visual_encoder.network.4.weight,4096,True
Movies,no_context,model,pair_visual_encoder.network.4.bias,64,True
Movies,no_context,model,relation_text_cross_attention.attention.in_proj_weight,12288,True
Movies,no_context,model,relation_text_cross_attention.attention.in_proj_bias,192,True
Movies,no_context,model,relation_text_cross_attention.attention.out_proj.weight,4096,True
Movies,no_context,model,relation_text_cross_attention.attention.out_proj.bias,64,True
Movies,no_context,model,relation_text_cross_attention.norm.weight,64,True
Movies,no_context,model,relation_text_cross_attention.norm.bias,64,True
Movies,no_context,model,relation_visual_cross_attention.attention.in_proj_weight,12288,True
Movies,no_context,model,relation_visual_cross_attention.attention.in_proj_bias,192,True
Movies,no_context,model,relation_visual_cross_attention.attention.out_proj.weight,4096,True
Movies,no_context,model,relation_visual_cross_attention.attention.out_proj.bias,64,True
Movies,no_context,model,relation_visual_cross_attention.norm.weight,64,True
Movies,no_context,model,relation_visual_cross_attention.norm.bias,64,True
Movies,no_context,model,text_retriever.attention.in_proj_weight,12288,True
Movies,no_context,model,text_retriever.attention.out_proj.weight,4096,True
Movies,no_context,model,visual_retriever.attention.in_proj_weight,12288,True
Movies,no_context,model,visual_retriever.attention.out_proj.weight,4096,True
Movies,no_context,model,text_conditioner.relation.weight,2048,True
Movies,no_context,model,text_conditioner.state.weight,8192,True
Movies,no_context,model,text_conditioner.output.weight,2048,True
Movies,no_context,model,visual_conditioner.relation.weight,2048,True
Movies,no_context,model,visual_conditioner.state.weight,8192,True
Movies,no_context,model,visual_conditioner.output.weight,2048,True
Movies,no_context,model,text_operator.message.weight,65536,True
Movies,no_context,model,text_operator.down.weight,8192,True
Movies,no_context,model,text_operator.modulation.weight,2048,True
Movies,no_context,model,text_operator.up.weight,8192,True
Movies,no_context,model,text_operator.up.bias,256,True
Movies,no_context,model,visual_operator.message.weight,65536,True
Movies,no_context,model,visual_operator.down.weight,8192,True
Movies,no_context,model,visual_operator.modulation.weight,2048,True
Movies,no_context,model,visual_operator.up.weight,8192,True
Movies,no_context,model,visual_operator.up.bias,256,True
Movies,no_context,model,text_state_update.update.weight,65536,True
Movies,no_context,model,text_state_update.update.bias,256,True
Movies,no_context,model,text_state_update.norm.weight,256,True
Movies,no_context,model,text_state_update.norm.bias,256,True
Movies,no_context,model,visual_state_update.update.weight,65536,True
Movies,no_context,model,visual_state_update.update.bias,256,True
Movies,no_context,model,visual_state_update.norm.weight,256,True
Movies,no_context,model,visual_state_update.norm.bias,256,True
Movies,no_context,model,fusion.0.weight,131072,True
Movies,no_context,model,fusion.0.bias,256,True
Movies,no_context,model,fusion.1.weight,256,True
Movies,no_context,model,fusion.1.bias,256,True
Movies,no_context,classifier,weight,5120,True
Movies,no_context,classifier,bias,20,True
Movies,shared_relation,model,no_context_text,64,False
Movies,shared_relation,model,no_context_visual,64,False
Movies,shared_relation,model,static_query_text,64,True
Movies,shared_relation,model,static_query_visual,64,True
Movies,shared_relation,model,shared_relation_text,64,True
Movies,shared_relation,model,shared_relation_visual,64,True
Movies,shared_relation,model,text_projector.network.0.weight,196608,True
Movies,shared_relation,model,text_projector.network.0.bias,256,True
Movies,shared_relation,model,text_projector.network.1.weight,256,True
Movies,shared_relation,model,text_projector.network.1.bias,256,True
Movies,shared_relation,model,visual_projector.network.0.weight,196608,True
Movies,shared_relation,model,visual_projector.network.0.bias,256,True
Movies,shared_relation,model,visual_projector.network.1.weight,256,True
Movies,shared_relation,model,visual_projector.network.1.bias,256,True
Movies,shared_relation,model,text_relation_projection.weight,16384,False
Movies,shared_relation,model,visual_relation_projection.weight,16384,False
Movies,shared_relation,model,pair_text_encoder.network.0.weight,16576,False
Movies,shared_relation,model,pair_text_encoder.network.0.bias,64,False
Movies,shared_relation,model,pair_text_encoder.network.2.weight,64,False
Movies,shared_relation,model,pair_text_encoder.network.2.bias,64,False
Movies,shared_relation,model,pair_text_encoder.network.4.weight,4096,False
Movies,shared_relation,model,pair_text_encoder.network.4.bias,64,False
Movies,shared_relation,model,pair_visual_encoder.network.0.weight,16576,False
Movies,shared_relation,model,pair_visual_encoder.network.0.bias,64,False
Movies,shared_relation,model,pair_visual_encoder.network.2.weight,64,False
Movies,shared_relation,model,pair_visual_encoder.network.2.bias,64,False
Movies,shared_relation,model,pair_visual_encoder.network.4.weight,4096,False
Movies,shared_relation,model,pair_visual_encoder.network.4.bias,64,False
Movies,shared_relation,model,relation_text_cross_attention.attention.in_proj_weight,12288,False
Movies,shared_relation,model,relation_text_cross_attention.attention.in_proj_bias,192,False
Movies,shared_relation,model,relation_text_cross_attention.attention.out_proj.weight,4096,False
Movies,shared_relation,model,relation_text_cross_attention.attention.out_proj.bias,64,False
Movies,shared_relation,model,relation_text_cross_attention.norm.weight,64,False
Movies,shared_relation,model,relation_text_cross_attention.norm.bias,64,False
Movies,shared_relation,model,relation_visual_cross_attention.attention.in_proj_weight,12288,False
Movies,shared_relation,model,relation_visual_cross_attention.attention.in_proj_bias,192,False
Movies,shared_relation,model,relation_visual_cross_attention.attention.out_proj.weight,4096,False
Movies,shared_relation,model,relation_visual_cross_attention.attention.out_proj.bias,64,False
Movies,shared_relation,model,relation_visual_cross_attention.norm.weight,64,False
Movies,shared_relation,model,relation_visual_cross_attention.norm.bias,64,False
Movies,shared_relation,model,text_retriever.attention.in_proj_weight,12288,True
Movies,shared_relation,model,text_retriever.attention.out_proj.weight,4096,True
Movies,shared_relation,model,visual_retriever.attention.in_proj_weight,12288,True
Movies,shared_relation,model,visual_retriever.attention.out_proj.weight,4096,True
Movies,shared_relation,model,text_conditioner.relation.weight,2048,True
Movies,shared_relation,model,text_conditioner.state.weight,8192,True
Movies,shared_relation,model,text_conditioner.output.weight,2048,True
Movies,shared_relation,model,visual_conditioner.relation.weight,2048,True
Movies,shared_relation,model,visual_conditioner.state.weight,8192,True
Movies,shared_relation,model,visual_conditioner.output.weight,2048,True
Movies,shared_relation,model,text_operator.message.weight,65536,True
Movies,shared_relation,model,text_operator.down.weight,8192,True
Movies,shared_relation,model,text_operator.modulation.weight,2048,True
Movies,shared_relation,model,text_operator.up.weight,8192,True
Movies,shared_relation,model,text_operator.up.bias,256,True
Movies,shared_relation,model,visual_operator.message.weight,65536,True
Movies,shared_relation,model,visual_operator.down.weight,8192,True
Movies,shared_relation,model,visual_operator.modulation.weight,2048,True
Movies,shared_relation,model,visual_operator.up.weight,8192,True
Movies,shared_relation,model,visual_operator.up.bias,256,True
Movies,shared_relation,model,text_state_update.update.weight,65536,True
Movies,shared_relation,model,text_state_update.update.bias,256,True
Movies,shared_relation,model,text_state_update.norm.weight,256,True
Movies,shared_relation,model,text_state_update.norm.bias,256,True
Movies,shared_relation,model,visual_state_update.update.weight,65536,True
Movies,shared_relation,model,visual_state_update.update.bias,256,True
Movies,shared_relation,model,visual_state_update.norm.weight,256,True
Movies,shared_relation,model,visual_state_update.norm.bias,256,True
Movies,shared_relation,model,fusion.0.weight,131072,True
Movies,shared_relation,model,fusion.0.bias,256,True
Movies,shared_relation,model,fusion.1.weight,256,True
Movies,shared_relation,model,fusion.1.bias,256,True
Movies,shared_relation,classifier,weight,5120,True
Movies,shared_relation,classifier,bias,20,True
Movies,static_execution,model,no_context_text,64,True
Movies,static_execution,model,no_context_visual,64,True
Movies,static_execution,model,static_query_text,64,True
Movies,static_execution,model,static_query_visual,64,True
Movies,static_execution,model,text_projector.network.0.weight,196608,True
Movies,static_execution,model,text_projector.network.0.bias,256,True
Movies,static_execution,model,text_projector.network.1.weight,256,True
Movies,static_execution,model,text_projector.network.1.bias,256,True
Movies,static_execution,model,visual_projector.network.0.weight,196608,True
Movies,static_execution,model,visual_projector.network.0.bias,256,True
Movies,static_execution,model,visual_projector.network.1.weight,256,True
Movies,static_execution,model,visual_projector.network.1.bias,256,True
Movies,static_execution,model,text_relation_projection.weight,16384,True
Movies,static_execution,model,visual_relation_projection.weight,16384,True
Movies,static_execution,model,pair_text_encoder.network.0.weight,16576,True
Movies,static_execution,model,pair_text_encoder.network.0.bias,64,True
Movies,static_execution,model,pair_text_encoder.network.2.weight,64,True
Movies,static_execution,model,pair_text_encoder.network.2.bias,64,True
Movies,static_execution,model,pair_text_encoder.network.4.weight,4096,True
Movies,static_execution,model,pair_text_encoder.network.4.bias,64,True
Movies,static_execution,model,pair_visual_encoder.network.0.weight,16576,True
Movies,static_execution,model,pair_visual_encoder.network.0.bias,64,True
Movies,static_execution,model,pair_visual_encoder.network.2.weight,64,True
Movies,static_execution,model,pair_visual_encoder.network.2.bias,64,True
Movies,static_execution,model,pair_visual_encoder.network.4.weight,4096,True
Movies,static_execution,model,pair_visual_encoder.network.4.bias,64,True
Movies,static_execution,model,relation_text_cross_attention.attention.in_proj_weight,12288,True
Movies,static_execution,model,relation_text_cross_attention.attention.in_proj_bias,192,True
Movies,static_execution,model,relation_text_cross_attention.attention.out_proj.weight,4096,True
Movies,static_execution,model,relation_text_cross_attention.attention.out_proj.bias,64,True
Movies,static_execution,model,relation_text_cross_attention.norm.weight,64,True
Movies,static_execution,model,relation_text_cross_attention.norm.bias,64,True
Movies,static_execution,model,relation_visual_cross_attention.attention.in_proj_weight,12288,True
Movies,static_execution,model,relation_visual_cross_attention.attention.in_proj_bias,192,True
Movies,static_execution,model,relation_visual_cross_attention.attention.out_proj.weight,4096,True
Movies,static_execution,model,relation_visual_cross_attention.attention.out_proj.bias,64,True
Movies,static_execution,model,relation_visual_cross_attention.norm.weight,64,True
Movies,static_execution,model,relation_visual_cross_attention.norm.bias,64,True
Movies,static_execution,model,text_retriever.attention.in_proj_weight,12288,True
Movies,static_execution,model,text_retriever.attention.out_proj.weight,4096,True
Movies,static_execution,model,visual_retriever.attention.in_proj_weight,12288,True
Movies,static_execution,model,visual_retriever.attention.out_proj.weight,4096,True
Movies,static_execution,model,text_conditioner.relation.weight,2048,False
Movies,static_execution,model,text_conditioner.state.weight,8192,False
Movies,static_execution,model,text_conditioner.output.weight,2048,False
Movies,static_execution,model,visual_conditioner.relation.weight,2048,False
Movies,static_execution,model,visual_conditioner.state.weight,8192,False
Movies,static_execution,model,visual_conditioner.output.weight,2048,False
Movies,static_execution,model,text_operator.message.weight,65536,True
Movies,static_execution,model,text_operator.down.weight,8192,True
Movies,static_execution,model,text_operator.modulation.weight,2048,True
Movies,static_execution,model,text_operator.up.weight,8192,True
Movies,static_execution,model,text_operator.up.bias,256,True
Movies,static_execution,model,visual_operator.message.weight,65536,True
Movies,static_execution,model,visual_operator.down.weight,8192,True
Movies,static_execution,model,visual_operator.modulation.weight,2048,True
Movies,static_execution,model,visual_operator.up.weight,8192,True
Movies,static_execution,model,visual_operator.up.bias,256,True
Movies,static_execution,model,text_state_update.update.weight,65536,True
Movies,static_execution,model,text_state_update.update.bias,256,True
Movies,static_execution,model,text_state_update.norm.weight,256,True
Movies,static_execution,model,text_state_update.norm.bias,256,True
Movies,static_execution,model,visual_state_update.update.weight,65536,True
Movies,static_execution,model,visual_state_update.update.bias,256,True
Movies,static_execution,model,visual_state_update.norm.weight,256,True
Movies,static_execution,model,visual_state_update.norm.bias,256,True
Movies,static_execution,model,fusion.0.weight,131072,True
Movies,static_execution,model,fusion.0.bias,256,True
Movies,static_execution,model,fusion.1.weight,256,True
Movies,static_execution,model,fusion.1.bias,256,True
Movies,static_execution,classifier,weight,5120,True
Movies,static_execution,classifier,bias,20,True
Movies,operator_off,model,no_context_text,64,False
Movies,operator_off,model,no_context_visual,64,False
Movies,operator_off,model,static_query_text,64,False
Movies,operator_off,model,static_query_visual,64,False
Movies,operator_off,model,text_projector.network.0.weight,196608,True
Movies,operator_off,model,text_projector.network.0.bias,256,True
Movies,operator_off,model,text_projector.network.1.weight,256,True
Movies,operator_off,model,text_projector.network.1.bias,256,True
Movies,operator_off,model,visual_projector.network.0.weight,196608,True
Movies,operator_off,model,visual_projector.network.0.bias,256,True
Movies,operator_off,model,visual_projector.network.1.weight,256,True
Movies,operator_off,model,visual_projector.network.1.bias,256,True
Movies,operator_off,model,text_relation_projection.weight,16384,False
Movies,operator_off,model,visual_relation_projection.weight,16384,False
Movies,operator_off,model,pair_text_encoder.network.0.weight,16576,False
Movies,operator_off,model,pair_text_encoder.network.0.bias,64,False
Movies,operator_off,model,pair_text_encoder.network.2.weight,64,False
Movies,operator_off,model,pair_text_encoder.network.2.bias,64,False
Movies,operator_off,model,pair_text_encoder.network.4.weight,4096,False
Movies,operator_off,model,pair_text_encoder.network.4.bias,64,False
Movies,operator_off,model,pair_visual_encoder.network.0.weight,16576,False
Movies,operator_off,model,pair_visual_encoder.network.0.bias,64,False
Movies,operator_off,model,pair_visual_encoder.network.2.weight,64,False
Movies,operator_off,model,pair_visual_encoder.network.2.bias,64,False
Movies,operator_off,model,pair_visual_encoder.network.4.weight,4096,False
Movies,operator_off,model,pair_visual_encoder.network.4.bias,64,False
Movies,operator_off,model,relation_text_cross_attention.attention.in_proj_weight,12288,False
Movies,operator_off,model,relation_text_cross_attention.attention.in_proj_bias,192,False
Movies,operator_off,model,relation_text_cross_attention.attention.out_proj.weight,4096,False
Movies,operator_off,model,relation_text_cross_attention.attention.out_proj.bias,64,False
Movies,operator_off,model,relation_text_cross_attention.norm.weight,64,False
Movies,operator_off,model,relation_text_cross_attention.norm.bias,64,False
Movies,operator_off,model,relation_visual_cross_attention.attention.in_proj_weight,12288,False
Movies,operator_off,model,relation_visual_cross_attention.attention.in_proj_bias,192,False
Movies,operator_off,model,relation_visual_cross_attention.attention.out_proj.weight,4096,False
Movies,operator_off,model,relation_visual_cross_attention.attention.out_proj.bias,64,False
Movies,operator_off,model,relation_visual_cross_attention.norm.weight,64,False
Movies,operator_off,model,relation_visual_cross_attention.norm.bias,64,False
Movies,operator_off,model,text_retriever.attention.in_proj_weight,12288,False
Movies,operator_off,model,text_retriever.attention.out_proj.weight,4096,False
Movies,operator_off,model,visual_retriever.attention.in_proj_weight,12288,False
Movies,operator_off,model,visual_retriever.attention.out_proj.weight,4096,False
Movies,operator_off,model,text_conditioner.relation.weight,2048,False
Movies,operator_off,model,text_conditioner.state.weight,8192,False
Movies,operator_off,model,text_conditioner.output.weight,2048,False
Movies,operator_off,model,visual_conditioner.relation.weight,2048,False
Movies,operator_off,model,visual_conditioner.state.weight,8192,False
Movies,operator_off,model,visual_conditioner.output.weight,2048,False
Movies,operator_off,model,text_operator.message.weight,65536,True
Movies,operator_off,model,text_operator.down.weight,8192,False
Movies,operator_off,model,text_operator.modulation.weight,2048,False
Movies,operator_off,model,text_operator.up.weight,8192,False
Movies,operator_off,model,text_operator.up.bias,256,False
Movies,operator_off,model,visual_operator.message.weight,65536,True
Movies,operator_off,model,visual_operator.down.weight,8192,False
Movies,operator_off,model,visual_operator.modulation.weight,2048,False
Movies,operator_off,model,visual_operator.up.weight,8192,False
Movies,operator_off,model,visual_operator.up.bias,256,False
Movies,operator_off,model,text_state_update.update.weight,65536,True
Movies,operator_off,model,text_state_update.update.bias,256,True
Movies,operator_off,model,text_state_update.norm.weight,256,True
Movies,operator_off,model,text_state_update.norm.bias,256,True
Movies,operator_off,model,visual_state_update.update.weight,65536,True
Movies,operator_off,model,visual_state_update.update.bias,256,True
Movies,operator_off,model,visual_state_update.norm.weight,256,True
Movies,operator_off,model,visual_state_update.norm.bias,256,True
Movies,operator_off,model,fusion.0.weight,131072,True
Movies,operator_off,model,fusion.0.bias,256,True
Movies,operator_off,model,fusion.1.weight,256,True
Movies,operator_off,model,fusion.1.bias,256,True
Movies,operator_off,classifier,weight,5120,True
Movies,operator_off,classifier,bias,20,True
Toys,full,model,no_context_text,64,True
Toys,full,model,no_context_visual,64,True
Toys,full,model,static_query_text,64,True
Toys,full,model,static_query_visual,64,True
Toys,full,model,text_projector.network.0.weight,196608,True
Toys,full,model,text_projector.network.0.bias,256,True
Toys,full,model,text_projector.network.1.weight,256,True
Toys,full,model,text_projector.network.1.bias,256,True
Toys,full,model,visual_projector.network.0.weight,196608,True
Toys,full,model,visual_projector.network.0.bias,256,True
Toys,full,model,visual_projector.network.1.weight,256,True
Toys,full,model,visual_projector.network.1.bias,256,True
Toys,full,model,text_relation_projection.weight,16384,True
Toys,full,model,visual_relation_projection.weight,16384,True
Toys,full,model,pair_text_encoder.network.0.weight,16576,True
Toys,full,model,pair_text_encoder.network.0.bias,64,True
Toys,full,model,pair_text_encoder.network.2.weight,64,True
Toys,full,model,pair_text_encoder.network.2.bias,64,True
Toys,full,model,pair_text_encoder.network.4.weight,4096,True
Toys,full,model,pair_text_encoder.network.4.bias,64,True
Toys,full,model,pair_visual_encoder.network.0.weight,16576,True
Toys,full,model,pair_visual_encoder.network.0.bias,64,True
Toys,full,model,pair_visual_encoder.network.2.weight,64,True
Toys,full,model,pair_visual_encoder.network.2.bias,64,True
Toys,full,model,pair_visual_encoder.network.4.weight,4096,True
Toys,full,model,pair_visual_encoder.network.4.bias,64,True
Toys,full,model,relation_text_cross_attention.attention.in_proj_weight,12288,True
Toys,full,model,relation_text_cross_attention.attention.in_proj_bias,192,True
Toys,full,model,relation_text_cross_attention.attention.out_proj.weight,4096,True
Toys,full,model,relation_text_cross_attention.attention.out_proj.bias,64,True
Toys,full,model,relation_text_cross_attention.norm.weight,64,True
Toys,full,model,relation_text_cross_attention.norm.bias,64,True
Toys,full,model,relation_visual_cross_attention.attention.in_proj_weight,12288,True
Toys,full,model,relation_visual_cross_attention.attention.in_proj_bias,192,True
Toys,full,model,relation_visual_cross_attention.attention.out_proj.weight,4096,True
Toys,full,model,relation_visual_cross_attention.attention.out_proj.bias,64,True
Toys,full,model,relation_visual_cross_attention.norm.weight,64,True
Toys,full,model,relation_visual_cross_attention.norm.bias,64,True
Toys,full,model,text_retriever.attention.in_proj_weight,12288,True
Toys,full,model,text_retriever.attention.out_proj.weight,4096,True
Toys,full,model,visual_retriever.attention.in_proj_weight,12288,True
Toys,full,model,visual_retriever.attention.out_proj.weight,4096,True
Toys,full,model,text_conditioner.relation.weight,2048,True
Toys,full,model,text_conditioner.state.weight,8192,True
Toys,full,model,text_conditioner.output.weight,2048,True
Toys,full,model,visual_conditioner.relation.weight,2048,True
Toys,full,model,visual_conditioner.state.weight,8192,True
Toys,full,model,visual_conditioner.output.weight,2048,True
Toys,full,model,text_operator.message.weight,65536,True
Toys,full,model,text_operator.down.weight,8192,True
Toys,full,model,text_operator.modulation.weight,2048,True
Toys,full,model,text_operator.up.weight,8192,True
Toys,full,model,text_operator.up.bias,256,True
Toys,full,model,visual_operator.message.weight,65536,True
Toys,full,model,visual_operator.down.weight,8192,True
Toys,full,model,visual_operator.modulation.weight,2048,True
Toys,full,model,visual_operator.up.weight,8192,True
Toys,full,model,visual_operator.up.bias,256,True
Toys,full,model,text_state_update.update.weight,65536,True
Toys,full,model,text_state_update.update.bias,256,True
Toys,full,model,text_state_update.norm.weight,256,True
Toys,full,model,text_state_update.norm.bias,256,True
Toys,full,model,visual_state_update.update.weight,65536,True
Toys,full,model,visual_state_update.update.bias,256,True
Toys,full,model,visual_state_update.norm.weight,256,True
Toys,full,model,visual_state_update.norm.bias,256,True
Toys,full,model,fusion.0.weight,131072,True
Toys,full,model,fusion.0.bias,256,True
Toys,full,model,fusion.1.weight,256,True
Toys,full,model,fusion.1.bias,256,True
Toys,full,classifier,weight,4608,True
Toys,full,classifier,bias,18,True
Toys,no_context,model,no_context_text,64,True
Toys,no_context,model,no_context_visual,64,True
Toys,no_context,model,static_query_text,64,True
Toys,no_context,model,static_query_visual,64,True
Toys,no_context,model,text_projector.network.0.weight,196608,True
Toys,no_context,model,text_projector.network.0.bias,256,True
Toys,no_context,model,text_projector.network.1.weight,256,True
Toys,no_context,model,text_projector.network.1.bias,256,True
Toys,no_context,model,visual_projector.network.0.weight,196608,True
Toys,no_context,model,visual_projector.network.0.bias,256,True
Toys,no_context,model,visual_projector.network.1.weight,256,True
Toys,no_context,model,visual_projector.network.1.bias,256,True
Toys,no_context,model,text_relation_projection.weight,16384,True
Toys,no_context,model,visual_relation_projection.weight,16384,True
Toys,no_context,model,pair_text_encoder.network.0.weight,16576,True
Toys,no_context,model,pair_text_encoder.network.0.bias,64,True
Toys,no_context,model,pair_text_encoder.network.2.weight,64,True
Toys,no_context,model,pair_text_encoder.network.2.bias,64,True
Toys,no_context,model,pair_text_encoder.network.4.weight,4096,True
Toys,no_context,model,pair_text_encoder.network.4.bias,64,True
Toys,no_context,model,pair_visual_encoder.network.0.weight,16576,True
Toys,no_context,model,pair_visual_encoder.network.0.bias,64,True
Toys,no_context,model,pair_visual_encoder.network.2.weight,64,True
Toys,no_context,model,pair_visual_encoder.network.2.bias,64,True
Toys,no_context,model,pair_visual_encoder.network.4.weight,4096,True
Toys,no_context,model,pair_visual_encoder.network.4.bias,64,True
Toys,no_context,model,relation_text_cross_attention.attention.in_proj_weight,12288,True
Toys,no_context,model,relation_text_cross_attention.attention.in_proj_bias,192,True
Toys,no_context,model,relation_text_cross_attention.attention.out_proj.weight,4096,True
Toys,no_context,model,relation_text_cross_attention.attention.out_proj.bias,64,True
Toys,no_context,model,relation_text_cross_attention.norm.weight,64,True
Toys,no_context,model,relation_text_cross_attention.norm.bias,64,True
Toys,no_context,model,relation_visual_cross_attention.attention.in_proj_weight,12288,True
Toys,no_context,model,relation_visual_cross_attention.attention.in_proj_bias,192,True
Toys,no_context,model,relation_visual_cross_attention.attention.out_proj.weight,4096,True
Toys,no_context,model,relation_visual_cross_attention.attention.out_proj.bias,64,True
Toys,no_context,model,relation_visual_cross_attention.norm.weight,64,True
Toys,no_context,model,relation_visual_cross_attention.norm.bias,64,True
Toys,no_context,model,text_retriever.attention.in_proj_weight,12288,True
Toys,no_context,model,text_retriever.attention.out_proj.weight,4096,True
Toys,no_context,model,visual_retriever.attention.in_proj_weight,12288,True
Toys,no_context,model,visual_retriever.attention.out_proj.weight,4096,True
Toys,no_context,model,text_conditioner.relation.weight,2048,True
Toys,no_context,model,text_conditioner.state.weight,8192,True
Toys,no_context,model,text_conditioner.output.weight,2048,True
Toys,no_context,model,visual_conditioner.relation.weight,2048,True
Toys,no_context,model,visual_conditioner.state.weight,8192,True
Toys,no_context,model,visual_conditioner.output.weight,2048,True
Toys,no_context,model,text_operator.message.weight,65536,True
Toys,no_context,model,text_operator.down.weight,8192,True
Toys,no_context,model,text_operator.modulation.weight,2048,True
Toys,no_context,model,text_operator.up.weight,8192,True
Toys,no_context,model,text_operator.up.bias,256,True
Toys,no_context,model,visual_operator.message.weight,65536,True
Toys,no_context,model,visual_operator.down.weight,8192,True
Toys,no_context,model,visual_operator.modulation.weight,2048,True
Toys,no_context,model,visual_operator.up.weight,8192,True
Toys,no_context,model,visual_operator.up.bias,256,True
Toys,no_context,model,text_state_update.update.weight,65536,True
Toys,no_context,model,text_state_update.update.bias,256,True
Toys,no_context,model,text_state_update.norm.weight,256,True
Toys,no_context,model,text_state_update.norm.bias,256,True
Toys,no_context,model,visual_state_update.update.weight,65536,True
Toys,no_context,model,visual_state_update.update.bias,256,True
Toys,no_context,model,visual_state_update.norm.weight,256,True
Toys,no_context,model,visual_state_update.norm.bias,256,True
Toys,no_context,model,fusion.0.weight,131072,True
Toys,no_context,model,fusion.0.bias,256,True
Toys,no_context,model,fusion.1.weight,256,True
Toys,no_context,model,fusion.1.bias,256,True
Toys,no_context,classifier,weight,4608,True
Toys,no_context,classifier,bias,18,True
Toys,shared_relation,model,no_context_text,64,False
Toys,shared_relation,model,no_context_visual,64,False
Toys,shared_relation,model,static_query_text,64,True
Toys,shared_relation,model,static_query_visual,64,True
Toys,shared_relation,model,shared_relation_text,64,True
Toys,shared_relation,model,shared_relation_visual,64,True
Toys,shared_relation,model,text_projector.network.0.weight,196608,True
Toys,shared_relation,model,text_projector.network.0.bias,256,True
Toys,shared_relation,model,text_projector.network.1.weight,256,True
Toys,shared_relation,model,text_projector.network.1.bias,256,True
Toys,shared_relation,model,visual_projector.network.0.weight,196608,True
Toys,shared_relation,model,visual_projector.network.0.bias,256,True
Toys,shared_relation,model,visual_projector.network.1.weight,256,True
Toys,shared_relation,model,visual_projector.network.1.bias,256,True
Toys,shared_relation,model,text_relation_projection.weight,16384,False
Toys,shared_relation,model,visual_relation_projection.weight,16384,False
Toys,shared_relation,model,pair_text_encoder.network.0.weight,16576,False
Toys,shared_relation,model,pair_text_encoder.network.0.bias,64,False
Toys,shared_relation,model,pair_text_encoder.network.2.weight,64,False
Toys,shared_relation,model,pair_text_encoder.network.2.bias,64,False
Toys,shared_relation,model,pair_text_encoder.network.4.weight,4096,False
Toys,shared_relation,model,pair_text_encoder.network.4.bias,64,False
Toys,shared_relation,model,pair_visual_encoder.network.0.weight,16576,False
Toys,shared_relation,model,pair_visual_encoder.network.0.bias,64,False
Toys,shared_relation,model,pair_visual_encoder.network.2.weight,64,False
Toys,shared_relation,model,pair_visual_encoder.network.2.bias,64,False
Toys,shared_relation,model,pair_visual_encoder.network.4.weight,4096,False
Toys,shared_relation,model,pair_visual_encoder.network.4.bias,64,False
Toys,shared_relation,model,relation_text_cross_attention.attention.in_proj_weight,12288,False
Toys,shared_relation,model,relation_text_cross_attention.attention.in_proj_bias,192,False
Toys,shared_relation,model,relation_text_cross_attention.attention.out_proj.weight,4096,False
Toys,shared_relation,model,relation_text_cross_attention.attention.out_proj.bias,64,False
Toys,shared_relation,model,relation_text_cross_attention.norm.weight,64,False
Toys,shared_relation,model,relation_text_cross_attention.norm.bias,64,False
Toys,shared_relation,model,relation_visual_cross_attention.attention.in_proj_weight,12288,False
Toys,shared_relation,model,relation_visual_cross_attention.attention.in_proj_bias,192,False
Toys,shared_relation,model,relation_visual_cross_attention.attention.out_proj.weight,4096,False
Toys,shared_relation,model,relation_visual_cross_attention.attention.out_proj.bias,64,False
Toys,shared_relation,model,relation_visual_cross_attention.norm.weight,64,False
Toys,shared_relation,model,relation_visual_cross_attention.norm.bias,64,False
Toys,shared_relation,model,text_retriever.attention.in_proj_weight,12288,True
Toys,shared_relation,model,text_retriever.attention.out_proj.weight,4096,True
Toys,shared_relation,model,visual_retriever.attention.in_proj_weight,12288,True
Toys,shared_relation,model,visual_retriever.attention.out_proj.weight,4096,True
Toys,shared_relation,model,text_conditioner.relation.weight,2048,True
Toys,shared_relation,model,text_conditioner.state.weight,8192,True
Toys,shared_relation,model,text_conditioner.output.weight,2048,True
Toys,shared_relation,model,visual_conditioner.relation.weight,2048,True
Toys,shared_relation,model,visual_conditioner.state.weight,8192,True
Toys,shared_relation,model,visual_conditioner.output.weight,2048,True
Toys,shared_relation,model,text_operator.message.weight,65536,True
Toys,shared_relation,model,text_operator.down.weight,8192,True
Toys,shared_relation,model,text_operator.modulation.weight,2048,True
Toys,shared_relation,model,text_operator.up.weight,8192,True
Toys,shared_relation,model,text_operator.up.bias,256,True
Toys,shared_relation,model,visual_operator.message.weight,65536,True
Toys,shared_relation,model,visual_operator.down.weight,8192,True
Toys,shared_relation,model,visual_operator.modulation.weight,2048,True
Toys,shared_relation,model,visual_operator.up.weight,8192,True
Toys,shared_relation,model,visual_operator.up.bias,256,True
Toys,shared_relation,model,text_state_update.update.weight,65536,True
Toys,shared_relation,model,text_state_update.update.bias,256,True
Toys,shared_relation,model,text_state_update.norm.weight,256,True
Toys,shared_relation,model,text_state_update.norm.bias,256,True
Toys,shared_relation,model,visual_state_update.update.weight,65536,True
Toys,shared_relation,model,visual_state_update.update.bias,256,True
Toys,shared_relation,model,visual_state_update.norm.weight,256,True
Toys,shared_relation,model,visual_state_update.norm.bias,256,True
Toys,shared_relation,model,fusion.0.weight,131072,True
Toys,shared_relation,model,fusion.0.bias,256,True
Toys,shared_relation,model,fusion.1.weight,256,True
Toys,shared_relation,model,fusion.1.bias,256,True
Toys,shared_relation,classifier,weight,4608,True
Toys,shared_relation,classifier,bias,18,True
Toys,static_execution,model,no_context_text,64,True
Toys,static_execution,model,no_context_visual,64,True
Toys,static_execution,model,static_query_text,64,True
Toys,static_execution,model,static_query_visual,64,True
Toys,static_execution,model,text_projector.network.0.weight,196608,True
Toys,static_execution,model,text_projector.network.0.bias,256,True
Toys,static_execution,model,text_projector.network.1.weight,256,True
Toys,static_execution,model,text_projector.network.1.bias,256,True
Toys,static_execution,model,visual_projector.network.0.weight,196608,True
Toys,static_execution,model,visual_projector.network.0.bias,256,True
Toys,static_execution,model,visual_projector.network.1.weight,256,True
Toys,static_execution,model,visual_projector.network.1.bias,256,True
Toys,static_execution,model,text_relation_projection.weight,16384,True
Toys,static_execution,model,visual_relation_projection.weight,16384,True
Toys,static_execution,model,pair_text_encoder.network.0.weight,16576,True
Toys,static_execution,model,pair_text_encoder.network.0.bias,64,True
Toys,static_execution,model,pair_text_encoder.network.2.weight,64,True
Toys,static_execution,model,pair_text_encoder.network.2.bias,64,True
Toys,static_execution,model,pair_text_encoder.network.4.weight,4096,True
Toys,static_execution,model,pair_text_encoder.network.4.bias,64,True
Toys,static_execution,model,pair_visual_encoder.network.0.weight,16576,True
Toys,static_execution,model,pair_visual_encoder.network.0.bias,64,True
Toys,static_execution,model,pair_visual_encoder.network.2.weight,64,True
Toys,static_execution,model,pair_visual_encoder.network.2.bias,64,True
Toys,static_execution,model,pair_visual_encoder.network.4.weight,4096,True
Toys,static_execution,model,pair_visual_encoder.network.4.bias,64,True
Toys,static_execution,model,relation_text_cross_attention.attention.in_proj_weight,12288,True
Toys,static_execution,model,relation_text_cross_attention.attention.in_proj_bias,192,True
Toys,static_execution,model,relation_text_cross_attention.attention.out_proj.weight,4096,True
Toys,static_execution,model,relation_text_cross_attention.attention.out_proj.bias,64,True
Toys,static_execution,model,relation_text_cross_attention.norm.weight,64,True
Toys,static_execution,model,relation_text_cross_attention.norm.bias,64,True
Toys,static_execution,model,relation_visual_cross_attention.attention.in_proj_weight,12288,True
Toys,static_execution,model,relation_visual_cross_attention.attention.in_proj_bias,192,True
Toys,static_execution,model,relation_visual_cross_attention.attention.out_proj.weight,4096,True
Toys,static_execution,model,relation_visual_cross_attention.attention.out_proj.bias,64,True
Toys,static_execution,model,relation_visual_cross_attention.norm.weight,64,True
Toys,static_execution,model,relation_visual_cross_attention.norm.bias,64,True
Toys,static_execution,model,text_retriever.attention.in_proj_weight,12288,True
Toys,static_execution,model,text_retriever.attention.out_proj.weight,4096,True
Toys,static_execution,model,visual_retriever.attention.in_proj_weight,12288,True
Toys,static_execution,model,visual_retriever.attention.out_proj.weight,4096,True
Toys,static_execution,model,text_conditioner.relation.weight,2048,False
Toys,static_execution,model,text_conditioner.state.weight,8192,False
Toys,static_execution,model,text_conditioner.output.weight,2048,False
Toys,static_execution,model,visual_conditioner.relation.weight,2048,False
Toys,static_execution,model,visual_conditioner.state.weight,8192,False
Toys,static_execution,model,visual_conditioner.output.weight,2048,False
Toys,static_execution,model,text_operator.message.weight,65536,True
Toys,static_execution,model,text_operator.down.weight,8192,True
Toys,static_execution,model,text_operator.modulation.weight,2048,True
Toys,static_execution,model,text_operator.up.weight,8192,True
Toys,static_execution,model,text_operator.up.bias,256,True
Toys,static_execution,model,visual_operator.message.weight,65536,True
Toys,static_execution,model,visual_operator.down.weight,8192,True
Toys,static_execution,model,visual_operator.modulation.weight,2048,True
Toys,static_execution,model,visual_operator.up.weight,8192,True
Toys,static_execution,model,visual_operator.up.bias,256,True
Toys,static_execution,model,text_state_update.update.weight,65536,True
Toys,static_execution,model,text_state_update.update.bias,256,True
Toys,static_execution,model,text_state_update.norm.weight,256,True
Toys,static_execution,model,text_state_update.norm.bias,256,True
Toys,static_execution,model,visual_state_update.update.weight,65536,True
Toys,static_execution,model,visual_state_update.update.bias,256,True
Toys,static_execution,model,visual_state_update.norm.weight,256,True
Toys,static_execution,model,visual_state_update.norm.bias,256,True
Toys,static_execution,model,fusion.0.weight,131072,True
Toys,static_execution,model,fusion.0.bias,256,True
Toys,static_execution,model,fusion.1.weight,256,True
Toys,static_execution,model,fusion.1.bias,256,True
Toys,static_execution,classifier,weight,4608,True
Toys,static_execution,classifier,bias,18,True
Toys,operator_off,model,no_context_text,64,False
Toys,operator_off,model,no_context_visual,64,False
Toys,operator_off,model,static_query_text,64,False
Toys,operator_off,model,static_query_visual,64,False
Toys,operator_off,model,text_projector.network.0.weight,196608,True
Toys,operator_off,model,text_projector.network.0.bias,256,True
Toys,operator_off,model,text_projector.network.1.weight,256,True
Toys,operator_off,model,text_projector.network.1.bias,256,True
Toys,operator_off,model,visual_projector.network.0.weight,196608,True
Toys,operator_off,model,visual_projector.network.0.bias,256,True
Toys,operator_off,model,visual_projector.network.1.weight,256,True
Toys,operator_off,model,visual_projector.network.1.bias,256,True
Toys,operator_off,model,text_relation_projection.weight,16384,False
Toys,operator_off,model,visual_relation_projection.weight,16384,False
Toys,operator_off,model,pair_text_encoder.network.0.weight,16576,False
Toys,operator_off,model,pair_text_encoder.network.0.bias,64,False
Toys,operator_off,model,pair_text_encoder.network.2.weight,64,False
Toys,operator_off,model,pair_text_encoder.network.2.bias,64,False
Toys,operator_off,model,pair_text_encoder.network.4.weight,4096,False
Toys,operator_off,model,pair_text_encoder.network.4.bias,64,False
Toys,operator_off,model,pair_visual_encoder.network.0.weight,16576,False
Toys,operator_off,model,pair_visual_encoder.network.0.bias,64,False
Toys,operator_off,model,pair_visual_encoder.network.2.weight,64,False
Toys,operator_off,model,pair_visual_encoder.network.2.bias,64,False
Toys,operator_off,model,pair_visual_encoder.network.4.weight,4096,False
Toys,operator_off,model,pair_visual_encoder.network.4.bias,64,False
Toys,operator_off,model,relation_text_cross_attention.attention.in_proj_weight,12288,False
Toys,operator_off,model,relation_text_cross_attention.attention.in_proj_bias,192,False
Toys,operator_off,model,relation_text_cross_attention.attention.out_proj.weight,4096,False
Toys,operator_off,model,relation_text_cross_attention.attention.out_proj.bias,64,False
Toys,operator_off,model,relation_text_cross_attention.norm.weight,64,False
Toys,operator_off,model,relation_text_cross_attention.norm.bias,64,False
Toys,operator_off,model,relation_visual_cross_attention.attention.in_proj_weight,12288,False
Toys,operator_off,model,relation_visual_cross_attention.attention.in_proj_bias,192,False
Toys,operator_off,model,relation_visual_cross_attention.attention.out_proj.weight,4096,False
Toys,operator_off,model,relation_visual_cross_attention.attention.out_proj.bias,64,False
Toys,operator_off,model,relation_visual_cross_attention.norm.weight,64,False
Toys,operator_off,model,relation_visual_cross_attention.norm.bias,64,False
Toys,operator_off,model,text_retriever.attention.in_proj_weight,12288,False
Toys,operator_off,model,text_retriever.attention.out_proj.weight,4096,False
Toys,operator_off,model,visual_retriever.attention.in_proj_weight,12288,False
Toys,operator_off,model,visual_retriever.attention.out_proj.weight,4096,False
Toys,operator_off,model,text_conditioner.relation.weight,2048,False
Toys,operator_off,model,text_conditioner.state.weight,8192,False
Toys,operator_off,model,text_conditioner.output.weight,2048,False
Toys,operator_off,model,visual_conditioner.relation.weight,2048,False
Toys,operator_off,model,visual_conditioner.state.weight,8192,False
Toys,operator_off,model,visual_conditioner.output.weight,2048,False
Toys,operator_off,model,text_operator.message.weight,65536,True
Toys,operator_off,model,text_operator.down.weight,8192,False
Toys,operator_off,model,text_operator.modulation.weight,2048,False
Toys,operator_off,model,text_operator.up.weight,8192,False
Toys,operator_off,model,text_operator.up.bias,256,False
Toys,operator_off,model,visual_operator.message.weight,65536,True
Toys,operator_off,model,visual_operator.down.weight,8192,False
Toys,operator_off,model,visual_operator.modulation.weight,2048,False
Toys,operator_off,model,visual_operator.up.weight,8192,False
Toys,operator_off,model,visual_operator.up.bias,256,False
Toys,operator_off,model,text_state_update.update.weight,65536,True
Toys,operator_off,model,text_state_update.update.bias,256,True
Toys,operator_off,model,text_state_update.norm.weight,256,True
Toys,operator_off,model,text_state_update.norm.bias,256,True
Toys,operator_off,model,visual_state_update.update.weight,65536,True
Toys,operator_off,model,visual_state_update.update.bias,256,True
Toys,operator_off,model,visual_state_update.norm.weight,256,True
Toys,operator_off,model,visual_state_update.norm.bias,256,True
Toys,operator_off,model,fusion.0.weight,131072,True
Toys,operator_off,model,fusion.0.bias,256,True
Toys,operator_off,model,fusion.1.weight,256,True
Toys,operator_off,model,fusion.1.bias,256,True
Toys,operator_off,classifier,weight,4608,True
Toys,operator_off,classifier,bias,18,True
Grocery,full,model,no_context_text,64,True
Grocery,full,model,no_context_visual,64,True
Grocery,full,model,static_query_text,64,True
Grocery,full,model,static_query_visual,64,True
Grocery,full,model,text_projector.network.0.weight,196608,True
Grocery,full,model,text_projector.network.0.bias,256,True
Grocery,full,model,text_projector.network.1.weight,256,True
Grocery,full,model,text_projector.network.1.bias,256,True
Grocery,full,model,visual_projector.network.0.weight,196608,True
Grocery,full,model,visual_projector.network.0.bias,256,True
Grocery,full,model,visual_projector.network.1.weight,256,True
Grocery,full,model,visual_projector.network.1.bias,256,True
Grocery,full,model,text_relation_projection.weight,16384,True
Grocery,full,model,visual_relation_projection.weight,16384,True
Grocery,full,model,pair_text_encoder.network.0.weight,16576,True
Grocery,full,model,pair_text_encoder.network.0.bias,64,True
Grocery,full,model,pair_text_encoder.network.2.weight,64,True
Grocery,full,model,pair_text_encoder.network.2.bias,64,True
Grocery,full,model,pair_text_encoder.network.4.weight,4096,True
Grocery,full,model,pair_text_encoder.network.4.bias,64,True
Grocery,full,model,pair_visual_encoder.network.0.weight,16576,True
Grocery,full,model,pair_visual_encoder.network.0.bias,64,True
Grocery,full,model,pair_visual_encoder.network.2.weight,64,True
Grocery,full,model,pair_visual_encoder.network.2.bias,64,True
Grocery,full,model,pair_visual_encoder.network.4.weight,4096,True
Grocery,full,model,pair_visual_encoder.network.4.bias,64,True
Grocery,full,model,relation_text_cross_attention.attention.in_proj_weight,12288,True
Grocery,full,model,relation_text_cross_attention.attention.in_proj_bias,192,True
Grocery,full,model,relation_text_cross_attention.attention.out_proj.weight,4096,True
Grocery,full,model,relation_text_cross_attention.attention.out_proj.bias,64,True
Grocery,full,model,relation_text_cross_attention.norm.weight,64,True
Grocery,full,model,relation_text_cross_attention.norm.bias,64,True
Grocery,full,model,relation_visual_cross_attention.attention.in_proj_weight,12288,True
Grocery,full,model,relation_visual_cross_attention.attention.in_proj_bias,192,True
Grocery,full,model,relation_visual_cross_attention.attention.out_proj.weight,4096,True
Grocery,full,model,relation_visual_cross_attention.attention.out_proj.bias,64,True
Grocery,full,model,relation_visual_cross_attention.norm.weight,64,True
Grocery,full,model,relation_visual_cross_attention.norm.bias,64,True
Grocery,full,model,text_retriever.attention.in_proj_weight,12288,True
Grocery,full,model,text_retriever.attention.out_proj.weight,4096,True
Grocery,full,model,visual_retriever.attention.in_proj_weight,12288,True
Grocery,full,model,visual_retriever.attention.out_proj.weight,4096,True
Grocery,full,model,text_conditioner.relation.weight,2048,True
Grocery,full,model,text_conditioner.state.weight,8192,True
Grocery,full,model,text_conditioner.output.weight,2048,True
Grocery,full,model,visual_conditioner.relation.weight,2048,True
Grocery,full,model,visual_conditioner.state.weight,8192,True
Grocery,full,model,visual_conditioner.output.weight,2048,True
Grocery,full,model,text_operator.message.weight,65536,True
Grocery,full,model,text_operator.down.weight,8192,True
Grocery,full,model,text_operator.modulation.weight,2048,True
Grocery,full,model,text_operator.up.weight,8192,True
Grocery,full,model,text_operator.up.bias,256,True
Grocery,full,model,visual_operator.message.weight,65536,True
Grocery,full,model,visual_operator.down.weight,8192,True
Grocery,full,model,visual_operator.modulation.weight,2048,True
Grocery,full,model,visual_operator.up.weight,8192,True
Grocery,full,model,visual_operator.up.bias,256,True
Grocery,full,model,text_state_update.update.weight,65536,True
Grocery,full,model,text_state_update.update.bias,256,True
Grocery,full,model,text_state_update.norm.weight,256,True
Grocery,full,model,text_state_update.norm.bias,256,True
Grocery,full,model,visual_state_update.update.weight,65536,True
Grocery,full,model,visual_state_update.update.bias,256,True
Grocery,full,model,visual_state_update.norm.weight,256,True
Grocery,full,model,visual_state_update.norm.bias,256,True
Grocery,full,model,fusion.0.weight,131072,True
Grocery,full,model,fusion.0.bias,256,True
Grocery,full,model,fusion.1.weight,256,True
Grocery,full,model,fusion.1.bias,256,True
Grocery,full,classifier,weight,5120,True
Grocery,full,classifier,bias,20,True
Grocery,no_context,model,no_context_text,64,True
Grocery,no_context,model,no_context_visual,64,True
Grocery,no_context,model,static_query_text,64,True
Grocery,no_context,model,static_query_visual,64,True
Grocery,no_context,model,text_projector.network.0.weight,196608,True
Grocery,no_context,model,text_projector.network.0.bias,256,True
Grocery,no_context,model,text_projector.network.1.weight,256,True
Grocery,no_context,model,text_projector.network.1.bias,256,True
Grocery,no_context,model,visual_projector.network.0.weight,196608,True
Grocery,no_context,model,visual_projector.network.0.bias,256,True
Grocery,no_context,model,visual_projector.network.1.weight,256,True
Grocery,no_context,model,visual_projector.network.1.bias,256,True
Grocery,no_context,model,text_relation_projection.weight,16384,True
Grocery,no_context,model,visual_relation_projection.weight,16384,True
Grocery,no_context,model,pair_text_encoder.network.0.weight,16576,True
Grocery,no_context,model,pair_text_encoder.network.0.bias,64,True
Grocery,no_context,model,pair_text_encoder.network.2.weight,64,True
Grocery,no_context,model,pair_text_encoder.network.2.bias,64,True
Grocery,no_context,model,pair_text_encoder.network.4.weight,4096,True
Grocery,no_context,model,pair_text_encoder.network.4.bias,64,True
Grocery,no_context,model,pair_visual_encoder.network.0.weight,16576,True
Grocery,no_context,model,pair_visual_encoder.network.0.bias,64,True
Grocery,no_context,model,pair_visual_encoder.network.2.weight,64,True
Grocery,no_context,model,pair_visual_encoder.network.2.bias,64,True
Grocery,no_context,model,pair_visual_encoder.network.4.weight,4096,True
Grocery,no_context,model,pair_visual_encoder.network.4.bias,64,True
Grocery,no_context,model,relation_text_cross_attention.attention.in_proj_weight,12288,True
Grocery,no_context,model,relation_text_cross_attention.attention.in_proj_bias,192,True
Grocery,no_context,model,relation_text_cross_attention.attention.out_proj.weight,4096,True
Grocery,no_context,model,relation_text_cross_attention.attention.out_proj.bias,64,True
Grocery,no_context,model,relation_text_cross_attention.norm.weight,64,True
Grocery,no_context,model,relation_text_cross_attention.norm.bias,64,True
Grocery,no_context,model,relation_visual_cross_attention.attention.in_proj_weight,12288,True
Grocery,no_context,model,relation_visual_cross_attention.attention.in_proj_bias,192,True
Grocery,no_context,model,relation_visual_cross_attention.attention.out_proj.weight,4096,True
Grocery,no_context,model,relation_visual_cross_attention.attention.out_proj.bias,64,True
Grocery,no_context,model,relation_visual_cross_attention.norm.weight,64,True
Grocery,no_context,model,relation_visual_cross_attention.norm.bias,64,True
Grocery,no_context,model,text_retriever.attention.in_proj_weight,12288,True
Grocery,no_context,model,text_retriever.attention.out_proj.weight,4096,True
Grocery,no_context,model,visual_retriever.attention.in_proj_weight,12288,True
Grocery,no_context,model,visual_retriever.attention.out_proj.weight,4096,True
Grocery,no_context,model,text_conditioner.relation.weight,2048,True
Grocery,no_context,model,text_conditioner.state.weight,8192,True
Grocery,no_context,model,text_conditioner.output.weight,2048,True
Grocery,no_context,model,visual_conditioner.relation.weight,2048,True
Grocery,no_context,model,visual_conditioner.state.weight,8192,True
Grocery,no_context,model,visual_conditioner.output.weight,2048,True
Grocery,no_context,model,text_operator.message.weight,65536,True
Grocery,no_context,model,text_operator.down.weight,8192,True
Grocery,no_context,model,text_operator.modulation.weight,2048,True
Grocery,no_context,model,text_operator.up.weight,8192,True
Grocery,no_context,model,text_operator.up.bias,256,True
Grocery,no_context,model,visual_operator.message.weight,65536,True
Grocery,no_context,model,visual_operator.down.weight,8192,True
Grocery,no_context,model,visual_operator.modulation.weight,2048,True
Grocery,no_context,model,visual_operator.up.weight,8192,True
Grocery,no_context,model,visual_operator.up.bias,256,True
Grocery,no_context,model,text_state_update.update.weight,65536,True
Grocery,no_context,model,text_state_update.update.bias,256,True
Grocery,no_context,model,text_state_update.norm.weight,256,True
Grocery,no_context,model,text_state_update.norm.bias,256,True
Grocery,no_context,model,visual_state_update.update.weight,65536,True
Grocery,no_context,model,visual_state_update.update.bias,256,True
Grocery,no_context,model,visual_state_update.norm.weight,256,True
Grocery,no_context,model,visual_state_update.norm.bias,256,True
Grocery,no_context,model,fusion.0.weight,131072,True
Grocery,no_context,model,fusion.0.bias,256,True
Grocery,no_context,model,fusion.1.weight,256,True
Grocery,no_context,model,fusion.1.bias,256,True
Grocery,no_context,classifier,weight,5120,True
Grocery,no_context,classifier,bias,20,True
Grocery,shared_relation,model,no_context_text,64,False
Grocery,shared_relation,model,no_context_visual,64,False
Grocery,shared_relation,model,static_query_text,64,True
Grocery,shared_relation,model,static_query_visual,64,True
Grocery,shared_relation,model,shared_relation_text,64,True
Grocery,shared_relation,model,shared_relation_visual,64,True
Grocery,shared_relation,model,text_projector.network.0.weight,196608,True
Grocery,shared_relation,model,text_projector.network.0.bias,256,True
Grocery,shared_relation,model,text_projector.network.1.weight,256,True
Grocery,shared_relation,model,text_projector.network.1.bias,256,True
Grocery,shared_relation,model,visual_projector.network.0.weight,196608,True
Grocery,shared_relation,model,visual_projector.network.0.bias,256,True
Grocery,shared_relation,model,visual_projector.network.1.weight,256,True
Grocery,shared_relation,model,visual_projector.network.1.bias,256,True
Grocery,shared_relation,model,text_relation_projection.weight,16384,False
Grocery,shared_relation,model,visual_relation_projection.weight,16384,False
Grocery,shared_relation,model,pair_text_encoder.network.0.weight,16576,False
Grocery,shared_relation,model,pair_text_encoder.network.0.bias,64,False
Grocery,shared_relation,model,pair_text_encoder.network.2.weight,64,False
Grocery,shared_relation,model,pair_text_encoder.network.2.bias,64,False
Grocery,shared_relation,model,pair_text_encoder.network.4.weight,4096,False
Grocery,shared_relation,model,pair_text_encoder.network.4.bias,64,False
Grocery,shared_relation,model,pair_visual_encoder.network.0.weight,16576,False
Grocery,shared_relation,model,pair_visual_encoder.network.0.bias,64,False
Grocery,shared_relation,model,pair_visual_encoder.network.2.weight,64,False
Grocery,shared_relation,model,pair_visual_encoder.network.2.bias,64,False
Grocery,shared_relation,model,pair_visual_encoder.network.4.weight,4096,False
Grocery,shared_relation,model,pair_visual_encoder.network.4.bias,64,False
Grocery,shared_relation,model,relation_text_cross_attention.attention.in_proj_weight,12288,False
Grocery,shared_relation,model,relation_text_cross_attention.attention.in_proj_bias,192,False
Grocery,shared_relation,model,relation_text_cross_attention.attention.out_proj.weight,4096,False
Grocery,shared_relation,model,relation_text_cross_attention.attention.out_proj.bias,64,False
Grocery,shared_relation,model,relation_text_cross_attention.norm.weight,64,False
Grocery,shared_relation,model,relation_text_cross_attention.norm.bias,64,False
Grocery,shared_relation,model,relation_visual_cross_attention.attention.in_proj_weight,12288,False
Grocery,shared_relation,model,relation_visual_cross_attention.attention.in_proj_bias,192,False
Grocery,shared_relation,model,relation_visual_cross_attention.attention.out_proj.weight,4096,False
Grocery,shared_relation,model,relation_visual_cross_attention.attention.out_proj.bias,64,False
Grocery,shared_relation,model,relation_visual_cross_attention.norm.weight,64,False
Grocery,shared_relation,model,relation_visual_cross_attention.norm.bias,64,False
Grocery,shared_relation,model,text_retriever.attention.in_proj_weight,12288,True
Grocery,shared_relation,model,text_retriever.attention.out_proj.weight,4096,True
Grocery,shared_relation,model,visual_retriever.attention.in_proj_weight,12288,True
Grocery,shared_relation,model,visual_retriever.attention.out_proj.weight,4096,True
Grocery,shared_relation,model,text_conditioner.relation.weight,2048,True
Grocery,shared_relation,model,text_conditioner.state.weight,8192,True
Grocery,shared_relation,model,text_conditioner.output.weight,2048,True
Grocery,shared_relation,model,visual_conditioner.relation.weight,2048,True
Grocery,shared_relation,model,visual_conditioner.state.weight,8192,True
Grocery,shared_relation,model,visual_conditioner.output.weight,2048,True
Grocery,shared_relation,model,text_operator.message.weight,65536,True
Grocery,shared_relation,model,text_operator.down.weight,8192,True
Grocery,shared_relation,model,text_operator.modulation.weight,2048,True
Grocery,shared_relation,model,text_operator.up.weight,8192,True
Grocery,shared_relation,model,text_operator.up.bias,256,True
Grocery,shared_relation,model,visual_operator.message.weight,65536,True
Grocery,shared_relation,model,visual_operator.down.weight,8192,True
Grocery,shared_relation,model,visual_operator.modulation.weight,2048,True
Grocery,shared_relation,model,visual_operator.up.weight,8192,True
Grocery,shared_relation,model,visual_operator.up.bias,256,True
Grocery,shared_relation,model,text_state_update.update.weight,65536,True
Grocery,shared_relation,model,text_state_update.update.bias,256,True
Grocery,shared_relation,model,text_state_update.norm.weight,256,True
Grocery,shared_relation,model,text_state_update.norm.bias,256,True
Grocery,shared_relation,model,visual_state_update.update.weight,65536,True
Grocery,shared_relation,model,visual_state_update.update.bias,256,True
Grocery,shared_relation,model,visual_state_update.norm.weight,256,True
Grocery,shared_relation,model,visual_state_update.norm.bias,256,True
Grocery,shared_relation,model,fusion.0.weight,131072,True
Grocery,shared_relation,model,fusion.0.bias,256,True
Grocery,shared_relation,model,fusion.1.weight,256,True
Grocery,shared_relation,model,fusion.1.bias,256,True
Grocery,shared_relation,classifier,weight,5120,True
Grocery,shared_relation,classifier,bias,20,True
Grocery,static_execution,model,no_context_text,64,True
Grocery,static_execution,model,no_context_visual,64,True
Grocery,static_execution,model,static_query_text,64,True
Grocery,static_execution,model,static_query_visual,64,True
Grocery,static_execution,model,text_projector.network.0.weight,196608,True
Grocery,static_execution,model,text_projector.network.0.bias,256,True
Grocery,static_execution,model,text_projector.network.1.weight,256,True
Grocery,static_execution,model,text_projector.network.1.bias,256,True
Grocery,static_execution,model,visual_projector.network.0.weight,196608,True
Grocery,static_execution,model,visual_projector.network.0.bias,256,True
Grocery,static_execution,model,visual_projector.network.1.weight,256,True
Grocery,static_execution,model,visual_projector.network.1.bias,256,True
Grocery,static_execution,model,text_relation_projection.weight,16384,True
Grocery,static_execution,model,visual_relation_projection.weight,16384,True
Grocery,static_execution,model,pair_text_encoder.network.0.weight,16576,True
Grocery,static_execution,model,pair_text_encoder.network.0.bias,64,True
Grocery,static_execution,model,pair_text_encoder.network.2.weight,64,True
Grocery,static_execution,model,pair_text_encoder.network.2.bias,64,True
Grocery,static_execution,model,pair_text_encoder.network.4.weight,4096,True
Grocery,static_execution,model,pair_text_encoder.network.4.bias,64,True
Grocery,static_execution,model,pair_visual_encoder.network.0.weight,16576,True
Grocery,static_execution,model,pair_visual_encoder.network.0.bias,64,True
Grocery,static_execution,model,pair_visual_encoder.network.2.weight,64,True
Grocery,static_execution,model,pair_visual_encoder.network.2.bias,64,True
Grocery,static_execution,model,pair_visual_encoder.network.4.weight,4096,True
Grocery,static_execution,model,pair_visual_encoder.network.4.bias,64,True
Grocery,static_execution,model,relation_text_cross_attention.attention.in_proj_weight,12288,True
Grocery,static_execution,model,relation_text_cross_attention.attention.in_proj_bias,192,True
Grocery,static_execution,model,relation_text_cross_attention.attention.out_proj.weight,4096,True
Grocery,static_execution,model,relation_text_cross_attention.attention.out_proj.bias,64,True
Grocery,static_execution,model,relation_text_cross_attention.norm.weight,64,True
Grocery,static_execution,model,relation_text_cross_attention.norm.bias,64,True
Grocery,static_execution,model,relation_visual_cross_attention.attention.in_proj_weight,12288,True
Grocery,static_execution,model,relation_visual_cross_attention.attention.in_proj_bias,192,True
Grocery,static_execution,model,relation_visual_cross_attention.attention.out_proj.weight,4096,True
Grocery,static_execution,model,relation_visual_cross_attention.attention.out_proj.bias,64,True
Grocery,static_execution,model,relation_visual_cross_attention.norm.weight,64,True
Grocery,static_execution,model,relation_visual_cross_attention.norm.bias,64,True
Grocery,static_execution,model,text_retriever.attention.in_proj_weight,12288,True
Grocery,static_execution,model,text_retriever.attention.out_proj.weight,4096,True
Grocery,static_execution,model,visual_retriever.attention.in_proj_weight,12288,True
Grocery,static_execution,model,visual_retriever.attention.out_proj.weight,4096,True
Grocery,static_execution,model,text_conditioner.relation.weight,2048,False
Grocery,static_execution,model,text_conditioner.state.weight,8192,False
Grocery,static_execution,model,text_conditioner.output.weight,2048,False
Grocery,static_execution,model,visual_conditioner.relation.weight,2048,False
Grocery,static_execution,model,visual_conditioner.state.weight,8192,False
Grocery,static_execution,model,visual_conditioner.output.weight,2048,False
Grocery,static_execution,model,text_operator.message.weight,65536,True
Grocery,static_execution,model,text_operator.down.weight,8192,True
Grocery,static_execution,model,text_operator.modulation.weight,2048,True
Grocery,static_execution,model,text_operator.up.weight,8192,True
Grocery,static_execution,model,text_operator.up.bias,256,True
Grocery,static_execution,model,visual_operator.message.weight,65536,True
Grocery,static_execution,model,visual_operator.down.weight,8192,True
Grocery,static_execution,model,visual_operator.modulation.weight,2048,True
Grocery,static_execution,model,visual_operator.up.weight,8192,True
Grocery,static_execution,model,visual_operator.up.bias,256,True
Grocery,static_execution,model,text_state_update.update.weight,65536,True
Grocery,static_execution,model,text_state_update.update.bias,256,True
Grocery,static_execution,model,text_state_update.norm.weight,256,True
Grocery,static_execution,model,text_state_update.norm.bias,256,True
Grocery,static_execution,model,visual_state_update.update.weight,65536,True
Grocery,static_execution,model,visual_state_update.update.bias,256,True
Grocery,static_execution,model,visual_state_update.norm.weight,256,True
Grocery,static_execution,model,visual_state_update.norm.bias,256,True
Grocery,static_execution,model,fusion.0.weight,131072,True
Grocery,static_execution,model,fusion.0.bias,256,True
Grocery,static_execution,model,fusion.1.weight,256,True
Grocery,static_execution,model,fusion.1.bias,256,True
Grocery,static_execution,classifier,weight,5120,True
Grocery,static_execution,classifier,bias,20,True
Grocery,operator_off,model,no_context_text,64,False
Grocery,operator_off,model,no_context_visual,64,False
Grocery,operator_off,model,static_query_text,64,False
Grocery,operator_off,model,static_query_visual,64,False
Grocery,operator_off,model,text_projector.network.0.weight,196608,True
Grocery,operator_off,model,text_projector.network.0.bias,256,True
Grocery,operator_off,model,text_projector.network.1.weight,256,True
Grocery,operator_off,model,text_projector.network.1.bias,256,True
Grocery,operator_off,model,visual_projector.network.0.weight,196608,True
Grocery,operator_off,model,visual_projector.network.0.bias,256,True
Grocery,operator_off,model,visual_projector.network.1.weight,256,True
Grocery,operator_off,model,visual_projector.network.1.bias,256,True
Grocery,operator_off,model,text_relation_projection.weight,16384,False
Grocery,operator_off,model,visual_relation_projection.weight,16384,False
Grocery,operator_off,model,pair_text_encoder.network.0.weight,16576,False
Grocery,operator_off,model,pair_text_encoder.network.0.bias,64,False
Grocery,operator_off,model,pair_text_encoder.network.2.weight,64,False
Grocery,operator_off,model,pair_text_encoder.network.2.bias,64,False
Grocery,operator_off,model,pair_text_encoder.network.4.weight,4096,False
Grocery,operator_off,model,pair_text_encoder.network.4.bias,64,False
Grocery,operator_off,model,pair_visual_encoder.network.0.weight,16576,False
Grocery,operator_off,model,pair_visual_encoder.network.0.bias,64,False
Grocery,operator_off,model,pair_visual_encoder.network.2.weight,64,False
Grocery,operator_off,model,pair_visual_encoder.network.2.bias,64,False
Grocery,operator_off,model,pair_visual_encoder.network.4.weight,4096,False
Grocery,operator_off,model,pair_visual_encoder.network.4.bias,64,False
Grocery,operator_off,model,relation_text_cross_attention.attention.in_proj_weight,12288,False
Grocery,operator_off,model,relation_text_cross_attention.attention.in_proj_bias,192,False
Grocery,operator_off,model,relation_text_cross_attention.attention.out_proj.weight,4096,False
Grocery,operator_off,model,relation_text_cross_attention.attention.out_proj.bias,64,False
Grocery,operator_off,model,relation_text_cross_attention.norm.weight,64,False
Grocery,operator_off,model,relation_text_cross_attention.norm.bias,64,False
Grocery,operator_off,model,relation_visual_cross_attention.attention.in_proj_weight,12288,False
Grocery,operator_off,model,relation_visual_cross_attention.attention.in_proj_bias,192,False
Grocery,operator_off,model,relation_visual_cross_attention.attention.out_proj.weight,4096,False
Grocery,operator_off,model,relation_visual_cross_attention.attention.out_proj.bias,64,False
Grocery,operator_off,model,relation_visual_cross_attention.norm.weight,64,False
Grocery,operator_off,model,relation_visual_cross_attention.norm.bias,64,False
Grocery,operator_off,model,text_retriever.attention.in_proj_weight,12288,False
Grocery,operator_off,model,text_retriever.attention.out_proj.weight,4096,False
Grocery,operator_off,model,visual_retriever.attention.in_proj_weight,12288,False
Grocery,operator_off,model,visual_retriever.attention.out_proj.weight,4096,False
Grocery,operator_off,model,text_conditioner.relation.weight,2048,False
Grocery,operator_off,model,text_conditioner.state.weight,8192,False
Grocery,operator_off,model,text_conditioner.output.weight,2048,False
Grocery,operator_off,model,visual_conditioner.relation.weight,2048,False
Grocery,operator_off,model,visual_conditioner.state.weight,8192,False
Grocery,operator_off,model,visual_conditioner.output.weight,2048,False
Grocery,operator_off,model,text_operator.message.weight,65536,True
Grocery,operator_off,model,text_operator.down.weight,8192,False
Grocery,operator_off,model,text_operator.modulation.weight,2048,False
Grocery,operator_off,model,text_operator.up.weight,8192,False
Grocery,operator_off,model,text_operator.up.bias,256,False
Grocery,operator_off,model,visual_operator.message.weight,65536,True
Grocery,operator_off,model,visual_operator.down.weight,8192,False
Grocery,operator_off,model,visual_operator.modulation.weight,2048,False
Grocery,operator_off,model,visual_operator.up.weight,8192,False
Grocery,operator_off,model,visual_operator.up.bias,256,False
Grocery,operator_off,model,text_state_update.update.weight,65536,True
Grocery,operator_off,model,text_state_update.update.bias,256,True
Grocery,operator_off,model,text_state_update.norm.weight,256,True
Grocery,operator_off,model,text_state_update.norm.bias,256,True
Grocery,operator_off,model,visual_state_update.update.weight,65536,True
Grocery,operator_off,model,visual_state_update.update.bias,256,True
Grocery,operator_off,model,visual_state_update.norm.weight,256,True
Grocery,operator_off,model,visual_state_update.norm.bias,256,True
Grocery,operator_off,model,fusion.0.weight,131072,True
Grocery,operator_off,model,fusion.0.bias,256,True
Grocery,operator_off,model,fusion.1.weight,256,True
Grocery,operator_off,model,fusion.1.bias,256,True
Grocery,operator_off,classifier,weight,5120,True
Grocery,operator_off,classifier,bias,20,True
ele-fashion,full,model,no_context_text,64,True
ele-fashion,full,model,no_context_visual,64,True
ele-fashion,full,model,static_query_text,64,True
ele-fashion,full,model,static_query_visual,64,True
ele-fashion,full,model,text_projector.network.0.weight,131072,True
ele-fashion,full,model,text_projector.network.0.bias,256,True
ele-fashion,full,model,text_projector.network.1.weight,256,True
ele-fashion,full,model,text_projector.network.1.bias,256,True
ele-fashion,full,model,visual_projector.network.0.weight,131072,True
ele-fashion,full,model,visual_projector.network.0.bias,256,True
ele-fashion,full,model,visual_projector.network.1.weight,256,True
ele-fashion,full,model,visual_projector.network.1.bias,256,True
ele-fashion,full,model,text_relation_projection.weight,16384,True
ele-fashion,full,model,visual_relation_projection.weight,16384,True
ele-fashion,full,model,pair_text_encoder.network.0.weight,16576,True
ele-fashion,full,model,pair_text_encoder.network.0.bias,64,True
ele-fashion,full,model,pair_text_encoder.network.2.weight,64,True
ele-fashion,full,model,pair_text_encoder.network.2.bias,64,True
ele-fashion,full,model,pair_text_encoder.network.4.weight,4096,True
ele-fashion,full,model,pair_text_encoder.network.4.bias,64,True
ele-fashion,full,model,pair_visual_encoder.network.0.weight,16576,True
ele-fashion,full,model,pair_visual_encoder.network.0.bias,64,True
ele-fashion,full,model,pair_visual_encoder.network.2.weight,64,True
ele-fashion,full,model,pair_visual_encoder.network.2.bias,64,True
ele-fashion,full,model,pair_visual_encoder.network.4.weight,4096,True
ele-fashion,full,model,pair_visual_encoder.network.4.bias,64,True
ele-fashion,full,model,relation_text_cross_attention.attention.in_proj_weight,12288,True
ele-fashion,full,model,relation_text_cross_attention.attention.in_proj_bias,192,True
ele-fashion,full,model,relation_text_cross_attention.attention.out_proj.weight,4096,True
ele-fashion,full,model,relation_text_cross_attention.attention.out_proj.bias,64,True
ele-fashion,full,model,relation_text_cross_attention.norm.weight,64,True
ele-fashion,full,model,relation_text_cross_attention.norm.bias,64,True
ele-fashion,full,model,relation_visual_cross_attention.attention.in_proj_weight,12288,True
ele-fashion,full,model,relation_visual_cross_attention.attention.in_proj_bias,192,True
ele-fashion,full,model,relation_visual_cross_attention.attention.out_proj.weight,4096,True
ele-fashion,full,model,relation_visual_cross_attention.attention.out_proj.bias,64,True
ele-fashion,full,model,relation_visual_cross_attention.norm.weight,64,True
ele-fashion,full,model,relation_visual_cross_attention.norm.bias,64,True
ele-fashion,full,model,text_retriever.attention.in_proj_weight,12288,True
ele-fashion,full,model,text_retriever.attention.out_proj.weight,4096,True
ele-fashion,full,model,visual_retriever.attention.in_proj_weight,12288,True
ele-fashion,full,model,visual_retriever.attention.out_proj.weight,4096,True
ele-fashion,full,model,text_conditioner.relation.weight,2048,True
ele-fashion,full,model,text_conditioner.state.weight,8192,True
ele-fashion,full,model,text_conditioner.output.weight,2048,True
ele-fashion,full,model,visual_conditioner.relation.weight,2048,True
ele-fashion,full,model,visual_conditioner.state.weight,8192,True
ele-fashion,full,model,visual_conditioner.output.weight,2048,True
ele-fashion,full,model,text_operator.message.weight,65536,True
ele-fashion,full,model,text_operator.down.weight,8192,True
ele-fashion,full,model,text_operator.modulation.weight,2048,True
ele-fashion,full,model,text_operator.up.weight,8192,True
ele-fashion,full,model,text_operator.up.bias,256,True
ele-fashion,full,model,visual_operator.message.weight,65536,True
ele-fashion,full,model,visual_operator.down.weight,8192,True
ele-fashion,full,model,visual_operator.modulation.weight,2048,True
ele-fashion,full,model,visual_operator.up.weight,8192,True
ele-fashion,full,model,visual_operator.up.bias,256,True
ele-fashion,full,model,text_state_update.update.weight,65536,True
ele-fashion,full,model,text_state_update.update.bias,256,True
ele-fashion,full,model,text_state_update.norm.weight,256,True
ele-fashion,full,model,text_state_update.norm.bias,256,True
ele-fashion,full,model,visual_state_update.update.weight,65536,True
ele-fashion,full,model,visual_state_update.update.bias,256,True
ele-fashion,full,model,visual_state_update.norm.weight,256,True
ele-fashion,full,model,visual_state_update.norm.bias,256,True
ele-fashion,full,model,fusion.0.weight,131072,True
ele-fashion,full,model,fusion.0.bias,256,True
ele-fashion,full,model,fusion.1.weight,256,True
ele-fashion,full,model,fusion.1.bias,256,True
ele-fashion,full,classifier,weight,3072,True
ele-fashion,full,classifier,bias,12,True
ele-fashion,no_context,model,no_context_text,64,True
ele-fashion,no_context,model,no_context_visual,64,True
ele-fashion,no_context,model,static_query_text,64,True
ele-fashion,no_context,model,static_query_visual,64,True
ele-fashion,no_context,model,text_projector.network.0.weight,131072,True
ele-fashion,no_context,model,text_projector.network.0.bias,256,True
ele-fashion,no_context,model,text_projector.network.1.weight,256,True
ele-fashion,no_context,model,text_projector.network.1.bias,256,True
ele-fashion,no_context,model,visual_projector.network.0.weight,131072,True
ele-fashion,no_context,model,visual_projector.network.0.bias,256,True
ele-fashion,no_context,model,visual_projector.network.1.weight,256,True
ele-fashion,no_context,model,visual_projector.network.1.bias,256,True
ele-fashion,no_context,model,text_relation_projection.weight,16384,True
ele-fashion,no_context,model,visual_relation_projection.weight,16384,True
ele-fashion,no_context,model,pair_text_encoder.network.0.weight,16576,True
ele-fashion,no_context,model,pair_text_encoder.network.0.bias,64,True
ele-fashion,no_context,model,pair_text_encoder.network.2.weight,64,True
ele-fashion,no_context,model,pair_text_encoder.network.2.bias,64,True
ele-fashion,no_context,model,pair_text_encoder.network.4.weight,4096,True
ele-fashion,no_context,model,pair_text_encoder.network.4.bias,64,True
ele-fashion,no_context,model,pair_visual_encoder.network.0.weight,16576,True
ele-fashion,no_context,model,pair_visual_encoder.network.0.bias,64,True
ele-fashion,no_context,model,pair_visual_encoder.network.2.weight,64,True
ele-fashion,no_context,model,pair_visual_encoder.network.2.bias,64,True
ele-fashion,no_context,model,pair_visual_encoder.network.4.weight,4096,True
ele-fashion,no_context,model,pair_visual_encoder.network.4.bias,64,True
ele-fashion,no_context,model,relation_text_cross_attention.attention.in_proj_weight,12288,True
ele-fashion,no_context,model,relation_text_cross_attention.attention.in_proj_bias,192,True
ele-fashion,no_context,model,relation_text_cross_attention.attention.out_proj.weight,4096,True
ele-fashion,no_context,model,relation_text_cross_attention.attention.out_proj.bias,64,True
ele-fashion,no_context,model,relation_text_cross_attention.norm.weight,64,True
ele-fashion,no_context,model,relation_text_cross_attention.norm.bias,64,True
ele-fashion,no_context,model,relation_visual_cross_attention.attention.in_proj_weight,12288,True
ele-fashion,no_context,model,relation_visual_cross_attention.attention.in_proj_bias,192,True
ele-fashion,no_context,model,relation_visual_cross_attention.attention.out_proj.weight,4096,True
ele-fashion,no_context,model,relation_visual_cross_attention.attention.out_proj.bias,64,True
ele-fashion,no_context,model,relation_visual_cross_attention.norm.weight,64,True
ele-fashion,no_context,model,relation_visual_cross_attention.norm.bias,64,True
ele-fashion,no_context,model,text_retriever.attention.in_proj_weight,12288,True
ele-fashion,no_context,model,text_retriever.attention.out_proj.weight,4096,True
ele-fashion,no_context,model,visual_retriever.attention.in_proj_weight,12288,True
ele-fashion,no_context,model,visual_retriever.attention.out_proj.weight,4096,True
ele-fashion,no_context,model,text_conditioner.relation.weight,2048,True
ele-fashion,no_context,model,text_conditioner.state.weight,8192,True
ele-fashion,no_context,model,text_conditioner.output.weight,2048,True
ele-fashion,no_context,model,visual_conditioner.relation.weight,2048,True
ele-fashion,no_context,model,visual_conditioner.state.weight,8192,True
ele-fashion,no_context,model,visual_conditioner.output.weight,2048,True
ele-fashion,no_context,model,text_operator.message.weight,65536,True
ele-fashion,no_context,model,text_operator.down.weight,8192,True
ele-fashion,no_context,model,text_operator.modulation.weight,2048,True
ele-fashion,no_context,model,text_operator.up.weight,8192,True
ele-fashion,no_context,model,text_operator.up.bias,256,True
ele-fashion,no_context,model,visual_operator.message.weight,65536,True
ele-fashion,no_context,model,visual_operator.down.weight,8192,True
ele-fashion,no_context,model,visual_operator.modulation.weight,2048,True
ele-fashion,no_context,model,visual_operator.up.weight,8192,True
ele-fashion,no_context,model,visual_operator.up.bias,256,True
ele-fashion,no_context,model,text_state_update.update.weight,65536,True
ele-fashion,no_context,model,text_state_update.update.bias,256,True
ele-fashion,no_context,model,text_state_update.norm.weight,256,True
ele-fashion,no_context,model,text_state_update.norm.bias,256,True
ele-fashion,no_context,model,visual_state_update.update.weight,65536,True
ele-fashion,no_context,model,visual_state_update.update.bias,256,True
ele-fashion,no_context,model,visual_state_update.norm.weight,256,True
ele-fashion,no_context,model,visual_state_update.norm.bias,256,True
ele-fashion,no_context,model,fusion.0.weight,131072,True
ele-fashion,no_context,model,fusion.0.bias,256,True
ele-fashion,no_context,model,fusion.1.weight,256,True
ele-fashion,no_context,model,fusion.1.bias,256,True
ele-fashion,no_context,classifier,weight,3072,True
ele-fashion,no_context,classifier,bias,12,True
ele-fashion,shared_relation,model,no_context_text,64,False
ele-fashion,shared_relation,model,no_context_visual,64,False
ele-fashion,shared_relation,model,static_query_text,64,True
ele-fashion,shared_relation,model,static_query_visual,64,True
ele-fashion,shared_relation,model,shared_relation_text,64,True
ele-fashion,shared_relation,model,shared_relation_visual,64,True
ele-fashion,shared_relation,model,text_projector.network.0.weight,131072,True
ele-fashion,shared_relation,model,text_projector.network.0.bias,256,True
ele-fashion,shared_relation,model,text_projector.network.1.weight,256,True
ele-fashion,shared_relation,model,text_projector.network.1.bias,256,True
ele-fashion,shared_relation,model,visual_projector.network.0.weight,131072,True
ele-fashion,shared_relation,model,visual_projector.network.0.bias,256,True
ele-fashion,shared_relation,model,visual_projector.network.1.weight,256,True
ele-fashion,shared_relation,model,visual_projector.network.1.bias,256,True
ele-fashion,shared_relation,model,text_relation_projection.weight,16384,False
ele-fashion,shared_relation,model,visual_relation_projection.weight,16384,False
ele-fashion,shared_relation,model,pair_text_encoder.network.0.weight,16576,False
ele-fashion,shared_relation,model,pair_text_encoder.network.0.bias,64,False
ele-fashion,shared_relation,model,pair_text_encoder.network.2.weight,64,False
ele-fashion,shared_relation,model,pair_text_encoder.network.2.bias,64,False
ele-fashion,shared_relation,model,pair_text_encoder.network.4.weight,4096,False
ele-fashion,shared_relation,model,pair_text_encoder.network.4.bias,64,False
ele-fashion,shared_relation,model,pair_visual_encoder.network.0.weight,16576,False
ele-fashion,shared_relation,model,pair_visual_encoder.network.0.bias,64,False
ele-fashion,shared_relation,model,pair_visual_encoder.network.2.weight,64,False
ele-fashion,shared_relation,model,pair_visual_encoder.network.2.bias,64,False
ele-fashion,shared_relation,model,pair_visual_encoder.network.4.weight,4096,False
ele-fashion,shared_relation,model,pair_visual_encoder.network.4.bias,64,False
ele-fashion,shared_relation,model,relation_text_cross_attention.attention.in_proj_weight,12288,False
ele-fashion,shared_relation,model,relation_text_cross_attention.attention.in_proj_bias,192,False
ele-fashion,shared_relation,model,relation_text_cross_attention.attention.out_proj.weight,4096,False
ele-fashion,shared_relation,model,relation_text_cross_attention.attention.out_proj.bias,64,False
ele-fashion,shared_relation,model,relation_text_cross_attention.norm.weight,64,False
ele-fashion,shared_relation,model,relation_text_cross_attention.norm.bias,64,False
ele-fashion,shared_relation,model,relation_visual_cross_attention.attention.in_proj_weight,12288,False
ele-fashion,shared_relation,model,relation_visual_cross_attention.attention.in_proj_bias,192,False
ele-fashion,shared_relation,model,relation_visual_cross_attention.attention.out_proj.weight,4096,False
ele-fashion,shared_relation,model,relation_visual_cross_attention.attention.out_proj.bias,64,False
ele-fashion,shared_relation,model,relation_visual_cross_attention.norm.weight,64,False
ele-fashion,shared_relation,model,relation_visual_cross_attention.norm.bias,64,False
ele-fashion,shared_relation,model,text_retriever.attention.in_proj_weight,12288,True
ele-fashion,shared_relation,model,text_retriever.attention.out_proj.weight,4096,True
ele-fashion,shared_relation,model,visual_retriever.attention.in_proj_weight,12288,True
ele-fashion,shared_relation,model,visual_retriever.attention.out_proj.weight,4096,True
ele-fashion,shared_relation,model,text_conditioner.relation.weight,2048,True
ele-fashion,shared_relation,model,text_conditioner.state.weight,8192,True
ele-fashion,shared_relation,model,text_conditioner.output.weight,2048,True
ele-fashion,shared_relation,model,visual_conditioner.relation.weight,2048,True
ele-fashion,shared_relation,model,visual_conditioner.state.weight,8192,True
ele-fashion,shared_relation,model,visual_conditioner.output.weight,2048,True
ele-fashion,shared_relation,model,text_operator.message.weight,65536,True
ele-fashion,shared_relation,model,text_operator.down.weight,8192,True
ele-fashion,shared_relation,model,text_operator.modulation.weight,2048,True
ele-fashion,shared_relation,model,text_operator.up.weight,8192,True
ele-fashion,shared_relation,model,text_operator.up.bias,256,True
ele-fashion,shared_relation,model,visual_operator.message.weight,65536,True
ele-fashion,shared_relation,model,visual_operator.down.weight,8192,True
ele-fashion,shared_relation,model,visual_operator.modulation.weight,2048,True
ele-fashion,shared_relation,model,visual_operator.up.weight,8192,True
ele-fashion,shared_relation,model,visual_operator.up.bias,256,True
ele-fashion,shared_relation,model,text_state_update.update.weight,65536,True
ele-fashion,shared_relation,model,text_state_update.update.bias,256,True
ele-fashion,shared_relation,model,text_state_update.norm.weight,256,True
ele-fashion,shared_relation,model,text_state_update.norm.bias,256,True
ele-fashion,shared_relation,model,visual_state_update.update.weight,65536,True
ele-fashion,shared_relation,model,visual_state_update.update.bias,256,True
ele-fashion,shared_relation,model,visual_state_update.norm.weight,256,True
ele-fashion,shared_relation,model,visual_state_update.norm.bias,256,True
ele-fashion,shared_relation,model,fusion.0.weight,131072,True
ele-fashion,shared_relation,model,fusion.0.bias,256,True
ele-fashion,shared_relation,model,fusion.1.weight,256,True
ele-fashion,shared_relation,model,fusion.1.bias,256,True
ele-fashion,shared_relation,classifier,weight,3072,True
ele-fashion,shared_relation,classifier,bias,12,True
ele-fashion,static_execution,model,no_context_text,64,True
ele-fashion,static_execution,model,no_context_visual,64,True
ele-fashion,static_execution,model,static_query_text,64,True
ele-fashion,static_execution,model,static_query_visual,64,True
ele-fashion,static_execution,model,text_projector.network.0.weight,131072,True
ele-fashion,static_execution,model,text_projector.network.0.bias,256,True
ele-fashion,static_execution,model,text_projector.network.1.weight,256,True
ele-fashion,static_execution,model,text_projector.network.1.bias,256,True
ele-fashion,static_execution,model,visual_projector.network.0.weight,131072,True
ele-fashion,static_execution,model,visual_projector.network.0.bias,256,True
ele-fashion,static_execution,model,visual_projector.network.1.weight,256,True
ele-fashion,static_execution,model,visual_projector.network.1.bias,256,True
ele-fashion,static_execution,model,text_relation_projection.weight,16384,True
ele-fashion,static_execution,model,visual_relation_projection.weight,16384,True
ele-fashion,static_execution,model,pair_text_encoder.network.0.weight,16576,True
ele-fashion,static_execution,model,pair_text_encoder.network.0.bias,64,True
ele-fashion,static_execution,model,pair_text_encoder.network.2.weight,64,True
ele-fashion,static_execution,model,pair_text_encoder.network.2.bias,64,True
ele-fashion,static_execution,model,pair_text_encoder.network.4.weight,4096,True
ele-fashion,static_execution,model,pair_text_encoder.network.4.bias,64,True
ele-fashion,static_execution,model,pair_visual_encoder.network.0.weight,16576,True
ele-fashion,static_execution,model,pair_visual_encoder.network.0.bias,64,True
ele-fashion,static_execution,model,pair_visual_encoder.network.2.weight,64,True
ele-fashion,static_execution,model,pair_visual_encoder.network.2.bias,64,True
ele-fashion,static_execution,model,pair_visual_encoder.network.4.weight,4096,True
ele-fashion,static_execution,model,pair_visual_encoder.network.4.bias,64,True
ele-fashion,static_execution,model,relation_text_cross_attention.attention.in_proj_weight,12288,True
ele-fashion,static_execution,model,relation_text_cross_attention.attention.in_proj_bias,192,True
ele-fashion,static_execution,model,relation_text_cross_attention.attention.out_proj.weight,4096,True
ele-fashion,static_execution,model,relation_text_cross_attention.attention.out_proj.bias,64,True
ele-fashion,static_execution,model,relation_text_cross_attention.norm.weight,64,True
ele-fashion,static_execution,model,relation_text_cross_attention.norm.bias,64,True
ele-fashion,static_execution,model,relation_visual_cross_attention.attention.in_proj_weight,12288,True
ele-fashion,static_execution,model,relation_visual_cross_attention.attention.in_proj_bias,192,True
ele-fashion,static_execution,model,relation_visual_cross_attention.attention.out_proj.weight,4096,True
ele-fashion,static_execution,model,relation_visual_cross_attention.attention.out_proj.bias,64,True
ele-fashion,static_execution,model,relation_visual_cross_attention.norm.weight,64,True
ele-fashion,static_execution,model,relation_visual_cross_attention.norm.bias,64,True
ele-fashion,static_execution,model,text_retriever.attention.in_proj_weight,12288,True
ele-fashion,static_execution,model,text_retriever.attention.out_proj.weight,4096,True
ele-fashion,static_execution,model,visual_retriever.attention.in_proj_weight,12288,True
ele-fashion,static_execution,model,visual_retriever.attention.out_proj.weight,4096,True
ele-fashion,static_execution,model,text_conditioner.relation.weight,2048,False
ele-fashion,static_execution,model,text_conditioner.state.weight,8192,False
ele-fashion,static_execution,model,text_conditioner.output.weight,2048,False
ele-fashion,static_execution,model,visual_conditioner.relation.weight,2048,False
ele-fashion,static_execution,model,visual_conditioner.state.weight,8192,False
ele-fashion,static_execution,model,visual_conditioner.output.weight,2048,False
ele-fashion,static_execution,model,text_operator.message.weight,65536,True
ele-fashion,static_execution,model,text_operator.down.weight,8192,True
ele-fashion,static_execution,model,text_operator.modulation.weight,2048,True
ele-fashion,static_execution,model,text_operator.up.weight,8192,True
ele-fashion,static_execution,model,text_operator.up.bias,256,True
ele-fashion,static_execution,model,visual_operator.message.weight,65536,True
ele-fashion,static_execution,model,visual_operator.down.weight,8192,True
ele-fashion,static_execution,model,visual_operator.modulation.weight,2048,True
ele-fashion,static_execution,model,visual_operator.up.weight,8192,True
ele-fashion,static_execution,model,visual_operator.up.bias,256,True
ele-fashion,static_execution,model,text_state_update.update.weight,65536,True
ele-fashion,static_execution,model,text_state_update.update.bias,256,True
ele-fashion,static_execution,model,text_state_update.norm.weight,256,True
ele-fashion,static_execution,model,text_state_update.norm.bias,256,True
ele-fashion,static_execution,model,visual_state_update.update.weight,65536,True
ele-fashion,static_execution,model,visual_state_update.update.bias,256,True
ele-fashion,static_execution,model,visual_state_update.norm.weight,256,True
ele-fashion,static_execution,model,visual_state_update.norm.bias,256,True
ele-fashion,static_execution,model,fusion.0.weight,131072,True
ele-fashion,static_execution,model,fusion.0.bias,256,True
ele-fashion,static_execution,model,fusion.1.weight,256,True
ele-fashion,static_execution,model,fusion.1.bias,256,True
ele-fashion,static_execution,classifier,weight,3072,True
ele-fashion,static_execution,classifier,bias,12,True
ele-fashion,operator_off,model,no_context_text,64,False
ele-fashion,operator_off,model,no_context_visual,64,False
ele-fashion,operator_off,model,static_query_text,64,False
ele-fashion,operator_off,model,static_query_visual,64,False
ele-fashion,operator_off,model,text_projector.network.0.weight,131072,True
ele-fashion,operator_off,model,text_projector.network.0.bias,256,True
ele-fashion,operator_off,model,text_projector.network.1.weight,256,True
ele-fashion,operator_off,model,text_projector.network.1.bias,256,True
ele-fashion,operator_off,model,visual_projector.network.0.weight,131072,True
ele-fashion,operator_off,model,visual_projector.network.0.bias,256,True
ele-fashion,operator_off,model,visual_projector.network.1.weight,256,True
ele-fashion,operator_off,model,visual_projector.network.1.bias,256,True
ele-fashion,operator_off,model,text_relation_projection.weight,16384,False
ele-fashion,operator_off,model,visual_relation_projection.weight,16384,False
ele-fashion,operator_off,model,pair_text_encoder.network.0.weight,16576,False
ele-fashion,operator_off,model,pair_text_encoder.network.0.bias,64,False
ele-fashion,operator_off,model,pair_text_encoder.network.2.weight,64,False
ele-fashion,operator_off,model,pair_text_encoder.network.2.bias,64,False
ele-fashion,operator_off,model,pair_text_encoder.network.4.weight,4096,False
ele-fashion,operator_off,model,pair_text_encoder.network.4.bias,64,False
ele-fashion,operator_off,model,pair_visual_encoder.network.0.weight,16576,False
ele-fashion,operator_off,model,pair_visual_encoder.network.0.bias,64,False
ele-fashion,operator_off,model,pair_visual_encoder.network.2.weight,64,False
ele-fashion,operator_off,model,pair_visual_encoder.network.2.bias,64,False
ele-fashion,operator_off,model,pair_visual_encoder.network.4.weight,4096,False
ele-fashion,operator_off,model,pair_visual_encoder.network.4.bias,64,False
ele-fashion,operator_off,model,relation_text_cross_attention.attention.in_proj_weight,12288,False
ele-fashion,operator_off,model,relation_text_cross_attention.attention.in_proj_bias,192,False
ele-fashion,operator_off,model,relation_text_cross_attention.attention.out_proj.weight,4096,False
ele-fashion,operator_off,model,relation_text_cross_attention.attention.out_proj.bias,64,False
ele-fashion,operator_off,model,relation_text_cross_attention.norm.weight,64,False
ele-fashion,operator_off,model,relation_text_cross_attention.norm.bias,64,False
ele-fashion,operator_off,model,relation_visual_cross_attention.attention.in_proj_weight,12288,False
ele-fashion,operator_off,model,relation_visual_cross_attention.attention.in_proj_bias,192,False
ele-fashion,operator_off,model,relation_visual_cross_attention.attention.out_proj.weight,4096,False
ele-fashion,operator_off,model,relation_visual_cross_attention.attention.out_proj.bias,64,False
ele-fashion,operator_off,model,relation_visual_cross_attention.norm.weight,64,False
ele-fashion,operator_off,model,relation_visual_cross_attention.norm.bias,64,False
ele-fashion,operator_off,model,text_retriever.attention.in_proj_weight,12288,False
ele-fashion,operator_off,model,text_retriever.attention.out_proj.weight,4096,False
ele-fashion,operator_off,model,visual_retriever.attention.in_proj_weight,12288,False
ele-fashion,operator_off,model,visual_retriever.attention.out_proj.weight,4096,False
ele-fashion,operator_off,model,text_conditioner.relation.weight,2048,False
ele-fashion,operator_off,model,text_conditioner.state.weight,8192,False
ele-fashion,operator_off,model,text_conditioner.output.weight,2048,False
ele-fashion,operator_off,model,visual_conditioner.relation.weight,2048,False
ele-fashion,operator_off,model,visual_conditioner.state.weight,8192,False
ele-fashion,operator_off,model,visual_conditioner.output.weight,2048,False
ele-fashion,operator_off,model,text_operator.message.weight,65536,True
ele-fashion,operator_off,model,text_operator.down.weight,8192,False
ele-fashion,operator_off,model,text_operator.modulation.weight,2048,False
ele-fashion,operator_off,model,text_operator.up.weight,8192,False
ele-fashion,operator_off,model,text_operator.up.bias,256,False
ele-fashion,operator_off,model,visual_operator.message.weight,65536,True
ele-fashion,operator_off,model,visual_operator.down.weight,8192,False
ele-fashion,operator_off,model,visual_operator.modulation.weight,2048,False
ele-fashion,operator_off,model,visual_operator.up.weight,8192,False
ele-fashion,operator_off,model,visual_operator.up.bias,256,False
ele-fashion,operator_off,model,text_state_update.update.weight,65536,True
ele-fashion,operator_off,model,text_state_update.update.bias,256,True
ele-fashion,operator_off,model,text_state_update.norm.weight,256,True
ele-fashion,operator_off,model,text_state_update.norm.bias,256,True
ele-fashion,operator_off,model,visual_state_update.update.weight,65536,True
ele-fashion,operator_off,model,visual_state_update.update.bias,256,True
ele-fashion,operator_off,model,visual_state_update.norm.weight,256,True
ele-fashion,operator_off,model,visual_state_update.norm.bias,256,True
ele-fashion,operator_off,model,fusion.0.weight,131072,True
ele-fashion,operator_off,model,fusion.0.bias,256,True
ele-fashion,operator_off,model,fusion.1.weight,256,True
ele-fashion,operator_off,model,fusion.1.bias,256,True
ele-fashion,operator_off,classifier,weight,3072,True
ele-fashion,operator_off,classifier,bias,12,True
Reddit-S,full,model,no_context_text,64,True
Reddit-S,full,model,no_context_visual,64,True
Reddit-S,full,model,static_query_text,64,True
Reddit-S,full,model,static_query_visual,64,True
Reddit-S,full,model,text_projector.network.0.weight,196608,True
Reddit-S,full,model,text_projector.network.0.bias,256,True
Reddit-S,full,model,text_projector.network.1.weight,256,True
Reddit-S,full,model,text_projector.network.1.bias,256,True
Reddit-S,full,model,visual_projector.network.0.weight,196608,True
Reddit-S,full,model,visual_projector.network.0.bias,256,True
Reddit-S,full,model,visual_projector.network.1.weight,256,True
Reddit-S,full,model,visual_projector.network.1.bias,256,True
Reddit-S,full,model,text_relation_projection.weight,16384,True
Reddit-S,full,model,visual_relation_projection.weight,16384,True
Reddit-S,full,model,pair_text_encoder.network.0.weight,16576,True
Reddit-S,full,model,pair_text_encoder.network.0.bias,64,True
Reddit-S,full,model,pair_text_encoder.network.2.weight,64,True
Reddit-S,full,model,pair_text_encoder.network.2.bias,64,True
Reddit-S,full,model,pair_text_encoder.network.4.weight,4096,True
Reddit-S,full,model,pair_text_encoder.network.4.bias,64,True
Reddit-S,full,model,pair_visual_encoder.network.0.weight,16576,True
Reddit-S,full,model,pair_visual_encoder.network.0.bias,64,True
Reddit-S,full,model,pair_visual_encoder.network.2.weight,64,True
Reddit-S,full,model,pair_visual_encoder.network.2.bias,64,True
Reddit-S,full,model,pair_visual_encoder.network.4.weight,4096,True
Reddit-S,full,model,pair_visual_encoder.network.4.bias,64,True
Reddit-S,full,model,relation_text_cross_attention.attention.in_proj_weight,12288,True
Reddit-S,full,model,relation_text_cross_attention.attention.in_proj_bias,192,True
Reddit-S,full,model,relation_text_cross_attention.attention.out_proj.weight,4096,True
Reddit-S,full,model,relation_text_cross_attention.attention.out_proj.bias,64,True
Reddit-S,full,model,relation_text_cross_attention.norm.weight,64,True
Reddit-S,full,model,relation_text_cross_attention.norm.bias,64,True
Reddit-S,full,model,relation_visual_cross_attention.attention.in_proj_weight,12288,True
Reddit-S,full,model,relation_visual_cross_attention.attention.in_proj_bias,192,True
Reddit-S,full,model,relation_visual_cross_attention.attention.out_proj.weight,4096,True
Reddit-S,full,model,relation_visual_cross_attention.attention.out_proj.bias,64,True
Reddit-S,full,model,relation_visual_cross_attention.norm.weight,64,True
Reddit-S,full,model,relation_visual_cross_attention.norm.bias,64,True
Reddit-S,full,model,text_retriever.attention.in_proj_weight,12288,True
Reddit-S,full,model,text_retriever.attention.out_proj.weight,4096,True
Reddit-S,full,model,visual_retriever.attention.in_proj_weight,12288,True
Reddit-S,full,model,visual_retriever.attention.out_proj.weight,4096,True
Reddit-S,full,model,text_conditioner.relation.weight,2048,True
Reddit-S,full,model,text_conditioner.state.weight,8192,True
Reddit-S,full,model,text_conditioner.output.weight,2048,True
Reddit-S,full,model,visual_conditioner.relation.weight,2048,True
Reddit-S,full,model,visual_conditioner.state.weight,8192,True
Reddit-S,full,model,visual_conditioner.output.weight,2048,True
Reddit-S,full,model,text_operator.message.weight,65536,True
Reddit-S,full,model,text_operator.down.weight,8192,True
Reddit-S,full,model,text_operator.modulation.weight,2048,True
Reddit-S,full,model,text_operator.up.weight,8192,True
Reddit-S,full,model,text_operator.up.bias,256,True
Reddit-S,full,model,visual_operator.message.weight,65536,True
Reddit-S,full,model,visual_operator.down.weight,8192,True
Reddit-S,full,model,visual_operator.modulation.weight,2048,True
Reddit-S,full,model,visual_operator.up.weight,8192,True
Reddit-S,full,model,visual_operator.up.bias,256,True
Reddit-S,full,model,text_state_update.update.weight,65536,True
Reddit-S,full,model,text_state_update.update.bias,256,True
Reddit-S,full,model,text_state_update.norm.weight,256,True
Reddit-S,full,model,text_state_update.norm.bias,256,True
Reddit-S,full,model,visual_state_update.update.weight,65536,True
Reddit-S,full,model,visual_state_update.update.bias,256,True
Reddit-S,full,model,visual_state_update.norm.weight,256,True
Reddit-S,full,model,visual_state_update.norm.bias,256,True
Reddit-S,full,model,fusion.0.weight,131072,True
Reddit-S,full,model,fusion.0.bias,256,True
Reddit-S,full,model,fusion.1.weight,256,True
Reddit-S,full,model,fusion.1.bias,256,True
Reddit-S,full,classifier,weight,5120,True
Reddit-S,full,classifier,bias,20,True
Reddit-S,no_context,model,no_context_text,64,True
Reddit-S,no_context,model,no_context_visual,64,True
Reddit-S,no_context,model,static_query_text,64,True
Reddit-S,no_context,model,static_query_visual,64,True
Reddit-S,no_context,model,text_projector.network.0.weight,196608,True
Reddit-S,no_context,model,text_projector.network.0.bias,256,True
Reddit-S,no_context,model,text_projector.network.1.weight,256,True
Reddit-S,no_context,model,text_projector.network.1.bias,256,True
Reddit-S,no_context,model,visual_projector.network.0.weight,196608,True
Reddit-S,no_context,model,visual_projector.network.0.bias,256,True
Reddit-S,no_context,model,visual_projector.network.1.weight,256,True
Reddit-S,no_context,model,visual_projector.network.1.bias,256,True
Reddit-S,no_context,model,text_relation_projection.weight,16384,True
Reddit-S,no_context,model,visual_relation_projection.weight,16384,True
Reddit-S,no_context,model,pair_text_encoder.network.0.weight,16576,True
Reddit-S,no_context,model,pair_text_encoder.network.0.bias,64,True
Reddit-S,no_context,model,pair_text_encoder.network.2.weight,64,True
Reddit-S,no_context,model,pair_text_encoder.network.2.bias,64,True
Reddit-S,no_context,model,pair_text_encoder.network.4.weight,4096,True
Reddit-S,no_context,model,pair_text_encoder.network.4.bias,64,True
Reddit-S,no_context,model,pair_visual_encoder.network.0.weight,16576,True
Reddit-S,no_context,model,pair_visual_encoder.network.0.bias,64,True
Reddit-S,no_context,model,pair_visual_encoder.network.2.weight,64,True
Reddit-S,no_context,model,pair_visual_encoder.network.2.bias,64,True
Reddit-S,no_context,model,pair_visual_encoder.network.4.weight,4096,True
Reddit-S,no_context,model,pair_visual_encoder.network.4.bias,64,True
Reddit-S,no_context,model,relation_text_cross_attention.attention.in_proj_weight,12288,True
Reddit-S,no_context,model,relation_text_cross_attention.attention.in_proj_bias,192,True
Reddit-S,no_context,model,relation_text_cross_attention.attention.out_proj.weight,4096,True
Reddit-S,no_context,model,relation_text_cross_attention.attention.out_proj.bias,64,True
Reddit-S,no_context,model,relation_text_cross_attention.norm.weight,64,True
Reddit-S,no_context,model,relation_text_cross_attention.norm.bias,64,True
Reddit-S,no_context,model,relation_visual_cross_attention.attention.in_proj_weight,12288,True
Reddit-S,no_context,model,relation_visual_cross_attention.attention.in_proj_bias,192,True
Reddit-S,no_context,model,relation_visual_cross_attention.attention.out_proj.weight,4096,True
Reddit-S,no_context,model,relation_visual_cross_attention.attention.out_proj.bias,64,True
Reddit-S,no_context,model,relation_visual_cross_attention.norm.weight,64,True
Reddit-S,no_context,model,relation_visual_cross_attention.norm.bias,64,True
Reddit-S,no_context,model,text_retriever.attention.in_proj_weight,12288,True
Reddit-S,no_context,model,text_retriever.attention.out_proj.weight,4096,True
Reddit-S,no_context,model,visual_retriever.attention.in_proj_weight,12288,True
Reddit-S,no_context,model,visual_retriever.attention.out_proj.weight,4096,True
Reddit-S,no_context,model,text_conditioner.relation.weight,2048,True
Reddit-S,no_context,model,text_conditioner.state.weight,8192,True
Reddit-S,no_context,model,text_conditioner.output.weight,2048,True
Reddit-S,no_context,model,visual_conditioner.relation.weight,2048,True
Reddit-S,no_context,model,visual_conditioner.state.weight,8192,True
Reddit-S,no_context,model,visual_conditioner.output.weight,2048,True
Reddit-S,no_context,model,text_operator.message.weight,65536,True
Reddit-S,no_context,model,text_operator.down.weight,8192,True
Reddit-S,no_context,model,text_operator.modulation.weight,2048,True
Reddit-S,no_context,model,text_operator.up.weight,8192,True
Reddit-S,no_context,model,text_operator.up.bias,256,True
Reddit-S,no_context,model,visual_operator.message.weight,65536,True
Reddit-S,no_context,model,visual_operator.down.weight,8192,True
Reddit-S,no_context,model,visual_operator.modulation.weight,2048,True
Reddit-S,no_context,model,visual_operator.up.weight,8192,True
Reddit-S,no_context,model,visual_operator.up.bias,256,True
Reddit-S,no_context,model,text_state_update.update.weight,65536,True
Reddit-S,no_context,model,text_state_update.update.bias,256,True
Reddit-S,no_context,model,text_state_update.norm.weight,256,True
Reddit-S,no_context,model,text_state_update.norm.bias,256,True
Reddit-S,no_context,model,visual_state_update.update.weight,65536,True
Reddit-S,no_context,model,visual_state_update.update.bias,256,True
Reddit-S,no_context,model,visual_state_update.norm.weight,256,True
Reddit-S,no_context,model,visual_state_update.norm.bias,256,True
Reddit-S,no_context,model,fusion.0.weight,131072,True
Reddit-S,no_context,model,fusion.0.bias,256,True
Reddit-S,no_context,model,fusion.1.weight,256,True
Reddit-S,no_context,model,fusion.1.bias,256,True
Reddit-S,no_context,classifier,weight,5120,True
Reddit-S,no_context,classifier,bias,20,True
Reddit-S,shared_relation,model,no_context_text,64,False
Reddit-S,shared_relation,model,no_context_visual,64,False
Reddit-S,shared_relation,model,static_query_text,64,True
Reddit-S,shared_relation,model,static_query_visual,64,True
Reddit-S,shared_relation,model,shared_relation_text,64,True
Reddit-S,shared_relation,model,shared_relation_visual,64,True
Reddit-S,shared_relation,model,text_projector.network.0.weight,196608,True
Reddit-S,shared_relation,model,text_projector.network.0.bias,256,True
Reddit-S,shared_relation,model,text_projector.network.1.weight,256,True
Reddit-S,shared_relation,model,text_projector.network.1.bias,256,True
Reddit-S,shared_relation,model,visual_projector.network.0.weight,196608,True
Reddit-S,shared_relation,model,visual_projector.network.0.bias,256,True
Reddit-S,shared_relation,model,visual_projector.network.1.weight,256,True
Reddit-S,shared_relation,model,visual_projector.network.1.bias,256,True
Reddit-S,shared_relation,model,text_relation_projection.weight,16384,False
Reddit-S,shared_relation,model,visual_relation_projection.weight,16384,False
Reddit-S,shared_relation,model,pair_text_encoder.network.0.weight,16576,False
Reddit-S,shared_relation,model,pair_text_encoder.network.0.bias,64,False
Reddit-S,shared_relation,model,pair_text_encoder.network.2.weight,64,False
Reddit-S,shared_relation,model,pair_text_encoder.network.2.bias,64,False
Reddit-S,shared_relation,model,pair_text_encoder.network.4.weight,4096,False
Reddit-S,shared_relation,model,pair_text_encoder.network.4.bias,64,False
Reddit-S,shared_relation,model,pair_visual_encoder.network.0.weight,16576,False
Reddit-S,shared_relation,model,pair_visual_encoder.network.0.bias,64,False
Reddit-S,shared_relation,model,pair_visual_encoder.network.2.weight,64,False
Reddit-S,shared_relation,model,pair_visual_encoder.network.2.bias,64,False
Reddit-S,shared_relation,model,pair_visual_encoder.network.4.weight,4096,False
Reddit-S,shared_relation,model,pair_visual_encoder.network.4.bias,64,False
Reddit-S,shared_relation,model,relation_text_cross_attention.attention.in_proj_weight,12288,False
Reddit-S,shared_relation,model,relation_text_cross_attention.attention.in_proj_bias,192,False
Reddit-S,shared_relation,model,relation_text_cross_attention.attention.out_proj.weight,4096,False
Reddit-S,shared_relation,model,relation_text_cross_attention.attention.out_proj.bias,64,False
Reddit-S,shared_relation,model,relation_text_cross_attention.norm.weight,64,False
Reddit-S,shared_relation,model,relation_text_cross_attention.norm.bias,64,False
Reddit-S,shared_relation,model,relation_visual_cross_attention.attention.in_proj_weight,12288,False
Reddit-S,shared_relation,model,relation_visual_cross_attention.attention.in_proj_bias,192,False
Reddit-S,shared_relation,model,relation_visual_cross_attention.attention.out_proj.weight,4096,False
Reddit-S,shared_relation,model,relation_visual_cross_attention.attention.out_proj.bias,64,False
Reddit-S,shared_relation,model,relation_visual_cross_attention.norm.weight,64,False
Reddit-S,shared_relation,model,relation_visual_cross_attention.norm.bias,64,False
Reddit-S,shared_relation,model,text_retriever.attention.in_proj_weight,12288,True
Reddit-S,shared_relation,model,text_retriever.attention.out_proj.weight,4096,True
Reddit-S,shared_relation,model,visual_retriever.attention.in_proj_weight,12288,True
Reddit-S,shared_relation,model,visual_retriever.attention.out_proj.weight,4096,True
Reddit-S,shared_relation,model,text_conditioner.relation.weight,2048,True
Reddit-S,shared_relation,model,text_conditioner.state.weight,8192,True
Reddit-S,shared_relation,model,text_conditioner.output.weight,2048,True
Reddit-S,shared_relation,model,visual_conditioner.relation.weight,2048,True
Reddit-S,shared_relation,model,visual_conditioner.state.weight,8192,True
Reddit-S,shared_relation,model,visual_conditioner.output.weight,2048,True
Reddit-S,shared_relation,model,text_operator.message.weight,65536,True
Reddit-S,shared_relation,model,text_operator.down.weight,8192,True
Reddit-S,shared_relation,model,text_operator.modulation.weight,2048,True
Reddit-S,shared_relation,model,text_operator.up.weight,8192,True
Reddit-S,shared_relation,model,text_operator.up.bias,256,True
Reddit-S,shared_relation,model,visual_operator.message.weight,65536,True
Reddit-S,shared_relation,model,visual_operator.down.weight,8192,True
Reddit-S,shared_relation,model,visual_operator.modulation.weight,2048,True
Reddit-S,shared_relation,model,visual_operator.up.weight,8192,True
Reddit-S,shared_relation,model,visual_operator.up.bias,256,True
Reddit-S,shared_relation,model,text_state_update.update.weight,65536,True
Reddit-S,shared_relation,model,text_state_update.update.bias,256,True
Reddit-S,shared_relation,model,text_state_update.norm.weight,256,True
Reddit-S,shared_relation,model,text_state_update.norm.bias,256,True
Reddit-S,shared_relation,model,visual_state_update.update.weight,65536,True
Reddit-S,shared_relation,model,visual_state_update.update.bias,256,True
Reddit-S,shared_relation,model,visual_state_update.norm.weight,256,True
Reddit-S,shared_relation,model,visual_state_update.norm.bias,256,True
Reddit-S,shared_relation,model,fusion.0.weight,131072,True
Reddit-S,shared_relation,model,fusion.0.bias,256,True
Reddit-S,shared_relation,model,fusion.1.weight,256,True
Reddit-S,shared_relation,model,fusion.1.bias,256,True
Reddit-S,shared_relation,classifier,weight,5120,True
Reddit-S,shared_relation,classifier,bias,20,True
Reddit-S,static_execution,model,no_context_text,64,True
Reddit-S,static_execution,model,no_context_visual,64,True
Reddit-S,static_execution,model,static_query_text,64,True
Reddit-S,static_execution,model,static_query_visual,64,True
Reddit-S,static_execution,model,text_projector.network.0.weight,196608,True
Reddit-S,static_execution,model,text_projector.network.0.bias,256,True
Reddit-S,static_execution,model,text_projector.network.1.weight,256,True
Reddit-S,static_execution,model,text_projector.network.1.bias,256,True
Reddit-S,static_execution,model,visual_projector.network.0.weight,196608,True
Reddit-S,static_execution,model,visual_projector.network.0.bias,256,True
Reddit-S,static_execution,model,visual_projector.network.1.weight,256,True
Reddit-S,static_execution,model,visual_projector.network.1.bias,256,True
Reddit-S,static_execution,model,text_relation_projection.weight,16384,True
Reddit-S,static_execution,model,visual_relation_projection.weight,16384,True
Reddit-S,static_execution,model,pair_text_encoder.network.0.weight,16576,True
Reddit-S,static_execution,model,pair_text_encoder.network.0.bias,64,True
Reddit-S,static_execution,model,pair_text_encoder.network.2.weight,64,True
Reddit-S,static_execution,model,pair_text_encoder.network.2.bias,64,True
Reddit-S,static_execution,model,pair_text_encoder.network.4.weight,4096,True
Reddit-S,static_execution,model,pair_text_encoder.network.4.bias,64,True
Reddit-S,static_execution,model,pair_visual_encoder.network.0.weight,16576,True
Reddit-S,static_execution,model,pair_visual_encoder.network.0.bias,64,True
Reddit-S,static_execution,model,pair_visual_encoder.network.2.weight,64,True
Reddit-S,static_execution,model,pair_visual_encoder.network.2.bias,64,True
Reddit-S,static_execution,model,pair_visual_encoder.network.4.weight,4096,True
Reddit-S,static_execution,model,pair_visual_encoder.network.4.bias,64,True
Reddit-S,static_execution,model,relation_text_cross_attention.attention.in_proj_weight,12288,True
Reddit-S,static_execution,model,relation_text_cross_attention.attention.in_proj_bias,192,True
Reddit-S,static_execution,model,relation_text_cross_attention.attention.out_proj.weight,4096,True
Reddit-S,static_execution,model,relation_text_cross_attention.attention.out_proj.bias,64,True
Reddit-S,static_execution,model,relation_text_cross_attention.norm.weight,64,True
Reddit-S,static_execution,model,relation_text_cross_attention.norm.bias,64,True
Reddit-S,static_execution,model,relation_visual_cross_attention.attention.in_proj_weight,12288,True
Reddit-S,static_execution,model,relation_visual_cross_attention.attention.in_proj_bias,192,True
Reddit-S,static_execution,model,relation_visual_cross_attention.attention.out_proj.weight,4096,True
Reddit-S,static_execution,model,relation_visual_cross_attention.attention.out_proj.bias,64,True
Reddit-S,static_execution,model,relation_visual_cross_attention.norm.weight,64,True
Reddit-S,static_execution,model,relation_visual_cross_attention.norm.bias,64,True
Reddit-S,static_execution,model,text_retriever.attention.in_proj_weight,12288,True
Reddit-S,static_execution,model,text_retriever.attention.out_proj.weight,4096,True
Reddit-S,static_execution,model,visual_retriever.attention.in_proj_weight,12288,True
Reddit-S,static_execution,model,visual_retriever.attention.out_proj.weight,4096,True
Reddit-S,static_execution,model,text_conditioner.relation.weight,2048,False
Reddit-S,static_execution,model,text_conditioner.state.weight,8192,False
Reddit-S,static_execution,model,text_conditioner.output.weight,2048,False
Reddit-S,static_execution,model,visual_conditioner.relation.weight,2048,False
Reddit-S,static_execution,model,visual_conditioner.state.weight,8192,False
Reddit-S,static_execution,model,visual_conditioner.output.weight,2048,False
Reddit-S,static_execution,model,text_operator.message.weight,65536,True
Reddit-S,static_execution,model,text_operator.down.weight,8192,True
Reddit-S,static_execution,model,text_operator.modulation.weight,2048,True
Reddit-S,static_execution,model,text_operator.up.weight,8192,True
Reddit-S,static_execution,model,text_operator.up.bias,256,True
Reddit-S,static_execution,model,visual_operator.message.weight,65536,True
Reddit-S,static_execution,model,visual_operator.down.weight,8192,True
Reddit-S,static_execution,model,visual_operator.modulation.weight,2048,True
Reddit-S,static_execution,model,visual_operator.up.weight,8192,True
Reddit-S,static_execution,model,visual_operator.up.bias,256,True
Reddit-S,static_execution,model,text_state_update.update.weight,65536,True
Reddit-S,static_execution,model,text_state_update.update.bias,256,True
Reddit-S,static_execution,model,text_state_update.norm.weight,256,True
Reddit-S,static_execution,model,text_state_update.norm.bias,256,True
Reddit-S,static_execution,model,visual_state_update.update.weight,65536,True
Reddit-S,static_execution,model,visual_state_update.update.bias,256,True
Reddit-S,static_execution,model,visual_state_update.norm.weight,256,True
Reddit-S,static_execution,model,visual_state_update.norm.bias,256,True
Reddit-S,static_execution,model,fusion.0.weight,131072,True
Reddit-S,static_execution,model,fusion.0.bias,256,True
Reddit-S,static_execution,model,fusion.1.weight,256,True
Reddit-S,static_execution,model,fusion.1.bias,256,True
Reddit-S,static_execution,classifier,weight,5120,True
Reddit-S,static_execution,classifier,bias,20,True
Reddit-S,operator_off,model,no_context_text,64,False
Reddit-S,operator_off,model,no_context_visual,64,False
Reddit-S,operator_off,model,static_query_text,64,False
Reddit-S,operator_off,model,static_query_visual,64,False
Reddit-S,operator_off,model,text_projector.network.0.weight,196608,True
Reddit-S,operator_off,model,text_projector.network.0.bias,256,True
Reddit-S,operator_off,model,text_projector.network.1.weight,256,True
Reddit-S,operator_off,model,text_projector.network.1.bias,256,True
Reddit-S,operator_off,model,visual_projector.network.0.weight,196608,True
Reddit-S,operator_off,model,visual_projector.network.0.bias,256,True
Reddit-S,operator_off,model,visual_projector.network.1.weight,256,True
Reddit-S,operator_off,model,visual_projector.network.1.bias,256,True
Reddit-S,operator_off,model,text_relation_projection.weight,16384,False
Reddit-S,operator_off,model,visual_relation_projection.weight,16384,False
Reddit-S,operator_off,model,pair_text_encoder.network.0.weight,16576,False
Reddit-S,operator_off,model,pair_text_encoder.network.0.bias,64,False
Reddit-S,operator_off,model,pair_text_encoder.network.2.weight,64,False
Reddit-S,operator_off,model,pair_text_encoder.network.2.bias,64,False
Reddit-S,operator_off,model,pair_text_encoder.network.4.weight,4096,False
Reddit-S,operator_off,model,pair_text_encoder.network.4.bias,64,False
Reddit-S,operator_off,model,pair_visual_encoder.network.0.weight,16576,False
Reddit-S,operator_off,model,pair_visual_encoder.network.0.bias,64,False
Reddit-S,operator_off,model,pair_visual_encoder.network.2.weight,64,False
Reddit-S,operator_off,model,pair_visual_encoder.network.2.bias,64,False
Reddit-S,operator_off,model,pair_visual_encoder.network.4.weight,4096,False
Reddit-S,operator_off,model,pair_visual_encoder.network.4.bias,64,False
Reddit-S,operator_off,model,relation_text_cross_attention.attention.in_proj_weight,12288,False
Reddit-S,operator_off,model,relation_text_cross_attention.attention.in_proj_bias,192,False
Reddit-S,operator_off,model,relation_text_cross_attention.attention.out_proj.weight,4096,False
Reddit-S,operator_off,model,relation_text_cross_attention.attention.out_proj.bias,64,False
Reddit-S,operator_off,model,relation_text_cross_attention.norm.weight,64,False
Reddit-S,operator_off,model,relation_text_cross_attention.norm.bias,64,False
Reddit-S,operator_off,model,relation_visual_cross_attention.attention.in_proj_weight,12288,False
Reddit-S,operator_off,model,relation_visual_cross_attention.attention.in_proj_bias,192,False
Reddit-S,operator_off,model,relation_visual_cross_attention.attention.out_proj.weight,4096,False
Reddit-S,operator_off,model,relation_visual_cross_attention.attention.out_proj.bias,64,False
Reddit-S,operator_off,model,relation_visual_cross_attention.norm.weight,64,False
Reddit-S,operator_off,model,relation_visual_cross_attention.norm.bias,64,False
Reddit-S,operator_off,model,text_retriever.attention.in_proj_weight,12288,False
Reddit-S,operator_off,model,text_retriever.attention.out_proj.weight,4096,False
Reddit-S,operator_off,model,visual_retriever.attention.in_proj_weight,12288,False
Reddit-S,operator_off,model,visual_retriever.attention.out_proj.weight,4096,False
Reddit-S,operator_off,model,text_conditioner.relation.weight,2048,False
Reddit-S,operator_off,model,text_conditioner.state.weight,8192,False
Reddit-S,operator_off,model,text_conditioner.output.weight,2048,False
Reddit-S,operator_off,model,visual_conditioner.relation.weight,2048,False
Reddit-S,operator_off,model,visual_conditioner.state.weight,8192,False
Reddit-S,operator_off,model,visual_conditioner.output.weight,2048,False
Reddit-S,operator_off,model,text_operator.message.weight,65536,True
Reddit-S,operator_off,model,text_operator.down.weight,8192,False
Reddit-S,operator_off,model,text_operator.modulation.weight,2048,False
Reddit-S,operator_off,model,text_operator.up.weight,8192,False
Reddit-S,operator_off,model,text_operator.up.bias,256,False
Reddit-S,operator_off,model,visual_operator.message.weight,65536,True
Reddit-S,operator_off,model,visual_operator.down.weight,8192,False
Reddit-S,operator_off,model,visual_operator.modulation.weight,2048,False
Reddit-S,operator_off,model,visual_operator.up.weight,8192,False
Reddit-S,operator_off,model,visual_operator.up.bias,256,False
Reddit-S,operator_off,model,text_state_update.update.weight,65536,True
Reddit-S,operator_off,model,text_state_update.update.bias,256,True
Reddit-S,operator_off,model,text_state_update.norm.weight,256,True
Reddit-S,operator_off,model,text_state_update.norm.bias,256,True
Reddit-S,operator_off,model,visual_state_update.update.weight,65536,True
Reddit-S,operator_off,model,visual_state_update.update.bias,256,True
Reddit-S,operator_off,model,visual_state_update.norm.weight,256,True
Reddit-S,operator_off,model,visual_state_update.norm.bias,256,True
Reddit-S,operator_off,model,fusion.0.weight,131072,True
Reddit-S,operator_off,model,fusion.0.bias,256,True
Reddit-S,operator_off,model,fusion.1.weight,256,True
Reddit-S,operator_off,model,fusion.1.bias,256,True
Reddit-S,operator_off,classifier,weight,5120,True
Reddit-S,operator_off,classifier,bias,20,True
