dataset,seed,variant,query_token,evidence_key,similarity_regime,utility_group,mean_attention,n_relations
Movies,42,pair,Text,VisualPair,all,all,0.20301556587219238,30552
Movies,42,pair,Text,Compatibility,all,all,0.2164260596036911,30552
Movies,42,pair,Text,TextContext,all,all,0.21611636877059937,30552
Movies,42,pair,Text,VisualContext,all,all,0.2198839783668518,30552
Movies,42,pair,Visual,TextPair,all,all,0.1667209416627884,30552
Movies,42,pair,Visual,Compatibility,all,all,0.21376988291740417,30552
Movies,42,pair,Visual,TextContext,all,all,0.2139434963464737,30552
Movies,42,pair,Visual,VisualContext,all,all,0.21447966992855072,30552
Movies,42,pair,Text,VisualPair,Q1,Text_beneficial,0.20171284675598145,3291
Movies,42,pair,Text,Compatibility,Q1,Text_beneficial,0.21415698528289795,3291
Movies,42,pair,Text,TextContext,Q1,Text_beneficial,0.21410028636455536,3291
Movies,42,pair,Text,VisualContext,Q1,Text_beneficial,0.21734105050563812,3291
Movies,42,pair,Visual,TextPair,Q1,Text_beneficial,0.16440358757972717,3291
Movies,42,pair,Visual,Compatibility,Q1,Text_beneficial,0.21582365036010742,3291
Movies,42,pair,Visual,TextContext,Q1,Text_beneficial,0.21613912284374237,3291
Movies,42,pair,Visual,VisualContext,Q1,Text_beneficial,0.21669597923755646,3291
Movies,42,pair,Text,VisualPair,Q1,Text_harmful,0.20365864038467407,2820
Movies,42,pair,Text,Compatibility,Q1,Text_harmful,0.21280726790428162,2820
Movies,42,pair,Text,TextContext,Q1,Text_harmful,0.21286560595035553,2820
Movies,42,pair,Text,VisualContext,Q1,Text_harmful,0.21595832705497742,2820
Movies,42,pair,Visual,TextPair,Q1,Text_harmful,0.1671161949634552,2820
Movies,42,pair,Visual,Compatibility,Q1,Text_harmful,0.2145879715681076,2820
Movies,42,pair,Visual,TextContext,Q1,Text_harmful,0.21487131714820862,2820
Movies,42,pair,Visual,VisualContext,Q1,Text_harmful,0.21541574597358704,2820
Movies,42,pair,Text,VisualPair,Q5,Text_beneficial,0.1981942355632782,4439
Movies,42,pair,Text,Compatibility,Q5,Text_beneficial,0.21810069680213928,4439
Movies,42,pair,Text,TextContext,Q5,Text_beneficial,0.2175188660621643,4439
Movies,42,pair,Text,VisualContext,Q5,Text_beneficial,0.22192883491516113,4439
Movies,42,pair,Visual,TextPair,Q5,Text_beneficial,0.17592690885066986,4439
Movies,42,pair,Visual,Compatibility,Q5,Text_beneficial,0.2098686546087265,4439
Movies,42,pair,Visual,TextContext,Q5,Text_beneficial,0.20976631343364716,4439
Movies,42,pair,Visual,VisualContext,Q5,Text_beneficial,0.21035464107990265,4439
Movies,42,pair,Text,VisualPair,Q5,Text_harmful,0.20128558576107025,1671
Movies,42,pair,Text,Compatibility,Q5,Text_harmful,0.21832795441150665,1671
Movies,42,pair,Text,TextContext,Q5,Text_harmful,0.21772179007530212,1671
Movies,42,pair,Text,VisualContext,Q5,Text_harmful,0.22199448943138123,1671
Movies,42,pair,Visual,TextPair,Q5,Text_harmful,0.17000697553157806,1671
Movies,42,pair,Visual,Compatibility,Q5,Text_harmful,0.21131612360477448,1671
Movies,42,pair,Visual,TextContext,Q5,Text_harmful,0.21135258674621582,1671
Movies,42,pair,Visual,VisualContext,Q5,Text_harmful,0.21196652948856354,1671
Movies,42,pair,Text,VisualPair,Q1,Visual_beneficial,0.2053295224905014,3546
Movies,42,pair,Text,Compatibility,Q1,Visual_beneficial,0.21555528044700623,3546
Movies,42,pair,Text,TextContext,Q1,Visual_beneficial,0.21530188620090485,3546
Movies,42,pair,Text,VisualContext,Q1,Visual_beneficial,0.21888776123523712,3546
Movies,42,pair,Visual,TextPair,Q1,Visual_beneficial,0.16222670674324036,3546
Movies,42,pair,Visual,Compatibility,Q1,Visual_beneficial,0.21513336896896362,3546
Movies,42,pair,Visual,TextContext,Q1,Visual_beneficial,0.2154352068901062,3546
Movies,42,pair,Visual,VisualContext,Q1,Visual_beneficial,0.2158135622739792,3546
Movies,42,pair,Text,VisualPair,Q1,Visual_harmful,0.2083122283220291,2565
Movies,42,pair,Text,Compatibility,Q1,Visual_harmful,0.21438093483448029,2565
Movies,42,pair,Text,TextContext,Q1,Visual_harmful,0.21421921253204346,2565
Movies,42,pair,Text,VisualContext,Q1,Visual_harmful,0.21759887039661407,2565
Movies,42,pair,Visual,TextPair,Q1,Visual_harmful,0.1617591828107834,2565
Movies,42,pair,Visual,Compatibility,Q1,Visual_harmful,0.21553048491477966,2565
Movies,42,pair,Visual,TextContext,Q1,Visual_harmful,0.2157798558473587,2565
Movies,42,pair,Visual,VisualContext,Q1,Visual_harmful,0.2161930948495865,2565
Movies,42,pair,Text,VisualPair,Q5,Visual_beneficial,0.1896655112504959,4468
Movies,42,pair,Text,Compatibility,Q5,Visual_beneficial,0.2185874879360199,4468
Movies,42,pair,Text,TextContext,Q5,Visual_beneficial,0.218181312084198,4468
Movies,42,pair,Text,VisualContext,Q5,Visual_beneficial,0.22228698432445526,4468
Movies,42,pair,Visual,TextPair,Q5,Visual_beneficial,0.18020804226398468,4468
Movies,42,pair,Visual,Compatibility,Q5,Visual_beneficial,0.20867982506752014,4468
Movies,42,pair,Visual,TextContext,Q5,Visual_beneficial,0.2083561271429062,4468
Movies,42,pair,Visual,VisualContext,Q5,Visual_beneficial,0.20909938216209412,4468
Movies,42,pair,Text,VisualPair,Q5,Visual_harmful,0.19398371875286102,1642
Movies,42,pair,Text,Compatibility,Q5,Visual_harmful,0.21783296763896942,1642
Movies,42,pair,Text,TextContext,Q5,Visual_harmful,0.21747301518917084,1642
Movies,42,pair,Text,VisualContext,Q5,Visual_harmful,0.22138240933418274,1642
Movies,42,pair,Visual,TextPair,Q5,Visual_harmful,0.17623786628246307,1642
Movies,42,pair,Visual,Compatibility,Q5,Visual_harmful,0.20987704396247864,1642
Movies,42,pair,Visual,TextContext,Q5,Visual_harmful,0.20968998968601227,1642
Movies,42,pair,Visual,VisualContext,Q5,Visual_harmful,0.21050137281417847,1642
Movies,42,pair_compat,Text,VisualPair,all,all,0.2086099535226822,30552
Movies,42,pair_compat,Text,Compatibility,all,all,0.20004498958587646,30552
Movies,42,pair_compat,Text,TextContext,all,all,0.21711960434913635,30552
Movies,42,pair_compat,Text,VisualContext,all,all,0.22100619971752167,30552
Movies,42,pair_compat,Visual,TextPair,all,all,0.1704237163066864,30552
Movies,42,pair_compat,Visual,Compatibility,all,all,0.21391238272190094,30552
Movies,42,pair_compat,Visual,TextContext,all,all,0.21155843138694763,30552
Movies,42,pair_compat,Visual,VisualContext,all,all,0.21208883821964264,30552
Movies,42,pair_compat,Text,VisualPair,Q1,Text_beneficial,0.20317384600639343,3291
Movies,42,pair_compat,Text,Compatibility,Q1,Text_beneficial,0.20526640117168427,3291
Movies,42,pair_compat,Text,TextContext,Q1,Text_beneficial,0.2131243497133255,3291
Movies,42,pair_compat,Text,VisualContext,Q1,Text_beneficial,0.21632057428359985,3291
Movies,42,pair_compat,Visual,TextPair,Q1,Text_beneficial,0.16913965344429016,3291
Movies,42,pair_compat,Visual,Compatibility,Q1,Text_beneficial,0.21636462211608887,3291
Movies,42,pair_compat,Visual,TextContext,Q1,Text_beneficial,0.21319645643234253,3291
Movies,42,pair_compat,Visual,VisualContext,Q1,Text_beneficial,0.21370811760425568,3291
Movies,42,pair_compat,Text,VisualPair,Q1,Text_harmful,0.20511166751384735,2820
Movies,42,pair_compat,Text,Compatibility,Q1,Text_harmful,0.2043420523405075,2820
Movies,42,pair_compat,Text,TextContext,Q1,Text_harmful,0.21157582104206085,2820
Movies,42,pair_compat,Text,VisualContext,Q1,Text_harmful,0.21457621455192566,2820
Movies,42,pair_compat,Visual,TextPair,Q1,Text_harmful,0.17222881317138672,2820
Movies,42,pair_compat,Visual,Compatibility,Q1,Text_harmful,0.2149197906255722,2820
Movies,42,pair_compat,Visual,TextContext,Q1,Text_harmful,0.2119857221841812,2820
Movies,42,pair_compat,Visual,VisualContext,Q1,Text_harmful,0.21249134838581085,2820
Movies,42,pair_compat,Text,VisualPair,Q5,Text_beneficial,0.20859098434448242,4439
Movies,42,pair_compat,Text,Compatibility,Q5,Text_beneficial,0.19425402581691742,4439
Movies,42,pair_compat,Text,TextContext,Q5,Text_beneficial,0.2203291952610016,4439
Movies,42,pair_compat,Text,VisualContext,Q5,Text_beneficial,0.22497819364070892,4439
Movies,42,pair_compat,Visual,TextPair,Q5,Text_beneficial,0.17889900505542755,4439
Movies,42,pair_compat,Visual,Compatibility,Q5,Text_beneficial,0.2074916809797287,4439
Movies,42,pair_compat,Visual,TextContext,Q5,Text_beneficial,0.20914186537265778,4439
Movies,42,pair_compat,Visual,VisualContext,Q5,Text_beneficial,0.20978973805904388,4439
Movies,42,pair_compat,Text,VisualPair,Q5,Text_harmful,0.2112899273633957,1671
Movies,42,pair_compat,Text,Compatibility,Q5,Text_harmful,0.19551587104797363,1671
Movies,42,pair_compat,Text,TextContext,Q5,Text_harmful,0.22064964473247528,1671
Movies,42,pair_compat,Text,VisualContext,Q5,Text_harmful,0.2252080738544464,1671
Movies,42,pair_compat,Visual,TextPair,Q5,Text_harmful,0.17251497507095337,1671
Movies,42,pair_compat,Visual,Compatibility,Q5,Text_harmful,0.21079522371292114,1671
Movies,42,pair_compat,Visual,TextContext,Q5,Text_harmful,0.20946115255355835,1671
Movies,42,pair_compat,Visual,VisualContext,Q5,Text_harmful,0.21011213958263397,1671
Movies,42,pair_compat,Text,VisualPair,Q1,Visual_beneficial,0.20890399813652039,3546
Movies,42,pair_compat,Text,Compatibility,Q1,Visual_beneficial,0.20238007605075836,3546
Movies,42,pair_compat,Text,TextContext,Q1,Visual_beneficial,0.21575036644935608,3546
Movies,42,pair_compat,Text,VisualContext,Q1,Visual_beneficial,0.21942968666553497,3546
Movies,42,pair_compat,Visual,TextPair,Q1,Visual_beneficial,0.16596926748752594,3546
Movies,42,pair_compat,Visual,Compatibility,Q1,Visual_beneficial,0.21703748404979706,3546
Movies,42,pair_compat,Visual,TextContext,Q1,Visual_beneficial,0.21262085437774658,3546
Movies,42,pair_compat,Visual,VisualContext,Q1,Visual_beneficial,0.21297360956668854,3546
Movies,42,pair_compat,Text,VisualPair,Q1,Visual_harmful,0.21102121472358704,2565
Movies,42,pair_compat,Text,Compatibility,Q1,Visual_harmful,0.20194831490516663,2565
Movies,42,pair_compat,Text,TextContext,Q1,Visual_harmful,0.21456393599510193,2565
Movies,42,pair_compat,Text,VisualContext,Q1,Visual_harmful,0.21800827980041504,2565
Movies,42,pair_compat,Visual,TextPair,Q1,Visual_harmful,0.16582807898521423,2565
Movies,42,pair_compat,Visual,Compatibility,Q1,Visual_harmful,0.2174878865480423,2565
Movies,42,pair_compat,Visual,TextContext,Q1,Visual_harmful,0.21298757195472717,2565
Movies,42,pair_compat,Visual,VisualContext,Q1,Visual_harmful,0.2133859246969223,2565
Movies,42,pair_compat,Text,VisualPair,Q5,Visual_beneficial,0.19930598139762878,4468
Movies,42,pair_compat,Text,Compatibility,Q5,Visual_beneficial,0.19707924127578735,4468
Movies,42,pair_compat,Text,TextContext,Q5,Visual_beneficial,0.21961413323879242,4468
Movies,42,pair_compat,Text,VisualContext,Q5,Visual_beneficial,0.2238146811723709,4468
Movies,42,pair_compat,Visual,TextPair,Q5,Visual_beneficial,0.18470415472984314,4468
Movies,42,pair_compat,Visual,Compatibility,Q5,Visual_beneficial,0.20556479692459106,4468
Movies,42,pair_compat,Visual,TextContext,Q5,Visual_beneficial,0.20786437392234802,4468
Movies,42,pair_compat,Visual,VisualContext,Q5,Visual_beneficial,0.20865477621555328,4468
Movies,42,pair_compat,Text,VisualPair,Q5,Visual_harmful,0.2025354951620102,1642
Movies,42,pair_compat,Text,Compatibility,Q5,Visual_harmful,0.19799859821796417,1642
Movies,42,pair_compat,Text,TextContext,Q5,Visual_harmful,0.21861425042152405,1642
Movies,42,pair_compat,Text,VisualContext,Q5,Visual_harmful,0.22261130809783936,1642
Movies,42,pair_compat,Visual,TextPair,Q5,Visual_harmful,0.18050938844680786,1642
Movies,42,pair_compat,Visual,Compatibility,Q5,Visual_harmful,0.208235964179039,1642
Movies,42,pair_compat,Visual,TextContext,Q5,Visual_harmful,0.20833022892475128,1642
Movies,42,pair_compat,Visual,VisualContext,Q5,Visual_harmful,0.2091730535030365,1642
Movies,42,pair_compat_context,Text,VisualPair,all,all,0.21208029985427856,30552
Movies,42,pair_compat_context,Text,Compatibility,all,all,0.19389444589614868,30552
Movies,42,pair_compat_context,Text,TextContext,all,all,0.25413772463798523,30552
Movies,42,pair_compat_context,Text,VisualContext,all,all,0.23548577725887299,30552
Movies,42,pair_compat_context,Visual,TextPair,all,all,0.1528118997812271,30552
Movies,42,pair_compat_context,Visual,Compatibility,all,all,0.21297433972358704,30552
Movies,42,pair_compat_context,Visual,TextContext,all,all,0.21343311667442322,30552
Movies,42,pair_compat_context,Visual,VisualContext,all,all,0.22696898877620697,30552
Movies,42,pair_compat_context,Text,VisualPair,Q1,Text_beneficial,0.2052028328180313,3291
Movies,42,pair_compat_context,Text,Compatibility,Q1,Text_beneficial,0.20257824659347534,3291
Movies,42,pair_compat_context,Text,TextContext,Q1,Text_beneficial,0.24844680726528168,3291
Movies,42,pair_compat_context,Text,VisualContext,Q1,Text_beneficial,0.2315169721841812,3291
Movies,42,pair_compat_context,Visual,TextPair,Q1,Text_beneficial,0.1448727399110794,3291
Movies,42,pair_compat_context,Visual,Compatibility,Q1,Text_beneficial,0.2160748392343521,3291
Movies,42,pair_compat_context,Visual,TextContext,Q1,Text_beneficial,0.22089783847332,3291
Movies,42,pair_compat_context,Visual,VisualContext,Q1,Text_beneficial,0.23020261526107788,3291
Movies,42,pair_compat_context,Text,VisualPair,Q1,Text_harmful,0.2070493847131729,2820
Movies,42,pair_compat_context,Text,Compatibility,Q1,Text_harmful,0.201252281665802,2820
Movies,42,pair_compat_context,Text,TextContext,Q1,Text_harmful,0.24738003313541412,2820
Movies,42,pair_compat_context,Text,VisualContext,Q1,Text_harmful,0.23107334971427917,2820
Movies,42,pair_compat_context,Visual,TextPair,Q1,Text_harmful,0.1472305804491043,2820
Movies,42,pair_compat_context,Visual,Compatibility,Q1,Text_harmful,0.21558153629302979,2820
Movies,42,pair_compat_context,Visual,TextContext,Q1,Text_harmful,0.2189655900001526,2820
Movies,42,pair_compat_context,Visual,VisualContext,Q1,Text_harmful,0.22957521677017212,2820
Movies,42,pair_compat_context,Text,VisualPair,Q5,Text_beneficial,0.21403226256370544,4439
Movies,42,pair_compat_context,Text,Compatibility,Q5,Text_beneficial,0.18324027955532074,4439
Movies,42,pair_compat_context,Text,TextContext,Q5,Text_beneficial,0.2609708309173584,4439
Movies,42,pair_compat_context,Text,VisualContext,Q5,Text_beneficial,0.2390885204076767,4439
Movies,42,pair_compat_context,Visual,TextPair,Q5,Text_beneficial,0.16757017374038696,4439
Movies,42,pair_compat_context,Visual,Compatibility,Q5,Text_beneficial,0.20545610785484314,4439
Movies,42,pair_compat_context,Visual,TextContext,Q5,Text_beneficial,0.20139066874980927,4439
Movies,42,pair_compat_context,Visual,VisualContext,Q5,Text_beneficial,0.22421307861804962,4439
Movies,42,pair_compat_context,Text,VisualPair,Q5,Text_harmful,0.2160031497478485,1671
Movies,42,pair_compat_context,Text,Compatibility,Q5,Text_harmful,0.1871715933084488,1671
Movies,42,pair_compat_context,Text,TextContext,Q5,Text_harmful,0.25882336497306824,1671
Movies,42,pair_compat_context,Text,VisualContext,Q5,Text_harmful,0.23679505288600922,1671
Movies,42,pair_compat_context,Visual,TextPair,Q5,Text_harmful,0.16067537665367126,1671
Movies,42,pair_compat_context,Visual,Compatibility,Q5,Text_harmful,0.20982249081134796,1671
Movies,42,pair_compat_context,Visual,TextContext,Q5,Text_harmful,0.20555749535560608,1671
Movies,42,pair_compat_context,Visual,VisualContext,Q5,Text_harmful,0.22352279722690582,1671
Movies,42,pair_compat_context,Text,VisualPair,Q1,Visual_beneficial,0.21178075671195984,3546
Movies,42,pair_compat_context,Text,Compatibility,Q1,Visual_beneficial,0.1981884092092514,3546
Movies,42,pair_compat_context,Text,TextContext,Q1,Visual_beneficial,0.25182121992111206,3546
Movies,42,pair_compat_context,Text,VisualContext,Q1,Visual_beneficial,0.23298203945159912,3546
Movies,42,pair_compat_context,Visual,TextPair,Q1,Visual_beneficial,0.14545787870883942,3546
Movies,42,pair_compat_context,Visual,Compatibility,Q1,Visual_beneficial,0.2166045755147934,3546
Movies,42,pair_compat_context,Visual,TextContext,Q1,Visual_beneficial,0.21823622286319733,3546
Movies,42,pair_compat_context,Visual,VisualContext,Q1,Visual_beneficial,0.2274625301361084,3546
Movies,42,pair_compat_context,Text,VisualPair,Q1,Visual_harmful,0.21541781723499298,2565
Movies,42,pair_compat_context,Text,Compatibility,Q1,Visual_harmful,0.19752562046051025,2565
Movies,42,pair_compat_context,Text,TextContext,Q1,Visual_harmful,0.25130540132522583,2565
Movies,42,pair_compat_context,Text,VisualContext,Q1,Visual_harmful,0.23051989078521729,2565
Movies,42,pair_compat_context,Visual,TextPair,Q1,Visual_harmful,0.14398597180843353,2565
Movies,42,pair_compat_context,Visual,Compatibility,Q1,Visual_harmful,0.2170366644859314,2565
Movies,42,pair_compat_context,Visual,TextContext,Q1,Visual_harmful,0.219808891415596,2565
Movies,42,pair_compat_context,Visual,VisualContext,Q1,Visual_harmful,0.22789260745048523,2565
Movies,42,pair_compat_context,Text,VisualPair,Q5,Visual_beneficial,0.20215588808059692,4468
Movies,42,pair_compat_context,Text,Compatibility,Q5,Visual_beneficial,0.1858578771352768,4468
Movies,42,pair_compat_context,Text,TextContext,Q5,Visual_beneficial,0.262358695268631,4468
Movies,42,pair_compat_context,Text,VisualContext,Q5,Visual_beneficial,0.24263018369674683,4468
Movies,42,pair_compat_context,Visual,TextPair,Q5,Visual_beneficial,0.168387770652771,4468
Movies,42,pair_compat_context,Visual,Compatibility,Q5,Visual_beneficial,0.2027369737625122,4468
Movies,42,pair_compat_context,Visual,TextContext,Q5,Visual_beneficial,0.19955725967884064,4468
Movies,42,pair_compat_context,Visual,VisualContext,Q5,Visual_beneficial,0.22776895761489868,4468
Movies,42,pair_compat_context,Text,VisualPair,Q5,Visual_harmful,0.204900860786438,1642
Movies,42,pair_compat_context,Text,Compatibility,Q5,Visual_harmful,0.188938707113266,1642
Movies,42,pair_compat_context,Text,TextContext,Q5,Visual_harmful,0.2605321705341339,1642
Movies,42,pair_compat_context,Text,VisualContext,Q5,Visual_harmful,0.2387871891260147,1642
Movies,42,pair_compat_context,Visual,TextPair,Q5,Visual_harmful,0.16358299553394318,1642
Movies,42,pair_compat_context,Visual,Compatibility,Q5,Visual_harmful,0.20514529943466187,1642
Movies,42,pair_compat_context,Visual,TextContext,Q5,Visual_harmful,0.20581941306591034,1642
Movies,42,pair_compat_context,Visual,VisualContext,Q5,Visual_harmful,0.22728128731250763,1642
Movies,43,pair,Text,VisualPair,all,all,0.23528136312961578,30552
Movies,43,pair,Text,Compatibility,all,all,0.19807878136634827,30552
Movies,43,pair,Text,TextContext,all,all,0.20046307146549225,30552
Movies,43,pair,Text,VisualContext,all,all,0.20114172995090485,30552
Movies,43,pair,Visual,TextPair,all,all,0.17945067584514618,30552
Movies,43,pair,Visual,Compatibility,all,all,0.21079981327056885,30552
Movies,43,pair,Visual,TextContext,all,all,0.2118416279554367,30552
Movies,43,pair,Visual,VisualContext,all,all,0.21186256408691406,30552
Movies,43,pair,Text,VisualPair,Q1,Text_beneficial,0.24254433810710907,3399
Movies,43,pair,Text,Compatibility,Q1,Text_beneficial,0.19901487231254578,3399
Movies,43,pair,Text,TextContext,Q1,Text_beneficial,0.20157329738140106,3399
Movies,43,pair,Text,VisualContext,Q1,Text_beneficial,0.20197975635528564,3399
Movies,43,pair,Visual,TextPair,Q1,Text_beneficial,0.1692505031824112,3399
Movies,43,pair,Visual,Compatibility,Q1,Text_beneficial,0.2106652855873108,3399
Movies,43,pair,Visual,TextContext,Q1,Text_beneficial,0.2116319239139557,3399
Movies,43,pair,Visual,VisualContext,Q1,Text_beneficial,0.21191343665122986,3399
Movies,43,pair,Text,VisualPair,Q1,Text_harmful,0.24042223393917084,2712
Movies,43,pair,Text,Compatibility,Q1,Text_harmful,0.1985819786787033,2712
Movies,43,pair,Text,TextContext,Q1,Text_harmful,0.2011648714542389,2712
Movies,43,pair,Text,VisualContext,Q1,Text_harmful,0.20160157978534698,2712
Movies,43,pair,Visual,TextPair,Q1,Text_harmful,0.17160481214523315,2712
Movies,43,pair,Visual,Compatibility,Q1,Text_harmful,0.21146966516971588,2712
Movies,43,pair,Visual,TextContext,Q1,Text_harmful,0.21234624087810516,2712
Movies,43,pair,Visual,VisualContext,Q1,Text_harmful,0.21257266402244568,2712
Movies,43,pair,Text,VisualPair,Q5,Text_beneficial,0.21729682385921478,4414
Movies,43,pair,Text,Compatibility,Q5,Text_beneficial,0.20119497179985046,4414
Movies,43,pair,Text,TextContext,Q5,Text_beneficial,0.20362359285354614,4414
Movies,43,pair,Text,VisualContext,Q5,Text_beneficial,0.20408441126346588,4414
Movies,43,pair,Visual,TextPair,Q5,Text_beneficial,0.2093334048986435,4414
Movies,43,pair,Visual,Compatibility,Q5,Text_beneficial,0.2048790007829666,4414
Movies,43,pair,Visual,TextContext,Q5,Text_beneficial,0.20576925575733185,4414
Movies,43,pair,Visual,VisualContext,Q5,Text_beneficial,0.2055273801088333,4414
Movies,43,pair,Text,VisualPair,Q5,Text_harmful,0.22499939799308777,1696
Movies,43,pair,Text,Compatibility,Q5,Text_harmful,0.19672706723213196,1696
Movies,43,pair,Text,TextContext,Q5,Text_harmful,0.19873327016830444,1696
Movies,43,pair,Text,VisualContext,Q5,Text_harmful,0.19950297474861145,1696
Movies,43,pair,Visual,TextPair,Q5,Text_harmful,0.19117045402526855,1696
Movies,43,pair,Visual,Compatibility,Q5,Text_harmful,0.21110279858112335,1696
Movies,43,pair,Visual,TextContext,Q5,Text_harmful,0.2120942324399948,1696
Movies,43,pair,Visual,VisualContext,Q5,Text_harmful,0.2118736058473587,1696
Movies,43,pair,Text,VisualPair,Q1,Visual_beneficial,0.23946422338485718,3488
Movies,43,pair,Text,Compatibility,Q1,Visual_beneficial,0.19805127382278442,3488
Movies,43,pair,Text,TextContext,Q1,Visual_beneficial,0.20047812163829803,3488
Movies,43,pair,Text,VisualContext,Q1,Visual_beneficial,0.20118804275989532,3488
Movies,43,pair,Visual,TextPair,Q1,Visual_beneficial,0.17025868594646454,3488
Movies,43,pair,Visual,Compatibility,Q1,Visual_beneficial,0.21152479946613312,3488
Movies,43,pair,Visual,TextContext,Q1,Visual_beneficial,0.21240177750587463,3488
Movies,43,pair,Visual,VisualContext,Q1,Visual_beneficial,0.2127404510974884,3488
Movies,43,pair,Text,VisualPair,Q1,Visual_harmful,0.2377234399318695,2623
Movies,43,pair,Text,Compatibility,Q1,Visual_harmful,0.19810879230499268,2623
Movies,43,pair,Text,TextContext,Q1,Visual_harmful,0.20058763027191162,2623
Movies,43,pair,Text,VisualContext,Q1,Visual_harmful,0.2013639360666275,2623
Movies,43,pair,Visual,TextPair,Q1,Visual_harmful,0.16782139241695404,2623
Movies,43,pair,Visual,Compatibility,Q1,Visual_harmful,0.21076330542564392,2623
Movies,43,pair,Visual,TextContext,Q1,Visual_harmful,0.21172423660755157,2623
Movies,43,pair,Visual,VisualContext,Q1,Visual_harmful,0.21213960647583008,2623
Movies,43,pair,Text,VisualPair,Q5,Visual_beneficial,0.21508517861366272,4536
Movies,43,pair,Text,Compatibility,Q5,Visual_beneficial,0.20476257801055908,4536
Movies,43,pair,Text,TextContext,Q5,Visual_beneficial,0.2075527310371399,4536
Movies,43,pair,Text,VisualContext,Q5,Visual_beneficial,0.2078697234392166,4536
Movies,43,pair,Visual,TextPair,Q5,Visual_beneficial,0.21245169639587402,4536
Movies,43,pair,Visual,Compatibility,Q5,Visual_beneficial,0.203541100025177,4536
Movies,43,pair,Visual,TextContext,Q5,Visual_beneficial,0.2045389860868454,4536
Movies,43,pair,Visual,VisualContext,Q5,Visual_beneficial,0.20408286154270172,4536
Movies,43,pair,Text,VisualPair,Q5,Visual_harmful,0.2190176546573639,1574
Movies,43,pair,Text,Compatibility,Q5,Visual_harmful,0.2037004977464676,1574
Movies,43,pair,Text,TextContext,Q5,Visual_harmful,0.20632752776145935,1574
Movies,43,pair,Text,VisualContext,Q5,Visual_harmful,0.20672103762626648,1574
Movies,43,pair,Visual,TextPair,Q5,Visual_harmful,0.19799818098545074,1574
Movies,43,pair,Visual,Compatibility,Q5,Visual_harmful,0.2064981758594513,1574
Movies,43,pair,Visual,TextContext,Q5,Visual_harmful,0.2075902670621872,1574
Movies,43,pair,Visual,VisualContext,Q5,Visual_harmful,0.207350954413414,1574
Movies,43,pair_compat,Text,VisualPair,all,all,0.2536051869392395,30552
Movies,43,pair_compat,Text,Compatibility,all,all,0.18093150854110718,30552
Movies,43,pair_compat,Text,TextContext,all,all,0.19918304681777954,30552
Movies,43,pair_compat,Text,VisualContext,all,all,0.20021937787532806,30552
Movies,43,pair_compat,Visual,TextPair,all,all,0.17914558947086334,30552
Movies,43,pair_compat,Visual,Compatibility,all,all,0.21315567195415497,30552
Movies,43,pair_compat,Visual,TextContext,all,all,0.20940150320529938,30552
Movies,43,pair_compat,Visual,VisualContext,all,all,0.20909123122692108,30552
Movies,43,pair_compat,Text,VisualPair,Q1,Text_beneficial,0.2571695148944855,3399
Movies,43,pair_compat,Text,Compatibility,Q1,Text_beneficial,0.18643896281719208,3399
Movies,43,pair_compat,Text,TextContext,Q1,Text_beneficial,0.19835342466831207,3399
Movies,43,pair_compat,Text,VisualContext,Q1,Text_beneficial,0.1992015838623047,3399
Movies,43,pair_compat,Visual,TextPair,Q1,Text_beneficial,0.16916409134864807,3399
Movies,43,pair_compat,Visual,Compatibility,Q1,Text_beneficial,0.21081037819385529,3399
Movies,43,pair_compat,Visual,TextContext,Q1,Text_beneficial,0.2102021872997284,3399
Movies,43,pair_compat,Visual,VisualContext,Q1,Text_beneficial,0.2101190686225891,3399
Movies,43,pair_compat,Text,VisualPair,Q1,Text_harmful,0.2563622295856476,2712
Movies,43,pair_compat,Text,Compatibility,Q1,Text_harmful,0.18561799824237823,2712
Movies,43,pair_compat,Text,TextContext,Q1,Text_harmful,0.1977892816066742,2712
Movies,43,pair_compat,Text,VisualContext,Q1,Text_harmful,0.19867709279060364,2712
Movies,43,pair_compat,Visual,TextPair,Q1,Text_harmful,0.17169511318206787,2712
Movies,43,pair_compat,Visual,Compatibility,Q1,Text_harmful,0.2121867686510086,2712
Movies,43,pair_compat,Visual,TextContext,Q1,Text_harmful,0.21141964197158813,2712
Movies,43,pair_compat,Visual,VisualContext,Q1,Text_harmful,0.21124696731567383,2712
Movies,43,pair_compat,Text,VisualPair,Q5,Text_beneficial,0.23664189875125885,4414
Movies,43,pair_compat,Text,Compatibility,Q5,Text_beneficial,0.18195587396621704,4414
Movies,43,pair_compat,Text,TextContext,Q5,Text_beneficial,0.20406556129455566,4414
Movies,43,pair_compat,Text,VisualContext,Q5,Text_beneficial,0.20484617352485657,4414
Movies,43,pair_compat,Visual,TextPair,Q5,Text_beneficial,0.20611746609210968,4414
Movies,43,pair_compat,Visual,Compatibility,Q5,Text_beneficial,0.20861300826072693,4414
Movies,43,pair_compat,Visual,TextContext,Q5,Text_beneficial,0.2037731111049652,4414
Movies,43,pair_compat,Visual,VisualContext,Q5,Text_beneficial,0.20333963632583618,4414
Movies,43,pair_compat,Text,VisualPair,Q5,Text_harmful,0.2447592318058014,1696
Movies,43,pair_compat,Text,Compatibility,Q5,Text_harmful,0.1769656240940094,1696
Movies,43,pair_compat,Text,TextContext,Q5,Text_harmful,0.199553981423378,1696
Movies,43,pair_compat,Text,VisualContext,Q5,Text_harmful,0.20058482885360718,1696
Movies,43,pair_compat,Visual,TextPair,Q5,Text_harmful,0.19038671255111694,1696
Movies,43,pair_compat,Visual,Compatibility,Q5,Text_harmful,0.2159661501646042,1696
Movies,43,pair_compat,Visual,TextContext,Q5,Text_harmful,0.20807985961437225,1696
Movies,43,pair_compat,Visual,VisualContext,Q5,Text_harmful,0.2075383961200714,1696
Movies,43,pair_compat,Text,VisualPair,Q1,Visual_beneficial,0.2576472759246826,3488
Movies,43,pair_compat,Text,Compatibility,Q1,Visual_beneficial,0.18257245421409607,3488
Movies,43,pair_compat,Text,TextContext,Q1,Visual_beneficial,0.19802092015743256,3488
Movies,43,pair_compat,Text,VisualContext,Q1,Visual_beneficial,0.1990918666124344,3488
Movies,43,pair_compat,Visual,TextPair,Q1,Visual_beneficial,0.17092233896255493,3488
Movies,43,pair_compat,Visual,Compatibility,Q1,Visual_beneficial,0.21252502501010895,3488
Movies,43,pair_compat,Visual,TextContext,Q1,Visual_beneficial,0.21124565601348877,3488
Movies,43,pair_compat,Visual,VisualContext,Q1,Visual_beneficial,0.2111939787864685,3488
Movies,43,pair_compat,Text,VisualPair,Q1,Visual_harmful,0.2559059262275696,2623
Movies,43,pair_compat,Text,Compatibility,Q1,Visual_harmful,0.18257750570774078,2623
Movies,43,pair_compat,Text,TextContext,Q1,Visual_harmful,0.19810880720615387,2623
Movies,43,pair_compat,Text,VisualContext,Q1,Visual_harmful,0.19925972819328308,2623
Movies,43,pair_compat,Visual,TextPair,Q1,Visual_harmful,0.16852159798145294,2623
Movies,43,pair_compat,Visual,Compatibility,Q1,Visual_harmful,0.2113264501094818,2623
Movies,43,pair_compat,Visual,TextContext,Q1,Visual_harmful,0.21027028560638428,2623
Movies,43,pair_compat,Visual,VisualContext,Q1,Visual_harmful,0.21030087769031525,2623
Movies,43,pair_compat,Text,VisualPair,Q5,Visual_beneficial,0.23338627815246582,4536
Movies,43,pair_compat,Text,Compatibility,Q5,Visual_beneficial,0.18621106445789337,4536
Movies,43,pair_compat,Text,TextContext,Q5,Visual_beneficial,0.20717670023441315,4536
Movies,43,pair_compat,Text,VisualContext,Q5,Visual_beneficial,0.20786087214946747,4536
Movies,43,pair_compat,Visual,TextPair,Q5,Visual_beneficial,0.20785968005657196,4536
Movies,43,pair_compat,Visual,Compatibility,Q5,Visual_beneficial,0.20665816962718964,4536
Movies,43,pair_compat,Visual,TextContext,Q5,Visual_beneficial,0.2025953084230423,4536
Movies,43,pair_compat,Visual,VisualContext,Q5,Visual_beneficial,0.20206397771835327,4536
Movies,43,pair_compat,Text,VisualPair,Q5,Visual_harmful,0.2364015132188797,1574
Movies,43,pair_compat,Text,Compatibility,Q5,Visual_harmful,0.18600542843341827,1574
Movies,43,pair_compat,Text,TextContext,Q5,Visual_harmful,0.20575518906116486,1574
Movies,43,pair_compat,Text,VisualContext,Q5,Visual_harmful,0.20652997493743896,1574
Movies,43,pair_compat,Visual,TextPair,Q5,Visual_harmful,0.19446340203285217,1574
Movies,43,pair_compat,Visual,Compatibility,Q5,Visual_harmful,0.20883597433567047,1574
Movies,43,pair_compat,Visual,TextContext,Q5,Visual_harmful,0.20467153191566467,1574
Movies,43,pair_compat,Visual,VisualContext,Q5,Visual_harmful,0.20429402589797974,1574
Movies,43,pair_compat_context,Text,VisualPair,all,all,0.2457839995622635,30552
Movies,43,pair_compat_context,Text,Compatibility,all,all,0.18794824182987213,30552
Movies,43,pair_compat_context,Text,TextContext,all,all,0.21658433973789215,30552
Movies,43,pair_compat_context,Text,VisualContext,all,all,0.20938248932361603,30552
Movies,43,pair_compat_context,Visual,TextPair,all,all,0.17461466789245605,30552
Movies,43,pair_compat_context,Visual,Compatibility,all,all,0.20644381642341614,30552
Movies,43,pair_compat_context,Visual,TextContext,all,all,0.20940245687961578,30552
Movies,43,pair_compat_context,Visual,VisualContext,all,all,0.21067588031291962,30552
Movies,43,pair_compat_context,Text,VisualPair,Q1,Text_beneficial,0.2463277280330658,3399
Movies,43,pair_compat_context,Text,Compatibility,Q1,Text_beneficial,0.19317589700222015,3399
Movies,43,pair_compat_context,Text,TextContext,Q1,Text_beneficial,0.2201543003320694,3399
Movies,43,pair_compat_context,Text,VisualContext,Q1,Text_beneficial,0.2057046890258789,3399
Movies,43,pair_compat_context,Visual,TextPair,Q1,Text_beneficial,0.16941773891448975,3399
Movies,43,pair_compat_context,Visual,Compatibility,Q1,Text_beneficial,0.2040216475725174,3399
Movies,43,pair_compat_context,Visual,TextContext,Q1,Text_beneficial,0.20933040976524353,3399
Movies,43,pair_compat_context,Visual,VisualContext,Q1,Text_beneficial,0.21018894016742706,3399
Movies,43,pair_compat_context,Text,VisualPair,Q1,Text_harmful,0.24516917765140533,2712
Movies,43,pair_compat_context,Text,Compatibility,Q1,Text_harmful,0.19230377674102783,2712
Movies,43,pair_compat_context,Text,TextContext,Q1,Text_harmful,0.22064289450645447,2712
Movies,43,pair_compat_context,Text,VisualContext,Q1,Text_harmful,0.20495429635047913,2712
Movies,43,pair_compat_context,Visual,TextPair,Q1,Text_harmful,0.17038044333457947,2712
Movies,43,pair_compat_context,Visual,Compatibility,Q1,Text_harmful,0.20501096546649933,2712
Movies,43,pair_compat_context,Visual,TextContext,Q1,Text_harmful,0.20926204323768616,2712
Movies,43,pair_compat_context,Visual,VisualContext,Q1,Text_harmful,0.21252495050430298,2712
Movies,43,pair_compat_context,Text,VisualPair,Q5,Text_beneficial,0.24093003571033478,4414
Movies,43,pair_compat_context,Text,Compatibility,Q5,Text_beneficial,0.18742139637470245,4414
Movies,43,pair_compat_context,Text,TextContext,Q5,Text_beneficial,0.21467944979667664,4414
Movies,43,pair_compat_context,Text,VisualContext,Q5,Text_beneficial,0.21332021057605743,4414
Movies,43,pair_compat_context,Visual,TextPair,Q5,Text_beneficial,0.1952071487903595,4414
Movies,43,pair_compat_context,Visual,Compatibility,Q5,Text_beneficial,0.20427148044109344,4414
Movies,43,pair_compat_context,Visual,TextContext,Q5,Text_beneficial,0.20381644368171692,4414
Movies,43,pair_compat_context,Visual,VisualContext,Q5,Text_beneficial,0.2072753608226776,4414
Movies,43,pair_compat_context,Text,VisualPair,Q5,Text_harmful,0.24145129323005676,1696
Movies,43,pair_compat_context,Text,Compatibility,Q5,Text_harmful,0.18302589654922485,1696
Movies,43,pair_compat_context,Text,TextContext,Q5,Text_harmful,0.211631178855896,1696
Movies,43,pair_compat_context,Text,VisualContext,Q5,Text_harmful,0.21327631175518036,1696
Movies,43,pair_compat_context,Visual,TextPair,Q5,Text_harmful,0.18040911853313446,1696
Movies,43,pair_compat_context,Visual,Compatibility,Q5,Text_harmful,0.20912930369377136,1696
Movies,43,pair_compat_context,Visual,TextContext,Q5,Text_harmful,0.20879891514778137,1696
Movies,43,pair_compat_context,Visual,VisualContext,Q5,Text_harmful,0.212413027882576,1696
Movies,43,pair_compat_context,Text,VisualPair,Q1,Visual_beneficial,0.24338842928409576,3488
Movies,43,pair_compat_context,Text,Compatibility,Q1,Visual_beneficial,0.18980714678764343,3488
Movies,43,pair_compat_context,Text,TextContext,Q1,Visual_beneficial,0.21945953369140625,3488
Movies,43,pair_compat_context,Text,VisualContext,Q1,Visual_beneficial,0.20891305804252625,3488
Movies,43,pair_compat_context,Visual,TextPair,Q1,Visual_beneficial,0.16883151233196259,3488
Movies,43,pair_compat_context,Visual,Compatibility,Q1,Visual_beneficial,0.20498298108577728,3488
Movies,43,pair_compat_context,Visual,TextContext,Q1,Visual_beneficial,0.21320506930351257,3488
Movies,43,pair_compat_context,Visual,VisualContext,Q1,Visual_beneficial,0.21013088524341583,3488
Movies,43,pair_compat_context,Text,VisualPair,Q1,Visual_harmful,0.24207904934883118,2623
Movies,43,pair_compat_context,Text,Compatibility,Q1,Visual_harmful,0.1903587132692337,2623
Movies,43,pair_compat_context,Text,TextContext,Q1,Visual_harmful,0.2190796583890915,2623
Movies,43,pair_compat_context,Text,VisualContext,Q1,Visual_harmful,0.20788951218128204,2623
Movies,43,pair_compat_context,Visual,TextPair,Q1,Visual_harmful,0.1691025197505951,2623
Movies,43,pair_compat_context,Visual,Compatibility,Q1,Visual_harmful,0.2038993090391159,2623
Movies,43,pair_compat_context,Visual,TextContext,Q1,Visual_harmful,0.2118096500635147,2623
Movies,43,pair_compat_context,Visual,VisualContext,Q1,Visual_harmful,0.20834088325500488,2623
Movies,43,pair_compat_context,Text,VisualPair,Q5,Visual_beneficial,0.2435447722673416,4536
Movies,43,pair_compat_context,Text,Compatibility,Q5,Visual_beneficial,0.19182908535003662,4536
Movies,43,pair_compat_context,Text,TextContext,Q5,Visual_beneficial,0.2147480547428131,4536
Movies,43,pair_compat_context,Text,VisualContext,Q5,Visual_beneficial,0.21122781932353973,4536
Movies,43,pair_compat_context,Visual,TextPair,Q5,Visual_beneficial,0.19975881278514862,4536
Movies,43,pair_compat_context,Visual,Compatibility,Q5,Visual_beneficial,0.2031889706850052,4536
Movies,43,pair_compat_context,Visual,TextContext,Q5,Visual_beneficial,0.1998627483844757,4536
Movies,43,pair_compat_context,Visual,VisualContext,Q5,Visual_beneficial,0.2076568454504013,4536
Movies,43,pair_compat_context,Text,VisualPair,Q5,Visual_harmful,0.24193531274795532,1574
Movies,43,pair_compat_context,Text,Compatibility,Q5,Visual_harmful,0.19204024970531464,1574
Movies,43,pair_compat_context,Text,TextContext,Q5,Visual_harmful,0.2157803475856781,1574
Movies,43,pair_compat_context,Text,VisualContext,Q5,Visual_harmful,0.2104882299900055,1574
Movies,43,pair_compat_context,Visual,TextPair,Q5,Visual_harmful,0.19024084508419037,1574
Movies,43,pair_compat_context,Visual,Compatibility,Q5,Visual_harmful,0.20471937954425812,1574
Movies,43,pair_compat_context,Visual,TextContext,Q5,Visual_harmful,0.2034316062927246,1574
Movies,43,pair_compat_context,Visual,VisualContext,Q5,Visual_harmful,0.20783686637878418,1574
Movies,44,pair,Text,VisualPair,all,all,0.24429219961166382,30552
Movies,44,pair,Text,Compatibility,all,all,0.20267382264137268,30552
Movies,44,pair,Text,TextContext,all,all,0.2020946890115738,30552
Movies,44,pair,Text,VisualContext,all,all,0.2010834813117981,30552
Movies,44,pair,Visual,TextPair,all,all,0.1758863478899002,30552
Movies,44,pair,Visual,Compatibility,all,all,0.20254330337047577,30552
Movies,44,pair,Visual,TextContext,all,all,0.2026168704032898,30552
Movies,44,pair,Visual,VisualContext,all,all,0.2023252248764038,30552
Movies,44,pair,Text,VisualPair,Q1,Text_beneficial,0.2502525746822357,3562
Movies,44,pair,Text,Compatibility,Q1,Text_beneficial,0.20187750458717346,3562
Movies,44,pair,Text,TextContext,Q1,Text_beneficial,0.20133337378501892,3562
Movies,44,pair,Text,VisualContext,Q1,Text_beneficial,0.20058107376098633,3562
Movies,44,pair,Visual,TextPair,Q1,Text_beneficial,0.17793935537338257,3562
Movies,44,pair,Visual,Compatibility,Q1,Text_beneficial,0.20247894525527954,3562
Movies,44,pair,Visual,TextContext,Q1,Text_beneficial,0.20221099257469177,3562
Movies,44,pair,Visual,VisualContext,Q1,Text_beneficial,0.20277051627635956,3562
Movies,44,pair,Text,VisualPair,Q1,Text_harmful,0.25017163157463074,2549
Movies,44,pair,Text,Compatibility,Q1,Text_harmful,0.20186957716941833,2549
Movies,44,pair,Text,TextContext,Q1,Text_harmful,0.20130692422389984,2549
Movies,44,pair,Text,VisualContext,Q1,Text_harmful,0.20057550072669983,2549
Movies,44,pair,Visual,TextPair,Q1,Text_harmful,0.17711302638053894,2549
Movies,44,pair,Visual,Compatibility,Q1,Text_harmful,0.2023685872554779,2549
Movies,44,pair,Visual,TextContext,Q1,Text_harmful,0.20204192399978638,2549
Movies,44,pair,Visual,VisualContext,Q1,Text_harmful,0.2026909589767456,2549
Movies,44,pair,Text,VisualPair,Q5,Text_beneficial,0.23267242312431335,4457
Movies,44,pair,Text,Compatibility,Q5,Text_beneficial,0.20725293457508087,4457
Movies,44,pair,Text,TextContext,Q5,Text_beneficial,0.20665550231933594,4457
Movies,44,pair,Text,VisualContext,Q5,Text_beneficial,0.20557159185409546,4457
Movies,44,pair,Visual,TextPair,Q5,Text_beneficial,0.17558999359607697,4457
Movies,44,pair,Visual,Compatibility,Q5,Text_beneficial,0.2019464522600174,4457
Movies,44,pair,Visual,TextContext,Q5,Text_beneficial,0.20242303609848022,4457
Movies,44,pair,Visual,VisualContext,Q5,Text_beneficial,0.20121994614601135,4457
Movies,44,pair,Text,VisualPair,Q5,Text_harmful,0.2308022528886795,1653
Movies,44,pair,Text,Compatibility,Q5,Text_harmful,0.20630083978176117,1653
Movies,44,pair,Text,TextContext,Q5,Text_harmful,0.20559661090373993,1653
Movies,44,pair,Text,VisualContext,Q5,Text_harmful,0.20451124012470245,1653
Movies,44,pair,Visual,TextPair,Q5,Text_harmful,0.17649318277835846,1653
Movies,44,pair,Visual,Compatibility,Q5,Text_harmful,0.2020355612039566,1653
Movies,44,pair,Visual,TextContext,Q5,Text_harmful,0.2022561877965927,1653
Movies,44,pair,Visual,VisualContext,Q5,Text_harmful,0.20149008929729462,1653
Movies,44,pair,Text,VisualPair,Q1,Visual_beneficial,0.254223495721817,3543
Movies,44,pair,Text,Compatibility,Q1,Visual_beneficial,0.19970689713954926,3543
Movies,44,pair,Text,TextContext,Q1,Visual_beneficial,0.19906842708587646,3543
Movies,44,pair,Text,VisualContext,Q1,Visual_beneficial,0.19816026091575623,3543
Movies,44,pair,Visual,TextPair,Q1,Visual_beneficial,0.17829935252666473,3543
Movies,44,pair,Visual,Compatibility,Q1,Visual_beneficial,0.20240284502506256,3543
Movies,44,pair,Visual,TextContext,Q1,Visual_beneficial,0.2022620290517807,3543
Movies,44,pair,Visual,VisualContext,Q1,Visual_beneficial,0.2026914358139038,3543
Movies,44,pair,Text,VisualPair,Q1,Visual_harmful,0.2538311779499054,2568
Movies,44,pair,Text,Compatibility,Q1,Visual_harmful,0.19961859285831451,2568
Movies,44,pair,Text,TextContext,Q1,Visual_harmful,0.19905363023281097,2568
Movies,44,pair,Text,VisualContext,Q1,Visual_harmful,0.19804395735263824,2568
Movies,44,pair,Visual,TextPair,Q1,Visual_harmful,0.17568425834178925,2568
Movies,44,pair,Visual,Compatibility,Q1,Visual_harmful,0.20322826504707336,2568
Movies,44,pair,Visual,TextContext,Q1,Visual_harmful,0.20303553342819214,2568
Movies,44,pair,Visual,VisualContext,Q1,Visual_harmful,0.20344416797161102,2568
Movies,44,pair,Text,VisualPair,Q5,Visual_beneficial,0.22590018808841705,4489
Movies,44,pair,Text,Compatibility,Q5,Visual_beneficial,0.20938250422477722,4489
Movies,44,pair,Text,TextContext,Q5,Visual_beneficial,0.209004744887352,4489
Movies,44,pair,Text,VisualContext,Q5,Visual_beneficial,0.20783358812332153,4489
Movies,44,pair,Visual,TextPair,Q5,Visual_beneficial,0.18036621809005737,4489
Movies,44,pair,Visual,Compatibility,Q5,Visual_beneficial,0.19988176226615906,4489
Movies,44,pair,Visual,TextContext,Q5,Visual_beneficial,0.20013613998889923,4489
Movies,44,pair,Visual,VisualContext,Q5,Visual_beneficial,0.19975434243679047,4489
Movies,44,pair,Text,VisualPair,Q5,Visual_harmful,0.22586986422538757,1620
Movies,44,pair,Text,Compatibility,Q5,Visual_harmful,0.20883262157440186,1620
Movies,44,pair,Text,TextContext,Q5,Visual_harmful,0.20844779908657074,1620
Movies,44,pair,Text,VisualContext,Q5,Visual_harmful,0.2072610855102539,1620
Movies,44,pair,Visual,TextPair,Q5,Visual_harmful,0.18056561052799225,1620
Movies,44,pair,Visual,Compatibility,Q5,Visual_harmful,0.20087645947933197,1620
Movies,44,pair,Visual,TextContext,Q5,Visual_harmful,0.20071931183338165,1620
Movies,44,pair,Visual,VisualContext,Q5,Visual_harmful,0.2007817178964615,1620
Movies,44,pair_compat,Text,VisualPair,all,all,0.2360062152147293,30552
Movies,44,pair_compat,Text,Compatibility,all,all,0.21120184659957886,30552
Movies,44,pair_compat,Text,TextContext,all,all,0.2032400667667389,30552
Movies,44,pair_compat,Text,VisualContext,all,all,0.202184796333313,30552
Movies,44,pair_compat,Visual,TextPair,all,all,0.17971265316009521,30552
Movies,44,pair_compat,Visual,Compatibility,all,all,0.2014460563659668,30552
Movies,44,pair_compat,Visual,TextContext,all,all,0.20278716087341309,30552
Movies,44,pair_compat,Visual,VisualContext,all,all,0.20169834792613983,30552
Movies,44,pair_compat,Text,VisualPair,Q1,Text_beneficial,0.2410462498664856,3562
Movies,44,pair_compat,Text,Compatibility,Q1,Text_beneficial,0.2094220370054245,3562
Movies,44,pair_compat,Text,TextContext,Q1,Text_beneficial,0.20313699543476105,3562
Movies,44,pair_compat,Text,VisualContext,Q1,Text_beneficial,0.20230980217456818,3562
Movies,44,pair_compat,Visual,TextPair,Q1,Text_beneficial,0.1810535043478012,3562
Movies,44,pair_compat,Visual,Compatibility,Q1,Text_beneficial,0.20293721556663513,3562
Movies,44,pair_compat,Visual,TextContext,Q1,Text_beneficial,0.2021441012620926,3562
Movies,44,pair_compat,Visual,VisualContext,Q1,Text_beneficial,0.2017795890569687,3562
Movies,44,pair_compat,Text,VisualPair,Q1,Text_harmful,0.24151740968227386,2549
Movies,44,pair_compat,Text,Compatibility,Q1,Text_harmful,0.2094675600528717,2549
Movies,44,pair_compat,Text,TextContext,Q1,Text_harmful,0.20294184982776642,2549
Movies,44,pair_compat,Text,VisualContext,Q1,Text_harmful,0.2021239697933197,2549
Movies,44,pair_compat,Visual,TextPair,Q1,Text_harmful,0.18051044642925262,2549
Movies,44,pair_compat,Visual,Compatibility,Q1,Text_harmful,0.20271041989326477,2549
Movies,44,pair_compat,Visual,TextContext,Q1,Text_harmful,0.2019776701927185,2549
Movies,44,pair_compat,Visual,VisualContext,Q1,Text_harmful,0.20170579850673676,2549
Movies,44,pair_compat,Text,VisualPair,Q5,Text_beneficial,0.2240632176399231,4457
Movies,44,pair_compat,Text,Compatibility,Q5,Text_beneficial,0.21577422320842743,4457
Movies,44,pair_compat,Text,TextContext,Q5,Text_beneficial,0.20718564093112946,4457
Movies,44,pair_compat,Text,VisualContext,Q5,Text_beneficial,0.20612196624279022,4457
Movies,44,pair_compat,Visual,TextPair,Q5,Text_beneficial,0.1773848831653595,4457
Movies,44,pair_compat,Visual,Compatibility,Q5,Text_beneficial,0.19991467893123627,4457
Movies,44,pair_compat,Visual,TextContext,Q5,Text_beneficial,0.20283792912960052,4457
Movies,44,pair_compat,Visual,VisualContext,Q5,Text_beneficial,0.2010621577501297,4457
Movies,44,pair_compat,Text,VisualPair,Q5,Text_harmful,0.2228975147008896,1653
Movies,44,pair_compat,Text,Compatibility,Q5,Text_harmful,0.2151893973350525,1653
Movies,44,pair_compat,Text,TextContext,Q5,Text_harmful,0.20597581565380096,1653
Movies,44,pair_compat,Text,VisualContext,Q5,Text_harmful,0.20489095151424408,1653
Movies,44,pair_compat,Visual,TextPair,Q5,Text_harmful,0.1799393892288208,1653
Movies,44,pair_compat,Visual,Compatibility,Q5,Text_harmful,0.19972918927669525,1653
Movies,44,pair_compat,Visual,TextContext,Q5,Text_harmful,0.2022867500782013,1653
Movies,44,pair_compat,Visual,VisualContext,Q5,Text_harmful,0.20084412395954132,1653
Movies,44,pair_compat,Text,VisualPair,Q1,Visual_beneficial,0.2443777322769165,3543
Movies,44,pair_compat,Text,Compatibility,Q1,Visual_beneficial,0.20750443637371063,3543
Movies,44,pair_compat,Text,TextContext,Q1,Visual_beneficial,0.2011977881193161,3543
Movies,44,pair_compat,Text,VisualContext,Q1,Visual_beneficial,0.20021802186965942,3543
Movies,44,pair_compat,Visual,TextPair,Q1,Visual_beneficial,0.18285562098026276,3543
Movies,44,pair_compat,Visual,Compatibility,Q1,Visual_beneficial,0.20088177919387817,3543
Movies,44,pair_compat,Visual,TextContext,Q1,Visual_beneficial,0.20269308984279633,3543
Movies,44,pair_compat,Visual,VisualContext,Q1,Visual_beneficial,0.20222754776477814,3543
Movies,44,pair_compat,Text,VisualPair,Q1,Visual_harmful,0.24490049481391907,2568
Movies,44,pair_compat,Text,Compatibility,Q1,Visual_harmful,0.20755843818187714,2568
Movies,44,pair_compat,Text,TextContext,Q1,Visual_harmful,0.20079536736011505,2568
Movies,44,pair_compat,Text,VisualContext,Q1,Visual_harmful,0.19971849024295807,2568
Movies,44,pair_compat,Visual,TextPair,Q1,Visual_harmful,0.18125516176223755,2568
Movies,44,pair_compat,Visual,Compatibility,Q1,Visual_harmful,0.2020360231399536,2568
Movies,44,pair_compat,Visual,TextContext,Q1,Visual_harmful,0.20324663817882538,2568
Movies,44,pair_compat,Visual,VisualContext,Q1,Visual_harmful,0.20277643203735352,2568
Movies,44,pair_compat,Text,VisualPair,Q5,Visual_beneficial,0.2195812463760376,4489
Movies,44,pair_compat,Text,Compatibility,Q5,Visual_beneficial,0.21798551082611084,4489
Movies,44,pair_compat,Text,TextContext,Q5,Visual_beneficial,0.2088661938905716,4489
Movies,44,pair_compat,Text,VisualContext,Q5,Visual_beneficial,0.20771953463554382,4489
Movies,44,pair_compat,Visual,TextPair,Q5,Visual_beneficial,0.1796266883611679,4489
Movies,44,pair_compat,Visual,Compatibility,Q5,Visual_beneficial,0.20022863149642944,4489
Movies,44,pair_compat,Visual,TextContext,Q5,Visual_beneficial,0.19988064467906952,4489
Movies,44,pair_compat,Visual,VisualContext,Q5,Visual_beneficial,0.19891664385795593,4489
Movies,44,pair_compat,Text,VisualPair,Q5,Visual_harmful,0.22027158737182617,1620
Movies,44,pair_compat,Text,Compatibility,Q5,Visual_harmful,0.21768811345100403,1620
Movies,44,pair_compat,Text,TextContext,Q5,Visual_harmful,0.20825570821762085,1620
Movies,44,pair_compat,Text,VisualContext,Q5,Visual_harmful,0.20707127451896667,1620
Movies,44,pair_compat,Visual,TextPair,Q5,Visual_harmful,0.18150009214878082,1620
Movies,44,pair_compat,Visual,Compatibility,Q5,Visual_harmful,0.20152351260185242,1620
Movies,44,pair_compat,Visual,TextContext,Q5,Visual_harmful,0.19994670152664185,1620
Movies,44,pair_compat,Visual,VisualContext,Q5,Visual_harmful,0.19937092065811157,1620
Movies,44,pair_compat_context,Text,VisualPair,all,all,0.23683156073093414,30552
Movies,44,pair_compat_context,Text,Compatibility,all,all,0.2075001448392868,30552
Movies,44,pair_compat_context,Text,TextContext,all,all,0.21156401932239532,30552
Movies,44,pair_compat_context,Text,VisualContext,all,all,0.21517691016197205,30552
Movies,44,pair_compat_context,Visual,TextPair,all,all,0.1693066656589508,30552
Movies,44,pair_compat_context,Visual,Compatibility,all,all,0.19577904045581818,30552
Movies,44,pair_compat_context,Visual,TextContext,all,all,0.21981848776340485,30552
Movies,44,pair_compat_context,Visual,VisualContext,all,all,0.21001064777374268,30552
Movies,44,pair_compat_context,Text,VisualPair,Q1,Text_beneficial,0.24323904514312744,3562
Movies,44,pair_compat_context,Text,Compatibility,Q1,Text_beneficial,0.2076549530029297,3562
Movies,44,pair_compat_context,Text,TextContext,Q1,Text_beneficial,0.2095239758491516,3562
Movies,44,pair_compat_context,Text,VisualContext,Q1,Text_beneficial,0.21697473526000977,3562
Movies,44,pair_compat_context,Visual,TextPair,Q1,Text_beneficial,0.17443770170211792,3562
Movies,44,pair_compat_context,Visual,Compatibility,Q1,Text_beneficial,0.19847601652145386,3562
Movies,44,pair_compat_context,Visual,TextContext,Q1,Text_beneficial,0.2169676572084427,3562
Movies,44,pair_compat_context,Visual,VisualContext,Q1,Text_beneficial,0.20655804872512817,3562
Movies,44,pair_compat_context,Text,VisualPair,Q1,Text_harmful,0.2417689710855484,2549
Movies,44,pair_compat_context,Text,Compatibility,Q1,Text_harmful,0.20802687108516693,2549
Movies,44,pair_compat_context,Text,TextContext,Q1,Text_harmful,0.21025890111923218,2549
Movies,44,pair_compat_context,Text,VisualContext,Q1,Text_harmful,0.2165241241455078,2549
Movies,44,pair_compat_context,Visual,TextPair,Q1,Text_harmful,0.17321036756038666,2549
Movies,44,pair_compat_context,Visual,Compatibility,Q1,Text_harmful,0.19814515113830566,2549
Movies,44,pair_compat_context,Visual,TextContext,Q1,Text_harmful,0.21737432479858398,2549
Movies,44,pair_compat_context,Visual,VisualContext,Q1,Text_harmful,0.2065756767988205,2549
Movies,44,pair_compat_context,Text,VisualPair,Q5,Text_beneficial,0.22855225205421448,4457
Movies,44,pair_compat_context,Text,Compatibility,Q5,Text_beneficial,0.20732295513153076,4457
Movies,44,pair_compat_context,Text,TextContext,Q5,Text_beneficial,0.21742039918899536,4457
Movies,44,pair_compat_context,Text,VisualContext,Q5,Text_beneficial,0.2192719727754593,4457
Movies,44,pair_compat_context,Visual,TextPair,Q5,Text_beneficial,0.16162298619747162,4457
Movies,44,pair_compat_context,Visual,Compatibility,Q5,Text_beneficial,0.1938580870628357,4457
Movies,44,pair_compat_context,Visual,TextContext,Q5,Text_beneficial,0.22289231419563293,4457
Movies,44,pair_compat_context,Visual,VisualContext,Q5,Text_beneficial,0.2123744934797287,4457
Movies,44,pair_compat_context,Text,VisualPair,Q5,Text_harmful,0.22475802898406982,1653
Movies,44,pair_compat_context,Text,Compatibility,Q5,Text_harmful,0.2093232274055481,1653
Movies,44,pair_compat_context,Text,TextContext,Q5,Text_harmful,0.21434760093688965,1653
Movies,44,pair_compat_context,Text,VisualContext,Q5,Text_harmful,0.21805612742900848,1653
Movies,44,pair_compat_context,Visual,TextPair,Q5,Text_harmful,0.16637718677520752,1653
Movies,44,pair_compat_context,Visual,Compatibility,Q5,Text_harmful,0.19425396621227264,1653
Movies,44,pair_compat_context,Visual,TextContext,Q5,Text_harmful,0.21781791746616364,1653
Movies,44,pair_compat_context,Visual,VisualContext,Q5,Text_harmful,0.21152009069919586,1653
Movies,44,pair_compat_context,Text,VisualPair,Q1,Visual_beneficial,0.24466215074062347,3543
Movies,44,pair_compat_context,Text,Compatibility,Q1,Visual_beneficial,0.20548681914806366,3543
Movies,44,pair_compat_context,Text,TextContext,Q1,Visual_beneficial,0.20797234773635864,3543
Movies,44,pair_compat_context,Text,VisualContext,Q1,Visual_beneficial,0.21367283165454865,3543
Movies,44,pair_compat_context,Visual,TextPair,Q1,Visual_beneficial,0.1750541478395462,3543
Movies,44,pair_compat_context,Visual,Compatibility,Q1,Visual_beneficial,0.19638343155384064,3543
Movies,44,pair_compat_context,Visual,TextContext,Q1,Visual_beneficial,0.21654435992240906,3543
Movies,44,pair_compat_context,Visual,VisualContext,Q1,Visual_beneficial,0.2085551768541336,3543
Movies,44,pair_compat_context,Text,VisualPair,Q1,Visual_harmful,0.2429015189409256,2568
Movies,44,pair_compat_context,Text,Compatibility,Q1,Visual_harmful,0.20674729347229004,2568
Movies,44,pair_compat_context,Text,TextContext,Q1,Visual_harmful,0.2072121649980545,2568
Movies,44,pair_compat_context,Text,VisualContext,Q1,Visual_harmful,0.21384181082248688,2568
Movies,44,pair_compat_context,Visual,TextPair,Q1,Visual_harmful,0.17191018164157867,2568
Movies,44,pair_compat_context,Visual,Compatibility,Q1,Visual_harmful,0.19674961268901825,2568
Movies,44,pair_compat_context,Visual,TextContext,Q1,Visual_harmful,0.21859705448150635,2568
Movies,44,pair_compat_context,Visual,VisualContext,Q1,Visual_harmful,0.2105015367269516,2568
Movies,44,pair_compat_context,Text,VisualPair,Q5,Visual_beneficial,0.22990639507770538,4489
Movies,44,pair_compat_context,Text,Compatibility,Q5,Visual_beneficial,0.2095031440258026,4489
Movies,44,pair_compat_context,Text,TextContext,Q5,Visual_beneficial,0.21313585340976715,4489
Movies,44,pair_compat_context,Text,VisualContext,Q5,Visual_beneficial,0.22221943736076355,4489
Movies,44,pair_compat_context,Visual,TextPair,Q5,Visual_beneficial,0.16613762080669403,4489
Movies,44,pair_compat_context,Visual,Compatibility,Q5,Visual_beneficial,0.19394820928573608,4489
Movies,44,pair_compat_context,Visual,TextContext,Q5,Visual_beneficial,0.22029216587543488,4489
Movies,44,pair_compat_context,Visual,VisualContext,Q5,Visual_beneficial,0.20725448429584503,4489
Movies,44,pair_compat_context,Text,VisualPair,Q5,Visual_harmful,0.2265779674053192,1620
Movies,44,pair_compat_context,Text,Compatibility,Q5,Visual_harmful,0.21138355135917664,1620
Movies,44,pair_compat_context,Text,TextContext,Q5,Visual_harmful,0.21266566216945648,1620
Movies,44,pair_compat_context,Text,VisualContext,Q5,Visual_harmful,0.22189930081367493,1620
Movies,44,pair_compat_context,Visual,TextPair,Q5,Visual_harmful,0.1681838035583496,1620
Movies,44,pair_compat_context,Visual,Compatibility,Q5,Visual_harmful,0.19522736966609955,1620
Movies,44,pair_compat_context,Visual,TextContext,Q5,Visual_harmful,0.2170812487602234,1620
Movies,44,pair_compat_context,Visual,VisualContext,Q5,Visual_harmful,0.21014349162578583,1620
Grocery,42,pair,Text,VisualPair,all,all,0.2270883470773697,26053
Grocery,42,pair,Text,Compatibility,all,all,0.19922500848770142,26053
Grocery,42,pair,Text,TextContext,all,all,0.19823135435581207,26053
Grocery,42,pair,Text,VisualContext,all,all,0.1976291835308075,26053
Grocery,42,pair,Visual,TextPair,all,all,0.22176529467105865,26053
Grocery,42,pair,Visual,Compatibility,all,all,0.2019716203212738,26053
Grocery,42,pair,Visual,TextContext,all,all,0.2022392302751541,26053
Grocery,42,pair,Visual,VisualContext,all,all,0.20242059230804443,26053
Grocery,42,pair,Text,VisualPair,Q1,Text_beneficial,0.2281574308872223,3043
Grocery,42,pair,Text,Compatibility,Q1,Text_beneficial,0.1988593190908432,3043
Grocery,42,pair,Text,TextContext,Q1,Text_beneficial,0.19807882606983185,3043
Grocery,42,pair,Text,VisualContext,Q1,Text_beneficial,0.1971520185470581,3043
Grocery,42,pair,Visual,TextPair,Q1,Text_beneficial,0.21423889696598053,3043
Grocery,42,pair,Visual,Compatibility,Q1,Text_beneficial,0.20391805469989777,3043
Grocery,42,pair,Visual,TextContext,Q1,Text_beneficial,0.2041786164045334,3043
Grocery,42,pair,Visual,VisualContext,Q1,Text_beneficial,0.20456966757774353,3043
Grocery,42,pair,Text,VisualPair,Q1,Text_harmful,0.22628743946552277,2168
Grocery,42,pair,Text,Compatibility,Q1,Text_harmful,0.19963502883911133,2168
Grocery,42,pair,Text,TextContext,Q1,Text_harmful,0.19901464879512787,2168
Grocery,42,pair,Text,VisualContext,Q1,Text_harmful,0.1981784999370575,2168
Grocery,42,pair,Visual,TextPair,Q1,Text_harmful,0.203512504696846,2168
Grocery,42,pair,Visual,Compatibility,Q1,Text_harmful,0.20649443566799164,2168
Grocery,42,pair,Visual,TextContext,Q1,Text_harmful,0.20674248039722443,2168
Grocery,42,pair,Visual,VisualContext,Q1,Text_harmful,0.20742905139923096,2168
Grocery,42,pair,Text,VisualPair,Q5,Text_beneficial,0.2229175716638565,4802
Grocery,42,pair,Text,Compatibility,Q5,Text_beneficial,0.2014002948999405,4802
Grocery,42,pair,Text,TextContext,Q5,Text_beneficial,0.1999945491552353,4802
Grocery,42,pair,Text,VisualContext,Q5,Text_beneficial,0.2000225931406021,4802
Grocery,42,pair,Visual,TextPair,Q5,Text_beneficial,0.2234777957201004,4802
Grocery,42,pair,Visual,Compatibility,Q5,Text_beneficial,0.20081794261932373,4802
Grocery,42,pair,Visual,TextContext,Q5,Text_beneficial,0.20125100016593933,4802
Grocery,42,pair,Visual,VisualContext,Q5,Text_beneficial,0.20123502612113953,4802
Grocery,42,pair,Text,VisualPair,Q5,Text_harmful,0.20728765428066254,408
Grocery,42,pair,Text,Compatibility,Q5,Text_harmful,0.20260010659694672,408
Grocery,42,pair,Text,TextContext,Q5,Text_harmful,0.20118652284145355,408
Grocery,42,pair,Text,VisualContext,Q5,Text_harmful,0.20120936632156372,408
Grocery,42,pair,Visual,TextPair,Q5,Text_harmful,0.21104437112808228,408
Grocery,42,pair,Visual,Compatibility,Q5,Text_harmful,0.2055215686559677,408
Grocery,42,pair,Visual,TextContext,Q5,Text_harmful,0.2054365575313568,408
Grocery,42,pair,Visual,VisualContext,Q5,Text_harmful,0.20589955151081085,408
Grocery,42,pair,Text,VisualPair,Q1,Visual_beneficial,0.22845259308815002,3157
Grocery,42,pair,Text,Compatibility,Q1,Visual_beneficial,0.19755609333515167,3157
Grocery,42,pair,Text,TextContext,Q1,Visual_beneficial,0.19680221378803253,3157
Grocery,42,pair,Text,VisualContext,Q1,Visual_beneficial,0.19609017670154572,3157
Grocery,42,pair,Visual,TextPair,Q1,Visual_beneficial,0.20663321018218994,3157
Grocery,42,pair,Visual,Compatibility,Q1,Visual_beneficial,0.20630024373531342,3157
Grocery,42,pair,Visual,TextContext,Q1,Visual_beneficial,0.20656786859035492,3157
Grocery,42,pair,Visual,VisualContext,Q1,Visual_beneficial,0.20732726156711578,3157
Grocery,42,pair,Text,VisualPair,Q1,Visual_harmful,0.22939158976078033,2052
Grocery,42,pair,Text,Compatibility,Q1,Visual_harmful,0.19817744195461273,2052
Grocery,42,pair,Text,TextContext,Q1,Visual_harmful,0.19741487503051758,2052
Grocery,42,pair,Text,VisualContext,Q1,Visual_harmful,0.1966654360294342,2052
Grocery,42,pair,Visual,TextPair,Q1,Visual_harmful,0.20338553190231323,2052
Grocery,42,pair,Visual,Compatibility,Q1,Visual_harmful,0.20666708052158356,2052
Grocery,42,pair,Visual,TextContext,Q1,Visual_harmful,0.20686443150043488,2052
Grocery,42,pair,Visual,VisualContext,Q1,Visual_harmful,0.20760083198547363,2052
Grocery,42,pair,Text,VisualPair,Q5,Visual_beneficial,0.2237614393234253,4789
Grocery,42,pair,Text,Compatibility,Q5,Visual_beneficial,0.20271553099155426,4789
Grocery,42,pair,Text,TextContext,Q5,Visual_beneficial,0.20128752291202545,4789
Grocery,42,pair,Text,VisualContext,Q5,Visual_beneficial,0.2008679062128067,4789
Grocery,42,pair,Visual,TextPair,Q5,Visual_beneficial,0.2335885465145111,4789
Grocery,42,pair,Visual,Compatibility,Q5,Visual_beneficial,0.19712208211421967,4789
Grocery,42,pair,Visual,TextContext,Q5,Visual_beneficial,0.19744719564914703,4789
Grocery,42,pair,Visual,VisualContext,Q5,Visual_beneficial,0.19720736145973206,4789
Grocery,42,pair,Text,VisualPair,Q5,Visual_harmful,0.19665206968784332,421
Grocery,42,pair,Text,Compatibility,Q5,Visual_harmful,0.20692041516304016,421
Grocery,42,pair,Text,TextContext,Q5,Visual_harmful,0.20535731315612793,421
Grocery,42,pair,Text,VisualContext,Q5,Visual_harmful,0.20490480959415436,421
Grocery,42,pair,Visual,TextPair,Q5,Visual_harmful,0.2093658596277237,421
Grocery,42,pair,Visual,Compatibility,Q5,Visual_harmful,0.2053869664669037,421
Grocery,42,pair,Visual,TextContext,Q5,Visual_harmful,0.20497572422027588,421
Grocery,42,pair,Visual,VisualContext,Q5,Visual_harmful,0.20536306500434875,421
Grocery,42,pair_compat,Text,VisualPair,all,all,0.2208527773618698,26053
Grocery,42,pair_compat,Text,Compatibility,all,all,0.19851261377334595,26053
Grocery,42,pair_compat,Text,TextContext,all,all,0.19979380071163177,26053
Grocery,42,pair_compat,Text,VisualContext,all,all,0.19947978854179382,26053
Grocery,42,pair_compat,Visual,TextPair,all,all,0.21756049990653992,26053
Grocery,42,pair_compat,Visual,Compatibility,all,all,0.20325247943401337,26053
Grocery,42,pair_compat,Visual,TextContext,all,all,0.20263227820396423,26053
Grocery,42,pair_compat,Visual,VisualContext,all,all,0.20285074412822723,26053
Grocery,42,pair_compat,Text,VisualPair,Q1,Text_beneficial,0.22082136571407318,3043
Grocery,42,pair_compat,Text,Compatibility,Q1,Text_beneficial,0.19954489171504974,3043
Grocery,42,pair_compat,Text,TextContext,Q1,Text_beneficial,0.20051828026771545,3043
Grocery,42,pair_compat,Text,VisualContext,Q1,Text_beneficial,0.19977311789989471,3043
Grocery,42,pair_compat,Visual,TextPair,Q1,Text_beneficial,0.21434250473976135,3043
Grocery,42,pair_compat,Visual,Compatibility,Q1,Text_beneficial,0.2036382257938385,3043
Grocery,42,pair_compat,Visual,TextContext,Q1,Text_beneficial,0.20343245565891266,3043
Grocery,42,pair_compat,Visual,VisualContext,Q1,Text_beneficial,0.20383596420288086,3043
Grocery,42,pair_compat,Text,VisualPair,Q1,Text_harmful,0.21882963180541992,2168
Grocery,42,pair_compat,Text,Compatibility,Q1,Text_harmful,0.19978348910808563,2168
Grocery,42,pair_compat,Text,TextContext,Q1,Text_harmful,0.20144465565681458,2168
Grocery,42,pair_compat,Text,VisualContext,Q1,Text_harmful,0.2007678747177124,2168
Grocery,42,pair_compat,Visual,TextPair,Q1,Text_harmful,0.20753516256809235,2168
Grocery,42,pair_compat,Visual,Compatibility,Q1,Text_harmful,0.20509546995162964,2168
Grocery,42,pair_compat,Visual,TextContext,Q1,Text_harmful,0.20447321236133575,2168
Grocery,42,pair_compat,Visual,VisualContext,Q1,Text_harmful,0.2050403207540512,2168
Grocery,42,pair_compat,Text,VisualPair,Q5,Text_beneficial,0.21941393613815308,4802
Grocery,42,pair_compat,Text,Compatibility,Q5,Text_beneficial,0.1991191953420639,4802
Grocery,42,pair_compat,Text,TextContext,Q5,Text_beneficial,0.20063094794750214,4802
Grocery,42,pair_compat,Text,VisualContext,Q5,Text_beneficial,0.20108027756214142,4802
Grocery,42,pair_compat,Visual,TextPair,Q5,Text_beneficial,0.21563483774662018,4802
Grocery,42,pair_compat,Visual,Compatibility,Q5,Text_beneficial,0.2029966562986374,4802
Grocery,42,pair_compat,Visual,TextContext,Q5,Text_beneficial,0.2028956115245819,4802
Grocery,42,pair_compat,Visual,VisualContext,Q5,Text_beneficial,0.20291142165660858,4802
Grocery,42,pair_compat,Text,VisualPair,Q5,Text_harmful,0.20188294351100922,408
Grocery,42,pair_compat,Text,Compatibility,Q5,Text_harmful,0.2018623799085617,408
Grocery,42,pair_compat,Text,TextContext,Q5,Text_harmful,0.20293809473514557,408
Grocery,42,pair_compat,Text,VisualContext,Q5,Text_harmful,0.2032458335161209,408
Grocery,42,pair_compat,Visual,TextPair,Q5,Text_harmful,0.20899304747581482,408
Grocery,42,pair_compat,Visual,Compatibility,Q5,Text_harmful,0.20844586193561554,408
Grocery,42,pair_compat,Visual,TextContext,Q5,Text_harmful,0.20290596783161163,408
Grocery,42,pair_compat,Visual,VisualContext,Q5,Text_harmful,0.20318815112113953,408
Grocery,42,pair_compat,Text,VisualPair,Q1,Visual_beneficial,0.2193128913640976,3157
Grocery,42,pair_compat,Text,Compatibility,Q1,Visual_beneficial,0.19816873967647552,3157
Grocery,42,pair_compat,Text,TextContext,Q1,Visual_beneficial,0.19980551302433014,3157
Grocery,42,pair_compat,Text,VisualContext,Q1,Visual_beneficial,0.19934184849262238,3157
Grocery,42,pair_compat,Visual,TextPair,Q1,Visual_beneficial,0.2089756727218628,3157
Grocery,42,pair_compat,Visual,Compatibility,Q1,Visual_beneficial,0.20635376870632172,3157
Grocery,42,pair_compat,Visual,TextContext,Q1,Visual_beneficial,0.20405372977256775,3157
Grocery,42,pair_compat,Visual,VisualContext,Q1,Visual_beneficial,0.20468905568122864,3157
Grocery,42,pair_compat,Text,VisualPair,Q1,Visual_harmful,0.22060942649841309,2052
Grocery,42,pair_compat,Text,Compatibility,Q1,Visual_harmful,0.19777412712574005,2052
Grocery,42,pair_compat,Text,TextContext,Q1,Visual_harmful,0.20026029646396637,2052
Grocery,42,pair_compat,Text,VisualContext,Q1,Visual_harmful,0.19973650574684143,2052
Grocery,42,pair_compat,Visual,TextPair,Q1,Visual_harmful,0.20694035291671753,2052
Grocery,42,pair_compat,Visual,Compatibility,Q1,Visual_harmful,0.20601849257946014,2052
Grocery,42,pair_compat,Visual,TextContext,Q1,Visual_harmful,0.20417125523090363,2052
Grocery,42,pair_compat,Visual,VisualContext,Q1,Visual_harmful,0.20475637912750244,2052
Grocery,42,pair_compat,Text,VisualPair,Q5,Visual_beneficial,0.22318658232688904,4789
Grocery,42,pair_compat,Text,Compatibility,Q5,Visual_beneficial,0.1993248164653778,4789
Grocery,42,pair_compat,Text,TextContext,Q5,Visual_beneficial,0.2006683200597763,4789
Grocery,42,pair_compat,Text,VisualContext,Q5,Visual_beneficial,0.20063568651676178,4789
Grocery,42,pair_compat,Visual,TextPair,Q5,Visual_beneficial,0.222489595413208,4789
Grocery,42,pair_compat,Visual,Compatibility,Q5,Visual_beneficial,0.1993834674358368,4789
Grocery,42,pair_compat,Visual,TextContext,Q5,Visual_beneficial,0.20073531568050385,4789
Grocery,42,pair_compat,Visual,VisualContext,Q5,Visual_beneficial,0.200582355260849,4789
Grocery,42,pair_compat,Text,VisualPair,Q5,Visual_harmful,0.19287025928497314,421
Grocery,42,pair_compat,Text,Compatibility,Q5,Visual_harmful,0.20694509148597717,421
Grocery,42,pair_compat,Text,TextContext,Q5,Visual_harmful,0.20633050799369812,421
Grocery,42,pair_compat,Text,VisualContext,Q5,Visual_harmful,0.206019788980484,421
Grocery,42,pair_compat,Visual,TextPair,Q5,Visual_harmful,0.20574647188186646,421
Grocery,42,pair_compat,Visual,Compatibility,Q5,Visual_harmful,0.2095794379711151,421
Grocery,42,pair_compat,Visual,TextContext,Q5,Visual_harmful,0.20159552991390228,421
Grocery,42,pair_compat,Visual,VisualContext,Q5,Visual_harmful,0.20162028074264526,421
Grocery,42,pair_compat_context,Text,VisualPair,all,all,0.21749942004680634,26053
Grocery,42,pair_compat_context,Text,Compatibility,all,all,0.19580578804016113,26053
Grocery,42,pair_compat_context,Text,TextContext,all,all,0.19728882610797882,26053
Grocery,42,pair_compat_context,Text,VisualContext,all,all,0.20328445732593536,26053
Grocery,42,pair_compat_context,Visual,TextPair,all,all,0.22354665398597717,26053
Grocery,42,pair_compat_context,Visual,Compatibility,all,all,0.207609161734581,26053
Grocery,42,pair_compat_context,Visual,TextContext,all,all,0.21079769730567932,26053
Grocery,42,pair_compat_context,Visual,VisualContext,all,all,0.203047975897789,26053
Grocery,42,pair_compat_context,Text,VisualPair,Q1,Text_beneficial,0.21747085452079773,3043
Grocery,42,pair_compat_context,Text,Compatibility,Q1,Text_beneficial,0.1965106576681137,3043
Grocery,42,pair_compat_context,Text,TextContext,Q1,Text_beneficial,0.19762927293777466,3043
Grocery,42,pair_compat_context,Text,VisualContext,Q1,Text_beneficial,0.2056574523448944,3043
Grocery,42,pair_compat_context,Visual,TextPair,Q1,Text_beneficial,0.21841467916965485,3043
Grocery,42,pair_compat_context,Visual,Compatibility,Q1,Text_beneficial,0.2085033804178238,3043
Grocery,42,pair_compat_context,Visual,TextContext,Q1,Text_beneficial,0.20963867008686066,3043
Grocery,42,pair_compat_context,Visual,VisualContext,Q1,Text_beneficial,0.20504562556743622,3043
Grocery,42,pair_compat_context,Text,VisualPair,Q1,Text_harmful,0.21611042320728302,2168
Grocery,42,pair_compat_context,Text,Compatibility,Q1,Text_harmful,0.19767621159553528,2168
Grocery,42,pair_compat_context,Text,TextContext,Q1,Text_harmful,0.19859318435192108,2168
Grocery,42,pair_compat_context,Text,VisualContext,Q1,Text_harmful,0.2051355540752411,2168
Grocery,42,pair_compat_context,Visual,TextPair,Q1,Text_harmful,0.2119380533695221,2168
Grocery,42,pair_compat_context,Visual,Compatibility,Q1,Text_harmful,0.20770886540412903,2168
Grocery,42,pair_compat_context,Visual,TextContext,Q1,Text_harmful,0.20901326835155487,2168
Grocery,42,pair_compat_context,Visual,VisualContext,Q1,Text_harmful,0.20979559421539307,2168
Grocery,42,pair_compat_context,Text,VisualPair,Q5,Text_beneficial,0.21649044752120972,4802
Grocery,42,pair_compat_context,Text,Compatibility,Q5,Text_beneficial,0.1969355344772339,4802
Grocery,42,pair_compat_context,Text,TextContext,Q5,Text_beneficial,0.19683358073234558,4802
Grocery,42,pair_compat_context,Text,VisualContext,Q5,Text_beneficial,0.20077283680438995,4802
Grocery,42,pair_compat_context,Visual,TextPair,Q5,Text_beneficial,0.22419415414333344,4802
Grocery,42,pair_compat_context,Visual,Compatibility,Q5,Text_beneficial,0.2058948576450348,4802
Grocery,42,pair_compat_context,Visual,TextContext,Q5,Text_beneficial,0.21275490522384644,4802
Grocery,42,pair_compat_context,Visual,VisualContext,Q5,Text_beneficial,0.20237892866134644,4802
Grocery,42,pair_compat_context,Text,VisualPair,Q5,Text_harmful,0.20426714420318604,408
Grocery,42,pair_compat_context,Text,Compatibility,Q5,Text_harmful,0.2000483125448227,408
Grocery,42,pair_compat_context,Text,TextContext,Q5,Text_harmful,0.20232510566711426,408
Grocery,42,pair_compat_context,Text,VisualContext,Q5,Text_harmful,0.20173940062522888,408
Grocery,42,pair_compat_context,Visual,TextPair,Q5,Text_harmful,0.22004419565200806,408
Grocery,42,pair_compat_context,Visual,Compatibility,Q5,Text_harmful,0.20795726776123047,408
Grocery,42,pair_compat_context,Visual,TextContext,Q5,Text_harmful,0.2112811654806137,408
Grocery,42,pair_compat_context,Visual,VisualContext,Q5,Text_harmful,0.20758439600467682,408
Grocery,42,pair_compat_context,Text,VisualPair,Q1,Visual_beneficial,0.21783149242401123,3157
Grocery,42,pair_compat_context,Text,Compatibility,Q1,Visual_beneficial,0.19591917097568512,3157
Grocery,42,pair_compat_context,Text,TextContext,Q1,Visual_beneficial,0.1979691982269287,3157
Grocery,42,pair_compat_context,Text,VisualContext,Q1,Visual_beneficial,0.20281311869621277,3157
Grocery,42,pair_compat_context,Visual,TextPair,Q1,Visual_beneficial,0.21803578734397888,3157
Grocery,42,pair_compat_context,Visual,Compatibility,Q1,Visual_beneficial,0.20811422169208527,3157
Grocery,42,pair_compat_context,Visual,TextContext,Q1,Visual_beneficial,0.20698729157447815,3157
Grocery,42,pair_compat_context,Visual,VisualContext,Q1,Visual_beneficial,0.20768320560455322,3157
Grocery,42,pair_compat_context,Text,VisualPair,Q1,Visual_harmful,0.2177741825580597,2052
Grocery,42,pair_compat_context,Text,Compatibility,Q1,Visual_harmful,0.1957949846982956,2052
Grocery,42,pair_compat_context,Text,TextContext,Q1,Visual_harmful,0.19791898131370544,2052
Grocery,42,pair_compat_context,Text,VisualContext,Q1,Visual_harmful,0.2044055312871933,2052
Grocery,42,pair_compat_context,Visual,TextPair,Q1,Visual_harmful,0.2111668586730957,2052
Grocery,42,pair_compat_context,Visual,Compatibility,Q1,Visual_harmful,0.20815005898475647,2052
Grocery,42,pair_compat_context,Visual,TextContext,Q1,Visual_harmful,0.20865531265735626,2052
Grocery,42,pair_compat_context,Visual,VisualContext,Q1,Visual_harmful,0.2098277062177658,2052
Grocery,42,pair_compat_context,Text,VisualPair,Q5,Visual_beneficial,0.21868854761123657,4789
Grocery,42,pair_compat_context,Text,Compatibility,Q5,Visual_beneficial,0.19619587063789368,4789
Grocery,42,pair_compat_context,Text,TextContext,Q5,Visual_beneficial,0.19676607847213745,4789
Grocery,42,pair_compat_context,Text,VisualContext,Q5,Visual_beneficial,0.20401930809020996,4789
Grocery,42,pair_compat_context,Visual,TextPair,Q5,Visual_beneficial,0.22666333615779877,4789
Grocery,42,pair_compat_context,Visual,Compatibility,Q5,Visual_beneficial,0.2065650373697281,4789
Grocery,42,pair_compat_context,Visual,TextContext,Q5,Visual_beneficial,0.21542955935001373,4789
Grocery,42,pair_compat_context,Visual,VisualContext,Q5,Visual_beneficial,0.1982683390378952,4789
Grocery,42,pair_compat_context,Text,VisualPair,Q5,Visual_harmful,0.19470162689685822,421
Grocery,42,pair_compat_context,Text,Compatibility,Q5,Visual_harmful,0.20467393100261688,421
Grocery,42,pair_compat_context,Text,TextContext,Q5,Visual_harmful,0.19966627657413483,421
Grocery,42,pair_compat_context,Text,VisualContext,Q5,Visual_harmful,0.2091590315103531,421
Grocery,42,pair_compat_context,Visual,TextPair,Q5,Visual_harmful,0.2140098512172699,421
Grocery,42,pair_compat_context,Visual,Compatibility,Q5,Visual_harmful,0.21370746195316315,421
Grocery,42,pair_compat_context,Visual,TextContext,Q5,Visual_harmful,0.21670515835285187,421
Grocery,42,pair_compat_context,Visual,VisualContext,Q5,Visual_harmful,0.21036778390407562,421
Grocery,43,pair,Text,VisualPair,all,all,0.23266619443893433,26053
Grocery,43,pair,Text,Compatibility,all,all,0.1988484412431717,26053
Grocery,43,pair,Text,TextContext,all,all,0.19919584691524506,26053
Grocery,43,pair,Text,VisualContext,all,all,0.20115748047828674,26053
Grocery,43,pair,Visual,TextPair,all,all,0.2448398470878601,26053
Grocery,43,pair,Visual,Compatibility,all,all,0.19461587071418762,26053
Grocery,43,pair,Visual,TextContext,all,all,0.19417165219783783,26053
Grocery,43,pair,Visual,VisualContext,all,all,0.19471335411071777,26053
Grocery,43,pair,Text,VisualPair,Q1,Text_beneficial,0.24430261552333832,3004
Grocery,43,pair,Text,Compatibility,Q1,Text_beneficial,0.1989172250032425,3004
Grocery,43,pair,Text,TextContext,Q1,Text_beneficial,0.1994144767522812,3004
Grocery,43,pair,Text,VisualContext,Q1,Text_beneficial,0.20138369500637054,3004
Grocery,43,pair,Visual,TextPair,Q1,Text_beneficial,0.26199981570243835,3004
Grocery,43,pair,Visual,Compatibility,Q1,Text_beneficial,0.1902005821466446,3004
Grocery,43,pair,Visual,TextContext,Q1,Text_beneficial,0.18976862728595734,3004
Grocery,43,pair,Visual,VisualContext,Q1,Text_beneficial,0.1904212385416031,3004
Grocery,43,pair,Text,VisualPair,Q1,Text_harmful,0.23703636229038239,2206
Grocery,43,pair,Text,Compatibility,Q1,Text_harmful,0.2000695914030075,2206
Grocery,43,pair,Text,TextContext,Q1,Text_harmful,0.2004808783531189,2206
Grocery,43,pair,Text,VisualContext,Q1,Text_harmful,0.2024594247341156,2206
Grocery,43,pair,Visual,TextPair,Q1,Text_harmful,0.2576686143875122,2206
Grocery,43,pair,Visual,Compatibility,Q1,Text_harmful,0.1896870732307434,2206
Grocery,43,pair,Visual,TextContext,Q1,Text_harmful,0.18934625387191772,2206
Grocery,43,pair,Visual,VisualContext,Q1,Text_harmful,0.19010765850543976,2206
Grocery,43,pair,Text,VisualPair,Q5,Text_beneficial,0.21968017518520355,4779
Grocery,43,pair,Text,Compatibility,Q5,Text_beneficial,0.20095817744731903,4779
Grocery,43,pair,Text,TextContext,Q5,Text_beneficial,0.2010963410139084,4779
Grocery,43,pair,Text,VisualContext,Q5,Text_beneficial,0.20320740342140198,4779
Grocery,43,pair,Visual,TextPair,Q5,Text_beneficial,0.23763680458068848,4779
Grocery,43,pair,Visual,Compatibility,Q5,Text_beneficial,0.19651098549365997,4779
Grocery,43,pair,Visual,TextContext,Q5,Text_beneficial,0.1961476057767868,4779
Grocery,43,pair,Visual,VisualContext,Q5,Text_beneficial,0.19645749032497406,4779
Grocery,43,pair,Text,VisualPair,Q5,Text_harmful,0.20848557353019714,431
Grocery,43,pair,Text,Compatibility,Q5,Text_harmful,0.19881722331047058,431
Grocery,43,pair,Text,TextContext,Q5,Text_harmful,0.19899985194206238,431
Grocery,43,pair,Text,VisualContext,Q5,Text_harmful,0.19986195862293243,431
Grocery,43,pair,Visual,TextPair,Q5,Text_harmful,0.2339293211698532,431
Grocery,43,pair,Visual,Compatibility,Q5,Text_harmful,0.1970977783203125,431
Grocery,43,pair,Visual,TextContext,Q5,Text_harmful,0.19642458856105804,431
Grocery,43,pair,Visual,VisualContext,Q5,Text_harmful,0.1976262629032135,431
Grocery,43,pair,Text,VisualPair,Q1,Visual_beneficial,0.23209571838378906,3144
Grocery,43,pair,Text,Compatibility,Q1,Visual_beneficial,0.19884131848812103,3144
Grocery,43,pair,Text,TextContext,Q1,Visual_beneficial,0.19906236231327057,3144
Grocery,43,pair,Text,VisualContext,Q1,Visual_beneficial,0.20078526437282562,3144
Grocery,43,pair,Visual,TextPair,Q1,Visual_beneficial,0.24993838369846344,3144
Grocery,43,pair,Visual,Compatibility,Q1,Visual_beneficial,0.1934697926044464,3144
Grocery,43,pair,Visual,TextContext,Q1,Visual_beneficial,0.19282202422618866,3144
Grocery,43,pair,Visual,VisualContext,Q1,Visual_beneficial,0.19373148679733276,3144
Grocery,43,pair,Text,VisualPair,Q1,Visual_harmful,0.23524554073810577,2067
Grocery,43,pair,Text,Compatibility,Q1,Visual_harmful,0.1996271163225174,2067
Grocery,43,pair,Text,TextContext,Q1,Visual_harmful,0.20002727210521698,2067
Grocery,43,pair,Text,VisualContext,Q1,Visual_harmful,0.20201732218265533,2067
Grocery,43,pair,Visual,TextPair,Q1,Visual_harmful,0.2570502758026123,2067
Grocery,43,pair,Visual,Compatibility,Q1,Visual_harmful,0.19035212695598602,2067
Grocery,43,pair,Visual,TextContext,Q1,Visual_harmful,0.18983933329582214,2067
Grocery,43,pair,Visual,VisualContext,Q1,Visual_harmful,0.19065770506858826,2067
Grocery,43,pair,Text,VisualPair,Q5,Visual_beneficial,0.2227725237607956,4798
Grocery,43,pair,Text,Compatibility,Q5,Visual_beneficial,0.20266743004322052,4798
Grocery,43,pair,Text,TextContext,Q5,Visual_beneficial,0.20306016504764557,4798
Grocery,43,pair,Text,VisualContext,Q5,Visual_beneficial,0.20556022226810455,4798
Grocery,43,pair,Visual,TextPair,Q5,Visual_beneficial,0.2255837470293045,4798
Grocery,43,pair,Visual,Compatibility,Q5,Visual_beneficial,0.19860349595546722,4798
Grocery,43,pair,Visual,TextContext,Q5,Visual_beneficial,0.19814053177833557,4798
Grocery,43,pair,Visual,VisualContext,Q5,Visual_beneficial,0.1981680691242218,4798
Grocery,43,pair,Text,VisualPair,Q5,Visual_harmful,0.22675524652004242,412
Grocery,43,pair,Text,Compatibility,Q5,Visual_harmful,0.1990983486175537,412
Grocery,43,pair,Text,TextContext,Q5,Visual_harmful,0.19928710162639618,412
Grocery,43,pair,Text,VisualContext,Q5,Visual_harmful,0.20024390518665314,412
Grocery,43,pair,Visual,TextPair,Q5,Visual_harmful,0.23346202075481415,412
Grocery,43,pair,Visual,Compatibility,Q5,Visual_harmful,0.19966673851013184,412
Grocery,43,pair,Visual,TextContext,Q5,Visual_harmful,0.19853417575359344,412
Grocery,43,pair,Visual,VisualContext,Q5,Visual_harmful,0.19963710010051727,412
Grocery,43,pair_compat,Text,VisualPair,all,all,0.22485357522964478,26053
Grocery,43,pair_compat,Text,Compatibility,all,all,0.19509832561016083,26053
Grocery,43,pair_compat,Text,TextContext,all,all,0.1988832652568817,26053
Grocery,43,pair_compat,Text,VisualContext,all,all,0.20069125294685364,26053
Grocery,43,pair_compat,Visual,TextPair,all,all,0.21003678441047668,26053
Grocery,43,pair_compat,Visual,Compatibility,all,all,0.19613471627235413,26053
Grocery,43,pair_compat,Visual,TextContext,all,all,0.19845639169216156,26053
Grocery,43,pair_compat,Visual,VisualContext,all,all,0.19860084354877472,26053
Grocery,43,pair_compat,Text,VisualPair,Q1,Text_beneficial,0.23255719244480133,3004
Grocery,43,pair_compat,Text,Compatibility,Q1,Text_beneficial,0.19744561612606049,3004
Grocery,43,pair_compat,Text,TextContext,Q1,Text_beneficial,0.19929608702659607,3004
Grocery,43,pair_compat,Text,VisualContext,Q1,Text_beneficial,0.2010713815689087,3004
Grocery,43,pair_compat,Visual,TextPair,Q1,Text_beneficial,0.21611423790454865,3004
Grocery,43,pair_compat,Visual,Compatibility,Q1,Text_beneficial,0.1957872062921524,3004
Grocery,43,pair_compat,Visual,TextContext,Q1,Text_beneficial,0.1974533647298813,3004
Grocery,43,pair_compat,Visual,VisualContext,Q1,Text_beneficial,0.19770529866218567,3004
Grocery,43,pair_compat,Text,VisualPair,Q1,Text_harmful,0.22884783148765564,2206
Grocery,43,pair_compat,Text,Compatibility,Q1,Text_harmful,0.19792921841144562,2206
Grocery,43,pair_compat,Text,TextContext,Q1,Text_harmful,0.19973444938659668,2206
Grocery,43,pair_compat,Text,VisualContext,Q1,Text_harmful,0.20158971846103668,2206
Grocery,43,pair_compat,Visual,TextPair,Q1,Text_harmful,0.21666043996810913,2206
Grocery,43,pair_compat,Visual,Compatibility,Q1,Text_harmful,0.19503220915794373,2206
Grocery,43,pair_compat,Visual,TextContext,Q1,Text_harmful,0.19637997448444366,2206
Grocery,43,pair_compat,Visual,VisualContext,Q1,Text_harmful,0.196787491440773,2206
Grocery,43,pair_compat,Text,VisualPair,Q5,Text_beneficial,0.21685929596424103,4779
Grocery,43,pair_compat,Text,Compatibility,Q5,Text_beneficial,0.193716898560524,4779
Grocery,43,pair_compat,Text,TextContext,Q5,Text_beneficial,0.19954480230808258,4779
Grocery,43,pair_compat,Text,VisualContext,Q5,Text_beneficial,0.2016388326883316,4779
Grocery,43,pair_compat,Visual,TextPair,Q5,Text_beneficial,0.20736202597618103,4779
Grocery,43,pair_compat,Visual,Compatibility,Q5,Text_beneficial,0.1953304409980774,4779
Grocery,43,pair_compat,Visual,TextContext,Q5,Text_beneficial,0.19882142543792725,4779
Grocery,43,pair_compat,Visual,VisualContext,Q5,Text_beneficial,0.19882941246032715,4779
Grocery,43,pair_compat,Text,VisualPair,Q5,Text_harmful,0.20390529930591583,431
Grocery,43,pair_compat,Text,Compatibility,Q5,Text_harmful,0.19659492373466492,431
Grocery,43,pair_compat,Text,TextContext,Q5,Text_harmful,0.19882261753082275,431
Grocery,43,pair_compat,Text,VisualContext,Q5,Text_harmful,0.19959816336631775,431
Grocery,43,pair_compat,Visual,TextPair,Q5,Text_harmful,0.21415534615516663,431
Grocery,43,pair_compat,Visual,Compatibility,Q5,Text_harmful,0.19142237305641174,431
Grocery,43,pair_compat,Visual,TextContext,Q5,Text_harmful,0.19545398652553558,431
Grocery,43,pair_compat,Visual,VisualContext,Q5,Text_harmful,0.19588209688663483,431
Grocery,43,pair_compat,Text,VisualPair,Q1,Visual_beneficial,0.22301927208900452,3144
Grocery,43,pair_compat,Text,Compatibility,Q1,Visual_beneficial,0.19613833725452423,3144
Grocery,43,pair_compat,Text,TextContext,Q1,Visual_beneficial,0.1986333578824997,3144
Grocery,43,pair_compat,Text,VisualContext,Q1,Visual_beneficial,0.2001994252204895,3144
Grocery,43,pair_compat,Visual,TextPair,Q1,Visual_beneficial,0.21220652759075165,3144
Grocery,43,pair_compat,Visual,Compatibility,Q1,Visual_beneficial,0.19585172832012177,3144
Grocery,43,pair_compat,Visual,TextContext,Q1,Visual_beneficial,0.19814541935920715,3144
Grocery,43,pair_compat,Visual,VisualContext,Q1,Visual_beneficial,0.19862248003482819,3144
Grocery,43,pair_compat,Text,VisualPair,Q1,Visual_harmful,0.2267771065235138,2067
Grocery,43,pair_compat,Text,Compatibility,Q1,Visual_harmful,0.1966652274131775,2067
Grocery,43,pair_compat,Text,TextContext,Q1,Visual_harmful,0.19932019710540771,2067
Grocery,43,pair_compat,Text,VisualContext,Q1,Visual_harmful,0.20112551748752594,2067
Grocery,43,pair_compat,Visual,TextPair,Q1,Visual_harmful,0.21481817960739136,2067
Grocery,43,pair_compat,Visual,Compatibility,Q1,Visual_harmful,0.19485615193843842,2067
Grocery,43,pair_compat,Visual,TextContext,Q1,Visual_harmful,0.19702492654323578,2067
Grocery,43,pair_compat,Visual,VisualContext,Q1,Visual_harmful,0.19743211567401886,2067
Grocery,43,pair_compat,Text,VisualPair,Q5,Visual_beneficial,0.2188175767660141,4798
Grocery,43,pair_compat,Text,Compatibility,Q5,Visual_beneficial,0.19579598307609558,4798
Grocery,43,pair_compat,Text,TextContext,Q5,Visual_beneficial,0.2019883096218109,4798
Grocery,43,pair_compat,Text,VisualContext,Q5,Visual_beneficial,0.20432613790035248,4798
Grocery,43,pair_compat,Visual,TextPair,Q5,Visual_beneficial,0.1985398679971695,4798
Grocery,43,pair_compat,Visual,Compatibility,Q5,Visual_beneficial,0.19792480766773224,4798
Grocery,43,pair_compat,Visual,TextContext,Q5,Visual_beneficial,0.19991283118724823,4798
Grocery,43,pair_compat,Visual,VisualContext,Q5,Visual_beneficial,0.19966669380664825,4798
Grocery,43,pair_compat,Text,VisualPair,Q5,Visual_harmful,0.215089350938797,412
Grocery,43,pair_compat,Text,Compatibility,Q5,Visual_harmful,0.19619639217853546,412
Grocery,43,pair_compat,Text,TextContext,Q5,Visual_harmful,0.19840048253536224,412
Grocery,43,pair_compat,Text,VisualContext,Q5,Visual_harmful,0.19940537214279175,412
Grocery,43,pair_compat,Visual,TextPair,Q5,Visual_harmful,0.20659540593624115,412
Grocery,43,pair_compat,Visual,Compatibility,Q5,Visual_harmful,0.19240760803222656,412
Grocery,43,pair_compat,Visual,TextContext,Q5,Visual_harmful,0.196094810962677,412
Grocery,43,pair_compat,Visual,VisualContext,Q5,Visual_harmful,0.19625496864318848,412
Grocery,43,pair_compat_context,Text,VisualPair,all,all,0.22425305843353271,26053
Grocery,43,pair_compat_context,Text,Compatibility,all,all,0.196677565574646,26053
Grocery,43,pair_compat_context,Text,TextContext,all,all,0.20921650528907776,26053
Grocery,43,pair_compat_context,Text,VisualContext,all,all,0.2002212256193161,26053
Grocery,43,pair_compat_context,Visual,TextPair,all,all,0.20842882990837097,26053
Grocery,43,pair_compat_context,Visual,Compatibility,all,all,0.1926049292087555,26053
Grocery,43,pair_compat_context,Visual,TextContext,all,all,0.21408480405807495,26053
Grocery,43,pair_compat_context,Visual,VisualContext,all,all,0.21012695133686066,26053
Grocery,43,pair_compat_context,Text,VisualPair,Q1,Text_beneficial,0.23540128767490387,3004
Grocery,43,pair_compat_context,Text,Compatibility,Q1,Text_beneficial,0.20141714811325073,3004
Grocery,43,pair_compat_context,Text,TextContext,Q1,Text_beneficial,0.20531229674816132,3004
Grocery,43,pair_compat_context,Text,VisualContext,Q1,Text_beneficial,0.19848693907260895,3004
Grocery,43,pair_compat_context,Visual,TextPair,Q1,Text_beneficial,0.21470308303833008,3004
Grocery,43,pair_compat_context,Visual,Compatibility,Q1,Text_beneficial,0.19260045886039734,3004
Grocery,43,pair_compat_context,Visual,TextContext,Q1,Text_beneficial,0.21264778077602386,3004
Grocery,43,pair_compat_context,Visual,VisualContext,Q1,Text_beneficial,0.20749080181121826,3004
Grocery,43,pair_compat_context,Text,VisualPair,Q1,Text_harmful,0.23146894574165344,2206
Grocery,43,pair_compat_context,Text,Compatibility,Q1,Text_harmful,0.20222258567810059,2206
Grocery,43,pair_compat_context,Text,TextContext,Q1,Text_harmful,0.2062952220439911,2206
Grocery,43,pair_compat_context,Text,VisualContext,Q1,Text_harmful,0.19979746639728546,2206
Grocery,43,pair_compat_context,Visual,TextPair,Q1,Text_harmful,0.21337337791919708,2206
Grocery,43,pair_compat_context,Visual,Compatibility,Q1,Text_harmful,0.1929500699043274,2206
Grocery,43,pair_compat_context,Visual,TextContext,Q1,Text_harmful,0.21162471175193787,2206
Grocery,43,pair_compat_context,Visual,VisualContext,Q1,Text_harmful,0.20603811740875244,2206
Grocery,43,pair_compat_context,Text,VisualPair,Q5,Text_beneficial,0.21118365228176117,4779
Grocery,43,pair_compat_context,Text,Compatibility,Q5,Text_beneficial,0.19156301021575928,4779
Grocery,43,pair_compat_context,Text,TextContext,Q5,Text_beneficial,0.21919000148773193,4779
Grocery,43,pair_compat_context,Text,VisualContext,Q5,Text_beneficial,0.20329582691192627,4779
Grocery,43,pair_compat_context,Visual,TextPair,Q5,Text_beneficial,0.20641493797302246,4779
Grocery,43,pair_compat_context,Visual,Compatibility,Q5,Text_beneficial,0.191070556640625,4779
Grocery,43,pair_compat_context,Visual,TextContext,Q5,Text_beneficial,0.21323806047439575,4779
Grocery,43,pair_compat_context,Visual,VisualContext,Q5,Text_beneficial,0.2128753513097763,4779
Grocery,43,pair_compat_context,Text,VisualPair,Q5,Text_harmful,0.20124535262584686,431
Grocery,43,pair_compat_context,Text,Compatibility,Q5,Text_harmful,0.19543181359767914,431
Grocery,43,pair_compat_context,Text,TextContext,Q5,Text_harmful,0.21274641156196594,431
Grocery,43,pair_compat_context,Text,VisualContext,Q5,Text_harmful,0.19783812761306763,431
Grocery,43,pair_compat_context,Visual,TextPair,Q5,Text_harmful,0.2022133320569992,431
Grocery,43,pair_compat_context,Visual,Compatibility,Q5,Text_harmful,0.1904117912054062,431
Grocery,43,pair_compat_context,Visual,TextContext,Q5,Text_harmful,0.22066308557987213,431
Grocery,43,pair_compat_context,Visual,VisualContext,Q5,Text_harmful,0.20749002695083618,431
Grocery,43,pair_compat_context,Text,VisualPair,Q1,Visual_beneficial,0.225566104054451,3144
Grocery,43,pair_compat_context,Text,Compatibility,Q1,Visual_beneficial,0.19961874186992645,3144
Grocery,43,pair_compat_context,Text,TextContext,Q1,Visual_beneficial,0.20454426109790802,3144
Grocery,43,pair_compat_context,Text,VisualContext,Q1,Visual_beneficial,0.20053702592849731,3144
Grocery,43,pair_compat_context,Visual,TextPair,Q1,Visual_beneficial,0.21065329015254974,3144
Grocery,43,pair_compat_context,Visual,Compatibility,Q1,Visual_beneficial,0.1930072009563446,3144
Grocery,43,pair_compat_context,Visual,TextContext,Q1,Visual_beneficial,0.21534320712089539,3144
Grocery,43,pair_compat_context,Visual,VisualContext,Q1,Visual_beneficial,0.2087084800004959,3144
Grocery,43,pair_compat_context,Text,VisualPair,Q1,Visual_harmful,0.2298876792192459,2067
Grocery,43,pair_compat_context,Text,Compatibility,Q1,Visual_harmful,0.2006247192621231,2067
Grocery,43,pair_compat_context,Text,TextContext,Q1,Visual_harmful,0.2065456509590149,2067
Grocery,43,pair_compat_context,Text,VisualContext,Q1,Visual_harmful,0.19955679774284363,2067
Grocery,43,pair_compat_context,Visual,TextPair,Q1,Visual_harmful,0.21138571202754974,2067
Grocery,43,pair_compat_context,Visual,Compatibility,Q1,Visual_harmful,0.19260331988334656,2067
Grocery,43,pair_compat_context,Visual,TextContext,Q1,Visual_harmful,0.21294468641281128,2067
Grocery,43,pair_compat_context,Visual,VisualContext,Q1,Visual_harmful,0.206878662109375,2067
Grocery,43,pair_compat_context,Text,VisualPair,Q5,Visual_beneficial,0.2137746810913086,4798
Grocery,43,pair_compat_context,Text,Compatibility,Q5,Visual_beneficial,0.1945096254348755,4798
Grocery,43,pair_compat_context,Text,TextContext,Q5,Visual_beneficial,0.22015444934368134,4798
Grocery,43,pair_compat_context,Text,VisualContext,Q5,Visual_beneficial,0.20369406044483185,4798
Grocery,43,pair_compat_context,Visual,TextPair,Q5,Visual_beneficial,0.1998310387134552,4798
Grocery,43,pair_compat_context,Visual,Compatibility,Q5,Visual_beneficial,0.19270479679107666,4798
Grocery,43,pair_compat_context,Visual,TextContext,Q5,Visual_beneficial,0.2148960530757904,4798
Grocery,43,pair_compat_context,Visual,VisualContext,Q5,Visual_beneficial,0.2130519449710846,4798
Grocery,43,pair_compat_context,Text,VisualPair,Q5,Visual_harmful,0.21239915490150452,412
Grocery,43,pair_compat_context,Text,Compatibility,Q5,Visual_harmful,0.19522200524806976,412
Grocery,43,pair_compat_context,Text,TextContext,Q5,Visual_harmful,0.21112915873527527,412
Grocery,43,pair_compat_context,Text,VisualContext,Q5,Visual_harmful,0.1986454725265503,412
Grocery,43,pair_compat_context,Visual,TextPair,Q5,Visual_harmful,0.19499421119689941,412
Grocery,43,pair_compat_context,Visual,Compatibility,Q5,Visual_harmful,0.19044563174247742,412
Grocery,43,pair_compat_context,Visual,TextContext,Q5,Visual_harmful,0.2256787270307541,412
Grocery,43,pair_compat_context,Visual,VisualContext,Q5,Visual_harmful,0.2098141312599182,412
Grocery,44,pair,Text,VisualPair,all,all,0.23777523636817932,26053
Grocery,44,pair,Text,Compatibility,all,all,0.19761790335178375,26053
Grocery,44,pair,Text,TextContext,all,all,0.19798824191093445,26053
Grocery,44,pair,Text,VisualContext,all,all,0.2008201777935028,26053
Grocery,44,pair,Visual,TextPair,all,all,0.20450319349765778,26053
Grocery,44,pair,Visual,Compatibility,all,all,0.20205383002758026,26053
Grocery,44,pair,Visual,TextContext,all,all,0.20344014465808868,26053
Grocery,44,pair,Visual,VisualContext,all,all,0.2012491077184677,26053
Grocery,44,pair,Text,VisualPair,Q1,Text_beneficial,0.24521254003047943,3189
Grocery,44,pair,Text,Compatibility,Q1,Text_beneficial,0.19883182644844055,3189
Grocery,44,pair,Text,TextContext,Q1,Text_beneficial,0.19881513714790344,3189
Grocery,44,pair,Text,VisualContext,Q1,Text_beneficial,0.20203900337219238,3189
Grocery,44,pair,Visual,TextPair,Q1,Text_beneficial,0.20259296894073486,3189
Grocery,44,pair,Visual,Compatibility,Q1,Text_beneficial,0.2003508359193802,3189
Grocery,44,pair,Visual,TextContext,Q1,Text_beneficial,0.2024454027414322,3189
Grocery,44,pair,Visual,VisualContext,Q1,Text_beneficial,0.1995629370212555,3189
Grocery,44,pair,Text,VisualPair,Q1,Text_harmful,0.2514730393886566,2022
Grocery,44,pair,Text,Compatibility,Q1,Text_harmful,0.19629469513893127,2022
Grocery,44,pair,Text,TextContext,Q1,Text_harmful,0.1962963491678238,2022
Grocery,44,pair,Text,VisualContext,Q1,Text_harmful,0.19939497113227844,2022
Grocery,44,pair,Visual,TextPair,Q1,Text_harmful,0.20092341303825378,2022
Grocery,44,pair,Visual,Compatibility,Q1,Text_harmful,0.20101696252822876,2022
Grocery,44,pair,Visual,TextContext,Q1,Text_harmful,0.2031005173921585,2022
Grocery,44,pair,Visual,VisualContext,Q1,Text_harmful,0.20006543397903442,2022
Grocery,44,pair,Text,VisualPair,Q5,Text_beneficial,0.23637981712818146,4813
Grocery,44,pair,Text,Compatibility,Q5,Text_beneficial,0.19568105041980743,4813
Grocery,44,pair,Text,TextContext,Q5,Text_beneficial,0.19639769196510315,4813
Grocery,44,pair,Text,VisualContext,Q5,Text_beneficial,0.19887803494930267,4813
Grocery,44,pair,Visual,TextPair,Q5,Text_beneficial,0.20890916883945465,4813
Grocery,44,pair,Visual,Compatibility,Q5,Text_beneficial,0.20257599651813507,4813
Grocery,44,pair,Visual,TextContext,Q5,Text_beneficial,0.20279432833194733,4813
Grocery,44,pair,Visual,VisualContext,Q5,Text_beneficial,0.20161999762058258,4813
Grocery,44,pair,Text,VisualPair,Q5,Text_harmful,0.2182607352733612,397
Grocery,44,pair,Text,Compatibility,Q5,Text_harmful,0.197391539812088,397
Grocery,44,pair,Text,TextContext,Q5,Text_harmful,0.19841620326042175,397
Grocery,44,pair,Text,VisualContext,Q5,Text_harmful,0.200552299618721,397
Grocery,44,pair,Visual,TextPair,Q5,Text_harmful,0.2032763957977295,397
Grocery,44,pair,Visual,Compatibility,Q5,Text_harmful,0.20138908922672272,397
Grocery,44,pair,Visual,TextContext,Q5,Text_harmful,0.2034129500389099,397
Grocery,44,pair,Visual,VisualContext,Q5,Text_harmful,0.20057982206344604,397
Grocery,44,pair,Text,VisualPair,Q1,Visual_beneficial,0.24862030148506165,3255
Grocery,44,pair,Text,Compatibility,Q1,Visual_beneficial,0.19619908928871155,3255
Grocery,44,pair,Text,TextContext,Q1,Visual_beneficial,0.19633780419826508,3255
Grocery,44,pair,Text,VisualContext,Q1,Visual_beneficial,0.19928611814975739,3255
Grocery,44,pair,Visual,TextPair,Q1,Visual_beneficial,0.2023339420557022,3255
Grocery,44,pair,Visual,Compatibility,Q1,Visual_beneficial,0.20163564383983612,3255
Grocery,44,pair,Visual,TextContext,Q1,Visual_beneficial,0.20373842120170593,3255
Grocery,44,pair,Visual,VisualContext,Q1,Visual_beneficial,0.20037710666656494,3255
Grocery,44,pair,Text,VisualPair,Q1,Visual_harmful,0.25277891755104065,1955
Grocery,44,pair,Text,Compatibility,Q1,Visual_harmful,0.19495782256126404,1955
Grocery,44,pair,Text,TextContext,Q1,Visual_harmful,0.1952260136604309,1955
Grocery,44,pair,Text,VisualContext,Q1,Visual_harmful,0.1980469822883606,1955
Grocery,44,pair,Visual,TextPair,Q1,Visual_harmful,0.20221693813800812,1955
Grocery,44,pair,Visual,Compatibility,Q1,Visual_harmful,0.2011905461549759,1955
Grocery,44,pair,Visual,TextContext,Q1,Visual_harmful,0.20324261486530304,1955
Grocery,44,pair,Visual,VisualContext,Q1,Visual_harmful,0.20001691579818726,1955
Grocery,44,pair,Text,VisualPair,Q5,Visual_beneficial,0.22660577297210693,4745
Grocery,44,pair,Text,Compatibility,Q5,Visual_beneficial,0.19944876432418823,4745
Grocery,44,pair,Text,TextContext,Q5,Visual_beneficial,0.1999388486146927,4745
Grocery,44,pair,Text,VisualContext,Q5,Visual_beneficial,0.2028028517961502,4745
Grocery,44,pair,Visual,TextPair,Q5,Visual_beneficial,0.20970720052719116,4745
Grocery,44,pair,Visual,Compatibility,Q5,Visual_beneficial,0.20273956656455994,4745
Grocery,44,pair,Visual,TextContext,Q5,Visual_beneficial,0.202752947807312,4745
Grocery,44,pair,Visual,VisualContext,Q5,Visual_beneficial,0.2023252248764038,4745
Grocery,44,pair,Text,VisualPair,Q5,Visual_harmful,0.21314872801303864,465
Grocery,44,pair,Text,Compatibility,Q5,Visual_harmful,0.19752800464630127,465
Grocery,44,pair,Text,TextContext,Q5,Visual_harmful,0.1984325796365738,465
Grocery,44,pair,Text,VisualContext,Q5,Visual_harmful,0.20077651739120483,465
Grocery,44,pair,Visual,TextPair,Q5,Visual_harmful,0.20155571401119232,465
Grocery,44,pair,Visual,Compatibility,Q5,Visual_harmful,0.20294465124607086,465
Grocery,44,pair,Visual,TextContext,Q5,Visual_harmful,0.2046337127685547,465
Grocery,44,pair,Visual,VisualContext,Q5,Visual_harmful,0.20181438326835632,465
Grocery,44,pair_compat,Text,VisualPair,all,all,0.23115752637386322,26053
Grocery,44,pair_compat,Text,Compatibility,all,all,0.19588032364845276,26053
Grocery,44,pair_compat,Text,TextContext,all,all,0.20043446123600006,26053
Grocery,44,pair_compat,Text,VisualContext,all,all,0.20258110761642456,26053
Grocery,44,pair_compat,Visual,TextPair,all,all,0.21034952998161316,26053
Grocery,44,pair_compat,Visual,Compatibility,all,all,0.20312073826789856,26053
Grocery,44,pair_compat,Visual,TextContext,all,all,0.20211908221244812,26053
Grocery,44,pair_compat,Visual,VisualContext,all,all,0.20003467798233032,26053
Grocery,44,pair_compat,Text,VisualPair,Q1,Text_beneficial,0.23865017294883728,3189
Grocery,44,pair_compat,Text,Compatibility,Q1,Text_beneficial,0.19611966609954834,3189
Grocery,44,pair_compat,Text,TextContext,Q1,Text_beneficial,0.20138242840766907,3189
Grocery,44,pair_compat,Text,VisualContext,Q1,Text_beneficial,0.20394200086593628,3189
Grocery,44,pair_compat,Visual,TextPair,Q1,Text_beneficial,0.21102088689804077,3189
Grocery,44,pair_compat,Visual,Compatibility,Q1,Text_beneficial,0.1984267681837082,3189
Grocery,44,pair_compat,Visual,TextContext,Q1,Text_beneficial,0.20154745876789093,3189
Grocery,44,pair_compat,Visual,VisualContext,Q1,Text_beneficial,0.19876746833324432,3189
Grocery,44,pair_compat,Text,VisualPair,Q1,Text_harmful,0.2460709810256958,2022
Grocery,44,pair_compat,Text,Compatibility,Q1,Text_harmful,0.1931760311126709,2022
Grocery,44,pair_compat,Text,TextContext,Q1,Text_harmful,0.19846682250499725,2022
Grocery,44,pair_compat,Text,VisualContext,Q1,Text_harmful,0.20096328854560852,2022
Grocery,44,pair_compat,Visual,TextPair,Q1,Text_harmful,0.20898929238319397,2022
Grocery,44,pair_compat,Visual,Compatibility,Q1,Text_harmful,0.19958586990833282,2022
Grocery,44,pair_compat,Visual,TextContext,Q1,Text_harmful,0.20240850746631622,2022
Grocery,44,pair_compat,Visual,VisualContext,Q1,Text_harmful,0.1995484083890915,2022
Grocery,44,pair_compat,Text,VisualPair,Q5,Text_beneficial,0.22992223501205444,4813
Grocery,44,pair_compat,Text,Compatibility,Q5,Text_beneficial,0.19567544758319855,4813
Grocery,44,pair_compat,Text,TextContext,Q5,Text_beneficial,0.1983865201473236,4813
Grocery,44,pair_compat,Text,VisualContext,Q5,Text_beneficial,0.2002073973417282,4813
Grocery,44,pair_compat,Visual,TextPair,Q5,Text_beneficial,0.21137447655200958,4813
Grocery,44,pair_compat,Visual,Compatibility,Q5,Text_beneficial,0.20782838761806488,4813
Grocery,44,pair_compat,Visual,TextContext,Q5,Text_beneficial,0.20068052411079407,4813
Grocery,44,pair_compat,Visual,VisualContext,Q5,Text_beneficial,0.19960276782512665,4813
Grocery,44,pair_compat,Text,VisualPair,Q5,Text_harmful,0.21226735413074493,397
Grocery,44,pair_compat,Text,Compatibility,Q5,Text_harmful,0.19666188955307007,397
Grocery,44,pair_compat,Text,TextContext,Q5,Text_harmful,0.20089071989059448,397
Grocery,44,pair_compat,Text,VisualContext,Q5,Text_harmful,0.20247194170951843,397
Grocery,44,pair_compat,Visual,TextPair,Q5,Text_harmful,0.20725874602794647,397
Grocery,44,pair_compat,Visual,Compatibility,Q5,Text_harmful,0.2023983597755432,397
Grocery,44,pair_compat,Visual,TextContext,Q5,Text_harmful,0.20196498930454254,397
Grocery,44,pair_compat,Visual,VisualContext,Q5,Text_harmful,0.19931839406490326,397
Grocery,44,pair_compat,Text,VisualPair,Q1,Visual_beneficial,0.24125587940216064,3255
Grocery,44,pair_compat,Text,Compatibility,Q1,Visual_beneficial,0.1927914321422577,3255
Grocery,44,pair_compat,Text,TextContext,Q1,Visual_beneficial,0.19922077655792236,3255
Grocery,44,pair_compat,Text,VisualContext,Q1,Visual_beneficial,0.20153561234474182,3255
Grocery,44,pair_compat,Visual,TextPair,Q1,Visual_beneficial,0.209600031375885,3255
Grocery,44,pair_compat,Visual,Compatibility,Q1,Visual_beneficial,0.20034806430339813,3255
Grocery,44,pair_compat,Visual,TextContext,Q1,Visual_beneficial,0.20261980593204498,3255
Grocery,44,pair_compat,Visual,VisualContext,Q1,Visual_beneficial,0.1994478702545166,3255
Grocery,44,pair_compat,Text,VisualPair,Q1,Visual_harmful,0.24539698660373688,1955
Grocery,44,pair_compat,Text,Compatibility,Q1,Visual_harmful,0.191182479262352,1955
Grocery,44,pair_compat,Text,TextContext,Q1,Visual_harmful,0.19833599030971527,1955
Grocery,44,pair_compat,Text,VisualContext,Q1,Visual_harmful,0.2005089819431305,1955
Grocery,44,pair_compat,Visual,TextPair,Q1,Visual_harmful,0.21003633737564087,1955
Grocery,44,pair_compat,Visual,Compatibility,Q1,Visual_harmful,0.1997804045677185,1955
Grocery,44,pair_compat,Visual,TextContext,Q1,Visual_harmful,0.20226001739501953,1955
Grocery,44,pair_compat,Visual,VisualContext,Q1,Visual_harmful,0.19925612211227417,1955
Grocery,44,pair_compat,Text,VisualPair,Q5,Visual_beneficial,0.22109760344028473,4745
Grocery,44,pair_compat,Text,Compatibility,Q5,Visual_beneficial,0.20028814673423767,4745
Grocery,44,pair_compat,Text,TextContext,Q5,Visual_beneficial,0.2015322595834732,4745
Grocery,44,pair_compat,Text,VisualContext,Q5,Visual_beneficial,0.20371633768081665,4745
Grocery,44,pair_compat,Visual,TextPair,Q5,Visual_beneficial,0.2125726044178009,4745
Grocery,44,pair_compat,Visual,Compatibility,Q5,Visual_beneficial,0.20866993069648743,4745
Grocery,44,pair_compat,Visual,TextContext,Q5,Visual_beneficial,0.20029419660568237,4745
Grocery,44,pair_compat,Visual,VisualContext,Q5,Visual_beneficial,0.19990450143814087,4745
Grocery,44,pair_compat,Text,VisualPair,Q5,Visual_harmful,0.20691891014575958,465
Grocery,44,pair_compat,Text,Compatibility,Q5,Visual_harmful,0.19850319623947144,465
Grocery,44,pair_compat,Text,TextContext,Q5,Visual_harmful,0.20100809633731842,465
Grocery,44,pair_compat,Text,VisualContext,Q5,Visual_harmful,0.20271961390972137,465
Grocery,44,pair_compat,Visual,TextPair,Q5,Visual_harmful,0.20572352409362793,465
Grocery,44,pair_compat,Visual,Compatibility,Q5,Visual_harmful,0.20690873265266418,465
Grocery,44,pair_compat,Visual,TextContext,Q5,Visual_harmful,0.2013893872499466,465
Grocery,44,pair_compat,Visual,VisualContext,Q5,Visual_harmful,0.1988837718963623,465
Grocery,44,pair_compat_context,Text,VisualPair,all,all,0.22282256186008453,26053
Grocery,44,pair_compat_context,Text,Compatibility,all,all,0.19938315451145172,26053
Grocery,44,pair_compat_context,Text,TextContext,all,all,0.2088441699743271,26053
Grocery,44,pair_compat_context,Text,VisualContext,all,all,0.19365817308425903,26053
Grocery,44,pair_compat_context,Visual,TextPair,all,all,0.20112472772598267,26053
Grocery,44,pair_compat_context,Visual,Compatibility,all,all,0.2014288604259491,26053
Grocery,44,pair_compat_context,Visual,TextContext,all,all,0.21462881565093994,26053
Grocery,44,pair_compat_context,Visual,VisualContext,all,all,0.20720642805099487,26053
Grocery,44,pair_compat_context,Text,VisualPair,Q1,Text_beneficial,0.2284194380044937,3189
Grocery,44,pair_compat_context,Text,Compatibility,Q1,Text_beneficial,0.19948293268680573,3189
Grocery,44,pair_compat_context,Text,TextContext,Q1,Text_beneficial,0.21028737723827362,3189
Grocery,44,pair_compat_context,Text,VisualContext,Q1,Text_beneficial,0.19478759169578552,3189
Grocery,44,pair_compat_context,Visual,TextPair,Q1,Text_beneficial,0.20214694738388062,3189
Grocery,44,pair_compat_context,Visual,Compatibility,Q1,Text_beneficial,0.1971311867237091,3189
Grocery,44,pair_compat_context,Visual,TextContext,Q1,Text_beneficial,0.2109820544719696,3189
Grocery,44,pair_compat_context,Visual,VisualContext,Q1,Text_beneficial,0.20699740946292877,3189
Grocery,44,pair_compat_context,Text,VisualPair,Q1,Text_harmful,0.23305070400238037,2022
Grocery,44,pair_compat_context,Text,Compatibility,Q1,Text_harmful,0.19700868427753448,2022
Grocery,44,pair_compat_context,Text,TextContext,Q1,Text_harmful,0.20574624836444855,2022
Grocery,44,pair_compat_context,Text,VisualContext,Q1,Text_harmful,0.19545653462409973,2022
Grocery,44,pair_compat_context,Visual,TextPair,Q1,Text_harmful,0.20318415760993958,2022
Grocery,44,pair_compat_context,Visual,Compatibility,Q1,Text_harmful,0.1975909024477005,2022
Grocery,44,pair_compat_context,Visual,TextContext,Q1,Text_harmful,0.2096318006515503,2022
Grocery,44,pair_compat_context,Visual,VisualContext,Q1,Text_harmful,0.20699135959148407,2022
Grocery,44,pair_compat_context,Text,VisualPair,Q5,Text_beneficial,0.22284497320652008,4813
Grocery,44,pair_compat_context,Text,Compatibility,Q5,Text_beneficial,0.19856931269168854,4813
Grocery,44,pair_compat_context,Text,TextContext,Q5,Text_beneficial,0.20643030107021332,4813
Grocery,44,pair_compat_context,Text,VisualContext,Q5,Text_beneficial,0.1924843043088913,4813
Grocery,44,pair_compat_context,Visual,TextPair,Q5,Text_beneficial,0.20369726419448853,4813
Grocery,44,pair_compat_context,Visual,Compatibility,Q5,Text_beneficial,0.20436958968639374,4813
Grocery,44,pair_compat_context,Visual,TextContext,Q5,Text_beneficial,0.2149597853422165,4813
Grocery,44,pair_compat_context,Visual,VisualContext,Q5,Text_beneficial,0.20729994773864746,4813
Grocery,44,pair_compat_context,Text,VisualPair,Q5,Text_harmful,0.20574019849300385,397
Grocery,44,pair_compat_context,Text,Compatibility,Q5,Text_harmful,0.20056729018688202,397
Grocery,44,pair_compat_context,Text,TextContext,Q5,Text_harmful,0.205704465508461,397
Grocery,44,pair_compat_context,Text,VisualContext,Q5,Text_harmful,0.19604414701461792,397
Grocery,44,pair_compat_context,Visual,TextPair,Q5,Text_harmful,0.20465844869613647,397
Grocery,44,pair_compat_context,Visual,Compatibility,Q5,Text_harmful,0.19907842576503754,397
Grocery,44,pair_compat_context,Visual,TextContext,Q5,Text_harmful,0.2142612636089325,397
Grocery,44,pair_compat_context,Visual,VisualContext,Q5,Text_harmful,0.2034084051847458,397
Grocery,44,pair_compat_context,Text,VisualPair,Q1,Visual_beneficial,0.22748468816280365,3255
Grocery,44,pair_compat_context,Text,Compatibility,Q1,Visual_beneficial,0.1973276138305664,3255
Grocery,44,pair_compat_context,Text,TextContext,Q1,Visual_beneficial,0.20756661891937256,3255
Grocery,44,pair_compat_context,Text,VisualContext,Q1,Visual_beneficial,0.1964319497346878,3255
Grocery,44,pair_compat_context,Visual,TextPair,Q1,Visual_beneficial,0.20237873494625092,3255
Grocery,44,pair_compat_context,Visual,Compatibility,Q1,Visual_beneficial,0.19852738082408905,3255
Grocery,44,pair_compat_context,Visual,TextContext,Q1,Visual_beneficial,0.21186788380146027,3255
Grocery,44,pair_compat_context,Visual,VisualContext,Q1,Visual_beneficial,0.2064199000597,3255
Grocery,44,pair_compat_context,Text,VisualPair,Q1,Visual_harmful,0.2314213067293167,1955
Grocery,44,pair_compat_context,Text,Compatibility,Q1,Visual_harmful,0.19593742489814758,1955
Grocery,44,pair_compat_context,Text,TextContext,Q1,Visual_harmful,0.20598110556602478,1955
Grocery,44,pair_compat_context,Text,VisualContext,Q1,Visual_harmful,0.1951984167098999,1955
Grocery,44,pair_compat_context,Visual,TextPair,Q1,Visual_harmful,0.2025728076696396,1955
Grocery,44,pair_compat_context,Visual,Compatibility,Q1,Visual_harmful,0.19746248424053192,1955
Grocery,44,pair_compat_context,Visual,TextContext,Q1,Visual_harmful,0.20918895304203033,1955
Grocery,44,pair_compat_context,Visual,VisualContext,Q1,Visual_harmful,0.2087479680776596,1955
Grocery,44,pair_compat_context,Text,VisualPair,Q5,Visual_beneficial,0.22151516377925873,4745
Grocery,44,pair_compat_context,Text,Compatibility,Q5,Visual_beneficial,0.20168085396289825,4745
Grocery,44,pair_compat_context,Text,TextContext,Q5,Visual_beneficial,0.2104242891073227,4745
Grocery,44,pair_compat_context,Text,VisualContext,Q5,Visual_beneficial,0.18972422182559967,4745
Grocery,44,pair_compat_context,Visual,TextPair,Q5,Visual_beneficial,0.2022707164287567,4745
Grocery,44,pair_compat_context,Visual,Compatibility,Q5,Visual_beneficial,0.20649395883083344,4745
Grocery,44,pair_compat_context,Visual,TextContext,Q5,Visual_beneficial,0.2175927311182022,4745
Grocery,44,pair_compat_context,Visual,VisualContext,Q5,Visual_beneficial,0.20593203604221344,4745
Grocery,44,pair_compat_context,Text,VisualPair,Q5,Visual_harmful,0.20531387627124786,465
Grocery,44,pair_compat_context,Text,Compatibility,Q5,Visual_harmful,0.20124569535255432,465
Grocery,44,pair_compat_context,Text,TextContext,Q5,Visual_harmful,0.20515212416648865,465
Grocery,44,pair_compat_context,Text,VisualContext,Q5,Visual_harmful,0.19383396208286285,465
Grocery,44,pair_compat_context,Visual,TextPair,Q5,Visual_harmful,0.19917677342891693,465
Grocery,44,pair_compat_context,Visual,Compatibility,Q5,Visual_harmful,0.20584037899971008,465
Grocery,44,pair_compat_context,Visual,TextContext,Q5,Visual_harmful,0.21896818280220032,465
Grocery,44,pair_compat_context,Visual,VisualContext,Q5,Visual_harmful,0.20532414317131042,465
Reddit-S,42,pair,Text,VisualPair,all,all,0.25464746356010437,39613
Reddit-S,42,pair,Text,Compatibility,all,all,0.20674321055412292,39613
Reddit-S,42,pair,Text,TextContext,all,all,0.203896626830101,39613
Reddit-S,42,pair,Text,VisualContext,all,all,0.2033253163099289,39613
Reddit-S,42,pair,Visual,TextPair,all,all,0.1796419471502304,39613
Reddit-S,42,pair,Visual,Compatibility,all,all,0.2032134085893631,39613
Reddit-S,42,pair,Visual,TextContext,all,all,0.20310623943805695,39613
Reddit-S,42,pair,Visual,VisualContext,all,all,0.20320677757263184,39613
Reddit-S,42,pair,Text,VisualPair,Q1,Text_beneficial,0.283672571182251,6303
Reddit-S,42,pair,Text,Compatibility,Q1,Text_beneficial,0.20049002766609192,6303
Reddit-S,42,pair,Text,TextContext,Q1,Text_beneficial,0.19728606939315796,6303
Reddit-S,42,pair,Text,VisualContext,Q1,Text_beneficial,0.19620376825332642,6303
Reddit-S,42,pair,Visual,TextPair,Q1,Text_beneficial,0.18127861618995667,6303
Reddit-S,42,pair,Visual,Compatibility,Q1,Text_beneficial,0.19595269858837128,6303
Reddit-S,42,pair,Visual,TextContext,Q1,Text_beneficial,0.19629673659801483,6303
Reddit-S,42,pair,Visual,VisualContext,Q1,Text_beneficial,0.1961662918329239,6303
Reddit-S,42,pair,Text,VisualPair,Q1,Text_harmful,0.25933656096458435,1591
Reddit-S,42,pair,Text,Compatibility,Q1,Text_harmful,0.2064938247203827,1591
Reddit-S,42,pair,Text,TextContext,Q1,Text_harmful,0.20319679379463196,1591
Reddit-S,42,pair,Text,VisualContext,Q1,Text_harmful,0.20208844542503357,1591
Reddit-S,42,pair,Visual,TextPair,Q1,Text_harmful,0.18487553298473358,1591
Reddit-S,42,pair,Visual,Compatibility,Q1,Text_harmful,0.19966568052768707,1591
Reddit-S,42,pair,Visual,TextContext,Q1,Text_harmful,0.19947415590286255,1591
Reddit-S,42,pair,Visual,VisualContext,Q1,Text_harmful,0.19952327013015747,1591
Reddit-S,42,pair,Text,VisualPair,Q5,Text_beneficial,0.2081998735666275,7594
Reddit-S,42,pair,Text,Compatibility,Q5,Text_beneficial,0.21591752767562866,7594
Reddit-S,42,pair,Text,TextContext,Q5,Text_beneficial,0.2140367329120636,7594
Reddit-S,42,pair,Text,VisualContext,Q5,Text_beneficial,0.21460765600204468,7594
Reddit-S,42,pair,Visual,TextPair,Q5,Text_beneficial,0.18414659798145294,7594
Reddit-S,42,pair,Visual,Compatibility,Q5,Text_beneficial,0.21377232670783997,7594
Reddit-S,42,pair,Visual,TextContext,Q5,Text_beneficial,0.2127881646156311,7594
Reddit-S,42,pair,Visual,VisualContext,Q5,Text_beneficial,0.21320714056491852,7594
Reddit-S,42,pair,Text,VisualPair,Q5,Text_harmful,0.207510843873024,318
Reddit-S,42,pair,Text,Compatibility,Q5,Text_harmful,0.223635733127594,318
Reddit-S,42,pair,Text,TextContext,Q5,Text_harmful,0.21981249749660492,318
Reddit-S,42,pair,Text,VisualContext,Q5,Text_harmful,0.2196887582540512,318
Reddit-S,42,pair,Visual,TextPair,Q5,Text_harmful,0.18666474521160126,318
Reddit-S,42,pair,Visual,Compatibility,Q5,Text_harmful,0.20614121854305267,318
Reddit-S,42,pair,Visual,TextContext,Q5,Text_harmful,0.20591507852077484,318
Reddit-S,42,pair,Visual,VisualContext,Q5,Text_harmful,0.20672641694545746,318
Reddit-S,42,pair,Text,VisualPair,Q1,Visual_beneficial,0.2529506981372833,6078
Reddit-S,42,pair,Text,Compatibility,Q1,Visual_beneficial,0.2072666585445404,6078
Reddit-S,42,pair,Text,TextContext,Q1,Visual_beneficial,0.20435798168182373,6078
Reddit-S,42,pair,Text,VisualContext,Q1,Visual_beneficial,0.20406898856163025,6078
Reddit-S,42,pair,Visual,TextPair,Q1,Visual_beneficial,0.19199372828006744,6078
Reddit-S,42,pair,Visual,Compatibility,Q1,Visual_beneficial,0.20376969873905182,6078
Reddit-S,42,pair,Visual,TextContext,Q1,Visual_beneficial,0.20334742963314056,6078
Reddit-S,42,pair,Visual,VisualContext,Q1,Visual_beneficial,0.20363229513168335,6078
Reddit-S,42,pair,Text,VisualPair,Q1,Visual_harmful,0.23750464618206024,1822
Reddit-S,42,pair,Text,Compatibility,Q1,Visual_harmful,0.21078845858573914,1822
Reddit-S,42,pair,Text,TextContext,Q1,Visual_harmful,0.2077270895242691,1822
Reddit-S,42,pair,Text,VisualContext,Q1,Visual_harmful,0.20703573524951935,1822
Reddit-S,42,pair,Visual,TextPair,Q1,Visual_harmful,0.1951887160539627,1822
Reddit-S,42,pair,Visual,Compatibility,Q1,Visual_harmful,0.19849444925785065,1822
Reddit-S,42,pair,Visual,TextContext,Q1,Visual_harmful,0.19857610762119293,1822
Reddit-S,42,pair,Visual,VisualContext,Q1,Visual_harmful,0.19920237362384796,1822
Reddit-S,42,pair,Text,VisualPair,Q5,Visual_beneficial,0.29512733221054077,7544
Reddit-S,42,pair,Text,Compatibility,Q5,Visual_beneficial,0.19563446938991547,7544
Reddit-S,42,pair,Text,TextContext,Q5,Visual_beneficial,0.19278308749198914,7544
Reddit-S,42,pair,Text,VisualContext,Q5,Visual_beneficial,0.19151395559310913,7544
Reddit-S,42,pair,Visual,TextPair,Q5,Visual_beneficial,0.16492512822151184,7544
Reddit-S,42,pair,Visual,Compatibility,Q5,Visual_beneficial,0.1967398077249527,7544
Reddit-S,42,pair,Visual,TextContext,Q5,Visual_beneficial,0.19698458909988403,7544
Reddit-S,42,pair,Visual,VisualContext,Q5,Visual_beneficial,0.19675447046756744,7544
Reddit-S,42,pair,Text,VisualPair,Q5,Visual_harmful,0.19915930926799774,378
Reddit-S,42,pair,Text,Compatibility,Q5,Visual_harmful,0.21782103180885315,378
Reddit-S,42,pair,Text,TextContext,Q5,Visual_harmful,0.21502168476581573,378
Reddit-S,42,pair,Text,VisualContext,Q5,Visual_harmful,0.21507824957370758,378
Reddit-S,42,pair,Visual,TextPair,Q5,Visual_harmful,0.23481014370918274,378
Reddit-S,42,pair,Visual,Compatibility,Q5,Visual_harmful,0.22761070728302002,378
Reddit-S,42,pair,Visual,TextContext,Q5,Visual_harmful,0.22264958918094635,378
Reddit-S,42,pair,Visual,VisualContext,Q5,Visual_harmful,0.22455905377864838,378
Reddit-S,42,pair_compat,Text,VisualPair,all,all,0.25395703315734863,39613
Reddit-S,42,pair_compat,Text,Compatibility,all,all,0.19253303110599518,39613
Reddit-S,42,pair_compat,Text,TextContext,all,all,0.20555612444877625,39613
Reddit-S,42,pair_compat,Text,VisualContext,all,all,0.20561209321022034,39613
Reddit-S,42,pair_compat,Visual,TextPair,all,all,0.18041542172431946,39613
Reddit-S,42,pair_compat,Visual,Compatibility,all,all,0.20284126698970795,39613
Reddit-S,42,pair_compat,Visual,TextContext,all,all,0.20053797960281372,39613
Reddit-S,42,pair_compat,Visual,VisualContext,all,all,0.2004910409450531,39613
Reddit-S,42,pair_compat,Text,VisualPair,Q1,Text_beneficial,0.28401514887809753,6303
Reddit-S,42,pair_compat,Text,Compatibility,Q1,Text_beneficial,0.1884322464466095,6303
Reddit-S,42,pair_compat,Text,TextContext,Q1,Text_beneficial,0.19730116426944733,6303
Reddit-S,42,pair_compat,Text,VisualContext,Q1,Text_beneficial,0.196921244263649,6303
Reddit-S,42,pair_compat,Visual,TextPair,Q1,Text_beneficial,0.17969009280204773,6303
Reddit-S,42,pair_compat,Visual,Compatibility,Q1,Text_beneficial,0.19792580604553223,6303
Reddit-S,42,pair_compat,Visual,TextContext,Q1,Text_beneficial,0.19495302438735962,6303
Reddit-S,42,pair_compat,Visual,VisualContext,Q1,Text_beneficial,0.19470739364624023,6303
Reddit-S,42,pair_compat,Text,VisualPair,Q1,Text_harmful,0.25870877504348755,1591
Reddit-S,42,pair_compat,Text,Compatibility,Q1,Text_harmful,0.19540052115917206,1591
Reddit-S,42,pair_compat,Text,TextContext,Q1,Text_harmful,0.20319928228855133,1591
Reddit-S,42,pair_compat,Text,VisualContext,Q1,Text_harmful,0.2028397172689438,1591
Reddit-S,42,pair_compat,Visual,TextPair,Q1,Text_harmful,0.1850958615541458,1591
Reddit-S,42,pair_compat,Visual,Compatibility,Q1,Text_harmful,0.20059522986412048,1591
Reddit-S,42,pair_compat,Visual,TextContext,Q1,Text_harmful,0.19754818081855774,1591
Reddit-S,42,pair_compat,Visual,VisualContext,Q1,Text_harmful,0.19746088981628418,1591
Reddit-S,42,pair_compat,Text,VisualPair,Q5,Text_beneficial,0.20978425443172455,7594
Reddit-S,42,pair_compat,Text,Compatibility,Q5,Text_beneficial,0.197962686419487,7594
Reddit-S,42,pair_compat,Text,TextContext,Q5,Text_beneficial,0.2172892838716507,7594
Reddit-S,42,pair_compat,Text,VisualContext,Q5,Text_beneficial,0.2182634025812149,7594
Reddit-S,42,pair_compat,Visual,TextPair,Q5,Text_beneficial,0.18899653851985931,7594
Reddit-S,42,pair_compat,Visual,Compatibility,Q5,Text_beneficial,0.2097259759902954,7594
Reddit-S,42,pair_compat,Visual,TextContext,Q5,Text_beneficial,0.2078777402639389,7594
Reddit-S,42,pair_compat,Visual,VisualContext,Q5,Text_beneficial,0.20810139179229736,7594
Reddit-S,42,pair_compat,Text,VisualPair,Q5,Text_harmful,0.21982386708259583,318
Reddit-S,42,pair_compat,Text,Compatibility,Q5,Text_harmful,0.1988133192062378,318
Reddit-S,42,pair_compat,Text,TextContext,Q5,Text_harmful,0.21737068891525269,318
Reddit-S,42,pair_compat,Text,VisualContext,Q5,Text_harmful,0.21791808307170868,318
Reddit-S,42,pair_compat,Visual,TextPair,Q5,Text_harmful,0.1862502545118332,318
Reddit-S,42,pair_compat,Visual,Compatibility,Q5,Text_harmful,0.19915170967578888,318
Reddit-S,42,pair_compat,Visual,TextContext,Q5,Text_harmful,0.2039039433002472,318
Reddit-S,42,pair_compat,Visual,VisualContext,Q5,Text_harmful,0.20444905757904053,318
Reddit-S,42,pair_compat,Text,VisualPair,Q1,Visual_beneficial,0.2566119134426117,6078
Reddit-S,42,pair_compat,Text,Compatibility,Q1,Visual_beneficial,0.19333401322364807,6078
Reddit-S,42,pair_compat,Text,TextContext,Q1,Visual_beneficial,0.20399866998195648,6078
Reddit-S,42,pair_compat,Text,VisualContext,Q1,Visual_beneficial,0.20433542132377625,6078
Reddit-S,42,pair_compat,Visual,TextPair,Q1,Visual_beneficial,0.1921868771314621,6078
Reddit-S,42,pair_compat,Visual,Compatibility,Q1,Visual_beneficial,0.2045045644044876,6078
Reddit-S,42,pair_compat,Visual,TextContext,Q1,Visual_beneficial,0.20064766705036163,6078
Reddit-S,42,pair_compat,Visual,VisualContext,Q1,Visual_beneficial,0.20080947875976562,6078
Reddit-S,42,pair_compat,Text,VisualPair,Q1,Visual_harmful,0.25027334690093994,1822
Reddit-S,42,pair_compat,Text,Compatibility,Q1,Visual_harmful,0.19487741589546204,1822
Reddit-S,42,pair_compat,Text,TextContext,Q1,Visual_harmful,0.2055191546678543,1822
Reddit-S,42,pair_compat,Text,VisualContext,Q1,Visual_harmful,0.20554928481578827,1822
Reddit-S,42,pair_compat,Visual,TextPair,Q1,Visual_harmful,0.19359564781188965,1822
Reddit-S,42,pair_compat,Visual,Compatibility,Q1,Visual_harmful,0.19820243120193481,1822
Reddit-S,42,pair_compat,Visual,TextContext,Q1,Visual_harmful,0.19837705790996552,1822
Reddit-S,42,pair_compat,Visual,VisualContext,Q1,Visual_harmful,0.19894884526729584,1822
Reddit-S,42,pair_compat,Text,VisualPair,Q5,Visual_beneficial,0.2886834740638733,7544
Reddit-S,42,pair_compat,Text,Compatibility,Q5,Visual_beneficial,0.18398335576057434,7544
Reddit-S,42,pair_compat,Text,TextContext,Q5,Visual_beneficial,0.19662204384803772,7544
Reddit-S,42,pair_compat,Text,VisualContext,Q5,Visual_beneficial,0.19602689146995544,7544
Reddit-S,42,pair_compat,Visual,TextPair,Q5,Visual_beneficial,0.16436722874641418,7544
Reddit-S,42,pair_compat,Visual,Compatibility,Q5,Visual_beneficial,0.2018553614616394,7544
Reddit-S,42,pair_compat,Visual,TextContext,Q5,Visual_beneficial,0.19422732293605804,7544
Reddit-S,42,pair_compat,Visual,VisualContext,Q5,Visual_beneficial,0.19389523565769196,7544
Reddit-S,42,pair_compat,Text,VisualPair,Q5,Visual_harmful,0.1851450353860855,378
Reddit-S,42,pair_compat,Text,Compatibility,Q5,Visual_harmful,0.2082500010728836,378
Reddit-S,42,pair_compat,Text,TextContext,Q5,Visual_harmful,0.22176259756088257,378
Reddit-S,42,pair_compat,Text,VisualContext,Q5,Visual_harmful,0.22240641713142395,378
Reddit-S,42,pair_compat,Visual,TextPair,Q5,Visual_harmful,0.21568000316619873,378
Reddit-S,42,pair_compat,Visual,Compatibility,Q5,Visual_harmful,0.20306839048862457,378
Reddit-S,42,pair_compat,Visual,TextContext,Q5,Visual_harmful,0.2337043434381485,378
Reddit-S,42,pair_compat,Visual,VisualContext,Q5,Visual_harmful,0.23616661131381989,378
Reddit-S,42,pair_compat_context,Text,VisualPair,all,all,0.2518323063850403,39613
Reddit-S,42,pair_compat_context,Text,Compatibility,all,all,0.18883417546749115,39613
Reddit-S,42,pair_compat_context,Text,TextContext,all,all,0.20250681042671204,39613
Reddit-S,42,pair_compat_context,Text,VisualContext,all,all,0.22462567687034607,39613
Reddit-S,42,pair_compat_context,Visual,TextPair,all,all,0.18088440597057343,39613
Reddit-S,42,pair_compat_context,Visual,Compatibility,all,all,0.20683543384075165,39613
Reddit-S,42,pair_compat_context,Visual,TextContext,all,all,0.19190867245197296,39613
Reddit-S,42,pair_compat_context,Visual,VisualContext,all,all,0.20336315035820007,39613
Reddit-S,42,pair_compat_context,Text,VisualPair,Q1,Text_beneficial,0.28662699460983276,6303
Reddit-S,42,pair_compat_context,Text,Compatibility,Q1,Text_beneficial,0.18432554602622986,6303
Reddit-S,42,pair_compat_context,Text,TextContext,Q1,Text_beneficial,0.18804077804088593,6303
Reddit-S,42,pair_compat_context,Text,VisualContext,Q1,Text_beneficial,0.2192157506942749,6303
Reddit-S,42,pair_compat_context,Visual,TextPair,Q1,Text_beneficial,0.18224097788333893,6303
Reddit-S,42,pair_compat_context,Visual,Compatibility,Q1,Text_beneficial,0.20414923131465912,6303
Reddit-S,42,pair_compat_context,Visual,TextContext,Q1,Text_beneficial,0.18258976936340332,6303
Reddit-S,42,pair_compat_context,Visual,VisualContext,Q1,Text_beneficial,0.19356660544872284,6303
Reddit-S,42,pair_compat_context,Text,VisualPair,Q1,Text_harmful,0.257330060005188,1591
Reddit-S,42,pair_compat_context,Text,Compatibility,Q1,Text_harmful,0.1885749250650406,1591
Reddit-S,42,pair_compat_context,Text,TextContext,Q1,Text_harmful,0.19122149050235748,1591
Reddit-S,42,pair_compat_context,Text,VisualContext,Q1,Text_harmful,0.23778417706489563,1591
Reddit-S,42,pair_compat_context,Visual,TextPair,Q1,Text_harmful,0.183333158493042,1591
Reddit-S,42,pair_compat_context,Visual,Compatibility,Q1,Text_harmful,0.20152124762535095,1591
Reddit-S,42,pair_compat_context,Visual,TextContext,Q1,Text_harmful,0.1951616257429123,1591
Reddit-S,42,pair_compat_context,Visual,VisualContext,Q1,Text_harmful,0.20364239811897278,1591
Reddit-S,42,pair_compat_context,Text,VisualPair,Q5,Text_beneficial,0.20455314218997955,7594
Reddit-S,42,pair_compat_context,Text,Compatibility,Q5,Text_beneficial,0.1960398405790329,7594
Reddit-S,42,pair_compat_context,Text,TextContext,Q5,Text_beneficial,0.23236079514026642,7594
Reddit-S,42,pair_compat_context,Text,VisualContext,Q5,Text_beneficial,0.21835455298423767,7594
Reddit-S,42,pair_compat_context,Visual,TextPair,Q5,Text_beneficial,0.18830648064613342,7594
Reddit-S,42,pair_compat_context,Visual,Compatibility,Q5,Text_beneficial,0.21164582669734955,7594
Reddit-S,42,pair_compat_context,Visual,TextContext,Q5,Text_beneficial,0.20297148823738098,7594
Reddit-S,42,pair_compat_context,Visual,VisualContext,Q5,Text_beneficial,0.21236737072467804,7594
Reddit-S,42,pair_compat_context,Text,VisualPair,Q5,Text_harmful,0.22015376389026642,318
Reddit-S,42,pair_compat_context,Text,Compatibility,Q5,Text_harmful,0.1982094645500183,318
Reddit-S,42,pair_compat_context,Text,TextContext,Q5,Text_harmful,0.200748011469841,318
Reddit-S,42,pair_compat_context,Text,VisualContext,Q5,Text_harmful,0.24000613391399384,318
Reddit-S,42,pair_compat_context,Visual,TextPair,Q5,Text_harmful,0.1816691756248474,318
Reddit-S,42,pair_compat_context,Visual,Compatibility,Q5,Text_harmful,0.19829851388931274,318
Reddit-S,42,pair_compat_context,Visual,TextContext,Q5,Text_harmful,0.21833527088165283,318
Reddit-S,42,pair_compat_context,Visual,VisualContext,Q5,Text_harmful,0.20241476595401764,318
Reddit-S,42,pair_compat_context,Text,VisualPair,Q1,Visual_beneficial,0.25890451669692993,6078
Reddit-S,42,pair_compat_context,Text,Compatibility,Q1,Visual_beneficial,0.19017000496387482,6078
Reddit-S,42,pair_compat_context,Text,TextContext,Q1,Visual_beneficial,0.1999550312757492,6078
Reddit-S,42,pair_compat_context,Text,VisualContext,Q1,Visual_beneficial,0.21879641711711884,6078
Reddit-S,42,pair_compat_context,Visual,TextPair,Q1,Visual_beneficial,0.19388347864151,6078
Reddit-S,42,pair_compat_context,Visual,Compatibility,Q1,Visual_beneficial,0.20626024901866913,6078
Reddit-S,42,pair_compat_context,Visual,TextContext,Q1,Visual_beneficial,0.19530530273914337,6078
Reddit-S,42,pair_compat_context,Visual,VisualContext,Q1,Visual_beneficial,0.20219440758228302,6078
Reddit-S,42,pair_compat_context,Text,VisualPair,Q1,Visual_harmful,0.2771829664707184,1822
Reddit-S,42,pair_compat_context,Text,Compatibility,Q1,Visual_harmful,0.1951688677072525,1822
Reddit-S,42,pair_compat_context,Text,TextContext,Q1,Visual_harmful,0.19353972375392914,1822
Reddit-S,42,pair_compat_context,Text,VisualContext,Q1,Visual_harmful,0.2040320783853531,1822
Reddit-S,42,pair_compat_context,Visual,TextPair,Q1,Visual_harmful,0.19822576642036438,1822
Reddit-S,42,pair_compat_context,Visual,Compatibility,Q1,Visual_harmful,0.20025081932544708,1822
Reddit-S,42,pair_compat_context,Visual,TextContext,Q1,Visual_harmful,0.1932484656572342,1822
Reddit-S,42,pair_compat_context,Visual,VisualContext,Q1,Visual_harmful,0.1982153207063675,1822
Reddit-S,42,pair_compat_context,Text,VisualPair,Q5,Visual_beneficial,0.2776889204978943,7544
Reddit-S,42,pair_compat_context,Text,Compatibility,Q5,Visual_beneficial,0.17207486927509308,7544
Reddit-S,42,pair_compat_context,Text,TextContext,Q5,Visual_beneficial,0.1806868463754654,7544
Reddit-S,42,pair_compat_context,Text,VisualContext,Q5,Visual_beneficial,0.2501521110534668,7544
Reddit-S,42,pair_compat_context,Visual,TextPair,Q5,Visual_beneficial,0.16557163000106812,7544
Reddit-S,42,pair_compat_context,Visual,Compatibility,Q5,Visual_beneficial,0.2069007009267807,7544
Reddit-S,42,pair_compat_context,Visual,TextContext,Q5,Visual_beneficial,0.1782379299402237,7544
Reddit-S,42,pair_compat_context,Visual,VisualContext,Q5,Visual_beneficial,0.20486414432525635,7544
Reddit-S,42,pair_compat_context,Text,VisualPair,Q5,Visual_harmful,0.1596752107143402,378
Reddit-S,42,pair_compat_context,Text,Compatibility,Q5,Visual_harmful,0.22332558035850525,378
Reddit-S,42,pair_compat_context,Text,TextContext,Q5,Visual_harmful,0.23081578314304352,378
Reddit-S,42,pair_compat_context,Text,VisualContext,Q5,Visual_harmful,0.219151571393013,378
Reddit-S,42,pair_compat_context,Visual,TextPair,Q5,Visual_harmful,0.2101474404335022,378
Reddit-S,42,pair_compat_context,Visual,Compatibility,Q5,Visual_harmful,0.20536820590496063,378
Reddit-S,42,pair_compat_context,Visual,TextContext,Q5,Visual_harmful,0.21648827195167542,378
Reddit-S,42,pair_compat_context,Visual,VisualContext,Q5,Visual_harmful,0.2601730227470398,378
Reddit-S,43,pair,Text,VisualPair,all,all,0.23062504827976227,39613
Reddit-S,43,pair,Text,Compatibility,all,all,0.209917813539505,39613
Reddit-S,43,pair,Text,TextContext,all,all,0.21085432171821594,39613
Reddit-S,43,pair,Text,VisualContext,all,all,0.2145216464996338,39613
Reddit-S,43,pair,Visual,TextPair,all,all,0.22541791200637817,39613
Reddit-S,43,pair,Visual,Compatibility,all,all,0.20051449537277222,39613
Reddit-S,43,pair,Visual,TextContext,all,all,0.2009916454553604,39613
Reddit-S,43,pair,Visual,VisualContext,all,all,0.20098677277565002,39613
Reddit-S,43,pair,Text,VisualPair,Q1,Text_beneficial,0.2288084626197815,6480
Reddit-S,43,pair,Text,Compatibility,Q1,Text_beneficial,0.21297717094421387,6480
Reddit-S,43,pair,Text,TextContext,Q1,Text_beneficial,0.2144710272550583,6480
Reddit-S,43,pair,Text,VisualContext,Q1,Text_beneficial,0.21872448921203613,6480
Reddit-S,43,pair,Visual,TextPair,Q1,Text_beneficial,0.21246536076068878,6480
Reddit-S,43,pair,Visual,Compatibility,Q1,Text_beneficial,0.20966836810112,6480
Reddit-S,43,pair,Visual,TextContext,Q1,Text_beneficial,0.20991496741771698,6480
Reddit-S,43,pair,Visual,VisualContext,Q1,Text_beneficial,0.20995785295963287,6480
Reddit-S,43,pair,Text,VisualPair,Q1,Text_harmful,0.2626364529132843,1345
Reddit-S,43,pair,Text,Compatibility,Q1,Text_harmful,0.20329943299293518,1345
Reddit-S,43,pair,Text,TextContext,Q1,Text_harmful,0.20490078628063202,1345
Reddit-S,43,pair,Text,VisualContext,Q1,Text_harmful,0.20915600657463074,1345
Reddit-S,43,pair,Visual,TextPair,Q1,Text_harmful,0.22986368834972382,1345
Reddit-S,43,pair,Visual,Compatibility,Q1,Text_harmful,0.1984429955482483,1345
Reddit-S,43,pair,Visual,TextContext,Q1,Text_harmful,0.19890499114990234,1345
Reddit-S,43,pair,Visual,VisualContext,Q1,Text_harmful,0.19921596348285675,1345
Reddit-S,43,pair,Text,VisualPair,Q5,Text_beneficial,0.21964111924171448,7798
Reddit-S,43,pair,Text,Compatibility,Q5,Text_beneficial,0.20654207468032837,7798
Reddit-S,43,pair,Text,TextContext,Q5,Text_beneficial,0.2061014324426651,7798
Reddit-S,43,pair,Text,VisualContext,Q5,Text_beneficial,0.20809081196784973,7798
Reddit-S,43,pair,Visual,TextPair,Q5,Text_beneficial,0.22159910202026367,7798
Reddit-S,43,pair,Visual,Compatibility,Q5,Text_beneficial,0.1939273178577423,7798
Reddit-S,43,pair,Visual,TextContext,Q5,Text_beneficial,0.19478002190589905,7798
Reddit-S,43,pair,Visual,VisualContext,Q5,Text_beneficial,0.19449767470359802,7798
Reddit-S,43,pair,Text,VisualPair,Q5,Text_harmful,0.2645009756088257,121
Reddit-S,43,pair,Text,Compatibility,Q5,Text_harmful,0.20040421187877655,121
Reddit-S,43,pair,Text,TextContext,Q5,Text_harmful,0.20110942423343658,121
Reddit-S,43,pair,Text,VisualContext,Q5,Text_harmful,0.20489846169948578,121
Reddit-S,43,pair,Visual,TextPair,Q5,Text_harmful,0.19074025750160217,121
Reddit-S,43,pair,Visual,Compatibility,Q5,Text_harmful,0.196970596909523,121
Reddit-S,43,pair,Visual,TextContext,Q5,Text_harmful,0.19671718776226044,121
Reddit-S,43,pair,Visual,VisualContext,Q5,Text_harmful,0.19760704040527344,121
Reddit-S,43,pair,Text,VisualPair,Q1,Visual_beneficial,0.25610923767089844,6438
Reddit-S,43,pair,Text,Compatibility,Q1,Visual_beneficial,0.2021074891090393,6438
Reddit-S,43,pair,Text,TextContext,Q1,Visual_beneficial,0.20268815755844116,6438
Reddit-S,43,pair,Text,VisualContext,Q1,Visual_beneficial,0.20622816681861877,6438
Reddit-S,43,pair,Visual,TextPair,Q1,Visual_beneficial,0.2349284142255783,6438
Reddit-S,43,pair,Visual,Compatibility,Q1,Visual_beneficial,0.18981389701366425,6438
Reddit-S,43,pair,Visual,TextContext,Q1,Visual_beneficial,0.19059787690639496,6438
Reddit-S,43,pair,Visual,VisualContext,Q1,Visual_beneficial,0.19075137376785278,6438
Reddit-S,43,pair,Text,VisualPair,Q1,Visual_harmful,0.3027943968772888,1270
Reddit-S,43,pair,Text,Compatibility,Q1,Visual_harmful,0.19037148356437683,1270
Reddit-S,43,pair,Text,TextContext,Q1,Visual_harmful,0.19122454524040222,1270
Reddit-S,43,pair,Text,VisualContext,Q1,Visual_harmful,0.19538237154483795,1270
Reddit-S,43,pair,Visual,TextPair,Q1,Visual_harmful,0.23905611038208008,1270
Reddit-S,43,pair,Visual,Compatibility,Q1,Visual_harmful,0.19293363392353058,1270
Reddit-S,43,pair,Visual,TextContext,Q1,Visual_harmful,0.19407948851585388,1270
Reddit-S,43,pair,Visual,VisualContext,Q1,Visual_harmful,0.19436337053775787,1270
Reddit-S,43,pair,Text,VisualPair,Q5,Visual_beneficial,0.20850220322608948,7600
Reddit-S,43,pair,Text,Compatibility,Q5,Visual_beneficial,0.2170383483171463,7600
Reddit-S,43,pair,Text,TextContext,Q5,Visual_beneficial,0.2185719609260559,7600
Reddit-S,43,pair,Text,VisualContext,Q5,Visual_beneficial,0.22230179607868195,7600
Reddit-S,43,pair,Visual,TextPair,Q5,Visual_beneficial,0.20363381505012512,7600
Reddit-S,43,pair,Visual,Compatibility,Q5,Visual_beneficial,0.21542797982692719,7600
Reddit-S,43,pair,Visual,TextContext,Q5,Visual_beneficial,0.21609127521514893,7600
Reddit-S,43,pair,Visual,VisualContext,Q5,Visual_beneficial,0.21557247638702393,7600
Reddit-S,43,pair,Text,VisualPair,Q5,Visual_harmful,0.37637633085250854,322
Reddit-S,43,pair,Text,Compatibility,Q5,Visual_harmful,0.16806119680404663,322
Reddit-S,43,pair,Text,TextContext,Q5,Visual_harmful,0.16811344027519226,322
Reddit-S,43,pair,Text,VisualContext,Q5,Visual_harmful,0.17151346802711487,322
Reddit-S,43,pair,Visual,TextPair,Q5,Visual_harmful,0.6010483503341675,322
Reddit-S,43,pair,Visual,Compatibility,Q5,Visual_harmful,0.11700882762670517,322
Reddit-S,43,pair,Visual,TextContext,Q5,Visual_harmful,0.1187300831079483,322
Reddit-S,43,pair,Visual,VisualContext,Q5,Visual_harmful,0.11674270033836365,322
Reddit-S,43,pair_compat,Text,VisualPair,all,all,0.24618589878082275,39613
Reddit-S,43,pair_compat,Text,Compatibility,all,all,0.1870548576116562,39613
Reddit-S,43,pair_compat,Text,TextContext,all,all,0.2135954350233078,39613
Reddit-S,43,pair_compat,Text,VisualContext,all,all,0.21844904124736786,39613
Reddit-S,43,pair_compat,Visual,TextPair,all,all,0.22660470008850098,39613
Reddit-S,43,pair_compat,Visual,Compatibility,all,all,0.19699059426784515,39613
Reddit-S,43,pair_compat,Visual,TextContext,all,all,0.20066168904304504,39613
Reddit-S,43,pair_compat,Visual,VisualContext,all,all,0.2008500099182129,39613
Reddit-S,43,pair_compat,Text,VisualPair,Q1,Text_beneficial,0.24524544179439545,6480
Reddit-S,43,pair_compat,Text,Compatibility,Q1,Text_beneficial,0.19082079827785492,6480
Reddit-S,43,pair_compat,Text,TextContext,Q1,Text_beneficial,0.21695132553577423,6480
Reddit-S,43,pair_compat,Text,VisualContext,Q1,Text_beneficial,0.2226182371377945,6480
Reddit-S,43,pair_compat,Visual,TextPair,Q1,Text_beneficial,0.21449139714241028,6480
Reddit-S,43,pair_compat,Visual,Compatibility,Q1,Text_beneficial,0.2043381631374359,6480
Reddit-S,43,pair_compat,Visual,TextContext,Q1,Text_beneficial,0.21039073169231415,6480
Reddit-S,43,pair_compat,Visual,VisualContext,Q1,Text_beneficial,0.21066617965698242,6480
Reddit-S,43,pair_compat,Text,VisualPair,Q1,Text_harmful,0.27562960982322693,1345
Reddit-S,43,pair_compat,Text,Compatibility,Q1,Text_harmful,0.1855030059814453,1345
Reddit-S,43,pair_compat,Text,TextContext,Q1,Text_harmful,0.20686139166355133,1345
Reddit-S,43,pair_compat,Text,VisualContext,Q1,Text_harmful,0.212459996342659,1345
Reddit-S,43,pair_compat,Visual,TextPair,Q1,Text_harmful,0.22962020337581635,1345
Reddit-S,43,pair_compat,Visual,Compatibility,Q1,Text_harmful,0.1944066435098648,1345
Reddit-S,43,pair_compat,Visual,TextContext,Q1,Text_harmful,0.19964390993118286,1345
Reddit-S,43,pair_compat,Visual,VisualContext,Q1,Text_harmful,0.2001456618309021,1345
Reddit-S,43,pair_compat,Text,VisualPair,Q5,Text_beneficial,0.2305574119091034,7798
Reddit-S,43,pair_compat,Text,Compatibility,Q5,Text_beneficial,0.1888871043920517,7798
Reddit-S,43,pair_compat,Text,TextContext,Q5,Text_beneficial,0.2087821066379547,7798
Reddit-S,43,pair_compat,Text,VisualContext,Q5,Text_beneficial,0.21142597496509552,7798
Reddit-S,43,pair_compat,Visual,TextPair,Q5,Text_beneficial,0.22087973356246948,7798
Reddit-S,43,pair_compat,Visual,Compatibility,Q5,Text_beneficial,0.19599133729934692,7798
Reddit-S,43,pair_compat,Visual,TextContext,Q5,Text_beneficial,0.19318906962871552,7798
Reddit-S,43,pair_compat,Visual,VisualContext,Q5,Text_beneficial,0.19306132197380066,7798
Reddit-S,43,pair_compat,Text,VisualPair,Q5,Text_harmful,0.27891117334365845,121
Reddit-S,43,pair_compat,Text,Compatibility,Q5,Text_harmful,0.17328748106956482,121
Reddit-S,43,pair_compat,Text,TextContext,Q5,Text_harmful,0.20529568195343018,121
Reddit-S,43,pair_compat,Text,VisualContext,Q5,Text_harmful,0.21025291085243225,121
Reddit-S,43,pair_compat,Visual,TextPair,Q5,Text_harmful,0.19324694573879242,121
Reddit-S,43,pair_compat,Visual,Compatibility,Q5,Text_harmful,0.18599183857440948,121
Reddit-S,43,pair_compat,Visual,TextContext,Q5,Text_harmful,0.1982945203781128,121
Reddit-S,43,pair_compat,Visual,VisualContext,Q5,Text_harmful,0.1993853896856308,121
Reddit-S,43,pair_compat,Text,VisualPair,Q1,Visual_beneficial,0.266889363527298,6438
Reddit-S,43,pair_compat,Text,Compatibility,Q1,Visual_beneficial,0.18498077988624573,6438
Reddit-S,43,pair_compat,Text,TextContext,Q1,Visual_beneficial,0.20503860712051392,6438
Reddit-S,43,pair_compat,Text,VisualContext,Q1,Visual_beneficial,0.20967750251293182,6438
Reddit-S,43,pair_compat,Visual,TextPair,Q1,Visual_beneficial,0.2334250658750534,6438
Reddit-S,43,pair_compat,Visual,Compatibility,Q1,Visual_beneficial,0.18769539892673492,6438
Reddit-S,43,pair_compat,Visual,TextContext,Q1,Visual_beneficial,0.1912815421819687,6438
Reddit-S,43,pair_compat,Visual,VisualContext,Q1,Visual_beneficial,0.19162343442440033,6438
Reddit-S,43,pair_compat,Text,VisualPair,Q1,Visual_harmful,0.31024980545043945,1270
Reddit-S,43,pair_compat,Text,Compatibility,Q1,Visual_harmful,0.17733579874038696,1270
Reddit-S,43,pair_compat,Text,TextContext,Q1,Visual_harmful,0.19227705895900726,1270
Reddit-S,43,pair_compat,Text,VisualContext,Q1,Visual_harmful,0.1976233720779419,1270
Reddit-S,43,pair_compat,Visual,TextPair,Q1,Visual_harmful,0.23872508108615875,1270
Reddit-S,43,pair_compat,Visual,Compatibility,Q1,Visual_harmful,0.18982623517513275,1270
Reddit-S,43,pair_compat,Visual,TextContext,Q1,Visual_harmful,0.19481532275676727,1270
Reddit-S,43,pair_compat,Visual,VisualContext,Q1,Visual_harmful,0.19530031085014343,1270
Reddit-S,43,pair_compat,Text,VisualPair,Q5,Visual_beneficial,0.22652006149291992,7600
Reddit-S,43,pair_compat,Text,Compatibility,Q5,Visual_beneficial,0.192404642701149,7600
Reddit-S,43,pair_compat,Text,TextContext,Q5,Visual_beneficial,0.22144070267677307,7600
Reddit-S,43,pair_compat,Text,VisualContext,Q5,Visual_beneficial,0.22652578353881836,7600
Reddit-S,43,pair_compat,Visual,TextPair,Q5,Visual_beneficial,0.2077840119600296,7600
Reddit-S,43,pair_compat,Visual,Compatibility,Q5,Visual_beneficial,0.21274635195732117,7600
Reddit-S,43,pair_compat,Visual,TextContext,Q5,Visual_beneficial,0.21513760089874268,7600
Reddit-S,43,pair_compat,Visual,VisualContext,Q5,Visual_beneficial,0.2147298902273178,7600
Reddit-S,43,pair_compat,Text,VisualPair,Q5,Visual_harmful,0.4103774130344391,322
Reddit-S,43,pair_compat,Text,Compatibility,Q5,Visual_harmful,0.1363237202167511,322
Reddit-S,43,pair_compat,Text,TextContext,Q5,Visual_harmful,0.16547109186649323,322
Reddit-S,43,pair_compat,Text,VisualContext,Q5,Visual_harmful,0.1698259860277176,322
Reddit-S,43,pair_compat,Visual,TextPair,Q5,Visual_harmful,0.6022732853889465,322
Reddit-S,43,pair_compat,Visual,Compatibility,Q5,Visual_harmful,0.11424433439970016,322
Reddit-S,43,pair_compat,Visual,TextContext,Q5,Visual_harmful,0.11904530227184296,322
Reddit-S,43,pair_compat,Visual,VisualContext,Q5,Visual_harmful,0.11736921966075897,322
Reddit-S,43,pair_compat_context,Text,VisualPair,all,all,0.2531811594963074,39613
Reddit-S,43,pair_compat_context,Text,Compatibility,all,all,0.19215312600135803,39613
Reddit-S,43,pair_compat_context,Text,TextContext,all,all,0.2293339967727661,39613
Reddit-S,43,pair_compat_context,Text,VisualContext,all,all,0.20878079533576965,39613
Reddit-S,43,pair_compat_context,Visual,TextPair,all,all,0.22207117080688477,39613
Reddit-S,43,pair_compat_context,Visual,Compatibility,all,all,0.18988996744155884,39613
Reddit-S,43,pair_compat_context,Visual,TextContext,all,all,0.1978340595960617,39613
Reddit-S,43,pair_compat_context,Visual,VisualContext,all,all,0.2282242625951767,39613
Reddit-S,43,pair_compat_context,Text,VisualPair,Q1,Text_beneficial,0.2704704701900482,6480
Reddit-S,43,pair_compat_context,Text,Compatibility,Q1,Text_beneficial,0.1901312619447708,6480
Reddit-S,43,pair_compat_context,Text,TextContext,Q1,Text_beneficial,0.2147877961397171,6480
Reddit-S,43,pair_compat_context,Text,VisualContext,Q1,Text_beneficial,0.22282759845256805,6480
Reddit-S,43,pair_compat_context,Visual,TextPair,Q1,Text_beneficial,0.21145430207252502,6480
Reddit-S,43,pair_compat_context,Visual,Compatibility,Q1,Text_beneficial,0.1930803656578064,6480
Reddit-S,43,pair_compat_context,Visual,TextContext,Q1,Text_beneficial,0.20145301520824432,6480
Reddit-S,43,pair_compat_context,Visual,VisualContext,Q1,Text_beneficial,0.24397264420986176,6480
Reddit-S,43,pair_compat_context,Text,VisualPair,Q1,Text_harmful,0.2727872431278229,1345
Reddit-S,43,pair_compat_context,Text,Compatibility,Q1,Text_harmful,0.18869467079639435,1345
Reddit-S,43,pair_compat_context,Text,TextContext,Q1,Text_harmful,0.2196425497531891,1345
Reddit-S,43,pair_compat_context,Text,VisualContext,Q1,Text_harmful,0.21614067256450653,1345
Reddit-S,43,pair_compat_context,Visual,TextPair,Q1,Text_harmful,0.22269263863563538,1345
Reddit-S,43,pair_compat_context,Visual,Compatibility,Q1,Text_harmful,0.18927253782749176,1345
Reddit-S,43,pair_compat_context,Visual,TextContext,Q1,Text_harmful,0.19603244960308075,1345
Reddit-S,43,pair_compat_context,Visual,VisualContext,Q1,Text_harmful,0.22017529606819153,1345
Reddit-S,43,pair_compat_context,Text,VisualPair,Q5,Text_beneficial,0.21815277636051178,7798
Reddit-S,43,pair_compat_context,Text,Compatibility,Q5,Text_beneficial,0.203119695186615,7798
Reddit-S,43,pair_compat_context,Text,TextContext,Q5,Text_beneficial,0.24662750959396362,7798
Reddit-S,43,pair_compat_context,Text,VisualContext,Q5,Text_beneficial,0.18609783053398132,7798
Reddit-S,43,pair_compat_context,Visual,TextPair,Q5,Text_beneficial,0.210261732339859,7798
Reddit-S,43,pair_compat_context,Visual,Compatibility,Q5,Text_beneficial,0.20312295854091644,7798
Reddit-S,43,pair_compat_context,Visual,TextContext,Q5,Text_beneficial,0.20198404788970947,7798
Reddit-S,43,pair_compat_context,Visual,VisualContext,Q5,Text_beneficial,0.20539039373397827,7798
Reddit-S,43,pair_compat_context,Text,VisualPair,Q5,Text_harmful,0.25952020287513733,121
Reddit-S,43,pair_compat_context,Text,Compatibility,Q5,Text_harmful,0.18320156633853912,121
Reddit-S,43,pair_compat_context,Text,TextContext,Q5,Text_harmful,0.22379498183727264,121
Reddit-S,43,pair_compat_context,Text,VisualContext,Q5,Text_harmful,0.2104233205318451,121
Reddit-S,43,pair_compat_context,Visual,TextPair,Q5,Text_harmful,0.1786026507616043,121
Reddit-S,43,pair_compat_context,Visual,Compatibility,Q5,Text_harmful,0.18603335320949554,121
Reddit-S,43,pair_compat_context,Visual,TextContext,Q5,Text_harmful,0.19325685501098633,121
Reddit-S,43,pair_compat_context,Visual,VisualContext,Q5,Text_harmful,0.2229553759098053,121
Reddit-S,43,pair_compat_context,Text,VisualPair,Q1,Visual_beneficial,0.24975664913654327,6438
Reddit-S,43,pair_compat_context,Text,Compatibility,Q1,Visual_beneficial,0.19392630457878113,6438
Reddit-S,43,pair_compat_context,Text,TextContext,Q1,Visual_beneficial,0.23287136852741241,6438
Reddit-S,43,pair_compat_context,Text,VisualContext,Q1,Visual_beneficial,0.20281267166137695,6438
Reddit-S,43,pair_compat_context,Visual,TextPair,Q1,Visual_beneficial,0.22495150566101074,6438
Reddit-S,43,pair_compat_context,Visual,Compatibility,Q1,Visual_beneficial,0.1871410757303238,6438
Reddit-S,43,pair_compat_context,Visual,TextContext,Q1,Visual_beneficial,0.19623953104019165,6438
Reddit-S,43,pair_compat_context,Visual,VisualContext,Q1,Visual_beneficial,0.20112435519695282,6438
Reddit-S,43,pair_compat_context,Text,VisualPair,Q1,Visual_harmful,0.2731367349624634,1270
Reddit-S,43,pair_compat_context,Text,Compatibility,Q1,Visual_harmful,0.1849653124809265,1270
Reddit-S,43,pair_compat_context,Text,TextContext,Q1,Visual_harmful,0.23017588257789612,1270
Reddit-S,43,pair_compat_context,Text,VisualContext,Q1,Visual_harmful,0.20332524180412292,1270
Reddit-S,43,pair_compat_context,Visual,TextPair,Q1,Visual_harmful,0.2201513648033142,1270
Reddit-S,43,pair_compat_context,Visual,Compatibility,Q1,Visual_harmful,0.19078683853149414,1270
Reddit-S,43,pair_compat_context,Visual,TextContext,Q1,Visual_harmful,0.19437971711158752,1270
Reddit-S,43,pair_compat_context,Visual,VisualContext,Q1,Visual_harmful,0.21028538048267365,1270
Reddit-S,43,pair_compat_context,Text,VisualPair,Q5,Visual_beneficial,0.2706857919692993,7600
Reddit-S,43,pair_compat_context,Text,Compatibility,Q5,Visual_beneficial,0.19010302424430847,7600
Reddit-S,43,pair_compat_context,Text,TextContext,Q5,Visual_beneficial,0.20936554670333862,7600
Reddit-S,43,pair_compat_context,Text,VisualContext,Q5,Visual_beneficial,0.22050286829471588,7600
Reddit-S,43,pair_compat_context,Visual,TextPair,Q5,Visual_beneficial,0.2231644093990326,7600
Reddit-S,43,pair_compat_context,Visual,Compatibility,Q5,Visual_beneficial,0.19408242404460907,7600
Reddit-S,43,pair_compat_context,Visual,TextContext,Q5,Visual_beneficial,0.20578914880752563,7600
Reddit-S,43,pair_compat_context,Visual,VisualContext,Q5,Visual_beneficial,0.25048989057540894,7600
Reddit-S,43,pair_compat_context,Text,VisualPair,Q5,Visual_harmful,0.37414735555648804,322
Reddit-S,43,pair_compat_context,Text,Compatibility,Q5,Visual_harmful,0.14710615575313568,322
Reddit-S,43,pair_compat_context,Text,TextContext,Q5,Visual_harmful,0.18914461135864258,322
Reddit-S,43,pair_compat_context,Text,VisualContext,Q5,Visual_harmful,0.1846088171005249,322
Reddit-S,43,pair_compat_context,Visual,TextPair,Q5,Visual_harmful,0.5725365281105042,322
Reddit-S,43,pair_compat_context,Visual,Compatibility,Q5,Visual_harmful,0.11316098272800446,322
Reddit-S,43,pair_compat_context,Visual,TextContext,Q5,Visual_harmful,0.1196153536438942,322
Reddit-S,43,pair_compat_context,Visual,VisualContext,Q5,Visual_harmful,0.16162395477294922,322
Reddit-S,44,pair,Text,VisualPair,all,all,0.32580089569091797,39613
Reddit-S,44,pair,Text,Compatibility,all,all,0.19340436160564423,39613
Reddit-S,44,pair,Text,TextContext,all,all,0.19435559213161469,39613
Reddit-S,44,pair,Text,VisualContext,all,all,0.19407092034816742,39613
Reddit-S,44,pair,Visual,TextPair,all,all,0.40284886956214905,39613
Reddit-S,44,pair,Visual,Compatibility,all,all,0.15037859976291656,39613
Reddit-S,44,pair,Visual,TextContext,all,all,0.15180037915706635,39613
Reddit-S,44,pair,Visual,VisualContext,all,all,0.1514221876859665,39613
Reddit-S,44,pair,Text,VisualPair,Q1,Text_beneficial,0.3448410928249359,6870
Reddit-S,44,pair,Text,Compatibility,Q1,Text_beneficial,0.18917207419872284,6870
Reddit-S,44,pair,Text,TextContext,Q1,Text_beneficial,0.1904076337814331,6870
Reddit-S,44,pair,Text,VisualContext,Q1,Text_beneficial,0.1898544430732727,6870
Reddit-S,44,pair,Visual,TextPair,Q1,Text_beneficial,0.3780001997947693,6870
Reddit-S,44,pair,Visual,Compatibility,Q1,Text_beneficial,0.1570170372724533,6870
Reddit-S,44,pair,Visual,TextContext,Q1,Text_beneficial,0.15876413881778717,6870
Reddit-S,44,pair,Visual,VisualContext,Q1,Text_beneficial,0.15838675200939178,6870
Reddit-S,44,pair,Text,VisualPair,Q1,Text_harmful,0.3377273976802826,995
Reddit-S,44,pair,Text,Compatibility,Q1,Text_harmful,0.1922684758901596,995
Reddit-S,44,pair,Text,TextContext,Q1,Text_harmful,0.193522110581398,995
Reddit-S,44,pair,Text,VisualContext,Q1,Text_harmful,0.19273655116558075,995
Reddit-S,44,pair,Visual,TextPair,Q1,Text_harmful,0.3519253730773926,995
Reddit-S,44,pair,Visual,Compatibility,Q1,Text_harmful,0.15984219312667847,995
Reddit-S,44,pair,Visual,TextContext,Q1,Text_harmful,0.16144953668117523,995
Reddit-S,44,pair,Visual,VisualContext,Q1,Text_harmful,0.1610029637813568,995
Reddit-S,44,pair,Text,VisualPair,Q5,Text_beneficial,0.2954656481742859,7861
Reddit-S,44,pair,Text,Compatibility,Q5,Text_beneficial,0.19798724353313446,7861
Reddit-S,44,pair,Text,TextContext,Q5,Text_beneficial,0.1982193887233734,7861
Reddit-S,44,pair,Text,VisualContext,Q5,Text_beneficial,0.19802013039588928,7861
Reddit-S,44,pair,Visual,TextPair,Q5,Text_beneficial,0.458725243806839,7861
Reddit-S,44,pair,Visual,Compatibility,Q5,Text_beneficial,0.1405244618654251,7861
Reddit-S,44,pair,Visual,TextContext,Q5,Text_beneficial,0.14127154648303986,7861
Reddit-S,44,pair,Visual,VisualContext,Q5,Text_beneficial,0.14087232947349548,7861
Reddit-S,44,pair,Text,VisualPair,Q5,Text_harmful,0.3411809206008911,60
Reddit-S,44,pair,Text,Compatibility,Q5,Text_harmful,0.18265275657176971,60
Reddit-S,44,pair,Text,TextContext,Q5,Text_harmful,0.18487660586833954,60
Reddit-S,44,pair,Text,VisualContext,Q5,Text_harmful,0.18356211483478546,60
Reddit-S,44,pair,Visual,TextPair,Q5,Text_harmful,0.33947259187698364,60
Reddit-S,44,pair,Visual,Compatibility,Q5,Text_harmful,0.16383658349514008,60
Reddit-S,44,pair,Visual,TextContext,Q5,Text_harmful,0.16360251605510712,60
Reddit-S,44,pair,Visual,VisualContext,Q5,Text_harmful,0.1617833971977234,60
Reddit-S,44,pair,Text,VisualPair,Q1,Visual_beneficial,0.3573998510837555,6355
Reddit-S,44,pair,Text,Compatibility,Q1,Visual_beneficial,0.18347713351249695,6355
Reddit-S,44,pair,Text,TextContext,Q1,Visual_beneficial,0.18413135409355164,6355
Reddit-S,44,pair,Text,VisualContext,Q1,Visual_beneficial,0.1838269680738449,6355
Reddit-S,44,pair,Visual,TextPair,Q1,Visual_beneficial,0.4228227734565735,6355
Reddit-S,44,pair,Visual,Compatibility,Q1,Visual_beneficial,0.1444343775510788,6355
Reddit-S,44,pair,Visual,TextContext,Q1,Visual_beneficial,0.14582496881484985,6355
Reddit-S,44,pair,Visual,VisualContext,Q1,Visual_beneficial,0.14533023536205292,6355
Reddit-S,44,pair,Text,VisualPair,Q1,Visual_harmful,0.3734447658061981,1543
Reddit-S,44,pair,Text,Compatibility,Q1,Visual_harmful,0.17973943054676056,1543
Reddit-S,44,pair,Text,TextContext,Q1,Visual_harmful,0.18120792508125305,1543
Reddit-S,44,pair,Text,VisualContext,Q1,Visual_harmful,0.18008911609649658,1543
Reddit-S,44,pair,Visual,TextPair,Q1,Visual_harmful,0.3356805443763733,1543
Reddit-S,44,pair,Visual,Compatibility,Q1,Visual_harmful,0.1637926697731018,1543
Reddit-S,44,pair,Visual,TextContext,Q1,Visual_harmful,0.16575783491134644,1543
Reddit-S,44,pair,Visual,VisualContext,Q1,Visual_harmful,0.16490086913108826,1543
Reddit-S,44,pair,Text,VisualPair,Q5,Visual_beneficial,0.31686946749687195,7737
Reddit-S,44,pair,Text,Compatibility,Q5,Visual_beneficial,0.1955340951681137,7737
Reddit-S,44,pair,Text,TextContext,Q5,Visual_beneficial,0.19655810296535492,7737
Reddit-S,44,pair,Text,VisualContext,Q5,Visual_beneficial,0.19674691557884216,7737
Reddit-S,44,pair,Visual,TextPair,Q5,Visual_beneficial,0.34163790941238403,7737
Reddit-S,44,pair,Visual,Compatibility,Q5,Visual_beneficial,0.16236205399036407,7737
Reddit-S,44,pair,Visual,TextContext,Q5,Visual_beneficial,0.164632186293602,7737
Reddit-S,44,pair,Visual,VisualContext,Q5,Visual_beneficial,0.16464973986148834,7737
Reddit-S,44,pair,Text,VisualPair,Q5,Visual_harmful,0.4681285619735718,185
Reddit-S,44,pair,Text,Compatibility,Q5,Visual_harmful,0.14562173187732697,185
Reddit-S,44,pair,Text,TextContext,Q5,Visual_harmful,0.14574724435806274,185
Reddit-S,44,pair,Text,VisualContext,Q5,Visual_harmful,0.1452224999666214,185
Reddit-S,44,pair,Visual,TextPair,Q5,Visual_harmful,0.6843673586845398,185
Reddit-S,44,pair,Visual,Compatibility,Q5,Visual_harmful,0.08687993884086609,185
Reddit-S,44,pair,Visual,TextContext,Q5,Visual_harmful,0.0873497799038887,185
Reddit-S,44,pair,Visual,VisualContext,Q5,Visual_harmful,0.08776640146970749,185
Reddit-S,44,pair_compat,Text,VisualPair,all,all,0.3121025562286377,39613
Reddit-S,44,pair_compat,Text,Compatibility,all,all,0.16791073977947235,39613
Reddit-S,44,pair_compat,Text,TextContext,all,all,0.20255683362483978,39613
Reddit-S,44,pair_compat,Text,VisualContext,all,all,0.20211534202098846,39613
Reddit-S,44,pair_compat,Visual,TextPair,all,all,0.34659343957901,39613
Reddit-S,44,pair_compat,Visual,Compatibility,all,all,0.15764030814170837,39613
Reddit-S,44,pair_compat,Visual,TextContext,all,all,0.16576357185840607,39613
Reddit-S,44,pair_compat,Visual,VisualContext,all,all,0.1652502417564392,39613
Reddit-S,44,pair_compat,Text,VisualPair,Q1,Text_beneficial,0.3199106752872467,6870
Reddit-S,44,pair_compat,Text,Compatibility,Q1,Text_beneficial,0.1611316055059433,6870
Reddit-S,44,pair_compat,Text,TextContext,Q1,Text_beneficial,0.20377735793590546,6870
Reddit-S,44,pair_compat,Text,VisualContext,Q1,Text_beneficial,0.2031790167093277,6870
Reddit-S,44,pair_compat,Visual,TextPair,Q1,Text_beneficial,0.3118593692779541,6870
Reddit-S,44,pair_compat,Visual,Compatibility,Q1,Text_beneficial,0.16834832727909088,6870
Reddit-S,44,pair_compat,Visual,TextContext,Q1,Text_beneficial,0.1764499843120575,6870
Reddit-S,44,pair_compat,Visual,VisualContext,Q1,Text_beneficial,0.17596888542175293,6870
Reddit-S,44,pair_compat,Text,VisualPair,Q1,Text_harmful,0.31732553243637085,995
Reddit-S,44,pair_compat,Text,Compatibility,Q1,Text_harmful,0.166725292801857,995
Reddit-S,44,pair_compat,Text,TextContext,Q1,Text_harmful,0.20355232059955597,995
Reddit-S,44,pair_compat,Text,VisualContext,Q1,Text_harmful,0.2027447670698166,995
Reddit-S,44,pair_compat,Visual,TextPair,Q1,Text_harmful,0.28846925497055054,995
Reddit-S,44,pair_compat,Visual,Compatibility,Q1,Text_harmful,0.16881480813026428,995
Reddit-S,44,pair_compat,Visual,TextContext,Q1,Text_harmful,0.176273912191391,995
Reddit-S,44,pair_compat,Visual,VisualContext,Q1,Text_harmful,0.17558807134628296,995
Reddit-S,44,pair_compat,Text,VisualPair,Q5,Text_beneficial,0.29692065715789795,7861
Reddit-S,44,pair_compat,Text,Compatibility,Q5,Text_beneficial,0.18123865127563477,7861
Reddit-S,44,pair_compat,Text,TextContext,Q5,Text_beneficial,0.19927145540714264,7861
Reddit-S,44,pair_compat,Text,VisualContext,Q5,Text_beneficial,0.19875593483448029,7861
Reddit-S,44,pair_compat,Visual,TextPair,Q5,Text_beneficial,0.41832107305526733,7861
Reddit-S,44,pair_compat,Visual,Compatibility,Q5,Text_beneficial,0.14201706647872925,7861
Reddit-S,44,pair_compat,Visual,TextContext,Q5,Text_beneficial,0.1485864818096161,7861
Reddit-S,44,pair_compat,Visual,VisualContext,Q5,Text_beneficial,0.14806592464447021,7861
Reddit-S,44,pair_compat,Text,VisualPair,Q5,Text_harmful,0.3091145157814026,60
Reddit-S,44,pair_compat,Text,Compatibility,Q5,Text_harmful,0.15938714146614075,60
Reddit-S,44,pair_compat,Text,TextContext,Q5,Text_harmful,0.19161516427993774,60
Reddit-S,44,pair_compat,Text,VisualContext,Q5,Text_harmful,0.19021686911582947,60
Reddit-S,44,pair_compat,Visual,TextPair,Q5,Text_harmful,0.26902738213539124,60
Reddit-S,44,pair_compat,Visual,Compatibility,Q5,Text_harmful,0.17879493534564972,60
Reddit-S,44,pair_compat,Visual,TextContext,Q5,Text_harmful,0.17749236524105072,60
Reddit-S,44,pair_compat,Visual,VisualContext,Q5,Text_harmful,0.17558370530605316,60
Reddit-S,44,pair_compat,Text,VisualPair,Q1,Visual_beneficial,0.3358323872089386,6355
Reddit-S,44,pair_compat,Text,Compatibility,Q1,Visual_beneficial,0.16668672859668732,6355
Reddit-S,44,pair_compat,Text,TextContext,Q1,Visual_beneficial,0.1926935613155365,6355
Reddit-S,44,pair_compat,Text,VisualContext,Q1,Visual_beneficial,0.192243754863739,6355
Reddit-S,44,pair_compat,Visual,TextPair,Q1,Visual_beneficial,0.35563594102859497,6355
Reddit-S,44,pair_compat,Visual,Compatibility,Q1,Visual_beneficial,0.15272273123264313,6355
Reddit-S,44,pair_compat,Visual,TextContext,Q1,Visual_beneficial,0.16112704575061798,6355
Reddit-S,44,pair_compat,Visual,VisualContext,Q1,Visual_beneficial,0.16043907403945923,6355
Reddit-S,44,pair_compat,Text,VisualPair,Q1,Visual_harmful,0.34080472588539124,1543
Reddit-S,44,pair_compat,Text,Compatibility,Q1,Visual_harmful,0.16258087754249573,1543
Reddit-S,44,pair_compat,Text,TextContext,Q1,Visual_harmful,0.19053031504154205,1543
Reddit-S,44,pair_compat,Text,VisualContext,Q1,Visual_harmful,0.18948593735694885,1543
Reddit-S,44,pair_compat,Visual,TextPair,Q1,Visual_harmful,0.258413702249527,1543
Reddit-S,44,pair_compat,Visual,Compatibility,Q1,Visual_harmful,0.1774129867553711,1543
Reddit-S,44,pair_compat,Visual,TextContext,Q1,Visual_harmful,0.1823805570602417,1543
Reddit-S,44,pair_compat,Visual,VisualContext,Q1,Visual_harmful,0.18105654418468475,1543
Reddit-S,44,pair_compat,Text,VisualPair,Q5,Visual_beneficial,0.2998587191104889,7737
Reddit-S,44,pair_compat,Text,Compatibility,Q5,Visual_beneficial,0.16652663052082062,7737
Reddit-S,44,pair_compat,Text,TextContext,Q5,Visual_beneficial,0.2077435404062271,7737
Reddit-S,44,pair_compat,Text,VisualContext,Q5,Visual_beneficial,0.20782463252544403,7737
Reddit-S,44,pair_compat,Visual,TextPair,Q5,Visual_beneficial,0.30556753277778625,7737
Reddit-S,44,pair_compat,Visual,Compatibility,Q5,Visual_beneficial,0.16618958115577698,7737
Reddit-S,44,pair_compat,Visual,TextContext,Q5,Visual_beneficial,0.1776224821805954,7737
Reddit-S,44,pair_compat,Visual,VisualContext,Q5,Visual_beneficial,0.17762801051139832,7737
Reddit-S,44,pair_compat,Text,VisualPair,Q5,Visual_harmful,0.44448229670524597,185
Reddit-S,44,pair_compat,Text,Compatibility,Q5,Visual_harmful,0.13331639766693115,185
Reddit-S,44,pair_compat,Text,TextContext,Q5,Visual_harmful,0.15527522563934326,185
Reddit-S,44,pair_compat,Text,VisualContext,Q5,Visual_harmful,0.15488331019878387,185
Reddit-S,44,pair_compat,Visual,TextPair,Q5,Visual_harmful,0.6207079291343689,185
Reddit-S,44,pair_compat,Visual,Compatibility,Q5,Visual_harmful,0.10630878806114197,185
Reddit-S,44,pair_compat,Visual,TextContext,Q5,Visual_harmful,0.10245435684919357,185
Reddit-S,44,pair_compat,Visual,VisualContext,Q5,Visual_harmful,0.10294172912836075,185
Reddit-S,44,pair_compat_context,Text,VisualPair,all,all,0.2613731324672699,39613
Reddit-S,44,pair_compat_context,Text,Compatibility,all,all,0.1800825446844101,39613
Reddit-S,44,pair_compat_context,Text,TextContext,all,all,0.2129468321800232,39613
Reddit-S,44,pair_compat_context,Text,VisualContext,all,all,0.24251776933670044,39613
Reddit-S,44,pair_compat_context,Visual,TextPair,all,all,0.31425318121910095,39613
Reddit-S,44,pair_compat_context,Visual,Compatibility,all,all,0.1673147827386856,39613
Reddit-S,44,pair_compat_context,Visual,TextContext,all,all,0.1748427450656891,39613
Reddit-S,44,pair_compat_context,Visual,VisualContext,all,all,0.17758585512638092,39613
Reddit-S,44,pair_compat_context,Text,VisualPair,Q1,Text_beneficial,0.28080853819847107,6870
Reddit-S,44,pair_compat_context,Text,Compatibility,Q1,Text_beneficial,0.17341341078281403,6870
Reddit-S,44,pair_compat_context,Text,TextContext,Q1,Text_beneficial,0.2069733887910843,6870
Reddit-S,44,pair_compat_context,Text,VisualContext,Q1,Text_beneficial,0.24374470114707947,6870
Reddit-S,44,pair_compat_context,Visual,TextPair,Q1,Text_beneficial,0.29522550106048584,6870
Reddit-S,44,pair_compat_context,Visual,Compatibility,Q1,Text_beneficial,0.172932967543602,6870
Reddit-S,44,pair_compat_context,Visual,TextContext,Q1,Text_beneficial,0.17853964865207672,6870
Reddit-S,44,pair_compat_context,Visual,VisualContext,Q1,Text_beneficial,0.18447206914424896,6870
Reddit-S,44,pair_compat_context,Text,VisualPair,Q1,Text_harmful,0.3043525218963623,995
Reddit-S,44,pair_compat_context,Text,Compatibility,Q1,Text_harmful,0.17242415249347687,995
Reddit-S,44,pair_compat_context,Text,TextContext,Q1,Text_harmful,0.19963207840919495,995
Reddit-S,44,pair_compat_context,Text,VisualContext,Q1,Text_harmful,0.23200109601020813,995
Reddit-S,44,pair_compat_context,Visual,TextPair,Q1,Text_harmful,0.27272555232048035,995
Reddit-S,44,pair_compat_context,Visual,Compatibility,Q1,Text_harmful,0.17507517337799072,995
Reddit-S,44,pair_compat_context,Visual,TextContext,Q1,Text_harmful,0.1832200288772583,995
Reddit-S,44,pair_compat_context,Visual,VisualContext,Q1,Text_harmful,0.17975403368473053,995
Reddit-S,44,pair_compat_context,Text,VisualPair,Q5,Text_beneficial,0.22955769300460815,7861
Reddit-S,44,pair_compat_context,Text,Compatibility,Q5,Text_beneficial,0.19041766226291656,7861
Reddit-S,44,pair_compat_context,Text,TextContext,Q5,Text_beneficial,0.2203732281923294,7861
Reddit-S,44,pair_compat_context,Text,VisualContext,Q5,Text_beneficial,0.23743098974227905,7861
Reddit-S,44,pair_compat_context,Visual,TextPair,Q5,Text_beneficial,0.3520248532295227,7861
Reddit-S,44,pair_compat_context,Visual,Compatibility,Q5,Text_beneficial,0.1644088476896286,7861
Reddit-S,44,pair_compat_context,Visual,TextContext,Q5,Text_beneficial,0.1685454249382019,7861
Reddit-S,44,pair_compat_context,Visual,VisualContext,Q5,Text_beneficial,0.1650317758321762,7861
Reddit-S,44,pair_compat_context,Text,VisualPair,Q5,Text_harmful,0.3195711672306061,60
Reddit-S,44,pair_compat_context,Text,Compatibility,Q5,Text_harmful,0.16977308690547943,60
Reddit-S,44,pair_compat_context,Text,TextContext,Q5,Text_harmful,0.19713516533374786,60
Reddit-S,44,pair_compat_context,Text,VisualContext,Q5,Text_harmful,0.19348786771297455,60
Reddit-S,44,pair_compat_context,Visual,TextPair,Q5,Text_harmful,0.2434147447347641,60
Reddit-S,44,pair_compat_context,Visual,Compatibility,Q5,Text_harmful,0.1892705261707306,60
Reddit-S,44,pair_compat_context,Visual,TextContext,Q5,Text_harmful,0.1877518743276596,60
Reddit-S,44,pair_compat_context,Visual,VisualContext,Q5,Text_harmful,0.16694921255111694,60
Reddit-S,44,pair_compat_context,Text,VisualPair,Q1,Visual_beneficial,0.2896115481853485,6355
Reddit-S,44,pair_compat_context,Text,Compatibility,Q1,Visual_beneficial,0.17598100006580353,6355
Reddit-S,44,pair_compat_context,Text,TextContext,Q1,Visual_beneficial,0.20047368109226227,6355
Reddit-S,44,pair_compat_context,Text,VisualContext,Q1,Visual_beneficial,0.23427118360996246,6355
Reddit-S,44,pair_compat_context,Visual,TextPair,Q1,Visual_beneficial,0.31691935658454895,6355
Reddit-S,44,pair_compat_context,Visual,Compatibility,Q1,Visual_beneficial,0.16505734622478485,6355
Reddit-S,44,pair_compat_context,Visual,TextContext,Q1,Visual_beneficial,0.17616792023181915,6355
Reddit-S,44,pair_compat_context,Visual,VisualContext,Q1,Visual_beneficial,0.170948326587677,6355
Reddit-S,44,pair_compat_context,Text,VisualPair,Q1,Visual_harmful,0.3508630394935608,1543
Reddit-S,44,pair_compat_context,Text,Compatibility,Q1,Visual_harmful,0.1680850386619568,1543
Reddit-S,44,pair_compat_context,Text,TextContext,Q1,Visual_harmful,0.1816205233335495,1543
Reddit-S,44,pair_compat_context,Text,VisualContext,Q1,Visual_harmful,0.20968329906463623,1543
Reddit-S,44,pair_compat_context,Visual,TextPair,Q1,Visual_harmful,0.25433602929115295,1543
Reddit-S,44,pair_compat_context,Visual,Compatibility,Q1,Visual_harmful,0.1841810643672943,1543
Reddit-S,44,pair_compat_context,Visual,TextContext,Q1,Visual_harmful,0.19482365250587463,1543
Reddit-S,44,pair_compat_context,Visual,VisualContext,Q1,Visual_harmful,0.17369569838047028,1543
Reddit-S,44,pair_compat_context,Text,VisualPair,Q5,Visual_beneficial,0.25460928678512573,7737
Reddit-S,44,pair_compat_context,Text,Compatibility,Q5,Visual_beneficial,0.17562709748744965,7737
Reddit-S,44,pair_compat_context,Text,TextContext,Q5,Visual_beneficial,0.2100527584552765,7737
Reddit-S,44,pair_compat_context,Text,VisualContext,Q5,Visual_beneficial,0.2587103247642517,7737
Reddit-S,44,pair_compat_context,Visual,TextPair,Q5,Visual_beneficial,0.290966659784317,7737
Reddit-S,44,pair_compat_context,Visual,Compatibility,Q5,Visual_beneficial,0.16875752806663513,7737
Reddit-S,44,pair_compat_context,Visual,TextContext,Q5,Visual_beneficial,0.17185795307159424,7737
Reddit-S,44,pair_compat_context,Visual,VisualContext,Q5,Visual_beneficial,0.19443456828594208,7737
Reddit-S,44,pair_compat_context,Text,VisualPair,Q5,Visual_harmful,0.28905612230300903,185
Reddit-S,44,pair_compat_context,Text,Compatibility,Q5,Visual_harmful,0.16464118659496307,185
Reddit-S,44,pair_compat_context,Text,TextContext,Q5,Visual_harmful,0.19874227046966553,185
Reddit-S,44,pair_compat_context,Text,VisualContext,Q5,Visual_harmful,0.22726820409297943,185
Reddit-S,44,pair_compat_context,Visual,TextPair,Q5,Visual_harmful,0.5280845165252686,185
Reddit-S,44,pair_compat_context,Visual,Compatibility,Q5,Visual_harmful,0.1296323835849762,185
Reddit-S,44,pair_compat_context,Visual,TextContext,Q5,Visual_harmful,0.14057639241218567,185
Reddit-S,44,pair_compat_context,Visual,VisualContext,Q5,Visual_harmful,0.1215684711933136,185
